

================================================================
== Vitis HLS Report for 'sa_reset'
================================================================
* Date:           Thu Aug 20 13:57:52 2026

* Version:        2023.2 (Build 4023990 on Oct 11 2023)
* Project:        mxm_execute_ursa
* Solution:       hls (Vivado IP Flow Target)
* Product family: zynq
* Target device:  xc7z020-clg484-1


================================================================
== Performance Estimates
================================================================
+ Timing: 
    * Summary: 
    +--------+----------+----------+------------+
    |  Clock |  Target  | Estimated| Uncertainty|
    +--------+----------+----------+------------+
    |ap_clk  |  10.00 ns|      0 ns|     2.70 ns|
    +--------+----------+----------+------------+

+ Latency: 
    * Summary: 
    +---------+---------+----------+----------+-----+-----+---------+
    |  Latency (cycles) |  Latency (absolute) |  Interval | Pipeline|
    |   min   |   max   |    min   |    max   | min | max |   Type  |
    +---------+---------+----------+----------+-----+-----+---------+
    |        0|        0|      0 ns|      0 ns|    1|    1|      yes|
    +---------+---------+----------+----------+-----+-----+---------+

    + Detail: 
        * Instance: 
        N/A

        * Loop: 
        N/A



================================================================
== Utilization Estimates
================================================================
* Summary: 
+-----------------+---------+-----+--------+-------+-----+
|       Name      | BRAM_18K| DSP |   FF   |  LUT  | URAM|
+-----------------+---------+-----+--------+-------+-----+
|DSP              |        -|    -|       -|      -|    -|
|Expression       |        -|    -|       -|      -|    -|
|FIFO             |        -|    -|       -|      -|    -|
|Instance         |        -|    -|       -|      -|    -|
|Memory           |        -|    -|       -|      -|    -|
|Multiplexer      |        -|    -|       -|      -|    -|
|Register         |        -|    -|       -|      -|    -|
+-----------------+---------+-----+--------+-------+-----+
|Total            |        0|    0|       0|      0|    0|
+-----------------+---------+-----+--------+-------+-----+
|Available        |      280|  220|  106400|  53200|    0|
+-----------------+---------+-----+--------+-------+-----+
|Utilization (%)  |        0|    0|       0|      0|    0|
+-----------------+---------+-----+--------+-------+-----+

+ Detail: 
    * Instance: 
    N/A

    * DSP: 
    N/A

    * Memory: 
    N/A

    * FIFO: 
    N/A

    * Expression: 
    N/A

    * Multiplexer: 
    N/A

    * Register: 
    N/A



================================================================
== Interface
================================================================
* Summary: 
+--------------------------------------------------------------------------------------+-----+-----+------------+-------------------------------------------------------------------------------+--------------+
|                                       RTL Ports                                      | Dir | Bits|  Protocol  |                                 Source Object                                 |    C Type    |
+--------------------------------------------------------------------------------------+-----+-----+------------+-------------------------------------------------------------------------------+--------------+
|ap_ready                                                                              |  out|    1|  ap_ctrl_hs|                                                                       sa_reset|  return value|
|mxm_execute_ursa_signed_char_unsigned_short_unsigned_char_unsigned_short_i_63         |  out|   20|      ap_vld|  mxm_execute_ursa_signed_char_unsigned_short_unsigned_char_unsigned_short_i_63|       pointer|
|mxm_execute_ursa_signed_char_unsigned_short_unsigned_char_unsigned_short_i_63_ap_vld  |  out|    1|      ap_vld|  mxm_execute_ursa_signed_char_unsigned_short_unsigned_char_unsigned_short_i_63|       pointer|
|mxm_execute_ursa_signed_char_unsigned_short_unsigned_char_unsigned_short_i_62         |  out|   20|      ap_vld|  mxm_execute_ursa_signed_char_unsigned_short_unsigned_char_unsigned_short_i_62|       pointer|
|mxm_execute_ursa_signed_char_unsigned_short_unsigned_char_unsigned_short_i_62_ap_vld  |  out|    1|      ap_vld|  mxm_execute_ursa_signed_char_unsigned_short_unsigned_char_unsigned_short_i_62|       pointer|
|mxm_execute_ursa_signed_char_unsigned_short_unsigned_char_unsigned_short_i_61         |  out|   20|      ap_vld|  mxm_execute_ursa_signed_char_unsigned_short_unsigned_char_unsigned_short_i_61|       pointer|
|mxm_execute_ursa_signed_char_unsigned_short_unsigned_char_unsigned_short_i_61_ap_vld  |  out|    1|      ap_vld|  mxm_execute_ursa_signed_char_unsigned_short_unsigned_char_unsigned_short_i_61|       pointer|
|mxm_execute_ursa_signed_char_unsigned_short_unsigned_char_unsigned_short_i_60         |  out|   20|      ap_vld|  mxm_execute_ursa_signed_char_unsigned_short_unsigned_char_unsigned_short_i_60|       pointer|
|mxm_execute_ursa_signed_char_unsigned_short_unsigned_char_unsigned_short_i_60_ap_vld  |  out|    1|      ap_vld|  mxm_execute_ursa_signed_char_unsigned_short_unsigned_char_unsigned_short_i_60|       pointer|
|mxm_execute_ursa_signed_char_unsigned_short_unsigned_char_unsigned_short_i_59         |  out|   20|      ap_vld|  mxm_execute_ursa_signed_char_unsigned_short_unsigned_char_unsigned_short_i_59|       pointer|
|mxm_execute_ursa_signed_char_unsigned_short_unsigned_char_unsigned_short_i_59_ap_vld  |  out|    1|      ap_vld|  mxm_execute_ursa_signed_char_unsigned_short_unsigned_char_unsigned_short_i_59|       pointer|
|mxm_execute_ursa_signed_char_unsigned_short_unsigned_char_unsigned_short_i_58         |  out|   20|      ap_vld|  mxm_execute_ursa_signed_char_unsigned_short_unsigned_char_unsigned_short_i_58|       pointer|
|mxm_execute_ursa_signed_char_unsigned_short_unsigned_char_unsigned_short_i_58_ap_vld  |  out|    1|      ap_vld|  mxm_execute_ursa_signed_char_unsigned_short_unsigned_char_unsigned_short_i_58|       pointer|
|mxm_execute_ursa_signed_char_unsigned_short_unsigned_char_unsigned_short_i_57         |  out|   20|      ap_vld|  mxm_execute_ursa_signed_char_unsigned_short_unsigned_char_unsigned_short_i_57|       pointer|
|mxm_execute_ursa_signed_char_unsigned_short_unsigned_char_unsigned_short_i_57_ap_vld  |  out|    1|      ap_vld|  mxm_execute_ursa_signed_char_unsigned_short_unsigned_char_unsigned_short_i_57|       pointer|
|mxm_execute_ursa_signed_char_unsigned_short_unsigned_char_unsigned_short_i_56         |  out|   20|      ap_vld|  mxm_execute_ursa_signed_char_unsigned_short_unsigned_char_unsigned_short_i_56|       pointer|
|mxm_execute_ursa_signed_char_unsigned_short_unsigned_char_unsigned_short_i_56_ap_vld  |  out|    1|      ap_vld|  mxm_execute_ursa_signed_char_unsigned_short_unsigned_char_unsigned_short_i_56|       pointer|
|mxm_execute_ursa_signed_char_unsigned_short_unsigned_char_unsigned_short_i_55         |  out|   20|      ap_vld|  mxm_execute_ursa_signed_char_unsigned_short_unsigned_char_unsigned_short_i_55|       pointer|
|mxm_execute_ursa_signed_char_unsigned_short_unsigned_char_unsigned_short_i_55_ap_vld  |  out|    1|      ap_vld|  mxm_execute_ursa_signed_char_unsigned_short_unsigned_char_unsigned_short_i_55|       pointer|
|mxm_execute_ursa_signed_char_unsigned_short_unsigned_char_unsigned_short_i_54         |  out|   20|      ap_vld|  mxm_execute_ursa_signed_char_unsigned_short_unsigned_char_unsigned_short_i_54|       pointer|
|mxm_execute_ursa_signed_char_unsigned_short_unsigned_char_unsigned_short_i_54_ap_vld  |  out|    1|      ap_vld|  mxm_execute_ursa_signed_char_unsigned_short_unsigned_char_unsigned_short_i_54|       pointer|
|mxm_execute_ursa_signed_char_unsigned_short_unsigned_char_unsigned_short_i_53         |  out|   20|      ap_vld|  mxm_execute_ursa_signed_char_unsigned_short_unsigned_char_unsigned_short_i_53|       pointer|
|mxm_execute_ursa_signed_char_unsigned_short_unsigned_char_unsigned_short_i_53_ap_vld  |  out|    1|      ap_vld|  mxm_execute_ursa_signed_char_unsigned_short_unsigned_char_unsigned_short_i_53|       pointer|
|mxm_execute_ursa_signed_char_unsigned_short_unsigned_char_unsigned_short_i_52         |  out|   20|      ap_vld|  mxm_execute_ursa_signed_char_unsigned_short_unsigned_char_unsigned_short_i_52|       pointer|
|mxm_execute_ursa_signed_char_unsigned_short_unsigned_char_unsigned_short_i_52_ap_vld  |  out|    1|      ap_vld|  mxm_execute_ursa_signed_char_unsigned_short_unsigned_char_unsigned_short_i_52|       pointer|
|mxm_execute_ursa_signed_char_unsigned_short_unsigned_char_unsigned_short_i_51         |  out|   20|      ap_vld|  mxm_execute_ursa_signed_char_unsigned_short_unsigned_char_unsigned_short_i_51|       pointer|
|mxm_execute_ursa_signed_char_unsigned_short_unsigned_char_unsigned_short_i_51_ap_vld  |  out|    1|      ap_vld|  mxm_execute_ursa_signed_char_unsigned_short_unsigned_char_unsigned_short_i_51|       pointer|
|mxm_execute_ursa_signed_char_unsigned_short_unsigned_char_unsigned_short_i_50         |  out|   20|      ap_vld|  mxm_execute_ursa_signed_char_unsigned_short_unsigned_char_unsigned_short_i_50|       pointer|
|mxm_execute_ursa_signed_char_unsigned_short_unsigned_char_unsigned_short_i_50_ap_vld  |  out|    1|      ap_vld|  mxm_execute_ursa_signed_char_unsigned_short_unsigned_char_unsigned_short_i_50|       pointer|
|mxm_execute_ursa_signed_char_unsigned_short_unsigned_char_unsigned_short_i_49         |  out|   20|      ap_vld|  mxm_execute_ursa_signed_char_unsigned_short_unsigned_char_unsigned_short_i_49|       pointer|
|mxm_execute_ursa_signed_char_unsigned_short_unsigned_char_unsigned_short_i_49_ap_vld  |  out|    1|      ap_vld|  mxm_execute_ursa_signed_char_unsigned_short_unsigned_char_unsigned_short_i_49|       pointer|
|mxm_execute_ursa_signed_char_unsigned_short_unsigned_char_unsigned_short_i_48         |  out|   20|      ap_vld|  mxm_execute_ursa_signed_char_unsigned_short_unsigned_char_unsigned_short_i_48|       pointer|
|mxm_execute_ursa_signed_char_unsigned_short_unsigned_char_unsigned_short_i_48_ap_vld  |  out|    1|      ap_vld|  mxm_execute_ursa_signed_char_unsigned_short_unsigned_char_unsigned_short_i_48|       pointer|
|mxm_execute_ursa_signed_char_unsigned_short_unsigned_char_unsigned_short_i_47         |  out|   20|      ap_vld|  mxm_execute_ursa_signed_char_unsigned_short_unsigned_char_unsigned_short_i_47|       pointer|
|mxm_execute_ursa_signed_char_unsigned_short_unsigned_char_unsigned_short_i_47_ap_vld  |  out|    1|      ap_vld|  mxm_execute_ursa_signed_char_unsigned_short_unsigned_char_unsigned_short_i_47|       pointer|
|mxm_execute_ursa_signed_char_unsigned_short_unsigned_char_unsigned_short_i_46         |  out|   20|      ap_vld|  mxm_execute_ursa_signed_char_unsigned_short_unsigned_char_unsigned_short_i_46|       pointer|
|mxm_execute_ursa_signed_char_unsigned_short_unsigned_char_unsigned_short_i_46_ap_vld  |  out|    1|      ap_vld|  mxm_execute_ursa_signed_char_unsigned_short_unsigned_char_unsigned_short_i_46|       pointer|
|mxm_execute_ursa_signed_char_unsigned_short_unsigned_char_unsigned_short_i_45         |  out|   20|      ap_vld|  mxm_execute_ursa_signed_char_unsigned_short_unsigned_char_unsigned_short_i_45|       pointer|
|mxm_execute_ursa_signed_char_unsigned_short_unsigned_char_unsigned_short_i_45_ap_vld  |  out|    1|      ap_vld|  mxm_execute_ursa_signed_char_unsigned_short_unsigned_char_unsigned_short_i_45|       pointer|
|mxm_execute_ursa_signed_char_unsigned_short_unsigned_char_unsigned_short_i_44         |  out|   20|      ap_vld|  mxm_execute_ursa_signed_char_unsigned_short_unsigned_char_unsigned_short_i_44|       pointer|
|mxm_execute_ursa_signed_char_unsigned_short_unsigned_char_unsigned_short_i_44_ap_vld  |  out|    1|      ap_vld|  mxm_execute_ursa_signed_char_unsigned_short_unsigned_char_unsigned_short_i_44|       pointer|
|mxm_execute_ursa_signed_char_unsigned_short_unsigned_char_unsigned_short_i_43         |  out|   20|      ap_vld|  mxm_execute_ursa_signed_char_unsigned_short_unsigned_char_unsigned_short_i_43|       pointer|
|mxm_execute_ursa_signed_char_unsigned_short_unsigned_char_unsigned_short_i_43_ap_vld  |  out|    1|      ap_vld|  mxm_execute_ursa_signed_char_unsigned_short_unsigned_char_unsigned_short_i_43|       pointer|
|mxm_execute_ursa_signed_char_unsigned_short_unsigned_char_unsigned_short_i_42         |  out|   20|      ap_vld|  mxm_execute_ursa_signed_char_unsigned_short_unsigned_char_unsigned_short_i_42|       pointer|
|mxm_execute_ursa_signed_char_unsigned_short_unsigned_char_unsigned_short_i_42_ap_vld  |  out|    1|      ap_vld|  mxm_execute_ursa_signed_char_unsigned_short_unsigned_char_unsigned_short_i_42|       pointer|
|mxm_execute_ursa_signed_char_unsigned_short_unsigned_char_unsigned_short_i_41         |  out|   20|      ap_vld|  mxm_execute_ursa_signed_char_unsigned_short_unsigned_char_unsigned_short_i_41|       pointer|
|mxm_execute_ursa_signed_char_unsigned_short_unsigned_char_unsigned_short_i_41_ap_vld  |  out|    1|      ap_vld|  mxm_execute_ursa_signed_char_unsigned_short_unsigned_char_unsigned_short_i_41|       pointer|
|mxm_execute_ursa_signed_char_unsigned_short_unsigned_char_unsigned_short_i_40         |  out|   20|      ap_vld|  mxm_execute_ursa_signed_char_unsigned_short_unsigned_char_unsigned_short_i_40|       pointer|
|mxm_execute_ursa_signed_char_unsigned_short_unsigned_char_unsigned_short_i_40_ap_vld  |  out|    1|      ap_vld|  mxm_execute_ursa_signed_char_unsigned_short_unsigned_char_unsigned_short_i_40|       pointer|
|mxm_execute_ursa_signed_char_unsigned_short_unsigned_char_unsigned_short_i_39         |  out|   20|      ap_vld|  mxm_execute_ursa_signed_char_unsigned_short_unsigned_char_unsigned_short_i_39|       pointer|
|mxm_execute_ursa_signed_char_unsigned_short_unsigned_char_unsigned_short_i_39_ap_vld  |  out|    1|      ap_vld|  mxm_execute_ursa_signed_char_unsigned_short_unsigned_char_unsigned_short_i_39|       pointer|
|mxm_execute_ursa_signed_char_unsigned_short_unsigned_char_unsigned_short_i_38         |  out|   20|      ap_vld|  mxm_execute_ursa_signed_char_unsigned_short_unsigned_char_unsigned_short_i_38|       pointer|
|mxm_execute_ursa_signed_char_unsigned_short_unsigned_char_unsigned_short_i_38_ap_vld  |  out|    1|      ap_vld|  mxm_execute_ursa_signed_char_unsigned_short_unsigned_char_unsigned_short_i_38|       pointer|
|mxm_execute_ursa_signed_char_unsigned_short_unsigned_char_unsigned_short_i_37         |  out|   20|      ap_vld|  mxm_execute_ursa_signed_char_unsigned_short_unsigned_char_unsigned_short_i_37|       pointer|
|mxm_execute_ursa_signed_char_unsigned_short_unsigned_char_unsigned_short_i_37_ap_vld  |  out|    1|      ap_vld|  mxm_execute_ursa_signed_char_unsigned_short_unsigned_char_unsigned_short_i_37|       pointer|
|mxm_execute_ursa_signed_char_unsigned_short_unsigned_char_unsigned_short_i_36         |  out|   20|      ap_vld|  mxm_execute_ursa_signed_char_unsigned_short_unsigned_char_unsigned_short_i_36|       pointer|
|mxm_execute_ursa_signed_char_unsigned_short_unsigned_char_unsigned_short_i_36_ap_vld  |  out|    1|      ap_vld|  mxm_execute_ursa_signed_char_unsigned_short_unsigned_char_unsigned_short_i_36|       pointer|
|mxm_execute_ursa_signed_char_unsigned_short_unsigned_char_unsigned_short_i_35         |  out|   20|      ap_vld|  mxm_execute_ursa_signed_char_unsigned_short_unsigned_char_unsigned_short_i_35|       pointer|
|mxm_execute_ursa_signed_char_unsigned_short_unsigned_char_unsigned_short_i_35_ap_vld  |  out|    1|      ap_vld|  mxm_execute_ursa_signed_char_unsigned_short_unsigned_char_unsigned_short_i_35|       pointer|
|mxm_execute_ursa_signed_char_unsigned_short_unsigned_char_unsigned_short_i_34         |  out|   20|      ap_vld|  mxm_execute_ursa_signed_char_unsigned_short_unsigned_char_unsigned_short_i_34|       pointer|
|mxm_execute_ursa_signed_char_unsigned_short_unsigned_char_unsigned_short_i_34_ap_vld  |  out|    1|      ap_vld|  mxm_execute_ursa_signed_char_unsigned_short_unsigned_char_unsigned_short_i_34|       pointer|
|mxm_execute_ursa_signed_char_unsigned_short_unsigned_char_unsigned_short_i_33         |  out|   20|      ap_vld|  mxm_execute_ursa_signed_char_unsigned_short_unsigned_char_unsigned_short_i_33|       pointer|
|mxm_execute_ursa_signed_char_unsigned_short_unsigned_char_unsigned_short_i_33_ap_vld  |  out|    1|      ap_vld|  mxm_execute_ursa_signed_char_unsigned_short_unsigned_char_unsigned_short_i_33|       pointer|
|mxm_execute_ursa_signed_char_unsigned_short_unsigned_char_unsigned_short_i_32         |  out|   20|      ap_vld|  mxm_execute_ursa_signed_char_unsigned_short_unsigned_char_unsigned_short_i_32|       pointer|
|mxm_execute_ursa_signed_char_unsigned_short_unsigned_char_unsigned_short_i_32_ap_vld  |  out|    1|      ap_vld|  mxm_execute_ursa_signed_char_unsigned_short_unsigned_char_unsigned_short_i_32|       pointer|
|mxm_execute_ursa_signed_char_unsigned_short_unsigned_char_unsigned_short_i_31         |  out|   20|      ap_vld|  mxm_execute_ursa_signed_char_unsigned_short_unsigned_char_unsigned_short_i_31|       pointer|
|mxm_execute_ursa_signed_char_unsigned_short_unsigned_char_unsigned_short_i_31_ap_vld  |  out|    1|      ap_vld|  mxm_execute_ursa_signed_char_unsigned_short_unsigned_char_unsigned_short_i_31|       pointer|
|mxm_execute_ursa_signed_char_unsigned_short_unsigned_char_unsigned_short_i_30         |  out|   20|      ap_vld|  mxm_execute_ursa_signed_char_unsigned_short_unsigned_char_unsigned_short_i_30|       pointer|
|mxm_execute_ursa_signed_char_unsigned_short_unsigned_char_unsigned_short_i_30_ap_vld  |  out|    1|      ap_vld|  mxm_execute_ursa_signed_char_unsigned_short_unsigned_char_unsigned_short_i_30|       pointer|
|mxm_execute_ursa_signed_char_unsigned_short_unsigned_char_unsigned_short_i_29         |  out|   20|      ap_vld|  mxm_execute_ursa_signed_char_unsigned_short_unsigned_char_unsigned_short_i_29|       pointer|
|mxm_execute_ursa_signed_char_unsigned_short_unsigned_char_unsigned_short_i_29_ap_vld  |  out|    1|      ap_vld|  mxm_execute_ursa_signed_char_unsigned_short_unsigned_char_unsigned_short_i_29|       pointer|
|mxm_execute_ursa_signed_char_unsigned_short_unsigned_char_unsigned_short_i_28         |  out|   20|      ap_vld|  mxm_execute_ursa_signed_char_unsigned_short_unsigned_char_unsigned_short_i_28|       pointer|
|mxm_execute_ursa_signed_char_unsigned_short_unsigned_char_unsigned_short_i_28_ap_vld  |  out|    1|      ap_vld|  mxm_execute_ursa_signed_char_unsigned_short_unsigned_char_unsigned_short_i_28|       pointer|
|mxm_execute_ursa_signed_char_unsigned_short_unsigned_char_unsigned_short_i_27         |  out|   20|      ap_vld|  mxm_execute_ursa_signed_char_unsigned_short_unsigned_char_unsigned_short_i_27|       pointer|
|mxm_execute_ursa_signed_char_unsigned_short_unsigned_char_unsigned_short_i_27_ap_vld  |  out|    1|      ap_vld|  mxm_execute_ursa_signed_char_unsigned_short_unsigned_char_unsigned_short_i_27|       pointer|
|mxm_execute_ursa_signed_char_unsigned_short_unsigned_char_unsigned_short_i_26         |  out|   20|      ap_vld|  mxm_execute_ursa_signed_char_unsigned_short_unsigned_char_unsigned_short_i_26|       pointer|
|mxm_execute_ursa_signed_char_unsigned_short_unsigned_char_unsigned_short_i_26_ap_vld  |  out|    1|      ap_vld|  mxm_execute_ursa_signed_char_unsigned_short_unsigned_char_unsigned_short_i_26|       pointer|
|mxm_execute_ursa_signed_char_unsigned_short_unsigned_char_unsigned_short_i_25         |  out|   20|      ap_vld|  mxm_execute_ursa_signed_char_unsigned_short_unsigned_char_unsigned_short_i_25|       pointer|
|mxm_execute_ursa_signed_char_unsigned_short_unsigned_char_unsigned_short_i_25_ap_vld  |  out|    1|      ap_vld|  mxm_execute_ursa_signed_char_unsigned_short_unsigned_char_unsigned_short_i_25|       pointer|
|mxm_execute_ursa_signed_char_unsigned_short_unsigned_char_unsigned_short_i_24         |  out|   20|      ap_vld|  mxm_execute_ursa_signed_char_unsigned_short_unsigned_char_unsigned_short_i_24|       pointer|
|mxm_execute_ursa_signed_char_unsigned_short_unsigned_char_unsigned_short_i_24_ap_vld  |  out|    1|      ap_vld|  mxm_execute_ursa_signed_char_unsigned_short_unsigned_char_unsigned_short_i_24|       pointer|
|mxm_execute_ursa_signed_char_unsigned_short_unsigned_char_unsigned_short_i_23         |  out|   20|      ap_vld|  mxm_execute_ursa_signed_char_unsigned_short_unsigned_char_unsigned_short_i_23|       pointer|
|mxm_execute_ursa_signed_char_unsigned_short_unsigned_char_unsigned_short_i_23_ap_vld  |  out|    1|      ap_vld|  mxm_execute_ursa_signed_char_unsigned_short_unsigned_char_unsigned_short_i_23|       pointer|
|mxm_execute_ursa_signed_char_unsigned_short_unsigned_char_unsigned_short_i_22         |  out|   20|      ap_vld|  mxm_execute_ursa_signed_char_unsigned_short_unsigned_char_unsigned_short_i_22|       pointer|
|mxm_execute_ursa_signed_char_unsigned_short_unsigned_char_unsigned_short_i_22_ap_vld  |  out|    1|      ap_vld|  mxm_execute_ursa_signed_char_unsigned_short_unsigned_char_unsigned_short_i_22|       pointer|
|mxm_execute_ursa_signed_char_unsigned_short_unsigned_char_unsigned_short_i_21         |  out|   20|      ap_vld|  mxm_execute_ursa_signed_char_unsigned_short_unsigned_char_unsigned_short_i_21|       pointer|
|mxm_execute_ursa_signed_char_unsigned_short_unsigned_char_unsigned_short_i_21_ap_vld  |  out|    1|      ap_vld|  mxm_execute_ursa_signed_char_unsigned_short_unsigned_char_unsigned_short_i_21|       pointer|
|mxm_execute_ursa_signed_char_unsigned_short_unsigned_char_unsigned_short_i_20         |  out|   20|      ap_vld|  mxm_execute_ursa_signed_char_unsigned_short_unsigned_char_unsigned_short_i_20|       pointer|
|mxm_execute_ursa_signed_char_unsigned_short_unsigned_char_unsigned_short_i_20_ap_vld  |  out|    1|      ap_vld|  mxm_execute_ursa_signed_char_unsigned_short_unsigned_char_unsigned_short_i_20|       pointer|
|mxm_execute_ursa_signed_char_unsigned_short_unsigned_char_unsigned_short_i_19         |  out|   20|      ap_vld|  mxm_execute_ursa_signed_char_unsigned_short_unsigned_char_unsigned_short_i_19|       pointer|
|mxm_execute_ursa_signed_char_unsigned_short_unsigned_char_unsigned_short_i_19_ap_vld  |  out|    1|      ap_vld|  mxm_execute_ursa_signed_char_unsigned_short_unsigned_char_unsigned_short_i_19|       pointer|
|mxm_execute_ursa_signed_char_unsigned_short_unsigned_char_unsigned_short_i_18         |  out|   20|      ap_vld|  mxm_execute_ursa_signed_char_unsigned_short_unsigned_char_unsigned_short_i_18|       pointer|
|mxm_execute_ursa_signed_char_unsigned_short_unsigned_char_unsigned_short_i_18_ap_vld  |  out|    1|      ap_vld|  mxm_execute_ursa_signed_char_unsigned_short_unsigned_char_unsigned_short_i_18|       pointer|
|mxm_execute_ursa_signed_char_unsigned_short_unsigned_char_unsigned_short_i_17         |  out|   20|      ap_vld|  mxm_execute_ursa_signed_char_unsigned_short_unsigned_char_unsigned_short_i_17|       pointer|
|mxm_execute_ursa_signed_char_unsigned_short_unsigned_char_unsigned_short_i_17_ap_vld  |  out|    1|      ap_vld|  mxm_execute_ursa_signed_char_unsigned_short_unsigned_char_unsigned_short_i_17|       pointer|
|mxm_execute_ursa_signed_char_unsigned_short_unsigned_char_unsigned_short_i_16         |  out|   20|      ap_vld|  mxm_execute_ursa_signed_char_unsigned_short_unsigned_char_unsigned_short_i_16|       pointer|
|mxm_execute_ursa_signed_char_unsigned_short_unsigned_char_unsigned_short_i_16_ap_vld  |  out|    1|      ap_vld|  mxm_execute_ursa_signed_char_unsigned_short_unsigned_char_unsigned_short_i_16|       pointer|
|mxm_execute_ursa_signed_char_unsigned_short_unsigned_char_unsigned_short_i_15         |  out|   20|      ap_vld|  mxm_execute_ursa_signed_char_unsigned_short_unsigned_char_unsigned_short_i_15|       pointer|
|mxm_execute_ursa_signed_char_unsigned_short_unsigned_char_unsigned_short_i_15_ap_vld  |  out|    1|      ap_vld|  mxm_execute_ursa_signed_char_unsigned_short_unsigned_char_unsigned_short_i_15|       pointer|
|mxm_execute_ursa_signed_char_unsigned_short_unsigned_char_unsigned_short_i_14         |  out|   20|      ap_vld|  mxm_execute_ursa_signed_char_unsigned_short_unsigned_char_unsigned_short_i_14|       pointer|
|mxm_execute_ursa_signed_char_unsigned_short_unsigned_char_unsigned_short_i_14_ap_vld  |  out|    1|      ap_vld|  mxm_execute_ursa_signed_char_unsigned_short_unsigned_char_unsigned_short_i_14|       pointer|
|mxm_execute_ursa_signed_char_unsigned_short_unsigned_char_unsigned_short_i_13         |  out|   20|      ap_vld|  mxm_execute_ursa_signed_char_unsigned_short_unsigned_char_unsigned_short_i_13|       pointer|
|mxm_execute_ursa_signed_char_unsigned_short_unsigned_char_unsigned_short_i_13_ap_vld  |  out|    1|      ap_vld|  mxm_execute_ursa_signed_char_unsigned_short_unsigned_char_unsigned_short_i_13|       pointer|
|mxm_execute_ursa_signed_char_unsigned_short_unsigned_char_unsigned_short_i_12         |  out|   20|      ap_vld|  mxm_execute_ursa_signed_char_unsigned_short_unsigned_char_unsigned_short_i_12|       pointer|
|mxm_execute_ursa_signed_char_unsigned_short_unsigned_char_unsigned_short_i_12_ap_vld  |  out|    1|      ap_vld|  mxm_execute_ursa_signed_char_unsigned_short_unsigned_char_unsigned_short_i_12|       pointer|
|mxm_execute_ursa_signed_char_unsigned_short_unsigned_char_unsigned_short_i_11         |  out|   20|      ap_vld|  mxm_execute_ursa_signed_char_unsigned_short_unsigned_char_unsigned_short_i_11|       pointer|
|mxm_execute_ursa_signed_char_unsigned_short_unsigned_char_unsigned_short_i_11_ap_vld  |  out|    1|      ap_vld|  mxm_execute_ursa_signed_char_unsigned_short_unsigned_char_unsigned_short_i_11|       pointer|
|mxm_execute_ursa_signed_char_unsigned_short_unsigned_char_unsigned_short_i_10         |  out|   20|      ap_vld|  mxm_execute_ursa_signed_char_unsigned_short_unsigned_char_unsigned_short_i_10|       pointer|
|mxm_execute_ursa_signed_char_unsigned_short_unsigned_char_unsigned_short_i_10_ap_vld  |  out|    1|      ap_vld|  mxm_execute_ursa_signed_char_unsigned_short_unsigned_char_unsigned_short_i_10|       pointer|
|mxm_execute_ursa_signed_char_unsigned_short_unsigned_char_unsigned_short_i_9          |  out|   20|      ap_vld|   mxm_execute_ursa_signed_char_unsigned_short_unsigned_char_unsigned_short_i_9|       pointer|
|mxm_execute_ursa_signed_char_unsigned_short_unsigned_char_unsigned_short_i_9_ap_vld   |  out|    1|      ap_vld|   mxm_execute_ursa_signed_char_unsigned_short_unsigned_char_unsigned_short_i_9|       pointer|
|mxm_execute_ursa_signed_char_unsigned_short_unsigned_char_unsigned_short_i_8          |  out|   20|      ap_vld|   mxm_execute_ursa_signed_char_unsigned_short_unsigned_char_unsigned_short_i_8|       pointer|
|mxm_execute_ursa_signed_char_unsigned_short_unsigned_char_unsigned_short_i_8_ap_vld   |  out|    1|      ap_vld|   mxm_execute_ursa_signed_char_unsigned_short_unsigned_char_unsigned_short_i_8|       pointer|
|mxm_execute_ursa_signed_char_unsigned_short_unsigned_char_unsigned_short_i_7          |  out|   20|      ap_vld|   mxm_execute_ursa_signed_char_unsigned_short_unsigned_char_unsigned_short_i_7|       pointer|
|mxm_execute_ursa_signed_char_unsigned_short_unsigned_char_unsigned_short_i_7_ap_vld   |  out|    1|      ap_vld|   mxm_execute_ursa_signed_char_unsigned_short_unsigned_char_unsigned_short_i_7|       pointer|
|mxm_execute_ursa_signed_char_unsigned_short_unsigned_char_unsigned_short_i_6          |  out|   20|      ap_vld|   mxm_execute_ursa_signed_char_unsigned_short_unsigned_char_unsigned_short_i_6|       pointer|
|mxm_execute_ursa_signed_char_unsigned_short_unsigned_char_unsigned_short_i_6_ap_vld   |  out|    1|      ap_vld|   mxm_execute_ursa_signed_char_unsigned_short_unsigned_char_unsigned_short_i_6|       pointer|
|mxm_execute_ursa_signed_char_unsigned_short_unsigned_char_unsigned_short_i_5          |  out|   20|      ap_vld|   mxm_execute_ursa_signed_char_unsigned_short_unsigned_char_unsigned_short_i_5|       pointer|
|mxm_execute_ursa_signed_char_unsigned_short_unsigned_char_unsigned_short_i_5_ap_vld   |  out|    1|      ap_vld|   mxm_execute_ursa_signed_char_unsigned_short_unsigned_char_unsigned_short_i_5|       pointer|
|mxm_execute_ursa_signed_char_unsigned_short_unsigned_char_unsigned_short_i_4          |  out|   20|      ap_vld|   mxm_execute_ursa_signed_char_unsigned_short_unsigned_char_unsigned_short_i_4|       pointer|
|mxm_execute_ursa_signed_char_unsigned_short_unsigned_char_unsigned_short_i_4_ap_vld   |  out|    1|      ap_vld|   mxm_execute_ursa_signed_char_unsigned_short_unsigned_char_unsigned_short_i_4|       pointer|
|mxm_execute_ursa_signed_char_unsigned_short_unsigned_char_unsigned_short_i_3          |  out|   20|      ap_vld|   mxm_execute_ursa_signed_char_unsigned_short_unsigned_char_unsigned_short_i_3|       pointer|
|mxm_execute_ursa_signed_char_unsigned_short_unsigned_char_unsigned_short_i_3_ap_vld   |  out|    1|      ap_vld|   mxm_execute_ursa_signed_char_unsigned_short_unsigned_char_unsigned_short_i_3|       pointer|
|mxm_execute_ursa_signed_char_unsigned_short_unsigned_char_unsigned_short_i_2          |  out|   20|      ap_vld|   mxm_execute_ursa_signed_char_unsigned_short_unsigned_char_unsigned_short_i_2|       pointer|
|mxm_execute_ursa_signed_char_unsigned_short_unsigned_char_unsigned_short_i_2_ap_vld   |  out|    1|      ap_vld|   mxm_execute_ursa_signed_char_unsigned_short_unsigned_char_unsigned_short_i_2|       pointer|
|mxm_execute_ursa_signed_char_unsigned_short_unsigned_char_unsigned_short_i_1          |  out|   20|      ap_vld|   mxm_execute_ursa_signed_char_unsigned_short_unsigned_char_unsigned_short_i_1|       pointer|
|mxm_execute_ursa_signed_char_unsigned_short_unsigned_char_unsigned_short_i_1_ap_vld   |  out|    1|      ap_vld|   mxm_execute_ursa_signed_char_unsigned_short_unsigned_char_unsigned_short_i_1|       pointer|
|mxm_execute_ursa_signed_char_unsigned_short_unsigned_char_unsigned_short_i            |  out|   20|      ap_vld|     mxm_execute_ursa_signed_char_unsigned_short_unsigned_char_unsigned_short_i|       pointer|
|mxm_execute_ursa_signed_char_unsigned_short_unsigned_char_unsigned_short_i_ap_vld     |  out|    1|      ap_vld|     mxm_execute_ursa_signed_char_unsigned_short_unsigned_char_unsigned_short_i|       pointer|
+--------------------------------------------------------------------------------------+-----+-----+------------+-------------------------------------------------------------------------------+--------------+

============================================================
+ Verbose Summary: Synthesis Manager
============================================================
InlineROM: 1
ExposeGlobal: 0
============================================================
+ Verbose Summary: CDFG Model
============================================================
IsTopModel: 0
ResetActiveHigh: 1
IsCombinational: 1
IsDatapathOnly: 2
HasWiredReturn: 1
HasMFsm: 2
HasVarLatency: 0
IsPipeline: 1
IsRtlPipelined: 0
IsInstanceOverlapped: 0
IsDontTouch: 0
HasImplIP: 0
IsGatedGlobalClock: 0

+ Individual pipeline summary: 
  * Pipeline-0: initiation interval (II) = 1, depth = 1


============================================================
+ Verbose Summary: Schedule
============================================================
* Number of FSM states : 1
* Pipeline : 1
  Pipeline-0 : II = 1, D = 1, States = { 1 }
* Dataflow Pipeline: 0

* FSM state transitions: 
1 --> 

* FSM state operations: 

State 1 <SV = 0> <Delay = 0.00>
ST_1 : Operation 2 [1/1] (0.00ns)   --->   "%specpipeline_ln12 = specpipeline void @_ssdm_op_SpecPipeline, i32 1, i32 0, i32 0, i32 0, void @empty_0" [/home/ulisses/Projects/ursa/exp/output-stationary/vitis_component/inp_data/hls_src/core/pe.cpp:12->/home/ulisses/Projects/ursa/exp/output-stationary/vitis_component/inp_data/hls_src/core/sa.cpp:32]   --->   Operation 2 'specpipeline' 'specpipeline_ln12' <Predicate = true> <Delay = 0.00>
ST_1 : Operation 3 [1/1] (0.00ns)   --->   "%store_ln12 = store i20 0, i20 %mxm_execute_ursa_signed_char_unsigned_short_unsigned_char_unsigned_short_i_63" [/home/ulisses/Projects/ursa/exp/output-stationary/vitis_component/inp_data/hls_src/core/pe.cpp:12->/home/ulisses/Projects/ursa/exp/output-stationary/vitis_component/inp_data/hls_src/core/sa.cpp:32]   --->   Operation 3 'store' 'store_ln12' <Predicate = true> <Delay = 0.00>
ST_1 : Operation 4 [1/1] (0.00ns)   --->   "%store_ln12 = store i20 0, i20 %mxm_execute_ursa_signed_char_unsigned_short_unsigned_char_unsigned_short_i_62" [/home/ulisses/Projects/ursa/exp/output-stationary/vitis_component/inp_data/hls_src/core/pe.cpp:12->/home/ulisses/Projects/ursa/exp/output-stationary/vitis_component/inp_data/hls_src/core/sa.cpp:32]   --->   Operation 4 'store' 'store_ln12' <Predicate = true> <Delay = 0.00>
ST_1 : Operation 5 [1/1] (0.00ns)   --->   "%store_ln12 = store i20 0, i20 %mxm_execute_ursa_signed_char_unsigned_short_unsigned_char_unsigned_short_i_61" [/home/ulisses/Projects/ursa/exp/output-stationary/vitis_component/inp_data/hls_src/core/pe.cpp:12->/home/ulisses/Projects/ursa/exp/output-stationary/vitis_component/inp_data/hls_src/core/sa.cpp:32]   --->   Operation 5 'store' 'store_ln12' <Predicate = true> <Delay = 0.00>
ST_1 : Operation 6 [1/1] (0.00ns)   --->   "%store_ln12 = store i20 0, i20 %mxm_execute_ursa_signed_char_unsigned_short_unsigned_char_unsigned_short_i_60" [/home/ulisses/Projects/ursa/exp/output-stationary/vitis_component/inp_data/hls_src/core/pe.cpp:12->/home/ulisses/Projects/ursa/exp/output-stationary/vitis_component/inp_data/hls_src/core/sa.cpp:32]   --->   Operation 6 'store' 'store_ln12' <Predicate = true> <Delay = 0.00>
ST_1 : Operation 7 [1/1] (0.00ns)   --->   "%store_ln12 = store i20 0, i20 %mxm_execute_ursa_signed_char_unsigned_short_unsigned_char_unsigned_short_i_59" [/home/ulisses/Projects/ursa/exp/output-stationary/vitis_component/inp_data/hls_src/core/pe.cpp:12->/home/ulisses/Projects/ursa/exp/output-stationary/vitis_component/inp_data/hls_src/core/sa.cpp:32]   --->   Operation 7 'store' 'store_ln12' <Predicate = true> <Delay = 0.00>
ST_1 : Operation 8 [1/1] (0.00ns)   --->   "%store_ln12 = store i20 0, i20 %mxm_execute_ursa_signed_char_unsigned_short_unsigned_char_unsigned_short_i_58" [/home/ulisses/Projects/ursa/exp/output-stationary/vitis_component/inp_data/hls_src/core/pe.cpp:12->/home/ulisses/Projects/ursa/exp/output-stationary/vitis_component/inp_data/hls_src/core/sa.cpp:32]   --->   Operation 8 'store' 'store_ln12' <Predicate = true> <Delay = 0.00>
ST_1 : Operation 9 [1/1] (0.00ns)   --->   "%store_ln12 = store i20 0, i20 %mxm_execute_ursa_signed_char_unsigned_short_unsigned_char_unsigned_short_i_57" [/home/ulisses/Projects/ursa/exp/output-stationary/vitis_component/inp_data/hls_src/core/pe.cpp:12->/home/ulisses/Projects/ursa/exp/output-stationary/vitis_component/inp_data/hls_src/core/sa.cpp:32]   --->   Operation 9 'store' 'store_ln12' <Predicate = true> <Delay = 0.00>
ST_1 : Operation 10 [1/1] (0.00ns)   --->   "%store_ln12 = store i20 0, i20 %mxm_execute_ursa_signed_char_unsigned_short_unsigned_char_unsigned_short_i_56" [/home/ulisses/Projects/ursa/exp/output-stationary/vitis_component/inp_data/hls_src/core/pe.cpp:12->/home/ulisses/Projects/ursa/exp/output-stationary/vitis_component/inp_data/hls_src/core/sa.cpp:32]   --->   Operation 10 'store' 'store_ln12' <Predicate = true> <Delay = 0.00>
ST_1 : Operation 11 [1/1] (0.00ns)   --->   "%store_ln12 = store i20 0, i20 %mxm_execute_ursa_signed_char_unsigned_short_unsigned_char_unsigned_short_i_55" [/home/ulisses/Projects/ursa/exp/output-stationary/vitis_component/inp_data/hls_src/core/pe.cpp:12->/home/ulisses/Projects/ursa/exp/output-stationary/vitis_component/inp_data/hls_src/core/sa.cpp:32]   --->   Operation 11 'store' 'store_ln12' <Predicate = true> <Delay = 0.00>
ST_1 : Operation 12 [1/1] (0.00ns)   --->   "%store_ln12 = store i20 0, i20 %mxm_execute_ursa_signed_char_unsigned_short_unsigned_char_unsigned_short_i_54" [/home/ulisses/Projects/ursa/exp/output-stationary/vitis_component/inp_data/hls_src/core/pe.cpp:12->/home/ulisses/Projects/ursa/exp/output-stationary/vitis_component/inp_data/hls_src/core/sa.cpp:32]   --->   Operation 12 'store' 'store_ln12' <Predicate = true> <Delay = 0.00>
ST_1 : Operation 13 [1/1] (0.00ns)   --->   "%store_ln12 = store i20 0, i20 %mxm_execute_ursa_signed_char_unsigned_short_unsigned_char_unsigned_short_i_53" [/home/ulisses/Projects/ursa/exp/output-stationary/vitis_component/inp_data/hls_src/core/pe.cpp:12->/home/ulisses/Projects/ursa/exp/output-stationary/vitis_component/inp_data/hls_src/core/sa.cpp:32]   --->   Operation 13 'store' 'store_ln12' <Predicate = true> <Delay = 0.00>
ST_1 : Operation 14 [1/1] (0.00ns)   --->   "%store_ln12 = store i20 0, i20 %mxm_execute_ursa_signed_char_unsigned_short_unsigned_char_unsigned_short_i_52" [/home/ulisses/Projects/ursa/exp/output-stationary/vitis_component/inp_data/hls_src/core/pe.cpp:12->/home/ulisses/Projects/ursa/exp/output-stationary/vitis_component/inp_data/hls_src/core/sa.cpp:32]   --->   Operation 14 'store' 'store_ln12' <Predicate = true> <Delay = 0.00>
ST_1 : Operation 15 [1/1] (0.00ns)   --->   "%store_ln12 = store i20 0, i20 %mxm_execute_ursa_signed_char_unsigned_short_unsigned_char_unsigned_short_i_51" [/home/ulisses/Projects/ursa/exp/output-stationary/vitis_component/inp_data/hls_src/core/pe.cpp:12->/home/ulisses/Projects/ursa/exp/output-stationary/vitis_component/inp_data/hls_src/core/sa.cpp:32]   --->   Operation 15 'store' 'store_ln12' <Predicate = true> <Delay = 0.00>
ST_1 : Operation 16 [1/1] (0.00ns)   --->   "%store_ln12 = store i20 0, i20 %mxm_execute_ursa_signed_char_unsigned_short_unsigned_char_unsigned_short_i_50" [/home/ulisses/Projects/ursa/exp/output-stationary/vitis_component/inp_data/hls_src/core/pe.cpp:12->/home/ulisses/Projects/ursa/exp/output-stationary/vitis_component/inp_data/hls_src/core/sa.cpp:32]   --->   Operation 16 'store' 'store_ln12' <Predicate = true> <Delay = 0.00>
ST_1 : Operation 17 [1/1] (0.00ns)   --->   "%store_ln12 = store i20 0, i20 %mxm_execute_ursa_signed_char_unsigned_short_unsigned_char_unsigned_short_i_49" [/home/ulisses/Projects/ursa/exp/output-stationary/vitis_component/inp_data/hls_src/core/pe.cpp:12->/home/ulisses/Projects/ursa/exp/output-stationary/vitis_component/inp_data/hls_src/core/sa.cpp:32]   --->   Operation 17 'store' 'store_ln12' <Predicate = true> <Delay = 0.00>
ST_1 : Operation 18 [1/1] (0.00ns)   --->   "%store_ln12 = store i20 0, i20 %mxm_execute_ursa_signed_char_unsigned_short_unsigned_char_unsigned_short_i_48" [/home/ulisses/Projects/ursa/exp/output-stationary/vitis_component/inp_data/hls_src/core/pe.cpp:12->/home/ulisses/Projects/ursa/exp/output-stationary/vitis_component/inp_data/hls_src/core/sa.cpp:32]   --->   Operation 18 'store' 'store_ln12' <Predicate = true> <Delay = 0.00>
ST_1 : Operation 19 [1/1] (0.00ns)   --->   "%store_ln12 = store i20 0, i20 %mxm_execute_ursa_signed_char_unsigned_short_unsigned_char_unsigned_short_i_47" [/home/ulisses/Projects/ursa/exp/output-stationary/vitis_component/inp_data/hls_src/core/pe.cpp:12->/home/ulisses/Projects/ursa/exp/output-stationary/vitis_component/inp_data/hls_src/core/sa.cpp:32]   --->   Operation 19 'store' 'store_ln12' <Predicate = true> <Delay = 0.00>
ST_1 : Operation 20 [1/1] (0.00ns)   --->   "%store_ln12 = store i20 0, i20 %mxm_execute_ursa_signed_char_unsigned_short_unsigned_char_unsigned_short_i_46" [/home/ulisses/Projects/ursa/exp/output-stationary/vitis_component/inp_data/hls_src/core/pe.cpp:12->/home/ulisses/Projects/ursa/exp/output-stationary/vitis_component/inp_data/hls_src/core/sa.cpp:32]   --->   Operation 20 'store' 'store_ln12' <Predicate = true> <Delay = 0.00>
ST_1 : Operation 21 [1/1] (0.00ns)   --->   "%store_ln12 = store i20 0, i20 %mxm_execute_ursa_signed_char_unsigned_short_unsigned_char_unsigned_short_i_45" [/home/ulisses/Projects/ursa/exp/output-stationary/vitis_component/inp_data/hls_src/core/pe.cpp:12->/home/ulisses/Projects/ursa/exp/output-stationary/vitis_component/inp_data/hls_src/core/sa.cpp:32]   --->   Operation 21 'store' 'store_ln12' <Predicate = true> <Delay = 0.00>
ST_1 : Operation 22 [1/1] (0.00ns)   --->   "%store_ln12 = store i20 0, i20 %mxm_execute_ursa_signed_char_unsigned_short_unsigned_char_unsigned_short_i_44" [/home/ulisses/Projects/ursa/exp/output-stationary/vitis_component/inp_data/hls_src/core/pe.cpp:12->/home/ulisses/Projects/ursa/exp/output-stationary/vitis_component/inp_data/hls_src/core/sa.cpp:32]   --->   Operation 22 'store' 'store_ln12' <Predicate = true> <Delay = 0.00>
ST_1 : Operation 23 [1/1] (0.00ns)   --->   "%store_ln12 = store i20 0, i20 %mxm_execute_ursa_signed_char_unsigned_short_unsigned_char_unsigned_short_i_43" [/home/ulisses/Projects/ursa/exp/output-stationary/vitis_component/inp_data/hls_src/core/pe.cpp:12->/home/ulisses/Projects/ursa/exp/output-stationary/vitis_component/inp_data/hls_src/core/sa.cpp:32]   --->   Operation 23 'store' 'store_ln12' <Predicate = true> <Delay = 0.00>
ST_1 : Operation 24 [1/1] (0.00ns)   --->   "%store_ln12 = store i20 0, i20 %mxm_execute_ursa_signed_char_unsigned_short_unsigned_char_unsigned_short_i_42" [/home/ulisses/Projects/ursa/exp/output-stationary/vitis_component/inp_data/hls_src/core/pe.cpp:12->/home/ulisses/Projects/ursa/exp/output-stationary/vitis_component/inp_data/hls_src/core/sa.cpp:32]   --->   Operation 24 'store' 'store_ln12' <Predicate = true> <Delay = 0.00>
ST_1 : Operation 25 [1/1] (0.00ns)   --->   "%store_ln12 = store i20 0, i20 %mxm_execute_ursa_signed_char_unsigned_short_unsigned_char_unsigned_short_i_41" [/home/ulisses/Projects/ursa/exp/output-stationary/vitis_component/inp_data/hls_src/core/pe.cpp:12->/home/ulisses/Projects/ursa/exp/output-stationary/vitis_component/inp_data/hls_src/core/sa.cpp:32]   --->   Operation 25 'store' 'store_ln12' <Predicate = true> <Delay = 0.00>
ST_1 : Operation 26 [1/1] (0.00ns)   --->   "%store_ln12 = store i20 0, i20 %mxm_execute_ursa_signed_char_unsigned_short_unsigned_char_unsigned_short_i_40" [/home/ulisses/Projects/ursa/exp/output-stationary/vitis_component/inp_data/hls_src/core/pe.cpp:12->/home/ulisses/Projects/ursa/exp/output-stationary/vitis_component/inp_data/hls_src/core/sa.cpp:32]   --->   Operation 26 'store' 'store_ln12' <Predicate = true> <Delay = 0.00>
ST_1 : Operation 27 [1/1] (0.00ns)   --->   "%store_ln12 = store i20 0, i20 %mxm_execute_ursa_signed_char_unsigned_short_unsigned_char_unsigned_short_i_39" [/home/ulisses/Projects/ursa/exp/output-stationary/vitis_component/inp_data/hls_src/core/pe.cpp:12->/home/ulisses/Projects/ursa/exp/output-stationary/vitis_component/inp_data/hls_src/core/sa.cpp:32]   --->   Operation 27 'store' 'store_ln12' <Predicate = true> <Delay = 0.00>
ST_1 : Operation 28 [1/1] (0.00ns)   --->   "%store_ln12 = store i20 0, i20 %mxm_execute_ursa_signed_char_unsigned_short_unsigned_char_unsigned_short_i_38" [/home/ulisses/Projects/ursa/exp/output-stationary/vitis_component/inp_data/hls_src/core/pe.cpp:12->/home/ulisses/Projects/ursa/exp/output-stationary/vitis_component/inp_data/hls_src/core/sa.cpp:32]   --->   Operation 28 'store' 'store_ln12' <Predicate = true> <Delay = 0.00>
ST_1 : Operation 29 [1/1] (0.00ns)   --->   "%store_ln12 = store i20 0, i20 %mxm_execute_ursa_signed_char_unsigned_short_unsigned_char_unsigned_short_i_37" [/home/ulisses/Projects/ursa/exp/output-stationary/vitis_component/inp_data/hls_src/core/pe.cpp:12->/home/ulisses/Projects/ursa/exp/output-stationary/vitis_component/inp_data/hls_src/core/sa.cpp:32]   --->   Operation 29 'store' 'store_ln12' <Predicate = true> <Delay = 0.00>
ST_1 : Operation 30 [1/1] (0.00ns)   --->   "%store_ln12 = store i20 0, i20 %mxm_execute_ursa_signed_char_unsigned_short_unsigned_char_unsigned_short_i_36" [/home/ulisses/Projects/ursa/exp/output-stationary/vitis_component/inp_data/hls_src/core/pe.cpp:12->/home/ulisses/Projects/ursa/exp/output-stationary/vitis_component/inp_data/hls_src/core/sa.cpp:32]   --->   Operation 30 'store' 'store_ln12' <Predicate = true> <Delay = 0.00>
ST_1 : Operation 31 [1/1] (0.00ns)   --->   "%store_ln12 = store i20 0, i20 %mxm_execute_ursa_signed_char_unsigned_short_unsigned_char_unsigned_short_i_35" [/home/ulisses/Projects/ursa/exp/output-stationary/vitis_component/inp_data/hls_src/core/pe.cpp:12->/home/ulisses/Projects/ursa/exp/output-stationary/vitis_component/inp_data/hls_src/core/sa.cpp:32]   --->   Operation 31 'store' 'store_ln12' <Predicate = true> <Delay = 0.00>
ST_1 : Operation 32 [1/1] (0.00ns)   --->   "%store_ln12 = store i20 0, i20 %mxm_execute_ursa_signed_char_unsigned_short_unsigned_char_unsigned_short_i_34" [/home/ulisses/Projects/ursa/exp/output-stationary/vitis_component/inp_data/hls_src/core/pe.cpp:12->/home/ulisses/Projects/ursa/exp/output-stationary/vitis_component/inp_data/hls_src/core/sa.cpp:32]   --->   Operation 32 'store' 'store_ln12' <Predicate = true> <Delay = 0.00>
ST_1 : Operation 33 [1/1] (0.00ns)   --->   "%store_ln12 = store i20 0, i20 %mxm_execute_ursa_signed_char_unsigned_short_unsigned_char_unsigned_short_i_33" [/home/ulisses/Projects/ursa/exp/output-stationary/vitis_component/inp_data/hls_src/core/pe.cpp:12->/home/ulisses/Projects/ursa/exp/output-stationary/vitis_component/inp_data/hls_src/core/sa.cpp:32]   --->   Operation 33 'store' 'store_ln12' <Predicate = true> <Delay = 0.00>
ST_1 : Operation 34 [1/1] (0.00ns)   --->   "%store_ln12 = store i20 0, i20 %mxm_execute_ursa_signed_char_unsigned_short_unsigned_char_unsigned_short_i_32" [/home/ulisses/Projects/ursa/exp/output-stationary/vitis_component/inp_data/hls_src/core/pe.cpp:12->/home/ulisses/Projects/ursa/exp/output-stationary/vitis_component/inp_data/hls_src/core/sa.cpp:32]   --->   Operation 34 'store' 'store_ln12' <Predicate = true> <Delay = 0.00>
ST_1 : Operation 35 [1/1] (0.00ns)   --->   "%store_ln12 = store i20 0, i20 %mxm_execute_ursa_signed_char_unsigned_short_unsigned_char_unsigned_short_i_31" [/home/ulisses/Projects/ursa/exp/output-stationary/vitis_component/inp_data/hls_src/core/pe.cpp:12->/home/ulisses/Projects/ursa/exp/output-stationary/vitis_component/inp_data/hls_src/core/sa.cpp:32]   --->   Operation 35 'store' 'store_ln12' <Predicate = true> <Delay = 0.00>
ST_1 : Operation 36 [1/1] (0.00ns)   --->   "%store_ln12 = store i20 0, i20 %mxm_execute_ursa_signed_char_unsigned_short_unsigned_char_unsigned_short_i_30" [/home/ulisses/Projects/ursa/exp/output-stationary/vitis_component/inp_data/hls_src/core/pe.cpp:12->/home/ulisses/Projects/ursa/exp/output-stationary/vitis_component/inp_data/hls_src/core/sa.cpp:32]   --->   Operation 36 'store' 'store_ln12' <Predicate = true> <Delay = 0.00>
ST_1 : Operation 37 [1/1] (0.00ns)   --->   "%store_ln12 = store i20 0, i20 %mxm_execute_ursa_signed_char_unsigned_short_unsigned_char_unsigned_short_i_29" [/home/ulisses/Projects/ursa/exp/output-stationary/vitis_component/inp_data/hls_src/core/pe.cpp:12->/home/ulisses/Projects/ursa/exp/output-stationary/vitis_component/inp_data/hls_src/core/sa.cpp:32]   --->   Operation 37 'store' 'store_ln12' <Predicate = true> <Delay = 0.00>
ST_1 : Operation 38 [1/1] (0.00ns)   --->   "%store_ln12 = store i20 0, i20 %mxm_execute_ursa_signed_char_unsigned_short_unsigned_char_unsigned_short_i_28" [/home/ulisses/Projects/ursa/exp/output-stationary/vitis_component/inp_data/hls_src/core/pe.cpp:12->/home/ulisses/Projects/ursa/exp/output-stationary/vitis_component/inp_data/hls_src/core/sa.cpp:32]   --->   Operation 38 'store' 'store_ln12' <Predicate = true> <Delay = 0.00>
ST_1 : Operation 39 [1/1] (0.00ns)   --->   "%store_ln12 = store i20 0, i20 %mxm_execute_ursa_signed_char_unsigned_short_unsigned_char_unsigned_short_i_27" [/home/ulisses/Projects/ursa/exp/output-stationary/vitis_component/inp_data/hls_src/core/pe.cpp:12->/home/ulisses/Projects/ursa/exp/output-stationary/vitis_component/inp_data/hls_src/core/sa.cpp:32]   --->   Operation 39 'store' 'store_ln12' <Predicate = true> <Delay = 0.00>
ST_1 : Operation 40 [1/1] (0.00ns)   --->   "%store_ln12 = store i20 0, i20 %mxm_execute_ursa_signed_char_unsigned_short_unsigned_char_unsigned_short_i_26" [/home/ulisses/Projects/ursa/exp/output-stationary/vitis_component/inp_data/hls_src/core/pe.cpp:12->/home/ulisses/Projects/ursa/exp/output-stationary/vitis_component/inp_data/hls_src/core/sa.cpp:32]   --->   Operation 40 'store' 'store_ln12' <Predicate = true> <Delay = 0.00>
ST_1 : Operation 41 [1/1] (0.00ns)   --->   "%store_ln12 = store i20 0, i20 %mxm_execute_ursa_signed_char_unsigned_short_unsigned_char_unsigned_short_i_25" [/home/ulisses/Projects/ursa/exp/output-stationary/vitis_component/inp_data/hls_src/core/pe.cpp:12->/home/ulisses/Projects/ursa/exp/output-stationary/vitis_component/inp_data/hls_src/core/sa.cpp:32]   --->   Operation 41 'store' 'store_ln12' <Predicate = true> <Delay = 0.00>
ST_1 : Operation 42 [1/1] (0.00ns)   --->   "%store_ln12 = store i20 0, i20 %mxm_execute_ursa_signed_char_unsigned_short_unsigned_char_unsigned_short_i_24" [/home/ulisses/Projects/ursa/exp/output-stationary/vitis_component/inp_data/hls_src/core/pe.cpp:12->/home/ulisses/Projects/ursa/exp/output-stationary/vitis_component/inp_data/hls_src/core/sa.cpp:32]   --->   Operation 42 'store' 'store_ln12' <Predicate = true> <Delay = 0.00>
ST_1 : Operation 43 [1/1] (0.00ns)   --->   "%store_ln12 = store i20 0, i20 %mxm_execute_ursa_signed_char_unsigned_short_unsigned_char_unsigned_short_i_23" [/home/ulisses/Projects/ursa/exp/output-stationary/vitis_component/inp_data/hls_src/core/pe.cpp:12->/home/ulisses/Projects/ursa/exp/output-stationary/vitis_component/inp_data/hls_src/core/sa.cpp:32]   --->   Operation 43 'store' 'store_ln12' <Predicate = true> <Delay = 0.00>
ST_1 : Operation 44 [1/1] (0.00ns)   --->   "%store_ln12 = store i20 0, i20 %mxm_execute_ursa_signed_char_unsigned_short_unsigned_char_unsigned_short_i_22" [/home/ulisses/Projects/ursa/exp/output-stationary/vitis_component/inp_data/hls_src/core/pe.cpp:12->/home/ulisses/Projects/ursa/exp/output-stationary/vitis_component/inp_data/hls_src/core/sa.cpp:32]   --->   Operation 44 'store' 'store_ln12' <Predicate = true> <Delay = 0.00>
ST_1 : Operation 45 [1/1] (0.00ns)   --->   "%store_ln12 = store i20 0, i20 %mxm_execute_ursa_signed_char_unsigned_short_unsigned_char_unsigned_short_i_21" [/home/ulisses/Projects/ursa/exp/output-stationary/vitis_component/inp_data/hls_src/core/pe.cpp:12->/home/ulisses/Projects/ursa/exp/output-stationary/vitis_component/inp_data/hls_src/core/sa.cpp:32]   --->   Operation 45 'store' 'store_ln12' <Predicate = true> <Delay = 0.00>
ST_1 : Operation 46 [1/1] (0.00ns)   --->   "%store_ln12 = store i20 0, i20 %mxm_execute_ursa_signed_char_unsigned_short_unsigned_char_unsigned_short_i_20" [/home/ulisses/Projects/ursa/exp/output-stationary/vitis_component/inp_data/hls_src/core/pe.cpp:12->/home/ulisses/Projects/ursa/exp/output-stationary/vitis_component/inp_data/hls_src/core/sa.cpp:32]   --->   Operation 46 'store' 'store_ln12' <Predicate = true> <Delay = 0.00>
ST_1 : Operation 47 [1/1] (0.00ns)   --->   "%store_ln12 = store i20 0, i20 %mxm_execute_ursa_signed_char_unsigned_short_unsigned_char_unsigned_short_i_19" [/home/ulisses/Projects/ursa/exp/output-stationary/vitis_component/inp_data/hls_src/core/pe.cpp:12->/home/ulisses/Projects/ursa/exp/output-stationary/vitis_component/inp_data/hls_src/core/sa.cpp:32]   --->   Operation 47 'store' 'store_ln12' <Predicate = true> <Delay = 0.00>
ST_1 : Operation 48 [1/1] (0.00ns)   --->   "%store_ln12 = store i20 0, i20 %mxm_execute_ursa_signed_char_unsigned_short_unsigned_char_unsigned_short_i_18" [/home/ulisses/Projects/ursa/exp/output-stationary/vitis_component/inp_data/hls_src/core/pe.cpp:12->/home/ulisses/Projects/ursa/exp/output-stationary/vitis_component/inp_data/hls_src/core/sa.cpp:32]   --->   Operation 48 'store' 'store_ln12' <Predicate = true> <Delay = 0.00>
ST_1 : Operation 49 [1/1] (0.00ns)   --->   "%store_ln12 = store i20 0, i20 %mxm_execute_ursa_signed_char_unsigned_short_unsigned_char_unsigned_short_i_17" [/home/ulisses/Projects/ursa/exp/output-stationary/vitis_component/inp_data/hls_src/core/pe.cpp:12->/home/ulisses/Projects/ursa/exp/output-stationary/vitis_component/inp_data/hls_src/core/sa.cpp:32]   --->   Operation 49 'store' 'store_ln12' <Predicate = true> <Delay = 0.00>
ST_1 : Operation 50 [1/1] (0.00ns)   --->   "%store_ln12 = store i20 0, i20 %mxm_execute_ursa_signed_char_unsigned_short_unsigned_char_unsigned_short_i_16" [/home/ulisses/Projects/ursa/exp/output-stationary/vitis_component/inp_data/hls_src/core/pe.cpp:12->/home/ulisses/Projects/ursa/exp/output-stationary/vitis_component/inp_data/hls_src/core/sa.cpp:32]   --->   Operation 50 'store' 'store_ln12' <Predicate = true> <Delay = 0.00>
ST_1 : Operation 51 [1/1] (0.00ns)   --->   "%store_ln12 = store i20 0, i20 %mxm_execute_ursa_signed_char_unsigned_short_unsigned_char_unsigned_short_i_15" [/home/ulisses/Projects/ursa/exp/output-stationary/vitis_component/inp_data/hls_src/core/pe.cpp:12->/home/ulisses/Projects/ursa/exp/output-stationary/vitis_component/inp_data/hls_src/core/sa.cpp:32]   --->   Operation 51 'store' 'store_ln12' <Predicate = true> <Delay = 0.00>
ST_1 : Operation 52 [1/1] (0.00ns)   --->   "%store_ln12 = store i20 0, i20 %mxm_execute_ursa_signed_char_unsigned_short_unsigned_char_unsigned_short_i_14" [/home/ulisses/Projects/ursa/exp/output-stationary/vitis_component/inp_data/hls_src/core/pe.cpp:12->/home/ulisses/Projects/ursa/exp/output-stationary/vitis_component/inp_data/hls_src/core/sa.cpp:32]   --->   Operation 52 'store' 'store_ln12' <Predicate = true> <Delay = 0.00>
ST_1 : Operation 53 [1/1] (0.00ns)   --->   "%store_ln12 = store i20 0, i20 %mxm_execute_ursa_signed_char_unsigned_short_unsigned_char_unsigned_short_i_13" [/home/ulisses/Projects/ursa/exp/output-stationary/vitis_component/inp_data/hls_src/core/pe.cpp:12->/home/ulisses/Projects/ursa/exp/output-stationary/vitis_component/inp_data/hls_src/core/sa.cpp:32]   --->   Operation 53 'store' 'store_ln12' <Predicate = true> <Delay = 0.00>
ST_1 : Operation 54 [1/1] (0.00ns)   --->   "%store_ln12 = store i20 0, i20 %mxm_execute_ursa_signed_char_unsigned_short_unsigned_char_unsigned_short_i_12" [/home/ulisses/Projects/ursa/exp/output-stationary/vitis_component/inp_data/hls_src/core/pe.cpp:12->/home/ulisses/Projects/ursa/exp/output-stationary/vitis_component/inp_data/hls_src/core/sa.cpp:32]   --->   Operation 54 'store' 'store_ln12' <Predicate = true> <Delay = 0.00>
ST_1 : Operation 55 [1/1] (0.00ns)   --->   "%store_ln12 = store i20 0, i20 %mxm_execute_ursa_signed_char_unsigned_short_unsigned_char_unsigned_short_i_11" [/home/ulisses/Projects/ursa/exp/output-stationary/vitis_component/inp_data/hls_src/core/pe.cpp:12->/home/ulisses/Projects/ursa/exp/output-stationary/vitis_component/inp_data/hls_src/core/sa.cpp:32]   --->   Operation 55 'store' 'store_ln12' <Predicate = true> <Delay = 0.00>
ST_1 : Operation 56 [1/1] (0.00ns)   --->   "%store_ln12 = store i20 0, i20 %mxm_execute_ursa_signed_char_unsigned_short_unsigned_char_unsigned_short_i_10" [/home/ulisses/Projects/ursa/exp/output-stationary/vitis_component/inp_data/hls_src/core/pe.cpp:12->/home/ulisses/Projects/ursa/exp/output-stationary/vitis_component/inp_data/hls_src/core/sa.cpp:32]   --->   Operation 56 'store' 'store_ln12' <Predicate = true> <Delay = 0.00>
ST_1 : Operation 57 [1/1] (0.00ns)   --->   "%store_ln12 = store i20 0, i20 %mxm_execute_ursa_signed_char_unsigned_short_unsigned_char_unsigned_short_i_9" [/home/ulisses/Projects/ursa/exp/output-stationary/vitis_component/inp_data/hls_src/core/pe.cpp:12->/home/ulisses/Projects/ursa/exp/output-stationary/vitis_component/inp_data/hls_src/core/sa.cpp:32]   --->   Operation 57 'store' 'store_ln12' <Predicate = true> <Delay = 0.00>
ST_1 : Operation 58 [1/1] (0.00ns)   --->   "%store_ln12 = store i20 0, i20 %mxm_execute_ursa_signed_char_unsigned_short_unsigned_char_unsigned_short_i_8" [/home/ulisses/Projects/ursa/exp/output-stationary/vitis_component/inp_data/hls_src/core/pe.cpp:12->/home/ulisses/Projects/ursa/exp/output-stationary/vitis_component/inp_data/hls_src/core/sa.cpp:32]   --->   Operation 58 'store' 'store_ln12' <Predicate = true> <Delay = 0.00>
ST_1 : Operation 59 [1/1] (0.00ns)   --->   "%store_ln12 = store i20 0, i20 %mxm_execute_ursa_signed_char_unsigned_short_unsigned_char_unsigned_short_i_7" [/home/ulisses/Projects/ursa/exp/output-stationary/vitis_component/inp_data/hls_src/core/pe.cpp:12->/home/ulisses/Projects/ursa/exp/output-stationary/vitis_component/inp_data/hls_src/core/sa.cpp:32]   --->   Operation 59 'store' 'store_ln12' <Predicate = true> <Delay = 0.00>
ST_1 : Operation 60 [1/1] (0.00ns)   --->   "%store_ln12 = store i20 0, i20 %mxm_execute_ursa_signed_char_unsigned_short_unsigned_char_unsigned_short_i_6" [/home/ulisses/Projects/ursa/exp/output-stationary/vitis_component/inp_data/hls_src/core/pe.cpp:12->/home/ulisses/Projects/ursa/exp/output-stationary/vitis_component/inp_data/hls_src/core/sa.cpp:32]   --->   Operation 60 'store' 'store_ln12' <Predicate = true> <Delay = 0.00>
ST_1 : Operation 61 [1/1] (0.00ns)   --->   "%store_ln12 = store i20 0, i20 %mxm_execute_ursa_signed_char_unsigned_short_unsigned_char_unsigned_short_i_5" [/home/ulisses/Projects/ursa/exp/output-stationary/vitis_component/inp_data/hls_src/core/pe.cpp:12->/home/ulisses/Projects/ursa/exp/output-stationary/vitis_component/inp_data/hls_src/core/sa.cpp:32]   --->   Operation 61 'store' 'store_ln12' <Predicate = true> <Delay = 0.00>
ST_1 : Operation 62 [1/1] (0.00ns)   --->   "%store_ln12 = store i20 0, i20 %mxm_execute_ursa_signed_char_unsigned_short_unsigned_char_unsigned_short_i_4" [/home/ulisses/Projects/ursa/exp/output-stationary/vitis_component/inp_data/hls_src/core/pe.cpp:12->/home/ulisses/Projects/ursa/exp/output-stationary/vitis_component/inp_data/hls_src/core/sa.cpp:32]   --->   Operation 62 'store' 'store_ln12' <Predicate = true> <Delay = 0.00>
ST_1 : Operation 63 [1/1] (0.00ns)   --->   "%store_ln12 = store i20 0, i20 %mxm_execute_ursa_signed_char_unsigned_short_unsigned_char_unsigned_short_i_3" [/home/ulisses/Projects/ursa/exp/output-stationary/vitis_component/inp_data/hls_src/core/pe.cpp:12->/home/ulisses/Projects/ursa/exp/output-stationary/vitis_component/inp_data/hls_src/core/sa.cpp:32]   --->   Operation 63 'store' 'store_ln12' <Predicate = true> <Delay = 0.00>
ST_1 : Operation 64 [1/1] (0.00ns)   --->   "%store_ln12 = store i20 0, i20 %mxm_execute_ursa_signed_char_unsigned_short_unsigned_char_unsigned_short_i_2" [/home/ulisses/Projects/ursa/exp/output-stationary/vitis_component/inp_data/hls_src/core/pe.cpp:12->/home/ulisses/Projects/ursa/exp/output-stationary/vitis_component/inp_data/hls_src/core/sa.cpp:32]   --->   Operation 64 'store' 'store_ln12' <Predicate = true> <Delay = 0.00>
ST_1 : Operation 65 [1/1] (0.00ns)   --->   "%store_ln12 = store i20 0, i20 %mxm_execute_ursa_signed_char_unsigned_short_unsigned_char_unsigned_short_i_1" [/home/ulisses/Projects/ursa/exp/output-stationary/vitis_component/inp_data/hls_src/core/pe.cpp:12->/home/ulisses/Projects/ursa/exp/output-stationary/vitis_component/inp_data/hls_src/core/sa.cpp:32]   --->   Operation 65 'store' 'store_ln12' <Predicate = true> <Delay = 0.00>
ST_1 : Operation 66 [1/1] (0.00ns)   --->   "%store_ln12 = store i20 0, i20 %mxm_execute_ursa_signed_char_unsigned_short_unsigned_char_unsigned_short_i" [/home/ulisses/Projects/ursa/exp/output-stationary/vitis_component/inp_data/hls_src/core/pe.cpp:12->/home/ulisses/Projects/ursa/exp/output-stationary/vitis_component/inp_data/hls_src/core/sa.cpp:32]   --->   Operation 66 'store' 'store_ln12' <Predicate = true> <Delay = 0.00>
ST_1 : Operation 67 [1/1] (0.00ns)   --->   "%ret_ln35 = ret" [/home/ulisses/Projects/ursa/exp/output-stationary/vitis_component/inp_data/hls_src/core/sa.cpp:35]   --->   Operation 67 'ret' 'ret_ln35' <Predicate = true> <Delay = 0.00>


============================================================
+ Verbose Summary: Binding
============================================================
STG Binding: 
---------------- STG Properties BEGIN ----------------
- Is combinational: 1
- Is one-state seq: 0
- Is datapath-only: 0
- Is pipelined: 1
- Is top level: 0
Port [ Return ] is wired: 1; IO mode=ap_ctrl_hs:ce=0
Port [ mxm_execute_ursa_signed_char_unsigned_short_unsigned_char_unsigned_short_i_63]:  wired=1; compound=0; hidden=0; nouse=0; global=1; static=1; extern=0; dir=1; type=0; pingpong=0; private_global=0; IO mode=ap_vld:ce=0
Port [ mxm_execute_ursa_signed_char_unsigned_short_unsigned_char_unsigned_short_i_62]:  wired=1; compound=0; hidden=0; nouse=0; global=1; static=1; extern=0; dir=1; type=0; pingpong=0; private_global=0; IO mode=ap_vld:ce=0
Port [ mxm_execute_ursa_signed_char_unsigned_short_unsigned_char_unsigned_short_i_61]:  wired=1; compound=0; hidden=0; nouse=0; global=1; static=1; extern=0; dir=1; type=0; pingpong=0; private_global=0; IO mode=ap_vld:ce=0
Port [ mxm_execute_ursa_signed_char_unsigned_short_unsigned_char_unsigned_short_i_60]:  wired=1; compound=0; hidden=0; nouse=0; global=1; static=1; extern=0; dir=1; type=0; pingpong=0; private_global=0; IO mode=ap_vld:ce=0
Port [ mxm_execute_ursa_signed_char_unsigned_short_unsigned_char_unsigned_short_i_59]:  wired=1; compound=0; hidden=0; nouse=0; global=1; static=1; extern=0; dir=1; type=0; pingpong=0; private_global=0; IO mode=ap_vld:ce=0
Port [ mxm_execute_ursa_signed_char_unsigned_short_unsigned_char_unsigned_short_i_58]:  wired=1; compound=0; hidden=0; nouse=0; global=1; static=1; extern=0; dir=1; type=0; pingpong=0; private_global=0; IO mode=ap_vld:ce=0
Port [ mxm_execute_ursa_signed_char_unsigned_short_unsigned_char_unsigned_short_i_57]:  wired=1; compound=0; hidden=0; nouse=0; global=1; static=1; extern=0; dir=1; type=0; pingpong=0; private_global=0; IO mode=ap_vld:ce=0
Port [ mxm_execute_ursa_signed_char_unsigned_short_unsigned_char_unsigned_short_i_56]:  wired=1; compound=0; hidden=0; nouse=0; global=1; static=1; extern=0; dir=1; type=0; pingpong=0; private_global=0; IO mode=ap_vld:ce=0
Port [ mxm_execute_ursa_signed_char_unsigned_short_unsigned_char_unsigned_short_i_55]:  wired=1; compound=0; hidden=0; nouse=0; global=1; static=1; extern=0; dir=1; type=0; pingpong=0; private_global=0; IO mode=ap_vld:ce=0
Port [ mxm_execute_ursa_signed_char_unsigned_short_unsigned_char_unsigned_short_i_54]:  wired=1; compound=0; hidden=0; nouse=0; global=1; static=1; extern=0; dir=1; type=0; pingpong=0; private_global=0; IO mode=ap_vld:ce=0
Port [ mxm_execute_ursa_signed_char_unsigned_short_unsigned_char_unsigned_short_i_53]:  wired=1; compound=0; hidden=0; nouse=0; global=1; static=1; extern=0; dir=1; type=0; pingpong=0; private_global=0; IO mode=ap_vld:ce=0
Port [ mxm_execute_ursa_signed_char_unsigned_short_unsigned_char_unsigned_short_i_52]:  wired=1; compound=0; hidden=0; nouse=0; global=1; static=1; extern=0; dir=1; type=0; pingpong=0; private_global=0; IO mode=ap_vld:ce=0
Port [ mxm_execute_ursa_signed_char_unsigned_short_unsigned_char_unsigned_short_i_51]:  wired=1; compound=0; hidden=0; nouse=0; global=1; static=1; extern=0; dir=1; type=0; pingpong=0; private_global=0; IO mode=ap_vld:ce=0
Port [ mxm_execute_ursa_signed_char_unsigned_short_unsigned_char_unsigned_short_i_50]:  wired=1; compound=0; hidden=0; nouse=0; global=1; static=1; extern=0; dir=1; type=0; pingpong=0; private_global=0; IO mode=ap_vld:ce=0
Port [ mxm_execute_ursa_signed_char_unsigned_short_unsigned_char_unsigned_short_i_49]:  wired=1; compound=0; hidden=0; nouse=0; global=1; static=1; extern=0; dir=1; type=0; pingpong=0; private_global=0; IO mode=ap_vld:ce=0
Port [ mxm_execute_ursa_signed_char_unsigned_short_unsigned_char_unsigned_short_i_48]:  wired=1; compound=0; hidden=0; nouse=0; global=1; static=1; extern=0; dir=1; type=0; pingpong=0; private_global=0; IO mode=ap_vld:ce=0
Port [ mxm_execute_ursa_signed_char_unsigned_short_unsigned_char_unsigned_short_i_47]:  wired=1; compound=0; hidden=0; nouse=0; global=1; static=1; extern=0; dir=1; type=0; pingpong=0; private_global=0; IO mode=ap_vld:ce=0
Port [ mxm_execute_ursa_signed_char_unsigned_short_unsigned_char_unsigned_short_i_46]:  wired=1; compound=0; hidden=0; nouse=0; global=1; static=1; extern=0; dir=1; type=0; pingpong=0; private_global=0; IO mode=ap_vld:ce=0
Port [ mxm_execute_ursa_signed_char_unsigned_short_unsigned_char_unsigned_short_i_45]:  wired=1; compound=0; hidden=0; nouse=0; global=1; static=1; extern=0; dir=1; type=0; pingpong=0; private_global=0; IO mode=ap_vld:ce=0
Port [ mxm_execute_ursa_signed_char_unsigned_short_unsigned_char_unsigned_short_i_44]:  wired=1; compound=0; hidden=0; nouse=0; global=1; static=1; extern=0; dir=1; type=0; pingpong=0; private_global=0; IO mode=ap_vld:ce=0
Port [ mxm_execute_ursa_signed_char_unsigned_short_unsigned_char_unsigned_short_i_43]:  wired=1; compound=0; hidden=0; nouse=0; global=1; static=1; extern=0; dir=1; type=0; pingpong=0; private_global=0; IO mode=ap_vld:ce=0
Port [ mxm_execute_ursa_signed_char_unsigned_short_unsigned_char_unsigned_short_i_42]:  wired=1; compound=0; hidden=0; nouse=0; global=1; static=1; extern=0; dir=1; type=0; pingpong=0; private_global=0; IO mode=ap_vld:ce=0
Port [ mxm_execute_ursa_signed_char_unsigned_short_unsigned_char_unsigned_short_i_41]:  wired=1; compound=0; hidden=0; nouse=0; global=1; static=1; extern=0; dir=1; type=0; pingpong=0; private_global=0; IO mode=ap_vld:ce=0
Port [ mxm_execute_ursa_signed_char_unsigned_short_unsigned_char_unsigned_short_i_40]:  wired=1; compound=0; hidden=0; nouse=0; global=1; static=1; extern=0; dir=1; type=0; pingpong=0; private_global=0; IO mode=ap_vld:ce=0
Port [ mxm_execute_ursa_signed_char_unsigned_short_unsigned_char_unsigned_short_i_39]:  wired=1; compound=0; hidden=0; nouse=0; global=1; static=1; extern=0; dir=1; type=0; pingpong=0; private_global=0; IO mode=ap_vld:ce=0
Port [ mxm_execute_ursa_signed_char_unsigned_short_unsigned_char_unsigned_short_i_38]:  wired=1; compound=0; hidden=0; nouse=0; global=1; static=1; extern=0; dir=1; type=0; pingpong=0; private_global=0; IO mode=ap_vld:ce=0
Port [ mxm_execute_ursa_signed_char_unsigned_short_unsigned_char_unsigned_short_i_37]:  wired=1; compound=0; hidden=0; nouse=0; global=1; static=1; extern=0; dir=1; type=0; pingpong=0; private_global=0; IO mode=ap_vld:ce=0
Port [ mxm_execute_ursa_signed_char_unsigned_short_unsigned_char_unsigned_short_i_36]:  wired=1; compound=0; hidden=0; nouse=0; global=1; static=1; extern=0; dir=1; type=0; pingpong=0; private_global=0; IO mode=ap_vld:ce=0
Port [ mxm_execute_ursa_signed_char_unsigned_short_unsigned_char_unsigned_short_i_35]:  wired=1; compound=0; hidden=0; nouse=0; global=1; static=1; extern=0; dir=1; type=0; pingpong=0; private_global=0; IO mode=ap_vld:ce=0
Port [ mxm_execute_ursa_signed_char_unsigned_short_unsigned_char_unsigned_short_i_34]:  wired=1; compound=0; hidden=0; nouse=0; global=1; static=1; extern=0; dir=1; type=0; pingpong=0; private_global=0; IO mode=ap_vld:ce=0
Port [ mxm_execute_ursa_signed_char_unsigned_short_unsigned_char_unsigned_short_i_33]:  wired=1; compound=0; hidden=0; nouse=0; global=1; static=1; extern=0; dir=1; type=0; pingpong=0; private_global=0; IO mode=ap_vld:ce=0
Port [ mxm_execute_ursa_signed_char_unsigned_short_unsigned_char_unsigned_short_i_32]:  wired=1; compound=0; hidden=0; nouse=0; global=1; static=1; extern=0; dir=1; type=0; pingpong=0; private_global=0; IO mode=ap_vld:ce=0
Port [ mxm_execute_ursa_signed_char_unsigned_short_unsigned_char_unsigned_short_i_31]:  wired=1; compound=0; hidden=0; nouse=0; global=1; static=1; extern=0; dir=1; type=0; pingpong=0; private_global=0; IO mode=ap_vld:ce=0
Port [ mxm_execute_ursa_signed_char_unsigned_short_unsigned_char_unsigned_short_i_30]:  wired=1; compound=0; hidden=0; nouse=0; global=1; static=1; extern=0; dir=1; type=0; pingpong=0; private_global=0; IO mode=ap_vld:ce=0
Port [ mxm_execute_ursa_signed_char_unsigned_short_unsigned_char_unsigned_short_i_29]:  wired=1; compound=0; hidden=0; nouse=0; global=1; static=1; extern=0; dir=1; type=0; pingpong=0; private_global=0; IO mode=ap_vld:ce=0
Port [ mxm_execute_ursa_signed_char_unsigned_short_unsigned_char_unsigned_short_i_28]:  wired=1; compound=0; hidden=0; nouse=0; global=1; static=1; extern=0; dir=1; type=0; pingpong=0; private_global=0; IO mode=ap_vld:ce=0
Port [ mxm_execute_ursa_signed_char_unsigned_short_unsigned_char_unsigned_short_i_27]:  wired=1; compound=0; hidden=0; nouse=0; global=1; static=1; extern=0; dir=1; type=0; pingpong=0; private_global=0; IO mode=ap_vld:ce=0
Port [ mxm_execute_ursa_signed_char_unsigned_short_unsigned_char_unsigned_short_i_26]:  wired=1; compound=0; hidden=0; nouse=0; global=1; static=1; extern=0; dir=1; type=0; pingpong=0; private_global=0; IO mode=ap_vld:ce=0
Port [ mxm_execute_ursa_signed_char_unsigned_short_unsigned_char_unsigned_short_i_25]:  wired=1; compound=0; hidden=0; nouse=0; global=1; static=1; extern=0; dir=1; type=0; pingpong=0; private_global=0; IO mode=ap_vld:ce=0
Port [ mxm_execute_ursa_signed_char_unsigned_short_unsigned_char_unsigned_short_i_24]:  wired=1; compound=0; hidden=0; nouse=0; global=1; static=1; extern=0; dir=1; type=0; pingpong=0; private_global=0; IO mode=ap_vld:ce=0
Port [ mxm_execute_ursa_signed_char_unsigned_short_unsigned_char_unsigned_short_i_23]:  wired=1; compound=0; hidden=0; nouse=0; global=1; static=1; extern=0; dir=1; type=0; pingpong=0; private_global=0; IO mode=ap_vld:ce=0
Port [ mxm_execute_ursa_signed_char_unsigned_short_unsigned_char_unsigned_short_i_22]:  wired=1; compound=0; hidden=0; nouse=0; global=1; static=1; extern=0; dir=1; type=0; pingpong=0; private_global=0; IO mode=ap_vld:ce=0
Port [ mxm_execute_ursa_signed_char_unsigned_short_unsigned_char_unsigned_short_i_21]:  wired=1; compound=0; hidden=0; nouse=0; global=1; static=1; extern=0; dir=1; type=0; pingpong=0; private_global=0; IO mode=ap_vld:ce=0
Port [ mxm_execute_ursa_signed_char_unsigned_short_unsigned_char_unsigned_short_i_20]:  wired=1; compound=0; hidden=0; nouse=0; global=1; static=1; extern=0; dir=1; type=0; pingpong=0; private_global=0; IO mode=ap_vld:ce=0
Port [ mxm_execute_ursa_signed_char_unsigned_short_unsigned_char_unsigned_short_i_19]:  wired=1; compound=0; hidden=0; nouse=0; global=1; static=1; extern=0; dir=1; type=0; pingpong=0; private_global=0; IO mode=ap_vld:ce=0
Port [ mxm_execute_ursa_signed_char_unsigned_short_unsigned_char_unsigned_short_i_18]:  wired=1; compound=0; hidden=0; nouse=0; global=1; static=1; extern=0; dir=1; type=0; pingpong=0; private_global=0; IO mode=ap_vld:ce=0
Port [ mxm_execute_ursa_signed_char_unsigned_short_unsigned_char_unsigned_short_i_17]:  wired=1; compound=0; hidden=0; nouse=0; global=1; static=1; extern=0; dir=1; type=0; pingpong=0; private_global=0; IO mode=ap_vld:ce=0
Port [ mxm_execute_ursa_signed_char_unsigned_short_unsigned_char_unsigned_short_i_16]:  wired=1; compound=0; hidden=0; nouse=0; global=1; static=1; extern=0; dir=1; type=0; pingpong=0; private_global=0; IO mode=ap_vld:ce=0
Port [ mxm_execute_ursa_signed_char_unsigned_short_unsigned_char_unsigned_short_i_15]:  wired=1; compound=0; hidden=0; nouse=0; global=1; static=1; extern=0; dir=1; type=0; pingpong=0; private_global=0; IO mode=ap_vld:ce=0
Port [ mxm_execute_ursa_signed_char_unsigned_short_unsigned_char_unsigned_short_i_14]:  wired=1; compound=0; hidden=0; nouse=0; global=1; static=1; extern=0; dir=1; type=0; pingpong=0; private_global=0; IO mode=ap_vld:ce=0
Port [ mxm_execute_ursa_signed_char_unsigned_short_unsigned_char_unsigned_short_i_13]:  wired=1; compound=0; hidden=0; nouse=0; global=1; static=1; extern=0; dir=1; type=0; pingpong=0; private_global=0; IO mode=ap_vld:ce=0
Port [ mxm_execute_ursa_signed_char_unsigned_short_unsigned_char_unsigned_short_i_12]:  wired=1; compound=0; hidden=0; nouse=0; global=1; static=1; extern=0; dir=1; type=0; pingpong=0; private_global=0; IO mode=ap_vld:ce=0
Port [ mxm_execute_ursa_signed_char_unsigned_short_unsigned_char_unsigned_short_i_11]:  wired=1; compound=0; hidden=0; nouse=0; global=1; static=1; extern=0; dir=1; type=0; pingpong=0; private_global=0; IO mode=ap_vld:ce=0
Port [ mxm_execute_ursa_signed_char_unsigned_short_unsigned_char_unsigned_short_i_10]:  wired=1; compound=0; hidden=0; nouse=0; global=1; static=1; extern=0; dir=1; type=0; pingpong=0; private_global=0; IO mode=ap_vld:ce=0
Port [ mxm_execute_ursa_signed_char_unsigned_short_unsigned_char_unsigned_short_i_9]:  wired=1; compound=0; hidden=0; nouse=0; global=1; static=1; extern=0; dir=1; type=0; pingpong=0; private_global=0; IO mode=ap_vld:ce=0
Port [ mxm_execute_ursa_signed_char_unsigned_short_unsigned_char_unsigned_short_i_8]:  wired=1; compound=0; hidden=0; nouse=0; global=1; static=1; extern=0; dir=1; type=0; pingpong=0; private_global=0; IO mode=ap_vld:ce=0
Port [ mxm_execute_ursa_signed_char_unsigned_short_unsigned_char_unsigned_short_i_7]:  wired=1; compound=0; hidden=0; nouse=0; global=1; static=1; extern=0; dir=1; type=0; pingpong=0; private_global=0; IO mode=ap_vld:ce=0
Port [ mxm_execute_ursa_signed_char_unsigned_short_unsigned_char_unsigned_short_i_6]:  wired=1; compound=0; hidden=0; nouse=0; global=1; static=1; extern=0; dir=1; type=0; pingpong=0; private_global=0; IO mode=ap_vld:ce=0
Port [ mxm_execute_ursa_signed_char_unsigned_short_unsigned_char_unsigned_short_i_5]:  wired=1; compound=0; hidden=0; nouse=0; global=1; static=1; extern=0; dir=1; type=0; pingpong=0; private_global=0; IO mode=ap_vld:ce=0
Port [ mxm_execute_ursa_signed_char_unsigned_short_unsigned_char_unsigned_short_i_4]:  wired=1; compound=0; hidden=0; nouse=0; global=1; static=1; extern=0; dir=1; type=0; pingpong=0; private_global=0; IO mode=ap_vld:ce=0
Port [ mxm_execute_ursa_signed_char_unsigned_short_unsigned_char_unsigned_short_i_3]:  wired=1; compound=0; hidden=0; nouse=0; global=1; static=1; extern=0; dir=1; type=0; pingpong=0; private_global=0; IO mode=ap_vld:ce=0
Port [ mxm_execute_ursa_signed_char_unsigned_short_unsigned_char_unsigned_short_i_2]:  wired=1; compound=0; hidden=0; nouse=0; global=1; static=1; extern=0; dir=1; type=0; pingpong=0; private_global=0; IO mode=ap_vld:ce=0
Port [ mxm_execute_ursa_signed_char_unsigned_short_unsigned_char_unsigned_short_i_1]:  wired=1; compound=0; hidden=0; nouse=0; global=1; static=1; extern=0; dir=1; type=0; pingpong=0; private_global=0; IO mode=ap_vld:ce=0
Port [ mxm_execute_ursa_signed_char_unsigned_short_unsigned_char_unsigned_short_i]:  wired=1; compound=0; hidden=0; nouse=0; global=1; static=1; extern=0; dir=1; type=0; pingpong=0; private_global=0; IO mode=ap_vld:ce=0
---------------- STG Properties END ------------------

---------------- Datapath Model BEGIN ----------------

<LifeTime>
<method=bitvector/>
specpipeline_ln12 (specpipeline) [ 00]
store_ln12        (store       ) [ 00]
store_ln12        (store       ) [ 00]
store_ln12        (store       ) [ 00]
store_ln12        (store       ) [ 00]
store_ln12        (store       ) [ 00]
store_ln12        (store       ) [ 00]
store_ln12        (store       ) [ 00]
store_ln12        (store       ) [ 00]
store_ln12        (store       ) [ 00]
store_ln12        (store       ) [ 00]
store_ln12        (store       ) [ 00]
store_ln12        (store       ) [ 00]
store_ln12        (store       ) [ 00]
store_ln12        (store       ) [ 00]
store_ln12        (store       ) [ 00]
store_ln12        (store       ) [ 00]
store_ln12        (store       ) [ 00]
store_ln12        (store       ) [ 00]
store_ln12        (store       ) [ 00]
store_ln12        (store       ) [ 00]
store_ln12        (store       ) [ 00]
store_ln12        (store       ) [ 00]
store_ln12        (store       ) [ 00]
store_ln12        (store       ) [ 00]
store_ln12        (store       ) [ 00]
store_ln12        (store       ) [ 00]
store_ln12        (store       ) [ 00]
store_ln12        (store       ) [ 00]
store_ln12        (store       ) [ 00]
store_ln12        (store       ) [ 00]
store_ln12        (store       ) [ 00]
store_ln12        (store       ) [ 00]
store_ln12        (store       ) [ 00]
store_ln12        (store       ) [ 00]
store_ln12        (store       ) [ 00]
store_ln12        (store       ) [ 00]
store_ln12        (store       ) [ 00]
store_ln12        (store       ) [ 00]
store_ln12        (store       ) [ 00]
store_ln12        (store       ) [ 00]
store_ln12        (store       ) [ 00]
store_ln12        (store       ) [ 00]
store_ln12        (store       ) [ 00]
store_ln12        (store       ) [ 00]
store_ln12        (store       ) [ 00]
store_ln12        (store       ) [ 00]
store_ln12        (store       ) [ 00]
store_ln12        (store       ) [ 00]
store_ln12        (store       ) [ 00]
store_ln12        (store       ) [ 00]
store_ln12        (store       ) [ 00]
store_ln12        (store       ) [ 00]
store_ln12        (store       ) [ 00]
store_ln12        (store       ) [ 00]
store_ln12        (store       ) [ 00]
store_ln12        (store       ) [ 00]
store_ln12        (store       ) [ 00]
store_ln12        (store       ) [ 00]
store_ln12        (store       ) [ 00]
store_ln12        (store       ) [ 00]
store_ln12        (store       ) [ 00]
store_ln12        (store       ) [ 00]
store_ln12        (store       ) [ 00]
store_ln12        (store       ) [ 00]
ret_ln35          (ret         ) [ 00]
</LifeTime>

<model>

<comp_list>
<comp id="0" class="1000" name="mxm_execute_ursa_signed_char_unsigned_short_unsigned_char_unsigned_short_i_63">
<pin_list>
<pin id="1" dir="1" index="0" bw="1" slack="0"/>
</pin_list>
<bind>
<StgValue><ssdm name="mxm_execute_ursa_signed_char_unsigned_short_unsigned_char_unsigned_short_i_63"/></StgValue>
</bind>
</comp>

<comp id="2" class="1000" name="mxm_execute_ursa_signed_char_unsigned_short_unsigned_char_unsigned_short_i_62">
<pin_list>
<pin id="3" dir="1" index="0" bw="1" slack="0"/>
</pin_list>
<bind>
<StgValue><ssdm name="mxm_execute_ursa_signed_char_unsigned_short_unsigned_char_unsigned_short_i_62"/></StgValue>
</bind>
</comp>

<comp id="4" class="1000" name="mxm_execute_ursa_signed_char_unsigned_short_unsigned_char_unsigned_short_i_61">
<pin_list>
<pin id="5" dir="1" index="0" bw="1" slack="0"/>
</pin_list>
<bind>
<StgValue><ssdm name="mxm_execute_ursa_signed_char_unsigned_short_unsigned_char_unsigned_short_i_61"/></StgValue>
</bind>
</comp>

<comp id="6" class="1000" name="mxm_execute_ursa_signed_char_unsigned_short_unsigned_char_unsigned_short_i_60">
<pin_list>
<pin id="7" dir="1" index="0" bw="1" slack="0"/>
</pin_list>
<bind>
<StgValue><ssdm name="mxm_execute_ursa_signed_char_unsigned_short_unsigned_char_unsigned_short_i_60"/></StgValue>
</bind>
</comp>

<comp id="8" class="1000" name="mxm_execute_ursa_signed_char_unsigned_short_unsigned_char_unsigned_short_i_59">
<pin_list>
<pin id="9" dir="1" index="0" bw="1" slack="0"/>
</pin_list>
<bind>
<StgValue><ssdm name="mxm_execute_ursa_signed_char_unsigned_short_unsigned_char_unsigned_short_i_59"/></StgValue>
</bind>
</comp>

<comp id="10" class="1000" name="mxm_execute_ursa_signed_char_unsigned_short_unsigned_char_unsigned_short_i_58">
<pin_list>
<pin id="11" dir="1" index="0" bw="1" slack="0"/>
</pin_list>
<bind>
<StgValue><ssdm name="mxm_execute_ursa_signed_char_unsigned_short_unsigned_char_unsigned_short_i_58"/></StgValue>
</bind>
</comp>

<comp id="12" class="1000" name="mxm_execute_ursa_signed_char_unsigned_short_unsigned_char_unsigned_short_i_57">
<pin_list>
<pin id="13" dir="1" index="0" bw="1" slack="0"/>
</pin_list>
<bind>
<StgValue><ssdm name="mxm_execute_ursa_signed_char_unsigned_short_unsigned_char_unsigned_short_i_57"/></StgValue>
</bind>
</comp>

<comp id="14" class="1000" name="mxm_execute_ursa_signed_char_unsigned_short_unsigned_char_unsigned_short_i_56">
<pin_list>
<pin id="15" dir="1" index="0" bw="1" slack="0"/>
</pin_list>
<bind>
<StgValue><ssdm name="mxm_execute_ursa_signed_char_unsigned_short_unsigned_char_unsigned_short_i_56"/></StgValue>
</bind>
</comp>

<comp id="16" class="1000" name="mxm_execute_ursa_signed_char_unsigned_short_unsigned_char_unsigned_short_i_55">
<pin_list>
<pin id="17" dir="1" index="0" bw="1" slack="0"/>
</pin_list>
<bind>
<StgValue><ssdm name="mxm_execute_ursa_signed_char_unsigned_short_unsigned_char_unsigned_short_i_55"/></StgValue>
</bind>
</comp>

<comp id="18" class="1000" name="mxm_execute_ursa_signed_char_unsigned_short_unsigned_char_unsigned_short_i_54">
<pin_list>
<pin id="19" dir="1" index="0" bw="1" slack="0"/>
</pin_list>
<bind>
<StgValue><ssdm name="mxm_execute_ursa_signed_char_unsigned_short_unsigned_char_unsigned_short_i_54"/></StgValue>
</bind>
</comp>

<comp id="20" class="1000" name="mxm_execute_ursa_signed_char_unsigned_short_unsigned_char_unsigned_short_i_53">
<pin_list>
<pin id="21" dir="1" index="0" bw="1" slack="0"/>
</pin_list>
<bind>
<StgValue><ssdm name="mxm_execute_ursa_signed_char_unsigned_short_unsigned_char_unsigned_short_i_53"/></StgValue>
</bind>
</comp>

<comp id="22" class="1000" name="mxm_execute_ursa_signed_char_unsigned_short_unsigned_char_unsigned_short_i_52">
<pin_list>
<pin id="23" dir="1" index="0" bw="1" slack="0"/>
</pin_list>
<bind>
<StgValue><ssdm name="mxm_execute_ursa_signed_char_unsigned_short_unsigned_char_unsigned_short_i_52"/></StgValue>
</bind>
</comp>

<comp id="24" class="1000" name="mxm_execute_ursa_signed_char_unsigned_short_unsigned_char_unsigned_short_i_51">
<pin_list>
<pin id="25" dir="1" index="0" bw="1" slack="0"/>
</pin_list>
<bind>
<StgValue><ssdm name="mxm_execute_ursa_signed_char_unsigned_short_unsigned_char_unsigned_short_i_51"/></StgValue>
</bind>
</comp>

<comp id="26" class="1000" name="mxm_execute_ursa_signed_char_unsigned_short_unsigned_char_unsigned_short_i_50">
<pin_list>
<pin id="27" dir="1" index="0" bw="1" slack="0"/>
</pin_list>
<bind>
<StgValue><ssdm name="mxm_execute_ursa_signed_char_unsigned_short_unsigned_char_unsigned_short_i_50"/></StgValue>
</bind>
</comp>

<comp id="28" class="1000" name="mxm_execute_ursa_signed_char_unsigned_short_unsigned_char_unsigned_short_i_49">
<pin_list>
<pin id="29" dir="1" index="0" bw="1" slack="0"/>
</pin_list>
<bind>
<StgValue><ssdm name="mxm_execute_ursa_signed_char_unsigned_short_unsigned_char_unsigned_short_i_49"/></StgValue>
</bind>
</comp>

<comp id="30" class="1000" name="mxm_execute_ursa_signed_char_unsigned_short_unsigned_char_unsigned_short_i_48">
<pin_list>
<pin id="31" dir="1" index="0" bw="1" slack="0"/>
</pin_list>
<bind>
<StgValue><ssdm name="mxm_execute_ursa_signed_char_unsigned_short_unsigned_char_unsigned_short_i_48"/></StgValue>
</bind>
</comp>

<comp id="32" class="1000" name="mxm_execute_ursa_signed_char_unsigned_short_unsigned_char_unsigned_short_i_47">
<pin_list>
<pin id="33" dir="1" index="0" bw="1" slack="0"/>
</pin_list>
<bind>
<StgValue><ssdm name="mxm_execute_ursa_signed_char_unsigned_short_unsigned_char_unsigned_short_i_47"/></StgValue>
</bind>
</comp>

<comp id="34" class="1000" name="mxm_execute_ursa_signed_char_unsigned_short_unsigned_char_unsigned_short_i_46">
<pin_list>
<pin id="35" dir="1" index="0" bw="1" slack="0"/>
</pin_list>
<bind>
<StgValue><ssdm name="mxm_execute_ursa_signed_char_unsigned_short_unsigned_char_unsigned_short_i_46"/></StgValue>
</bind>
</comp>

<comp id="36" class="1000" name="mxm_execute_ursa_signed_char_unsigned_short_unsigned_char_unsigned_short_i_45">
<pin_list>
<pin id="37" dir="1" index="0" bw="1" slack="0"/>
</pin_list>
<bind>
<StgValue><ssdm name="mxm_execute_ursa_signed_char_unsigned_short_unsigned_char_unsigned_short_i_45"/></StgValue>
</bind>
</comp>

<comp id="38" class="1000" name="mxm_execute_ursa_signed_char_unsigned_short_unsigned_char_unsigned_short_i_44">
<pin_list>
<pin id="39" dir="1" index="0" bw="1" slack="0"/>
</pin_list>
<bind>
<StgValue><ssdm name="mxm_execute_ursa_signed_char_unsigned_short_unsigned_char_unsigned_short_i_44"/></StgValue>
</bind>
</comp>

<comp id="40" class="1000" name="mxm_execute_ursa_signed_char_unsigned_short_unsigned_char_unsigned_short_i_43">
<pin_list>
<pin id="41" dir="1" index="0" bw="1" slack="0"/>
</pin_list>
<bind>
<StgValue><ssdm name="mxm_execute_ursa_signed_char_unsigned_short_unsigned_char_unsigned_short_i_43"/></StgValue>
</bind>
</comp>

<comp id="42" class="1000" name="mxm_execute_ursa_signed_char_unsigned_short_unsigned_char_unsigned_short_i_42">
<pin_list>
<pin id="43" dir="1" index="0" bw="1" slack="0"/>
</pin_list>
<bind>
<StgValue><ssdm name="mxm_execute_ursa_signed_char_unsigned_short_unsigned_char_unsigned_short_i_42"/></StgValue>
</bind>
</comp>

<comp id="44" class="1000" name="mxm_execute_ursa_signed_char_unsigned_short_unsigned_char_unsigned_short_i_41">
<pin_list>
<pin id="45" dir="1" index="0" bw="1" slack="0"/>
</pin_list>
<bind>
<StgValue><ssdm name="mxm_execute_ursa_signed_char_unsigned_short_unsigned_char_unsigned_short_i_41"/></StgValue>
</bind>
</comp>

<comp id="46" class="1000" name="mxm_execute_ursa_signed_char_unsigned_short_unsigned_char_unsigned_short_i_40">
<pin_list>
<pin id="47" dir="1" index="0" bw="1" slack="0"/>
</pin_list>
<bind>
<StgValue><ssdm name="mxm_execute_ursa_signed_char_unsigned_short_unsigned_char_unsigned_short_i_40"/></StgValue>
</bind>
</comp>

<comp id="48" class="1000" name="mxm_execute_ursa_signed_char_unsigned_short_unsigned_char_unsigned_short_i_39">
<pin_list>
<pin id="49" dir="1" index="0" bw="1" slack="0"/>
</pin_list>
<bind>
<StgValue><ssdm name="mxm_execute_ursa_signed_char_unsigned_short_unsigned_char_unsigned_short_i_39"/></StgValue>
</bind>
</comp>

<comp id="50" class="1000" name="mxm_execute_ursa_signed_char_unsigned_short_unsigned_char_unsigned_short_i_38">
<pin_list>
<pin id="51" dir="1" index="0" bw="1" slack="0"/>
</pin_list>
<bind>
<StgValue><ssdm name="mxm_execute_ursa_signed_char_unsigned_short_unsigned_char_unsigned_short_i_38"/></StgValue>
</bind>
</comp>

<comp id="52" class="1000" name="mxm_execute_ursa_signed_char_unsigned_short_unsigned_char_unsigned_short_i_37">
<pin_list>
<pin id="53" dir="1" index="0" bw="1" slack="0"/>
</pin_list>
<bind>
<StgValue><ssdm name="mxm_execute_ursa_signed_char_unsigned_short_unsigned_char_unsigned_short_i_37"/></StgValue>
</bind>
</comp>

<comp id="54" class="1000" name="mxm_execute_ursa_signed_char_unsigned_short_unsigned_char_unsigned_short_i_36">
<pin_list>
<pin id="55" dir="1" index="0" bw="1" slack="0"/>
</pin_list>
<bind>
<StgValue><ssdm name="mxm_execute_ursa_signed_char_unsigned_short_unsigned_char_unsigned_short_i_36"/></StgValue>
</bind>
</comp>

<comp id="56" class="1000" name="mxm_execute_ursa_signed_char_unsigned_short_unsigned_char_unsigned_short_i_35">
<pin_list>
<pin id="57" dir="1" index="0" bw="1" slack="0"/>
</pin_list>
<bind>
<StgValue><ssdm name="mxm_execute_ursa_signed_char_unsigned_short_unsigned_char_unsigned_short_i_35"/></StgValue>
</bind>
</comp>

<comp id="58" class="1000" name="mxm_execute_ursa_signed_char_unsigned_short_unsigned_char_unsigned_short_i_34">
<pin_list>
<pin id="59" dir="1" index="0" bw="1" slack="0"/>
</pin_list>
<bind>
<StgValue><ssdm name="mxm_execute_ursa_signed_char_unsigned_short_unsigned_char_unsigned_short_i_34"/></StgValue>
</bind>
</comp>

<comp id="60" class="1000" name="mxm_execute_ursa_signed_char_unsigned_short_unsigned_char_unsigned_short_i_33">
<pin_list>
<pin id="61" dir="1" index="0" bw="1" slack="0"/>
</pin_list>
<bind>
<StgValue><ssdm name="mxm_execute_ursa_signed_char_unsigned_short_unsigned_char_unsigned_short_i_33"/></StgValue>
</bind>
</comp>

<comp id="62" class="1000" name="mxm_execute_ursa_signed_char_unsigned_short_unsigned_char_unsigned_short_i_32">
<pin_list>
<pin id="63" dir="1" index="0" bw="1" slack="0"/>
</pin_list>
<bind>
<StgValue><ssdm name="mxm_execute_ursa_signed_char_unsigned_short_unsigned_char_unsigned_short_i_32"/></StgValue>
</bind>
</comp>

<comp id="64" class="1000" name="mxm_execute_ursa_signed_char_unsigned_short_unsigned_char_unsigned_short_i_31">
<pin_list>
<pin id="65" dir="1" index="0" bw="1" slack="0"/>
</pin_list>
<bind>
<StgValue><ssdm name="mxm_execute_ursa_signed_char_unsigned_short_unsigned_char_unsigned_short_i_31"/></StgValue>
</bind>
</comp>

<comp id="66" class="1000" name="mxm_execute_ursa_signed_char_unsigned_short_unsigned_char_unsigned_short_i_30">
<pin_list>
<pin id="67" dir="1" index="0" bw="1" slack="0"/>
</pin_list>
<bind>
<StgValue><ssdm name="mxm_execute_ursa_signed_char_unsigned_short_unsigned_char_unsigned_short_i_30"/></StgValue>
</bind>
</comp>

<comp id="68" class="1000" name="mxm_execute_ursa_signed_char_unsigned_short_unsigned_char_unsigned_short_i_29">
<pin_list>
<pin id="69" dir="1" index="0" bw="1" slack="0"/>
</pin_list>
<bind>
<StgValue><ssdm name="mxm_execute_ursa_signed_char_unsigned_short_unsigned_char_unsigned_short_i_29"/></StgValue>
</bind>
</comp>

<comp id="70" class="1000" name="mxm_execute_ursa_signed_char_unsigned_short_unsigned_char_unsigned_short_i_28">
<pin_list>
<pin id="71" dir="1" index="0" bw="1" slack="0"/>
</pin_list>
<bind>
<StgValue><ssdm name="mxm_execute_ursa_signed_char_unsigned_short_unsigned_char_unsigned_short_i_28"/></StgValue>
</bind>
</comp>

<comp id="72" class="1000" name="mxm_execute_ursa_signed_char_unsigned_short_unsigned_char_unsigned_short_i_27">
<pin_list>
<pin id="73" dir="1" index="0" bw="1" slack="0"/>
</pin_list>
<bind>
<StgValue><ssdm name="mxm_execute_ursa_signed_char_unsigned_short_unsigned_char_unsigned_short_i_27"/></StgValue>
</bind>
</comp>

<comp id="74" class="1000" name="mxm_execute_ursa_signed_char_unsigned_short_unsigned_char_unsigned_short_i_26">
<pin_list>
<pin id="75" dir="1" index="0" bw="1" slack="0"/>
</pin_list>
<bind>
<StgValue><ssdm name="mxm_execute_ursa_signed_char_unsigned_short_unsigned_char_unsigned_short_i_26"/></StgValue>
</bind>
</comp>

<comp id="76" class="1000" name="mxm_execute_ursa_signed_char_unsigned_short_unsigned_char_unsigned_short_i_25">
<pin_list>
<pin id="77" dir="1" index="0" bw="1" slack="0"/>
</pin_list>
<bind>
<StgValue><ssdm name="mxm_execute_ursa_signed_char_unsigned_short_unsigned_char_unsigned_short_i_25"/></StgValue>
</bind>
</comp>

<comp id="78" class="1000" name="mxm_execute_ursa_signed_char_unsigned_short_unsigned_char_unsigned_short_i_24">
<pin_list>
<pin id="79" dir="1" index="0" bw="1" slack="0"/>
</pin_list>
<bind>
<StgValue><ssdm name="mxm_execute_ursa_signed_char_unsigned_short_unsigned_char_unsigned_short_i_24"/></StgValue>
</bind>
</comp>

<comp id="80" class="1000" name="mxm_execute_ursa_signed_char_unsigned_short_unsigned_char_unsigned_short_i_23">
<pin_list>
<pin id="81" dir="1" index="0" bw="1" slack="0"/>
</pin_list>
<bind>
<StgValue><ssdm name="mxm_execute_ursa_signed_char_unsigned_short_unsigned_char_unsigned_short_i_23"/></StgValue>
</bind>
</comp>

<comp id="82" class="1000" name="mxm_execute_ursa_signed_char_unsigned_short_unsigned_char_unsigned_short_i_22">
<pin_list>
<pin id="83" dir="1" index="0" bw="1" slack="0"/>
</pin_list>
<bind>
<StgValue><ssdm name="mxm_execute_ursa_signed_char_unsigned_short_unsigned_char_unsigned_short_i_22"/></StgValue>
</bind>
</comp>

<comp id="84" class="1000" name="mxm_execute_ursa_signed_char_unsigned_short_unsigned_char_unsigned_short_i_21">
<pin_list>
<pin id="85" dir="1" index="0" bw="1" slack="0"/>
</pin_list>
<bind>
<StgValue><ssdm name="mxm_execute_ursa_signed_char_unsigned_short_unsigned_char_unsigned_short_i_21"/></StgValue>
</bind>
</comp>

<comp id="86" class="1000" name="mxm_execute_ursa_signed_char_unsigned_short_unsigned_char_unsigned_short_i_20">
<pin_list>
<pin id="87" dir="1" index="0" bw="1" slack="0"/>
</pin_list>
<bind>
<StgValue><ssdm name="mxm_execute_ursa_signed_char_unsigned_short_unsigned_char_unsigned_short_i_20"/></StgValue>
</bind>
</comp>

<comp id="88" class="1000" name="mxm_execute_ursa_signed_char_unsigned_short_unsigned_char_unsigned_short_i_19">
<pin_list>
<pin id="89" dir="1" index="0" bw="1" slack="0"/>
</pin_list>
<bind>
<StgValue><ssdm name="mxm_execute_ursa_signed_char_unsigned_short_unsigned_char_unsigned_short_i_19"/></StgValue>
</bind>
</comp>

<comp id="90" class="1000" name="mxm_execute_ursa_signed_char_unsigned_short_unsigned_char_unsigned_short_i_18">
<pin_list>
<pin id="91" dir="1" index="0" bw="1" slack="0"/>
</pin_list>
<bind>
<StgValue><ssdm name="mxm_execute_ursa_signed_char_unsigned_short_unsigned_char_unsigned_short_i_18"/></StgValue>
</bind>
</comp>

<comp id="92" class="1000" name="mxm_execute_ursa_signed_char_unsigned_short_unsigned_char_unsigned_short_i_17">
<pin_list>
<pin id="93" dir="1" index="0" bw="1" slack="0"/>
</pin_list>
<bind>
<StgValue><ssdm name="mxm_execute_ursa_signed_char_unsigned_short_unsigned_char_unsigned_short_i_17"/></StgValue>
</bind>
</comp>

<comp id="94" class="1000" name="mxm_execute_ursa_signed_char_unsigned_short_unsigned_char_unsigned_short_i_16">
<pin_list>
<pin id="95" dir="1" index="0" bw="1" slack="0"/>
</pin_list>
<bind>
<StgValue><ssdm name="mxm_execute_ursa_signed_char_unsigned_short_unsigned_char_unsigned_short_i_16"/></StgValue>
</bind>
</comp>

<comp id="96" class="1000" name="mxm_execute_ursa_signed_char_unsigned_short_unsigned_char_unsigned_short_i_15">
<pin_list>
<pin id="97" dir="1" index="0" bw="1" slack="0"/>
</pin_list>
<bind>
<StgValue><ssdm name="mxm_execute_ursa_signed_char_unsigned_short_unsigned_char_unsigned_short_i_15"/></StgValue>
</bind>
</comp>

<comp id="98" class="1000" name="mxm_execute_ursa_signed_char_unsigned_short_unsigned_char_unsigned_short_i_14">
<pin_list>
<pin id="99" dir="1" index="0" bw="1" slack="0"/>
</pin_list>
<bind>
<StgValue><ssdm name="mxm_execute_ursa_signed_char_unsigned_short_unsigned_char_unsigned_short_i_14"/></StgValue>
</bind>
</comp>

<comp id="100" class="1000" name="mxm_execute_ursa_signed_char_unsigned_short_unsigned_char_unsigned_short_i_13">
<pin_list>
<pin id="101" dir="1" index="0" bw="1" slack="0"/>
</pin_list>
<bind>
<StgValue><ssdm name="mxm_execute_ursa_signed_char_unsigned_short_unsigned_char_unsigned_short_i_13"/></StgValue>
</bind>
</comp>

<comp id="102" class="1000" name="mxm_execute_ursa_signed_char_unsigned_short_unsigned_char_unsigned_short_i_12">
<pin_list>
<pin id="103" dir="1" index="0" bw="1" slack="0"/>
</pin_list>
<bind>
<StgValue><ssdm name="mxm_execute_ursa_signed_char_unsigned_short_unsigned_char_unsigned_short_i_12"/></StgValue>
</bind>
</comp>

<comp id="104" class="1000" name="mxm_execute_ursa_signed_char_unsigned_short_unsigned_char_unsigned_short_i_11">
<pin_list>
<pin id="105" dir="1" index="0" bw="1" slack="0"/>
</pin_list>
<bind>
<StgValue><ssdm name="mxm_execute_ursa_signed_char_unsigned_short_unsigned_char_unsigned_short_i_11"/></StgValue>
</bind>
</comp>

<comp id="106" class="1000" name="mxm_execute_ursa_signed_char_unsigned_short_unsigned_char_unsigned_short_i_10">
<pin_list>
<pin id="107" dir="1" index="0" bw="1" slack="0"/>
</pin_list>
<bind>
<StgValue><ssdm name="mxm_execute_ursa_signed_char_unsigned_short_unsigned_char_unsigned_short_i_10"/></StgValue>
</bind>
</comp>

<comp id="108" class="1000" name="mxm_execute_ursa_signed_char_unsigned_short_unsigned_char_unsigned_short_i_9">
<pin_list>
<pin id="109" dir="1" index="0" bw="1" slack="0"/>
</pin_list>
<bind>
<StgValue><ssdm name="mxm_execute_ursa_signed_char_unsigned_short_unsigned_char_unsigned_short_i_9"/></StgValue>
</bind>
</comp>

<comp id="110" class="1000" name="mxm_execute_ursa_signed_char_unsigned_short_unsigned_char_unsigned_short_i_8">
<pin_list>
<pin id="111" dir="1" index="0" bw="1" slack="0"/>
</pin_list>
<bind>
<StgValue><ssdm name="mxm_execute_ursa_signed_char_unsigned_short_unsigned_char_unsigned_short_i_8"/></StgValue>
</bind>
</comp>

<comp id="112" class="1000" name="mxm_execute_ursa_signed_char_unsigned_short_unsigned_char_unsigned_short_i_7">
<pin_list>
<pin id="113" dir="1" index="0" bw="1" slack="0"/>
</pin_list>
<bind>
<StgValue><ssdm name="mxm_execute_ursa_signed_char_unsigned_short_unsigned_char_unsigned_short_i_7"/></StgValue>
</bind>
</comp>

<comp id="114" class="1000" name="mxm_execute_ursa_signed_char_unsigned_short_unsigned_char_unsigned_short_i_6">
<pin_list>
<pin id="115" dir="1" index="0" bw="1" slack="0"/>
</pin_list>
<bind>
<StgValue><ssdm name="mxm_execute_ursa_signed_char_unsigned_short_unsigned_char_unsigned_short_i_6"/></StgValue>
</bind>
</comp>

<comp id="116" class="1000" name="mxm_execute_ursa_signed_char_unsigned_short_unsigned_char_unsigned_short_i_5">
<pin_list>
<pin id="117" dir="1" index="0" bw="1" slack="0"/>
</pin_list>
<bind>
<StgValue><ssdm name="mxm_execute_ursa_signed_char_unsigned_short_unsigned_char_unsigned_short_i_5"/></StgValue>
</bind>
</comp>

<comp id="118" class="1000" name="mxm_execute_ursa_signed_char_unsigned_short_unsigned_char_unsigned_short_i_4">
<pin_list>
<pin id="119" dir="1" index="0" bw="1" slack="0"/>
</pin_list>
<bind>
<StgValue><ssdm name="mxm_execute_ursa_signed_char_unsigned_short_unsigned_char_unsigned_short_i_4"/></StgValue>
</bind>
</comp>

<comp id="120" class="1000" name="mxm_execute_ursa_signed_char_unsigned_short_unsigned_char_unsigned_short_i_3">
<pin_list>
<pin id="121" dir="1" index="0" bw="1" slack="0"/>
</pin_list>
<bind>
<StgValue><ssdm name="mxm_execute_ursa_signed_char_unsigned_short_unsigned_char_unsigned_short_i_3"/></StgValue>
</bind>
</comp>

<comp id="122" class="1000" name="mxm_execute_ursa_signed_char_unsigned_short_unsigned_char_unsigned_short_i_2">
<pin_list>
<pin id="123" dir="1" index="0" bw="1" slack="0"/>
</pin_list>
<bind>
<StgValue><ssdm name="mxm_execute_ursa_signed_char_unsigned_short_unsigned_char_unsigned_short_i_2"/></StgValue>
</bind>
</comp>

<comp id="124" class="1000" name="mxm_execute_ursa_signed_char_unsigned_short_unsigned_char_unsigned_short_i_1">
<pin_list>
<pin id="125" dir="1" index="0" bw="1" slack="0"/>
</pin_list>
<bind>
<StgValue><ssdm name="mxm_execute_ursa_signed_char_unsigned_short_unsigned_char_unsigned_short_i_1"/></StgValue>
</bind>
</comp>

<comp id="126" class="1000" name="mxm_execute_ursa_signed_char_unsigned_short_unsigned_char_unsigned_short_i">
<pin_list>
<pin id="127" dir="1" index="0" bw="1" slack="0"/>
</pin_list>
<bind>
<StgValue><ssdm name="mxm_execute_ursa_signed_char_unsigned_short_unsigned_char_unsigned_short_i"/></StgValue>
</bind>
</comp>

<comp id="128" class="1001" name="const_128">
<pin_list>
<pin id="129" dir="1" index="0" bw="1" slack="2147483647"/>
</pin_list>
<bind>
<StgValue><ssdm name="_ssdm_op_SpecPipeline"/></StgValue>
</bind>
</comp>

<comp id="130" class="1001" name="const_130">
<pin_list>
<pin id="131" dir="1" index="0" bw="1" slack="2147483647"/>
</pin_list>
<bind>
<StgValue><ssdm name=""/></StgValue>
</bind>
</comp>

<comp id="132" class="1001" name="const_132">
<pin_list>
<pin id="133" dir="1" index="0" bw="1" slack="2147483647"/>
</pin_list>
<bind>
<StgValue><ssdm name=""/></StgValue>
</bind>
</comp>

<comp id="134" class="1001" name="const_134">
<pin_list>
<pin id="135" dir="1" index="0" bw="1" slack="2147483647"/>
</pin_list>
<bind>
<StgValue><ssdm name="empty_0"/></StgValue>
</bind>
</comp>

<comp id="136" class="1001" name="const_136">
<pin_list>
<pin id="137" dir="1" index="0" bw="1" slack="0"/>
</pin_list>
<bind>
<StgValue><ssdm name=""/></StgValue>
</bind>
</comp>

<comp id="138" class="1004" name="store_ln12_store_fu_138">
<pin_list>
<pin id="139" dir="0" index="0" bw="1" slack="0"/>
<pin id="140" dir="0" index="1" bw="20" slack="0"/>
<pin id="141" dir="1" index="2" bw="0" slack="2147483647"/>
</pin_list>
<bind>
<opcode="store(28) " fcode="store"/>
<opset="store_ln12/1 "/>
</bind>
</comp>

<comp id="144" class="1004" name="store_ln12_store_fu_144">
<pin_list>
<pin id="145" dir="0" index="0" bw="1" slack="0"/>
<pin id="146" dir="0" index="1" bw="20" slack="0"/>
<pin id="147" dir="1" index="2" bw="0" slack="2147483647"/>
</pin_list>
<bind>
<opcode="store(28) " fcode="store"/>
<opset="store_ln12/1 "/>
</bind>
</comp>

<comp id="150" class="1004" name="store_ln12_store_fu_150">
<pin_list>
<pin id="151" dir="0" index="0" bw="1" slack="0"/>
<pin id="152" dir="0" index="1" bw="20" slack="0"/>
<pin id="153" dir="1" index="2" bw="0" slack="2147483647"/>
</pin_list>
<bind>
<opcode="store(28) " fcode="store"/>
<opset="store_ln12/1 "/>
</bind>
</comp>

<comp id="156" class="1004" name="store_ln12_store_fu_156">
<pin_list>
<pin id="157" dir="0" index="0" bw="1" slack="0"/>
<pin id="158" dir="0" index="1" bw="20" slack="0"/>
<pin id="159" dir="1" index="2" bw="0" slack="2147483647"/>
</pin_list>
<bind>
<opcode="store(28) " fcode="store"/>
<opset="store_ln12/1 "/>
</bind>
</comp>

<comp id="162" class="1004" name="store_ln12_store_fu_162">
<pin_list>
<pin id="163" dir="0" index="0" bw="1" slack="0"/>
<pin id="164" dir="0" index="1" bw="20" slack="0"/>
<pin id="165" dir="1" index="2" bw="0" slack="2147483647"/>
</pin_list>
<bind>
<opcode="store(28) " fcode="store"/>
<opset="store_ln12/1 "/>
</bind>
</comp>

<comp id="168" class="1004" name="store_ln12_store_fu_168">
<pin_list>
<pin id="169" dir="0" index="0" bw="1" slack="0"/>
<pin id="170" dir="0" index="1" bw="20" slack="0"/>
<pin id="171" dir="1" index="2" bw="0" slack="2147483647"/>
</pin_list>
<bind>
<opcode="store(28) " fcode="store"/>
<opset="store_ln12/1 "/>
</bind>
</comp>

<comp id="174" class="1004" name="store_ln12_store_fu_174">
<pin_list>
<pin id="175" dir="0" index="0" bw="1" slack="0"/>
<pin id="176" dir="0" index="1" bw="20" slack="0"/>
<pin id="177" dir="1" index="2" bw="0" slack="2147483647"/>
</pin_list>
<bind>
<opcode="store(28) " fcode="store"/>
<opset="store_ln12/1 "/>
</bind>
</comp>

<comp id="180" class="1004" name="store_ln12_store_fu_180">
<pin_list>
<pin id="181" dir="0" index="0" bw="1" slack="0"/>
<pin id="182" dir="0" index="1" bw="20" slack="0"/>
<pin id="183" dir="1" index="2" bw="0" slack="2147483647"/>
</pin_list>
<bind>
<opcode="store(28) " fcode="store"/>
<opset="store_ln12/1 "/>
</bind>
</comp>

<comp id="186" class="1004" name="store_ln12_store_fu_186">
<pin_list>
<pin id="187" dir="0" index="0" bw="1" slack="0"/>
<pin id="188" dir="0" index="1" bw="20" slack="0"/>
<pin id="189" dir="1" index="2" bw="0" slack="2147483647"/>
</pin_list>
<bind>
<opcode="store(28) " fcode="store"/>
<opset="store_ln12/1 "/>
</bind>
</comp>

<comp id="192" class="1004" name="store_ln12_store_fu_192">
<pin_list>
<pin id="193" dir="0" index="0" bw="1" slack="0"/>
<pin id="194" dir="0" index="1" bw="20" slack="0"/>
<pin id="195" dir="1" index="2" bw="0" slack="2147483647"/>
</pin_list>
<bind>
<opcode="store(28) " fcode="store"/>
<opset="store_ln12/1 "/>
</bind>
</comp>

<comp id="198" class="1004" name="store_ln12_store_fu_198">
<pin_list>
<pin id="199" dir="0" index="0" bw="1" slack="0"/>
<pin id="200" dir="0" index="1" bw="20" slack="0"/>
<pin id="201" dir="1" index="2" bw="0" slack="2147483647"/>
</pin_list>
<bind>
<opcode="store(28) " fcode="store"/>
<opset="store_ln12/1 "/>
</bind>
</comp>

<comp id="204" class="1004" name="store_ln12_store_fu_204">
<pin_list>
<pin id="205" dir="0" index="0" bw="1" slack="0"/>
<pin id="206" dir="0" index="1" bw="20" slack="0"/>
<pin id="207" dir="1" index="2" bw="0" slack="2147483647"/>
</pin_list>
<bind>
<opcode="store(28) " fcode="store"/>
<opset="store_ln12/1 "/>
</bind>
</comp>

<comp id="210" class="1004" name="store_ln12_store_fu_210">
<pin_list>
<pin id="211" dir="0" index="0" bw="1" slack="0"/>
<pin id="212" dir="0" index="1" bw="20" slack="0"/>
<pin id="213" dir="1" index="2" bw="0" slack="2147483647"/>
</pin_list>
<bind>
<opcode="store(28) " fcode="store"/>
<opset="store_ln12/1 "/>
</bind>
</comp>

<comp id="216" class="1004" name="store_ln12_store_fu_216">
<pin_list>
<pin id="217" dir="0" index="0" bw="1" slack="0"/>
<pin id="218" dir="0" index="1" bw="20" slack="0"/>
<pin id="219" dir="1" index="2" bw="0" slack="2147483647"/>
</pin_list>
<bind>
<opcode="store(28) " fcode="store"/>
<opset="store_ln12/1 "/>
</bind>
</comp>

<comp id="222" class="1004" name="store_ln12_store_fu_222">
<pin_list>
<pin id="223" dir="0" index="0" bw="1" slack="0"/>
<pin id="224" dir="0" index="1" bw="20" slack="0"/>
<pin id="225" dir="1" index="2" bw="0" slack="2147483647"/>
</pin_list>
<bind>
<opcode="store(28) " fcode="store"/>
<opset="store_ln12/1 "/>
</bind>
</comp>

<comp id="228" class="1004" name="store_ln12_store_fu_228">
<pin_list>
<pin id="229" dir="0" index="0" bw="1" slack="0"/>
<pin id="230" dir="0" index="1" bw="20" slack="0"/>
<pin id="231" dir="1" index="2" bw="0" slack="2147483647"/>
</pin_list>
<bind>
<opcode="store(28) " fcode="store"/>
<opset="store_ln12/1 "/>
</bind>
</comp>

<comp id="234" class="1004" name="store_ln12_store_fu_234">
<pin_list>
<pin id="235" dir="0" index="0" bw="1" slack="0"/>
<pin id="236" dir="0" index="1" bw="20" slack="0"/>
<pin id="237" dir="1" index="2" bw="0" slack="2147483647"/>
</pin_list>
<bind>
<opcode="store(28) " fcode="store"/>
<opset="store_ln12/1 "/>
</bind>
</comp>

<comp id="240" class="1004" name="store_ln12_store_fu_240">
<pin_list>
<pin id="241" dir="0" index="0" bw="1" slack="0"/>
<pin id="242" dir="0" index="1" bw="20" slack="0"/>
<pin id="243" dir="1" index="2" bw="0" slack="2147483647"/>
</pin_list>
<bind>
<opcode="store(28) " fcode="store"/>
<opset="store_ln12/1 "/>
</bind>
</comp>

<comp id="246" class="1004" name="store_ln12_store_fu_246">
<pin_list>
<pin id="247" dir="0" index="0" bw="1" slack="0"/>
<pin id="248" dir="0" index="1" bw="20" slack="0"/>
<pin id="249" dir="1" index="2" bw="0" slack="2147483647"/>
</pin_list>
<bind>
<opcode="store(28) " fcode="store"/>
<opset="store_ln12/1 "/>
</bind>
</comp>

<comp id="252" class="1004" name="store_ln12_store_fu_252">
<pin_list>
<pin id="253" dir="0" index="0" bw="1" slack="0"/>
<pin id="254" dir="0" index="1" bw="20" slack="0"/>
<pin id="255" dir="1" index="2" bw="0" slack="2147483647"/>
</pin_list>
<bind>
<opcode="store(28) " fcode="store"/>
<opset="store_ln12/1 "/>
</bind>
</comp>

<comp id="258" class="1004" name="store_ln12_store_fu_258">
<pin_list>
<pin id="259" dir="0" index="0" bw="1" slack="0"/>
<pin id="260" dir="0" index="1" bw="20" slack="0"/>
<pin id="261" dir="1" index="2" bw="0" slack="2147483647"/>
</pin_list>
<bind>
<opcode="store(28) " fcode="store"/>
<opset="store_ln12/1 "/>
</bind>
</comp>

<comp id="264" class="1004" name="store_ln12_store_fu_264">
<pin_list>
<pin id="265" dir="0" index="0" bw="1" slack="0"/>
<pin id="266" dir="0" index="1" bw="20" slack="0"/>
<pin id="267" dir="1" index="2" bw="0" slack="2147483647"/>
</pin_list>
<bind>
<opcode="store(28) " fcode="store"/>
<opset="store_ln12/1 "/>
</bind>
</comp>

<comp id="270" class="1004" name="store_ln12_store_fu_270">
<pin_list>
<pin id="271" dir="0" index="0" bw="1" slack="0"/>
<pin id="272" dir="0" index="1" bw="20" slack="0"/>
<pin id="273" dir="1" index="2" bw="0" slack="2147483647"/>
</pin_list>
<bind>
<opcode="store(28) " fcode="store"/>
<opset="store_ln12/1 "/>
</bind>
</comp>

<comp id="276" class="1004" name="store_ln12_store_fu_276">
<pin_list>
<pin id="277" dir="0" index="0" bw="1" slack="0"/>
<pin id="278" dir="0" index="1" bw="20" slack="0"/>
<pin id="279" dir="1" index="2" bw="0" slack="2147483647"/>
</pin_list>
<bind>
<opcode="store(28) " fcode="store"/>
<opset="store_ln12/1 "/>
</bind>
</comp>

<comp id="282" class="1004" name="store_ln12_store_fu_282">
<pin_list>
<pin id="283" dir="0" index="0" bw="1" slack="0"/>
<pin id="284" dir="0" index="1" bw="20" slack="0"/>
<pin id="285" dir="1" index="2" bw="0" slack="2147483647"/>
</pin_list>
<bind>
<opcode="store(28) " fcode="store"/>
<opset="store_ln12/1 "/>
</bind>
</comp>

<comp id="288" class="1004" name="store_ln12_store_fu_288">
<pin_list>
<pin id="289" dir="0" index="0" bw="1" slack="0"/>
<pin id="290" dir="0" index="1" bw="20" slack="0"/>
<pin id="291" dir="1" index="2" bw="0" slack="2147483647"/>
</pin_list>
<bind>
<opcode="store(28) " fcode="store"/>
<opset="store_ln12/1 "/>
</bind>
</comp>

<comp id="294" class="1004" name="store_ln12_store_fu_294">
<pin_list>
<pin id="295" dir="0" index="0" bw="1" slack="0"/>
<pin id="296" dir="0" index="1" bw="20" slack="0"/>
<pin id="297" dir="1" index="2" bw="0" slack="2147483647"/>
</pin_list>
<bind>
<opcode="store(28) " fcode="store"/>
<opset="store_ln12/1 "/>
</bind>
</comp>

<comp id="300" class="1004" name="store_ln12_store_fu_300">
<pin_list>
<pin id="301" dir="0" index="0" bw="1" slack="0"/>
<pin id="302" dir="0" index="1" bw="20" slack="0"/>
<pin id="303" dir="1" index="2" bw="0" slack="2147483647"/>
</pin_list>
<bind>
<opcode="store(28) " fcode="store"/>
<opset="store_ln12/1 "/>
</bind>
</comp>

<comp id="306" class="1004" name="store_ln12_store_fu_306">
<pin_list>
<pin id="307" dir="0" index="0" bw="1" slack="0"/>
<pin id="308" dir="0" index="1" bw="20" slack="0"/>
<pin id="309" dir="1" index="2" bw="0" slack="2147483647"/>
</pin_list>
<bind>
<opcode="store(28) " fcode="store"/>
<opset="store_ln12/1 "/>
</bind>
</comp>

<comp id="312" class="1004" name="store_ln12_store_fu_312">
<pin_list>
<pin id="313" dir="0" index="0" bw="1" slack="0"/>
<pin id="314" dir="0" index="1" bw="20" slack="0"/>
<pin id="315" dir="1" index="2" bw="0" slack="2147483647"/>
</pin_list>
<bind>
<opcode="store(28) " fcode="store"/>
<opset="store_ln12/1 "/>
</bind>
</comp>

<comp id="318" class="1004" name="store_ln12_store_fu_318">
<pin_list>
<pin id="319" dir="0" index="0" bw="1" slack="0"/>
<pin id="320" dir="0" index="1" bw="20" slack="0"/>
<pin id="321" dir="1" index="2" bw="0" slack="2147483647"/>
</pin_list>
<bind>
<opcode="store(28) " fcode="store"/>
<opset="store_ln12/1 "/>
</bind>
</comp>

<comp id="324" class="1004" name="store_ln12_store_fu_324">
<pin_list>
<pin id="325" dir="0" index="0" bw="1" slack="0"/>
<pin id="326" dir="0" index="1" bw="20" slack="0"/>
<pin id="327" dir="1" index="2" bw="0" slack="2147483647"/>
</pin_list>
<bind>
<opcode="store(28) " fcode="store"/>
<opset="store_ln12/1 "/>
</bind>
</comp>

<comp id="330" class="1004" name="store_ln12_store_fu_330">
<pin_list>
<pin id="331" dir="0" index="0" bw="1" slack="0"/>
<pin id="332" dir="0" index="1" bw="20" slack="0"/>
<pin id="333" dir="1" index="2" bw="0" slack="2147483647"/>
</pin_list>
<bind>
<opcode="store(28) " fcode="store"/>
<opset="store_ln12/1 "/>
</bind>
</comp>

<comp id="336" class="1004" name="store_ln12_store_fu_336">
<pin_list>
<pin id="337" dir="0" index="0" bw="1" slack="0"/>
<pin id="338" dir="0" index="1" bw="20" slack="0"/>
<pin id="339" dir="1" index="2" bw="0" slack="2147483647"/>
</pin_list>
<bind>
<opcode="store(28) " fcode="store"/>
<opset="store_ln12/1 "/>
</bind>
</comp>

<comp id="342" class="1004" name="store_ln12_store_fu_342">
<pin_list>
<pin id="343" dir="0" index="0" bw="1" slack="0"/>
<pin id="344" dir="0" index="1" bw="20" slack="0"/>
<pin id="345" dir="1" index="2" bw="0" slack="2147483647"/>
</pin_list>
<bind>
<opcode="store(28) " fcode="store"/>
<opset="store_ln12/1 "/>
</bind>
</comp>

<comp id="348" class="1004" name="store_ln12_store_fu_348">
<pin_list>
<pin id="349" dir="0" index="0" bw="1" slack="0"/>
<pin id="350" dir="0" index="1" bw="20" slack="0"/>
<pin id="351" dir="1" index="2" bw="0" slack="2147483647"/>
</pin_list>
<bind>
<opcode="store(28) " fcode="store"/>
<opset="store_ln12/1 "/>
</bind>
</comp>

<comp id="354" class="1004" name="store_ln12_store_fu_354">
<pin_list>
<pin id="355" dir="0" index="0" bw="1" slack="0"/>
<pin id="356" dir="0" index="1" bw="20" slack="0"/>
<pin id="357" dir="1" index="2" bw="0" slack="2147483647"/>
</pin_list>
<bind>
<opcode="store(28) " fcode="store"/>
<opset="store_ln12/1 "/>
</bind>
</comp>

<comp id="360" class="1004" name="store_ln12_store_fu_360">
<pin_list>
<pin id="361" dir="0" index="0" bw="1" slack="0"/>
<pin id="362" dir="0" index="1" bw="20" slack="0"/>
<pin id="363" dir="1" index="2" bw="0" slack="2147483647"/>
</pin_list>
<bind>
<opcode="store(28) " fcode="store"/>
<opset="store_ln12/1 "/>
</bind>
</comp>

<comp id="366" class="1004" name="store_ln12_store_fu_366">
<pin_list>
<pin id="367" dir="0" index="0" bw="1" slack="0"/>
<pin id="368" dir="0" index="1" bw="20" slack="0"/>
<pin id="369" dir="1" index="2" bw="0" slack="2147483647"/>
</pin_list>
<bind>
<opcode="store(28) " fcode="store"/>
<opset="store_ln12/1 "/>
</bind>
</comp>

<comp id="372" class="1004" name="store_ln12_store_fu_372">
<pin_list>
<pin id="373" dir="0" index="0" bw="1" slack="0"/>
<pin id="374" dir="0" index="1" bw="20" slack="0"/>
<pin id="375" dir="1" index="2" bw="0" slack="2147483647"/>
</pin_list>
<bind>
<opcode="store(28) " fcode="store"/>
<opset="store_ln12/1 "/>
</bind>
</comp>

<comp id="378" class="1004" name="store_ln12_store_fu_378">
<pin_list>
<pin id="379" dir="0" index="0" bw="1" slack="0"/>
<pin id="380" dir="0" index="1" bw="20" slack="0"/>
<pin id="381" dir="1" index="2" bw="0" slack="2147483647"/>
</pin_list>
<bind>
<opcode="store(28) " fcode="store"/>
<opset="store_ln12/1 "/>
</bind>
</comp>

<comp id="384" class="1004" name="store_ln12_store_fu_384">
<pin_list>
<pin id="385" dir="0" index="0" bw="1" slack="0"/>
<pin id="386" dir="0" index="1" bw="20" slack="0"/>
<pin id="387" dir="1" index="2" bw="0" slack="2147483647"/>
</pin_list>
<bind>
<opcode="store(28) " fcode="store"/>
<opset="store_ln12/1 "/>
</bind>
</comp>

<comp id="390" class="1004" name="store_ln12_store_fu_390">
<pin_list>
<pin id="391" dir="0" index="0" bw="1" slack="0"/>
<pin id="392" dir="0" index="1" bw="20" slack="0"/>
<pin id="393" dir="1" index="2" bw="0" slack="2147483647"/>
</pin_list>
<bind>
<opcode="store(28) " fcode="store"/>
<opset="store_ln12/1 "/>
</bind>
</comp>

<comp id="396" class="1004" name="store_ln12_store_fu_396">
<pin_list>
<pin id="397" dir="0" index="0" bw="1" slack="0"/>
<pin id="398" dir="0" index="1" bw="20" slack="0"/>
<pin id="399" dir="1" index="2" bw="0" slack="2147483647"/>
</pin_list>
<bind>
<opcode="store(28) " fcode="store"/>
<opset="store_ln12/1 "/>
</bind>
</comp>

<comp id="402" class="1004" name="store_ln12_store_fu_402">
<pin_list>
<pin id="403" dir="0" index="0" bw="1" slack="0"/>
<pin id="404" dir="0" index="1" bw="20" slack="0"/>
<pin id="405" dir="1" index="2" bw="0" slack="2147483647"/>
</pin_list>
<bind>
<opcode="store(28) " fcode="store"/>
<opset="store_ln12/1 "/>
</bind>
</comp>

<comp id="408" class="1004" name="store_ln12_store_fu_408">
<pin_list>
<pin id="409" dir="0" index="0" bw="1" slack="0"/>
<pin id="410" dir="0" index="1" bw="20" slack="0"/>
<pin id="411" dir="1" index="2" bw="0" slack="2147483647"/>
</pin_list>
<bind>
<opcode="store(28) " fcode="store"/>
<opset="store_ln12/1 "/>
</bind>
</comp>

<comp id="414" class="1004" name="store_ln12_store_fu_414">
<pin_list>
<pin id="415" dir="0" index="0" bw="1" slack="0"/>
<pin id="416" dir="0" index="1" bw="20" slack="0"/>
<pin id="417" dir="1" index="2" bw="0" slack="2147483647"/>
</pin_list>
<bind>
<opcode="store(28) " fcode="store"/>
<opset="store_ln12/1 "/>
</bind>
</comp>

<comp id="420" class="1004" name="store_ln12_store_fu_420">
<pin_list>
<pin id="421" dir="0" index="0" bw="1" slack="0"/>
<pin id="422" dir="0" index="1" bw="20" slack="0"/>
<pin id="423" dir="1" index="2" bw="0" slack="2147483647"/>
</pin_list>
<bind>
<opcode="store(28) " fcode="store"/>
<opset="store_ln12/1 "/>
</bind>
</comp>

<comp id="426" class="1004" name="store_ln12_store_fu_426">
<pin_list>
<pin id="427" dir="0" index="0" bw="1" slack="0"/>
<pin id="428" dir="0" index="1" bw="20" slack="0"/>
<pin id="429" dir="1" index="2" bw="0" slack="2147483647"/>
</pin_list>
<bind>
<opcode="store(28) " fcode="store"/>
<opset="store_ln12/1 "/>
</bind>
</comp>

<comp id="432" class="1004" name="store_ln12_store_fu_432">
<pin_list>
<pin id="433" dir="0" index="0" bw="1" slack="0"/>
<pin id="434" dir="0" index="1" bw="20" slack="0"/>
<pin id="435" dir="1" index="2" bw="0" slack="2147483647"/>
</pin_list>
<bind>
<opcode="store(28) " fcode="store"/>
<opset="store_ln12/1 "/>
</bind>
</comp>

<comp id="438" class="1004" name="store_ln12_store_fu_438">
<pin_list>
<pin id="439" dir="0" index="0" bw="1" slack="0"/>
<pin id="440" dir="0" index="1" bw="20" slack="0"/>
<pin id="441" dir="1" index="2" bw="0" slack="2147483647"/>
</pin_list>
<bind>
<opcode="store(28) " fcode="store"/>
<opset="store_ln12/1 "/>
</bind>
</comp>

<comp id="444" class="1004" name="store_ln12_store_fu_444">
<pin_list>
<pin id="445" dir="0" index="0" bw="1" slack="0"/>
<pin id="446" dir="0" index="1" bw="20" slack="0"/>
<pin id="447" dir="1" index="2" bw="0" slack="2147483647"/>
</pin_list>
<bind>
<opcode="store(28) " fcode="store"/>
<opset="store_ln12/1 "/>
</bind>
</comp>

<comp id="450" class="1004" name="store_ln12_store_fu_450">
<pin_list>
<pin id="451" dir="0" index="0" bw="1" slack="0"/>
<pin id="452" dir="0" index="1" bw="20" slack="0"/>
<pin id="453" dir="1" index="2" bw="0" slack="2147483647"/>
</pin_list>
<bind>
<opcode="store(28) " fcode="store"/>
<opset="store_ln12/1 "/>
</bind>
</comp>

<comp id="456" class="1004" name="store_ln12_store_fu_456">
<pin_list>
<pin id="457" dir="0" index="0" bw="1" slack="0"/>
<pin id="458" dir="0" index="1" bw="20" slack="0"/>
<pin id="459" dir="1" index="2" bw="0" slack="2147483647"/>
</pin_list>
<bind>
<opcode="store(28) " fcode="store"/>
<opset="store_ln12/1 "/>
</bind>
</comp>

<comp id="462" class="1004" name="store_ln12_store_fu_462">
<pin_list>
<pin id="463" dir="0" index="0" bw="1" slack="0"/>
<pin id="464" dir="0" index="1" bw="20" slack="0"/>
<pin id="465" dir="1" index="2" bw="0" slack="2147483647"/>
</pin_list>
<bind>
<opcode="store(28) " fcode="store"/>
<opset="store_ln12/1 "/>
</bind>
</comp>

<comp id="468" class="1004" name="store_ln12_store_fu_468">
<pin_list>
<pin id="469" dir="0" index="0" bw="1" slack="0"/>
<pin id="470" dir="0" index="1" bw="20" slack="0"/>
<pin id="471" dir="1" index="2" bw="0" slack="2147483647"/>
</pin_list>
<bind>
<opcode="store(28) " fcode="store"/>
<opset="store_ln12/1 "/>
</bind>
</comp>

<comp id="474" class="1004" name="store_ln12_store_fu_474">
<pin_list>
<pin id="475" dir="0" index="0" bw="1" slack="0"/>
<pin id="476" dir="0" index="1" bw="20" slack="0"/>
<pin id="477" dir="1" index="2" bw="0" slack="2147483647"/>
</pin_list>
<bind>
<opcode="store(28) " fcode="store"/>
<opset="store_ln12/1 "/>
</bind>
</comp>

<comp id="480" class="1004" name="store_ln12_store_fu_480">
<pin_list>
<pin id="481" dir="0" index="0" bw="1" slack="0"/>
<pin id="482" dir="0" index="1" bw="20" slack="0"/>
<pin id="483" dir="1" index="2" bw="0" slack="2147483647"/>
</pin_list>
<bind>
<opcode="store(28) " fcode="store"/>
<opset="store_ln12/1 "/>
</bind>
</comp>

<comp id="486" class="1004" name="store_ln12_store_fu_486">
<pin_list>
<pin id="487" dir="0" index="0" bw="1" slack="0"/>
<pin id="488" dir="0" index="1" bw="20" slack="0"/>
<pin id="489" dir="1" index="2" bw="0" slack="2147483647"/>
</pin_list>
<bind>
<opcode="store(28) " fcode="store"/>
<opset="store_ln12/1 "/>
</bind>
</comp>

<comp id="492" class="1004" name="store_ln12_store_fu_492">
<pin_list>
<pin id="493" dir="0" index="0" bw="1" slack="0"/>
<pin id="494" dir="0" index="1" bw="20" slack="0"/>
<pin id="495" dir="1" index="2" bw="0" slack="2147483647"/>
</pin_list>
<bind>
<opcode="store(28) " fcode="store"/>
<opset="store_ln12/1 "/>
</bind>
</comp>

<comp id="498" class="1004" name="store_ln12_store_fu_498">
<pin_list>
<pin id="499" dir="0" index="0" bw="1" slack="0"/>
<pin id="500" dir="0" index="1" bw="20" slack="0"/>
<pin id="501" dir="1" index="2" bw="0" slack="2147483647"/>
</pin_list>
<bind>
<opcode="store(28) " fcode="store"/>
<opset="store_ln12/1 "/>
</bind>
</comp>

<comp id="504" class="1004" name="store_ln12_store_fu_504">
<pin_list>
<pin id="505" dir="0" index="0" bw="1" slack="0"/>
<pin id="506" dir="0" index="1" bw="20" slack="0"/>
<pin id="507" dir="1" index="2" bw="0" slack="2147483647"/>
</pin_list>
<bind>
<opcode="store(28) " fcode="store"/>
<opset="store_ln12/1 "/>
</bind>
</comp>

<comp id="510" class="1004" name="store_ln12_store_fu_510">
<pin_list>
<pin id="511" dir="0" index="0" bw="1" slack="0"/>
<pin id="512" dir="0" index="1" bw="20" slack="0"/>
<pin id="513" dir="1" index="2" bw="0" slack="2147483647"/>
</pin_list>
<bind>
<opcode="store(28) " fcode="store"/>
<opset="store_ln12/1 "/>
</bind>
</comp>

<comp id="516" class="1004" name="store_ln12_store_fu_516">
<pin_list>
<pin id="517" dir="0" index="0" bw="1" slack="0"/>
<pin id="518" dir="0" index="1" bw="20" slack="0"/>
<pin id="519" dir="1" index="2" bw="0" slack="2147483647"/>
</pin_list>
<bind>
<opcode="store(28) " fcode="store"/>
<opset="store_ln12/1 "/>
</bind>
</comp>

</comp_list>

<net_list>
<net id="142"><net_src comp="136" pin="0"/><net_sink comp="138" pin=0"/></net>

<net id="143"><net_src comp="0" pin="0"/><net_sink comp="138" pin=1"/></net>

<net id="148"><net_src comp="136" pin="0"/><net_sink comp="144" pin=0"/></net>

<net id="149"><net_src comp="2" pin="0"/><net_sink comp="144" pin=1"/></net>

<net id="154"><net_src comp="136" pin="0"/><net_sink comp="150" pin=0"/></net>

<net id="155"><net_src comp="4" pin="0"/><net_sink comp="150" pin=1"/></net>

<net id="160"><net_src comp="136" pin="0"/><net_sink comp="156" pin=0"/></net>

<net id="161"><net_src comp="6" pin="0"/><net_sink comp="156" pin=1"/></net>

<net id="166"><net_src comp="136" pin="0"/><net_sink comp="162" pin=0"/></net>

<net id="167"><net_src comp="8" pin="0"/><net_sink comp="162" pin=1"/></net>

<net id="172"><net_src comp="136" pin="0"/><net_sink comp="168" pin=0"/></net>

<net id="173"><net_src comp="10" pin="0"/><net_sink comp="168" pin=1"/></net>

<net id="178"><net_src comp="136" pin="0"/><net_sink comp="174" pin=0"/></net>

<net id="179"><net_src comp="12" pin="0"/><net_sink comp="174" pin=1"/></net>

<net id="184"><net_src comp="136" pin="0"/><net_sink comp="180" pin=0"/></net>

<net id="185"><net_src comp="14" pin="0"/><net_sink comp="180" pin=1"/></net>

<net id="190"><net_src comp="136" pin="0"/><net_sink comp="186" pin=0"/></net>

<net id="191"><net_src comp="16" pin="0"/><net_sink comp="186" pin=1"/></net>

<net id="196"><net_src comp="136" pin="0"/><net_sink comp="192" pin=0"/></net>

<net id="197"><net_src comp="18" pin="0"/><net_sink comp="192" pin=1"/></net>

<net id="202"><net_src comp="136" pin="0"/><net_sink comp="198" pin=0"/></net>

<net id="203"><net_src comp="20" pin="0"/><net_sink comp="198" pin=1"/></net>

<net id="208"><net_src comp="136" pin="0"/><net_sink comp="204" pin=0"/></net>

<net id="209"><net_src comp="22" pin="0"/><net_sink comp="204" pin=1"/></net>

<net id="214"><net_src comp="136" pin="0"/><net_sink comp="210" pin=0"/></net>

<net id="215"><net_src comp="24" pin="0"/><net_sink comp="210" pin=1"/></net>

<net id="220"><net_src comp="136" pin="0"/><net_sink comp="216" pin=0"/></net>

<net id="221"><net_src comp="26" pin="0"/><net_sink comp="216" pin=1"/></net>

<net id="226"><net_src comp="136" pin="0"/><net_sink comp="222" pin=0"/></net>

<net id="227"><net_src comp="28" pin="0"/><net_sink comp="222" pin=1"/></net>

<net id="232"><net_src comp="136" pin="0"/><net_sink comp="228" pin=0"/></net>

<net id="233"><net_src comp="30" pin="0"/><net_sink comp="228" pin=1"/></net>

<net id="238"><net_src comp="136" pin="0"/><net_sink comp="234" pin=0"/></net>

<net id="239"><net_src comp="32" pin="0"/><net_sink comp="234" pin=1"/></net>

<net id="244"><net_src comp="136" pin="0"/><net_sink comp="240" pin=0"/></net>

<net id="245"><net_src comp="34" pin="0"/><net_sink comp="240" pin=1"/></net>

<net id="250"><net_src comp="136" pin="0"/><net_sink comp="246" pin=0"/></net>

<net id="251"><net_src comp="36" pin="0"/><net_sink comp="246" pin=1"/></net>

<net id="256"><net_src comp="136" pin="0"/><net_sink comp="252" pin=0"/></net>

<net id="257"><net_src comp="38" pin="0"/><net_sink comp="252" pin=1"/></net>

<net id="262"><net_src comp="136" pin="0"/><net_sink comp="258" pin=0"/></net>

<net id="263"><net_src comp="40" pin="0"/><net_sink comp="258" pin=1"/></net>

<net id="268"><net_src comp="136" pin="0"/><net_sink comp="264" pin=0"/></net>

<net id="269"><net_src comp="42" pin="0"/><net_sink comp="264" pin=1"/></net>

<net id="274"><net_src comp="136" pin="0"/><net_sink comp="270" pin=0"/></net>

<net id="275"><net_src comp="44" pin="0"/><net_sink comp="270" pin=1"/></net>

<net id="280"><net_src comp="136" pin="0"/><net_sink comp="276" pin=0"/></net>

<net id="281"><net_src comp="46" pin="0"/><net_sink comp="276" pin=1"/></net>

<net id="286"><net_src comp="136" pin="0"/><net_sink comp="282" pin=0"/></net>

<net id="287"><net_src comp="48" pin="0"/><net_sink comp="282" pin=1"/></net>

<net id="292"><net_src comp="136" pin="0"/><net_sink comp="288" pin=0"/></net>

<net id="293"><net_src comp="50" pin="0"/><net_sink comp="288" pin=1"/></net>

<net id="298"><net_src comp="136" pin="0"/><net_sink comp="294" pin=0"/></net>

<net id="299"><net_src comp="52" pin="0"/><net_sink comp="294" pin=1"/></net>

<net id="304"><net_src comp="136" pin="0"/><net_sink comp="300" pin=0"/></net>

<net id="305"><net_src comp="54" pin="0"/><net_sink comp="300" pin=1"/></net>

<net id="310"><net_src comp="136" pin="0"/><net_sink comp="306" pin=0"/></net>

<net id="311"><net_src comp="56" pin="0"/><net_sink comp="306" pin=1"/></net>

<net id="316"><net_src comp="136" pin="0"/><net_sink comp="312" pin=0"/></net>

<net id="317"><net_src comp="58" pin="0"/><net_sink comp="312" pin=1"/></net>

<net id="322"><net_src comp="136" pin="0"/><net_sink comp="318" pin=0"/></net>

<net id="323"><net_src comp="60" pin="0"/><net_sink comp="318" pin=1"/></net>

<net id="328"><net_src comp="136" pin="0"/><net_sink comp="324" pin=0"/></net>

<net id="329"><net_src comp="62" pin="0"/><net_sink comp="324" pin=1"/></net>

<net id="334"><net_src comp="136" pin="0"/><net_sink comp="330" pin=0"/></net>

<net id="335"><net_src comp="64" pin="0"/><net_sink comp="330" pin=1"/></net>

<net id="340"><net_src comp="136" pin="0"/><net_sink comp="336" pin=0"/></net>

<net id="341"><net_src comp="66" pin="0"/><net_sink comp="336" pin=1"/></net>

<net id="346"><net_src comp="136" pin="0"/><net_sink comp="342" pin=0"/></net>

<net id="347"><net_src comp="68" pin="0"/><net_sink comp="342" pin=1"/></net>

<net id="352"><net_src comp="136" pin="0"/><net_sink comp="348" pin=0"/></net>

<net id="353"><net_src comp="70" pin="0"/><net_sink comp="348" pin=1"/></net>

<net id="358"><net_src comp="136" pin="0"/><net_sink comp="354" pin=0"/></net>

<net id="359"><net_src comp="72" pin="0"/><net_sink comp="354" pin=1"/></net>

<net id="364"><net_src comp="136" pin="0"/><net_sink comp="360" pin=0"/></net>

<net id="365"><net_src comp="74" pin="0"/><net_sink comp="360" pin=1"/></net>

<net id="370"><net_src comp="136" pin="0"/><net_sink comp="366" pin=0"/></net>

<net id="371"><net_src comp="76" pin="0"/><net_sink comp="366" pin=1"/></net>

<net id="376"><net_src comp="136" pin="0"/><net_sink comp="372" pin=0"/></net>

<net id="377"><net_src comp="78" pin="0"/><net_sink comp="372" pin=1"/></net>

<net id="382"><net_src comp="136" pin="0"/><net_sink comp="378" pin=0"/></net>

<net id="383"><net_src comp="80" pin="0"/><net_sink comp="378" pin=1"/></net>

<net id="388"><net_src comp="136" pin="0"/><net_sink comp="384" pin=0"/></net>

<net id="389"><net_src comp="82" pin="0"/><net_sink comp="384" pin=1"/></net>

<net id="394"><net_src comp="136" pin="0"/><net_sink comp="390" pin=0"/></net>

<net id="395"><net_src comp="84" pin="0"/><net_sink comp="390" pin=1"/></net>

<net id="400"><net_src comp="136" pin="0"/><net_sink comp="396" pin=0"/></net>

<net id="401"><net_src comp="86" pin="0"/><net_sink comp="396" pin=1"/></net>

<net id="406"><net_src comp="136" pin="0"/><net_sink comp="402" pin=0"/></net>

<net id="407"><net_src comp="88" pin="0"/><net_sink comp="402" pin=1"/></net>

<net id="412"><net_src comp="136" pin="0"/><net_sink comp="408" pin=0"/></net>

<net id="413"><net_src comp="90" pin="0"/><net_sink comp="408" pin=1"/></net>

<net id="418"><net_src comp="136" pin="0"/><net_sink comp="414" pin=0"/></net>

<net id="419"><net_src comp="92" pin="0"/><net_sink comp="414" pin=1"/></net>

<net id="424"><net_src comp="136" pin="0"/><net_sink comp="420" pin=0"/></net>

<net id="425"><net_src comp="94" pin="0"/><net_sink comp="420" pin=1"/></net>

<net id="430"><net_src comp="136" pin="0"/><net_sink comp="426" pin=0"/></net>

<net id="431"><net_src comp="96" pin="0"/><net_sink comp="426" pin=1"/></net>

<net id="436"><net_src comp="136" pin="0"/><net_sink comp="432" pin=0"/></net>

<net id="437"><net_src comp="98" pin="0"/><net_sink comp="432" pin=1"/></net>

<net id="442"><net_src comp="136" pin="0"/><net_sink comp="438" pin=0"/></net>

<net id="443"><net_src comp="100" pin="0"/><net_sink comp="438" pin=1"/></net>

<net id="448"><net_src comp="136" pin="0"/><net_sink comp="444" pin=0"/></net>

<net id="449"><net_src comp="102" pin="0"/><net_sink comp="444" pin=1"/></net>

<net id="454"><net_src comp="136" pin="0"/><net_sink comp="450" pin=0"/></net>

<net id="455"><net_src comp="104" pin="0"/><net_sink comp="450" pin=1"/></net>

<net id="460"><net_src comp="136" pin="0"/><net_sink comp="456" pin=0"/></net>

<net id="461"><net_src comp="106" pin="0"/><net_sink comp="456" pin=1"/></net>

<net id="466"><net_src comp="136" pin="0"/><net_sink comp="462" pin=0"/></net>

<net id="467"><net_src comp="108" pin="0"/><net_sink comp="462" pin=1"/></net>

<net id="472"><net_src comp="136" pin="0"/><net_sink comp="468" pin=0"/></net>

<net id="473"><net_src comp="110" pin="0"/><net_sink comp="468" pin=1"/></net>

<net id="478"><net_src comp="136" pin="0"/><net_sink comp="474" pin=0"/></net>

<net id="479"><net_src comp="112" pin="0"/><net_sink comp="474" pin=1"/></net>

<net id="484"><net_src comp="136" pin="0"/><net_sink comp="480" pin=0"/></net>

<net id="485"><net_src comp="114" pin="0"/><net_sink comp="480" pin=1"/></net>

<net id="490"><net_src comp="136" pin="0"/><net_sink comp="486" pin=0"/></net>

<net id="491"><net_src comp="116" pin="0"/><net_sink comp="486" pin=1"/></net>

<net id="496"><net_src comp="136" pin="0"/><net_sink comp="492" pin=0"/></net>

<net id="497"><net_src comp="118" pin="0"/><net_sink comp="492" pin=1"/></net>

<net id="502"><net_src comp="136" pin="0"/><net_sink comp="498" pin=0"/></net>

<net id="503"><net_src comp="120" pin="0"/><net_sink comp="498" pin=1"/></net>

<net id="508"><net_src comp="136" pin="0"/><net_sink comp="504" pin=0"/></net>

<net id="509"><net_src comp="122" pin="0"/><net_sink comp="504" pin=1"/></net>

<net id="514"><net_src comp="136" pin="0"/><net_sink comp="510" pin=0"/></net>

<net id="515"><net_src comp="124" pin="0"/><net_sink comp="510" pin=1"/></net>

<net id="520"><net_src comp="136" pin="0"/><net_sink comp="516" pin=0"/></net>

<net id="521"><net_src comp="126" pin="0"/><net_sink comp="516" pin=1"/></net>

</net_list>

</model> 
---------------- Datapath Model END ------------------

* FSMD analyzer results:
  - Output states:
	Port: mxm_execute_ursa_signed_char_unsigned_short_unsigned_char_unsigned_short_i_63 | {1 }
	Port: mxm_execute_ursa_signed_char_unsigned_short_unsigned_char_unsigned_short_i_62 | {1 }
	Port: mxm_execute_ursa_signed_char_unsigned_short_unsigned_char_unsigned_short_i_61 | {1 }
	Port: mxm_execute_ursa_signed_char_unsigned_short_unsigned_char_unsigned_short_i_60 | {1 }
	Port: mxm_execute_ursa_signed_char_unsigned_short_unsigned_char_unsigned_short_i_59 | {1 }
	Port: mxm_execute_ursa_signed_char_unsigned_short_unsigned_char_unsigned_short_i_58 | {1 }
	Port: mxm_execute_ursa_signed_char_unsigned_short_unsigned_char_unsigned_short_i_57 | {1 }
	Port: mxm_execute_ursa_signed_char_unsigned_short_unsigned_char_unsigned_short_i_56 | {1 }
	Port: mxm_execute_ursa_signed_char_unsigned_short_unsigned_char_unsigned_short_i_55 | {1 }
	Port: mxm_execute_ursa_signed_char_unsigned_short_unsigned_char_unsigned_short_i_54 | {1 }
	Port: mxm_execute_ursa_signed_char_unsigned_short_unsigned_char_unsigned_short_i_53 | {1 }
	Port: mxm_execute_ursa_signed_char_unsigned_short_unsigned_char_unsigned_short_i_52 | {1 }
	Port: mxm_execute_ursa_signed_char_unsigned_short_unsigned_char_unsigned_short_i_51 | {1 }
	Port: mxm_execute_ursa_signed_char_unsigned_short_unsigned_char_unsigned_short_i_50 | {1 }
	Port: mxm_execute_ursa_signed_char_unsigned_short_unsigned_char_unsigned_short_i_49 | {1 }
	Port: mxm_execute_ursa_signed_char_unsigned_short_unsigned_char_unsigned_short_i_48 | {1 }
	Port: mxm_execute_ursa_signed_char_unsigned_short_unsigned_char_unsigned_short_i_47 | {1 }
	Port: mxm_execute_ursa_signed_char_unsigned_short_unsigned_char_unsigned_short_i_46 | {1 }
	Port: mxm_execute_ursa_signed_char_unsigned_short_unsigned_char_unsigned_short_i_45 | {1 }
	Port: mxm_execute_ursa_signed_char_unsigned_short_unsigned_char_unsigned_short_i_44 | {1 }
	Port: mxm_execute_ursa_signed_char_unsigned_short_unsigned_char_unsigned_short_i_43 | {1 }
	Port: mxm_execute_ursa_signed_char_unsigned_short_unsigned_char_unsigned_short_i_42 | {1 }
	Port: mxm_execute_ursa_signed_char_unsigned_short_unsigned_char_unsigned_short_i_41 | {1 }
	Port: mxm_execute_ursa_signed_char_unsigned_short_unsigned_char_unsigned_short_i_40 | {1 }
	Port: mxm_execute_ursa_signed_char_unsigned_short_unsigned_char_unsigned_short_i_39 | {1 }
	Port: mxm_execute_ursa_signed_char_unsigned_short_unsigned_char_unsigned_short_i_38 | {1 }
	Port: mxm_execute_ursa_signed_char_unsigned_short_unsigned_char_unsigned_short_i_37 | {1 }
	Port: mxm_execute_ursa_signed_char_unsigned_short_unsigned_char_unsigned_short_i_36 | {1 }
	Port: mxm_execute_ursa_signed_char_unsigned_short_unsigned_char_unsigned_short_i_35 | {1 }
	Port: mxm_execute_ursa_signed_char_unsigned_short_unsigned_char_unsigned_short_i_34 | {1 }
	Port: mxm_execute_ursa_signed_char_unsigned_short_unsigned_char_unsigned_short_i_33 | {1 }
	Port: mxm_execute_ursa_signed_char_unsigned_short_unsigned_char_unsigned_short_i_32 | {1 }
	Port: mxm_execute_ursa_signed_char_unsigned_short_unsigned_char_unsigned_short_i_31 | {1 }
	Port: mxm_execute_ursa_signed_char_unsigned_short_unsigned_char_unsigned_short_i_30 | {1 }
	Port: mxm_execute_ursa_signed_char_unsigned_short_unsigned_char_unsigned_short_i_29 | {1 }
	Port: mxm_execute_ursa_signed_char_unsigned_short_unsigned_char_unsigned_short_i_28 | {1 }
	Port: mxm_execute_ursa_signed_char_unsigned_short_unsigned_char_unsigned_short_i_27 | {1 }
	Port: mxm_execute_ursa_signed_char_unsigned_short_unsigned_char_unsigned_short_i_26 | {1 }
	Port: mxm_execute_ursa_signed_char_unsigned_short_unsigned_char_unsigned_short_i_25 | {1 }
	Port: mxm_execute_ursa_signed_char_unsigned_short_unsigned_char_unsigned_short_i_24 | {1 }
	Port: mxm_execute_ursa_signed_char_unsigned_short_unsigned_char_unsigned_short_i_23 | {1 }
	Port: mxm_execute_ursa_signed_char_unsigned_short_unsigned_char_unsigned_short_i_22 | {1 }
	Port: mxm_execute_ursa_signed_char_unsigned_short_unsigned_char_unsigned_short_i_21 | {1 }
	Port: mxm_execute_ursa_signed_char_unsigned_short_unsigned_char_unsigned_short_i_20 | {1 }
	Port: mxm_execute_ursa_signed_char_unsigned_short_unsigned_char_unsigned_short_i_19 | {1 }
	Port: mxm_execute_ursa_signed_char_unsigned_short_unsigned_char_unsigned_short_i_18 | {1 }
	Port: mxm_execute_ursa_signed_char_unsigned_short_unsigned_char_unsigned_short_i_17 | {1 }
	Port: mxm_execute_ursa_signed_char_unsigned_short_unsigned_char_unsigned_short_i_16 | {1 }
	Port: mxm_execute_ursa_signed_char_unsigned_short_unsigned_char_unsigned_short_i_15 | {1 }
	Port: mxm_execute_ursa_signed_char_unsigned_short_unsigned_char_unsigned_short_i_14 | {1 }
	Port: mxm_execute_ursa_signed_char_unsigned_short_unsigned_char_unsigned_short_i_13 | {1 }
	Port: mxm_execute_ursa_signed_char_unsigned_short_unsigned_char_unsigned_short_i_12 | {1 }
	Port: mxm_execute_ursa_signed_char_unsigned_short_unsigned_char_unsigned_short_i_11 | {1 }
	Port: mxm_execute_ursa_signed_char_unsigned_short_unsigned_char_unsigned_short_i_10 | {1 }
	Port: mxm_execute_ursa_signed_char_unsigned_short_unsigned_char_unsigned_short_i_9 | {1 }
	Port: mxm_execute_ursa_signed_char_unsigned_short_unsigned_char_unsigned_short_i_8 | {1 }
	Port: mxm_execute_ursa_signed_char_unsigned_short_unsigned_char_unsigned_short_i_7 | {1 }
	Port: mxm_execute_ursa_signed_char_unsigned_short_unsigned_char_unsigned_short_i_6 | {1 }
	Port: mxm_execute_ursa_signed_char_unsigned_short_unsigned_char_unsigned_short_i_5 | {1 }
	Port: mxm_execute_ursa_signed_char_unsigned_short_unsigned_char_unsigned_short_i_4 | {1 }
	Port: mxm_execute_ursa_signed_char_unsigned_short_unsigned_char_unsigned_short_i_3 | {1 }
	Port: mxm_execute_ursa_signed_char_unsigned_short_unsigned_char_unsigned_short_i_2 | {1 }
	Port: mxm_execute_ursa_signed_char_unsigned_short_unsigned_char_unsigned_short_i_1 | {1 }
	Port: mxm_execute_ursa_signed_char_unsigned_short_unsigned_char_unsigned_short_i | {1 }
 - Input state : 
	Port: sa_reset : mxm_execute_ursa_signed_char_unsigned_short_unsigned_char_unsigned_short_i_63 | {}
	Port: sa_reset : mxm_execute_ursa_signed_char_unsigned_short_unsigned_char_unsigned_short_i_62 | {}
	Port: sa_reset : mxm_execute_ursa_signed_char_unsigned_short_unsigned_char_unsigned_short_i_61 | {}
	Port: sa_reset : mxm_execute_ursa_signed_char_unsigned_short_unsigned_char_unsigned_short_i_60 | {}
	Port: sa_reset : mxm_execute_ursa_signed_char_unsigned_short_unsigned_char_unsigned_short_i_59 | {}
	Port: sa_reset : mxm_execute_ursa_signed_char_unsigned_short_unsigned_char_unsigned_short_i_58 | {}
	Port: sa_reset : mxm_execute_ursa_signed_char_unsigned_short_unsigned_char_unsigned_short_i_57 | {}
	Port: sa_reset : mxm_execute_ursa_signed_char_unsigned_short_unsigned_char_unsigned_short_i_56 | {}
	Port: sa_reset : mxm_execute_ursa_signed_char_unsigned_short_unsigned_char_unsigned_short_i_55 | {}
	Port: sa_reset : mxm_execute_ursa_signed_char_unsigned_short_unsigned_char_unsigned_short_i_54 | {}
	Port: sa_reset : mxm_execute_ursa_signed_char_unsigned_short_unsigned_char_unsigned_short_i_53 | {}
	Port: sa_reset : mxm_execute_ursa_signed_char_unsigned_short_unsigned_char_unsigned_short_i_52 | {}
	Port: sa_reset : mxm_execute_ursa_signed_char_unsigned_short_unsigned_char_unsigned_short_i_51 | {}
	Port: sa_reset : mxm_execute_ursa_signed_char_unsigned_short_unsigned_char_unsigned_short_i_50 | {}
	Port: sa_reset : mxm_execute_ursa_signed_char_unsigned_short_unsigned_char_unsigned_short_i_49 | {}
	Port: sa_reset : mxm_execute_ursa_signed_char_unsigned_short_unsigned_char_unsigned_short_i_48 | {}
	Port: sa_reset : mxm_execute_ursa_signed_char_unsigned_short_unsigned_char_unsigned_short_i_47 | {}
	Port: sa_reset : mxm_execute_ursa_signed_char_unsigned_short_unsigned_char_unsigned_short_i_46 | {}
	Port: sa_reset : mxm_execute_ursa_signed_char_unsigned_short_unsigned_char_unsigned_short_i_45 | {}
	Port: sa_reset : mxm_execute_ursa_signed_char_unsigned_short_unsigned_char_unsigned_short_i_44 | {}
	Port: sa_reset : mxm_execute_ursa_signed_char_unsigned_short_unsigned_char_unsigned_short_i_43 | {}
	Port: sa_reset : mxm_execute_ursa_signed_char_unsigned_short_unsigned_char_unsigned_short_i_42 | {}
	Port: sa_reset : mxm_execute_ursa_signed_char_unsigned_short_unsigned_char_unsigned_short_i_41 | {}
	Port: sa_reset : mxm_execute_ursa_signed_char_unsigned_short_unsigned_char_unsigned_short_i_40 | {}
	Port: sa_reset : mxm_execute_ursa_signed_char_unsigned_short_unsigned_char_unsigned_short_i_39 | {}
	Port: sa_reset : mxm_execute_ursa_signed_char_unsigned_short_unsigned_char_unsigned_short_i_38 | {}
	Port: sa_reset : mxm_execute_ursa_signed_char_unsigned_short_unsigned_char_unsigned_short_i_37 | {}
	Port: sa_reset : mxm_execute_ursa_signed_char_unsigned_short_unsigned_char_unsigned_short_i_36 | {}
	Port: sa_reset : mxm_execute_ursa_signed_char_unsigned_short_unsigned_char_unsigned_short_i_35 | {}
	Port: sa_reset : mxm_execute_ursa_signed_char_unsigned_short_unsigned_char_unsigned_short_i_34 | {}
	Port: sa_reset : mxm_execute_ursa_signed_char_unsigned_short_unsigned_char_unsigned_short_i_33 | {}
	Port: sa_reset : mxm_execute_ursa_signed_char_unsigned_short_unsigned_char_unsigned_short_i_32 | {}
	Port: sa_reset : mxm_execute_ursa_signed_char_unsigned_short_unsigned_char_unsigned_short_i_31 | {}
	Port: sa_reset : mxm_execute_ursa_signed_char_unsigned_short_unsigned_char_unsigned_short_i_30 | {}
	Port: sa_reset : mxm_execute_ursa_signed_char_unsigned_short_unsigned_char_unsigned_short_i_29 | {}
	Port: sa_reset : mxm_execute_ursa_signed_char_unsigned_short_unsigned_char_unsigned_short_i_28 | {}
	Port: sa_reset : mxm_execute_ursa_signed_char_unsigned_short_unsigned_char_unsigned_short_i_27 | {}
	Port: sa_reset : mxm_execute_ursa_signed_char_unsigned_short_unsigned_char_unsigned_short_i_26 | {}
	Port: sa_reset : mxm_execute_ursa_signed_char_unsigned_short_unsigned_char_unsigned_short_i_25 | {}
	Port: sa_reset : mxm_execute_ursa_signed_char_unsigned_short_unsigned_char_unsigned_short_i_24 | {}
	Port: sa_reset : mxm_execute_ursa_signed_char_unsigned_short_unsigned_char_unsigned_short_i_23 | {}
	Port: sa_reset : mxm_execute_ursa_signed_char_unsigned_short_unsigned_char_unsigned_short_i_22 | {}
	Port: sa_reset : mxm_execute_ursa_signed_char_unsigned_short_unsigned_char_unsigned_short_i_21 | {}
	Port: sa_reset : mxm_execute_ursa_signed_char_unsigned_short_unsigned_char_unsigned_short_i_20 | {}
	Port: sa_reset : mxm_execute_ursa_signed_char_unsigned_short_unsigned_char_unsigned_short_i_19 | {}
	Port: sa_reset : mxm_execute_ursa_signed_char_unsigned_short_unsigned_char_unsigned_short_i_18 | {}
	Port: sa_reset : mxm_execute_ursa_signed_char_unsigned_short_unsigned_char_unsigned_short_i_17 | {}
	Port: sa_reset : mxm_execute_ursa_signed_char_unsigned_short_unsigned_char_unsigned_short_i_16 | {}
	Port: sa_reset : mxm_execute_ursa_signed_char_unsigned_short_unsigned_char_unsigned_short_i_15 | {}
	Port: sa_reset : mxm_execute_ursa_signed_char_unsigned_short_unsigned_char_unsigned_short_i_14 | {}
	Port: sa_reset : mxm_execute_ursa_signed_char_unsigned_short_unsigned_char_unsigned_short_i_13 | {}
	Port: sa_reset : mxm_execute_ursa_signed_char_unsigned_short_unsigned_char_unsigned_short_i_12 | {}
	Port: sa_reset : mxm_execute_ursa_signed_char_unsigned_short_unsigned_char_unsigned_short_i_11 | {}
	Port: sa_reset : mxm_execute_ursa_signed_char_unsigned_short_unsigned_char_unsigned_short_i_10 | {}
	Port: sa_reset : mxm_execute_ursa_signed_char_unsigned_short_unsigned_char_unsigned_short_i_9 | {}
	Port: sa_reset : mxm_execute_ursa_signed_char_unsigned_short_unsigned_char_unsigned_short_i_8 | {}
	Port: sa_reset : mxm_execute_ursa_signed_char_unsigned_short_unsigned_char_unsigned_short_i_7 | {}
	Port: sa_reset : mxm_execute_ursa_signed_char_unsigned_short_unsigned_char_unsigned_short_i_6 | {}
	Port: sa_reset : mxm_execute_ursa_signed_char_unsigned_short_unsigned_char_unsigned_short_i_5 | {}
	Port: sa_reset : mxm_execute_ursa_signed_char_unsigned_short_unsigned_char_unsigned_short_i_4 | {}
	Port: sa_reset : mxm_execute_ursa_signed_char_unsigned_short_unsigned_char_unsigned_short_i_3 | {}
	Port: sa_reset : mxm_execute_ursa_signed_char_unsigned_short_unsigned_char_unsigned_short_i_2 | {}
	Port: sa_reset : mxm_execute_ursa_signed_char_unsigned_short_unsigned_char_unsigned_short_i_1 | {}
	Port: sa_reset : mxm_execute_ursa_signed_char_unsigned_short_unsigned_char_unsigned_short_i | {}
  - Chain level:
	State 1


============================================================
+ Verbose Summary: Datapath Resource usage 
============================================================

* Functional unit list:
|----------|----------------|
| Operation| Functional Unit|
|----------|----------------|
|   Total  |                |
|----------|----------------|

Memories:
N/A

* Register list:
N/A

* Multiplexer (MUX) list: 
|--------|------|------|------|--------|
|  Comp  |  Pin | Size |  BW  | S x BW |
|--------|------|------|------|--------|
|  Total |      |      |      |    0   |
|--------|------|------|------|--------|



* Summary:
+-----------+
|           |
+-----------+
|  Function |
|   Memory  |
|Multiplexer|
|  Register |
+-----------+
|   Total   |
+-----------+
