

================================================================
== Vitis HLS Report for 'mxm_execute_ursa_Pipeline_VITIS_LOOP_382_7'
================================================================
* Date:           Fri Aug  7 15:00:23 2026

* Version:        2023.2 (Build 4023990 on Oct 11 2023)
* Project:        mxm_execute_ursa
* Solution:       hls (Vivado IP Flow Target)
* Product family: zynq
* Target device:  xc7z020-clg484-1


================================================================
== Performance Estimates
================================================================
+ Timing: 
    * Summary: 
    +--------+----------+----------+------------+
    |  Clock |  Target  | Estimated| Uncertainty|
    +--------+----------+----------+------------+
    |ap_clk  |  10.00 ns|  7.300 ns|     2.70 ns|
    +--------+----------+----------+------------+

+ Latency: 
    * Summary: 
    +---------+---------+----------+----------+-----+-----+---------+
    |  Latency (cycles) |  Latency (absolute) |  Interval | Pipeline|
    |   min   |   max   |    min   |    max   | min | max |   Type  |
    +---------+---------+----------+----------+-----+-----+---------+
    |       73|       73|  0.730 us|  0.730 us|   73|   73|       no|
    +---------+---------+----------+----------+-----+-----+---------+

    + Detail: 
        * Instance: 
        N/A

        * Loop: 
        +--------------------+---------+---------+----------+-----------+-----------+------+----------+
        |                    |  Latency (cycles) | Iteration|  Initiation Interval  | Trip |          |
        |      Loop Name     |   min   |   max   |  Latency |  achieved |   target  | Count| Pipelined|
        +--------------------+---------+---------+----------+-----------+-----------+------+----------+
        |- VITIS_LOOP_382_7  |       71|       71|        16|          8|          1|     8|       yes|
        +--------------------+---------+---------+----------+-----------+-----------+------+----------+



================================================================
== Utilization Estimates
================================================================
* Summary: 
+-----------------+---------+-----+--------+-------+-----+
|       Name      | BRAM_18K| DSP |   FF   |  LUT  | URAM|
+-----------------+---------+-----+--------+-------+-----+
|DSP              |        -|    -|       -|      -|    -|
|Expression       |        -|    -|       0|   1067|    -|
|FIFO             |        -|    -|       -|      -|    -|
|Instance         |        -|    1|       0|      6|    -|
|Memory           |        -|    -|       -|      -|    -|
|Multiplexer      |        -|    -|       -|    264|    -|
|Register         |        -|    -|     898|      -|    -|
+-----------------+---------+-----+--------+-------+-----+
|Total            |        0|    1|     898|   1337|    0|
+-----------------+---------+-----+--------+-------+-----+
|Available        |      280|  220|  106400|  53200|    0|
+-----------------+---------+-----+--------+-------+-----+
|Utilization (%)  |        0|   ~0|      ~0|      2|    0|
+-----------------+---------+-----+--------+-------+-----+

+ Detail: 
    * Instance: 
    +---------------------------+----------------------+---------+----+---+----+-----+
    |          Instance         |        Module        | BRAM_18K| DSP| FF| LUT| URAM|
    +---------------------------+----------------------+---------+----+---+----+-----+
    |mul_16ns_16ns_32_1_1_U566  |mul_16ns_16ns_32_1_1  |        0|   1|  0|   6|    0|
    +---------------------------+----------------------+---------+----+---+----+-----+
    |Total                      |                      |        0|   1|  0|   6|    0|
    +---------------------------+----------------------+---------+----+---+----+-----+

    * DSP: 
    N/A

    * Memory: 
    N/A

    * FIFO: 
    N/A

    * Expression: 
    +------------------------------------+----------+----+---+----+------------+------------+
    |            Variable Name           | Operation| DSP| FF| LUT| Bitwidth P0| Bitwidth P1|
    +------------------------------------+----------+----+---+----+------------+------------+
    |add_ln382_fu_526_p2                 |         +|   0|  0|  13|           4|           1|
    |add_ln391_10_fu_898_p2              |         +|   0|  0|  39|          32|          32|
    |add_ln391_11_fu_914_p2              |         +|   0|  0|  71|          64|          64|
    |add_ln391_12_fu_939_p2              |         +|   0|  0|  39|          32|          32|
    |add_ln391_13_fu_955_p2              |         +|   0|  0|  71|          64|          64|
    |add_ln391_14_fu_980_p2              |         +|   0|  0|  39|          32|          32|
    |add_ln391_15_fu_996_p2              |         +|   0|  0|  71|          64|          64|
    |add_ln391_1_fu_669_p2               |         +|   0|  0|  71|          64|          64|
    |add_ln391_2_fu_714_p2               |         +|   0|  0|  39|          32|          32|
    |add_ln391_3_fu_730_p2               |         +|   0|  0|  71|          64|          64|
    |add_ln391_4_fu_775_p2               |         +|   0|  0|  39|          32|          32|
    |add_ln391_5_fu_791_p2               |         +|   0|  0|  71|          64|          64|
    |add_ln391_6_fu_816_p2               |         +|   0|  0|  39|          32|          32|
    |add_ln391_7_fu_832_p2               |         +|   0|  0|  71|          64|          64|
    |add_ln391_8_fu_857_p2               |         +|   0|  0|  39|          32|          32|
    |add_ln391_9_fu_873_p2               |         +|   0|  0|  71|          64|          64|
    |add_ln391_fu_653_p2                 |         +|   0|  0|  39|          32|          32|
    |and_ln390_1_fu_586_p2               |       and|   0|  0|   2|           1|           1|
    |and_ln390_2_fu_592_p2               |       and|   0|  0|   2|           1|           1|
    |and_ln390_3_fu_598_p2               |       and|   0|  0|   2|           1|           1|
    |and_ln390_4_fu_604_p2               |       and|   0|  0|   2|           1|           1|
    |and_ln390_5_fu_610_p2               |       and|   0|  0|   2|           1|           1|
    |and_ln390_6_fu_616_p2               |       and|   0|  0|   2|           1|           1|
    |and_ln390_7_fu_622_p2               |       and|   0|  0|   2|           1|           1|
    |and_ln390_fu_580_p2                 |       and|   0|  0|   2|           1|           1|
    |ap_block_pp0_stage0_01001           |       and|   0|  0|   2|           1|           1|
    |ap_block_pp0_stage0_11001           |       and|   0|  0|   2|           1|           1|
    |ap_block_pp0_stage1_01001           |       and|   0|  0|   2|           1|           1|
    |ap_block_pp0_stage1_11001           |       and|   0|  0|   2|           1|           1|
    |ap_block_pp0_stage2_01001           |       and|   0|  0|   2|           1|           1|
    |ap_block_pp0_stage3_01001           |       and|   0|  0|   2|           1|           1|
    |ap_block_pp0_stage4_01001           |       and|   0|  0|   2|           1|           1|
    |ap_block_pp0_stage5_01001           |       and|   0|  0|   2|           1|           1|
    |ap_block_pp0_stage6_01001           |       and|   0|  0|   2|           1|           1|
    |ap_block_pp0_stage7_01001           |       and|   0|  0|   2|           1|           1|
    |ap_block_state10_pp0_stage1_iter1   |       and|   0|  0|   2|           1|           1|
    |ap_block_state11_io                 |       and|   0|  0|   2|           1|           1|
    |ap_block_state11_pp0_stage2_iter1   |       and|   0|  0|   2|           1|           1|
    |ap_block_state12_pp0_stage3_iter1   |       and|   0|  0|   2|           1|           1|
    |ap_block_state13_pp0_stage4_iter1   |       and|   0|  0|   2|           1|           1|
    |ap_block_state14_pp0_stage5_iter1   |       and|   0|  0|   2|           1|           1|
    |ap_block_state15_pp0_stage6_iter1   |       and|   0|  0|   2|           1|           1|
    |ap_block_state16_pp0_stage7_iter1   |       and|   0|  0|   2|           1|           1|
    |ap_block_state3_io                  |       and|   0|  0|   2|           1|           1|
    |ap_block_state9_pp0_stage0_iter1    |       and|   0|  0|   2|           1|           1|
    |ap_predicate_op111_writereq_state3  |       and|   0|  0|   2|           1|           1|
    |ap_predicate_op133_writereq_state4  |       and|   0|  0|   2|           1|           1|
    |ap_predicate_op147_writereq_state5  |       and|   0|  0|   2|           1|           1|
    |ap_predicate_op160_writereq_state6  |       and|   0|  0|   2|           1|           1|
    |ap_predicate_op193_writereq_state7  |       and|   0|  0|   2|           1|           1|
    |ap_predicate_op199_writereq_state8  |       and|   0|  0|   2|           1|           1|
    |cmp121_fu_564_p2                    |      icmp|   0|  0|  23|          16|          16|
    |icmp_ln382_fu_520_p2                |      icmp|   0|  0|  13|           4|           5|
    |ap_block_pp0_stage2_11001           |        or|   0|  0|   2|           1|           1|
    |ap_block_pp0_stage3_11001           |        or|   0|  0|   2|           1|           1|
    |ap_block_pp0_stage4_11001           |        or|   0|  0|   2|           1|           1|
    |ap_block_pp0_stage5_11001           |        or|   0|  0|   2|           1|           1|
    |ap_block_pp0_stage6_11001           |        or|   0|  0|   2|           1|           1|
    |ap_block_pp0_stage7_11001           |        or|   0|  0|   2|           1|           1|
    |ap_block_state10_io                 |        or|   0|  0|   2|           1|           1|
    |ap_block_state4_io                  |        or|   0|  0|   2|           1|           1|
    |ap_block_state5_io                  |        or|   0|  0|   2|           1|           1|
    |ap_block_state6_io                  |        or|   0|  0|   2|           1|           1|
    |ap_block_state7_io                  |        or|   0|  0|   2|           1|           1|
    |ap_block_state8_io                  |        or|   0|  0|   2|           1|           1|
    |ap_block_state9_io                  |        or|   0|  0|   2|           1|           1|
    |or_ln391_1_fu_633_p2                |        or|   0|  0|   6|           6|           2|
    |or_ln391_2_fu_643_p2                |        or|   0|  0|   6|           6|           2|
    |or_ln391_3_fu_694_p2                |        or|   0|  0|   6|           6|           3|
    |or_ln391_4_fu_704_p2                |        or|   0|  0|   6|           6|           3|
    |or_ln391_5_fu_755_p2                |        or|   0|  0|   6|           6|           3|
    |or_ln391_6_fu_765_p2                |        or|   0|  0|   6|           6|           3|
    |or_ln391_fu_545_p2                  |        or|   0|  0|   6|           6|           1|
    |ap_enable_pp0                       |       xor|   0|  0|   2|           1|           2|
    +------------------------------------+----------+----+---+----+------------+------------+
    |Total                               |          |   0|  0|1067|         882|         856|
    +------------------------------------+----------+----+---+----+------------+------------+

    * Multiplexer: 
    +-------------------------+----+-----------+-----+-----------+
    |           Name          | LUT| Input Size| Bits| Total Bits|
    +-------------------------+----+-----------+-----+-----------+
    |ap_NS_fsm                |  48|          9|    1|          9|
    |ap_done_int              |   9|          2|    1|          2|
    |ap_enable_reg_pp0_iter0  |   9|          2|    1|          2|
    |ap_enable_reg_pp0_iter1  |   9|          2|    1|          2|
    |ap_sig_allocacmp_r_1     |   9|          2|    4|          8|
    |c_tile_acc_address0      |  25|          5|    6|         30|
    |c_tile_acc_address1      |  25|          5|    6|         30|
    |ca_blk_n_AW              |   9|          2|    1|          2|
    |ca_blk_n_B               |   9|          2|    1|          2|
    |ca_blk_n_W               |   9|          2|    1|          2|
    |m_axi_ca_AWADDR          |  48|          9|   64|        576|
    |m_axi_ca_WDATA           |  37|          7|   32|        224|
    |r_fu_134                 |   9|          2|    4|          8|
    |reg_465                  |   9|          2|   32|         64|
    +-------------------------+----+-----------+-----+-----------+
    |Total                    | 264|         53|  155|        961|
    +-------------------------+----+-----------+-----+-----------+

    * Register: 
    +------------------------------------+----+----+-----+-----------+
    |                Name                | FF | LUT| Bits| Const Bits|
    +------------------------------------+----+----+-----+-----------+
    |and_ln390_1_reg_1120                |   1|   0|    1|          0|
    |and_ln390_1_reg_1120_pp0_iter1_reg  |   1|   0|    1|          0|
    |and_ln390_2_reg_1124                |   1|   0|    1|          0|
    |and_ln390_2_reg_1124_pp0_iter1_reg  |   1|   0|    1|          0|
    |and_ln390_3_reg_1128                |   1|   0|    1|          0|
    |and_ln390_3_reg_1128_pp0_iter1_reg  |   1|   0|    1|          0|
    |and_ln390_4_reg_1132                |   1|   0|    1|          0|
    |and_ln390_4_reg_1132_pp0_iter1_reg  |   1|   0|    1|          0|
    |and_ln390_5_reg_1136                |   1|   0|    1|          0|
    |and_ln390_5_reg_1136_pp0_iter1_reg  |   1|   0|    1|          0|
    |and_ln390_6_reg_1140                |   1|   0|    1|          0|
    |and_ln390_6_reg_1140_pp0_iter1_reg  |   1|   0|    1|          0|
    |and_ln390_7_reg_1144                |   1|   0|    1|          0|
    |and_ln390_7_reg_1144_pp0_iter1_reg  |   1|   0|    1|          0|
    |and_ln390_reg_1116                  |   1|   0|    1|          0|
    |ap_CS_fsm                           |   8|   0|    8|          0|
    |ap_done_reg                         |   1|   0|    1|          0|
    |ap_enable_reg_pp0_iter0_reg         |   1|   0|    1|          0|
    |ap_enable_reg_pp0_iter1             |   1|   0|    1|          0|
    |base_col_B_cast_cast_reg_1075       |  16|   0|   32|         16|
    |c_tile_acc_load_2_reg_1180          |  32|   0|   32|          0|
    |c_tile_acc_load_3_reg_1185          |  32|   0|   32|          0|
    |c_tile_acc_load_5_reg_1206          |  32|   0|   32|          0|
    |c_tile_acc_load_7_reg_1217          |  32|   0|   32|          0|
    |ca_addr_1_reg_1174                  |  64|   0|   64|          0|
    |ca_addr_2_reg_1200                  |  64|   0|   64|          0|
    |ca_addr_3_reg_1211                  |  64|   0|   64|          0|
    |ca_addr_4_reg_1222                  |  64|   0|   64|          0|
    |ca_addr_5_reg_1228                  |  64|   0|   64|          0|
    |ca_addr_6_reg_1234                  |  64|   0|   64|          0|
    |ca_addr_7_reg_1240                  |  64|   0|   64|          0|
    |ca_addr_reg_1158                    |  64|   0|   64|          0|
    |icmp_ln382_reg_1080                 |   1|   0|    1|          0|
    |mul131_reg_1104                     |  32|   0|   32|          0|
    |r_fu_134                            |   4|   0|    4|          0|
    |reg_459                             |  32|   0|   32|          0|
    |reg_465                             |  32|   0|   32|          0|
    |tmp_2_reg_1084                      |   3|   0|    6|          3|
    |zext_ln382_cast_reg_1040            |  16|   0|   32|         16|
    |zext_ln391_1_cast_reg_1065          |  16|   0|   32|         16|
    |zext_ln391_2_cast_reg_1060          |  16|   0|   32|         16|
    |zext_ln391_3_cast_reg_1055          |  16|   0|   32|         16|
    |zext_ln391_4_cast_reg_1050          |  16|   0|   32|         16|
    |zext_ln391_5_cast_reg_1045          |  16|   0|   32|         16|
    |zext_ln391_cast_reg_1070            |  16|   0|   32|         16|
    +------------------------------------+----+----+-----+-----------+
    |Total                               | 898|   0| 1029|        131|
    +------------------------------------+----+----+-----+-----------+



================================================================
== Interface
================================================================
* Summary: 
+---------------------+-----+-----+------------+--------------------------------------------+--------------+
|      RTL Ports      | Dir | Bits|  Protocol  |                Source Object               |    C Type    |
+---------------------+-----+-----+------------+--------------------------------------------+--------------+
|ap_clk               |   in|    1|  ap_ctrl_hs|  mxm_execute_ursa_Pipeline_VITIS_LOOP_382_7|  return value|
|ap_rst               |   in|    1|  ap_ctrl_hs|  mxm_execute_ursa_Pipeline_VITIS_LOOP_382_7|  return value|
|ap_start             |   in|    1|  ap_ctrl_hs|  mxm_execute_ursa_Pipeline_VITIS_LOOP_382_7|  return value|
|ap_done              |  out|    1|  ap_ctrl_hs|  mxm_execute_ursa_Pipeline_VITIS_LOOP_382_7|  return value|
|ap_idle              |  out|    1|  ap_ctrl_hs|  mxm_execute_ursa_Pipeline_VITIS_LOOP_382_7|  return value|
|ap_ready             |  out|    1|  ap_ctrl_hs|  mxm_execute_ursa_Pipeline_VITIS_LOOP_382_7|  return value|
|m_axi_ca_AWVALID     |  out|    1|       m_axi|                                          ca|       pointer|
|m_axi_ca_AWREADY     |   in|    1|       m_axi|                                          ca|       pointer|
|m_axi_ca_AWADDR      |  out|   64|       m_axi|                                          ca|       pointer|
|m_axi_ca_AWID        |  out|    1|       m_axi|                                          ca|       pointer|
|m_axi_ca_AWLEN       |  out|   32|       m_axi|                                          ca|       pointer|
|m_axi_ca_AWSIZE      |  out|    3|       m_axi|                                          ca|       pointer|
|m_axi_ca_AWBURST     |  out|    2|       m_axi|                                          ca|       pointer|
|m_axi_ca_AWLOCK      |  out|    2|       m_axi|                                          ca|       pointer|
|m_axi_ca_AWCACHE     |  out|    4|       m_axi|                                          ca|       pointer|
|m_axi_ca_AWPROT      |  out|    3|       m_axi|                                          ca|       pointer|
|m_axi_ca_AWQOS       |  out|    4|       m_axi|                                          ca|       pointer|
|m_axi_ca_AWREGION    |  out|    4|       m_axi|                                          ca|       pointer|
|m_axi_ca_AWUSER      |  out|    1|       m_axi|                                          ca|       pointer|
|m_axi_ca_WVALID      |  out|    1|       m_axi|                                          ca|       pointer|
|m_axi_ca_WREADY      |   in|    1|       m_axi|                                          ca|       pointer|
|m_axi_ca_WDATA       |  out|   32|       m_axi|                                          ca|       pointer|
|m_axi_ca_WSTRB       |  out|    4|       m_axi|                                          ca|       pointer|
|m_axi_ca_WLAST       |  out|    1|       m_axi|                                          ca|       pointer|
|m_axi_ca_WID         |  out|    1|       m_axi|                                          ca|       pointer|
|m_axi_ca_WUSER       |  out|    1|       m_axi|                                          ca|       pointer|
|m_axi_ca_ARVALID     |  out|    1|       m_axi|                                          ca|       pointer|
|m_axi_ca_ARREADY     |   in|    1|       m_axi|                                          ca|       pointer|
|m_axi_ca_ARADDR      |  out|   64|       m_axi|                                          ca|       pointer|
|m_axi_ca_ARID        |  out|    1|       m_axi|                                          ca|       pointer|
|m_axi_ca_ARLEN       |  out|   32|       m_axi|                                          ca|       pointer|
|m_axi_ca_ARSIZE      |  out|    3|       m_axi|                                          ca|       pointer|
|m_axi_ca_ARBURST     |  out|    2|       m_axi|                                          ca|       pointer|
|m_axi_ca_ARLOCK      |  out|    2|       m_axi|                                          ca|       pointer|
|m_axi_ca_ARCACHE     |  out|    4|       m_axi|                                          ca|       pointer|
|m_axi_ca_ARPROT      |  out|    3|       m_axi|                                          ca|       pointer|
|m_axi_ca_ARQOS       |  out|    4|       m_axi|                                          ca|       pointer|
|m_axi_ca_ARREGION    |  out|    4|       m_axi|                                          ca|       pointer|
|m_axi_ca_ARUSER      |  out|    1|       m_axi|                                          ca|       pointer|
|m_axi_ca_RVALID      |   in|    1|       m_axi|                                          ca|       pointer|
|m_axi_ca_RREADY      |  out|    1|       m_axi|                                          ca|       pointer|
|m_axi_ca_RDATA       |   in|   32|       m_axi|                                          ca|       pointer|
|m_axi_ca_RLAST       |   in|    1|       m_axi|                                          ca|       pointer|
|m_axi_ca_RID         |   in|    1|       m_axi|                                          ca|       pointer|
|m_axi_ca_RFIFONUM    |   in|   10|       m_axi|                                          ca|       pointer|
|m_axi_ca_RUSER       |   in|    1|       m_axi|                                          ca|       pointer|
|m_axi_ca_RRESP       |   in|    2|       m_axi|                                          ca|       pointer|
|m_axi_ca_BVALID      |   in|    1|       m_axi|                                          ca|       pointer|
|m_axi_ca_BREADY      |  out|    1|       m_axi|                                          ca|       pointer|
|m_axi_ca_BRESP       |   in|    2|       m_axi|                                          ca|       pointer|
|m_axi_ca_BID         |   in|    1|       m_axi|                                          ca|       pointer|
|m_axi_ca_BUSER       |   in|    1|       m_axi|                                          ca|       pointer|
|cmp124_7             |   in|    1|     ap_none|                                    cmp124_7|        scalar|
|cmp124_6             |   in|    1|     ap_none|                                    cmp124_6|        scalar|
|cmp124_5             |   in|    1|     ap_none|                                    cmp124_5|        scalar|
|cmp124_4             |   in|    1|     ap_none|                                    cmp124_4|        scalar|
|cmp124_3             |   in|    1|     ap_none|                                    cmp124_3|        scalar|
|cmp124_2             |   in|    1|     ap_none|                                    cmp124_2|        scalar|
|cmp124_1             |   in|    1|     ap_none|                                    cmp124_1|        scalar|
|c_tile_acc_address0  |  out|    6|   ap_memory|                                  c_tile_acc|         array|
|c_tile_acc_ce0       |  out|    1|   ap_memory|                                  c_tile_acc|         array|
|c_tile_acc_q0        |   in|   32|   ap_memory|                                  c_tile_acc|         array|
|c_tile_acc_address1  |  out|    6|   ap_memory|                                  c_tile_acc|         array|
|c_tile_acc_ce1       |  out|    1|   ap_memory|                                  c_tile_acc|         array|
|c_tile_acc_q1        |   in|   32|   ap_memory|                                  c_tile_acc|         array|
|empty                |   in|   13|     ap_none|                                       empty|        scalar|
|a0_p                 |   in|   16|     ap_none|                                        a0_p|        scalar|
|zext_ln309           |   in|   16|     ap_none|                                  zext_ln309|        scalar|
|cmp124               |   in|    1|     ap_none|                                      cmp124|        scalar|
|base_col_B_cast      |   in|   16|     ap_none|                             base_col_B_cast|        scalar|
|addr_c0              |   in|   64|     ap_none|                                     addr_c0|        scalar|
|zext_ln391           |   in|   16|     ap_none|                                  zext_ln391|        scalar|
|zext_ln391_1         |   in|   16|     ap_none|                                zext_ln391_1|        scalar|
|zext_ln391_2         |   in|   16|     ap_none|                                zext_ln391_2|        scalar|
|zext_ln391_3         |   in|   16|     ap_none|                                zext_ln391_3|        scalar|
|zext_ln391_4         |   in|   16|     ap_none|                                zext_ln391_4|        scalar|
|zext_ln391_5         |   in|   16|     ap_none|                                zext_ln391_5|        scalar|
|zext_ln382           |   in|   16|     ap_none|                                  zext_ln382|        scalar|
+---------------------+-----+-----+------------+--------------------------------------------+--------------+

============================================================
+ Verbose Summary: Synthesis Manager
============================================================
InlineROM: 1
ExposeGlobal: 0
============================================================
+ Verbose Summary: CDFG Model
============================================================
IsTopModel: 0
ResetActiveHigh: 1
IsCombinational: 2
IsDatapathOnly: 2
HasWiredReturn: 1
HasMFsm: 2
HasVarLatency: 1
IsPipeline: 0
IsRtlPipelined: 0
IsInstanceOverlapped: 0
IsDontTouch: 0
HasImplIP: 0
IsGatedGlobalClock: 0

+ Individual pipeline summary: 
  * Pipeline-0: initiation interval (II) = 8, depth = 16


============================================================
+ Verbose Summary: Schedule
============================================================
* Number of FSM states : 16
* Pipeline : 1
  Pipeline-0 : II = 8, D = 16, States = { 1 2 3 4 5 6 7 8 9 10 11 12 13 14 15 16 }
* Dataflow Pipeline: 0

* FSM state transitions: 
1 --> 2 
2 --> 3 
3 --> 4 
4 --> 5 
5 --> 6 
6 --> 7 
7 --> 8 
8 --> 9 
9 --> 10 
10 --> 11 
11 --> 12 
12 --> 13 
13 --> 14 
14 --> 15 
15 --> 16 
16 --> 

* FSM state operations: 

State 1 <SV = 0> <Delay = 7.16>
ST_1 : Operation 19 [1/1] (0.00ns)   --->   "%r = alloca i32 1" [/home/fi/Documents/GitHub/ursa/exp/ursa_ws/src/core/shell.cpp:382]   --->   Operation 19 'alloca' 'r' <Predicate = true> <Delay = 0.00>
ST_1 : Operation 20 [1/1] (0.00ns)   --->   "%zext_ln382_read = read i16 @_ssdm_op_Read.ap_auto.i16, i16 %zext_ln382"   --->   Operation 20 'read' 'zext_ln382_read' <Predicate = true> <Delay = 0.00>
ST_1 : Operation 21 [1/1] (0.00ns)   --->   "%zext_ln391_5_read = read i16 @_ssdm_op_Read.ap_auto.i16, i16 %zext_ln391_5"   --->   Operation 21 'read' 'zext_ln391_5_read' <Predicate = true> <Delay = 0.00>
ST_1 : Operation 22 [1/1] (0.00ns)   --->   "%zext_ln391_4_read = read i16 @_ssdm_op_Read.ap_auto.i16, i16 %zext_ln391_4"   --->   Operation 22 'read' 'zext_ln391_4_read' <Predicate = true> <Delay = 0.00>
ST_1 : Operation 23 [1/1] (0.00ns)   --->   "%zext_ln391_3_read = read i16 @_ssdm_op_Read.ap_auto.i16, i16 %zext_ln391_3"   --->   Operation 23 'read' 'zext_ln391_3_read' <Predicate = true> <Delay = 0.00>
ST_1 : Operation 24 [1/1] (0.00ns)   --->   "%zext_ln391_2_read = read i16 @_ssdm_op_Read.ap_auto.i16, i16 %zext_ln391_2"   --->   Operation 24 'read' 'zext_ln391_2_read' <Predicate = true> <Delay = 0.00>
ST_1 : Operation 25 [1/1] (0.00ns)   --->   "%zext_ln391_1_read = read i16 @_ssdm_op_Read.ap_auto.i16, i16 %zext_ln391_1"   --->   Operation 25 'read' 'zext_ln391_1_read' <Predicate = true> <Delay = 0.00>
ST_1 : Operation 26 [1/1] (0.00ns)   --->   "%zext_ln391_read = read i16 @_ssdm_op_Read.ap_auto.i16, i16 %zext_ln391"   --->   Operation 26 'read' 'zext_ln391_read' <Predicate = true> <Delay = 0.00>
ST_1 : Operation 27 [1/1] (0.00ns)   --->   "%addr_c0_read = read i64 @_ssdm_op_Read.ap_auto.i64, i64 %addr_c0"   --->   Operation 27 'read' 'addr_c0_read' <Predicate = true> <Delay = 0.00>
ST_1 : Operation 28 [1/1] (0.00ns)   --->   "%base_col_B_cast_read = read i16 @_ssdm_op_Read.ap_auto.i16, i16 %base_col_B_cast"   --->   Operation 28 'read' 'base_col_B_cast_read' <Predicate = true> <Delay = 0.00>
ST_1 : Operation 29 [1/1] (0.00ns)   --->   "%cmp124_read = read i1 @_ssdm_op_Read.ap_auto.i1, i1 %cmp124"   --->   Operation 29 'read' 'cmp124_read' <Predicate = true> <Delay = 0.00>
ST_1 : Operation 30 [1/1] (0.00ns)   --->   "%zext_ln309_read = read i16 @_ssdm_op_Read.ap_auto.i16, i16 %zext_ln309"   --->   Operation 30 'read' 'zext_ln309_read' <Predicate = true> <Delay = 0.00>
ST_1 : Operation 31 [1/1] (0.00ns)   --->   "%a0_p_read = read i16 @_ssdm_op_Read.ap_auto.i16, i16 %a0_p"   --->   Operation 31 'read' 'a0_p_read' <Predicate = true> <Delay = 0.00>
ST_1 : Operation 32 [1/1] (0.00ns)   --->   "%tmp = read i13 @_ssdm_op_Read.ap_auto.i13, i13 %empty"   --->   Operation 32 'read' 'tmp' <Predicate = true> <Delay = 0.00>
ST_1 : Operation 33 [1/1] (0.00ns)   --->   "%cmp124_1_read = read i1 @_ssdm_op_Read.ap_auto.i1, i1 %cmp124_1"   --->   Operation 33 'read' 'cmp124_1_read' <Predicate = true> <Delay = 0.00>
ST_1 : Operation 34 [1/1] (0.00ns)   --->   "%cmp124_2_read = read i1 @_ssdm_op_Read.ap_auto.i1, i1 %cmp124_2"   --->   Operation 34 'read' 'cmp124_2_read' <Predicate = true> <Delay = 0.00>
ST_1 : Operation 35 [1/1] (0.00ns)   --->   "%cmp124_3_read = read i1 @_ssdm_op_Read.ap_auto.i1, i1 %cmp124_3"   --->   Operation 35 'read' 'cmp124_3_read' <Predicate = true> <Delay = 0.00>
ST_1 : Operation 36 [1/1] (0.00ns)   --->   "%cmp124_4_read = read i1 @_ssdm_op_Read.ap_auto.i1, i1 %cmp124_4"   --->   Operation 36 'read' 'cmp124_4_read' <Predicate = true> <Delay = 0.00>
ST_1 : Operation 37 [1/1] (0.00ns)   --->   "%cmp124_5_read = read i1 @_ssdm_op_Read.ap_auto.i1, i1 %cmp124_5"   --->   Operation 37 'read' 'cmp124_5_read' <Predicate = true> <Delay = 0.00>
ST_1 : Operation 38 [1/1] (0.00ns)   --->   "%cmp124_6_read = read i1 @_ssdm_op_Read.ap_auto.i1, i1 %cmp124_6"   --->   Operation 38 'read' 'cmp124_6_read' <Predicate = true> <Delay = 0.00>
ST_1 : Operation 39 [1/1] (0.00ns)   --->   "%cmp124_7_read = read i1 @_ssdm_op_Read.ap_auto.i1, i1 %cmp124_7"   --->   Operation 39 'read' 'cmp124_7_read' <Predicate = true> <Delay = 0.00>
ST_1 : Operation 40 [1/1] (0.00ns)   --->   "%zext_ln382_cast = zext i16 %zext_ln382_read"   --->   Operation 40 'zext' 'zext_ln382_cast' <Predicate = true> <Delay = 0.00>
ST_1 : Operation 41 [1/1] (0.00ns)   --->   "%zext_ln391_5_cast = zext i16 %zext_ln391_5_read"   --->   Operation 41 'zext' 'zext_ln391_5_cast' <Predicate = true> <Delay = 0.00>
ST_1 : Operation 42 [1/1] (0.00ns)   --->   "%zext_ln391_4_cast = zext i16 %zext_ln391_4_read"   --->   Operation 42 'zext' 'zext_ln391_4_cast' <Predicate = true> <Delay = 0.00>
ST_1 : Operation 43 [1/1] (0.00ns)   --->   "%zext_ln391_3_cast = zext i16 %zext_ln391_3_read"   --->   Operation 43 'zext' 'zext_ln391_3_cast' <Predicate = true> <Delay = 0.00>
ST_1 : Operation 44 [1/1] (0.00ns)   --->   "%zext_ln391_2_cast = zext i16 %zext_ln391_2_read"   --->   Operation 44 'zext' 'zext_ln391_2_cast' <Predicate = true> <Delay = 0.00>
ST_1 : Operation 45 [1/1] (0.00ns)   --->   "%zext_ln391_1_cast = zext i16 %zext_ln391_1_read"   --->   Operation 45 'zext' 'zext_ln391_1_cast' <Predicate = true> <Delay = 0.00>
ST_1 : Operation 46 [1/1] (0.00ns)   --->   "%zext_ln391_cast = zext i16 %zext_ln391_read"   --->   Operation 46 'zext' 'zext_ln391_cast' <Predicate = true> <Delay = 0.00>
ST_1 : Operation 47 [1/1] (0.00ns)   --->   "%base_col_B_cast_cast = zext i16 %base_col_B_cast_read"   --->   Operation 47 'zext' 'base_col_B_cast_cast' <Predicate = true> <Delay = 0.00>
ST_1 : Operation 48 [1/1] (0.00ns)   --->   "%zext_ln309_cast = zext i16 %zext_ln309_read"   --->   Operation 48 'zext' 'zext_ln309_cast' <Predicate = true> <Delay = 0.00>
ST_1 : Operation 49 [1/1] (0.00ns)   --->   "%specinterface_ln0 = specinterface void @_ssdm_op_SpecInterface, i32 %ca, void @empty, i32 0, i32 0, void @empty_8, i32 0, i32 200, void @empty_4, void @empty_6, void @empty_8, i32 8, i32 8, i32 64, i32 16, void @empty_8, void @empty_8, i32 4294967295, i32 0"   --->   Operation 49 'specinterface' 'specinterface_ln0' <Predicate = true> <Delay = 0.00>
ST_1 : Operation 50 [1/1] (1.58ns)   --->   "%store_ln382 = store i4 0, i4 %r" [/home/fi/Documents/GitHub/ursa/exp/ursa_ws/src/core/shell.cpp:382]   --->   Operation 50 'store' 'store_ln382' <Predicate = true> <Delay = 1.58>
ST_1 : Operation 51 [1/1] (0.00ns)   --->   "%br_ln0 = br void %VITIS_LOOP_384_8"   --->   Operation 51 'br' 'br_ln0' <Predicate = true> <Delay = 0.00>
ST_1 : Operation 52 [1/1] (0.00ns)   --->   "%r_1 = load i4 %r"   --->   Operation 52 'load' 'r_1' <Predicate = true> <Delay = 0.00>
ST_1 : Operation 53 [1/1] (0.00ns)   --->   "%empty_30 = trunc i4 %r_1"   --->   Operation 53 'trunc' 'empty_30' <Predicate = true> <Delay = 0.00>
ST_1 : Operation 54 [1/1] (0.00ns)   --->   "%specbitsmap_ln0 = specbitsmap void @_ssdm_op_SpecBitsMap, i32 %ca"   --->   Operation 54 'specbitsmap' 'specbitsmap_ln0' <Predicate = true> <Delay = 0.00>
ST_1 : Operation 55 [1/1] (1.73ns)   --->   "%icmp_ln382 = icmp_eq  i4 %r_1, i4 8" [/home/fi/Documents/GitHub/ursa/exp/ursa_ws/src/core/shell.cpp:382]   --->   Operation 55 'icmp' 'icmp_ln382' <Predicate = true> <Delay = 1.73> <CoreInst = "Cmp">   --->   Core 9 'Cmp' <Latency = 0> <II = 1> <Delay = 1.78> <FuncUnit> <Opcode : 'icmp'> <InPorts = 2> <OutPorts = 1>
ST_1 : Operation 56 [1/1] (1.73ns)   --->   "%add_ln382 = add i4 %r_1, i4 1" [/home/fi/Documents/GitHub/ursa/exp/ursa_ws/src/core/shell.cpp:382]   --->   Operation 56 'add' 'add_ln382' <Predicate = true> <Delay = 1.73> <CoreInst = "Adder">   --->   Core 1 'Adder' <Latency = 0> <II = 1> <Delay = 1.73> <FuncUnit> <Opcode : 'add' 'sub'> <InPorts = 2> <OutPorts = 1>
ST_1 : Operation 57 [1/1] (0.00ns)   --->   "%br_ln382 = br i1 %icmp_ln382, void %VITIS_LOOP_384_8.split, void %for.inc143.exitStub" [/home/fi/Documents/GitHub/ursa/exp/ursa_ws/src/core/shell.cpp:382]   --->   Operation 57 'br' 'br_ln382' <Predicate = true> <Delay = 0.00>
ST_1 : Operation 58 [1/1] (0.00ns)   --->   "%tmp_2 = bitconcatenate i6 @_ssdm_op_BitConcatenate.i6.i3.i3, i3 %empty_30, i3 0" [/home/fi/Documents/GitHub/ursa/exp/ursa_ws/src/core/shell.cpp:391]   --->   Operation 58 'bitconcatenate' 'tmp_2' <Predicate = (!icmp_ln382)> <Delay = 0.00>
ST_1 : Operation 59 [1/1] (0.00ns)   --->   "%zext_ln391_6 = zext i6 %tmp_2" [/home/fi/Documents/GitHub/ursa/exp/ursa_ws/src/core/shell.cpp:391]   --->   Operation 59 'zext' 'zext_ln391_6' <Predicate = (!icmp_ln382)> <Delay = 0.00>
ST_1 : Operation 60 [1/1] (0.00ns)   --->   "%c_tile_acc_addr = getelementptr i32 %c_tile_acc, i64 0, i64 %zext_ln391_6" [/home/fi/Documents/GitHub/ursa/exp/ursa_ws/src/core/shell.cpp:391]   --->   Operation 60 'getelementptr' 'c_tile_acc_addr' <Predicate = (!icmp_ln382)> <Delay = 0.00>
ST_1 : Operation 61 [1/1] (0.00ns)   --->   "%or_ln391 = or i6 %tmp_2, i6 1" [/home/fi/Documents/GitHub/ursa/exp/ursa_ws/src/core/shell.cpp:391]   --->   Operation 61 'or' 'or_ln391' <Predicate = (!icmp_ln382)> <Delay = 0.00>
ST_1 : Operation 62 [1/1] (0.00ns)   --->   "%zext_ln391_15 = zext i6 %or_ln391" [/home/fi/Documents/GitHub/ursa/exp/ursa_ws/src/core/shell.cpp:391]   --->   Operation 62 'zext' 'zext_ln391_15' <Predicate = (!icmp_ln382)> <Delay = 0.00>
ST_1 : Operation 63 [1/1] (0.00ns)   --->   "%c_tile_acc_addr_1 = getelementptr i32 %c_tile_acc, i64 0, i64 %zext_ln391_15" [/home/fi/Documents/GitHub/ursa/exp/ursa_ws/src/core/shell.cpp:391]   --->   Operation 63 'getelementptr' 'c_tile_acc_addr_1' <Predicate = (!icmp_ln382)> <Delay = 0.00>
ST_1 : Operation 64 [1/1] (0.00ns)   --->   "%global_row = bitconcatenate i16 @_ssdm_op_BitConcatenate.i16.i13.i3, i13 %tmp, i3 %empty_30"   --->   Operation 64 'bitconcatenate' 'global_row' <Predicate = (!icmp_ln382)> <Delay = 0.00>
ST_1 : Operation 65 [1/1] (2.07ns)   --->   "%cmp121 = icmp_ult  i16 %global_row, i16 %a0_p_read"   --->   Operation 65 'icmp' 'cmp121' <Predicate = (!icmp_ln382)> <Delay = 2.07> <CoreInst = "Cmp">   --->   Core 9 'Cmp' <Latency = 0> <II = 1> <Delay = 2.07> <FuncUnit> <Opcode : 'icmp'> <InPorts = 2> <OutPorts = 1>
ST_1 : Operation 66 [1/1] (0.00ns)   --->   "%conv129 = zext i16 %global_row"   --->   Operation 66 'zext' 'conv129' <Predicate = (!icmp_ln382)> <Delay = 0.00>
ST_1 : Operation 67 [1/1] (5.58ns)   --->   "%mul131 = mul i32 %conv129, i32 %zext_ln309_cast"   --->   Operation 67 'mul' 'mul131' <Predicate = (!icmp_ln382)> <Delay = 5.58> <CoreInst = "Multiplier">   --->   Core 3 'Multiplier' <Latency = 0> <II = 1> <Delay = 5.58> <FuncUnit> <Opcode : 'mul'> <InPorts = 2> <OutPorts = 1>
ST_1 : Operation 68 [1/1] (0.97ns)   --->   "%and_ln390 = and i1 %cmp121, i1 %cmp124_read" [/home/fi/Documents/GitHub/ursa/exp/ursa_ws/src/core/shell.cpp:390]   --->   Operation 68 'and' 'and_ln390' <Predicate = (!icmp_ln382)> <Delay = 0.97> <CoreInst = "LogicGate">   --->   Core 74 'LogicGate' <Latency = 0> <II = 1> <Delay = 0.97> <FuncUnit> <Opcode : 'and' 'or' 'xor'> <InPorts = 2> <OutPorts = 1>
ST_1 : Operation 69 [1/1] (0.00ns)   --->   "%br_ln390 = br i1 %and_ln390, void %for.inc137, void %if.then" [/home/fi/Documents/GitHub/ursa/exp/ursa_ws/src/core/shell.cpp:390]   --->   Operation 69 'br' 'br_ln390' <Predicate = (!icmp_ln382)> <Delay = 0.00>
ST_1 : Operation 70 [2/2] (3.25ns)   --->   "%c_tile_acc_load = load i6 %c_tile_acc_addr" [/home/fi/Documents/GitHub/ursa/exp/ursa_ws/src/core/shell.cpp:391]   --->   Operation 70 'load' 'c_tile_acc_load' <Predicate = (!icmp_ln382 & and_ln390)> <Delay = 3.25> <CoreInst = "RAM">   --->   Core 82 'RAM' <Latency = 1> <II = 1> <Delay = 3.25> <Storage> <Opcode : 'load' 'store'> <Ports = 2> <Width = 32> <Depth = 64> <RAM>
ST_1 : Operation 71 [1/1] (0.97ns)   --->   "%and_ln390_1 = and i1 %cmp121, i1 %cmp124_1_read" [/home/fi/Documents/GitHub/ursa/exp/ursa_ws/src/core/shell.cpp:390]   --->   Operation 71 'and' 'and_ln390_1' <Predicate = (!icmp_ln382)> <Delay = 0.97> <CoreInst = "LogicGate">   --->   Core 74 'LogicGate' <Latency = 0> <II = 1> <Delay = 0.97> <FuncUnit> <Opcode : 'and' 'or' 'xor'> <InPorts = 2> <OutPorts = 1>
ST_1 : Operation 72 [1/1] (0.00ns)   --->   "%br_ln390 = br i1 %and_ln390_1, void %for.inc137.1, void %if.then.1" [/home/fi/Documents/GitHub/ursa/exp/ursa_ws/src/core/shell.cpp:390]   --->   Operation 72 'br' 'br_ln390' <Predicate = (!icmp_ln382)> <Delay = 0.00>
ST_1 : Operation 73 [2/2] (3.25ns)   --->   "%c_tile_acc_load_1 = load i6 %c_tile_acc_addr_1" [/home/fi/Documents/GitHub/ursa/exp/ursa_ws/src/core/shell.cpp:391]   --->   Operation 73 'load' 'c_tile_acc_load_1' <Predicate = (!icmp_ln382 & and_ln390_1)> <Delay = 3.25> <CoreInst = "RAM">   --->   Core 82 'RAM' <Latency = 1> <II = 1> <Delay = 3.25> <Storage> <Opcode : 'load' 'store'> <Ports = 2> <Width = 32> <Depth = 64> <RAM>
ST_1 : Operation 74 [1/1] (0.97ns)   --->   "%and_ln390_2 = and i1 %cmp121, i1 %cmp124_2_read" [/home/fi/Documents/GitHub/ursa/exp/ursa_ws/src/core/shell.cpp:390]   --->   Operation 74 'and' 'and_ln390_2' <Predicate = (!icmp_ln382)> <Delay = 0.97> <CoreInst = "LogicGate">   --->   Core 74 'LogicGate' <Latency = 0> <II = 1> <Delay = 0.97> <FuncUnit> <Opcode : 'and' 'or' 'xor'> <InPorts = 2> <OutPorts = 1>
ST_1 : Operation 75 [1/1] (0.00ns)   --->   "%br_ln390 = br i1 %and_ln390_2, void %for.inc137.2, void %if.then.2" [/home/fi/Documents/GitHub/ursa/exp/ursa_ws/src/core/shell.cpp:390]   --->   Operation 75 'br' 'br_ln390' <Predicate = (!icmp_ln382)> <Delay = 0.00>
ST_1 : Operation 76 [1/1] (0.97ns)   --->   "%and_ln390_3 = and i1 %cmp121, i1 %cmp124_3_read" [/home/fi/Documents/GitHub/ursa/exp/ursa_ws/src/core/shell.cpp:390]   --->   Operation 76 'and' 'and_ln390_3' <Predicate = (!icmp_ln382)> <Delay = 0.97> <CoreInst = "LogicGate">   --->   Core 74 'LogicGate' <Latency = 0> <II = 1> <Delay = 0.97> <FuncUnit> <Opcode : 'and' 'or' 'xor'> <InPorts = 2> <OutPorts = 1>
ST_1 : Operation 77 [1/1] (0.00ns)   --->   "%br_ln390 = br i1 %and_ln390_3, void %for.inc137.3, void %if.then.3" [/home/fi/Documents/GitHub/ursa/exp/ursa_ws/src/core/shell.cpp:390]   --->   Operation 77 'br' 'br_ln390' <Predicate = (!icmp_ln382)> <Delay = 0.00>
ST_1 : Operation 78 [1/1] (0.97ns)   --->   "%and_ln390_4 = and i1 %cmp121, i1 %cmp124_4_read" [/home/fi/Documents/GitHub/ursa/exp/ursa_ws/src/core/shell.cpp:390]   --->   Operation 78 'and' 'and_ln390_4' <Predicate = (!icmp_ln382)> <Delay = 0.97> <CoreInst = "LogicGate">   --->   Core 74 'LogicGate' <Latency = 0> <II = 1> <Delay = 0.97> <FuncUnit> <Opcode : 'and' 'or' 'xor'> <InPorts = 2> <OutPorts = 1>
ST_1 : Operation 79 [1/1] (0.00ns)   --->   "%br_ln390 = br i1 %and_ln390_4, void %for.inc137.4, void %if.then.4" [/home/fi/Documents/GitHub/ursa/exp/ursa_ws/src/core/shell.cpp:390]   --->   Operation 79 'br' 'br_ln390' <Predicate = (!icmp_ln382)> <Delay = 0.00>
ST_1 : Operation 80 [1/1] (0.97ns)   --->   "%and_ln390_5 = and i1 %cmp121, i1 %cmp124_5_read" [/home/fi/Documents/GitHub/ursa/exp/ursa_ws/src/core/shell.cpp:390]   --->   Operation 80 'and' 'and_ln390_5' <Predicate = (!icmp_ln382)> <Delay = 0.97> <CoreInst = "LogicGate">   --->   Core 74 'LogicGate' <Latency = 0> <II = 1> <Delay = 0.97> <FuncUnit> <Opcode : 'and' 'or' 'xor'> <InPorts = 2> <OutPorts = 1>
ST_1 : Operation 81 [1/1] (0.00ns)   --->   "%br_ln390 = br i1 %and_ln390_5, void %for.inc137.5, void %if.then.5" [/home/fi/Documents/GitHub/ursa/exp/ursa_ws/src/core/shell.cpp:390]   --->   Operation 81 'br' 'br_ln390' <Predicate = (!icmp_ln382)> <Delay = 0.00>
ST_1 : Operation 82 [1/1] (0.97ns)   --->   "%and_ln390_6 = and i1 %cmp121, i1 %cmp124_6_read" [/home/fi/Documents/GitHub/ursa/exp/ursa_ws/src/core/shell.cpp:390]   --->   Operation 82 'and' 'and_ln390_6' <Predicate = (!icmp_ln382)> <Delay = 0.97> <CoreInst = "LogicGate">   --->   Core 74 'LogicGate' <Latency = 0> <II = 1> <Delay = 0.97> <FuncUnit> <Opcode : 'and' 'or' 'xor'> <InPorts = 2> <OutPorts = 1>
ST_1 : Operation 83 [1/1] (0.00ns)   --->   "%br_ln390 = br i1 %and_ln390_6, void %for.inc137.6, void %if.then.6" [/home/fi/Documents/GitHub/ursa/exp/ursa_ws/src/core/shell.cpp:390]   --->   Operation 83 'br' 'br_ln390' <Predicate = (!icmp_ln382)> <Delay = 0.00>
ST_1 : Operation 84 [1/1] (0.97ns)   --->   "%and_ln390_7 = and i1 %cmp121, i1 %cmp124_7_read" [/home/fi/Documents/GitHub/ursa/exp/ursa_ws/src/core/shell.cpp:390]   --->   Operation 84 'and' 'and_ln390_7' <Predicate = (!icmp_ln382)> <Delay = 0.97> <CoreInst = "LogicGate">   --->   Core 74 'LogicGate' <Latency = 0> <II = 1> <Delay = 0.97> <FuncUnit> <Opcode : 'and' 'or' 'xor'> <InPorts = 2> <OutPorts = 1>
ST_1 : Operation 85 [1/1] (0.00ns)   --->   "%br_ln390 = br i1 %and_ln390_7, void %for.inc137.7, void %if.then.7" [/home/fi/Documents/GitHub/ursa/exp/ursa_ws/src/core/shell.cpp:390]   --->   Operation 85 'br' 'br_ln390' <Predicate = (!icmp_ln382)> <Delay = 0.00>
ST_1 : Operation 86 [1/1] (1.58ns)   --->   "%store_ln382 = store i4 %add_ln382, i4 %r" [/home/fi/Documents/GitHub/ursa/exp/ursa_ws/src/core/shell.cpp:382]   --->   Operation 86 'store' 'store_ln382' <Predicate = (!icmp_ln382)> <Delay = 1.58>
ST_1 : Operation 87 [1/1] (0.00ns)   --->   "%br_ln382 = br void %VITIS_LOOP_384_8" [/home/fi/Documents/GitHub/ursa/exp/ursa_ws/src/core/shell.cpp:382]   --->   Operation 87 'br' 'br_ln382' <Predicate = (!icmp_ln382)> <Delay = 0.00>

State 2 <SV = 1> <Delay = 6.07>
ST_2 : Operation 88 [1/1] (0.00ns)   --->   "%or_ln391_1 = or i6 %tmp_2, i6 2" [/home/fi/Documents/GitHub/ursa/exp/ursa_ws/src/core/shell.cpp:391]   --->   Operation 88 'or' 'or_ln391_1' <Predicate = (!icmp_ln382)> <Delay = 0.00>
ST_2 : Operation 89 [1/1] (0.00ns)   --->   "%zext_ln391_16 = zext i6 %or_ln391_1" [/home/fi/Documents/GitHub/ursa/exp/ursa_ws/src/core/shell.cpp:391]   --->   Operation 89 'zext' 'zext_ln391_16' <Predicate = (!icmp_ln382)> <Delay = 0.00>
ST_2 : Operation 90 [1/1] (0.00ns)   --->   "%c_tile_acc_addr_2 = getelementptr i32 %c_tile_acc, i64 0, i64 %zext_ln391_16" [/home/fi/Documents/GitHub/ursa/exp/ursa_ws/src/core/shell.cpp:391]   --->   Operation 90 'getelementptr' 'c_tile_acc_addr_2' <Predicate = (!icmp_ln382)> <Delay = 0.00>
ST_2 : Operation 91 [1/1] (0.00ns)   --->   "%or_ln391_2 = or i6 %tmp_2, i6 3" [/home/fi/Documents/GitHub/ursa/exp/ursa_ws/src/core/shell.cpp:391]   --->   Operation 91 'or' 'or_ln391_2' <Predicate = (!icmp_ln382)> <Delay = 0.00>
ST_2 : Operation 92 [1/1] (0.00ns)   --->   "%zext_ln391_17 = zext i6 %or_ln391_2" [/home/fi/Documents/GitHub/ursa/exp/ursa_ws/src/core/shell.cpp:391]   --->   Operation 92 'zext' 'zext_ln391_17' <Predicate = (!icmp_ln382)> <Delay = 0.00>
ST_2 : Operation 93 [1/1] (0.00ns)   --->   "%c_tile_acc_addr_3 = getelementptr i32 %c_tile_acc, i64 0, i64 %zext_ln391_17" [/home/fi/Documents/GitHub/ursa/exp/ursa_ws/src/core/shell.cpp:391]   --->   Operation 93 'getelementptr' 'c_tile_acc_addr_3' <Predicate = (!icmp_ln382)> <Delay = 0.00>
ST_2 : Operation 94 [1/2] (3.25ns)   --->   "%c_tile_acc_load = load i6 %c_tile_acc_addr" [/home/fi/Documents/GitHub/ursa/exp/ursa_ws/src/core/shell.cpp:391]   --->   Operation 94 'load' 'c_tile_acc_load' <Predicate = (!icmp_ln382 & and_ln390)> <Delay = 3.25> <CoreInst = "RAM">   --->   Core 82 'RAM' <Latency = 1> <II = 1> <Delay = 3.25> <Storage> <Opcode : 'load' 'store'> <Ports = 2> <Width = 32> <Depth = 64> <RAM>
ST_2 : Operation 95 [1/1] (2.55ns)   --->   "%add_ln391 = add i32 %mul131, i32 %base_col_B_cast_cast" [/home/fi/Documents/GitHub/ursa/exp/ursa_ws/src/core/shell.cpp:391]   --->   Operation 95 'add' 'add_ln391' <Predicate = (!icmp_ln382 & and_ln390)> <Delay = 2.55> <CoreInst = "Adder">   --->   Core 1 'Adder' <Latency = 0> <II = 1> <Delay = 2.55> <FuncUnit> <Opcode : 'add' 'sub'> <InPorts = 2> <OutPorts = 1>
ST_2 : Operation 96 [1/1] (0.00ns)   --->   "%shl_ln1 = bitconcatenate i34 @_ssdm_op_BitConcatenate.i34.i32.i2, i32 %add_ln391, i2 0" [/home/fi/Documents/GitHub/ursa/exp/ursa_ws/src/core/shell.cpp:391]   --->   Operation 96 'bitconcatenate' 'shl_ln1' <Predicate = (!icmp_ln382 & and_ln390)> <Delay = 0.00>
ST_2 : Operation 97 [1/1] (0.00ns)   --->   "%zext_ln391_7 = zext i34 %shl_ln1" [/home/fi/Documents/GitHub/ursa/exp/ursa_ws/src/core/shell.cpp:391]   --->   Operation 97 'zext' 'zext_ln391_7' <Predicate = (!icmp_ln382 & and_ln390)> <Delay = 0.00>
ST_2 : Operation 98 [1/1] (3.52ns)   --->   "%add_ln391_1 = add i64 %zext_ln391_7, i64 %addr_c0_read" [/home/fi/Documents/GitHub/ursa/exp/ursa_ws/src/core/shell.cpp:391]   --->   Operation 98 'add' 'add_ln391_1' <Predicate = (!icmp_ln382 & and_ln390)> <Delay = 3.52> <CoreInst = "Adder">   --->   Core 1 'Adder' <Latency = 0> <II = 1> <Delay = 3.52> <FuncUnit> <Opcode : 'add' 'sub'> <InPorts = 2> <OutPorts = 1>
ST_2 : Operation 99 [1/1] (0.00ns)   --->   "%trunc_ln3 = partselect i62 @_ssdm_op_PartSelect.i62.i64.i32.i32, i64 %add_ln391_1, i32 2, i32 63" [/home/fi/Documents/GitHub/ursa/exp/ursa_ws/src/core/shell.cpp:391]   --->   Operation 99 'partselect' 'trunc_ln3' <Predicate = (!icmp_ln382 & and_ln390)> <Delay = 0.00>
ST_2 : Operation 100 [1/1] (0.00ns)   --->   "%sext_ln391 = sext i62 %trunc_ln3" [/home/fi/Documents/GitHub/ursa/exp/ursa_ws/src/core/shell.cpp:391]   --->   Operation 100 'sext' 'sext_ln391' <Predicate = (!icmp_ln382 & and_ln390)> <Delay = 0.00>
ST_2 : Operation 101 [1/1] (0.00ns)   --->   "%ca_addr = getelementptr i32 %ca, i64 %sext_ln391" [/home/fi/Documents/GitHub/ursa/exp/ursa_ws/src/core/shell.cpp:391]   --->   Operation 101 'getelementptr' 'ca_addr' <Predicate = (!icmp_ln382 & and_ln390)> <Delay = 0.00>
ST_2 : Operation 102 [1/2] (3.25ns)   --->   "%c_tile_acc_load_1 = load i6 %c_tile_acc_addr_1" [/home/fi/Documents/GitHub/ursa/exp/ursa_ws/src/core/shell.cpp:391]   --->   Operation 102 'load' 'c_tile_acc_load_1' <Predicate = (!icmp_ln382 & and_ln390_1)> <Delay = 3.25> <CoreInst = "RAM">   --->   Core 82 'RAM' <Latency = 1> <II = 1> <Delay = 3.25> <Storage> <Opcode : 'load' 'store'> <Ports = 2> <Width = 32> <Depth = 64> <RAM>
ST_2 : Operation 103 [2/2] (3.25ns)   --->   "%c_tile_acc_load_2 = load i6 %c_tile_acc_addr_2" [/home/fi/Documents/GitHub/ursa/exp/ursa_ws/src/core/shell.cpp:391]   --->   Operation 103 'load' 'c_tile_acc_load_2' <Predicate = (!icmp_ln382 & and_ln390_2)> <Delay = 3.25> <CoreInst = "RAM">   --->   Core 82 'RAM' <Latency = 1> <II = 1> <Delay = 3.25> <Storage> <Opcode : 'load' 'store'> <Ports = 2> <Width = 32> <Depth = 64> <RAM>
ST_2 : Operation 104 [2/2] (3.25ns)   --->   "%c_tile_acc_load_3 = load i6 %c_tile_acc_addr_3" [/home/fi/Documents/GitHub/ursa/exp/ursa_ws/src/core/shell.cpp:391]   --->   Operation 104 'load' 'c_tile_acc_load_3' <Predicate = (!icmp_ln382 & and_ln390_3)> <Delay = 3.25> <CoreInst = "RAM">   --->   Core 82 'RAM' <Latency = 1> <II = 1> <Delay = 3.25> <Storage> <Opcode : 'load' 'store'> <Ports = 2> <Width = 32> <Depth = 64> <RAM>

State 3 <SV = 2> <Delay = 7.30>
ST_3 : Operation 105 [1/1] (0.00ns)   --->   "%or_ln391_3 = or i6 %tmp_2, i6 4" [/home/fi/Documents/GitHub/ursa/exp/ursa_ws/src/core/shell.cpp:391]   --->   Operation 105 'or' 'or_ln391_3' <Predicate = (!icmp_ln382)> <Delay = 0.00>
ST_3 : Operation 106 [1/1] (0.00ns)   --->   "%zext_ln391_18 = zext i6 %or_ln391_3" [/home/fi/Documents/GitHub/ursa/exp/ursa_ws/src/core/shell.cpp:391]   --->   Operation 106 'zext' 'zext_ln391_18' <Predicate = (!icmp_ln382)> <Delay = 0.00>
ST_3 : Operation 107 [1/1] (0.00ns)   --->   "%c_tile_acc_addr_4 = getelementptr i32 %c_tile_acc, i64 0, i64 %zext_ln391_18" [/home/fi/Documents/GitHub/ursa/exp/ursa_ws/src/core/shell.cpp:391]   --->   Operation 107 'getelementptr' 'c_tile_acc_addr_4' <Predicate = (!icmp_ln382)> <Delay = 0.00>
ST_3 : Operation 108 [1/1] (0.00ns)   --->   "%or_ln391_4 = or i6 %tmp_2, i6 5" [/home/fi/Documents/GitHub/ursa/exp/ursa_ws/src/core/shell.cpp:391]   --->   Operation 108 'or' 'or_ln391_4' <Predicate = (!icmp_ln382)> <Delay = 0.00>
ST_3 : Operation 109 [1/1] (0.00ns)   --->   "%zext_ln391_19 = zext i6 %or_ln391_4" [/home/fi/Documents/GitHub/ursa/exp/ursa_ws/src/core/shell.cpp:391]   --->   Operation 109 'zext' 'zext_ln391_19' <Predicate = (!icmp_ln382)> <Delay = 0.00>
ST_3 : Operation 110 [1/1] (0.00ns)   --->   "%c_tile_acc_addr_5 = getelementptr i32 %c_tile_acc, i64 0, i64 %zext_ln391_19" [/home/fi/Documents/GitHub/ursa/exp/ursa_ws/src/core/shell.cpp:391]   --->   Operation 110 'getelementptr' 'c_tile_acc_addr_5' <Predicate = (!icmp_ln382)> <Delay = 0.00>
ST_3 : Operation 111 [1/1] (7.30ns)   --->   "%ca_addr_req = writereq i1 @_ssdm_op_WriteReq.m_axi.i32P1A, i64 %ca_addr, i32 1" [/home/fi/Documents/GitHub/ursa/exp/ursa_ws/src/core/shell.cpp:391]   --->   Operation 111 'writereq' 'ca_addr_req' <Predicate = (!icmp_ln382 & and_ln390)> <Delay = 7.30> <CoreInst = "m_axi">   --->   Core 113 'm_axi' <Latency = 0> <II = 1> <Delay = 1.00> <Adapter> <Opcode : 'read' 'write' 'readreq' 'writereq' 'writeresp'>
ST_3 : Operation 112 [1/1] (2.55ns)   --->   "%add_ln391_2 = add i32 %mul131, i32 %zext_ln391_cast" [/home/fi/Documents/GitHub/ursa/exp/ursa_ws/src/core/shell.cpp:391]   --->   Operation 112 'add' 'add_ln391_2' <Predicate = (!icmp_ln382 & and_ln390_1)> <Delay = 2.55> <CoreInst = "Adder">   --->   Core 1 'Adder' <Latency = 0> <II = 1> <Delay = 2.55> <FuncUnit> <Opcode : 'add' 'sub'> <InPorts = 2> <OutPorts = 1>
ST_3 : Operation 113 [1/1] (0.00ns)   --->   "%shl_ln391_1 = bitconcatenate i34 @_ssdm_op_BitConcatenate.i34.i32.i2, i32 %add_ln391_2, i2 0" [/home/fi/Documents/GitHub/ursa/exp/ursa_ws/src/core/shell.cpp:391]   --->   Operation 113 'bitconcatenate' 'shl_ln391_1' <Predicate = (!icmp_ln382 & and_ln390_1)> <Delay = 0.00>
ST_3 : Operation 114 [1/1] (0.00ns)   --->   "%zext_ln391_8 = zext i34 %shl_ln391_1" [/home/fi/Documents/GitHub/ursa/exp/ursa_ws/src/core/shell.cpp:391]   --->   Operation 114 'zext' 'zext_ln391_8' <Predicate = (!icmp_ln382 & and_ln390_1)> <Delay = 0.00>
ST_3 : Operation 115 [1/1] (3.52ns)   --->   "%add_ln391_3 = add i64 %zext_ln391_8, i64 %addr_c0_read" [/home/fi/Documents/GitHub/ursa/exp/ursa_ws/src/core/shell.cpp:391]   --->   Operation 115 'add' 'add_ln391_3' <Predicate = (!icmp_ln382 & and_ln390_1)> <Delay = 3.52> <CoreInst = "Adder">   --->   Core 1 'Adder' <Latency = 0> <II = 1> <Delay = 3.52> <FuncUnit> <Opcode : 'add' 'sub'> <InPorts = 2> <OutPorts = 1>
ST_3 : Operation 116 [1/1] (0.00ns)   --->   "%trunc_ln391_1 = partselect i62 @_ssdm_op_PartSelect.i62.i64.i32.i32, i64 %add_ln391_3, i32 2, i32 63" [/home/fi/Documents/GitHub/ursa/exp/ursa_ws/src/core/shell.cpp:391]   --->   Operation 116 'partselect' 'trunc_ln391_1' <Predicate = (!icmp_ln382 & and_ln390_1)> <Delay = 0.00>
ST_3 : Operation 117 [1/1] (0.00ns)   --->   "%sext_ln391_1 = sext i62 %trunc_ln391_1" [/home/fi/Documents/GitHub/ursa/exp/ursa_ws/src/core/shell.cpp:391]   --->   Operation 117 'sext' 'sext_ln391_1' <Predicate = (!icmp_ln382 & and_ln390_1)> <Delay = 0.00>
ST_3 : Operation 118 [1/1] (0.00ns)   --->   "%ca_addr_1 = getelementptr i32 %ca, i64 %sext_ln391_1" [/home/fi/Documents/GitHub/ursa/exp/ursa_ws/src/core/shell.cpp:391]   --->   Operation 118 'getelementptr' 'ca_addr_1' <Predicate = (!icmp_ln382 & and_ln390_1)> <Delay = 0.00>
ST_3 : Operation 119 [1/2] (3.25ns)   --->   "%c_tile_acc_load_2 = load i6 %c_tile_acc_addr_2" [/home/fi/Documents/GitHub/ursa/exp/ursa_ws/src/core/shell.cpp:391]   --->   Operation 119 'load' 'c_tile_acc_load_2' <Predicate = (!icmp_ln382 & and_ln390_2)> <Delay = 3.25> <CoreInst = "RAM">   --->   Core 82 'RAM' <Latency = 1> <II = 1> <Delay = 3.25> <Storage> <Opcode : 'load' 'store'> <Ports = 2> <Width = 32> <Depth = 64> <RAM>
ST_3 : Operation 120 [1/2] (3.25ns)   --->   "%c_tile_acc_load_3 = load i6 %c_tile_acc_addr_3" [/home/fi/Documents/GitHub/ursa/exp/ursa_ws/src/core/shell.cpp:391]   --->   Operation 120 'load' 'c_tile_acc_load_3' <Predicate = (!icmp_ln382 & and_ln390_3)> <Delay = 3.25> <CoreInst = "RAM">   --->   Core 82 'RAM' <Latency = 1> <II = 1> <Delay = 3.25> <Storage> <Opcode : 'load' 'store'> <Ports = 2> <Width = 32> <Depth = 64> <RAM>
ST_3 : Operation 121 [2/2] (3.25ns)   --->   "%c_tile_acc_load_4 = load i6 %c_tile_acc_addr_4" [/home/fi/Documents/GitHub/ursa/exp/ursa_ws/src/core/shell.cpp:391]   --->   Operation 121 'load' 'c_tile_acc_load_4' <Predicate = (!icmp_ln382 & and_ln390_4)> <Delay = 3.25> <CoreInst = "RAM">   --->   Core 82 'RAM' <Latency = 1> <II = 1> <Delay = 3.25> <Storage> <Opcode : 'load' 'store'> <Ports = 2> <Width = 32> <Depth = 64> <RAM>
ST_3 : Operation 122 [2/2] (3.25ns)   --->   "%c_tile_acc_load_5 = load i6 %c_tile_acc_addr_5" [/home/fi/Documents/GitHub/ursa/exp/ursa_ws/src/core/shell.cpp:391]   --->   Operation 122 'load' 'c_tile_acc_load_5' <Predicate = (!icmp_ln382 & and_ln390_5)> <Delay = 3.25> <CoreInst = "RAM">   --->   Core 82 'RAM' <Latency = 1> <II = 1> <Delay = 3.25> <Storage> <Opcode : 'load' 'store'> <Ports = 2> <Width = 32> <Depth = 64> <RAM>

State 4 <SV = 3> <Delay = 7.30>
ST_4 : Operation 123 [1/1] (0.00ns)   --->   "%or_ln391_5 = or i6 %tmp_2, i6 6" [/home/fi/Documents/GitHub/ursa/exp/ursa_ws/src/core/shell.cpp:391]   --->   Operation 123 'or' 'or_ln391_5' <Predicate = (!icmp_ln382)> <Delay = 0.00>
ST_4 : Operation 124 [1/1] (0.00ns)   --->   "%zext_ln391_20 = zext i6 %or_ln391_5" [/home/fi/Documents/GitHub/ursa/exp/ursa_ws/src/core/shell.cpp:391]   --->   Operation 124 'zext' 'zext_ln391_20' <Predicate = (!icmp_ln382)> <Delay = 0.00>
ST_4 : Operation 125 [1/1] (0.00ns)   --->   "%c_tile_acc_addr_6 = getelementptr i32 %c_tile_acc, i64 0, i64 %zext_ln391_20" [/home/fi/Documents/GitHub/ursa/exp/ursa_ws/src/core/shell.cpp:391]   --->   Operation 125 'getelementptr' 'c_tile_acc_addr_6' <Predicate = (!icmp_ln382)> <Delay = 0.00>
ST_4 : Operation 126 [1/1] (0.00ns)   --->   "%or_ln391_6 = or i6 %tmp_2, i6 7" [/home/fi/Documents/GitHub/ursa/exp/ursa_ws/src/core/shell.cpp:391]   --->   Operation 126 'or' 'or_ln391_6' <Predicate = (!icmp_ln382)> <Delay = 0.00>
ST_4 : Operation 127 [1/1] (0.00ns)   --->   "%zext_ln391_21 = zext i6 %or_ln391_6" [/home/fi/Documents/GitHub/ursa/exp/ursa_ws/src/core/shell.cpp:391]   --->   Operation 127 'zext' 'zext_ln391_21' <Predicate = (!icmp_ln382)> <Delay = 0.00>
ST_4 : Operation 128 [1/1] (0.00ns)   --->   "%c_tile_acc_addr_7 = getelementptr i32 %c_tile_acc, i64 0, i64 %zext_ln391_21" [/home/fi/Documents/GitHub/ursa/exp/ursa_ws/src/core/shell.cpp:391]   --->   Operation 128 'getelementptr' 'c_tile_acc_addr_7' <Predicate = (!icmp_ln382)> <Delay = 0.00>
ST_4 : Operation 129 [1/1] (0.00ns)   --->   "%specpipeline_ln383 = specpipeline void @_ssdm_op_SpecPipeline, i32 1, i32 0, i32 0, i32 0, void @empty_8" [/home/fi/Documents/GitHub/ursa/exp/ursa_ws/src/core/shell.cpp:383]   --->   Operation 129 'specpipeline' 'specpipeline_ln383' <Predicate = (!icmp_ln382)> <Delay = 0.00>
ST_4 : Operation 130 [1/1] (0.00ns)   --->   "%speclooptripcount_ln382 = speclooptripcount void @_ssdm_op_SpecLoopTripCount, i64 8, i64 8, i64 8" [/home/fi/Documents/GitHub/ursa/exp/ursa_ws/src/core/shell.cpp:382]   --->   Operation 130 'speclooptripcount' 'speclooptripcount_ln382' <Predicate = (!icmp_ln382)> <Delay = 0.00>
ST_4 : Operation 131 [1/1] (0.00ns)   --->   "%specloopname_ln382 = specloopname void @_ssdm_op_SpecLoopName, void @empty_18" [/home/fi/Documents/GitHub/ursa/exp/ursa_ws/src/core/shell.cpp:382]   --->   Operation 131 'specloopname' 'specloopname_ln382' <Predicate = (!icmp_ln382)> <Delay = 0.00>
ST_4 : Operation 132 [1/1] (7.30ns)   --->   "%write_ln391 = write void @_ssdm_op_Write.m_axi.i32P1A, i64 %ca_addr, i32 %c_tile_acc_load, i4 15" [/home/fi/Documents/GitHub/ursa/exp/ursa_ws/src/core/shell.cpp:391]   --->   Operation 132 'write' 'write_ln391' <Predicate = (!icmp_ln382 & and_ln390)> <Delay = 7.30> <CoreInst = "m_axi">   --->   Core 113 'm_axi' <Latency = 0> <II = 1> <Delay = 1.00> <Adapter> <Opcode : 'read' 'write' 'readreq' 'writereq' 'writeresp'>
ST_4 : Operation 133 [1/1] (7.30ns)   --->   "%ca_addr_1_req = writereq i1 @_ssdm_op_WriteReq.m_axi.i32P1A, i64 %ca_addr_1, i32 1" [/home/fi/Documents/GitHub/ursa/exp/ursa_ws/src/core/shell.cpp:391]   --->   Operation 133 'writereq' 'ca_addr_1_req' <Predicate = (!icmp_ln382 & and_ln390_1)> <Delay = 7.30> <CoreInst = "m_axi">   --->   Core 113 'm_axi' <Latency = 0> <II = 1> <Delay = 1.00> <Adapter> <Opcode : 'read' 'write' 'readreq' 'writereq' 'writeresp'>
ST_4 : Operation 134 [1/1] (2.55ns)   --->   "%add_ln391_4 = add i32 %mul131, i32 %zext_ln391_1_cast" [/home/fi/Documents/GitHub/ursa/exp/ursa_ws/src/core/shell.cpp:391]   --->   Operation 134 'add' 'add_ln391_4' <Predicate = (!icmp_ln382 & and_ln390_2)> <Delay = 2.55> <CoreInst = "Adder">   --->   Core 1 'Adder' <Latency = 0> <II = 1> <Delay = 2.55> <FuncUnit> <Opcode : 'add' 'sub'> <InPorts = 2> <OutPorts = 1>
ST_4 : Operation 135 [1/1] (0.00ns)   --->   "%shl_ln391_2 = bitconcatenate i34 @_ssdm_op_BitConcatenate.i34.i32.i2, i32 %add_ln391_4, i2 0" [/home/fi/Documents/GitHub/ursa/exp/ursa_ws/src/core/shell.cpp:391]   --->   Operation 135 'bitconcatenate' 'shl_ln391_2' <Predicate = (!icmp_ln382 & and_ln390_2)> <Delay = 0.00>
ST_4 : Operation 136 [1/1] (0.00ns)   --->   "%zext_ln391_9 = zext i34 %shl_ln391_2" [/home/fi/Documents/GitHub/ursa/exp/ursa_ws/src/core/shell.cpp:391]   --->   Operation 136 'zext' 'zext_ln391_9' <Predicate = (!icmp_ln382 & and_ln390_2)> <Delay = 0.00>
ST_4 : Operation 137 [1/1] (3.52ns)   --->   "%add_ln391_5 = add i64 %zext_ln391_9, i64 %addr_c0_read" [/home/fi/Documents/GitHub/ursa/exp/ursa_ws/src/core/shell.cpp:391]   --->   Operation 137 'add' 'add_ln391_5' <Predicate = (!icmp_ln382 & and_ln390_2)> <Delay = 3.52> <CoreInst = "Adder">   --->   Core 1 'Adder' <Latency = 0> <II = 1> <Delay = 3.52> <FuncUnit> <Opcode : 'add' 'sub'> <InPorts = 2> <OutPorts = 1>
ST_4 : Operation 138 [1/1] (0.00ns)   --->   "%trunc_ln391_2 = partselect i62 @_ssdm_op_PartSelect.i62.i64.i32.i32, i64 %add_ln391_5, i32 2, i32 63" [/home/fi/Documents/GitHub/ursa/exp/ursa_ws/src/core/shell.cpp:391]   --->   Operation 138 'partselect' 'trunc_ln391_2' <Predicate = (!icmp_ln382 & and_ln390_2)> <Delay = 0.00>
ST_4 : Operation 139 [1/1] (0.00ns)   --->   "%sext_ln391_2 = sext i62 %trunc_ln391_2" [/home/fi/Documents/GitHub/ursa/exp/ursa_ws/src/core/shell.cpp:391]   --->   Operation 139 'sext' 'sext_ln391_2' <Predicate = (!icmp_ln382 & and_ln390_2)> <Delay = 0.00>
ST_4 : Operation 140 [1/1] (0.00ns)   --->   "%ca_addr_2 = getelementptr i32 %ca, i64 %sext_ln391_2" [/home/fi/Documents/GitHub/ursa/exp/ursa_ws/src/core/shell.cpp:391]   --->   Operation 140 'getelementptr' 'ca_addr_2' <Predicate = (!icmp_ln382 & and_ln390_2)> <Delay = 0.00>
ST_4 : Operation 141 [1/2] (3.25ns)   --->   "%c_tile_acc_load_4 = load i6 %c_tile_acc_addr_4" [/home/fi/Documents/GitHub/ursa/exp/ursa_ws/src/core/shell.cpp:391]   --->   Operation 141 'load' 'c_tile_acc_load_4' <Predicate = (!icmp_ln382 & and_ln390_4)> <Delay = 3.25> <CoreInst = "RAM">   --->   Core 82 'RAM' <Latency = 1> <II = 1> <Delay = 3.25> <Storage> <Opcode : 'load' 'store'> <Ports = 2> <Width = 32> <Depth = 64> <RAM>
ST_4 : Operation 142 [1/2] (3.25ns)   --->   "%c_tile_acc_load_5 = load i6 %c_tile_acc_addr_5" [/home/fi/Documents/GitHub/ursa/exp/ursa_ws/src/core/shell.cpp:391]   --->   Operation 142 'load' 'c_tile_acc_load_5' <Predicate = (!icmp_ln382 & and_ln390_5)> <Delay = 3.25> <CoreInst = "RAM">   --->   Core 82 'RAM' <Latency = 1> <II = 1> <Delay = 3.25> <Storage> <Opcode : 'load' 'store'> <Ports = 2> <Width = 32> <Depth = 64> <RAM>
ST_4 : Operation 143 [2/2] (3.25ns)   --->   "%c_tile_acc_load_6 = load i6 %c_tile_acc_addr_6" [/home/fi/Documents/GitHub/ursa/exp/ursa_ws/src/core/shell.cpp:391]   --->   Operation 143 'load' 'c_tile_acc_load_6' <Predicate = (!icmp_ln382 & and_ln390_6)> <Delay = 3.25> <CoreInst = "RAM">   --->   Core 82 'RAM' <Latency = 1> <II = 1> <Delay = 3.25> <Storage> <Opcode : 'load' 'store'> <Ports = 2> <Width = 32> <Depth = 64> <RAM>
ST_4 : Operation 144 [2/2] (3.25ns)   --->   "%c_tile_acc_load_7 = load i6 %c_tile_acc_addr_7" [/home/fi/Documents/GitHub/ursa/exp/ursa_ws/src/core/shell.cpp:391]   --->   Operation 144 'load' 'c_tile_acc_load_7' <Predicate = (!icmp_ln382 & and_ln390_7)> <Delay = 3.25> <CoreInst = "RAM">   --->   Core 82 'RAM' <Latency = 1> <II = 1> <Delay = 3.25> <Storage> <Opcode : 'load' 'store'> <Ports = 2> <Width = 32> <Depth = 64> <RAM>

State 5 <SV = 4> <Delay = 7.30>
ST_5 : Operation 145 [5/5] (7.30ns)   --->   "%ca_addr_resp = writeresp i1 @_ssdm_op_WriteResp.m_axi.i32P1A, i64 %ca_addr" [/home/fi/Documents/GitHub/ursa/exp/ursa_ws/src/core/shell.cpp:391]   --->   Operation 145 'writeresp' 'ca_addr_resp' <Predicate = (!icmp_ln382 & and_ln390)> <Delay = 7.30> <CoreInst = "m_axi">   --->   Core 113 'm_axi' <Latency = 0> <II = 1> <Delay = 1.00> <Adapter> <Opcode : 'read' 'write' 'readreq' 'writereq' 'writeresp'>
ST_5 : Operation 146 [1/1] (7.30ns)   --->   "%write_ln391 = write void @_ssdm_op_Write.m_axi.i32P1A, i64 %ca_addr_1, i32 %c_tile_acc_load_1, i4 15" [/home/fi/Documents/GitHub/ursa/exp/ursa_ws/src/core/shell.cpp:391]   --->   Operation 146 'write' 'write_ln391' <Predicate = (!icmp_ln382 & and_ln390_1)> <Delay = 7.30> <CoreInst = "m_axi">   --->   Core 113 'm_axi' <Latency = 0> <II = 1> <Delay = 1.00> <Adapter> <Opcode : 'read' 'write' 'readreq' 'writereq' 'writeresp'>
ST_5 : Operation 147 [1/1] (7.30ns)   --->   "%ca_addr_2_req = writereq i1 @_ssdm_op_WriteReq.m_axi.i32P1A, i64 %ca_addr_2, i32 1" [/home/fi/Documents/GitHub/ursa/exp/ursa_ws/src/core/shell.cpp:391]   --->   Operation 147 'writereq' 'ca_addr_2_req' <Predicate = (!icmp_ln382 & and_ln390_2)> <Delay = 7.30> <CoreInst = "m_axi">   --->   Core 113 'm_axi' <Latency = 0> <II = 1> <Delay = 1.00> <Adapter> <Opcode : 'read' 'write' 'readreq' 'writereq' 'writeresp'>
ST_5 : Operation 148 [1/1] (2.55ns)   --->   "%add_ln391_6 = add i32 %mul131, i32 %zext_ln391_2_cast" [/home/fi/Documents/GitHub/ursa/exp/ursa_ws/src/core/shell.cpp:391]   --->   Operation 148 'add' 'add_ln391_6' <Predicate = (!icmp_ln382 & and_ln390_3)> <Delay = 2.55> <CoreInst = "Adder">   --->   Core 1 'Adder' <Latency = 0> <II = 1> <Delay = 2.55> <FuncUnit> <Opcode : 'add' 'sub'> <InPorts = 2> <OutPorts = 1>
ST_5 : Operation 149 [1/1] (0.00ns)   --->   "%shl_ln391_3 = bitconcatenate i34 @_ssdm_op_BitConcatenate.i34.i32.i2, i32 %add_ln391_6, i2 0" [/home/fi/Documents/GitHub/ursa/exp/ursa_ws/src/core/shell.cpp:391]   --->   Operation 149 'bitconcatenate' 'shl_ln391_3' <Predicate = (!icmp_ln382 & and_ln390_3)> <Delay = 0.00>
ST_5 : Operation 150 [1/1] (0.00ns)   --->   "%zext_ln391_10 = zext i34 %shl_ln391_3" [/home/fi/Documents/GitHub/ursa/exp/ursa_ws/src/core/shell.cpp:391]   --->   Operation 150 'zext' 'zext_ln391_10' <Predicate = (!icmp_ln382 & and_ln390_3)> <Delay = 0.00>
ST_5 : Operation 151 [1/1] (3.52ns)   --->   "%add_ln391_7 = add i64 %zext_ln391_10, i64 %addr_c0_read" [/home/fi/Documents/GitHub/ursa/exp/ursa_ws/src/core/shell.cpp:391]   --->   Operation 151 'add' 'add_ln391_7' <Predicate = (!icmp_ln382 & and_ln390_3)> <Delay = 3.52> <CoreInst = "Adder">   --->   Core 1 'Adder' <Latency = 0> <II = 1> <Delay = 3.52> <FuncUnit> <Opcode : 'add' 'sub'> <InPorts = 2> <OutPorts = 1>
ST_5 : Operation 152 [1/1] (0.00ns)   --->   "%trunc_ln391_3 = partselect i62 @_ssdm_op_PartSelect.i62.i64.i32.i32, i64 %add_ln391_7, i32 2, i32 63" [/home/fi/Documents/GitHub/ursa/exp/ursa_ws/src/core/shell.cpp:391]   --->   Operation 152 'partselect' 'trunc_ln391_3' <Predicate = (!icmp_ln382 & and_ln390_3)> <Delay = 0.00>
ST_5 : Operation 153 [1/1] (0.00ns)   --->   "%sext_ln391_3 = sext i62 %trunc_ln391_3" [/home/fi/Documents/GitHub/ursa/exp/ursa_ws/src/core/shell.cpp:391]   --->   Operation 153 'sext' 'sext_ln391_3' <Predicate = (!icmp_ln382 & and_ln390_3)> <Delay = 0.00>
ST_5 : Operation 154 [1/1] (0.00ns)   --->   "%ca_addr_3 = getelementptr i32 %ca, i64 %sext_ln391_3" [/home/fi/Documents/GitHub/ursa/exp/ursa_ws/src/core/shell.cpp:391]   --->   Operation 154 'getelementptr' 'ca_addr_3' <Predicate = (!icmp_ln382 & and_ln390_3)> <Delay = 0.00>
ST_5 : Operation 155 [1/2] (3.25ns)   --->   "%c_tile_acc_load_6 = load i6 %c_tile_acc_addr_6" [/home/fi/Documents/GitHub/ursa/exp/ursa_ws/src/core/shell.cpp:391]   --->   Operation 155 'load' 'c_tile_acc_load_6' <Predicate = (!icmp_ln382 & and_ln390_6)> <Delay = 3.25> <CoreInst = "RAM">   --->   Core 82 'RAM' <Latency = 1> <II = 1> <Delay = 3.25> <Storage> <Opcode : 'load' 'store'> <Ports = 2> <Width = 32> <Depth = 64> <RAM>
ST_5 : Operation 156 [1/2] (3.25ns)   --->   "%c_tile_acc_load_7 = load i6 %c_tile_acc_addr_7" [/home/fi/Documents/GitHub/ursa/exp/ursa_ws/src/core/shell.cpp:391]   --->   Operation 156 'load' 'c_tile_acc_load_7' <Predicate = (!icmp_ln382 & and_ln390_7)> <Delay = 3.25> <CoreInst = "RAM">   --->   Core 82 'RAM' <Latency = 1> <II = 1> <Delay = 3.25> <Storage> <Opcode : 'load' 'store'> <Ports = 2> <Width = 32> <Depth = 64> <RAM>

State 6 <SV = 5> <Delay = 7.30>
ST_6 : Operation 157 [4/5] (7.30ns)   --->   "%ca_addr_resp = writeresp i1 @_ssdm_op_WriteResp.m_axi.i32P1A, i64 %ca_addr" [/home/fi/Documents/GitHub/ursa/exp/ursa_ws/src/core/shell.cpp:391]   --->   Operation 157 'writeresp' 'ca_addr_resp' <Predicate = (!icmp_ln382 & and_ln390)> <Delay = 7.30> <CoreInst = "m_axi">   --->   Core 113 'm_axi' <Latency = 0> <II = 1> <Delay = 1.00> <Adapter> <Opcode : 'read' 'write' 'readreq' 'writereq' 'writeresp'>
ST_6 : Operation 158 [5/5] (7.30ns)   --->   "%ca_addr_1_resp = writeresp i1 @_ssdm_op_WriteResp.m_axi.i32P1A, i64 %ca_addr_1" [/home/fi/Documents/GitHub/ursa/exp/ursa_ws/src/core/shell.cpp:391]   --->   Operation 158 'writeresp' 'ca_addr_1_resp' <Predicate = (!icmp_ln382 & and_ln390_1)> <Delay = 7.30> <CoreInst = "m_axi">   --->   Core 113 'm_axi' <Latency = 0> <II = 1> <Delay = 1.00> <Adapter> <Opcode : 'read' 'write' 'readreq' 'writereq' 'writeresp'>
ST_6 : Operation 159 [1/1] (7.30ns)   --->   "%write_ln391 = write void @_ssdm_op_Write.m_axi.i32P1A, i64 %ca_addr_2, i32 %c_tile_acc_load_2, i4 15" [/home/fi/Documents/GitHub/ursa/exp/ursa_ws/src/core/shell.cpp:391]   --->   Operation 159 'write' 'write_ln391' <Predicate = (!icmp_ln382 & and_ln390_2)> <Delay = 7.30> <CoreInst = "m_axi">   --->   Core 113 'm_axi' <Latency = 0> <II = 1> <Delay = 1.00> <Adapter> <Opcode : 'read' 'write' 'readreq' 'writereq' 'writeresp'>
ST_6 : Operation 160 [1/1] (7.30ns)   --->   "%ca_addr_3_req = writereq i1 @_ssdm_op_WriteReq.m_axi.i32P1A, i64 %ca_addr_3, i32 1" [/home/fi/Documents/GitHub/ursa/exp/ursa_ws/src/core/shell.cpp:391]   --->   Operation 160 'writereq' 'ca_addr_3_req' <Predicate = (!icmp_ln382 & and_ln390_3)> <Delay = 7.30> <CoreInst = "m_axi">   --->   Core 113 'm_axi' <Latency = 0> <II = 1> <Delay = 1.00> <Adapter> <Opcode : 'read' 'write' 'readreq' 'writereq' 'writeresp'>
ST_6 : Operation 161 [1/1] (2.55ns)   --->   "%add_ln391_8 = add i32 %mul131, i32 %zext_ln391_3_cast" [/home/fi/Documents/GitHub/ursa/exp/ursa_ws/src/core/shell.cpp:391]   --->   Operation 161 'add' 'add_ln391_8' <Predicate = (!icmp_ln382 & and_ln390_4)> <Delay = 2.55> <CoreInst = "Adder">   --->   Core 1 'Adder' <Latency = 0> <II = 1> <Delay = 2.55> <FuncUnit> <Opcode : 'add' 'sub'> <InPorts = 2> <OutPorts = 1>
ST_6 : Operation 162 [1/1] (0.00ns)   --->   "%shl_ln391_4 = bitconcatenate i34 @_ssdm_op_BitConcatenate.i34.i32.i2, i32 %add_ln391_8, i2 0" [/home/fi/Documents/GitHub/ursa/exp/ursa_ws/src/core/shell.cpp:391]   --->   Operation 162 'bitconcatenate' 'shl_ln391_4' <Predicate = (!icmp_ln382 & and_ln390_4)> <Delay = 0.00>
ST_6 : Operation 163 [1/1] (0.00ns)   --->   "%zext_ln391_11 = zext i34 %shl_ln391_4" [/home/fi/Documents/GitHub/ursa/exp/ursa_ws/src/core/shell.cpp:391]   --->   Operation 163 'zext' 'zext_ln391_11' <Predicate = (!icmp_ln382 & and_ln390_4)> <Delay = 0.00>
ST_6 : Operation 164 [1/1] (3.52ns)   --->   "%add_ln391_9 = add i64 %zext_ln391_11, i64 %addr_c0_read" [/home/fi/Documents/GitHub/ursa/exp/ursa_ws/src/core/shell.cpp:391]   --->   Operation 164 'add' 'add_ln391_9' <Predicate = (!icmp_ln382 & and_ln390_4)> <Delay = 3.52> <CoreInst = "Adder">   --->   Core 1 'Adder' <Latency = 0> <II = 1> <Delay = 3.52> <FuncUnit> <Opcode : 'add' 'sub'> <InPorts = 2> <OutPorts = 1>
ST_6 : Operation 165 [1/1] (0.00ns)   --->   "%trunc_ln391_4 = partselect i62 @_ssdm_op_PartSelect.i62.i64.i32.i32, i64 %add_ln391_9, i32 2, i32 63" [/home/fi/Documents/GitHub/ursa/exp/ursa_ws/src/core/shell.cpp:391]   --->   Operation 165 'partselect' 'trunc_ln391_4' <Predicate = (!icmp_ln382 & and_ln390_4)> <Delay = 0.00>
ST_6 : Operation 166 [1/1] (0.00ns)   --->   "%sext_ln391_4 = sext i62 %trunc_ln391_4" [/home/fi/Documents/GitHub/ursa/exp/ursa_ws/src/core/shell.cpp:391]   --->   Operation 166 'sext' 'sext_ln391_4' <Predicate = (!icmp_ln382 & and_ln390_4)> <Delay = 0.00>
ST_6 : Operation 167 [1/1] (0.00ns)   --->   "%ca_addr_4 = getelementptr i32 %ca, i64 %sext_ln391_4" [/home/fi/Documents/GitHub/ursa/exp/ursa_ws/src/core/shell.cpp:391]   --->   Operation 167 'getelementptr' 'ca_addr_4' <Predicate = (!icmp_ln382 & and_ln390_4)> <Delay = 0.00>
ST_6 : Operation 168 [1/1] (2.55ns)   --->   "%add_ln391_10 = add i32 %mul131, i32 %zext_ln391_4_cast" [/home/fi/Documents/GitHub/ursa/exp/ursa_ws/src/core/shell.cpp:391]   --->   Operation 168 'add' 'add_ln391_10' <Predicate = (!icmp_ln382 & and_ln390_5)> <Delay = 2.55> <CoreInst = "Adder">   --->   Core 1 'Adder' <Latency = 0> <II = 1> <Delay = 2.55> <FuncUnit> <Opcode : 'add' 'sub'> <InPorts = 2> <OutPorts = 1>
ST_6 : Operation 169 [1/1] (0.00ns)   --->   "%shl_ln391_5 = bitconcatenate i34 @_ssdm_op_BitConcatenate.i34.i32.i2, i32 %add_ln391_10, i2 0" [/home/fi/Documents/GitHub/ursa/exp/ursa_ws/src/core/shell.cpp:391]   --->   Operation 169 'bitconcatenate' 'shl_ln391_5' <Predicate = (!icmp_ln382 & and_ln390_5)> <Delay = 0.00>
ST_6 : Operation 170 [1/1] (0.00ns)   --->   "%zext_ln391_12 = zext i34 %shl_ln391_5" [/home/fi/Documents/GitHub/ursa/exp/ursa_ws/src/core/shell.cpp:391]   --->   Operation 170 'zext' 'zext_ln391_12' <Predicate = (!icmp_ln382 & and_ln390_5)> <Delay = 0.00>
ST_6 : Operation 171 [1/1] (3.52ns)   --->   "%add_ln391_11 = add i64 %zext_ln391_12, i64 %addr_c0_read" [/home/fi/Documents/GitHub/ursa/exp/ursa_ws/src/core/shell.cpp:391]   --->   Operation 171 'add' 'add_ln391_11' <Predicate = (!icmp_ln382 & and_ln390_5)> <Delay = 3.52> <CoreInst = "Adder">   --->   Core 1 'Adder' <Latency = 0> <II = 1> <Delay = 3.52> <FuncUnit> <Opcode : 'add' 'sub'> <InPorts = 2> <OutPorts = 1>
ST_6 : Operation 172 [1/1] (0.00ns)   --->   "%trunc_ln391_5 = partselect i62 @_ssdm_op_PartSelect.i62.i64.i32.i32, i64 %add_ln391_11, i32 2, i32 63" [/home/fi/Documents/GitHub/ursa/exp/ursa_ws/src/core/shell.cpp:391]   --->   Operation 172 'partselect' 'trunc_ln391_5' <Predicate = (!icmp_ln382 & and_ln390_5)> <Delay = 0.00>
ST_6 : Operation 173 [1/1] (0.00ns)   --->   "%sext_ln391_5 = sext i62 %trunc_ln391_5" [/home/fi/Documents/GitHub/ursa/exp/ursa_ws/src/core/shell.cpp:391]   --->   Operation 173 'sext' 'sext_ln391_5' <Predicate = (!icmp_ln382 & and_ln390_5)> <Delay = 0.00>
ST_6 : Operation 174 [1/1] (0.00ns)   --->   "%ca_addr_5 = getelementptr i32 %ca, i64 %sext_ln391_5" [/home/fi/Documents/GitHub/ursa/exp/ursa_ws/src/core/shell.cpp:391]   --->   Operation 174 'getelementptr' 'ca_addr_5' <Predicate = (!icmp_ln382 & and_ln390_5)> <Delay = 0.00>
ST_6 : Operation 175 [1/1] (2.55ns)   --->   "%add_ln391_12 = add i32 %mul131, i32 %zext_ln391_5_cast" [/home/fi/Documents/GitHub/ursa/exp/ursa_ws/src/core/shell.cpp:391]   --->   Operation 175 'add' 'add_ln391_12' <Predicate = (!icmp_ln382 & and_ln390_6)> <Delay = 2.55> <CoreInst = "Adder">   --->   Core 1 'Adder' <Latency = 0> <II = 1> <Delay = 2.55> <FuncUnit> <Opcode : 'add' 'sub'> <InPorts = 2> <OutPorts = 1>
ST_6 : Operation 176 [1/1] (0.00ns)   --->   "%shl_ln391_6 = bitconcatenate i34 @_ssdm_op_BitConcatenate.i34.i32.i2, i32 %add_ln391_12, i2 0" [/home/fi/Documents/GitHub/ursa/exp/ursa_ws/src/core/shell.cpp:391]   --->   Operation 176 'bitconcatenate' 'shl_ln391_6' <Predicate = (!icmp_ln382 & and_ln390_6)> <Delay = 0.00>
ST_6 : Operation 177 [1/1] (0.00ns)   --->   "%zext_ln391_13 = zext i34 %shl_ln391_6" [/home/fi/Documents/GitHub/ursa/exp/ursa_ws/src/core/shell.cpp:391]   --->   Operation 177 'zext' 'zext_ln391_13' <Predicate = (!icmp_ln382 & and_ln390_6)> <Delay = 0.00>
ST_6 : Operation 178 [1/1] (3.52ns)   --->   "%add_ln391_13 = add i64 %zext_ln391_13, i64 %addr_c0_read" [/home/fi/Documents/GitHub/ursa/exp/ursa_ws/src/core/shell.cpp:391]   --->   Operation 178 'add' 'add_ln391_13' <Predicate = (!icmp_ln382 & and_ln390_6)> <Delay = 3.52> <CoreInst = "Adder">   --->   Core 1 'Adder' <Latency = 0> <II = 1> <Delay = 3.52> <FuncUnit> <Opcode : 'add' 'sub'> <InPorts = 2> <OutPorts = 1>
ST_6 : Operation 179 [1/1] (0.00ns)   --->   "%trunc_ln391_6 = partselect i62 @_ssdm_op_PartSelect.i62.i64.i32.i32, i64 %add_ln391_13, i32 2, i32 63" [/home/fi/Documents/GitHub/ursa/exp/ursa_ws/src/core/shell.cpp:391]   --->   Operation 179 'partselect' 'trunc_ln391_6' <Predicate = (!icmp_ln382 & and_ln390_6)> <Delay = 0.00>
ST_6 : Operation 180 [1/1] (0.00ns)   --->   "%sext_ln391_6 = sext i62 %trunc_ln391_6" [/home/fi/Documents/GitHub/ursa/exp/ursa_ws/src/core/shell.cpp:391]   --->   Operation 180 'sext' 'sext_ln391_6' <Predicate = (!icmp_ln382 & and_ln390_6)> <Delay = 0.00>
ST_6 : Operation 181 [1/1] (0.00ns)   --->   "%ca_addr_6 = getelementptr i32 %ca, i64 %sext_ln391_6" [/home/fi/Documents/GitHub/ursa/exp/ursa_ws/src/core/shell.cpp:391]   --->   Operation 181 'getelementptr' 'ca_addr_6' <Predicate = (!icmp_ln382 & and_ln390_6)> <Delay = 0.00>
ST_6 : Operation 182 [1/1] (2.55ns)   --->   "%add_ln391_14 = add i32 %mul131, i32 %zext_ln382_cast" [/home/fi/Documents/GitHub/ursa/exp/ursa_ws/src/core/shell.cpp:391]   --->   Operation 182 'add' 'add_ln391_14' <Predicate = (!icmp_ln382 & and_ln390_7)> <Delay = 2.55> <CoreInst = "Adder">   --->   Core 1 'Adder' <Latency = 0> <II = 1> <Delay = 2.55> <FuncUnit> <Opcode : 'add' 'sub'> <InPorts = 2> <OutPorts = 1>
ST_6 : Operation 183 [1/1] (0.00ns)   --->   "%shl_ln391_7 = bitconcatenate i34 @_ssdm_op_BitConcatenate.i34.i32.i2, i32 %add_ln391_14, i2 0" [/home/fi/Documents/GitHub/ursa/exp/ursa_ws/src/core/shell.cpp:391]   --->   Operation 183 'bitconcatenate' 'shl_ln391_7' <Predicate = (!icmp_ln382 & and_ln390_7)> <Delay = 0.00>
ST_6 : Operation 184 [1/1] (0.00ns)   --->   "%zext_ln391_14 = zext i34 %shl_ln391_7" [/home/fi/Documents/GitHub/ursa/exp/ursa_ws/src/core/shell.cpp:391]   --->   Operation 184 'zext' 'zext_ln391_14' <Predicate = (!icmp_ln382 & and_ln390_7)> <Delay = 0.00>
ST_6 : Operation 185 [1/1] (3.52ns)   --->   "%add_ln391_15 = add i64 %zext_ln391_14, i64 %addr_c0_read" [/home/fi/Documents/GitHub/ursa/exp/ursa_ws/src/core/shell.cpp:391]   --->   Operation 185 'add' 'add_ln391_15' <Predicate = (!icmp_ln382 & and_ln390_7)> <Delay = 3.52> <CoreInst = "Adder">   --->   Core 1 'Adder' <Latency = 0> <II = 1> <Delay = 3.52> <FuncUnit> <Opcode : 'add' 'sub'> <InPorts = 2> <OutPorts = 1>
ST_6 : Operation 186 [1/1] (0.00ns)   --->   "%trunc_ln391_7 = partselect i62 @_ssdm_op_PartSelect.i62.i64.i32.i32, i64 %add_ln391_15, i32 2, i32 63" [/home/fi/Documents/GitHub/ursa/exp/ursa_ws/src/core/shell.cpp:391]   --->   Operation 186 'partselect' 'trunc_ln391_7' <Predicate = (!icmp_ln382 & and_ln390_7)> <Delay = 0.00>
ST_6 : Operation 187 [1/1] (0.00ns)   --->   "%sext_ln391_7 = sext i62 %trunc_ln391_7" [/home/fi/Documents/GitHub/ursa/exp/ursa_ws/src/core/shell.cpp:391]   --->   Operation 187 'sext' 'sext_ln391_7' <Predicate = (!icmp_ln382 & and_ln390_7)> <Delay = 0.00>
ST_6 : Operation 188 [1/1] (0.00ns)   --->   "%ca_addr_7 = getelementptr i32 %ca, i64 %sext_ln391_7" [/home/fi/Documents/GitHub/ursa/exp/ursa_ws/src/core/shell.cpp:391]   --->   Operation 188 'getelementptr' 'ca_addr_7' <Predicate = (!icmp_ln382 & and_ln390_7)> <Delay = 0.00>

State 7 <SV = 6> <Delay = 7.30>
ST_7 : Operation 189 [3/5] (7.30ns)   --->   "%ca_addr_resp = writeresp i1 @_ssdm_op_WriteResp.m_axi.i32P1A, i64 %ca_addr" [/home/fi/Documents/GitHub/ursa/exp/ursa_ws/src/core/shell.cpp:391]   --->   Operation 189 'writeresp' 'ca_addr_resp' <Predicate = (!icmp_ln382 & and_ln390)> <Delay = 7.30> <CoreInst = "m_axi">   --->   Core 113 'm_axi' <Latency = 0> <II = 1> <Delay = 1.00> <Adapter> <Opcode : 'read' 'write' 'readreq' 'writereq' 'writeresp'>
ST_7 : Operation 190 [4/5] (7.30ns)   --->   "%ca_addr_1_resp = writeresp i1 @_ssdm_op_WriteResp.m_axi.i32P1A, i64 %ca_addr_1" [/home/fi/Documents/GitHub/ursa/exp/ursa_ws/src/core/shell.cpp:391]   --->   Operation 190 'writeresp' 'ca_addr_1_resp' <Predicate = (!icmp_ln382 & and_ln390_1)> <Delay = 7.30> <CoreInst = "m_axi">   --->   Core 113 'm_axi' <Latency = 0> <II = 1> <Delay = 1.00> <Adapter> <Opcode : 'read' 'write' 'readreq' 'writereq' 'writeresp'>
ST_7 : Operation 191 [5/5] (7.30ns)   --->   "%ca_addr_2_resp = writeresp i1 @_ssdm_op_WriteResp.m_axi.i32P1A, i64 %ca_addr_2" [/home/fi/Documents/GitHub/ursa/exp/ursa_ws/src/core/shell.cpp:391]   --->   Operation 191 'writeresp' 'ca_addr_2_resp' <Predicate = (!icmp_ln382 & and_ln390_2)> <Delay = 7.30> <CoreInst = "m_axi">   --->   Core 113 'm_axi' <Latency = 0> <II = 1> <Delay = 1.00> <Adapter> <Opcode : 'read' 'write' 'readreq' 'writereq' 'writeresp'>
ST_7 : Operation 192 [1/1] (7.30ns)   --->   "%write_ln391 = write void @_ssdm_op_Write.m_axi.i32P1A, i64 %ca_addr_3, i32 %c_tile_acc_load_3, i4 15" [/home/fi/Documents/GitHub/ursa/exp/ursa_ws/src/core/shell.cpp:391]   --->   Operation 192 'write' 'write_ln391' <Predicate = (!icmp_ln382 & and_ln390_3)> <Delay = 7.30> <CoreInst = "m_axi">   --->   Core 113 'm_axi' <Latency = 0> <II = 1> <Delay = 1.00> <Adapter> <Opcode : 'read' 'write' 'readreq' 'writereq' 'writeresp'>
ST_7 : Operation 193 [1/1] (7.30ns)   --->   "%ca_addr_4_req = writereq i1 @_ssdm_op_WriteReq.m_axi.i32P1A, i64 %ca_addr_4, i32 1" [/home/fi/Documents/GitHub/ursa/exp/ursa_ws/src/core/shell.cpp:391]   --->   Operation 193 'writereq' 'ca_addr_4_req' <Predicate = (!icmp_ln382 & and_ln390_4)> <Delay = 7.30> <CoreInst = "m_axi">   --->   Core 113 'm_axi' <Latency = 0> <II = 1> <Delay = 1.00> <Adapter> <Opcode : 'read' 'write' 'readreq' 'writereq' 'writeresp'>

State 8 <SV = 7> <Delay = 7.30>
ST_8 : Operation 194 [2/5] (7.30ns)   --->   "%ca_addr_resp = writeresp i1 @_ssdm_op_WriteResp.m_axi.i32P1A, i64 %ca_addr" [/home/fi/Documents/GitHub/ursa/exp/ursa_ws/src/core/shell.cpp:391]   --->   Operation 194 'writeresp' 'ca_addr_resp' <Predicate = (!icmp_ln382 & and_ln390)> <Delay = 7.30> <CoreInst = "m_axi">   --->   Core 113 'm_axi' <Latency = 0> <II = 1> <Delay = 1.00> <Adapter> <Opcode : 'read' 'write' 'readreq' 'writereq' 'writeresp'>
ST_8 : Operation 195 [3/5] (7.30ns)   --->   "%ca_addr_1_resp = writeresp i1 @_ssdm_op_WriteResp.m_axi.i32P1A, i64 %ca_addr_1" [/home/fi/Documents/GitHub/ursa/exp/ursa_ws/src/core/shell.cpp:391]   --->   Operation 195 'writeresp' 'ca_addr_1_resp' <Predicate = (!icmp_ln382 & and_ln390_1)> <Delay = 7.30> <CoreInst = "m_axi">   --->   Core 113 'm_axi' <Latency = 0> <II = 1> <Delay = 1.00> <Adapter> <Opcode : 'read' 'write' 'readreq' 'writereq' 'writeresp'>
ST_8 : Operation 196 [4/5] (7.30ns)   --->   "%ca_addr_2_resp = writeresp i1 @_ssdm_op_WriteResp.m_axi.i32P1A, i64 %ca_addr_2" [/home/fi/Documents/GitHub/ursa/exp/ursa_ws/src/core/shell.cpp:391]   --->   Operation 196 'writeresp' 'ca_addr_2_resp' <Predicate = (!icmp_ln382 & and_ln390_2)> <Delay = 7.30> <CoreInst = "m_axi">   --->   Core 113 'm_axi' <Latency = 0> <II = 1> <Delay = 1.00> <Adapter> <Opcode : 'read' 'write' 'readreq' 'writereq' 'writeresp'>
ST_8 : Operation 197 [5/5] (7.30ns)   --->   "%ca_addr_3_resp = writeresp i1 @_ssdm_op_WriteResp.m_axi.i32P1A, i64 %ca_addr_3" [/home/fi/Documents/GitHub/ursa/exp/ursa_ws/src/core/shell.cpp:391]   --->   Operation 197 'writeresp' 'ca_addr_3_resp' <Predicate = (!icmp_ln382 & and_ln390_3)> <Delay = 7.30> <CoreInst = "m_axi">   --->   Core 113 'm_axi' <Latency = 0> <II = 1> <Delay = 1.00> <Adapter> <Opcode : 'read' 'write' 'readreq' 'writereq' 'writeresp'>
ST_8 : Operation 198 [1/1] (7.30ns)   --->   "%write_ln391 = write void @_ssdm_op_Write.m_axi.i32P1A, i64 %ca_addr_4, i32 %c_tile_acc_load_4, i4 15" [/home/fi/Documents/GitHub/ursa/exp/ursa_ws/src/core/shell.cpp:391]   --->   Operation 198 'write' 'write_ln391' <Predicate = (!icmp_ln382 & and_ln390_4)> <Delay = 7.30> <CoreInst = "m_axi">   --->   Core 113 'm_axi' <Latency = 0> <II = 1> <Delay = 1.00> <Adapter> <Opcode : 'read' 'write' 'readreq' 'writereq' 'writeresp'>
ST_8 : Operation 199 [1/1] (7.30ns)   --->   "%ca_addr_5_req = writereq i1 @_ssdm_op_WriteReq.m_axi.i32P1A, i64 %ca_addr_5, i32 1" [/home/fi/Documents/GitHub/ursa/exp/ursa_ws/src/core/shell.cpp:391]   --->   Operation 199 'writereq' 'ca_addr_5_req' <Predicate = (!icmp_ln382 & and_ln390_5)> <Delay = 7.30> <CoreInst = "m_axi">   --->   Core 113 'm_axi' <Latency = 0> <II = 1> <Delay = 1.00> <Adapter> <Opcode : 'read' 'write' 'readreq' 'writereq' 'writeresp'>
ST_8 : Operation 243 [1/1] (0.00ns)   --->   "%ret_ln0 = ret"   --->   Operation 243 'ret' 'ret_ln0' <Predicate = (icmp_ln382)> <Delay = 0.00>

State 9 <SV = 8> <Delay = 7.30>
ST_9 : Operation 200 [1/5] (7.30ns)   --->   "%ca_addr_resp = writeresp i1 @_ssdm_op_WriteResp.m_axi.i32P1A, i64 %ca_addr" [/home/fi/Documents/GitHub/ursa/exp/ursa_ws/src/core/shell.cpp:391]   --->   Operation 200 'writeresp' 'ca_addr_resp' <Predicate = (and_ln390)> <Delay = 7.30> <CoreInst = "m_axi">   --->   Core 113 'm_axi' <Latency = 0> <II = 1> <Delay = 1.00> <Adapter> <Opcode : 'read' 'write' 'readreq' 'writereq' 'writeresp'>
ST_9 : Operation 201 [1/1] (0.00ns)   --->   "%br_ln392 = br void %for.inc137" [/home/fi/Documents/GitHub/ursa/exp/ursa_ws/src/core/shell.cpp:392]   --->   Operation 201 'br' 'br_ln392' <Predicate = (and_ln390)> <Delay = 0.00>
ST_9 : Operation 202 [2/5] (7.30ns)   --->   "%ca_addr_1_resp = writeresp i1 @_ssdm_op_WriteResp.m_axi.i32P1A, i64 %ca_addr_1" [/home/fi/Documents/GitHub/ursa/exp/ursa_ws/src/core/shell.cpp:391]   --->   Operation 202 'writeresp' 'ca_addr_1_resp' <Predicate = (and_ln390_1)> <Delay = 7.30> <CoreInst = "m_axi">   --->   Core 113 'm_axi' <Latency = 0> <II = 1> <Delay = 1.00> <Adapter> <Opcode : 'read' 'write' 'readreq' 'writereq' 'writeresp'>
ST_9 : Operation 203 [3/5] (7.30ns)   --->   "%ca_addr_2_resp = writeresp i1 @_ssdm_op_WriteResp.m_axi.i32P1A, i64 %ca_addr_2" [/home/fi/Documents/GitHub/ursa/exp/ursa_ws/src/core/shell.cpp:391]   --->   Operation 203 'writeresp' 'ca_addr_2_resp' <Predicate = (and_ln390_2)> <Delay = 7.30> <CoreInst = "m_axi">   --->   Core 113 'm_axi' <Latency = 0> <II = 1> <Delay = 1.00> <Adapter> <Opcode : 'read' 'write' 'readreq' 'writereq' 'writeresp'>
ST_9 : Operation 204 [4/5] (7.30ns)   --->   "%ca_addr_3_resp = writeresp i1 @_ssdm_op_WriteResp.m_axi.i32P1A, i64 %ca_addr_3" [/home/fi/Documents/GitHub/ursa/exp/ursa_ws/src/core/shell.cpp:391]   --->   Operation 204 'writeresp' 'ca_addr_3_resp' <Predicate = (and_ln390_3)> <Delay = 7.30> <CoreInst = "m_axi">   --->   Core 113 'm_axi' <Latency = 0> <II = 1> <Delay = 1.00> <Adapter> <Opcode : 'read' 'write' 'readreq' 'writereq' 'writeresp'>
ST_9 : Operation 205 [5/5] (7.30ns)   --->   "%ca_addr_4_resp = writeresp i1 @_ssdm_op_WriteResp.m_axi.i32P1A, i64 %ca_addr_4" [/home/fi/Documents/GitHub/ursa/exp/ursa_ws/src/core/shell.cpp:391]   --->   Operation 205 'writeresp' 'ca_addr_4_resp' <Predicate = (and_ln390_4)> <Delay = 7.30> <CoreInst = "m_axi">   --->   Core 113 'm_axi' <Latency = 0> <II = 1> <Delay = 1.00> <Adapter> <Opcode : 'read' 'write' 'readreq' 'writereq' 'writeresp'>
ST_9 : Operation 206 [1/1] (7.30ns)   --->   "%write_ln391 = write void @_ssdm_op_Write.m_axi.i32P1A, i64 %ca_addr_5, i32 %c_tile_acc_load_5, i4 15" [/home/fi/Documents/GitHub/ursa/exp/ursa_ws/src/core/shell.cpp:391]   --->   Operation 206 'write' 'write_ln391' <Predicate = (and_ln390_5)> <Delay = 7.30> <CoreInst = "m_axi">   --->   Core 113 'm_axi' <Latency = 0> <II = 1> <Delay = 1.00> <Adapter> <Opcode : 'read' 'write' 'readreq' 'writereq' 'writeresp'>
ST_9 : Operation 207 [1/1] (7.30ns)   --->   "%ca_addr_6_req = writereq i1 @_ssdm_op_WriteReq.m_axi.i32P1A, i64 %ca_addr_6, i32 1" [/home/fi/Documents/GitHub/ursa/exp/ursa_ws/src/core/shell.cpp:391]   --->   Operation 207 'writereq' 'ca_addr_6_req' <Predicate = (and_ln390_6)> <Delay = 7.30> <CoreInst = "m_axi">   --->   Core 113 'm_axi' <Latency = 0> <II = 1> <Delay = 1.00> <Adapter> <Opcode : 'read' 'write' 'readreq' 'writereq' 'writeresp'>

State 10 <SV = 9> <Delay = 7.30>
ST_10 : Operation 208 [1/5] (7.30ns)   --->   "%ca_addr_1_resp = writeresp i1 @_ssdm_op_WriteResp.m_axi.i32P1A, i64 %ca_addr_1" [/home/fi/Documents/GitHub/ursa/exp/ursa_ws/src/core/shell.cpp:391]   --->   Operation 208 'writeresp' 'ca_addr_1_resp' <Predicate = (and_ln390_1)> <Delay = 7.30> <CoreInst = "m_axi">   --->   Core 113 'm_axi' <Latency = 0> <II = 1> <Delay = 1.00> <Adapter> <Opcode : 'read' 'write' 'readreq' 'writereq' 'writeresp'>
ST_10 : Operation 209 [1/1] (0.00ns)   --->   "%br_ln392 = br void %for.inc137.1" [/home/fi/Documents/GitHub/ursa/exp/ursa_ws/src/core/shell.cpp:392]   --->   Operation 209 'br' 'br_ln392' <Predicate = (and_ln390_1)> <Delay = 0.00>
ST_10 : Operation 210 [2/5] (7.30ns)   --->   "%ca_addr_2_resp = writeresp i1 @_ssdm_op_WriteResp.m_axi.i32P1A, i64 %ca_addr_2" [/home/fi/Documents/GitHub/ursa/exp/ursa_ws/src/core/shell.cpp:391]   --->   Operation 210 'writeresp' 'ca_addr_2_resp' <Predicate = (and_ln390_2)> <Delay = 7.30> <CoreInst = "m_axi">   --->   Core 113 'm_axi' <Latency = 0> <II = 1> <Delay = 1.00> <Adapter> <Opcode : 'read' 'write' 'readreq' 'writereq' 'writeresp'>
ST_10 : Operation 211 [3/5] (7.30ns)   --->   "%ca_addr_3_resp = writeresp i1 @_ssdm_op_WriteResp.m_axi.i32P1A, i64 %ca_addr_3" [/home/fi/Documents/GitHub/ursa/exp/ursa_ws/src/core/shell.cpp:391]   --->   Operation 211 'writeresp' 'ca_addr_3_resp' <Predicate = (and_ln390_3)> <Delay = 7.30> <CoreInst = "m_axi">   --->   Core 113 'm_axi' <Latency = 0> <II = 1> <Delay = 1.00> <Adapter> <Opcode : 'read' 'write' 'readreq' 'writereq' 'writeresp'>
ST_10 : Operation 212 [4/5] (7.30ns)   --->   "%ca_addr_4_resp = writeresp i1 @_ssdm_op_WriteResp.m_axi.i32P1A, i64 %ca_addr_4" [/home/fi/Documents/GitHub/ursa/exp/ursa_ws/src/core/shell.cpp:391]   --->   Operation 212 'writeresp' 'ca_addr_4_resp' <Predicate = (and_ln390_4)> <Delay = 7.30> <CoreInst = "m_axi">   --->   Core 113 'm_axi' <Latency = 0> <II = 1> <Delay = 1.00> <Adapter> <Opcode : 'read' 'write' 'readreq' 'writereq' 'writeresp'>
ST_10 : Operation 213 [5/5] (7.30ns)   --->   "%ca_addr_5_resp = writeresp i1 @_ssdm_op_WriteResp.m_axi.i32P1A, i64 %ca_addr_5" [/home/fi/Documents/GitHub/ursa/exp/ursa_ws/src/core/shell.cpp:391]   --->   Operation 213 'writeresp' 'ca_addr_5_resp' <Predicate = (and_ln390_5)> <Delay = 7.30> <CoreInst = "m_axi">   --->   Core 113 'm_axi' <Latency = 0> <II = 1> <Delay = 1.00> <Adapter> <Opcode : 'read' 'write' 'readreq' 'writereq' 'writeresp'>
ST_10 : Operation 214 [1/1] (7.30ns)   --->   "%write_ln391 = write void @_ssdm_op_Write.m_axi.i32P1A, i64 %ca_addr_6, i32 %c_tile_acc_load_6, i4 15" [/home/fi/Documents/GitHub/ursa/exp/ursa_ws/src/core/shell.cpp:391]   --->   Operation 214 'write' 'write_ln391' <Predicate = (and_ln390_6)> <Delay = 7.30> <CoreInst = "m_axi">   --->   Core 113 'm_axi' <Latency = 0> <II = 1> <Delay = 1.00> <Adapter> <Opcode : 'read' 'write' 'readreq' 'writereq' 'writeresp'>
ST_10 : Operation 215 [1/1] (7.30ns)   --->   "%ca_addr_7_req = writereq i1 @_ssdm_op_WriteReq.m_axi.i32P1A, i64 %ca_addr_7, i32 1" [/home/fi/Documents/GitHub/ursa/exp/ursa_ws/src/core/shell.cpp:391]   --->   Operation 215 'writereq' 'ca_addr_7_req' <Predicate = (and_ln390_7)> <Delay = 7.30> <CoreInst = "m_axi">   --->   Core 113 'm_axi' <Latency = 0> <II = 1> <Delay = 1.00> <Adapter> <Opcode : 'read' 'write' 'readreq' 'writereq' 'writeresp'>

State 11 <SV = 10> <Delay = 7.30>
ST_11 : Operation 216 [1/5] (7.30ns)   --->   "%ca_addr_2_resp = writeresp i1 @_ssdm_op_WriteResp.m_axi.i32P1A, i64 %ca_addr_2" [/home/fi/Documents/GitHub/ursa/exp/ursa_ws/src/core/shell.cpp:391]   --->   Operation 216 'writeresp' 'ca_addr_2_resp' <Predicate = (and_ln390_2)> <Delay = 7.30> <CoreInst = "m_axi">   --->   Core 113 'm_axi' <Latency = 0> <II = 1> <Delay = 1.00> <Adapter> <Opcode : 'read' 'write' 'readreq' 'writereq' 'writeresp'>
ST_11 : Operation 217 [1/1] (0.00ns)   --->   "%br_ln392 = br void %for.inc137.2" [/home/fi/Documents/GitHub/ursa/exp/ursa_ws/src/core/shell.cpp:392]   --->   Operation 217 'br' 'br_ln392' <Predicate = (and_ln390_2)> <Delay = 0.00>
ST_11 : Operation 218 [2/5] (7.30ns)   --->   "%ca_addr_3_resp = writeresp i1 @_ssdm_op_WriteResp.m_axi.i32P1A, i64 %ca_addr_3" [/home/fi/Documents/GitHub/ursa/exp/ursa_ws/src/core/shell.cpp:391]   --->   Operation 218 'writeresp' 'ca_addr_3_resp' <Predicate = (and_ln390_3)> <Delay = 7.30> <CoreInst = "m_axi">   --->   Core 113 'm_axi' <Latency = 0> <II = 1> <Delay = 1.00> <Adapter> <Opcode : 'read' 'write' 'readreq' 'writereq' 'writeresp'>
ST_11 : Operation 219 [3/5] (7.30ns)   --->   "%ca_addr_4_resp = writeresp i1 @_ssdm_op_WriteResp.m_axi.i32P1A, i64 %ca_addr_4" [/home/fi/Documents/GitHub/ursa/exp/ursa_ws/src/core/shell.cpp:391]   --->   Operation 219 'writeresp' 'ca_addr_4_resp' <Predicate = (and_ln390_4)> <Delay = 7.30> <CoreInst = "m_axi">   --->   Core 113 'm_axi' <Latency = 0> <II = 1> <Delay = 1.00> <Adapter> <Opcode : 'read' 'write' 'readreq' 'writereq' 'writeresp'>
ST_11 : Operation 220 [4/5] (7.30ns)   --->   "%ca_addr_5_resp = writeresp i1 @_ssdm_op_WriteResp.m_axi.i32P1A, i64 %ca_addr_5" [/home/fi/Documents/GitHub/ursa/exp/ursa_ws/src/core/shell.cpp:391]   --->   Operation 220 'writeresp' 'ca_addr_5_resp' <Predicate = (and_ln390_5)> <Delay = 7.30> <CoreInst = "m_axi">   --->   Core 113 'm_axi' <Latency = 0> <II = 1> <Delay = 1.00> <Adapter> <Opcode : 'read' 'write' 'readreq' 'writereq' 'writeresp'>
ST_11 : Operation 221 [5/5] (7.30ns)   --->   "%ca_addr_6_resp = writeresp i1 @_ssdm_op_WriteResp.m_axi.i32P1A, i64 %ca_addr_6" [/home/fi/Documents/GitHub/ursa/exp/ursa_ws/src/core/shell.cpp:391]   --->   Operation 221 'writeresp' 'ca_addr_6_resp' <Predicate = (and_ln390_6)> <Delay = 7.30> <CoreInst = "m_axi">   --->   Core 113 'm_axi' <Latency = 0> <II = 1> <Delay = 1.00> <Adapter> <Opcode : 'read' 'write' 'readreq' 'writereq' 'writeresp'>
ST_11 : Operation 222 [1/1] (7.30ns)   --->   "%write_ln391 = write void @_ssdm_op_Write.m_axi.i32P1A, i64 %ca_addr_7, i32 %c_tile_acc_load_7, i4 15" [/home/fi/Documents/GitHub/ursa/exp/ursa_ws/src/core/shell.cpp:391]   --->   Operation 222 'write' 'write_ln391' <Predicate = (and_ln390_7)> <Delay = 7.30> <CoreInst = "m_axi">   --->   Core 113 'm_axi' <Latency = 0> <II = 1> <Delay = 1.00> <Adapter> <Opcode : 'read' 'write' 'readreq' 'writereq' 'writeresp'>

State 12 <SV = 11> <Delay = 7.30>
ST_12 : Operation 223 [1/5] (7.30ns)   --->   "%ca_addr_3_resp = writeresp i1 @_ssdm_op_WriteResp.m_axi.i32P1A, i64 %ca_addr_3" [/home/fi/Documents/GitHub/ursa/exp/ursa_ws/src/core/shell.cpp:391]   --->   Operation 223 'writeresp' 'ca_addr_3_resp' <Predicate = (and_ln390_3)> <Delay = 7.30> <CoreInst = "m_axi">   --->   Core 113 'm_axi' <Latency = 0> <II = 1> <Delay = 1.00> <Adapter> <Opcode : 'read' 'write' 'readreq' 'writereq' 'writeresp'>
ST_12 : Operation 224 [1/1] (0.00ns)   --->   "%br_ln392 = br void %for.inc137.3" [/home/fi/Documents/GitHub/ursa/exp/ursa_ws/src/core/shell.cpp:392]   --->   Operation 224 'br' 'br_ln392' <Predicate = (and_ln390_3)> <Delay = 0.00>
ST_12 : Operation 225 [2/5] (7.30ns)   --->   "%ca_addr_4_resp = writeresp i1 @_ssdm_op_WriteResp.m_axi.i32P1A, i64 %ca_addr_4" [/home/fi/Documents/GitHub/ursa/exp/ursa_ws/src/core/shell.cpp:391]   --->   Operation 225 'writeresp' 'ca_addr_4_resp' <Predicate = (and_ln390_4)> <Delay = 7.30> <CoreInst = "m_axi">   --->   Core 113 'm_axi' <Latency = 0> <II = 1> <Delay = 1.00> <Adapter> <Opcode : 'read' 'write' 'readreq' 'writereq' 'writeresp'>
ST_12 : Operation 226 [3/5] (7.30ns)   --->   "%ca_addr_5_resp = writeresp i1 @_ssdm_op_WriteResp.m_axi.i32P1A, i64 %ca_addr_5" [/home/fi/Documents/GitHub/ursa/exp/ursa_ws/src/core/shell.cpp:391]   --->   Operation 226 'writeresp' 'ca_addr_5_resp' <Predicate = (and_ln390_5)> <Delay = 7.30> <CoreInst = "m_axi">   --->   Core 113 'm_axi' <Latency = 0> <II = 1> <Delay = 1.00> <Adapter> <Opcode : 'read' 'write' 'readreq' 'writereq' 'writeresp'>
ST_12 : Operation 227 [4/5] (7.30ns)   --->   "%ca_addr_6_resp = writeresp i1 @_ssdm_op_WriteResp.m_axi.i32P1A, i64 %ca_addr_6" [/home/fi/Documents/GitHub/ursa/exp/ursa_ws/src/core/shell.cpp:391]   --->   Operation 227 'writeresp' 'ca_addr_6_resp' <Predicate = (and_ln390_6)> <Delay = 7.30> <CoreInst = "m_axi">   --->   Core 113 'm_axi' <Latency = 0> <II = 1> <Delay = 1.00> <Adapter> <Opcode : 'read' 'write' 'readreq' 'writereq' 'writeresp'>
ST_12 : Operation 228 [5/5] (7.30ns)   --->   "%ca_addr_7_resp = writeresp i1 @_ssdm_op_WriteResp.m_axi.i32P1A, i64 %ca_addr_7" [/home/fi/Documents/GitHub/ursa/exp/ursa_ws/src/core/shell.cpp:391]   --->   Operation 228 'writeresp' 'ca_addr_7_resp' <Predicate = (and_ln390_7)> <Delay = 7.30> <CoreInst = "m_axi">   --->   Core 113 'm_axi' <Latency = 0> <II = 1> <Delay = 1.00> <Adapter> <Opcode : 'read' 'write' 'readreq' 'writereq' 'writeresp'>

State 13 <SV = 12> <Delay = 7.30>
ST_13 : Operation 229 [1/5] (7.30ns)   --->   "%ca_addr_4_resp = writeresp i1 @_ssdm_op_WriteResp.m_axi.i32P1A, i64 %ca_addr_4" [/home/fi/Documents/GitHub/ursa/exp/ursa_ws/src/core/shell.cpp:391]   --->   Operation 229 'writeresp' 'ca_addr_4_resp' <Predicate = (and_ln390_4)> <Delay = 7.30> <CoreInst = "m_axi">   --->   Core 113 'm_axi' <Latency = 0> <II = 1> <Delay = 1.00> <Adapter> <Opcode : 'read' 'write' 'readreq' 'writereq' 'writeresp'>
ST_13 : Operation 230 [1/1] (0.00ns)   --->   "%br_ln392 = br void %for.inc137.4" [/home/fi/Documents/GitHub/ursa/exp/ursa_ws/src/core/shell.cpp:392]   --->   Operation 230 'br' 'br_ln392' <Predicate = (and_ln390_4)> <Delay = 0.00>
ST_13 : Operation 231 [2/5] (7.30ns)   --->   "%ca_addr_5_resp = writeresp i1 @_ssdm_op_WriteResp.m_axi.i32P1A, i64 %ca_addr_5" [/home/fi/Documents/GitHub/ursa/exp/ursa_ws/src/core/shell.cpp:391]   --->   Operation 231 'writeresp' 'ca_addr_5_resp' <Predicate = (and_ln390_5)> <Delay = 7.30> <CoreInst = "m_axi">   --->   Core 113 'm_axi' <Latency = 0> <II = 1> <Delay = 1.00> <Adapter> <Opcode : 'read' 'write' 'readreq' 'writereq' 'writeresp'>
ST_13 : Operation 232 [3/5] (7.30ns)   --->   "%ca_addr_6_resp = writeresp i1 @_ssdm_op_WriteResp.m_axi.i32P1A, i64 %ca_addr_6" [/home/fi/Documents/GitHub/ursa/exp/ursa_ws/src/core/shell.cpp:391]   --->   Operation 232 'writeresp' 'ca_addr_6_resp' <Predicate = (and_ln390_6)> <Delay = 7.30> <CoreInst = "m_axi">   --->   Core 113 'm_axi' <Latency = 0> <II = 1> <Delay = 1.00> <Adapter> <Opcode : 'read' 'write' 'readreq' 'writereq' 'writeresp'>
ST_13 : Operation 233 [4/5] (7.30ns)   --->   "%ca_addr_7_resp = writeresp i1 @_ssdm_op_WriteResp.m_axi.i32P1A, i64 %ca_addr_7" [/home/fi/Documents/GitHub/ursa/exp/ursa_ws/src/core/shell.cpp:391]   --->   Operation 233 'writeresp' 'ca_addr_7_resp' <Predicate = (and_ln390_7)> <Delay = 7.30> <CoreInst = "m_axi">   --->   Core 113 'm_axi' <Latency = 0> <II = 1> <Delay = 1.00> <Adapter> <Opcode : 'read' 'write' 'readreq' 'writereq' 'writeresp'>

State 14 <SV = 13> <Delay = 7.30>
ST_14 : Operation 234 [1/5] (7.30ns)   --->   "%ca_addr_5_resp = writeresp i1 @_ssdm_op_WriteResp.m_axi.i32P1A, i64 %ca_addr_5" [/home/fi/Documents/GitHub/ursa/exp/ursa_ws/src/core/shell.cpp:391]   --->   Operation 234 'writeresp' 'ca_addr_5_resp' <Predicate = (and_ln390_5)> <Delay = 7.30> <CoreInst = "m_axi">   --->   Core 113 'm_axi' <Latency = 0> <II = 1> <Delay = 1.00> <Adapter> <Opcode : 'read' 'write' 'readreq' 'writereq' 'writeresp'>
ST_14 : Operation 235 [1/1] (0.00ns)   --->   "%br_ln392 = br void %for.inc137.5" [/home/fi/Documents/GitHub/ursa/exp/ursa_ws/src/core/shell.cpp:392]   --->   Operation 235 'br' 'br_ln392' <Predicate = (and_ln390_5)> <Delay = 0.00>
ST_14 : Operation 236 [2/5] (7.30ns)   --->   "%ca_addr_6_resp = writeresp i1 @_ssdm_op_WriteResp.m_axi.i32P1A, i64 %ca_addr_6" [/home/fi/Documents/GitHub/ursa/exp/ursa_ws/src/core/shell.cpp:391]   --->   Operation 236 'writeresp' 'ca_addr_6_resp' <Predicate = (and_ln390_6)> <Delay = 7.30> <CoreInst = "m_axi">   --->   Core 113 'm_axi' <Latency = 0> <II = 1> <Delay = 1.00> <Adapter> <Opcode : 'read' 'write' 'readreq' 'writereq' 'writeresp'>
ST_14 : Operation 237 [3/5] (7.30ns)   --->   "%ca_addr_7_resp = writeresp i1 @_ssdm_op_WriteResp.m_axi.i32P1A, i64 %ca_addr_7" [/home/fi/Documents/GitHub/ursa/exp/ursa_ws/src/core/shell.cpp:391]   --->   Operation 237 'writeresp' 'ca_addr_7_resp' <Predicate = (and_ln390_7)> <Delay = 7.30> <CoreInst = "m_axi">   --->   Core 113 'm_axi' <Latency = 0> <II = 1> <Delay = 1.00> <Adapter> <Opcode : 'read' 'write' 'readreq' 'writereq' 'writeresp'>

State 15 <SV = 14> <Delay = 7.30>
ST_15 : Operation 238 [1/5] (7.30ns)   --->   "%ca_addr_6_resp = writeresp i1 @_ssdm_op_WriteResp.m_axi.i32P1A, i64 %ca_addr_6" [/home/fi/Documents/GitHub/ursa/exp/ursa_ws/src/core/shell.cpp:391]   --->   Operation 238 'writeresp' 'ca_addr_6_resp' <Predicate = (and_ln390_6)> <Delay = 7.30> <CoreInst = "m_axi">   --->   Core 113 'm_axi' <Latency = 0> <II = 1> <Delay = 1.00> <Adapter> <Opcode : 'read' 'write' 'readreq' 'writereq' 'writeresp'>
ST_15 : Operation 239 [1/1] (0.00ns)   --->   "%br_ln392 = br void %for.inc137.6" [/home/fi/Documents/GitHub/ursa/exp/ursa_ws/src/core/shell.cpp:392]   --->   Operation 239 'br' 'br_ln392' <Predicate = (and_ln390_6)> <Delay = 0.00>
ST_15 : Operation 240 [2/5] (7.30ns)   --->   "%ca_addr_7_resp = writeresp i1 @_ssdm_op_WriteResp.m_axi.i32P1A, i64 %ca_addr_7" [/home/fi/Documents/GitHub/ursa/exp/ursa_ws/src/core/shell.cpp:391]   --->   Operation 240 'writeresp' 'ca_addr_7_resp' <Predicate = (and_ln390_7)> <Delay = 7.30> <CoreInst = "m_axi">   --->   Core 113 'm_axi' <Latency = 0> <II = 1> <Delay = 1.00> <Adapter> <Opcode : 'read' 'write' 'readreq' 'writereq' 'writeresp'>

State 16 <SV = 15> <Delay = 7.30>
ST_16 : Operation 241 [1/5] (7.30ns)   --->   "%ca_addr_7_resp = writeresp i1 @_ssdm_op_WriteResp.m_axi.i32P1A, i64 %ca_addr_7" [/home/fi/Documents/GitHub/ursa/exp/ursa_ws/src/core/shell.cpp:391]   --->   Operation 241 'writeresp' 'ca_addr_7_resp' <Predicate = (and_ln390_7)> <Delay = 7.30> <CoreInst = "m_axi">   --->   Core 113 'm_axi' <Latency = 0> <II = 1> <Delay = 1.00> <Adapter> <Opcode : 'read' 'write' 'readreq' 'writereq' 'writeresp'>
ST_16 : Operation 242 [1/1] (0.00ns)   --->   "%br_ln392 = br void %for.inc137.7" [/home/fi/Documents/GitHub/ursa/exp/ursa_ws/src/core/shell.cpp:392]   --->   Operation 242 'br' 'br_ln392' <Predicate = (and_ln390_7)> <Delay = 0.00>


============================================================
+ Verbose Summary: Binding
============================================================
STG Binding: 
---------------- STG Properties BEGIN ----------------
- Is combinational: 0
- Is one-state seq: 0
- Is datapath-only: 0
- Is pipelined: 0
- Is top level: 0
Port [ Return ] is wired: 1; IO mode=ap_ctrl_hs:ce=0
Port [ ca]:  wired=1; compound=1; hidden=0; nouse=0; global=0; static=0; extern=0; dir=1; type=4; pingpong=0; private_global=0; IO mode=m_axi:ce=0
Port [ cmp124_7]:  wired=1; compound=0; hidden=0; nouse=0; global=0; static=0; extern=0; dir=0; type=0; pingpong=0; private_global=0; IO mode=ap_none:ce=0
Port [ cmp124_6]:  wired=1; compound=0; hidden=0; nouse=0; global=0; static=0; extern=0; dir=0; type=0; pingpong=0; private_global=0; IO mode=ap_none:ce=0
Port [ cmp124_5]:  wired=1; compound=0; hidden=0; nouse=0; global=0; static=0; extern=0; dir=0; type=0; pingpong=0; private_global=0; IO mode=ap_none:ce=0
Port [ cmp124_4]:  wired=1; compound=0; hidden=0; nouse=0; global=0; static=0; extern=0; dir=0; type=0; pingpong=0; private_global=0; IO mode=ap_none:ce=0
Port [ cmp124_3]:  wired=1; compound=0; hidden=0; nouse=0; global=0; static=0; extern=0; dir=0; type=0; pingpong=0; private_global=0; IO mode=ap_none:ce=0
Port [ cmp124_2]:  wired=1; compound=0; hidden=0; nouse=0; global=0; static=0; extern=0; dir=0; type=0; pingpong=0; private_global=0; IO mode=ap_none:ce=0
Port [ cmp124_1]:  wired=1; compound=0; hidden=0; nouse=0; global=0; static=0; extern=0; dir=0; type=0; pingpong=0; private_global=0; IO mode=ap_none:ce=0
Port [ c_tile_acc]:  wired=1; compound=1; hidden=0; nouse=0; global=0; static=0; extern=0; dir=0; type=1; pingpong=0; private_global=0; MemPort=[11]; IO mode=ap_memory:ce=0
Port [ empty]:  wired=1; compound=0; hidden=0; nouse=0; global=0; static=0; extern=0; dir=0; type=0; pingpong=0; private_global=0; IO mode=ap_none:ce=0
Port [ a0_p]:  wired=1; compound=0; hidden=0; nouse=0; global=0; static=0; extern=0; dir=0; type=0; pingpong=0; private_global=0; IO mode=ap_none:ce=0
Port [ zext_ln309]:  wired=1; compound=0; hidden=0; nouse=0; global=0; static=0; extern=0; dir=0; type=0; pingpong=0; private_global=0; IO mode=ap_none:ce=0
Port [ cmp124]:  wired=1; compound=0; hidden=0; nouse=0; global=0; static=0; extern=0; dir=0; type=0; pingpong=0; private_global=0; IO mode=ap_none:ce=0
Port [ base_col_B_cast]:  wired=1; compound=0; hidden=0; nouse=0; global=0; static=0; extern=0; dir=0; type=0; pingpong=0; private_global=0; IO mode=ap_none:ce=0
Port [ addr_c0]:  wired=1; compound=0; hidden=0; nouse=0; global=0; static=0; extern=0; dir=0; type=0; pingpong=0; private_global=0; IO mode=ap_none:ce=0
Port [ zext_ln391]:  wired=1; compound=0; hidden=0; nouse=0; global=0; static=0; extern=0; dir=0; type=0; pingpong=0; private_global=0; IO mode=ap_none:ce=0
Port [ zext_ln391_1]:  wired=1; compound=0; hidden=0; nouse=0; global=0; static=0; extern=0; dir=0; type=0; pingpong=0; private_global=0; IO mode=ap_none:ce=0
Port [ zext_ln391_2]:  wired=1; compound=0; hidden=0; nouse=0; global=0; static=0; extern=0; dir=0; type=0; pingpong=0; private_global=0; IO mode=ap_none:ce=0
Port [ zext_ln391_3]:  wired=1; compound=0; hidden=0; nouse=0; global=0; static=0; extern=0; dir=0; type=0; pingpong=0; private_global=0; IO mode=ap_none:ce=0
Port [ zext_ln391_4]:  wired=1; compound=0; hidden=0; nouse=0; global=0; static=0; extern=0; dir=0; type=0; pingpong=0; private_global=0; IO mode=ap_none:ce=0
Port [ zext_ln391_5]:  wired=1; compound=0; hidden=0; nouse=0; global=0; static=0; extern=0; dir=0; type=0; pingpong=0; private_global=0; IO mode=ap_none:ce=0
Port [ zext_ln382]:  wired=1; compound=0; hidden=0; nouse=0; global=0; static=0; extern=0; dir=0; type=0; pingpong=0; private_global=0; IO mode=ap_none:ce=0
---------------- STG Properties END ------------------

---------------- Datapath Model BEGIN ----------------

<LifeTime>
<method=bitvector/>
r                       (alloca           ) [ 01000000000000000]
zext_ln382_read         (read             ) [ 00000000000000000]
zext_ln391_5_read       (read             ) [ 00000000000000000]
zext_ln391_4_read       (read             ) [ 00000000000000000]
zext_ln391_3_read       (read             ) [ 00000000000000000]
zext_ln391_2_read       (read             ) [ 00000000000000000]
zext_ln391_1_read       (read             ) [ 00000000000000000]
zext_ln391_read         (read             ) [ 00000000000000000]
addr_c0_read            (read             ) [ 00111110000000000]
base_col_B_cast_read    (read             ) [ 00000000000000000]
cmp124_read             (read             ) [ 00000000000000000]
zext_ln309_read         (read             ) [ 00000000000000000]
a0_p_read               (read             ) [ 00000000000000000]
tmp                     (read             ) [ 00000000000000000]
cmp124_1_read           (read             ) [ 00000000000000000]
cmp124_2_read           (read             ) [ 00000000000000000]
cmp124_3_read           (read             ) [ 00000000000000000]
cmp124_4_read           (read             ) [ 00000000000000000]
cmp124_5_read           (read             ) [ 00000000000000000]
cmp124_6_read           (read             ) [ 00000000000000000]
cmp124_7_read           (read             ) [ 00000000000000000]
zext_ln382_cast         (zext             ) [ 00111110000000000]
zext_ln391_5_cast       (zext             ) [ 00111110000000000]
zext_ln391_4_cast       (zext             ) [ 00111110000000000]
zext_ln391_3_cast       (zext             ) [ 00111110000000000]
zext_ln391_2_cast       (zext             ) [ 00111100000000000]
zext_ln391_1_cast       (zext             ) [ 00111000000000000]
zext_ln391_cast         (zext             ) [ 00110000000000000]
base_col_B_cast_cast    (zext             ) [ 00100000000000000]
zext_ln309_cast         (zext             ) [ 00000000000000000]
specinterface_ln0       (specinterface    ) [ 00000000000000000]
store_ln382             (store            ) [ 00000000000000000]
br_ln0                  (br               ) [ 00000000000000000]
r_1                     (load             ) [ 00000000000000000]
empty_30                (trunc            ) [ 00000000000000000]
specbitsmap_ln0         (specbitsmap      ) [ 00000000000000000]
icmp_ln382              (icmp             ) [ 01111111100000000]
add_ln382               (add              ) [ 00000000000000000]
br_ln382                (br               ) [ 00000000000000000]
tmp_2                   (bitconcatenate   ) [ 00111000000000000]
zext_ln391_6            (zext             ) [ 00000000000000000]
c_tile_acc_addr         (getelementptr    ) [ 00100000000000000]
or_ln391                (or               ) [ 00000000000000000]
zext_ln391_15           (zext             ) [ 00000000000000000]
c_tile_acc_addr_1       (getelementptr    ) [ 00100000000000000]
global_row              (bitconcatenate   ) [ 00000000000000000]
cmp121                  (icmp             ) [ 00000000000000000]
conv129                 (zext             ) [ 00000000000000000]
mul131                  (mul              ) [ 00111110000000000]
and_ln390               (and              ) [ 01111111110000000]
br_ln390                (br               ) [ 00000000000000000]
and_ln390_1             (and              ) [ 01111111111000000]
br_ln390                (br               ) [ 00000000000000000]
and_ln390_2             (and              ) [ 01111111111100000]
br_ln390                (br               ) [ 00000000000000000]
and_ln390_3             (and              ) [ 01111111111110000]
br_ln390                (br               ) [ 00000000000000000]
and_ln390_4             (and              ) [ 01111111111111000]
br_ln390                (br               ) [ 00000000000000000]
and_ln390_5             (and              ) [ 01111111111111100]
br_ln390                (br               ) [ 00000000000000000]
and_ln390_6             (and              ) [ 01111111111111110]
br_ln390                (br               ) [ 00000000000000000]
and_ln390_7             (and              ) [ 01111111111111111]
br_ln390                (br               ) [ 00000000000000000]
store_ln382             (store            ) [ 00000000000000000]
br_ln382                (br               ) [ 00000000000000000]
or_ln391_1              (or               ) [ 00000000000000000]
zext_ln391_16           (zext             ) [ 00000000000000000]
c_tile_acc_addr_2       (getelementptr    ) [ 00010000000000000]
or_ln391_2              (or               ) [ 00000000000000000]
zext_ln391_17           (zext             ) [ 00000000000000000]
c_tile_acc_addr_3       (getelementptr    ) [ 00010000000000000]
c_tile_acc_load         (load             ) [ 00011000000000000]
add_ln391               (add              ) [ 00000000000000000]
shl_ln1                 (bitconcatenate   ) [ 00000000000000000]
zext_ln391_7            (zext             ) [ 00000000000000000]
add_ln391_1             (add              ) [ 00000000000000000]
trunc_ln3               (partselect       ) [ 00000000000000000]
sext_ln391              (sext             ) [ 00000000000000000]
ca_addr                 (getelementptr    ) [ 01011111110000000]
c_tile_acc_load_1       (load             ) [ 00011100000000000]
or_ln391_3              (or               ) [ 00000000000000000]
zext_ln391_18           (zext             ) [ 00000000000000000]
c_tile_acc_addr_4       (getelementptr    ) [ 00001000000000000]
or_ln391_4              (or               ) [ 00000000000000000]
zext_ln391_19           (zext             ) [ 00000000000000000]
c_tile_acc_addr_5       (getelementptr    ) [ 00001000000000000]
ca_addr_req             (writereq         ) [ 00000000000000000]
add_ln391_2             (add              ) [ 00000000000000000]
shl_ln391_1             (bitconcatenate   ) [ 00000000000000000]
zext_ln391_8            (zext             ) [ 00000000000000000]
add_ln391_3             (add              ) [ 00000000000000000]
trunc_ln391_1           (partselect       ) [ 00000000000000000]
sext_ln391_1            (sext             ) [ 00000000000000000]
ca_addr_1               (getelementptr    ) [ 01101111111000000]
c_tile_acc_load_2       (load             ) [ 00001110000000000]
c_tile_acc_load_3       (load             ) [ 00001111000000000]
or_ln391_5              (or               ) [ 00000000000000000]
zext_ln391_20           (zext             ) [ 00000000000000000]
c_tile_acc_addr_6       (getelementptr    ) [ 00000100000000000]
or_ln391_6              (or               ) [ 00000000000000000]
zext_ln391_21           (zext             ) [ 00000000000000000]
c_tile_acc_addr_7       (getelementptr    ) [ 00000100000000000]
specpipeline_ln383      (specpipeline     ) [ 00000000000000000]
speclooptripcount_ln382 (speclooptripcount) [ 00000000000000000]
specloopname_ln382      (specloopname     ) [ 00000000000000000]
write_ln391             (write            ) [ 00000000000000000]
ca_addr_1_req           (writereq         ) [ 00000000000000000]
add_ln391_4             (add              ) [ 00000000000000000]
shl_ln391_2             (bitconcatenate   ) [ 00000000000000000]
zext_ln391_9            (zext             ) [ 00000000000000000]
add_ln391_5             (add              ) [ 00000000000000000]
trunc_ln391_2           (partselect       ) [ 00000000000000000]
sext_ln391_2            (sext             ) [ 00000000000000000]
ca_addr_2               (getelementptr    ) [ 01110111111100000]
c_tile_acc_load_4       (load             ) [ 00000111100000000]
c_tile_acc_load_5       (load             ) [ 01000111110000000]
write_ln391             (write            ) [ 00000000000000000]
ca_addr_2_req           (writereq         ) [ 00000000000000000]
add_ln391_6             (add              ) [ 00000000000000000]
shl_ln391_3             (bitconcatenate   ) [ 00000000000000000]
zext_ln391_10           (zext             ) [ 00000000000000000]
add_ln391_7             (add              ) [ 00000000000000000]
trunc_ln391_3           (partselect       ) [ 00000000000000000]
sext_ln391_3            (sext             ) [ 00000000000000000]
ca_addr_3               (getelementptr    ) [ 01111011111110000]
c_tile_acc_load_6       (load             ) [ 01100011111000000]
c_tile_acc_load_7       (load             ) [ 01110011111100000]
write_ln391             (write            ) [ 00000000000000000]
ca_addr_3_req           (writereq         ) [ 00000000000000000]
add_ln391_8             (add              ) [ 00000000000000000]
shl_ln391_4             (bitconcatenate   ) [ 00000000000000000]
zext_ln391_11           (zext             ) [ 00000000000000000]
add_ln391_9             (add              ) [ 00000000000000000]
trunc_ln391_4           (partselect       ) [ 00000000000000000]
sext_ln391_4            (sext             ) [ 00000000000000000]
ca_addr_4               (getelementptr    ) [ 01111101111111000]
add_ln391_10            (add              ) [ 00000000000000000]
shl_ln391_5             (bitconcatenate   ) [ 00000000000000000]
zext_ln391_12           (zext             ) [ 00000000000000000]
add_ln391_11            (add              ) [ 00000000000000000]
trunc_ln391_5           (partselect       ) [ 00000000000000000]
sext_ln391_5            (sext             ) [ 00000000000000000]
ca_addr_5               (getelementptr    ) [ 01111111111111100]
add_ln391_12            (add              ) [ 00000000000000000]
shl_ln391_6             (bitconcatenate   ) [ 00000000000000000]
zext_ln391_13           (zext             ) [ 00000000000000000]
add_ln391_13            (add              ) [ 00000000000000000]
trunc_ln391_6           (partselect       ) [ 00000000000000000]
sext_ln391_6            (sext             ) [ 00000000000000000]
ca_addr_6               (getelementptr    ) [ 01111111111111110]
add_ln391_14            (add              ) [ 00000000000000000]
shl_ln391_7             (bitconcatenate   ) [ 00000000000000000]
zext_ln391_14           (zext             ) [ 00000000000000000]
add_ln391_15            (add              ) [ 00000000000000000]
trunc_ln391_7           (partselect       ) [ 00000000000000000]
sext_ln391_7            (sext             ) [ 00000000000000000]
ca_addr_7               (getelementptr    ) [ 01111111111111111]
write_ln391             (write            ) [ 00000000000000000]
ca_addr_4_req           (writereq         ) [ 00000000000000000]
write_ln391             (write            ) [ 00000000000000000]
ca_addr_5_req           (writereq         ) [ 00000000000000000]
ca_addr_resp            (writeresp        ) [ 00000000000000000]
br_ln392                (br               ) [ 00000000000000000]
write_ln391             (write            ) [ 00000000000000000]
ca_addr_6_req           (writereq         ) [ 00000000000000000]
ca_addr_1_resp          (writeresp        ) [ 00000000000000000]
br_ln392                (br               ) [ 00000000000000000]
write_ln391             (write            ) [ 00000000000000000]
ca_addr_7_req           (writereq         ) [ 00000000000000000]
ca_addr_2_resp          (writeresp        ) [ 00000000000000000]
br_ln392                (br               ) [ 00000000000000000]
write_ln391             (write            ) [ 00000000000000000]
ca_addr_3_resp          (writeresp        ) [ 00000000000000000]
br_ln392                (br               ) [ 00000000000000000]
ca_addr_4_resp          (writeresp        ) [ 00000000000000000]
br_ln392                (br               ) [ 00000000000000000]
ca_addr_5_resp          (writeresp        ) [ 00000000000000000]
br_ln392                (br               ) [ 00000000000000000]
ca_addr_6_resp          (writeresp        ) [ 00000000000000000]
br_ln392                (br               ) [ 00000000000000000]
ca_addr_7_resp          (writeresp        ) [ 00000000000000000]
br_ln392                (br               ) [ 00000000000000000]
ret_ln0                 (ret              ) [ 00000000000000000]
</LifeTime>

<model>

<comp_list>
<comp id="0" class="1000" name="ca">
<pin_list>
<pin id="1" dir="1" index="0" bw="1" slack="0"/>
</pin_list>
<bind>
<StgValue><ssdm name="ca"/></StgValue>
</bind>
</comp>

<comp id="2" class="1000" name="cmp124_7">
<pin_list>
<pin id="3" dir="1" index="0" bw="1" slack="0"/>
</pin_list>
<bind>
<StgValue><ssdm name="cmp124_7"/></StgValue>
</bind>
</comp>

<comp id="4" class="1000" name="cmp124_6">
<pin_list>
<pin id="5" dir="1" index="0" bw="1" slack="0"/>
</pin_list>
<bind>
<StgValue><ssdm name="cmp124_6"/></StgValue>
</bind>
</comp>

<comp id="6" class="1000" name="cmp124_5">
<pin_list>
<pin id="7" dir="1" index="0" bw="1" slack="0"/>
</pin_list>
<bind>
<StgValue><ssdm name="cmp124_5"/></StgValue>
</bind>
</comp>

<comp id="8" class="1000" name="cmp124_4">
<pin_list>
<pin id="9" dir="1" index="0" bw="1" slack="0"/>
</pin_list>
<bind>
<StgValue><ssdm name="cmp124_4"/></StgValue>
</bind>
</comp>

<comp id="10" class="1000" name="cmp124_3">
<pin_list>
<pin id="11" dir="1" index="0" bw="1" slack="0"/>
</pin_list>
<bind>
<StgValue><ssdm name="cmp124_3"/></StgValue>
</bind>
</comp>

<comp id="12" class="1000" name="cmp124_2">
<pin_list>
<pin id="13" dir="1" index="0" bw="1" slack="0"/>
</pin_list>
<bind>
<StgValue><ssdm name="cmp124_2"/></StgValue>
</bind>
</comp>

<comp id="14" class="1000" name="cmp124_1">
<pin_list>
<pin id="15" dir="1" index="0" bw="1" slack="0"/>
</pin_list>
<bind>
<StgValue><ssdm name="cmp124_1"/></StgValue>
</bind>
</comp>

<comp id="16" class="1000" name="c_tile_acc">
<pin_list>
<pin id="17" dir="1" index="0" bw="1" slack="0"/>
</pin_list>
<bind>
<StgValue><ssdm name="c_tile_acc"/><MemPortTyVec>1 1 </MemPortTyVec>
</StgValue>
</bind>
</comp>

<comp id="18" class="1000" name="empty">
<pin_list>
<pin id="19" dir="1" index="0" bw="1" slack="0"/>
</pin_list>
<bind>
<StgValue><ssdm name="empty"/></StgValue>
</bind>
</comp>

<comp id="20" class="1000" name="a0_p">
<pin_list>
<pin id="21" dir="1" index="0" bw="1" slack="0"/>
</pin_list>
<bind>
<StgValue><ssdm name="a0_p"/></StgValue>
</bind>
</comp>

<comp id="22" class="1000" name="zext_ln309">
<pin_list>
<pin id="23" dir="1" index="0" bw="1" slack="0"/>
</pin_list>
<bind>
<StgValue><ssdm name="zext_ln309"/></StgValue>
</bind>
</comp>

<comp id="24" class="1000" name="cmp124">
<pin_list>
<pin id="25" dir="1" index="0" bw="1" slack="0"/>
</pin_list>
<bind>
<StgValue><ssdm name="cmp124"/></StgValue>
</bind>
</comp>

<comp id="26" class="1000" name="base_col_B_cast">
<pin_list>
<pin id="27" dir="1" index="0" bw="1" slack="0"/>
</pin_list>
<bind>
<StgValue><ssdm name="base_col_B_cast"/></StgValue>
</bind>
</comp>

<comp id="28" class="1000" name="addr_c0">
<pin_list>
<pin id="29" dir="1" index="0" bw="1" slack="0"/>
</pin_list>
<bind>
<StgValue><ssdm name="addr_c0"/></StgValue>
</bind>
</comp>

<comp id="30" class="1000" name="zext_ln391">
<pin_list>
<pin id="31" dir="1" index="0" bw="1" slack="0"/>
</pin_list>
<bind>
<StgValue><ssdm name="zext_ln391"/></StgValue>
</bind>
</comp>

<comp id="32" class="1000" name="zext_ln391_1">
<pin_list>
<pin id="33" dir="1" index="0" bw="1" slack="0"/>
</pin_list>
<bind>
<StgValue><ssdm name="zext_ln391_1"/></StgValue>
</bind>
</comp>

<comp id="34" class="1000" name="zext_ln391_2">
<pin_list>
<pin id="35" dir="1" index="0" bw="1" slack="0"/>
</pin_list>
<bind>
<StgValue><ssdm name="zext_ln391_2"/></StgValue>
</bind>
</comp>

<comp id="36" class="1000" name="zext_ln391_3">
<pin_list>
<pin id="37" dir="1" index="0" bw="1" slack="0"/>
</pin_list>
<bind>
<StgValue><ssdm name="zext_ln391_3"/></StgValue>
</bind>
</comp>

<comp id="38" class="1000" name="zext_ln391_4">
<pin_list>
<pin id="39" dir="1" index="0" bw="1" slack="0"/>
</pin_list>
<bind>
<StgValue><ssdm name="zext_ln391_4"/></StgValue>
</bind>
</comp>

<comp id="40" class="1000" name="zext_ln391_5">
<pin_list>
<pin id="41" dir="1" index="0" bw="1" slack="0"/>
</pin_list>
<bind>
<StgValue><ssdm name="zext_ln391_5"/></StgValue>
</bind>
</comp>

<comp id="42" class="1000" name="zext_ln382">
<pin_list>
<pin id="43" dir="1" index="0" bw="1" slack="0"/>
</pin_list>
<bind>
<StgValue><ssdm name="zext_ln382"/></StgValue>
</bind>
</comp>

<comp id="44" class="1001" name="const_44">
<pin_list>
<pin id="45" dir="1" index="0" bw="1" slack="0"/>
</pin_list>
<bind>
<StgValue><ssdm name=""/></StgValue>
</bind>
</comp>

<comp id="46" class="1001" name="const_46">
<pin_list>
<pin id="47" dir="1" index="0" bw="1" slack="0"/>
</pin_list>
<bind>
<StgValue><ssdm name="_ssdm_op_Read.ap_auto.i16"/></StgValue>
</bind>
</comp>

<comp id="48" class="1001" name="const_48">
<pin_list>
<pin id="49" dir="1" index="0" bw="1" slack="0"/>
</pin_list>
<bind>
<StgValue><ssdm name="_ssdm_op_Read.ap_auto.i64"/></StgValue>
</bind>
</comp>

<comp id="50" class="1001" name="const_50">
<pin_list>
<pin id="51" dir="1" index="0" bw="1" slack="0"/>
</pin_list>
<bind>
<StgValue><ssdm name="_ssdm_op_Read.ap_auto.i1"/></StgValue>
</bind>
</comp>

<comp id="52" class="1001" name="const_52">
<pin_list>
<pin id="53" dir="1" index="0" bw="1" slack="0"/>
</pin_list>
<bind>
<StgValue><ssdm name="_ssdm_op_Read.ap_auto.i13"/></StgValue>
</bind>
</comp>

<comp id="54" class="1001" name="const_54">
<pin_list>
<pin id="55" dir="1" index="0" bw="1" slack="2147483647"/>
</pin_list>
<bind>
<StgValue><ssdm name="_ssdm_op_SpecInterface"/></StgValue>
</bind>
</comp>

<comp id="56" class="1001" name="const_56">
<pin_list>
<pin id="57" dir="1" index="0" bw="1" slack="2147483647"/>
</pin_list>
<bind>
<StgValue><ssdm name="empty"/></StgValue>
</bind>
</comp>

<comp id="58" class="1001" name="const_58">
<pin_list>
<pin id="59" dir="1" index="0" bw="1" slack="2147483647"/>
</pin_list>
<bind>
<StgValue><ssdm name=""/></StgValue>
</bind>
</comp>

<comp id="60" class="1001" name="const_60">
<pin_list>
<pin id="61" dir="1" index="0" bw="1" slack="2147483647"/>
</pin_list>
<bind>
<StgValue><ssdm name="empty_8"/></StgValue>
</bind>
</comp>

<comp id="62" class="1001" name="const_62">
<pin_list>
<pin id="63" dir="1" index="0" bw="1" slack="2147483647"/>
</pin_list>
<bind>
<StgValue><ssdm name=""/></StgValue>
</bind>
</comp>

<comp id="64" class="1001" name="const_64">
<pin_list>
<pin id="65" dir="1" index="0" bw="1" slack="2147483647"/>
</pin_list>
<bind>
<StgValue><ssdm name="empty_4"/></StgValue>
</bind>
</comp>

<comp id="66" class="1001" name="const_66">
<pin_list>
<pin id="67" dir="1" index="0" bw="1" slack="2147483647"/>
</pin_list>
<bind>
<StgValue><ssdm name="empty_6"/></StgValue>
</bind>
</comp>

<comp id="68" class="1001" name="const_68">
<pin_list>
<pin id="69" dir="1" index="0" bw="1" slack="2147483647"/>
</pin_list>
<bind>
<StgValue><ssdm name=""/></StgValue>
</bind>
</comp>

<comp id="70" class="1001" name="const_70">
<pin_list>
<pin id="71" dir="1" index="0" bw="1" slack="2147483647"/>
</pin_list>
<bind>
<StgValue><ssdm name=""/></StgValue>
</bind>
</comp>

<comp id="72" class="1001" name="const_72">
<pin_list>
<pin id="73" dir="1" index="0" bw="1" slack="2147483647"/>
</pin_list>
<bind>
<StgValue><ssdm name=""/></StgValue>
</bind>
</comp>

<comp id="74" class="1001" name="const_74">
<pin_list>
<pin id="75" dir="1" index="0" bw="1" slack="2147483647"/>
</pin_list>
<bind>
<StgValue><ssdm name=""/></StgValue>
</bind>
</comp>

<comp id="76" class="1001" name="const_76">
<pin_list>
<pin id="77" dir="1" index="0" bw="1" slack="0"/>
</pin_list>
<bind>
<StgValue><ssdm name=""/></StgValue>
</bind>
</comp>

<comp id="78" class="1001" name="const_78">
<pin_list>
<pin id="79" dir="1" index="0" bw="1" slack="2147483647"/>
</pin_list>
<bind>
<StgValue><ssdm name="_ssdm_op_SpecBitsMap"/></StgValue>
</bind>
</comp>

<comp id="80" class="1001" name="const_80">
<pin_list>
<pin id="81" dir="1" index="0" bw="1" slack="0"/>
</pin_list>
<bind>
<StgValue><ssdm name=""/></StgValue>
</bind>
</comp>

<comp id="82" class="1001" name="const_82">
<pin_list>
<pin id="83" dir="1" index="0" bw="1" slack="0"/>
</pin_list>
<bind>
<StgValue><ssdm name=""/></StgValue>
</bind>
</comp>

<comp id="84" class="1001" name="const_84">
<pin_list>
<pin id="85" dir="1" index="0" bw="1" slack="0"/>
</pin_list>
<bind>
<StgValue><ssdm name="_ssdm_op_BitConcatenate.i6.i3.i3"/></StgValue>
</bind>
</comp>

<comp id="86" class="1001" name="const_86">
<pin_list>
<pin id="87" dir="1" index="0" bw="1" slack="0"/>
</pin_list>
<bind>
<StgValue><ssdm name=""/></StgValue>
</bind>
</comp>

<comp id="88" class="1001" name="const_88">
<pin_list>
<pin id="89" dir="1" index="0" bw="1" slack="0"/>
</pin_list>
<bind>
<StgValue><ssdm name=""/></StgValue>
</bind>
</comp>

<comp id="90" class="1001" name="const_90">
<pin_list>
<pin id="91" dir="1" index="0" bw="1" slack="0"/>
</pin_list>
<bind>
<StgValue><ssdm name=""/></StgValue>
</bind>
</comp>

<comp id="92" class="1001" name="const_92">
<pin_list>
<pin id="93" dir="1" index="0" bw="1" slack="0"/>
</pin_list>
<bind>
<StgValue><ssdm name="_ssdm_op_BitConcatenate.i16.i13.i3"/></StgValue>
</bind>
</comp>

<comp id="94" class="1001" name="const_94">
<pin_list>
<pin id="95" dir="1" index="0" bw="1" slack="0"/>
</pin_list>
<bind>
<StgValue><ssdm name=""/></StgValue>
</bind>
</comp>

<comp id="96" class="1001" name="const_96">
<pin_list>
<pin id="97" dir="1" index="0" bw="1" slack="0"/>
</pin_list>
<bind>
<StgValue><ssdm name=""/></StgValue>
</bind>
</comp>

<comp id="98" class="1001" name="const_98">
<pin_list>
<pin id="99" dir="1" index="0" bw="1" slack="0"/>
</pin_list>
<bind>
<StgValue><ssdm name="_ssdm_op_BitConcatenate.i34.i32.i2"/></StgValue>
</bind>
</comp>

<comp id="100" class="1001" name="const_100">
<pin_list>
<pin id="101" dir="1" index="0" bw="1" slack="0"/>
</pin_list>
<bind>
<StgValue><ssdm name=""/></StgValue>
</bind>
</comp>

<comp id="102" class="1001" name="const_102">
<pin_list>
<pin id="103" dir="1" index="0" bw="1" slack="0"/>
</pin_list>
<bind>
<StgValue><ssdm name="_ssdm_op_PartSelect.i62.i64.i32.i32"/></StgValue>
</bind>
</comp>

<comp id="104" class="1001" name="const_104">
<pin_list>
<pin id="105" dir="1" index="0" bw="1" slack="0"/>
</pin_list>
<bind>
<StgValue><ssdm name=""/></StgValue>
</bind>
</comp>

<comp id="106" class="1001" name="const_106">
<pin_list>
<pin id="107" dir="1" index="0" bw="1" slack="0"/>
</pin_list>
<bind>
<StgValue><ssdm name=""/></StgValue>
</bind>
</comp>

<comp id="108" class="1001" name="const_108">
<pin_list>
<pin id="109" dir="1" index="0" bw="1" slack="0"/>
</pin_list>
<bind>
<StgValue><ssdm name=""/></StgValue>
</bind>
</comp>

<comp id="110" class="1001" name="const_110">
<pin_list>
<pin id="111" dir="1" index="0" bw="1" slack="0"/>
</pin_list>
<bind>
<StgValue><ssdm name=""/></StgValue>
</bind>
</comp>

<comp id="112" class="1001" name="const_112">
<pin_list>
<pin id="113" dir="1" index="0" bw="1" slack="0"/>
</pin_list>
<bind>
<StgValue><ssdm name="_ssdm_op_WriteReq.m_axi.i32P1A"/></StgValue>
</bind>
</comp>

<comp id="114" class="1001" name="const_114">
<pin_list>
<pin id="115" dir="1" index="0" bw="1" slack="0"/>
</pin_list>
<bind>
<StgValue><ssdm name=""/></StgValue>
</bind>
</comp>

<comp id="116" class="1001" name="const_116">
<pin_list>
<pin id="117" dir="1" index="0" bw="1" slack="0"/>
</pin_list>
<bind>
<StgValue><ssdm name=""/></StgValue>
</bind>
</comp>

<comp id="118" class="1001" name="const_118">
<pin_list>
<pin id="119" dir="1" index="0" bw="1" slack="2147483647"/>
</pin_list>
<bind>
<StgValue><ssdm name="_ssdm_op_SpecPipeline"/></StgValue>
</bind>
</comp>

<comp id="120" class="1001" name="const_120">
<pin_list>
<pin id="121" dir="1" index="0" bw="1" slack="2147483647"/>
</pin_list>
<bind>
<StgValue><ssdm name="_ssdm_op_SpecLoopTripCount"/></StgValue>
</bind>
</comp>

<comp id="122" class="1001" name="const_122">
<pin_list>
<pin id="123" dir="1" index="0" bw="1" slack="2147483647"/>
</pin_list>
<bind>
<StgValue><ssdm name=""/></StgValue>
</bind>
</comp>

<comp id="124" class="1001" name="const_124">
<pin_list>
<pin id="125" dir="1" index="0" bw="1" slack="2147483647"/>
</pin_list>
<bind>
<StgValue><ssdm name="_ssdm_op_SpecLoopName"/></StgValue>
</bind>
</comp>

<comp id="126" class="1001" name="const_126">
<pin_list>
<pin id="127" dir="1" index="0" bw="1" slack="2147483647"/>
</pin_list>
<bind>
<StgValue><ssdm name="empty_18"/></StgValue>
</bind>
</comp>

<comp id="128" class="1001" name="const_128">
<pin_list>
<pin id="129" dir="1" index="0" bw="1" slack="0"/>
</pin_list>
<bind>
<StgValue><ssdm name="_ssdm_op_Write.m_axi.i32P1A"/></StgValue>
</bind>
</comp>

<comp id="130" class="1001" name="const_130">
<pin_list>
<pin id="131" dir="1" index="0" bw="1" slack="0"/>
</pin_list>
<bind>
<StgValue><ssdm name=""/></StgValue>
</bind>
</comp>

<comp id="132" class="1001" name="const_132">
<pin_list>
<pin id="133" dir="1" index="0" bw="1" slack="0"/>
</pin_list>
<bind>
<StgValue><ssdm name="_ssdm_op_WriteResp.m_axi.i32P1A"/></StgValue>
</bind>
</comp>

<comp id="134" class="1004" name="r_fu_134">
<pin_list>
<pin id="135" dir="0" index="0" bw="1" slack="0"/>
<pin id="136" dir="1" index="1" bw="4" slack="0"/>
</pin_list>
<bind>
<opcode="alloca(26) " fcode="alloca"/>
<opset="r/1 "/>
</bind>
</comp>

<comp id="138" class="1004" name="zext_ln382_read_read_fu_138">
<pin_list>
<pin id="139" dir="0" index="0" bw="16" slack="0"/>
<pin id="140" dir="0" index="1" bw="16" slack="0"/>
<pin id="141" dir="1" index="2" bw="16" slack="0"/>
</pin_list>
<bind>
<opcode="read(1150) " fcode="read"/>
<opset="zext_ln382_read/1 "/>
</bind>
</comp>

<comp id="144" class="1004" name="zext_ln391_5_read_read_fu_144">
<pin_list>
<pin id="145" dir="0" index="0" bw="16" slack="0"/>
<pin id="146" dir="0" index="1" bw="16" slack="0"/>
<pin id="147" dir="1" index="2" bw="16" slack="0"/>
</pin_list>
<bind>
<opcode="read(1150) " fcode="read"/>
<opset="zext_ln391_5_read/1 "/>
</bind>
</comp>

<comp id="150" class="1004" name="zext_ln391_4_read_read_fu_150">
<pin_list>
<pin id="151" dir="0" index="0" bw="16" slack="0"/>
<pin id="152" dir="0" index="1" bw="16" slack="0"/>
<pin id="153" dir="1" index="2" bw="16" slack="0"/>
</pin_list>
<bind>
<opcode="read(1150) " fcode="read"/>
<opset="zext_ln391_4_read/1 "/>
</bind>
</comp>

<comp id="156" class="1004" name="zext_ln391_3_read_read_fu_156">
<pin_list>
<pin id="157" dir="0" index="0" bw="16" slack="0"/>
<pin id="158" dir="0" index="1" bw="16" slack="0"/>
<pin id="159" dir="1" index="2" bw="16" slack="0"/>
</pin_list>
<bind>
<opcode="read(1150) " fcode="read"/>
<opset="zext_ln391_3_read/1 "/>
</bind>
</comp>

<comp id="162" class="1004" name="zext_ln391_2_read_read_fu_162">
<pin_list>
<pin id="163" dir="0" index="0" bw="16" slack="0"/>
<pin id="164" dir="0" index="1" bw="16" slack="0"/>
<pin id="165" dir="1" index="2" bw="16" slack="0"/>
</pin_list>
<bind>
<opcode="read(1150) " fcode="read"/>
<opset="zext_ln391_2_read/1 "/>
</bind>
</comp>

<comp id="168" class="1004" name="zext_ln391_1_read_read_fu_168">
<pin_list>
<pin id="169" dir="0" index="0" bw="16" slack="0"/>
<pin id="170" dir="0" index="1" bw="16" slack="0"/>
<pin id="171" dir="1" index="2" bw="16" slack="0"/>
</pin_list>
<bind>
<opcode="read(1150) " fcode="read"/>
<opset="zext_ln391_1_read/1 "/>
</bind>
</comp>

<comp id="174" class="1004" name="zext_ln391_read_read_fu_174">
<pin_list>
<pin id="175" dir="0" index="0" bw="16" slack="0"/>
<pin id="176" dir="0" index="1" bw="16" slack="0"/>
<pin id="177" dir="1" index="2" bw="16" slack="0"/>
</pin_list>
<bind>
<opcode="read(1150) " fcode="read"/>
<opset="zext_ln391_read/1 "/>
</bind>
</comp>

<comp id="180" class="1004" name="addr_c0_read_read_fu_180">
<pin_list>
<pin id="181" dir="0" index="0" bw="64" slack="0"/>
<pin id="182" dir="0" index="1" bw="64" slack="0"/>
<pin id="183" dir="1" index="2" bw="64" slack="1"/>
</pin_list>
<bind>
<opcode="read(1150) " fcode="read"/>
<opset="addr_c0_read/1 "/>
</bind>
</comp>

<comp id="186" class="1004" name="base_col_B_cast_read_read_fu_186">
<pin_list>
<pin id="187" dir="0" index="0" bw="16" slack="0"/>
<pin id="188" dir="0" index="1" bw="16" slack="0"/>
<pin id="189" dir="1" index="2" bw="16" slack="0"/>
</pin_list>
<bind>
<opcode="read(1150) " fcode="read"/>
<opset="base_col_B_cast_read/1 "/>
</bind>
</comp>

<comp id="192" class="1004" name="cmp124_read_read_fu_192">
<pin_list>
<pin id="193" dir="0" index="0" bw="1" slack="0"/>
<pin id="194" dir="0" index="1" bw="1" slack="0"/>
<pin id="195" dir="1" index="2" bw="1" slack="0"/>
</pin_list>
<bind>
<opcode="read(1150) " fcode="read"/>
<opset="cmp124_read/1 "/>
</bind>
</comp>

<comp id="198" class="1004" name="zext_ln309_read_read_fu_198">
<pin_list>
<pin id="199" dir="0" index="0" bw="16" slack="0"/>
<pin id="200" dir="0" index="1" bw="16" slack="0"/>
<pin id="201" dir="1" index="2" bw="16" slack="0"/>
</pin_list>
<bind>
<opcode="read(1150) " fcode="read"/>
<opset="zext_ln309_read/1 "/>
</bind>
</comp>

<comp id="204" class="1004" name="a0_p_read_read_fu_204">
<pin_list>
<pin id="205" dir="0" index="0" bw="16" slack="0"/>
<pin id="206" dir="0" index="1" bw="16" slack="0"/>
<pin id="207" dir="1" index="2" bw="16" slack="0"/>
</pin_list>
<bind>
<opcode="read(1150) " fcode="read"/>
<opset="a0_p_read/1 "/>
</bind>
</comp>

<comp id="210" class="1004" name="tmp_read_fu_210">
<pin_list>
<pin id="211" dir="0" index="0" bw="13" slack="0"/>
<pin id="212" dir="0" index="1" bw="13" slack="0"/>
<pin id="213" dir="1" index="2" bw="13" slack="0"/>
</pin_list>
<bind>
<opcode="read(1150) " fcode="read"/>
<opset="tmp/1 "/>
</bind>
</comp>

<comp id="216" class="1004" name="cmp124_1_read_read_fu_216">
<pin_list>
<pin id="217" dir="0" index="0" bw="1" slack="0"/>
<pin id="218" dir="0" index="1" bw="1" slack="0"/>
<pin id="219" dir="1" index="2" bw="1" slack="0"/>
</pin_list>
<bind>
<opcode="read(1150) " fcode="read"/>
<opset="cmp124_1_read/1 "/>
</bind>
</comp>

<comp id="222" class="1004" name="cmp124_2_read_read_fu_222">
<pin_list>
<pin id="223" dir="0" index="0" bw="1" slack="0"/>
<pin id="224" dir="0" index="1" bw="1" slack="0"/>
<pin id="225" dir="1" index="2" bw="1" slack="0"/>
</pin_list>
<bind>
<opcode="read(1150) " fcode="read"/>
<opset="cmp124_2_read/1 "/>
</bind>
</comp>

<comp id="228" class="1004" name="cmp124_3_read_read_fu_228">
<pin_list>
<pin id="229" dir="0" index="0" bw="1" slack="0"/>
<pin id="230" dir="0" index="1" bw="1" slack="0"/>
<pin id="231" dir="1" index="2" bw="1" slack="0"/>
</pin_list>
<bind>
<opcode="read(1150) " fcode="read"/>
<opset="cmp124_3_read/1 "/>
</bind>
</comp>

<comp id="234" class="1004" name="cmp124_4_read_read_fu_234">
<pin_list>
<pin id="235" dir="0" index="0" bw="1" slack="0"/>
<pin id="236" dir="0" index="1" bw="1" slack="0"/>
<pin id="237" dir="1" index="2" bw="1" slack="0"/>
</pin_list>
<bind>
<opcode="read(1150) " fcode="read"/>
<opset="cmp124_4_read/1 "/>
</bind>
</comp>

<comp id="240" class="1004" name="cmp124_5_read_read_fu_240">
<pin_list>
<pin id="241" dir="0" index="0" bw="1" slack="0"/>
<pin id="242" dir="0" index="1" bw="1" slack="0"/>
<pin id="243" dir="1" index="2" bw="1" slack="0"/>
</pin_list>
<bind>
<opcode="read(1150) " fcode="read"/>
<opset="cmp124_5_read/1 "/>
</bind>
</comp>

<comp id="246" class="1004" name="cmp124_6_read_read_fu_246">
<pin_list>
<pin id="247" dir="0" index="0" bw="1" slack="0"/>
<pin id="248" dir="0" index="1" bw="1" slack="0"/>
<pin id="249" dir="1" index="2" bw="1" slack="0"/>
</pin_list>
<bind>
<opcode="read(1150) " fcode="read"/>
<opset="cmp124_6_read/1 "/>
</bind>
</comp>

<comp id="252" class="1004" name="cmp124_7_read_read_fu_252">
<pin_list>
<pin id="253" dir="0" index="0" bw="1" slack="0"/>
<pin id="254" dir="0" index="1" bw="1" slack="0"/>
<pin id="255" dir="1" index="2" bw="1" slack="0"/>
</pin_list>
<bind>
<opcode="read(1150) " fcode="read"/>
<opset="cmp124_7_read/1 "/>
</bind>
</comp>

<comp id="258" class="1004" name="grp_writeresp_fu_258">
<pin_list>
<pin id="259" dir="0" index="0" bw="1" slack="0"/>
<pin id="260" dir="0" index="1" bw="32" slack="1"/>
<pin id="261" dir="0" index="2" bw="1" slack="0"/>
<pin id="262" dir="1" index="3" bw="1" slack="2147483647"/>
</pin_list>
<bind>
<opcode="writereq(1155) writeresp(1158) " fcode="writeresp"/>
<opset="ca_addr_req/3 ca_addr_resp/5 "/>
</bind>
</comp>

<comp id="265" class="1004" name="write_ln391_write_fu_265">
<pin_list>
<pin id="266" dir="0" index="0" bw="0" slack="0"/>
<pin id="267" dir="0" index="1" bw="32" slack="2"/>
<pin id="268" dir="0" index="2" bw="32" slack="2"/>
<pin id="269" dir="0" index="3" bw="1" slack="0"/>
<pin id="270" dir="1" index="4" bw="0" slack="2147483647"/>
</pin_list>
<bind>
<opcode="write(1151) " fcode="write"/>
<opset="write_ln391/4 "/>
</bind>
</comp>

<comp id="273" class="1004" name="grp_writeresp_fu_273">
<pin_list>
<pin id="274" dir="0" index="0" bw="1" slack="0"/>
<pin id="275" dir="0" index="1" bw="32" slack="1"/>
<pin id="276" dir="0" index="2" bw="1" slack="0"/>
<pin id="277" dir="1" index="3" bw="1" slack="2147483647"/>
</pin_list>
<bind>
<opcode="writereq(1155) writeresp(1158) " fcode="writeresp"/>
<opset="ca_addr_1_req/4 ca_addr_1_resp/6 "/>
</bind>
</comp>

<comp id="281" class="1004" name="write_ln391_write_fu_281">
<pin_list>
<pin id="282" dir="0" index="0" bw="0" slack="0"/>
<pin id="283" dir="0" index="1" bw="32" slack="2"/>
<pin id="284" dir="0" index="2" bw="32" slack="3"/>
<pin id="285" dir="0" index="3" bw="1" slack="0"/>
<pin id="286" dir="1" index="4" bw="0" slack="2147483647"/>
</pin_list>
<bind>
<opcode="write(1151) " fcode="write"/>
<opset="write_ln391/5 "/>
</bind>
</comp>

<comp id="289" class="1004" name="grp_writeresp_fu_289">
<pin_list>
<pin id="290" dir="0" index="0" bw="1" slack="0"/>
<pin id="291" dir="0" index="1" bw="32" slack="1"/>
<pin id="292" dir="0" index="2" bw="1" slack="0"/>
<pin id="293" dir="1" index="3" bw="1" slack="2147483647"/>
</pin_list>
<bind>
<opcode="writereq(1155) writeresp(1158) " fcode="writeresp"/>
<opset="ca_addr_2_req/5 ca_addr_2_resp/7 "/>
</bind>
</comp>

<comp id="297" class="1004" name="write_ln391_write_fu_297">
<pin_list>
<pin id="298" dir="0" index="0" bw="0" slack="0"/>
<pin id="299" dir="0" index="1" bw="32" slack="2"/>
<pin id="300" dir="0" index="2" bw="32" slack="3"/>
<pin id="301" dir="0" index="3" bw="1" slack="0"/>
<pin id="302" dir="1" index="4" bw="0" slack="2147483647"/>
</pin_list>
<bind>
<opcode="write(1151) " fcode="write"/>
<opset="write_ln391/6 "/>
</bind>
</comp>

<comp id="305" class="1004" name="grp_writeresp_fu_305">
<pin_list>
<pin id="306" dir="0" index="0" bw="1" slack="0"/>
<pin id="307" dir="0" index="1" bw="32" slack="1"/>
<pin id="308" dir="0" index="2" bw="1" slack="0"/>
<pin id="309" dir="1" index="3" bw="1" slack="2147483647"/>
</pin_list>
<bind>
<opcode="writereq(1155) writeresp(1158) " fcode="writeresp"/>
<opset="ca_addr_3_req/6 ca_addr_3_resp/8 "/>
</bind>
</comp>

<comp id="313" class="1004" name="write_ln391_write_fu_313">
<pin_list>
<pin id="314" dir="0" index="0" bw="0" slack="0"/>
<pin id="315" dir="0" index="1" bw="32" slack="2"/>
<pin id="316" dir="0" index="2" bw="32" slack="4"/>
<pin id="317" dir="0" index="3" bw="1" slack="0"/>
<pin id="318" dir="1" index="4" bw="0" slack="2147483647"/>
</pin_list>
<bind>
<opcode="write(1151) " fcode="write"/>
<opset="write_ln391/7 "/>
</bind>
</comp>

<comp id="321" class="1004" name="grp_writeresp_fu_321">
<pin_list>
<pin id="322" dir="0" index="0" bw="1" slack="0"/>
<pin id="323" dir="0" index="1" bw="32" slack="1"/>
<pin id="324" dir="0" index="2" bw="1" slack="0"/>
<pin id="325" dir="1" index="3" bw="1" slack="2147483647"/>
</pin_list>
<bind>
<opcode="writereq(1155) writeresp(1158) " fcode="writeresp"/>
<opset="ca_addr_4_req/7 ca_addr_4_resp/9 "/>
</bind>
</comp>

<comp id="329" class="1004" name="write_ln391_write_fu_329">
<pin_list>
<pin id="330" dir="0" index="0" bw="0" slack="0"/>
<pin id="331" dir="0" index="1" bw="32" slack="2"/>
<pin id="332" dir="0" index="2" bw="32" slack="4"/>
<pin id="333" dir="0" index="3" bw="1" slack="0"/>
<pin id="334" dir="1" index="4" bw="0" slack="2147483647"/>
</pin_list>
<bind>
<opcode="write(1151) " fcode="write"/>
<opset="write_ln391/8 "/>
</bind>
</comp>

<comp id="337" class="1004" name="grp_writeresp_fu_337">
<pin_list>
<pin id="338" dir="0" index="0" bw="1" slack="0"/>
<pin id="339" dir="0" index="1" bw="32" slack="2"/>
<pin id="340" dir="0" index="2" bw="1" slack="0"/>
<pin id="341" dir="1" index="3" bw="1" slack="2147483647"/>
</pin_list>
<bind>
<opcode="writereq(1155) writeresp(1158) " fcode="writeresp"/>
<opset="ca_addr_5_req/8 ca_addr_5_resp/10 "/>
</bind>
</comp>

<comp id="345" class="1004" name="write_ln391_write_fu_345">
<pin_list>
<pin id="346" dir="0" index="0" bw="0" slack="0"/>
<pin id="347" dir="0" index="1" bw="32" slack="3"/>
<pin id="348" dir="0" index="2" bw="32" slack="5"/>
<pin id="349" dir="0" index="3" bw="1" slack="0"/>
<pin id="350" dir="1" index="4" bw="0" slack="2147483647"/>
</pin_list>
<bind>
<opcode="write(1151) " fcode="write"/>
<opset="write_ln391/9 "/>
</bind>
</comp>

<comp id="353" class="1004" name="grp_writeresp_fu_353">
<pin_list>
<pin id="354" dir="0" index="0" bw="1" slack="0"/>
<pin id="355" dir="0" index="1" bw="32" slack="3"/>
<pin id="356" dir="0" index="2" bw="1" slack="0"/>
<pin id="357" dir="1" index="3" bw="1" slack="2147483647"/>
</pin_list>
<bind>
<opcode="writereq(1155) writeresp(1158) " fcode="writeresp"/>
<opset="ca_addr_6_req/9 ca_addr_6_resp/11 "/>
</bind>
</comp>

<comp id="361" class="1004" name="write_ln391_write_fu_361">
<pin_list>
<pin id="362" dir="0" index="0" bw="0" slack="0"/>
<pin id="363" dir="0" index="1" bw="32" slack="4"/>
<pin id="364" dir="0" index="2" bw="32" slack="5"/>
<pin id="365" dir="0" index="3" bw="1" slack="0"/>
<pin id="366" dir="1" index="4" bw="0" slack="2147483647"/>
</pin_list>
<bind>
<opcode="write(1151) " fcode="write"/>
<opset="write_ln391/10 "/>
</bind>
</comp>

<comp id="369" class="1004" name="grp_writeresp_fu_369">
<pin_list>
<pin id="370" dir="0" index="0" bw="1" slack="0"/>
<pin id="371" dir="0" index="1" bw="32" slack="4"/>
<pin id="372" dir="0" index="2" bw="1" slack="0"/>
<pin id="373" dir="1" index="3" bw="1" slack="2147483647"/>
</pin_list>
<bind>
<opcode="writereq(1155) writeresp(1158) " fcode="writeresp"/>
<opset="ca_addr_7_req/10 ca_addr_7_resp/12 "/>
</bind>
</comp>

<comp id="377" class="1004" name="write_ln391_write_fu_377">
<pin_list>
<pin id="378" dir="0" index="0" bw="0" slack="0"/>
<pin id="379" dir="0" index="1" bw="32" slack="5"/>
<pin id="380" dir="0" index="2" bw="32" slack="6"/>
<pin id="381" dir="0" index="3" bw="1" slack="0"/>
<pin id="382" dir="1" index="4" bw="0" slack="2147483647"/>
</pin_list>
<bind>
<opcode="write(1151) " fcode="write"/>
<opset="write_ln391/11 "/>
</bind>
</comp>

<comp id="386" class="1004" name="c_tile_acc_addr_gep_fu_386">
<pin_list>
<pin id="387" dir="0" index="0" bw="32" slack="0"/>
<pin id="388" dir="0" index="1" bw="1" slack="0"/>
<pin id="389" dir="0" index="2" bw="6" slack="0"/>
<pin id="390" dir="1" index="3" bw="6" slack="0"/>
</pin_list>
<bind>
<opcode="getelementptr(29) " fcode="getelementptr"/>
<opset="c_tile_acc_addr/1 "/>
</bind>
</comp>

<comp id="393" class="1004" name="c_tile_acc_addr_1_gep_fu_393">
<pin_list>
<pin id="394" dir="0" index="0" bw="32" slack="0"/>
<pin id="395" dir="0" index="1" bw="1" slack="0"/>
<pin id="396" dir="0" index="2" bw="6" slack="0"/>
<pin id="397" dir="1" index="3" bw="6" slack="0"/>
</pin_list>
<bind>
<opcode="getelementptr(29) " fcode="getelementptr"/>
<opset="c_tile_acc_addr_1/1 "/>
</bind>
</comp>

<comp id="400" class="1004" name="grp_access_fu_400">
<pin_list>
<pin id="401" dir="0" index="0" bw="6" slack="0"/>
<pin id="402" dir="0" index="1" bw="32" slack="2147483647"/>
<pin id="403" dir="0" index="2" bw="0" slack="0"/>
<pin id="405" dir="0" index="4" bw="6" slack="2147483647"/>
<pin id="406" dir="0" index="5" bw="32" slack="2147483647"/>
<pin id="407" dir="0" index="6" bw="0" slack="2147483647"/>
<pin id="404" dir="1" index="3" bw="32" slack="3"/>
<pin id="408" dir="1" index="7" bw="32" slack="2"/>
</pin_list>
<bind>
<opcode="load(27) " fcode="load"/>
<opset="c_tile_acc_load/1 c_tile_acc_load_1/1 c_tile_acc_load_2/2 c_tile_acc_load_3/2 c_tile_acc_load_4/3 c_tile_acc_load_5/3 c_tile_acc_load_6/4 c_tile_acc_load_7/4 "/>
</bind>
</comp>

<comp id="411" class="1004" name="c_tile_acc_addr_2_gep_fu_411">
<pin_list>
<pin id="412" dir="0" index="0" bw="32" slack="0"/>
<pin id="413" dir="0" index="1" bw="1" slack="0"/>
<pin id="414" dir="0" index="2" bw="6" slack="0"/>
<pin id="415" dir="1" index="3" bw="6" slack="0"/>
</pin_list>
<bind>
<opcode="getelementptr(29) " fcode="getelementptr"/>
<opset="c_tile_acc_addr_2/2 "/>
</bind>
</comp>

<comp id="418" class="1004" name="c_tile_acc_addr_3_gep_fu_418">
<pin_list>
<pin id="419" dir="0" index="0" bw="32" slack="0"/>
<pin id="420" dir="0" index="1" bw="1" slack="0"/>
<pin id="421" dir="0" index="2" bw="6" slack="0"/>
<pin id="422" dir="1" index="3" bw="6" slack="0"/>
</pin_list>
<bind>
<opcode="getelementptr(29) " fcode="getelementptr"/>
<opset="c_tile_acc_addr_3/2 "/>
</bind>
</comp>

<comp id="427" class="1004" name="c_tile_acc_addr_4_gep_fu_427">
<pin_list>
<pin id="428" dir="0" index="0" bw="32" slack="0"/>
<pin id="429" dir="0" index="1" bw="1" slack="0"/>
<pin id="430" dir="0" index="2" bw="6" slack="0"/>
<pin id="431" dir="1" index="3" bw="6" slack="0"/>
</pin_list>
<bind>
<opcode="getelementptr(29) " fcode="getelementptr"/>
<opset="c_tile_acc_addr_4/3 "/>
</bind>
</comp>

<comp id="434" class="1004" name="c_tile_acc_addr_5_gep_fu_434">
<pin_list>
<pin id="435" dir="0" index="0" bw="32" slack="0"/>
<pin id="436" dir="0" index="1" bw="1" slack="0"/>
<pin id="437" dir="0" index="2" bw="6" slack="0"/>
<pin id="438" dir="1" index="3" bw="6" slack="0"/>
</pin_list>
<bind>
<opcode="getelementptr(29) " fcode="getelementptr"/>
<opset="c_tile_acc_addr_5/3 "/>
</bind>
</comp>

<comp id="443" class="1004" name="c_tile_acc_addr_6_gep_fu_443">
<pin_list>
<pin id="444" dir="0" index="0" bw="32" slack="0"/>
<pin id="445" dir="0" index="1" bw="1" slack="0"/>
<pin id="446" dir="0" index="2" bw="6" slack="0"/>
<pin id="447" dir="1" index="3" bw="6" slack="0"/>
</pin_list>
<bind>
<opcode="getelementptr(29) " fcode="getelementptr"/>
<opset="c_tile_acc_addr_6/4 "/>
</bind>
</comp>

<comp id="450" class="1004" name="c_tile_acc_addr_7_gep_fu_450">
<pin_list>
<pin id="451" dir="0" index="0" bw="32" slack="0"/>
<pin id="452" dir="0" index="1" bw="1" slack="0"/>
<pin id="453" dir="0" index="2" bw="6" slack="0"/>
<pin id="454" dir="1" index="3" bw="6" slack="0"/>
</pin_list>
<bind>
<opcode="getelementptr(29) " fcode="getelementptr"/>
<opset="c_tile_acc_addr_7/4 "/>
</bind>
</comp>

<comp id="459" class="1005" name="reg_459">
<pin_list>
<pin id="460" dir="0" index="0" bw="32" slack="2"/>
<pin id="461" dir="1" index="1" bw="32" slack="2"/>
</pin_list>
<bind>
<opset="c_tile_acc_load c_tile_acc_load_4 "/>
</bind>
</comp>

<comp id="465" class="1005" name="reg_465">
<pin_list>
<pin id="466" dir="0" index="0" bw="32" slack="3"/>
<pin id="467" dir="1" index="1" bw="32" slack="3"/>
</pin_list>
<bind>
<opset="c_tile_acc_load_1 c_tile_acc_load_6 "/>
</bind>
</comp>

<comp id="472" class="1004" name="zext_ln382_cast_fu_472">
<pin_list>
<pin id="473" dir="0" index="0" bw="16" slack="0"/>
<pin id="474" dir="1" index="1" bw="32" slack="5"/>
</pin_list>
<bind>
<opcode="zext(34) " fcode="zext"/>
<opset="zext_ln382_cast/1 "/>
</bind>
</comp>

<comp id="476" class="1004" name="zext_ln391_5_cast_fu_476">
<pin_list>
<pin id="477" dir="0" index="0" bw="16" slack="0"/>
<pin id="478" dir="1" index="1" bw="32" slack="5"/>
</pin_list>
<bind>
<opcode="zext(34) " fcode="zext"/>
<opset="zext_ln391_5_cast/1 "/>
</bind>
</comp>

<comp id="480" class="1004" name="zext_ln391_4_cast_fu_480">
<pin_list>
<pin id="481" dir="0" index="0" bw="16" slack="0"/>
<pin id="482" dir="1" index="1" bw="32" slack="5"/>
</pin_list>
<bind>
<opcode="zext(34) " fcode="zext"/>
<opset="zext_ln391_4_cast/1 "/>
</bind>
</comp>

<comp id="484" class="1004" name="zext_ln391_3_cast_fu_484">
<pin_list>
<pin id="485" dir="0" index="0" bw="16" slack="0"/>
<pin id="486" dir="1" index="1" bw="32" slack="5"/>
</pin_list>
<bind>
<opcode="zext(34) " fcode="zext"/>
<opset="zext_ln391_3_cast/1 "/>
</bind>
</comp>

<comp id="488" class="1004" name="zext_ln391_2_cast_fu_488">
<pin_list>
<pin id="489" dir="0" index="0" bw="16" slack="0"/>
<pin id="490" dir="1" index="1" bw="32" slack="4"/>
</pin_list>
<bind>
<opcode="zext(34) " fcode="zext"/>
<opset="zext_ln391_2_cast/1 "/>
</bind>
</comp>

<comp id="492" class="1004" name="zext_ln391_1_cast_fu_492">
<pin_list>
<pin id="493" dir="0" index="0" bw="16" slack="0"/>
<pin id="494" dir="1" index="1" bw="32" slack="3"/>
</pin_list>
<bind>
<opcode="zext(34) " fcode="zext"/>
<opset="zext_ln391_1_cast/1 "/>
</bind>
</comp>

<comp id="496" class="1004" name="zext_ln391_cast_fu_496">
<pin_list>
<pin id="497" dir="0" index="0" bw="16" slack="0"/>
<pin id="498" dir="1" index="1" bw="32" slack="2"/>
</pin_list>
<bind>
<opcode="zext(34) " fcode="zext"/>
<opset="zext_ln391_cast/1 "/>
</bind>
</comp>

<comp id="500" class="1004" name="base_col_B_cast_cast_fu_500">
<pin_list>
<pin id="501" dir="0" index="0" bw="16" slack="0"/>
<pin id="502" dir="1" index="1" bw="32" slack="1"/>
</pin_list>
<bind>
<opcode="zext(34) " fcode="zext"/>
<opset="base_col_B_cast_cast/1 "/>
</bind>
</comp>

<comp id="504" class="1004" name="zext_ln309_cast_fu_504">
<pin_list>
<pin id="505" dir="0" index="0" bw="16" slack="0"/>
<pin id="506" dir="1" index="1" bw="32" slack="0"/>
</pin_list>
<bind>
<opcode="zext(34) " fcode="zext"/>
<opset="zext_ln309_cast/1 "/>
</bind>
</comp>

<comp id="508" class="1004" name="store_ln382_store_fu_508">
<pin_list>
<pin id="509" dir="0" index="0" bw="1" slack="0"/>
<pin id="510" dir="0" index="1" bw="4" slack="0"/>
<pin id="511" dir="1" index="2" bw="0" slack="2147483647"/>
</pin_list>
<bind>
<opcode="store(28) " fcode="store"/>
<opset="store_ln382/1 "/>
</bind>
</comp>

<comp id="513" class="1004" name="r_1_load_fu_513">
<pin_list>
<pin id="514" dir="0" index="0" bw="4" slack="0"/>
<pin id="515" dir="1" index="1" bw="4" slack="0"/>
</pin_list>
<bind>
<opcode="load(27) " fcode="load"/>
<opset="r_1/1 "/>
</bind>
</comp>

<comp id="516" class="1004" name="empty_30_fu_516">
<pin_list>
<pin id="517" dir="0" index="0" bw="4" slack="0"/>
<pin id="518" dir="1" index="1" bw="3" slack="0"/>
</pin_list>
<bind>
<opcode="trunc(33) " fcode="trunc"/>
<opset="empty_30/1 "/>
</bind>
</comp>

<comp id="520" class="1004" name="icmp_ln382_fu_520">
<pin_list>
<pin id="521" dir="0" index="0" bw="4" slack="0"/>
<pin id="522" dir="0" index="1" bw="4" slack="0"/>
<pin id="523" dir="1" index="2" bw="1" slack="1"/>
</pin_list>
<bind>
<opcode="icmp(45) " fcode="icmp"/>
<opset="icmp_ln382/1 "/>
</bind>
</comp>

<comp id="526" class="1004" name="add_ln382_fu_526">
<pin_list>
<pin id="527" dir="0" index="0" bw="4" slack="0"/>
<pin id="528" dir="0" index="1" bw="1" slack="0"/>
<pin id="529" dir="1" index="2" bw="4" slack="0"/>
</pin_list>
<bind>
<opcode="add(8) " fcode="add"/>
<opset="add_ln382/1 "/>
</bind>
</comp>

<comp id="532" class="1004" name="tmp_2_fu_532">
<pin_list>
<pin id="533" dir="0" index="0" bw="6" slack="0"/>
<pin id="534" dir="0" index="1" bw="3" slack="0"/>
<pin id="535" dir="0" index="2" bw="1" slack="0"/>
<pin id="536" dir="1" index="3" bw="6" slack="0"/>
</pin_list>
<bind>
<opcode="bitconcatenate(1004) " fcode="bitconcatenate"/>
<opset="tmp_2/1 "/>
</bind>
</comp>

<comp id="540" class="1004" name="zext_ln391_6_fu_540">
<pin_list>
<pin id="541" dir="0" index="0" bw="6" slack="0"/>
<pin id="542" dir="1" index="1" bw="64" slack="0"/>
</pin_list>
<bind>
<opcode="zext(34) " fcode="zext"/>
<opset="zext_ln391_6/1 "/>
</bind>
</comp>

<comp id="545" class="1004" name="or_ln391_fu_545">
<pin_list>
<pin id="546" dir="0" index="0" bw="6" slack="0"/>
<pin id="547" dir="0" index="1" bw="6" slack="0"/>
<pin id="548" dir="1" index="2" bw="6" slack="0"/>
</pin_list>
<bind>
<opcode="or(24) " fcode="or"/>
<opset="or_ln391/1 "/>
</bind>
</comp>

<comp id="551" class="1004" name="zext_ln391_15_fu_551">
<pin_list>
<pin id="552" dir="0" index="0" bw="6" slack="0"/>
<pin id="553" dir="1" index="1" bw="64" slack="0"/>
</pin_list>
<bind>
<opcode="zext(34) " fcode="zext"/>
<opset="zext_ln391_15/1 "/>
</bind>
</comp>

<comp id="556" class="1004" name="global_row_fu_556">
<pin_list>
<pin id="557" dir="0" index="0" bw="16" slack="0"/>
<pin id="558" dir="0" index="1" bw="13" slack="0"/>
<pin id="559" dir="0" index="2" bw="3" slack="0"/>
<pin id="560" dir="1" index="3" bw="16" slack="0"/>
</pin_list>
<bind>
<opcode="bitconcatenate(1004) " fcode="bitconcatenate"/>
<opset="global_row/1 "/>
</bind>
</comp>

<comp id="564" class="1004" name="cmp121_fu_564">
<pin_list>
<pin id="565" dir="0" index="0" bw="16" slack="0"/>
<pin id="566" dir="0" index="1" bw="16" slack="0"/>
<pin id="567" dir="1" index="2" bw="1" slack="0"/>
</pin_list>
<bind>
<opcode="icmp(45) " fcode="icmp"/>
<opset="cmp121/1 "/>
</bind>
</comp>

<comp id="570" class="1004" name="conv129_fu_570">
<pin_list>
<pin id="571" dir="0" index="0" bw="16" slack="0"/>
<pin id="572" dir="1" index="1" bw="32" slack="0"/>
</pin_list>
<bind>
<opcode="zext(34) " fcode="zext"/>
<opset="conv129/1 "/>
</bind>
</comp>

<comp id="574" class="1004" name="mul131_fu_574">
<pin_list>
<pin id="575" dir="0" index="0" bw="16" slack="0"/>
<pin id="576" dir="0" index="1" bw="16" slack="0"/>
<pin id="577" dir="1" index="2" bw="32" slack="1"/>
</pin_list>
<bind>
<opcode="mul(12) " fcode="mul"/>
<opset="mul131/1 "/>
</bind>
</comp>

<comp id="580" class="1004" name="and_ln390_fu_580">
<pin_list>
<pin id="581" dir="0" index="0" bw="1" slack="0"/>
<pin id="582" dir="0" index="1" bw="1" slack="0"/>
<pin id="583" dir="1" index="2" bw="1" slack="1"/>
</pin_list>
<bind>
<opcode="and(23) " fcode="and"/>
<opset="and_ln390/1 "/>
</bind>
</comp>

<comp id="586" class="1004" name="and_ln390_1_fu_586">
<pin_list>
<pin id="587" dir="0" index="0" bw="1" slack="0"/>
<pin id="588" dir="0" index="1" bw="1" slack="0"/>
<pin id="589" dir="1" index="2" bw="1" slack="1"/>
</pin_list>
<bind>
<opcode="and(23) " fcode="and"/>
<opset="and_ln390_1/1 "/>
</bind>
</comp>

<comp id="592" class="1004" name="and_ln390_2_fu_592">
<pin_list>
<pin id="593" dir="0" index="0" bw="1" slack="0"/>
<pin id="594" dir="0" index="1" bw="1" slack="0"/>
<pin id="595" dir="1" index="2" bw="1" slack="1"/>
</pin_list>
<bind>
<opcode="and(23) " fcode="and"/>
<opset="and_ln390_2/1 "/>
</bind>
</comp>

<comp id="598" class="1004" name="and_ln390_3_fu_598">
<pin_list>
<pin id="599" dir="0" index="0" bw="1" slack="0"/>
<pin id="600" dir="0" index="1" bw="1" slack="0"/>
<pin id="601" dir="1" index="2" bw="1" slack="1"/>
</pin_list>
<bind>
<opcode="and(23) " fcode="and"/>
<opset="and_ln390_3/1 "/>
</bind>
</comp>

<comp id="604" class="1004" name="and_ln390_4_fu_604">
<pin_list>
<pin id="605" dir="0" index="0" bw="1" slack="0"/>
<pin id="606" dir="0" index="1" bw="1" slack="0"/>
<pin id="607" dir="1" index="2" bw="1" slack="2"/>
</pin_list>
<bind>
<opcode="and(23) " fcode="and"/>
<opset="and_ln390_4/1 "/>
</bind>
</comp>

<comp id="610" class="1004" name="and_ln390_5_fu_610">
<pin_list>
<pin id="611" dir="0" index="0" bw="1" slack="0"/>
<pin id="612" dir="0" index="1" bw="1" slack="0"/>
<pin id="613" dir="1" index="2" bw="1" slack="2"/>
</pin_list>
<bind>
<opcode="and(23) " fcode="and"/>
<opset="and_ln390_5/1 "/>
</bind>
</comp>

<comp id="616" class="1004" name="and_ln390_6_fu_616">
<pin_list>
<pin id="617" dir="0" index="0" bw="1" slack="0"/>
<pin id="618" dir="0" index="1" bw="1" slack="0"/>
<pin id="619" dir="1" index="2" bw="1" slack="3"/>
</pin_list>
<bind>
<opcode="and(23) " fcode="and"/>
<opset="and_ln390_6/1 "/>
</bind>
</comp>

<comp id="622" class="1004" name="and_ln390_7_fu_622">
<pin_list>
<pin id="623" dir="0" index="0" bw="1" slack="0"/>
<pin id="624" dir="0" index="1" bw="1" slack="0"/>
<pin id="625" dir="1" index="2" bw="1" slack="3"/>
</pin_list>
<bind>
<opcode="and(23) " fcode="and"/>
<opset="and_ln390_7/1 "/>
</bind>
</comp>

<comp id="628" class="1004" name="store_ln382_store_fu_628">
<pin_list>
<pin id="629" dir="0" index="0" bw="4" slack="0"/>
<pin id="630" dir="0" index="1" bw="4" slack="0"/>
<pin id="631" dir="1" index="2" bw="0" slack="2147483647"/>
</pin_list>
<bind>
<opcode="store(28) " fcode="store"/>
<opset="store_ln382/1 "/>
</bind>
</comp>

<comp id="633" class="1004" name="or_ln391_1_fu_633">
<pin_list>
<pin id="634" dir="0" index="0" bw="6" slack="1"/>
<pin id="635" dir="0" index="1" bw="6" slack="0"/>
<pin id="636" dir="1" index="2" bw="6" slack="0"/>
</pin_list>
<bind>
<opcode="or(24) " fcode="or"/>
<opset="or_ln391_1/2 "/>
</bind>
</comp>

<comp id="638" class="1004" name="zext_ln391_16_fu_638">
<pin_list>
<pin id="639" dir="0" index="0" bw="6" slack="0"/>
<pin id="640" dir="1" index="1" bw="64" slack="0"/>
</pin_list>
<bind>
<opcode="zext(34) " fcode="zext"/>
<opset="zext_ln391_16/2 "/>
</bind>
</comp>

<comp id="643" class="1004" name="or_ln391_2_fu_643">
<pin_list>
<pin id="644" dir="0" index="0" bw="6" slack="1"/>
<pin id="645" dir="0" index="1" bw="6" slack="0"/>
<pin id="646" dir="1" index="2" bw="6" slack="0"/>
</pin_list>
<bind>
<opcode="or(24) " fcode="or"/>
<opset="or_ln391_2/2 "/>
</bind>
</comp>

<comp id="648" class="1004" name="zext_ln391_17_fu_648">
<pin_list>
<pin id="649" dir="0" index="0" bw="6" slack="0"/>
<pin id="650" dir="1" index="1" bw="64" slack="0"/>
</pin_list>
<bind>
<opcode="zext(34) " fcode="zext"/>
<opset="zext_ln391_17/2 "/>
</bind>
</comp>

<comp id="653" class="1004" name="add_ln391_fu_653">
<pin_list>
<pin id="654" dir="0" index="0" bw="32" slack="1"/>
<pin id="655" dir="0" index="1" bw="16" slack="1"/>
<pin id="656" dir="1" index="2" bw="32" slack="0"/>
</pin_list>
<bind>
<opcode="add(8) " fcode="add"/>
<opset="add_ln391/2 "/>
</bind>
</comp>

<comp id="657" class="1004" name="shl_ln1_fu_657">
<pin_list>
<pin id="658" dir="0" index="0" bw="34" slack="0"/>
<pin id="659" dir="0" index="1" bw="32" slack="0"/>
<pin id="660" dir="0" index="2" bw="1" slack="0"/>
<pin id="661" dir="1" index="3" bw="34" slack="0"/>
</pin_list>
<bind>
<opcode="bitconcatenate(1004) " fcode="bitconcatenate"/>
<opset="shl_ln1/2 "/>
</bind>
</comp>

<comp id="665" class="1004" name="zext_ln391_7_fu_665">
<pin_list>
<pin id="666" dir="0" index="0" bw="34" slack="0"/>
<pin id="667" dir="1" index="1" bw="64" slack="0"/>
</pin_list>
<bind>
<opcode="zext(34) " fcode="zext"/>
<opset="zext_ln391_7/2 "/>
</bind>
</comp>

<comp id="669" class="1004" name="add_ln391_1_fu_669">
<pin_list>
<pin id="670" dir="0" index="0" bw="34" slack="0"/>
<pin id="671" dir="0" index="1" bw="64" slack="1"/>
<pin id="672" dir="1" index="2" bw="64" slack="0"/>
</pin_list>
<bind>
<opcode="add(8) " fcode="add"/>
<opset="add_ln391_1/2 "/>
</bind>
</comp>

<comp id="674" class="1004" name="trunc_ln3_fu_674">
<pin_list>
<pin id="675" dir="0" index="0" bw="62" slack="0"/>
<pin id="676" dir="0" index="1" bw="64" slack="0"/>
<pin id="677" dir="0" index="2" bw="3" slack="0"/>
<pin id="678" dir="0" index="3" bw="7" slack="0"/>
<pin id="679" dir="1" index="4" bw="62" slack="0"/>
</pin_list>
<bind>
<opcode="partselect(1002) " fcode="partselect"/>
<opset="trunc_ln3/2 "/>
</bind>
</comp>

<comp id="684" class="1004" name="sext_ln391_fu_684">
<pin_list>
<pin id="685" dir="0" index="0" bw="62" slack="0"/>
<pin id="686" dir="1" index="1" bw="64" slack="0"/>
</pin_list>
<bind>
<opcode="sext(35) " fcode="sext"/>
<opset="sext_ln391/2 "/>
</bind>
</comp>

<comp id="688" class="1004" name="ca_addr_fu_688">
<pin_list>
<pin id="689" dir="0" index="0" bw="64" slack="0"/>
<pin id="690" dir="0" index="1" bw="64" slack="0"/>
<pin id="691" dir="1" index="2" bw="64" slack="1"/>
</pin_list>
<bind>
<opcode="getelementptr(29) " fcode="getelementptr"/>
<opset="ca_addr/2 "/>
</bind>
</comp>

<comp id="694" class="1004" name="or_ln391_3_fu_694">
<pin_list>
<pin id="695" dir="0" index="0" bw="6" slack="2"/>
<pin id="696" dir="0" index="1" bw="6" slack="0"/>
<pin id="697" dir="1" index="2" bw="6" slack="0"/>
</pin_list>
<bind>
<opcode="or(24) " fcode="or"/>
<opset="or_ln391_3/3 "/>
</bind>
</comp>

<comp id="699" class="1004" name="zext_ln391_18_fu_699">
<pin_list>
<pin id="700" dir="0" index="0" bw="6" slack="0"/>
<pin id="701" dir="1" index="1" bw="64" slack="0"/>
</pin_list>
<bind>
<opcode="zext(34) " fcode="zext"/>
<opset="zext_ln391_18/3 "/>
</bind>
</comp>

<comp id="704" class="1004" name="or_ln391_4_fu_704">
<pin_list>
<pin id="705" dir="0" index="0" bw="6" slack="2"/>
<pin id="706" dir="0" index="1" bw="6" slack="0"/>
<pin id="707" dir="1" index="2" bw="6" slack="0"/>
</pin_list>
<bind>
<opcode="or(24) " fcode="or"/>
<opset="or_ln391_4/3 "/>
</bind>
</comp>

<comp id="709" class="1004" name="zext_ln391_19_fu_709">
<pin_list>
<pin id="710" dir="0" index="0" bw="6" slack="0"/>
<pin id="711" dir="1" index="1" bw="64" slack="0"/>
</pin_list>
<bind>
<opcode="zext(34) " fcode="zext"/>
<opset="zext_ln391_19/3 "/>
</bind>
</comp>

<comp id="714" class="1004" name="add_ln391_2_fu_714">
<pin_list>
<pin id="715" dir="0" index="0" bw="32" slack="2"/>
<pin id="716" dir="0" index="1" bw="16" slack="2"/>
<pin id="717" dir="1" index="2" bw="32" slack="0"/>
</pin_list>
<bind>
<opcode="add(8) " fcode="add"/>
<opset="add_ln391_2/3 "/>
</bind>
</comp>

<comp id="718" class="1004" name="shl_ln391_1_fu_718">
<pin_list>
<pin id="719" dir="0" index="0" bw="34" slack="0"/>
<pin id="720" dir="0" index="1" bw="32" slack="0"/>
<pin id="721" dir="0" index="2" bw="1" slack="0"/>
<pin id="722" dir="1" index="3" bw="34" slack="0"/>
</pin_list>
<bind>
<opcode="bitconcatenate(1004) " fcode="bitconcatenate"/>
<opset="shl_ln391_1/3 "/>
</bind>
</comp>

<comp id="726" class="1004" name="zext_ln391_8_fu_726">
<pin_list>
<pin id="727" dir="0" index="0" bw="34" slack="0"/>
<pin id="728" dir="1" index="1" bw="64" slack="0"/>
</pin_list>
<bind>
<opcode="zext(34) " fcode="zext"/>
<opset="zext_ln391_8/3 "/>
</bind>
</comp>

<comp id="730" class="1004" name="add_ln391_3_fu_730">
<pin_list>
<pin id="731" dir="0" index="0" bw="34" slack="0"/>
<pin id="732" dir="0" index="1" bw="64" slack="2"/>
<pin id="733" dir="1" index="2" bw="64" slack="0"/>
</pin_list>
<bind>
<opcode="add(8) " fcode="add"/>
<opset="add_ln391_3/3 "/>
</bind>
</comp>

<comp id="735" class="1004" name="trunc_ln391_1_fu_735">
<pin_list>
<pin id="736" dir="0" index="0" bw="62" slack="0"/>
<pin id="737" dir="0" index="1" bw="64" slack="0"/>
<pin id="738" dir="0" index="2" bw="3" slack="0"/>
<pin id="739" dir="0" index="3" bw="7" slack="0"/>
<pin id="740" dir="1" index="4" bw="62" slack="0"/>
</pin_list>
<bind>
<opcode="partselect(1002) " fcode="partselect"/>
<opset="trunc_ln391_1/3 "/>
</bind>
</comp>

<comp id="745" class="1004" name="sext_ln391_1_fu_745">
<pin_list>
<pin id="746" dir="0" index="0" bw="62" slack="0"/>
<pin id="747" dir="1" index="1" bw="64" slack="0"/>
</pin_list>
<bind>
<opcode="sext(35) " fcode="sext"/>
<opset="sext_ln391_1/3 "/>
</bind>
</comp>

<comp id="749" class="1004" name="ca_addr_1_fu_749">
<pin_list>
<pin id="750" dir="0" index="0" bw="64" slack="0"/>
<pin id="751" dir="0" index="1" bw="64" slack="0"/>
<pin id="752" dir="1" index="2" bw="64" slack="1"/>
</pin_list>
<bind>
<opcode="getelementptr(29) " fcode="getelementptr"/>
<opset="ca_addr_1/3 "/>
</bind>
</comp>

<comp id="755" class="1004" name="or_ln391_5_fu_755">
<pin_list>
<pin id="756" dir="0" index="0" bw="6" slack="3"/>
<pin id="757" dir="0" index="1" bw="6" slack="0"/>
<pin id="758" dir="1" index="2" bw="6" slack="0"/>
</pin_list>
<bind>
<opcode="or(24) " fcode="or"/>
<opset="or_ln391_5/4 "/>
</bind>
</comp>

<comp id="760" class="1004" name="zext_ln391_20_fu_760">
<pin_list>
<pin id="761" dir="0" index="0" bw="6" slack="0"/>
<pin id="762" dir="1" index="1" bw="64" slack="0"/>
</pin_list>
<bind>
<opcode="zext(34) " fcode="zext"/>
<opset="zext_ln391_20/4 "/>
</bind>
</comp>

<comp id="765" class="1004" name="or_ln391_6_fu_765">
<pin_list>
<pin id="766" dir="0" index="0" bw="6" slack="3"/>
<pin id="767" dir="0" index="1" bw="6" slack="0"/>
<pin id="768" dir="1" index="2" bw="6" slack="0"/>
</pin_list>
<bind>
<opcode="or(24) " fcode="or"/>
<opset="or_ln391_6/4 "/>
</bind>
</comp>

<comp id="770" class="1004" name="zext_ln391_21_fu_770">
<pin_list>
<pin id="771" dir="0" index="0" bw="6" slack="0"/>
<pin id="772" dir="1" index="1" bw="64" slack="0"/>
</pin_list>
<bind>
<opcode="zext(34) " fcode="zext"/>
<opset="zext_ln391_21/4 "/>
</bind>
</comp>

<comp id="775" class="1004" name="add_ln391_4_fu_775">
<pin_list>
<pin id="776" dir="0" index="0" bw="32" slack="3"/>
<pin id="777" dir="0" index="1" bw="16" slack="3"/>
<pin id="778" dir="1" index="2" bw="32" slack="0"/>
</pin_list>
<bind>
<opcode="add(8) " fcode="add"/>
<opset="add_ln391_4/4 "/>
</bind>
</comp>

<comp id="779" class="1004" name="shl_ln391_2_fu_779">
<pin_list>
<pin id="780" dir="0" index="0" bw="34" slack="0"/>
<pin id="781" dir="0" index="1" bw="32" slack="0"/>
<pin id="782" dir="0" index="2" bw="1" slack="0"/>
<pin id="783" dir="1" index="3" bw="34" slack="0"/>
</pin_list>
<bind>
<opcode="bitconcatenate(1004) " fcode="bitconcatenate"/>
<opset="shl_ln391_2/4 "/>
</bind>
</comp>

<comp id="787" class="1004" name="zext_ln391_9_fu_787">
<pin_list>
<pin id="788" dir="0" index="0" bw="34" slack="0"/>
<pin id="789" dir="1" index="1" bw="64" slack="0"/>
</pin_list>
<bind>
<opcode="zext(34) " fcode="zext"/>
<opset="zext_ln391_9/4 "/>
</bind>
</comp>

<comp id="791" class="1004" name="add_ln391_5_fu_791">
<pin_list>
<pin id="792" dir="0" index="0" bw="34" slack="0"/>
<pin id="793" dir="0" index="1" bw="64" slack="3"/>
<pin id="794" dir="1" index="2" bw="64" slack="0"/>
</pin_list>
<bind>
<opcode="add(8) " fcode="add"/>
<opset="add_ln391_5/4 "/>
</bind>
</comp>

<comp id="796" class="1004" name="trunc_ln391_2_fu_796">
<pin_list>
<pin id="797" dir="0" index="0" bw="62" slack="0"/>
<pin id="798" dir="0" index="1" bw="64" slack="0"/>
<pin id="799" dir="0" index="2" bw="3" slack="0"/>
<pin id="800" dir="0" index="3" bw="7" slack="0"/>
<pin id="801" dir="1" index="4" bw="62" slack="0"/>
</pin_list>
<bind>
<opcode="partselect(1002) " fcode="partselect"/>
<opset="trunc_ln391_2/4 "/>
</bind>
</comp>

<comp id="806" class="1004" name="sext_ln391_2_fu_806">
<pin_list>
<pin id="807" dir="0" index="0" bw="62" slack="0"/>
<pin id="808" dir="1" index="1" bw="64" slack="0"/>
</pin_list>
<bind>
<opcode="sext(35) " fcode="sext"/>
<opset="sext_ln391_2/4 "/>
</bind>
</comp>

<comp id="810" class="1004" name="ca_addr_2_fu_810">
<pin_list>
<pin id="811" dir="0" index="0" bw="64" slack="0"/>
<pin id="812" dir="0" index="1" bw="64" slack="0"/>
<pin id="813" dir="1" index="2" bw="64" slack="1"/>
</pin_list>
<bind>
<opcode="getelementptr(29) " fcode="getelementptr"/>
<opset="ca_addr_2/4 "/>
</bind>
</comp>

<comp id="816" class="1004" name="add_ln391_6_fu_816">
<pin_list>
<pin id="817" dir="0" index="0" bw="32" slack="4"/>
<pin id="818" dir="0" index="1" bw="16" slack="4"/>
<pin id="819" dir="1" index="2" bw="32" slack="0"/>
</pin_list>
<bind>
<opcode="add(8) " fcode="add"/>
<opset="add_ln391_6/5 "/>
</bind>
</comp>

<comp id="820" class="1004" name="shl_ln391_3_fu_820">
<pin_list>
<pin id="821" dir="0" index="0" bw="34" slack="0"/>
<pin id="822" dir="0" index="1" bw="32" slack="0"/>
<pin id="823" dir="0" index="2" bw="1" slack="0"/>
<pin id="824" dir="1" index="3" bw="34" slack="0"/>
</pin_list>
<bind>
<opcode="bitconcatenate(1004) " fcode="bitconcatenate"/>
<opset="shl_ln391_3/5 "/>
</bind>
</comp>

<comp id="828" class="1004" name="zext_ln391_10_fu_828">
<pin_list>
<pin id="829" dir="0" index="0" bw="34" slack="0"/>
<pin id="830" dir="1" index="1" bw="64" slack="0"/>
</pin_list>
<bind>
<opcode="zext(34) " fcode="zext"/>
<opset="zext_ln391_10/5 "/>
</bind>
</comp>

<comp id="832" class="1004" name="add_ln391_7_fu_832">
<pin_list>
<pin id="833" dir="0" index="0" bw="34" slack="0"/>
<pin id="834" dir="0" index="1" bw="64" slack="4"/>
<pin id="835" dir="1" index="2" bw="64" slack="0"/>
</pin_list>
<bind>
<opcode="add(8) " fcode="add"/>
<opset="add_ln391_7/5 "/>
</bind>
</comp>

<comp id="837" class="1004" name="trunc_ln391_3_fu_837">
<pin_list>
<pin id="838" dir="0" index="0" bw="62" slack="0"/>
<pin id="839" dir="0" index="1" bw="64" slack="0"/>
<pin id="840" dir="0" index="2" bw="3" slack="0"/>
<pin id="841" dir="0" index="3" bw="7" slack="0"/>
<pin id="842" dir="1" index="4" bw="62" slack="0"/>
</pin_list>
<bind>
<opcode="partselect(1002) " fcode="partselect"/>
<opset="trunc_ln391_3/5 "/>
</bind>
</comp>

<comp id="847" class="1004" name="sext_ln391_3_fu_847">
<pin_list>
<pin id="848" dir="0" index="0" bw="62" slack="0"/>
<pin id="849" dir="1" index="1" bw="64" slack="0"/>
</pin_list>
<bind>
<opcode="sext(35) " fcode="sext"/>
<opset="sext_ln391_3/5 "/>
</bind>
</comp>

<comp id="851" class="1004" name="ca_addr_3_fu_851">
<pin_list>
<pin id="852" dir="0" index="0" bw="64" slack="0"/>
<pin id="853" dir="0" index="1" bw="64" slack="0"/>
<pin id="854" dir="1" index="2" bw="64" slack="1"/>
</pin_list>
<bind>
<opcode="getelementptr(29) " fcode="getelementptr"/>
<opset="ca_addr_3/5 "/>
</bind>
</comp>

<comp id="857" class="1004" name="add_ln391_8_fu_857">
<pin_list>
<pin id="858" dir="0" index="0" bw="32" slack="5"/>
<pin id="859" dir="0" index="1" bw="16" slack="5"/>
<pin id="860" dir="1" index="2" bw="32" slack="0"/>
</pin_list>
<bind>
<opcode="add(8) " fcode="add"/>
<opset="add_ln391_8/6 "/>
</bind>
</comp>

<comp id="861" class="1004" name="shl_ln391_4_fu_861">
<pin_list>
<pin id="862" dir="0" index="0" bw="34" slack="0"/>
<pin id="863" dir="0" index="1" bw="32" slack="0"/>
<pin id="864" dir="0" index="2" bw="1" slack="0"/>
<pin id="865" dir="1" index="3" bw="34" slack="0"/>
</pin_list>
<bind>
<opcode="bitconcatenate(1004) " fcode="bitconcatenate"/>
<opset="shl_ln391_4/6 "/>
</bind>
</comp>

<comp id="869" class="1004" name="zext_ln391_11_fu_869">
<pin_list>
<pin id="870" dir="0" index="0" bw="34" slack="0"/>
<pin id="871" dir="1" index="1" bw="64" slack="0"/>
</pin_list>
<bind>
<opcode="zext(34) " fcode="zext"/>
<opset="zext_ln391_11/6 "/>
</bind>
</comp>

<comp id="873" class="1004" name="add_ln391_9_fu_873">
<pin_list>
<pin id="874" dir="0" index="0" bw="34" slack="0"/>
<pin id="875" dir="0" index="1" bw="64" slack="5"/>
<pin id="876" dir="1" index="2" bw="64" slack="0"/>
</pin_list>
<bind>
<opcode="add(8) " fcode="add"/>
<opset="add_ln391_9/6 "/>
</bind>
</comp>

<comp id="878" class="1004" name="trunc_ln391_4_fu_878">
<pin_list>
<pin id="879" dir="0" index="0" bw="62" slack="0"/>
<pin id="880" dir="0" index="1" bw="64" slack="0"/>
<pin id="881" dir="0" index="2" bw="3" slack="0"/>
<pin id="882" dir="0" index="3" bw="7" slack="0"/>
<pin id="883" dir="1" index="4" bw="62" slack="0"/>
</pin_list>
<bind>
<opcode="partselect(1002) " fcode="partselect"/>
<opset="trunc_ln391_4/6 "/>
</bind>
</comp>

<comp id="888" class="1004" name="sext_ln391_4_fu_888">
<pin_list>
<pin id="889" dir="0" index="0" bw="62" slack="0"/>
<pin id="890" dir="1" index="1" bw="64" slack="0"/>
</pin_list>
<bind>
<opcode="sext(35) " fcode="sext"/>
<opset="sext_ln391_4/6 "/>
</bind>
</comp>

<comp id="892" class="1004" name="ca_addr_4_fu_892">
<pin_list>
<pin id="893" dir="0" index="0" bw="64" slack="0"/>
<pin id="894" dir="0" index="1" bw="64" slack="0"/>
<pin id="895" dir="1" index="2" bw="64" slack="1"/>
</pin_list>
<bind>
<opcode="getelementptr(29) " fcode="getelementptr"/>
<opset="ca_addr_4/6 "/>
</bind>
</comp>

<comp id="898" class="1004" name="add_ln391_10_fu_898">
<pin_list>
<pin id="899" dir="0" index="0" bw="32" slack="5"/>
<pin id="900" dir="0" index="1" bw="16" slack="5"/>
<pin id="901" dir="1" index="2" bw="32" slack="0"/>
</pin_list>
<bind>
<opcode="add(8) " fcode="add"/>
<opset="add_ln391_10/6 "/>
</bind>
</comp>

<comp id="902" class="1004" name="shl_ln391_5_fu_902">
<pin_list>
<pin id="903" dir="0" index="0" bw="34" slack="0"/>
<pin id="904" dir="0" index="1" bw="32" slack="0"/>
<pin id="905" dir="0" index="2" bw="1" slack="0"/>
<pin id="906" dir="1" index="3" bw="34" slack="0"/>
</pin_list>
<bind>
<opcode="bitconcatenate(1004) " fcode="bitconcatenate"/>
<opset="shl_ln391_5/6 "/>
</bind>
</comp>

<comp id="910" class="1004" name="zext_ln391_12_fu_910">
<pin_list>
<pin id="911" dir="0" index="0" bw="34" slack="0"/>
<pin id="912" dir="1" index="1" bw="64" slack="0"/>
</pin_list>
<bind>
<opcode="zext(34) " fcode="zext"/>
<opset="zext_ln391_12/6 "/>
</bind>
</comp>

<comp id="914" class="1004" name="add_ln391_11_fu_914">
<pin_list>
<pin id="915" dir="0" index="0" bw="34" slack="0"/>
<pin id="916" dir="0" index="1" bw="64" slack="5"/>
<pin id="917" dir="1" index="2" bw="64" slack="0"/>
</pin_list>
<bind>
<opcode="add(8) " fcode="add"/>
<opset="add_ln391_11/6 "/>
</bind>
</comp>

<comp id="919" class="1004" name="trunc_ln391_5_fu_919">
<pin_list>
<pin id="920" dir="0" index="0" bw="62" slack="0"/>
<pin id="921" dir="0" index="1" bw="64" slack="0"/>
<pin id="922" dir="0" index="2" bw="3" slack="0"/>
<pin id="923" dir="0" index="3" bw="7" slack="0"/>
<pin id="924" dir="1" index="4" bw="62" slack="0"/>
</pin_list>
<bind>
<opcode="partselect(1002) " fcode="partselect"/>
<opset="trunc_ln391_5/6 "/>
</bind>
</comp>

<comp id="929" class="1004" name="sext_ln391_5_fu_929">
<pin_list>
<pin id="930" dir="0" index="0" bw="62" slack="0"/>
<pin id="931" dir="1" index="1" bw="64" slack="0"/>
</pin_list>
<bind>
<opcode="sext(35) " fcode="sext"/>
<opset="sext_ln391_5/6 "/>
</bind>
</comp>

<comp id="933" class="1004" name="ca_addr_5_fu_933">
<pin_list>
<pin id="934" dir="0" index="0" bw="64" slack="0"/>
<pin id="935" dir="0" index="1" bw="64" slack="0"/>
<pin id="936" dir="1" index="2" bw="64" slack="2"/>
</pin_list>
<bind>
<opcode="getelementptr(29) " fcode="getelementptr"/>
<opset="ca_addr_5/6 "/>
</bind>
</comp>

<comp id="939" class="1004" name="add_ln391_12_fu_939">
<pin_list>
<pin id="940" dir="0" index="0" bw="32" slack="5"/>
<pin id="941" dir="0" index="1" bw="16" slack="5"/>
<pin id="942" dir="1" index="2" bw="32" slack="0"/>
</pin_list>
<bind>
<opcode="add(8) " fcode="add"/>
<opset="add_ln391_12/6 "/>
</bind>
</comp>

<comp id="943" class="1004" name="shl_ln391_6_fu_943">
<pin_list>
<pin id="944" dir="0" index="0" bw="34" slack="0"/>
<pin id="945" dir="0" index="1" bw="32" slack="0"/>
<pin id="946" dir="0" index="2" bw="1" slack="0"/>
<pin id="947" dir="1" index="3" bw="34" slack="0"/>
</pin_list>
<bind>
<opcode="bitconcatenate(1004) " fcode="bitconcatenate"/>
<opset="shl_ln391_6/6 "/>
</bind>
</comp>

<comp id="951" class="1004" name="zext_ln391_13_fu_951">
<pin_list>
<pin id="952" dir="0" index="0" bw="34" slack="0"/>
<pin id="953" dir="1" index="1" bw="64" slack="0"/>
</pin_list>
<bind>
<opcode="zext(34) " fcode="zext"/>
<opset="zext_ln391_13/6 "/>
</bind>
</comp>

<comp id="955" class="1004" name="add_ln391_13_fu_955">
<pin_list>
<pin id="956" dir="0" index="0" bw="34" slack="0"/>
<pin id="957" dir="0" index="1" bw="64" slack="5"/>
<pin id="958" dir="1" index="2" bw="64" slack="0"/>
</pin_list>
<bind>
<opcode="add(8) " fcode="add"/>
<opset="add_ln391_13/6 "/>
</bind>
</comp>

<comp id="960" class="1004" name="trunc_ln391_6_fu_960">
<pin_list>
<pin id="961" dir="0" index="0" bw="62" slack="0"/>
<pin id="962" dir="0" index="1" bw="64" slack="0"/>
<pin id="963" dir="0" index="2" bw="3" slack="0"/>
<pin id="964" dir="0" index="3" bw="7" slack="0"/>
<pin id="965" dir="1" index="4" bw="62" slack="0"/>
</pin_list>
<bind>
<opcode="partselect(1002) " fcode="partselect"/>
<opset="trunc_ln391_6/6 "/>
</bind>
</comp>

<comp id="970" class="1004" name="sext_ln391_6_fu_970">
<pin_list>
<pin id="971" dir="0" index="0" bw="62" slack="0"/>
<pin id="972" dir="1" index="1" bw="64" slack="0"/>
</pin_list>
<bind>
<opcode="sext(35) " fcode="sext"/>
<opset="sext_ln391_6/6 "/>
</bind>
</comp>

<comp id="974" class="1004" name="ca_addr_6_fu_974">
<pin_list>
<pin id="975" dir="0" index="0" bw="64" slack="0"/>
<pin id="976" dir="0" index="1" bw="64" slack="0"/>
<pin id="977" dir="1" index="2" bw="64" slack="3"/>
</pin_list>
<bind>
<opcode="getelementptr(29) " fcode="getelementptr"/>
<opset="ca_addr_6/6 "/>
</bind>
</comp>

<comp id="980" class="1004" name="add_ln391_14_fu_980">
<pin_list>
<pin id="981" dir="0" index="0" bw="32" slack="5"/>
<pin id="982" dir="0" index="1" bw="16" slack="5"/>
<pin id="983" dir="1" index="2" bw="32" slack="0"/>
</pin_list>
<bind>
<opcode="add(8) " fcode="add"/>
<opset="add_ln391_14/6 "/>
</bind>
</comp>

<comp id="984" class="1004" name="shl_ln391_7_fu_984">
<pin_list>
<pin id="985" dir="0" index="0" bw="34" slack="0"/>
<pin id="986" dir="0" index="1" bw="32" slack="0"/>
<pin id="987" dir="0" index="2" bw="1" slack="0"/>
<pin id="988" dir="1" index="3" bw="34" slack="0"/>
</pin_list>
<bind>
<opcode="bitconcatenate(1004) " fcode="bitconcatenate"/>
<opset="shl_ln391_7/6 "/>
</bind>
</comp>

<comp id="992" class="1004" name="zext_ln391_14_fu_992">
<pin_list>
<pin id="993" dir="0" index="0" bw="34" slack="0"/>
<pin id="994" dir="1" index="1" bw="64" slack="0"/>
</pin_list>
<bind>
<opcode="zext(34) " fcode="zext"/>
<opset="zext_ln391_14/6 "/>
</bind>
</comp>

<comp id="996" class="1004" name="add_ln391_15_fu_996">
<pin_list>
<pin id="997" dir="0" index="0" bw="34" slack="0"/>
<pin id="998" dir="0" index="1" bw="64" slack="5"/>
<pin id="999" dir="1" index="2" bw="64" slack="0"/>
</pin_list>
<bind>
<opcode="add(8) " fcode="add"/>
<opset="add_ln391_15/6 "/>
</bind>
</comp>

<comp id="1001" class="1004" name="trunc_ln391_7_fu_1001">
<pin_list>
<pin id="1002" dir="0" index="0" bw="62" slack="0"/>
<pin id="1003" dir="0" index="1" bw="64" slack="0"/>
<pin id="1004" dir="0" index="2" bw="3" slack="0"/>
<pin id="1005" dir="0" index="3" bw="7" slack="0"/>
<pin id="1006" dir="1" index="4" bw="62" slack="0"/>
</pin_list>
<bind>
<opcode="partselect(1002) " fcode="partselect"/>
<opset="trunc_ln391_7/6 "/>
</bind>
</comp>

<comp id="1011" class="1004" name="sext_ln391_7_fu_1011">
<pin_list>
<pin id="1012" dir="0" index="0" bw="62" slack="0"/>
<pin id="1013" dir="1" index="1" bw="64" slack="0"/>
</pin_list>
<bind>
<opcode="sext(35) " fcode="sext"/>
<opset="sext_ln391_7/6 "/>
</bind>
</comp>

<comp id="1015" class="1004" name="ca_addr_7_fu_1015">
<pin_list>
<pin id="1016" dir="0" index="0" bw="64" slack="0"/>
<pin id="1017" dir="0" index="1" bw="64" slack="0"/>
<pin id="1018" dir="1" index="2" bw="64" slack="4"/>
</pin_list>
<bind>
<opcode="getelementptr(29) " fcode="getelementptr"/>
<opset="ca_addr_7/6 "/>
</bind>
</comp>

<comp id="1021" class="1005" name="r_reg_1021">
<pin_list>
<pin id="1022" dir="0" index="0" bw="4" slack="0"/>
<pin id="1023" dir="1" index="1" bw="4" slack="0"/>
</pin_list>
<bind>
<opset="r "/>
</bind>
</comp>

<comp id="1028" class="1005" name="addr_c0_read_reg_1028">
<pin_list>
<pin id="1029" dir="0" index="0" bw="64" slack="1"/>
<pin id="1030" dir="1" index="1" bw="64" slack="1"/>
</pin_list>
<bind>
<opset="addr_c0_read "/>
</bind>
</comp>

<comp id="1040" class="1005" name="zext_ln382_cast_reg_1040">
<pin_list>
<pin id="1041" dir="0" index="0" bw="32" slack="5"/>
<pin id="1042" dir="1" index="1" bw="32" slack="5"/>
</pin_list>
<bind>
<opset="zext_ln382_cast "/>
</bind>
</comp>

<comp id="1045" class="1005" name="zext_ln391_5_cast_reg_1045">
<pin_list>
<pin id="1046" dir="0" index="0" bw="32" slack="5"/>
<pin id="1047" dir="1" index="1" bw="32" slack="5"/>
</pin_list>
<bind>
<opset="zext_ln391_5_cast "/>
</bind>
</comp>

<comp id="1050" class="1005" name="zext_ln391_4_cast_reg_1050">
<pin_list>
<pin id="1051" dir="0" index="0" bw="32" slack="5"/>
<pin id="1052" dir="1" index="1" bw="32" slack="5"/>
</pin_list>
<bind>
<opset="zext_ln391_4_cast "/>
</bind>
</comp>

<comp id="1055" class="1005" name="zext_ln391_3_cast_reg_1055">
<pin_list>
<pin id="1056" dir="0" index="0" bw="32" slack="5"/>
<pin id="1057" dir="1" index="1" bw="32" slack="5"/>
</pin_list>
<bind>
<opset="zext_ln391_3_cast "/>
</bind>
</comp>

<comp id="1060" class="1005" name="zext_ln391_2_cast_reg_1060">
<pin_list>
<pin id="1061" dir="0" index="0" bw="32" slack="4"/>
<pin id="1062" dir="1" index="1" bw="32" slack="4"/>
</pin_list>
<bind>
<opset="zext_ln391_2_cast "/>
</bind>
</comp>

<comp id="1065" class="1005" name="zext_ln391_1_cast_reg_1065">
<pin_list>
<pin id="1066" dir="0" index="0" bw="32" slack="3"/>
<pin id="1067" dir="1" index="1" bw="32" slack="3"/>
</pin_list>
<bind>
<opset="zext_ln391_1_cast "/>
</bind>
</comp>

<comp id="1070" class="1005" name="zext_ln391_cast_reg_1070">
<pin_list>
<pin id="1071" dir="0" index="0" bw="32" slack="2"/>
<pin id="1072" dir="1" index="1" bw="32" slack="2"/>
</pin_list>
<bind>
<opset="zext_ln391_cast "/>
</bind>
</comp>

<comp id="1075" class="1005" name="base_col_B_cast_cast_reg_1075">
<pin_list>
<pin id="1076" dir="0" index="0" bw="32" slack="1"/>
<pin id="1077" dir="1" index="1" bw="32" slack="1"/>
</pin_list>
<bind>
<opset="base_col_B_cast_cast "/>
</bind>
</comp>

<comp id="1080" class="1005" name="icmp_ln382_reg_1080">
<pin_list>
<pin id="1081" dir="0" index="0" bw="1" slack="1"/>
<pin id="1082" dir="1" index="1" bw="1" slack="2147483647"/>
</pin_list>
<bind>
<opset="icmp_ln382 "/>
</bind>
</comp>

<comp id="1084" class="1005" name="tmp_2_reg_1084">
<pin_list>
<pin id="1085" dir="0" index="0" bw="6" slack="1"/>
<pin id="1086" dir="1" index="1" bw="6" slack="1"/>
</pin_list>
<bind>
<opset="tmp_2 "/>
</bind>
</comp>

<comp id="1094" class="1005" name="c_tile_acc_addr_reg_1094">
<pin_list>
<pin id="1095" dir="0" index="0" bw="6" slack="1"/>
<pin id="1096" dir="1" index="1" bw="6" slack="1"/>
</pin_list>
<bind>
<opset="c_tile_acc_addr "/>
</bind>
</comp>

<comp id="1099" class="1005" name="c_tile_acc_addr_1_reg_1099">
<pin_list>
<pin id="1100" dir="0" index="0" bw="6" slack="1"/>
<pin id="1101" dir="1" index="1" bw="6" slack="1"/>
</pin_list>
<bind>
<opset="c_tile_acc_addr_1 "/>
</bind>
</comp>

<comp id="1104" class="1005" name="mul131_reg_1104">
<pin_list>
<pin id="1105" dir="0" index="0" bw="32" slack="1"/>
<pin id="1106" dir="1" index="1" bw="32" slack="1"/>
</pin_list>
<bind>
<opset="mul131 "/>
</bind>
</comp>

<comp id="1116" class="1005" name="and_ln390_reg_1116">
<pin_list>
<pin id="1117" dir="0" index="0" bw="1" slack="1"/>
<pin id="1118" dir="1" index="1" bw="1" slack="2147483647"/>
</pin_list>
<bind>
<opset="and_ln390 "/>
</bind>
</comp>

<comp id="1120" class="1005" name="and_ln390_1_reg_1120">
<pin_list>
<pin id="1121" dir="0" index="0" bw="1" slack="1"/>
<pin id="1122" dir="1" index="1" bw="1" slack="2147483647"/>
</pin_list>
<bind>
<opset="and_ln390_1 "/>
</bind>
</comp>

<comp id="1124" class="1005" name="and_ln390_2_reg_1124">
<pin_list>
<pin id="1125" dir="0" index="0" bw="1" slack="1"/>
<pin id="1126" dir="1" index="1" bw="1" slack="2147483647"/>
</pin_list>
<bind>
<opset="and_ln390_2 "/>
</bind>
</comp>

<comp id="1128" class="1005" name="and_ln390_3_reg_1128">
<pin_list>
<pin id="1129" dir="0" index="0" bw="1" slack="1"/>
<pin id="1130" dir="1" index="1" bw="1" slack="2147483647"/>
</pin_list>
<bind>
<opset="and_ln390_3 "/>
</bind>
</comp>

<comp id="1132" class="1005" name="and_ln390_4_reg_1132">
<pin_list>
<pin id="1133" dir="0" index="0" bw="1" slack="2"/>
<pin id="1134" dir="1" index="1" bw="1" slack="2147483647"/>
</pin_list>
<bind>
<opset="and_ln390_4 "/>
</bind>
</comp>

<comp id="1136" class="1005" name="and_ln390_5_reg_1136">
<pin_list>
<pin id="1137" dir="0" index="0" bw="1" slack="2"/>
<pin id="1138" dir="1" index="1" bw="1" slack="2147483647"/>
</pin_list>
<bind>
<opset="and_ln390_5 "/>
</bind>
</comp>

<comp id="1140" class="1005" name="and_ln390_6_reg_1140">
<pin_list>
<pin id="1141" dir="0" index="0" bw="1" slack="3"/>
<pin id="1142" dir="1" index="1" bw="1" slack="2147483647"/>
</pin_list>
<bind>
<opset="and_ln390_6 "/>
</bind>
</comp>

<comp id="1144" class="1005" name="and_ln390_7_reg_1144">
<pin_list>
<pin id="1145" dir="0" index="0" bw="1" slack="3"/>
<pin id="1146" dir="1" index="1" bw="1" slack="2147483647"/>
</pin_list>
<bind>
<opset="and_ln390_7 "/>
</bind>
</comp>

<comp id="1148" class="1005" name="c_tile_acc_addr_2_reg_1148">
<pin_list>
<pin id="1149" dir="0" index="0" bw="6" slack="1"/>
<pin id="1150" dir="1" index="1" bw="6" slack="1"/>
</pin_list>
<bind>
<opset="c_tile_acc_addr_2 "/>
</bind>
</comp>

<comp id="1153" class="1005" name="c_tile_acc_addr_3_reg_1153">
<pin_list>
<pin id="1154" dir="0" index="0" bw="6" slack="1"/>
<pin id="1155" dir="1" index="1" bw="6" slack="1"/>
</pin_list>
<bind>
<opset="c_tile_acc_addr_3 "/>
</bind>
</comp>

<comp id="1158" class="1005" name="ca_addr_reg_1158">
<pin_list>
<pin id="1159" dir="0" index="0" bw="32" slack="1"/>
<pin id="1160" dir="1" index="1" bw="32" slack="1"/>
</pin_list>
<bind>
<opset="ca_addr "/>
</bind>
</comp>

<comp id="1164" class="1005" name="c_tile_acc_addr_4_reg_1164">
<pin_list>
<pin id="1165" dir="0" index="0" bw="6" slack="1"/>
<pin id="1166" dir="1" index="1" bw="6" slack="1"/>
</pin_list>
<bind>
<opset="c_tile_acc_addr_4 "/>
</bind>
</comp>

<comp id="1169" class="1005" name="c_tile_acc_addr_5_reg_1169">
<pin_list>
<pin id="1170" dir="0" index="0" bw="6" slack="1"/>
<pin id="1171" dir="1" index="1" bw="6" slack="1"/>
</pin_list>
<bind>
<opset="c_tile_acc_addr_5 "/>
</bind>
</comp>

<comp id="1174" class="1005" name="ca_addr_1_reg_1174">
<pin_list>
<pin id="1175" dir="0" index="0" bw="32" slack="1"/>
<pin id="1176" dir="1" index="1" bw="32" slack="1"/>
</pin_list>
<bind>
<opset="ca_addr_1 "/>
</bind>
</comp>

<comp id="1180" class="1005" name="c_tile_acc_load_2_reg_1180">
<pin_list>
<pin id="1181" dir="0" index="0" bw="32" slack="3"/>
<pin id="1182" dir="1" index="1" bw="32" slack="3"/>
</pin_list>
<bind>
<opset="c_tile_acc_load_2 "/>
</bind>
</comp>

<comp id="1185" class="1005" name="c_tile_acc_load_3_reg_1185">
<pin_list>
<pin id="1186" dir="0" index="0" bw="32" slack="4"/>
<pin id="1187" dir="1" index="1" bw="32" slack="4"/>
</pin_list>
<bind>
<opset="c_tile_acc_load_3 "/>
</bind>
</comp>

<comp id="1190" class="1005" name="c_tile_acc_addr_6_reg_1190">
<pin_list>
<pin id="1191" dir="0" index="0" bw="6" slack="1"/>
<pin id="1192" dir="1" index="1" bw="6" slack="1"/>
</pin_list>
<bind>
<opset="c_tile_acc_addr_6 "/>
</bind>
</comp>

<comp id="1195" class="1005" name="c_tile_acc_addr_7_reg_1195">
<pin_list>
<pin id="1196" dir="0" index="0" bw="6" slack="1"/>
<pin id="1197" dir="1" index="1" bw="6" slack="1"/>
</pin_list>
<bind>
<opset="c_tile_acc_addr_7 "/>
</bind>
</comp>

<comp id="1200" class="1005" name="ca_addr_2_reg_1200">
<pin_list>
<pin id="1201" dir="0" index="0" bw="32" slack="1"/>
<pin id="1202" dir="1" index="1" bw="32" slack="1"/>
</pin_list>
<bind>
<opset="ca_addr_2 "/>
</bind>
</comp>

<comp id="1206" class="1005" name="c_tile_acc_load_5_reg_1206">
<pin_list>
<pin id="1207" dir="0" index="0" bw="32" slack="5"/>
<pin id="1208" dir="1" index="1" bw="32" slack="5"/>
</pin_list>
<bind>
<opset="c_tile_acc_load_5 "/>
</bind>
</comp>

<comp id="1211" class="1005" name="ca_addr_3_reg_1211">
<pin_list>
<pin id="1212" dir="0" index="0" bw="32" slack="1"/>
<pin id="1213" dir="1" index="1" bw="32" slack="1"/>
</pin_list>
<bind>
<opset="ca_addr_3 "/>
</bind>
</comp>

<comp id="1217" class="1005" name="c_tile_acc_load_7_reg_1217">
<pin_list>
<pin id="1218" dir="0" index="0" bw="32" slack="6"/>
<pin id="1219" dir="1" index="1" bw="32" slack="6"/>
</pin_list>
<bind>
<opset="c_tile_acc_load_7 "/>
</bind>
</comp>

<comp id="1222" class="1005" name="ca_addr_4_reg_1222">
<pin_list>
<pin id="1223" dir="0" index="0" bw="32" slack="1"/>
<pin id="1224" dir="1" index="1" bw="32" slack="1"/>
</pin_list>
<bind>
<opset="ca_addr_4 "/>
</bind>
</comp>

<comp id="1228" class="1005" name="ca_addr_5_reg_1228">
<pin_list>
<pin id="1229" dir="0" index="0" bw="32" slack="2"/>
<pin id="1230" dir="1" index="1" bw="32" slack="2"/>
</pin_list>
<bind>
<opset="ca_addr_5 "/>
</bind>
</comp>

<comp id="1234" class="1005" name="ca_addr_6_reg_1234">
<pin_list>
<pin id="1235" dir="0" index="0" bw="32" slack="3"/>
<pin id="1236" dir="1" index="1" bw="32" slack="3"/>
</pin_list>
<bind>
<opset="ca_addr_6 "/>
</bind>
</comp>

<comp id="1240" class="1005" name="ca_addr_7_reg_1240">
<pin_list>
<pin id="1241" dir="0" index="0" bw="32" slack="4"/>
<pin id="1242" dir="1" index="1" bw="32" slack="4"/>
</pin_list>
<bind>
<opset="ca_addr_7 "/>
</bind>
</comp>

</comp_list>

<net_list>
<net id="137"><net_src comp="44" pin="0"/><net_sink comp="134" pin=0"/></net>

<net id="142"><net_src comp="46" pin="0"/><net_sink comp="138" pin=0"/></net>

<net id="143"><net_src comp="42" pin="0"/><net_sink comp="138" pin=1"/></net>

<net id="148"><net_src comp="46" pin="0"/><net_sink comp="144" pin=0"/></net>

<net id="149"><net_src comp="40" pin="0"/><net_sink comp="144" pin=1"/></net>

<net id="154"><net_src comp="46" pin="0"/><net_sink comp="150" pin=0"/></net>

<net id="155"><net_src comp="38" pin="0"/><net_sink comp="150" pin=1"/></net>

<net id="160"><net_src comp="46" pin="0"/><net_sink comp="156" pin=0"/></net>

<net id="161"><net_src comp="36" pin="0"/><net_sink comp="156" pin=1"/></net>

<net id="166"><net_src comp="46" pin="0"/><net_sink comp="162" pin=0"/></net>

<net id="167"><net_src comp="34" pin="0"/><net_sink comp="162" pin=1"/></net>

<net id="172"><net_src comp="46" pin="0"/><net_sink comp="168" pin=0"/></net>

<net id="173"><net_src comp="32" pin="0"/><net_sink comp="168" pin=1"/></net>

<net id="178"><net_src comp="46" pin="0"/><net_sink comp="174" pin=0"/></net>

<net id="179"><net_src comp="30" pin="0"/><net_sink comp="174" pin=1"/></net>

<net id="184"><net_src comp="48" pin="0"/><net_sink comp="180" pin=0"/></net>

<net id="185"><net_src comp="28" pin="0"/><net_sink comp="180" pin=1"/></net>

<net id="190"><net_src comp="46" pin="0"/><net_sink comp="186" pin=0"/></net>

<net id="191"><net_src comp="26" pin="0"/><net_sink comp="186" pin=1"/></net>

<net id="196"><net_src comp="50" pin="0"/><net_sink comp="192" pin=0"/></net>

<net id="197"><net_src comp="24" pin="0"/><net_sink comp="192" pin=1"/></net>

<net id="202"><net_src comp="46" pin="0"/><net_sink comp="198" pin=0"/></net>

<net id="203"><net_src comp="22" pin="0"/><net_sink comp="198" pin=1"/></net>

<net id="208"><net_src comp="46" pin="0"/><net_sink comp="204" pin=0"/></net>

<net id="209"><net_src comp="20" pin="0"/><net_sink comp="204" pin=1"/></net>

<net id="214"><net_src comp="52" pin="0"/><net_sink comp="210" pin=0"/></net>

<net id="215"><net_src comp="18" pin="0"/><net_sink comp="210" pin=1"/></net>

<net id="220"><net_src comp="50" pin="0"/><net_sink comp="216" pin=0"/></net>

<net id="221"><net_src comp="14" pin="0"/><net_sink comp="216" pin=1"/></net>

<net id="226"><net_src comp="50" pin="0"/><net_sink comp="222" pin=0"/></net>

<net id="227"><net_src comp="12" pin="0"/><net_sink comp="222" pin=1"/></net>

<net id="232"><net_src comp="50" pin="0"/><net_sink comp="228" pin=0"/></net>

<net id="233"><net_src comp="10" pin="0"/><net_sink comp="228" pin=1"/></net>

<net id="238"><net_src comp="50" pin="0"/><net_sink comp="234" pin=0"/></net>

<net id="239"><net_src comp="8" pin="0"/><net_sink comp="234" pin=1"/></net>

<net id="244"><net_src comp="50" pin="0"/><net_sink comp="240" pin=0"/></net>

<net id="245"><net_src comp="6" pin="0"/><net_sink comp="240" pin=1"/></net>

<net id="250"><net_src comp="50" pin="0"/><net_sink comp="246" pin=0"/></net>

<net id="251"><net_src comp="4" pin="0"/><net_sink comp="246" pin=1"/></net>

<net id="256"><net_src comp="50" pin="0"/><net_sink comp="252" pin=0"/></net>

<net id="257"><net_src comp="2" pin="0"/><net_sink comp="252" pin=1"/></net>

<net id="263"><net_src comp="112" pin="0"/><net_sink comp="258" pin=0"/></net>

<net id="264"><net_src comp="44" pin="0"/><net_sink comp="258" pin=2"/></net>

<net id="271"><net_src comp="128" pin="0"/><net_sink comp="265" pin=0"/></net>

<net id="272"><net_src comp="130" pin="0"/><net_sink comp="265" pin=3"/></net>

<net id="278"><net_src comp="112" pin="0"/><net_sink comp="273" pin=0"/></net>

<net id="279"><net_src comp="44" pin="0"/><net_sink comp="273" pin=2"/></net>

<net id="280"><net_src comp="132" pin="0"/><net_sink comp="258" pin=0"/></net>

<net id="287"><net_src comp="128" pin="0"/><net_sink comp="281" pin=0"/></net>

<net id="288"><net_src comp="130" pin="0"/><net_sink comp="281" pin=3"/></net>

<net id="294"><net_src comp="112" pin="0"/><net_sink comp="289" pin=0"/></net>

<net id="295"><net_src comp="44" pin="0"/><net_sink comp="289" pin=2"/></net>

<net id="296"><net_src comp="132" pin="0"/><net_sink comp="273" pin=0"/></net>

<net id="303"><net_src comp="128" pin="0"/><net_sink comp="297" pin=0"/></net>

<net id="304"><net_src comp="130" pin="0"/><net_sink comp="297" pin=3"/></net>

<net id="310"><net_src comp="112" pin="0"/><net_sink comp="305" pin=0"/></net>

<net id="311"><net_src comp="44" pin="0"/><net_sink comp="305" pin=2"/></net>

<net id="312"><net_src comp="132" pin="0"/><net_sink comp="289" pin=0"/></net>

<net id="319"><net_src comp="128" pin="0"/><net_sink comp="313" pin=0"/></net>

<net id="320"><net_src comp="130" pin="0"/><net_sink comp="313" pin=3"/></net>

<net id="326"><net_src comp="112" pin="0"/><net_sink comp="321" pin=0"/></net>

<net id="327"><net_src comp="44" pin="0"/><net_sink comp="321" pin=2"/></net>

<net id="328"><net_src comp="132" pin="0"/><net_sink comp="305" pin=0"/></net>

<net id="335"><net_src comp="128" pin="0"/><net_sink comp="329" pin=0"/></net>

<net id="336"><net_src comp="130" pin="0"/><net_sink comp="329" pin=3"/></net>

<net id="342"><net_src comp="112" pin="0"/><net_sink comp="337" pin=0"/></net>

<net id="343"><net_src comp="44" pin="0"/><net_sink comp="337" pin=2"/></net>

<net id="344"><net_src comp="132" pin="0"/><net_sink comp="321" pin=0"/></net>

<net id="351"><net_src comp="128" pin="0"/><net_sink comp="345" pin=0"/></net>

<net id="352"><net_src comp="130" pin="0"/><net_sink comp="345" pin=3"/></net>

<net id="358"><net_src comp="112" pin="0"/><net_sink comp="353" pin=0"/></net>

<net id="359"><net_src comp="44" pin="0"/><net_sink comp="353" pin=2"/></net>

<net id="360"><net_src comp="132" pin="0"/><net_sink comp="337" pin=0"/></net>

<net id="367"><net_src comp="128" pin="0"/><net_sink comp="361" pin=0"/></net>

<net id="368"><net_src comp="130" pin="0"/><net_sink comp="361" pin=3"/></net>

<net id="374"><net_src comp="112" pin="0"/><net_sink comp="369" pin=0"/></net>

<net id="375"><net_src comp="44" pin="0"/><net_sink comp="369" pin=2"/></net>

<net id="376"><net_src comp="132" pin="0"/><net_sink comp="353" pin=0"/></net>

<net id="383"><net_src comp="128" pin="0"/><net_sink comp="377" pin=0"/></net>

<net id="384"><net_src comp="130" pin="0"/><net_sink comp="377" pin=3"/></net>

<net id="385"><net_src comp="132" pin="0"/><net_sink comp="369" pin=0"/></net>

<net id="391"><net_src comp="16" pin="0"/><net_sink comp="386" pin=0"/></net>

<net id="392"><net_src comp="88" pin="0"/><net_sink comp="386" pin=1"/></net>

<net id="398"><net_src comp="16" pin="0"/><net_sink comp="393" pin=0"/></net>

<net id="399"><net_src comp="88" pin="0"/><net_sink comp="393" pin=1"/></net>

<net id="409"><net_src comp="386" pin="3"/><net_sink comp="400" pin=2"/></net>

<net id="410"><net_src comp="393" pin="3"/><net_sink comp="400" pin=0"/></net>

<net id="416"><net_src comp="16" pin="0"/><net_sink comp="411" pin=0"/></net>

<net id="417"><net_src comp="88" pin="0"/><net_sink comp="411" pin=1"/></net>

<net id="423"><net_src comp="16" pin="0"/><net_sink comp="418" pin=0"/></net>

<net id="424"><net_src comp="88" pin="0"/><net_sink comp="418" pin=1"/></net>

<net id="425"><net_src comp="411" pin="3"/><net_sink comp="400" pin=2"/></net>

<net id="426"><net_src comp="418" pin="3"/><net_sink comp="400" pin=0"/></net>

<net id="432"><net_src comp="16" pin="0"/><net_sink comp="427" pin=0"/></net>

<net id="433"><net_src comp="88" pin="0"/><net_sink comp="427" pin=1"/></net>

<net id="439"><net_src comp="16" pin="0"/><net_sink comp="434" pin=0"/></net>

<net id="440"><net_src comp="88" pin="0"/><net_sink comp="434" pin=1"/></net>

<net id="441"><net_src comp="427" pin="3"/><net_sink comp="400" pin=2"/></net>

<net id="442"><net_src comp="434" pin="3"/><net_sink comp="400" pin=0"/></net>

<net id="448"><net_src comp="16" pin="0"/><net_sink comp="443" pin=0"/></net>

<net id="449"><net_src comp="88" pin="0"/><net_sink comp="443" pin=1"/></net>

<net id="455"><net_src comp="16" pin="0"/><net_sink comp="450" pin=0"/></net>

<net id="456"><net_src comp="88" pin="0"/><net_sink comp="450" pin=1"/></net>

<net id="457"><net_src comp="443" pin="3"/><net_sink comp="400" pin=2"/></net>

<net id="458"><net_src comp="450" pin="3"/><net_sink comp="400" pin=0"/></net>

<net id="462"><net_src comp="400" pin="7"/><net_sink comp="459" pin=0"/></net>

<net id="463"><net_src comp="459" pin="1"/><net_sink comp="265" pin=2"/></net>

<net id="464"><net_src comp="459" pin="1"/><net_sink comp="329" pin=2"/></net>

<net id="468"><net_src comp="400" pin="3"/><net_sink comp="465" pin=0"/></net>

<net id="469"><net_src comp="465" pin="1"/><net_sink comp="281" pin=2"/></net>

<net id="470"><net_src comp="400" pin="7"/><net_sink comp="465" pin=0"/></net>

<net id="471"><net_src comp="465" pin="1"/><net_sink comp="361" pin=2"/></net>

<net id="475"><net_src comp="138" pin="2"/><net_sink comp="472" pin=0"/></net>

<net id="479"><net_src comp="144" pin="2"/><net_sink comp="476" pin=0"/></net>

<net id="483"><net_src comp="150" pin="2"/><net_sink comp="480" pin=0"/></net>

<net id="487"><net_src comp="156" pin="2"/><net_sink comp="484" pin=0"/></net>

<net id="491"><net_src comp="162" pin="2"/><net_sink comp="488" pin=0"/></net>

<net id="495"><net_src comp="168" pin="2"/><net_sink comp="492" pin=0"/></net>

<net id="499"><net_src comp="174" pin="2"/><net_sink comp="496" pin=0"/></net>

<net id="503"><net_src comp="186" pin="2"/><net_sink comp="500" pin=0"/></net>

<net id="507"><net_src comp="198" pin="2"/><net_sink comp="504" pin=0"/></net>

<net id="512"><net_src comp="76" pin="0"/><net_sink comp="508" pin=0"/></net>

<net id="519"><net_src comp="513" pin="1"/><net_sink comp="516" pin=0"/></net>

<net id="524"><net_src comp="513" pin="1"/><net_sink comp="520" pin=0"/></net>

<net id="525"><net_src comp="80" pin="0"/><net_sink comp="520" pin=1"/></net>

<net id="530"><net_src comp="513" pin="1"/><net_sink comp="526" pin=0"/></net>

<net id="531"><net_src comp="82" pin="0"/><net_sink comp="526" pin=1"/></net>

<net id="537"><net_src comp="84" pin="0"/><net_sink comp="532" pin=0"/></net>

<net id="538"><net_src comp="516" pin="1"/><net_sink comp="532" pin=1"/></net>

<net id="539"><net_src comp="86" pin="0"/><net_sink comp="532" pin=2"/></net>

<net id="543"><net_src comp="532" pin="3"/><net_sink comp="540" pin=0"/></net>

<net id="544"><net_src comp="540" pin="1"/><net_sink comp="386" pin=2"/></net>

<net id="549"><net_src comp="532" pin="3"/><net_sink comp="545" pin=0"/></net>

<net id="550"><net_src comp="90" pin="0"/><net_sink comp="545" pin=1"/></net>

<net id="554"><net_src comp="545" pin="2"/><net_sink comp="551" pin=0"/></net>

<net id="555"><net_src comp="551" pin="1"/><net_sink comp="393" pin=2"/></net>

<net id="561"><net_src comp="92" pin="0"/><net_sink comp="556" pin=0"/></net>

<net id="562"><net_src comp="210" pin="2"/><net_sink comp="556" pin=1"/></net>

<net id="563"><net_src comp="516" pin="1"/><net_sink comp="556" pin=2"/></net>

<net id="568"><net_src comp="556" pin="3"/><net_sink comp="564" pin=0"/></net>

<net id="569"><net_src comp="204" pin="2"/><net_sink comp="564" pin=1"/></net>

<net id="573"><net_src comp="556" pin="3"/><net_sink comp="570" pin=0"/></net>

<net id="578"><net_src comp="570" pin="1"/><net_sink comp="574" pin=0"/></net>

<net id="579"><net_src comp="504" pin="1"/><net_sink comp="574" pin=1"/></net>

<net id="584"><net_src comp="564" pin="2"/><net_sink comp="580" pin=0"/></net>

<net id="585"><net_src comp="192" pin="2"/><net_sink comp="580" pin=1"/></net>

<net id="590"><net_src comp="564" pin="2"/><net_sink comp="586" pin=0"/></net>

<net id="591"><net_src comp="216" pin="2"/><net_sink comp="586" pin=1"/></net>

<net id="596"><net_src comp="564" pin="2"/><net_sink comp="592" pin=0"/></net>

<net id="597"><net_src comp="222" pin="2"/><net_sink comp="592" pin=1"/></net>

<net id="602"><net_src comp="564" pin="2"/><net_sink comp="598" pin=0"/></net>

<net id="603"><net_src comp="228" pin="2"/><net_sink comp="598" pin=1"/></net>

<net id="608"><net_src comp="564" pin="2"/><net_sink comp="604" pin=0"/></net>

<net id="609"><net_src comp="234" pin="2"/><net_sink comp="604" pin=1"/></net>

<net id="614"><net_src comp="564" pin="2"/><net_sink comp="610" pin=0"/></net>

<net id="615"><net_src comp="240" pin="2"/><net_sink comp="610" pin=1"/></net>

<net id="620"><net_src comp="564" pin="2"/><net_sink comp="616" pin=0"/></net>

<net id="621"><net_src comp="246" pin="2"/><net_sink comp="616" pin=1"/></net>

<net id="626"><net_src comp="564" pin="2"/><net_sink comp="622" pin=0"/></net>

<net id="627"><net_src comp="252" pin="2"/><net_sink comp="622" pin=1"/></net>

<net id="632"><net_src comp="526" pin="2"/><net_sink comp="628" pin=0"/></net>

<net id="637"><net_src comp="94" pin="0"/><net_sink comp="633" pin=1"/></net>

<net id="641"><net_src comp="633" pin="2"/><net_sink comp="638" pin=0"/></net>

<net id="642"><net_src comp="638" pin="1"/><net_sink comp="411" pin=2"/></net>

<net id="647"><net_src comp="96" pin="0"/><net_sink comp="643" pin=1"/></net>

<net id="651"><net_src comp="643" pin="2"/><net_sink comp="648" pin=0"/></net>

<net id="652"><net_src comp="648" pin="1"/><net_sink comp="418" pin=2"/></net>

<net id="662"><net_src comp="98" pin="0"/><net_sink comp="657" pin=0"/></net>

<net id="663"><net_src comp="653" pin="2"/><net_sink comp="657" pin=1"/></net>

<net id="664"><net_src comp="100" pin="0"/><net_sink comp="657" pin=2"/></net>

<net id="668"><net_src comp="657" pin="3"/><net_sink comp="665" pin=0"/></net>

<net id="673"><net_src comp="665" pin="1"/><net_sink comp="669" pin=0"/></net>

<net id="680"><net_src comp="102" pin="0"/><net_sink comp="674" pin=0"/></net>

<net id="681"><net_src comp="669" pin="2"/><net_sink comp="674" pin=1"/></net>

<net id="682"><net_src comp="104" pin="0"/><net_sink comp="674" pin=2"/></net>

<net id="683"><net_src comp="106" pin="0"/><net_sink comp="674" pin=3"/></net>

<net id="687"><net_src comp="674" pin="4"/><net_sink comp="684" pin=0"/></net>

<net id="692"><net_src comp="0" pin="0"/><net_sink comp="688" pin=0"/></net>

<net id="693"><net_src comp="684" pin="1"/><net_sink comp="688" pin=1"/></net>

<net id="698"><net_src comp="108" pin="0"/><net_sink comp="694" pin=1"/></net>

<net id="702"><net_src comp="694" pin="2"/><net_sink comp="699" pin=0"/></net>

<net id="703"><net_src comp="699" pin="1"/><net_sink comp="427" pin=2"/></net>

<net id="708"><net_src comp="110" pin="0"/><net_sink comp="704" pin=1"/></net>

<net id="712"><net_src comp="704" pin="2"/><net_sink comp="709" pin=0"/></net>

<net id="713"><net_src comp="709" pin="1"/><net_sink comp="434" pin=2"/></net>

<net id="723"><net_src comp="98" pin="0"/><net_sink comp="718" pin=0"/></net>

<net id="724"><net_src comp="714" pin="2"/><net_sink comp="718" pin=1"/></net>

<net id="725"><net_src comp="100" pin="0"/><net_sink comp="718" pin=2"/></net>

<net id="729"><net_src comp="718" pin="3"/><net_sink comp="726" pin=0"/></net>

<net id="734"><net_src comp="726" pin="1"/><net_sink comp="730" pin=0"/></net>

<net id="741"><net_src comp="102" pin="0"/><net_sink comp="735" pin=0"/></net>

<net id="742"><net_src comp="730" pin="2"/><net_sink comp="735" pin=1"/></net>

<net id="743"><net_src comp="104" pin="0"/><net_sink comp="735" pin=2"/></net>

<net id="744"><net_src comp="106" pin="0"/><net_sink comp="735" pin=3"/></net>

<net id="748"><net_src comp="735" pin="4"/><net_sink comp="745" pin=0"/></net>

<net id="753"><net_src comp="0" pin="0"/><net_sink comp="749" pin=0"/></net>

<net id="754"><net_src comp="745" pin="1"/><net_sink comp="749" pin=1"/></net>

<net id="759"><net_src comp="114" pin="0"/><net_sink comp="755" pin=1"/></net>

<net id="763"><net_src comp="755" pin="2"/><net_sink comp="760" pin=0"/></net>

<net id="764"><net_src comp="760" pin="1"/><net_sink comp="443" pin=2"/></net>

<net id="769"><net_src comp="116" pin="0"/><net_sink comp="765" pin=1"/></net>

<net id="773"><net_src comp="765" pin="2"/><net_sink comp="770" pin=0"/></net>

<net id="774"><net_src comp="770" pin="1"/><net_sink comp="450" pin=2"/></net>

<net id="784"><net_src comp="98" pin="0"/><net_sink comp="779" pin=0"/></net>

<net id="785"><net_src comp="775" pin="2"/><net_sink comp="779" pin=1"/></net>

<net id="786"><net_src comp="100" pin="0"/><net_sink comp="779" pin=2"/></net>

<net id="790"><net_src comp="779" pin="3"/><net_sink comp="787" pin=0"/></net>

<net id="795"><net_src comp="787" pin="1"/><net_sink comp="791" pin=0"/></net>

<net id="802"><net_src comp="102" pin="0"/><net_sink comp="796" pin=0"/></net>

<net id="803"><net_src comp="791" pin="2"/><net_sink comp="796" pin=1"/></net>

<net id="804"><net_src comp="104" pin="0"/><net_sink comp="796" pin=2"/></net>

<net id="805"><net_src comp="106" pin="0"/><net_sink comp="796" pin=3"/></net>

<net id="809"><net_src comp="796" pin="4"/><net_sink comp="806" pin=0"/></net>

<net id="814"><net_src comp="0" pin="0"/><net_sink comp="810" pin=0"/></net>

<net id="815"><net_src comp="806" pin="1"/><net_sink comp="810" pin=1"/></net>

<net id="825"><net_src comp="98" pin="0"/><net_sink comp="820" pin=0"/></net>

<net id="826"><net_src comp="816" pin="2"/><net_sink comp="820" pin=1"/></net>

<net id="827"><net_src comp="100" pin="0"/><net_sink comp="820" pin=2"/></net>

<net id="831"><net_src comp="820" pin="3"/><net_sink comp="828" pin=0"/></net>

<net id="836"><net_src comp="828" pin="1"/><net_sink comp="832" pin=0"/></net>

<net id="843"><net_src comp="102" pin="0"/><net_sink comp="837" pin=0"/></net>

<net id="844"><net_src comp="832" pin="2"/><net_sink comp="837" pin=1"/></net>

<net id="845"><net_src comp="104" pin="0"/><net_sink comp="837" pin=2"/></net>

<net id="846"><net_src comp="106" pin="0"/><net_sink comp="837" pin=3"/></net>

<net id="850"><net_src comp="837" pin="4"/><net_sink comp="847" pin=0"/></net>

<net id="855"><net_src comp="0" pin="0"/><net_sink comp="851" pin=0"/></net>

<net id="856"><net_src comp="847" pin="1"/><net_sink comp="851" pin=1"/></net>

<net id="866"><net_src comp="98" pin="0"/><net_sink comp="861" pin=0"/></net>

<net id="867"><net_src comp="857" pin="2"/><net_sink comp="861" pin=1"/></net>

<net id="868"><net_src comp="100" pin="0"/><net_sink comp="861" pin=2"/></net>

<net id="872"><net_src comp="861" pin="3"/><net_sink comp="869" pin=0"/></net>

<net id="877"><net_src comp="869" pin="1"/><net_sink comp="873" pin=0"/></net>

<net id="884"><net_src comp="102" pin="0"/><net_sink comp="878" pin=0"/></net>

<net id="885"><net_src comp="873" pin="2"/><net_sink comp="878" pin=1"/></net>

<net id="886"><net_src comp="104" pin="0"/><net_sink comp="878" pin=2"/></net>

<net id="887"><net_src comp="106" pin="0"/><net_sink comp="878" pin=3"/></net>

<net id="891"><net_src comp="878" pin="4"/><net_sink comp="888" pin=0"/></net>

<net id="896"><net_src comp="0" pin="0"/><net_sink comp="892" pin=0"/></net>

<net id="897"><net_src comp="888" pin="1"/><net_sink comp="892" pin=1"/></net>

<net id="907"><net_src comp="98" pin="0"/><net_sink comp="902" pin=0"/></net>

<net id="908"><net_src comp="898" pin="2"/><net_sink comp="902" pin=1"/></net>

<net id="909"><net_src comp="100" pin="0"/><net_sink comp="902" pin=2"/></net>

<net id="913"><net_src comp="902" pin="3"/><net_sink comp="910" pin=0"/></net>

<net id="918"><net_src comp="910" pin="1"/><net_sink comp="914" pin=0"/></net>

<net id="925"><net_src comp="102" pin="0"/><net_sink comp="919" pin=0"/></net>

<net id="926"><net_src comp="914" pin="2"/><net_sink comp="919" pin=1"/></net>

<net id="927"><net_src comp="104" pin="0"/><net_sink comp="919" pin=2"/></net>

<net id="928"><net_src comp="106" pin="0"/><net_sink comp="919" pin=3"/></net>

<net id="932"><net_src comp="919" pin="4"/><net_sink comp="929" pin=0"/></net>

<net id="937"><net_src comp="0" pin="0"/><net_sink comp="933" pin=0"/></net>

<net id="938"><net_src comp="929" pin="1"/><net_sink comp="933" pin=1"/></net>

<net id="948"><net_src comp="98" pin="0"/><net_sink comp="943" pin=0"/></net>

<net id="949"><net_src comp="939" pin="2"/><net_sink comp="943" pin=1"/></net>

<net id="950"><net_src comp="100" pin="0"/><net_sink comp="943" pin=2"/></net>

<net id="954"><net_src comp="943" pin="3"/><net_sink comp="951" pin=0"/></net>

<net id="959"><net_src comp="951" pin="1"/><net_sink comp="955" pin=0"/></net>

<net id="966"><net_src comp="102" pin="0"/><net_sink comp="960" pin=0"/></net>

<net id="967"><net_src comp="955" pin="2"/><net_sink comp="960" pin=1"/></net>

<net id="968"><net_src comp="104" pin="0"/><net_sink comp="960" pin=2"/></net>

<net id="969"><net_src comp="106" pin="0"/><net_sink comp="960" pin=3"/></net>

<net id="973"><net_src comp="960" pin="4"/><net_sink comp="970" pin=0"/></net>

<net id="978"><net_src comp="0" pin="0"/><net_sink comp="974" pin=0"/></net>

<net id="979"><net_src comp="970" pin="1"/><net_sink comp="974" pin=1"/></net>

<net id="989"><net_src comp="98" pin="0"/><net_sink comp="984" pin=0"/></net>

<net id="990"><net_src comp="980" pin="2"/><net_sink comp="984" pin=1"/></net>

<net id="991"><net_src comp="100" pin="0"/><net_sink comp="984" pin=2"/></net>

<net id="995"><net_src comp="984" pin="3"/><net_sink comp="992" pin=0"/></net>

<net id="1000"><net_src comp="992" pin="1"/><net_sink comp="996" pin=0"/></net>

<net id="1007"><net_src comp="102" pin="0"/><net_sink comp="1001" pin=0"/></net>

<net id="1008"><net_src comp="996" pin="2"/><net_sink comp="1001" pin=1"/></net>

<net id="1009"><net_src comp="104" pin="0"/><net_sink comp="1001" pin=2"/></net>

<net id="1010"><net_src comp="106" pin="0"/><net_sink comp="1001" pin=3"/></net>

<net id="1014"><net_src comp="1001" pin="4"/><net_sink comp="1011" pin=0"/></net>

<net id="1019"><net_src comp="0" pin="0"/><net_sink comp="1015" pin=0"/></net>

<net id="1020"><net_src comp="1011" pin="1"/><net_sink comp="1015" pin=1"/></net>

<net id="1024"><net_src comp="134" pin="1"/><net_sink comp="1021" pin=0"/></net>

<net id="1025"><net_src comp="1021" pin="1"/><net_sink comp="508" pin=1"/></net>

<net id="1026"><net_src comp="1021" pin="1"/><net_sink comp="513" pin=0"/></net>

<net id="1027"><net_src comp="1021" pin="1"/><net_sink comp="628" pin=1"/></net>

<net id="1031"><net_src comp="180" pin="2"/><net_sink comp="1028" pin=0"/></net>

<net id="1032"><net_src comp="1028" pin="1"/><net_sink comp="669" pin=1"/></net>

<net id="1033"><net_src comp="1028" pin="1"/><net_sink comp="730" pin=1"/></net>

<net id="1034"><net_src comp="1028" pin="1"/><net_sink comp="791" pin=1"/></net>

<net id="1035"><net_src comp="1028" pin="1"/><net_sink comp="832" pin=1"/></net>

<net id="1036"><net_src comp="1028" pin="1"/><net_sink comp="873" pin=1"/></net>

<net id="1037"><net_src comp="1028" pin="1"/><net_sink comp="914" pin=1"/></net>

<net id="1038"><net_src comp="1028" pin="1"/><net_sink comp="955" pin=1"/></net>

<net id="1039"><net_src comp="1028" pin="1"/><net_sink comp="996" pin=1"/></net>

<net id="1043"><net_src comp="472" pin="1"/><net_sink comp="1040" pin=0"/></net>

<net id="1044"><net_src comp="1040" pin="1"/><net_sink comp="980" pin=1"/></net>

<net id="1048"><net_src comp="476" pin="1"/><net_sink comp="1045" pin=0"/></net>

<net id="1049"><net_src comp="1045" pin="1"/><net_sink comp="939" pin=1"/></net>

<net id="1053"><net_src comp="480" pin="1"/><net_sink comp="1050" pin=0"/></net>

<net id="1054"><net_src comp="1050" pin="1"/><net_sink comp="898" pin=1"/></net>

<net id="1058"><net_src comp="484" pin="1"/><net_sink comp="1055" pin=0"/></net>

<net id="1059"><net_src comp="1055" pin="1"/><net_sink comp="857" pin=1"/></net>

<net id="1063"><net_src comp="488" pin="1"/><net_sink comp="1060" pin=0"/></net>

<net id="1064"><net_src comp="1060" pin="1"/><net_sink comp="816" pin=1"/></net>

<net id="1068"><net_src comp="492" pin="1"/><net_sink comp="1065" pin=0"/></net>

<net id="1069"><net_src comp="1065" pin="1"/><net_sink comp="775" pin=1"/></net>

<net id="1073"><net_src comp="496" pin="1"/><net_sink comp="1070" pin=0"/></net>

<net id="1074"><net_src comp="1070" pin="1"/><net_sink comp="714" pin=1"/></net>

<net id="1078"><net_src comp="500" pin="1"/><net_sink comp="1075" pin=0"/></net>

<net id="1079"><net_src comp="1075" pin="1"/><net_sink comp="653" pin=1"/></net>

<net id="1083"><net_src comp="520" pin="2"/><net_sink comp="1080" pin=0"/></net>

<net id="1087"><net_src comp="532" pin="3"/><net_sink comp="1084" pin=0"/></net>

<net id="1088"><net_src comp="1084" pin="1"/><net_sink comp="633" pin=0"/></net>

<net id="1089"><net_src comp="1084" pin="1"/><net_sink comp="643" pin=0"/></net>

<net id="1090"><net_src comp="1084" pin="1"/><net_sink comp="694" pin=0"/></net>

<net id="1091"><net_src comp="1084" pin="1"/><net_sink comp="704" pin=0"/></net>

<net id="1092"><net_src comp="1084" pin="1"/><net_sink comp="755" pin=0"/></net>

<net id="1093"><net_src comp="1084" pin="1"/><net_sink comp="765" pin=0"/></net>

<net id="1097"><net_src comp="386" pin="3"/><net_sink comp="1094" pin=0"/></net>

<net id="1098"><net_src comp="1094" pin="1"/><net_sink comp="400" pin=2"/></net>

<net id="1102"><net_src comp="393" pin="3"/><net_sink comp="1099" pin=0"/></net>

<net id="1103"><net_src comp="1099" pin="1"/><net_sink comp="400" pin=0"/></net>

<net id="1107"><net_src comp="574" pin="2"/><net_sink comp="1104" pin=0"/></net>

<net id="1108"><net_src comp="1104" pin="1"/><net_sink comp="653" pin=0"/></net>

<net id="1109"><net_src comp="1104" pin="1"/><net_sink comp="714" pin=0"/></net>

<net id="1110"><net_src comp="1104" pin="1"/><net_sink comp="775" pin=0"/></net>

<net id="1111"><net_src comp="1104" pin="1"/><net_sink comp="816" pin=0"/></net>

<net id="1112"><net_src comp="1104" pin="1"/><net_sink comp="857" pin=0"/></net>

<net id="1113"><net_src comp="1104" pin="1"/><net_sink comp="898" pin=0"/></net>

<net id="1114"><net_src comp="1104" pin="1"/><net_sink comp="939" pin=0"/></net>

<net id="1115"><net_src comp="1104" pin="1"/><net_sink comp="980" pin=0"/></net>

<net id="1119"><net_src comp="580" pin="2"/><net_sink comp="1116" pin=0"/></net>

<net id="1123"><net_src comp="586" pin="2"/><net_sink comp="1120" pin=0"/></net>

<net id="1127"><net_src comp="592" pin="2"/><net_sink comp="1124" pin=0"/></net>

<net id="1131"><net_src comp="598" pin="2"/><net_sink comp="1128" pin=0"/></net>

<net id="1135"><net_src comp="604" pin="2"/><net_sink comp="1132" pin=0"/></net>

<net id="1139"><net_src comp="610" pin="2"/><net_sink comp="1136" pin=0"/></net>

<net id="1143"><net_src comp="616" pin="2"/><net_sink comp="1140" pin=0"/></net>

<net id="1147"><net_src comp="622" pin="2"/><net_sink comp="1144" pin=0"/></net>

<net id="1151"><net_src comp="411" pin="3"/><net_sink comp="1148" pin=0"/></net>

<net id="1152"><net_src comp="1148" pin="1"/><net_sink comp="400" pin=2"/></net>

<net id="1156"><net_src comp="418" pin="3"/><net_sink comp="1153" pin=0"/></net>

<net id="1157"><net_src comp="1153" pin="1"/><net_sink comp="400" pin=0"/></net>

<net id="1161"><net_src comp="688" pin="2"/><net_sink comp="1158" pin=0"/></net>

<net id="1162"><net_src comp="1158" pin="1"/><net_sink comp="258" pin=1"/></net>

<net id="1163"><net_src comp="1158" pin="1"/><net_sink comp="265" pin=1"/></net>

<net id="1167"><net_src comp="427" pin="3"/><net_sink comp="1164" pin=0"/></net>

<net id="1168"><net_src comp="1164" pin="1"/><net_sink comp="400" pin=2"/></net>

<net id="1172"><net_src comp="434" pin="3"/><net_sink comp="1169" pin=0"/></net>

<net id="1173"><net_src comp="1169" pin="1"/><net_sink comp="400" pin=0"/></net>

<net id="1177"><net_src comp="749" pin="2"/><net_sink comp="1174" pin=0"/></net>

<net id="1178"><net_src comp="1174" pin="1"/><net_sink comp="273" pin=1"/></net>

<net id="1179"><net_src comp="1174" pin="1"/><net_sink comp="281" pin=1"/></net>

<net id="1183"><net_src comp="400" pin="7"/><net_sink comp="1180" pin=0"/></net>

<net id="1184"><net_src comp="1180" pin="1"/><net_sink comp="297" pin=2"/></net>

<net id="1188"><net_src comp="400" pin="3"/><net_sink comp="1185" pin=0"/></net>

<net id="1189"><net_src comp="1185" pin="1"/><net_sink comp="313" pin=2"/></net>

<net id="1193"><net_src comp="443" pin="3"/><net_sink comp="1190" pin=0"/></net>

<net id="1194"><net_src comp="1190" pin="1"/><net_sink comp="400" pin=2"/></net>

<net id="1198"><net_src comp="450" pin="3"/><net_sink comp="1195" pin=0"/></net>

<net id="1199"><net_src comp="1195" pin="1"/><net_sink comp="400" pin=0"/></net>

<net id="1203"><net_src comp="810" pin="2"/><net_sink comp="1200" pin=0"/></net>

<net id="1204"><net_src comp="1200" pin="1"/><net_sink comp="289" pin=1"/></net>

<net id="1205"><net_src comp="1200" pin="1"/><net_sink comp="297" pin=1"/></net>

<net id="1209"><net_src comp="400" pin="3"/><net_sink comp="1206" pin=0"/></net>

<net id="1210"><net_src comp="1206" pin="1"/><net_sink comp="345" pin=2"/></net>

<net id="1214"><net_src comp="851" pin="2"/><net_sink comp="1211" pin=0"/></net>

<net id="1215"><net_src comp="1211" pin="1"/><net_sink comp="305" pin=1"/></net>

<net id="1216"><net_src comp="1211" pin="1"/><net_sink comp="313" pin=1"/></net>

<net id="1220"><net_src comp="400" pin="3"/><net_sink comp="1217" pin=0"/></net>

<net id="1221"><net_src comp="1217" pin="1"/><net_sink comp="377" pin=2"/></net>

<net id="1225"><net_src comp="892" pin="2"/><net_sink comp="1222" pin=0"/></net>

<net id="1226"><net_src comp="1222" pin="1"/><net_sink comp="321" pin=1"/></net>

<net id="1227"><net_src comp="1222" pin="1"/><net_sink comp="329" pin=1"/></net>

<net id="1231"><net_src comp="933" pin="2"/><net_sink comp="1228" pin=0"/></net>

<net id="1232"><net_src comp="1228" pin="1"/><net_sink comp="337" pin=1"/></net>

<net id="1233"><net_src comp="1228" pin="1"/><net_sink comp="345" pin=1"/></net>

<net id="1237"><net_src comp="974" pin="2"/><net_sink comp="1234" pin=0"/></net>

<net id="1238"><net_src comp="1234" pin="1"/><net_sink comp="353" pin=1"/></net>

<net id="1239"><net_src comp="1234" pin="1"/><net_sink comp="361" pin=1"/></net>

<net id="1243"><net_src comp="1015" pin="2"/><net_sink comp="1240" pin=0"/></net>

<net id="1244"><net_src comp="1240" pin="1"/><net_sink comp="369" pin=1"/></net>

<net id="1245"><net_src comp="1240" pin="1"/><net_sink comp="377" pin=1"/></net>

</net_list>

</model> 
---------------- Datapath Model END ------------------

* FSMD analyzer results:
  - Output states:
	Port: ca | {3 4 5 6 7 8 9 10 11 12 13 14 15 16 }
 - Input state : 
	Port: mxm_execute_ursa_Pipeline_VITIS_LOOP_382_7 : ca | {}
	Port: mxm_execute_ursa_Pipeline_VITIS_LOOP_382_7 : cmp124_7 | {1 }
	Port: mxm_execute_ursa_Pipeline_VITIS_LOOP_382_7 : cmp124_6 | {1 }
	Port: mxm_execute_ursa_Pipeline_VITIS_LOOP_382_7 : cmp124_5 | {1 }
	Port: mxm_execute_ursa_Pipeline_VITIS_LOOP_382_7 : cmp124_4 | {1 }
	Port: mxm_execute_ursa_Pipeline_VITIS_LOOP_382_7 : cmp124_3 | {1 }
	Port: mxm_execute_ursa_Pipeline_VITIS_LOOP_382_7 : cmp124_2 | {1 }
	Port: mxm_execute_ursa_Pipeline_VITIS_LOOP_382_7 : cmp124_1 | {1 }
	Port: mxm_execute_ursa_Pipeline_VITIS_LOOP_382_7 : c_tile_acc | {1 2 3 4 5 }
	Port: mxm_execute_ursa_Pipeline_VITIS_LOOP_382_7 : empty | {1 }
	Port: mxm_execute_ursa_Pipeline_VITIS_LOOP_382_7 : a0_p | {1 }
	Port: mxm_execute_ursa_Pipeline_VITIS_LOOP_382_7 : zext_ln309 | {1 }
	Port: mxm_execute_ursa_Pipeline_VITIS_LOOP_382_7 : cmp124 | {1 }
	Port: mxm_execute_ursa_Pipeline_VITIS_LOOP_382_7 : base_col_B_cast | {1 }
	Port: mxm_execute_ursa_Pipeline_VITIS_LOOP_382_7 : addr_c0 | {1 }
	Port: mxm_execute_ursa_Pipeline_VITIS_LOOP_382_7 : zext_ln391 | {1 }
	Port: mxm_execute_ursa_Pipeline_VITIS_LOOP_382_7 : zext_ln391_1 | {1 }
	Port: mxm_execute_ursa_Pipeline_VITIS_LOOP_382_7 : zext_ln391_2 | {1 }
	Port: mxm_execute_ursa_Pipeline_VITIS_LOOP_382_7 : zext_ln391_3 | {1 }
	Port: mxm_execute_ursa_Pipeline_VITIS_LOOP_382_7 : zext_ln391_4 | {1 }
	Port: mxm_execute_ursa_Pipeline_VITIS_LOOP_382_7 : zext_ln391_5 | {1 }
	Port: mxm_execute_ursa_Pipeline_VITIS_LOOP_382_7 : zext_ln382 | {1 }
  - Chain level:
	State 1
		store_ln382 : 1
		r_1 : 1
		empty_30 : 2
		icmp_ln382 : 2
		add_ln382 : 2
		br_ln382 : 3
		tmp_2 : 3
		zext_ln391_6 : 4
		c_tile_acc_addr : 5
		or_ln391 : 4
		zext_ln391_15 : 4
		c_tile_acc_addr_1 : 5
		global_row : 3
		cmp121 : 4
		conv129 : 4
		mul131 : 5
		and_ln390 : 5
		br_ln390 : 5
		c_tile_acc_load : 6
		and_ln390_1 : 5
		br_ln390 : 5
		c_tile_acc_load_1 : 6
		and_ln390_2 : 5
		br_ln390 : 5
		and_ln390_3 : 5
		br_ln390 : 5
		and_ln390_4 : 5
		br_ln390 : 5
		and_ln390_5 : 5
		br_ln390 : 5
		and_ln390_6 : 5
		br_ln390 : 5
		and_ln390_7 : 5
		br_ln390 : 5
		store_ln382 : 3
	State 2
		c_tile_acc_addr_2 : 1
		c_tile_acc_addr_3 : 1
		shl_ln1 : 1
		zext_ln391_7 : 2
		add_ln391_1 : 3
		trunc_ln3 : 4
		sext_ln391 : 5
		ca_addr : 6
		c_tile_acc_load_2 : 2
		c_tile_acc_load_3 : 2
	State 3
		c_tile_acc_addr_4 : 1
		c_tile_acc_addr_5 : 1
		shl_ln391_1 : 1
		zext_ln391_8 : 2
		add_ln391_3 : 3
		trunc_ln391_1 : 4
		sext_ln391_1 : 5
		ca_addr_1 : 6
		c_tile_acc_load_4 : 2
		c_tile_acc_load_5 : 2
	State 4
		c_tile_acc_addr_6 : 1
		c_tile_acc_addr_7 : 1
		shl_ln391_2 : 1
		zext_ln391_9 : 2
		add_ln391_5 : 3
		trunc_ln391_2 : 4
		sext_ln391_2 : 5
		ca_addr_2 : 6
		c_tile_acc_load_6 : 2
		c_tile_acc_load_7 : 2
	State 5
		shl_ln391_3 : 1
		zext_ln391_10 : 2
		add_ln391_7 : 3
		trunc_ln391_3 : 4
		sext_ln391_3 : 5
		ca_addr_3 : 6
	State 6
		shl_ln391_4 : 1
		zext_ln391_11 : 2
		add_ln391_9 : 3
		trunc_ln391_4 : 4
		sext_ln391_4 : 5
		ca_addr_4 : 6
		shl_ln391_5 : 1
		zext_ln391_12 : 2
		add_ln391_11 : 3
		trunc_ln391_5 : 4
		sext_ln391_5 : 5
		ca_addr_5 : 6
		shl_ln391_6 : 1
		zext_ln391_13 : 2
		add_ln391_13 : 3
		trunc_ln391_6 : 4
		sext_ln391_6 : 5
		ca_addr_6 : 6
		shl_ln391_7 : 1
		zext_ln391_14 : 2
		add_ln391_15 : 3
		trunc_ln391_7 : 4
		sext_ln391_7 : 5
		ca_addr_7 : 6
	State 7
	State 8
	State 9
	State 10
	State 11
	State 12
	State 13
	State 14
	State 15
	State 16


============================================================
+ Verbose Summary: Datapath Resource usage 
============================================================

* Functional unit list:
|----------|----------------------------------|---------|---------|---------|
| Operation|          Functional Unit         |   DSP   |    FF   |   LUT   |
|----------|----------------------------------|---------|---------|---------|
|          |         add_ln382_fu_526         |    0    |    0    |    13   |
|          |         add_ln391_fu_653         |    0    |    0    |    39   |
|          |        add_ln391_1_fu_669        |    0    |    0    |    71   |
|          |        add_ln391_2_fu_714        |    0    |    0    |    39   |
|          |        add_ln391_3_fu_730        |    0    |    0    |    71   |
|          |        add_ln391_4_fu_775        |    0    |    0    |    39   |
|          |        add_ln391_5_fu_791        |    0    |    0    |    71   |
|          |        add_ln391_6_fu_816        |    0    |    0    |    39   |
|    add   |        add_ln391_7_fu_832        |    0    |    0    |    71   |
|          |        add_ln391_8_fu_857        |    0    |    0    |    39   |
|          |        add_ln391_9_fu_873        |    0    |    0    |    71   |
|          |        add_ln391_10_fu_898       |    0    |    0    |    39   |
|          |        add_ln391_11_fu_914       |    0    |    0    |    71   |
|          |        add_ln391_12_fu_939       |    0    |    0    |    39   |
|          |        add_ln391_13_fu_955       |    0    |    0    |    71   |
|          |        add_ln391_14_fu_980       |    0    |    0    |    39   |
|          |        add_ln391_15_fu_996       |    0    |    0    |    71   |
|----------|----------------------------------|---------|---------|---------|
|   icmp   |         icmp_ln382_fu_520        |    0    |    0    |    13   |
|          |           cmp121_fu_564          |    0    |    0    |    23   |
|----------|----------------------------------|---------|---------|---------|
|          |         and_ln390_fu_580         |    0    |    0    |    2    |
|          |        and_ln390_1_fu_586        |    0    |    0    |    2    |
|          |        and_ln390_2_fu_592        |    0    |    0    |    2    |
|    and   |        and_ln390_3_fu_598        |    0    |    0    |    2    |
|          |        and_ln390_4_fu_604        |    0    |    0    |    2    |
|          |        and_ln390_5_fu_610        |    0    |    0    |    2    |
|          |        and_ln390_6_fu_616        |    0    |    0    |    2    |
|          |        and_ln390_7_fu_622        |    0    |    0    |    2    |
|----------|----------------------------------|---------|---------|---------|
|    mul   |           mul131_fu_574          |    1    |    0    |    6    |
|----------|----------------------------------|---------|---------|---------|
|          |    zext_ln382_read_read_fu_138   |    0    |    0    |    0    |
|          |   zext_ln391_5_read_read_fu_144  |    0    |    0    |    0    |
|          |   zext_ln391_4_read_read_fu_150  |    0    |    0    |    0    |
|          |   zext_ln391_3_read_read_fu_156  |    0    |    0    |    0    |
|          |   zext_ln391_2_read_read_fu_162  |    0    |    0    |    0    |
|          |   zext_ln391_1_read_read_fu_168  |    0    |    0    |    0    |
|          |    zext_ln391_read_read_fu_174   |    0    |    0    |    0    |
|          |     addr_c0_read_read_fu_180     |    0    |    0    |    0    |
|          | base_col_B_cast_read_read_fu_186 |    0    |    0    |    0    |
|   read   |      cmp124_read_read_fu_192     |    0    |    0    |    0    |
|          |    zext_ln309_read_read_fu_198   |    0    |    0    |    0    |
|          |       a0_p_read_read_fu_204      |    0    |    0    |    0    |
|          |          tmp_read_fu_210         |    0    |    0    |    0    |
|          |     cmp124_1_read_read_fu_216    |    0    |    0    |    0    |
|          |     cmp124_2_read_read_fu_222    |    0    |    0    |    0    |
|          |     cmp124_3_read_read_fu_228    |    0    |    0    |    0    |
|          |     cmp124_4_read_read_fu_234    |    0    |    0    |    0    |
|          |     cmp124_5_read_read_fu_240    |    0    |    0    |    0    |
|          |     cmp124_6_read_read_fu_246    |    0    |    0    |    0    |
|          |     cmp124_7_read_read_fu_252    |    0    |    0    |    0    |
|----------|----------------------------------|---------|---------|---------|
|          |       grp_writeresp_fu_258       |    0    |    0    |    0    |
|          |       grp_writeresp_fu_273       |    0    |    0    |    0    |
|          |       grp_writeresp_fu_289       |    0    |    0    |    0    |
| writeresp|       grp_writeresp_fu_305       |    0    |    0    |    0    |
|          |       grp_writeresp_fu_321       |    0    |    0    |    0    |
|          |       grp_writeresp_fu_337       |    0    |    0    |    0    |
|          |       grp_writeresp_fu_353       |    0    |    0    |    0    |
|          |       grp_writeresp_fu_369       |    0    |    0    |    0    |
|----------|----------------------------------|---------|---------|---------|
|          |     write_ln391_write_fu_265     |    0    |    0    |    0    |
|          |     write_ln391_write_fu_281     |    0    |    0    |    0    |
|          |     write_ln391_write_fu_297     |    0    |    0    |    0    |
|   write  |     write_ln391_write_fu_313     |    0    |    0    |    0    |
|          |     write_ln391_write_fu_329     |    0    |    0    |    0    |
|          |     write_ln391_write_fu_345     |    0    |    0    |    0    |
|          |     write_ln391_write_fu_361     |    0    |    0    |    0    |
|          |     write_ln391_write_fu_377     |    0    |    0    |    0    |
|----------|----------------------------------|---------|---------|---------|
|          |      zext_ln382_cast_fu_472      |    0    |    0    |    0    |
|          |     zext_ln391_5_cast_fu_476     |    0    |    0    |    0    |
|          |     zext_ln391_4_cast_fu_480     |    0    |    0    |    0    |
|          |     zext_ln391_3_cast_fu_484     |    0    |    0    |    0    |
|          |     zext_ln391_2_cast_fu_488     |    0    |    0    |    0    |
|          |     zext_ln391_1_cast_fu_492     |    0    |    0    |    0    |
|          |      zext_ln391_cast_fu_496      |    0    |    0    |    0    |
|          |    base_col_B_cast_cast_fu_500   |    0    |    0    |    0    |
|          |      zext_ln309_cast_fu_504      |    0    |    0    |    0    |
|          |        zext_ln391_6_fu_540       |    0    |    0    |    0    |
|          |       zext_ln391_15_fu_551       |    0    |    0    |    0    |
|          |          conv129_fu_570          |    0    |    0    |    0    |
|   zext   |       zext_ln391_16_fu_638       |    0    |    0    |    0    |
|          |       zext_ln391_17_fu_648       |    0    |    0    |    0    |
|          |        zext_ln391_7_fu_665       |    0    |    0    |    0    |
|          |       zext_ln391_18_fu_699       |    0    |    0    |    0    |
|          |       zext_ln391_19_fu_709       |    0    |    0    |    0    |
|          |        zext_ln391_8_fu_726       |    0    |    0    |    0    |
|          |       zext_ln391_20_fu_760       |    0    |    0    |    0    |
|          |       zext_ln391_21_fu_770       |    0    |    0    |    0    |
|          |        zext_ln391_9_fu_787       |    0    |    0    |    0    |
|          |       zext_ln391_10_fu_828       |    0    |    0    |    0    |
|          |       zext_ln391_11_fu_869       |    0    |    0    |    0    |
|          |       zext_ln391_12_fu_910       |    0    |    0    |    0    |
|          |       zext_ln391_13_fu_951       |    0    |    0    |    0    |
|          |       zext_ln391_14_fu_992       |    0    |    0    |    0    |
|----------|----------------------------------|---------|---------|---------|
|   trunc  |          empty_30_fu_516         |    0    |    0    |    0    |
|----------|----------------------------------|---------|---------|---------|
|          |           tmp_2_fu_532           |    0    |    0    |    0    |
|          |         global_row_fu_556        |    0    |    0    |    0    |
|          |          shl_ln1_fu_657          |    0    |    0    |    0    |
|          |        shl_ln391_1_fu_718        |    0    |    0    |    0    |
|bitconcatenate|        shl_ln391_2_fu_779        |    0    |    0    |    0    |
|          |        shl_ln391_3_fu_820        |    0    |    0    |    0    |
|          |        shl_ln391_4_fu_861        |    0    |    0    |    0    |
|          |        shl_ln391_5_fu_902        |    0    |    0    |    0    |
|          |        shl_ln391_6_fu_943        |    0    |    0    |    0    |
|          |        shl_ln391_7_fu_984        |    0    |    0    |    0    |
|----------|----------------------------------|---------|---------|---------|
|          |          or_ln391_fu_545         |    0    |    0    |    0    |
|          |         or_ln391_1_fu_633        |    0    |    0    |    0    |
|          |         or_ln391_2_fu_643        |    0    |    0    |    0    |
|    or    |         or_ln391_3_fu_694        |    0    |    0    |    0    |
|          |         or_ln391_4_fu_704        |    0    |    0    |    0    |
|          |         or_ln391_5_fu_755        |    0    |    0    |    0    |
|          |         or_ln391_6_fu_765        |    0    |    0    |    0    |
|----------|----------------------------------|---------|---------|---------|
|          |         trunc_ln3_fu_674         |    0    |    0    |    0    |
|          |       trunc_ln391_1_fu_735       |    0    |    0    |    0    |
|          |       trunc_ln391_2_fu_796       |    0    |    0    |    0    |
|partselect|       trunc_ln391_3_fu_837       |    0    |    0    |    0    |
|          |       trunc_ln391_4_fu_878       |    0    |    0    |    0    |
|          |       trunc_ln391_5_fu_919       |    0    |    0    |    0    |
|          |       trunc_ln391_6_fu_960       |    0    |    0    |    0    |
|          |       trunc_ln391_7_fu_1001      |    0    |    0    |    0    |
|----------|----------------------------------|---------|---------|---------|
|          |         sext_ln391_fu_684        |    0    |    0    |    0    |
|          |        sext_ln391_1_fu_745       |    0    |    0    |    0    |
|          |        sext_ln391_2_fu_806       |    0    |    0    |    0    |
|   sext   |        sext_ln391_3_fu_847       |    0    |    0    |    0    |
|          |        sext_ln391_4_fu_888       |    0    |    0    |    0    |
|          |        sext_ln391_5_fu_929       |    0    |    0    |    0    |
|          |        sext_ln391_6_fu_970       |    0    |    0    |    0    |
|          |       sext_ln391_7_fu_1011       |    0    |    0    |    0    |
|----------|----------------------------------|---------|---------|---------|
|   Total  |                                  |    1    |    0    |   951   |
|----------|----------------------------------|---------|---------|---------|

Memories:
N/A

* Register list:
+-----------------------------+--------+
|                             |   FF   |
+-----------------------------+--------+
|    addr_c0_read_reg_1028    |   64   |
|     and_ln390_1_reg_1120    |    1   |
|     and_ln390_2_reg_1124    |    1   |
|     and_ln390_3_reg_1128    |    1   |
|     and_ln390_4_reg_1132    |    1   |
|     and_ln390_5_reg_1136    |    1   |
|     and_ln390_6_reg_1140    |    1   |
|     and_ln390_7_reg_1144    |    1   |
|      and_ln390_reg_1116     |    1   |
|base_col_B_cast_cast_reg_1075|   32   |
|  c_tile_acc_addr_1_reg_1099 |    6   |
|  c_tile_acc_addr_2_reg_1148 |    6   |
|  c_tile_acc_addr_3_reg_1153 |    6   |
|  c_tile_acc_addr_4_reg_1164 |    6   |
|  c_tile_acc_addr_5_reg_1169 |    6   |
|  c_tile_acc_addr_6_reg_1190 |    6   |
|  c_tile_acc_addr_7_reg_1195 |    6   |
|   c_tile_acc_addr_reg_1094  |    6   |
|  c_tile_acc_load_2_reg_1180 |   32   |
|  c_tile_acc_load_3_reg_1185 |   32   |
|  c_tile_acc_load_5_reg_1206 |   32   |
|  c_tile_acc_load_7_reg_1217 |   32   |
|      ca_addr_1_reg_1174     |   32   |
|      ca_addr_2_reg_1200     |   32   |
|      ca_addr_3_reg_1211     |   32   |
|      ca_addr_4_reg_1222     |   32   |
|      ca_addr_5_reg_1228     |   32   |
|      ca_addr_6_reg_1234     |   32   |
|      ca_addr_7_reg_1240     |   32   |
|       ca_addr_reg_1158      |   32   |
|     icmp_ln382_reg_1080     |    1   |
|       mul131_reg_1104       |   32   |
|          r_reg_1021         |    4   |
|           reg_459           |   32   |
|           reg_465           |   32   |
|        tmp_2_reg_1084       |    6   |
|   zext_ln382_cast_reg_1040  |   32   |
|  zext_ln391_1_cast_reg_1065 |   32   |
|  zext_ln391_2_cast_reg_1060 |   32   |
|  zext_ln391_3_cast_reg_1055 |   32   |
|  zext_ln391_4_cast_reg_1050 |   32   |
|  zext_ln391_5_cast_reg_1045 |   32   |
|   zext_ln391_cast_reg_1070  |   32   |
+-----------------------------+--------+
|            Total            |   867  |
+-----------------------------+--------+

* Multiplexer (MUX) list: 
|----------------------|------|------|------|--------||---------||---------|
|         Comp         |  Pin | Size |  BW  | S x BW ||  Delay  ||   LUT   |
|----------------------|------|------|------|--------||---------||---------|
| grp_writeresp_fu_258 |  p0  |   2  |   1  |    2   |
| grp_writeresp_fu_273 |  p0  |   2  |   1  |    2   |
| grp_writeresp_fu_289 |  p0  |   2  |   1  |    2   |
| grp_writeresp_fu_305 |  p0  |   2  |   1  |    2   |
| grp_writeresp_fu_321 |  p0  |   2  |   1  |    2   |
| grp_writeresp_fu_337 |  p0  |   2  |   1  |    2   |
| grp_writeresp_fu_353 |  p0  |   2  |   1  |    2   |
| grp_writeresp_fu_369 |  p0  |   2  |   1  |    2   |
|   grp_access_fu_400  |  p0  |   8  |   6  |   48   ||    42   |
|   grp_access_fu_400  |  p2  |   8  |   0  |    0   ||    42   |
|        reg_465       |  p0  |   2  |  32  |   64   ||    9    |
|----------------------|------|------|------|--------||---------||---------|
|         Total        |      |      |      |   128  || 18.8996 ||    93   |
|----------------------|------|------|------|--------||---------||---------|



* Summary:
+-----------+--------+--------+--------+--------+
|           |   DSP  |  Delay |   FF   |   LUT  |
+-----------+--------+--------+--------+--------+
|  Function |    1   |    -   |    0   |   951  |
|   Memory  |    -   |    -   |    -   |    -   |
|Multiplexer|    -   |   18   |    -   |   93   |
|  Register |    -   |    -   |   867  |    -   |
+-----------+--------+--------+--------+--------+
|   Total   |    1   |   18   |   867  |  1044  |
+-----------+--------+--------+--------+--------+
