

================================================================
== Vitis HLS Report for 'mxm_execute_ursa'
================================================================
* Date:           Fri Aug  7 15:00:23 2026

* Version:        2023.2 (Build 4023990 on Oct 11 2023)
* Project:        mxm_execute_ursa
* Solution:       hls (Vivado IP Flow Target)
* Product family: zynq
* Target device:  xc7z020-clg484-1


================================================================
== Performance Estimates
================================================================
+ Timing: 
    * Summary: 
    +--------+----------+----------+------------+
    |  Clock |  Target  | Estimated| Uncertainty|
    +--------+----------+----------+------------+
    |ap_clk  |  10.00 ns|  8.133 ns|     2.70 ns|
    +--------+----------+----------+------------+

+ Latency: 
    * Summary: 
    +---------+-----------------+-----------+-------------+-----+-----------------+---------+
    |      Latency (cycles)     |    Latency (absolute)   |        Interval       | Pipeline|
    |   min   |       max       |    min    |     max     | min |       max       |   Type  |
    +---------+-----------------+-----------+-------------+-----+-----------------+---------+
    |        3|  155586129821699|  30.000 ns|  1.6e+06 sec|    4|  155586129821700|       no|
    +---------+-----------------+-----------+-------------+-----+-----------------+---------+

    + Detail: 
        * Instance: 
        +--------------------------------------------------------+--------------------------------------------+---------+---------+----------+----------+-----+-----+---------+
        |                                                        |                                            |  Latency (cycles) |  Latency (absolute) |  Interval | Pipeline|
        |                        Instance                        |                   Module                   |   min   |   max   |    min   |    max   | min | max |   Type  |
        +--------------------------------------------------------+--------------------------------------------+---------+---------+----------+----------+-----+-----+---------+
        |grp_mxm_execute_ursa_Pipeline_VITIS_LOOP_341_4_fu_1035  |mxm_execute_ursa_Pipeline_VITIS_LOOP_341_4  |       77|       77|  0.770 us|  0.770 us|   77|   77|       no|
        |grp_mxm_execute_ursa_Pipeline_VITIS_LOOP_361_6_fu_1408  |mxm_execute_ursa_Pipeline_VITIS_LOOP_361_6  |      201|      201|  2.010 us|  2.010 us|  201|  201|       no|
        |grp_mxm_execute_ursa_Pipeline_VITIS_LOOP_382_7_fu_1831  |mxm_execute_ursa_Pipeline_VITIS_LOOP_382_7  |       73|       73|  0.730 us|  0.730 us|   73|   73|       no|
        +--------------------------------------------------------+--------------------------------------------+---------+---------+----------+----------+-----+-----+---------+

        * Loop: 
        +-------------------------------------+---------+-----------------+--------------+-----------+-----------+--------------+----------+
        |                                     |      Latency (cycles)     |   Iteration  |  Initiation Interval  |     Trip     |          |
        |              Loop Name              |   min   |       max       |    Latency   |  achieved |   target  |     Count    | Pipelined|
        +-------------------------------------+---------+-----------------+--------------+-----------+-----------+--------------+----------+
        |- VITIS_LOOP_312_1_VITIS_LOOP_313_2  |        0|  155586129821696|  78 ~ 2318414|          -|          -|  0 ~ 67108864|        no|
        | + VITIS_LOOP_328_3                  |        0|          2318336|           283|          -|          -|      0 ~ 8192|        no|
        +-------------------------------------+---------+-----------------+--------------+-----------+-----------+--------------+----------+



================================================================
== Utilization Estimates
================================================================
* Summary: 
+-----------------+---------+-----+--------+-------+-----+
|       Name      | BRAM_18K| DSP |   FF   |  LUT  | URAM|
+-----------------+---------+-----+--------+-------+-----+
|DSP              |        -|    -|       -|      -|    -|
|Expression       |        -|    -|       0|    628|    -|
|FIFO             |        -|    -|       -|      -|    -|
|Instance         |        8|   68|   11905|  11553|    -|
|Memory           |        2|    -|       0|      0|    0|
|Multiplexer      |        -|    -|       -|   1246|    -|
|Register         |        -|    -|    2232|      -|    -|
+-----------------+---------+-----+--------+-------+-----+
|Total            |       10|   68|   14137|  13427|    0|
+-----------------+---------+-----+--------+-------+-----+
|Available        |      280|  220|  106400|  53200|    0|
+-----------------+---------+-----+--------+-------+-----+
|Utilization (%)  |        3|   30|      13|     25|    0|
+-----------------+---------+-----+--------+-------+-----+

+ Detail: 
    * Instance: 
    +--------------------------------------------------------+--------------------------------------------+---------+----+------+------+-----+
    |                        Instance                        |                   Module                   | BRAM_18K| DSP|  FF  |  LUT | URAM|
    +--------------------------------------------------------+--------------------------------------------+---------+----+------+------+-----+
    |ap_s_axi_U                                              |ap_s_axi                                    |        0|   0|   110|   152|    0|
    |aw_m_axi_U                                              |aw_m_axi                                    |        2|   0|   866|   853|    0|
    |bi_m_axi_U                                              |bi_m_axi                                    |        2|   0|   866|   853|    0|
    |ca_m_axi_U                                              |ca_m_axi                                    |        4|   0|   830|   733|    0|
    |control_s_axi_U                                         |control_s_axi                               |        0|   0|   240|   424|    0|
    |mul_13ns_16ns_29_1_1_U591                               |mul_13ns_16ns_29_1_1                        |        0|   1|     0|     6|    0|
    |mul_13ns_16ns_29_1_1_U592                               |mul_13ns_16ns_29_1_1                        |        0|   1|     0|     6|    0|
    |mul_14ns_14ns_28_1_1_U590                               |mul_14ns_14ns_28_1_1                        |        0|   1|     0|     6|    0|
    |grp_mxm_execute_ursa_Pipeline_VITIS_LOOP_341_4_fu_1035  |mxm_execute_ursa_Pipeline_VITIS_LOOP_341_4  |        0|   0|  1874|  2703|    0|
    |grp_mxm_execute_ursa_Pipeline_VITIS_LOOP_361_6_fu_1408  |mxm_execute_ursa_Pipeline_VITIS_LOOP_361_6  |        0|  64|  6221|  4480|    0|
    |grp_mxm_execute_ursa_Pipeline_VITIS_LOOP_382_7_fu_1831  |mxm_execute_ursa_Pipeline_VITIS_LOOP_382_7  |        0|   1|   898|  1337|    0|
    +--------------------------------------------------------+--------------------------------------------+---------+----+------+------+-----+
    |Total                                                   |                                            |        8|  68| 11905| 11553|    0|
    +--------------------------------------------------------+--------------------------------------------+---------+----+------+------+-----+

    * DSP: 
    N/A

    * Memory: 
    +--------------+--------------------------+---------+---+----+-----+------+-----+------+-------------+
    |    Memory    |          Module          | BRAM_18K| FF| LUT| URAM| Words| Bits| Banks| W*Bits*Banks|
    +--------------+--------------------------+---------+---+----+-----+------+-----+------+-------------+
    |c_tile_acc_U  |c_tile_acc_RAM_AUTO_1R1W  |        2|  0|   0|    0|    64|   32|     1|         2048|
    +--------------+--------------------------+---------+---+----+-----+------+-----+------+-------------+
    |Total         |                          |        2|  0|   0|    0|    64|   32|     1|         2048|
    +--------------+--------------------------+---------+---+----+-----+------+-----+------+-------------+

    * FIFO: 
    N/A

    * Expression: 
    +---------------------------+----------+----+---+----+------------+------------+
    |       Variable Name       | Operation| DSP| FF| LUT| Bitwidth P0| Bitwidth P1|
    +---------------------------+----------+----+---+----+------------+------------+
    |add_ln308_fu_2381_p2       |         +|   0|  0|  24|          17|           3|
    |add_ln309_fu_2391_p2       |         +|   0|  0|  24|          17|           3|
    |add_ln310_fu_2420_p2       |         +|   0|  0|  24|          17|           3|
    |add_ln312_1_fu_2466_p2     |         +|   0|  0|  34|          27|           1|
    |add_ln312_fu_2478_p2       |         +|   0|  0|  17|          14|           1|
    |add_ln313_fu_2654_p2       |         +|   0|  0|  17|          14|           1|
    |add_ln328_fu_2544_p2       |         +|   0|  0|  17|          14|           1|
    |add_ln330_fu_2566_p2       |         +|   0|  0|  39|          32|          32|
    |add_ln331_fu_2903_p2       |         +|   0|  0|  39|          32|          32|
    |cmp124_1_fu_2589_p2        |      icmp|   0|  0|  23|          16|          16|
    |cmp124_2_fu_2599_p2        |      icmp|   0|  0|  23|          16|          16|
    |cmp124_3_fu_2609_p2        |      icmp|   0|  0|  23|          16|          16|
    |cmp124_4_fu_2619_p2        |      icmp|   0|  0|  23|          16|          16|
    |cmp124_5_fu_2629_p2        |      icmp|   0|  0|  23|          16|          16|
    |cmp124_6_fu_2639_p2        |      icmp|   0|  0|  23|          16|          16|
    |cmp124_7_fu_2649_p2        |      icmp|   0|  0|  23|          16|          16|
    |cmp124_fu_2580_p2          |      icmp|   0|  0|  23|          16|          16|
    |icmp_ln312_fu_2461_p2      |      icmp|   0|  0|  35|          28|          28|
    |icmp_ln313_fu_2484_p2      |      icmp|   0|  0|  17|          14|          14|
    |icmp_ln328_fu_2539_p2      |      icmp|   0|  0|  17|          14|          14|
    |global_col_10_fu_2624_p2   |        or|   0|  0|  16|          16|           3|
    |global_col_12_fu_2634_p2   |        or|   0|  0|  16|          16|           3|
    |global_col_14_fu_2644_p2   |        or|   0|  0|  16|          16|           3|
    |global_col_2_fu_2584_p2    |        or|   0|  0|  16|          16|           1|
    |global_col_4_fu_2594_p2    |        or|   0|  0|  16|          16|           2|
    |global_col_6_fu_2604_p2    |        or|   0|  0|  16|          16|           2|
    |global_col_8_fu_2614_p2    |        or|   0|  0|  16|          16|           3|
    |select_ln312_1_fu_2489_p3  |    select|   0|  0|  14|           1|          14|
    |select_ln312_fu_2501_p3    |    select|   0|  0|  14|           1|           1|
    +---------------------------+----------+----+---+----+------------+------------+
    |Total                      |          |   0|  0| 628|         482|         293|
    +---------------------------+----------+----+---+----+------------+------------+

    * Multiplexer: 
    +---------------------------------------------------------------------------------------+----+-----------+-----+-----------+
    |                                          Name                                         | LUT| Input Size| Bits| Total Bits|
    +---------------------------------------------------------------------------------------+----+-----------+-----+-----------+
    |ap_NS_fsm                                                                              |  65|         13|    1|         13|
    |aw_ARVALID                                                                             |   9|          2|    1|          2|
    |aw_RREADY                                                                              |   9|          2|    1|          2|
    |bi_ARVALID                                                                             |   9|          2|    1|          2|
    |bi_RREADY                                                                              |   9|          2|    1|          2|
    |c_tile_acc_address0                                                                    |  14|          3|    6|         18|
    |c_tile_acc_address1                                                                    |  14|          3|    6|         18|
    |c_tile_acc_ce0                                                                         |  14|          3|    1|          3|
    |c_tile_acc_ce1                                                                         |  14|          3|    1|          3|
    |c_tile_acc_we0                                                                         |   9|          2|    1|          2|
    |c_tile_acc_we1                                                                         |   9|          2|    1|          2|
    |ca_AWVALID                                                                             |   9|          2|    1|          2|
    |ca_BREADY                                                                              |   9|          2|    1|          2|
    |ca_WVALID                                                                              |   9|          2|    1|          2|
    |i_fu_496                                                                               |   9|          2|   14|         28|
    |indvar_flatten_fu_500                                                                  |   9|          2|   27|         54|
    |j_fu_492                                                                               |   9|          2|   14|         28|
    |k_reg_1024                                                                             |   9|          2|   14|         28|
    |mxm_execute_ursa_signed_char_unsigned_short_unsigned_char_unsigned_short_i_13          |   9|          2|    8|         16|
    |mxm_execute_ursa_signed_char_unsigned_short_unsigned_char_unsigned_short_i_178         |   9|          2|    8|         16|
    |mxm_execute_ursa_signed_char_unsigned_short_unsigned_char_unsigned_short_i_179         |   9|          2|    8|         16|
    |mxm_execute_ursa_signed_char_unsigned_short_unsigned_char_unsigned_short_i_180         |   9|          2|    8|         16|
    |mxm_execute_ursa_signed_char_unsigned_short_unsigned_char_unsigned_short_i_181         |   9|          2|    8|         16|
    |mxm_execute_ursa_signed_char_unsigned_short_unsigned_char_unsigned_short_i_182         |   9|          2|    8|         16|
    |mxm_execute_ursa_signed_char_unsigned_short_unsigned_char_unsigned_short_i_183         |   9|          2|    8|         16|
    |mxm_execute_ursa_signed_char_unsigned_short_unsigned_char_unsigned_short_i_184         |   9|          2|    8|         16|
    |mxm_execute_ursa_signed_char_unsigned_short_unsigned_char_unsigned_short_i_185         |   9|          2|    8|         16|
    |mxm_execute_ursa_signed_char_unsigned_short_unsigned_char_unsigned_short_i_186         |   9|          2|    8|         16|
    |mxm_execute_ursa_signed_char_unsigned_short_unsigned_char_unsigned_short_i_187         |   9|          2|    8|         16|
    |mxm_execute_ursa_signed_char_unsigned_short_unsigned_char_unsigned_short_i_189         |   9|          2|    8|         16|
    |mxm_execute_ursa_signed_char_unsigned_short_unsigned_char_unsigned_short_i_190         |   9|          2|    8|         16|
    |mxm_execute_ursa_signed_char_unsigned_short_unsigned_char_unsigned_short_i_191         |   9|          2|    8|         16|
    |mxm_execute_ursa_signed_char_unsigned_short_unsigned_char_unsigned_short_i_192         |   9|          2|    8|         16|
    |mxm_execute_ursa_signed_char_unsigned_short_unsigned_char_unsigned_short_i_193         |   9|          2|    8|         16|
    |mxm_execute_ursa_signed_char_unsigned_short_unsigned_char_unsigned_short_i_194         |   9|          2|    8|         16|
    |mxm_execute_ursa_signed_char_unsigned_short_unsigned_char_unsigned_short_i_195         |   9|          2|    8|         16|
    |mxm_execute_ursa_signed_char_unsigned_short_unsigned_char_unsigned_short_i_196         |   9|          2|    8|         16|
    |mxm_execute_ursa_signed_char_unsigned_short_unsigned_char_unsigned_short_i_197         |   9|          2|    8|         16|
    |mxm_execute_ursa_signed_char_unsigned_short_unsigned_char_unsigned_short_i_198         |   9|          2|    8|         16|
    |mxm_execute_ursa_signed_char_unsigned_short_unsigned_char_unsigned_short_i_200         |   9|          2|    8|         16|
    |mxm_execute_ursa_signed_char_unsigned_short_unsigned_char_unsigned_short_i_201         |   9|          2|    8|         16|
    |mxm_execute_ursa_signed_char_unsigned_short_unsigned_char_unsigned_short_i_202         |   9|          2|    8|         16|
    |mxm_execute_ursa_signed_char_unsigned_short_unsigned_char_unsigned_short_i_203         |   9|          2|    8|         16|
    |mxm_execute_ursa_signed_char_unsigned_short_unsigned_char_unsigned_short_i_204         |   9|          2|    8|         16|
    |mxm_execute_ursa_signed_char_unsigned_short_unsigned_char_unsigned_short_i_205         |   9|          2|    8|         16|
    |mxm_execute_ursa_signed_char_unsigned_short_unsigned_char_unsigned_short_i_206         |   9|          2|    8|         16|
    |mxm_execute_ursa_signed_char_unsigned_short_unsigned_char_unsigned_short_i_207         |   9|          2|    8|         16|
    |mxm_execute_ursa_signed_char_unsigned_short_unsigned_char_unsigned_short_i_208         |   9|          2|    8|         16|
    |mxm_execute_ursa_signed_char_unsigned_short_unsigned_char_unsigned_short_i_209         |   9|          2|    8|         16|
    |mxm_execute_ursa_signed_char_unsigned_short_unsigned_char_unsigned_short_i_211         |   9|          2|    8|         16|
    |mxm_execute_ursa_signed_char_unsigned_short_unsigned_char_unsigned_short_i_212         |   9|          2|    8|         16|
    |mxm_execute_ursa_signed_char_unsigned_short_unsigned_char_unsigned_short_i_213         |   9|          2|    8|         16|
    |mxm_execute_ursa_signed_char_unsigned_short_unsigned_char_unsigned_short_i_214         |   9|          2|    8|         16|
    |mxm_execute_ursa_signed_char_unsigned_short_unsigned_char_unsigned_short_i_215         |   9|          2|    8|         16|
    |mxm_execute_ursa_signed_char_unsigned_short_unsigned_char_unsigned_short_i_216         |   9|          2|    8|         16|
    |mxm_execute_ursa_signed_char_unsigned_short_unsigned_char_unsigned_short_i_217         |   9|          2|    8|         16|
    |mxm_execute_ursa_signed_char_unsigned_short_unsigned_char_unsigned_short_i_218         |   9|          2|    8|         16|
    |mxm_execute_ursa_signed_char_unsigned_short_unsigned_char_unsigned_short_i_219         |   9|          2|    8|         16|
    |mxm_execute_ursa_signed_char_unsigned_short_unsigned_char_unsigned_short_i_22          |   9|          2|    8|         16|
    |mxm_execute_ursa_signed_char_unsigned_short_unsigned_char_unsigned_short_i_220         |   9|          2|    8|         16|
    |mxm_execute_ursa_signed_char_unsigned_short_unsigned_char_unsigned_short_i_222         |   9|          2|    8|         16|
    |mxm_execute_ursa_signed_char_unsigned_short_unsigned_char_unsigned_short_i_223         |   9|          2|    8|         16|
    |mxm_execute_ursa_signed_char_unsigned_short_unsigned_char_unsigned_short_i_224         |   9|          2|    8|         16|
    |mxm_execute_ursa_signed_char_unsigned_short_unsigned_char_unsigned_short_i_225         |   9|          2|    8|         16|
    |mxm_execute_ursa_signed_char_unsigned_short_unsigned_char_unsigned_short_i_226         |   9|          2|    8|         16|
    |mxm_execute_ursa_signed_char_unsigned_short_unsigned_char_unsigned_short_i_227         |   9|          2|    8|         16|
    |mxm_execute_ursa_signed_char_unsigned_short_unsigned_char_unsigned_short_i_228         |   9|          2|    8|         16|
    |mxm_execute_ursa_signed_char_unsigned_short_unsigned_char_unsigned_short_i_229         |   9|          2|    8|         16|
    |mxm_execute_ursa_signed_char_unsigned_short_unsigned_char_unsigned_short_i_230         |   9|          2|    8|         16|
    |mxm_execute_ursa_signed_char_unsigned_short_unsigned_char_unsigned_short_i_231         |   9|          2|    8|         16|
    |mxm_execute_ursa_signed_char_unsigned_short_unsigned_char_unsigned_short_i_233         |   9|          2|    8|         16|
    |mxm_execute_ursa_signed_char_unsigned_short_unsigned_char_unsigned_short_i_234         |   9|          2|    8|         16|
    |mxm_execute_ursa_signed_char_unsigned_short_unsigned_char_unsigned_short_i_251_fu_648  |   9|          2|    8|         16|
    |mxm_execute_ursa_signed_char_unsigned_short_unsigned_char_unsigned_short_i_252_fu_644  |   9|          2|    8|         16|
    |mxm_execute_ursa_signed_char_unsigned_short_unsigned_char_unsigned_short_i_253_fu_640  |   9|          2|    8|         16|
    |mxm_execute_ursa_signed_char_unsigned_short_unsigned_char_unsigned_short_i_254_fu_636  |   9|          2|    8|         16|
    |mxm_execute_ursa_signed_char_unsigned_short_unsigned_char_unsigned_short_i_255_fu_632  |   9|          2|    8|         16|
    |mxm_execute_ursa_signed_char_unsigned_short_unsigned_char_unsigned_short_i_256_fu_628  |   9|          2|    8|         16|
    |mxm_execute_ursa_signed_char_unsigned_short_unsigned_char_unsigned_short_i_257_fu_624  |   9|          2|    8|         16|
    |mxm_execute_ursa_signed_char_unsigned_short_unsigned_char_unsigned_short_i_258_fu_620  |   9|          2|    8|         16|
    |mxm_execute_ursa_signed_char_unsigned_short_unsigned_char_unsigned_short_i_259_fu_616  |   9|          2|    8|         16|
    |mxm_execute_ursa_signed_char_unsigned_short_unsigned_char_unsigned_short_i_260_fu_612  |   9|          2|    8|         16|
    |mxm_execute_ursa_signed_char_unsigned_short_unsigned_char_unsigned_short_i_261_fu_608  |   9|          2|    8|         16|
    |mxm_execute_ursa_signed_char_unsigned_short_unsigned_char_unsigned_short_i_262_fu_604  |   9|          2|    8|         16|
    |mxm_execute_ursa_signed_char_unsigned_short_unsigned_char_unsigned_short_i_263_fu_600  |   9|          2|    8|         16|
    |mxm_execute_ursa_signed_char_unsigned_short_unsigned_char_unsigned_short_i_264_fu_596  |   9|          2|    8|         16|
    |mxm_execute_ursa_signed_char_unsigned_short_unsigned_char_unsigned_short_i_265_fu_592  |   9|          2|    8|         16|
    |mxm_execute_ursa_signed_char_unsigned_short_unsigned_char_unsigned_short_i_266_fu_588  |   9|          2|    8|         16|
    |mxm_execute_ursa_signed_char_unsigned_short_unsigned_char_unsigned_short_i_267_fu_584  |   9|          2|    8|         16|
    |mxm_execute_ursa_signed_char_unsigned_short_unsigned_char_unsigned_short_i_268_fu_580  |   9|          2|    8|         16|
    |mxm_execute_ursa_signed_char_unsigned_short_unsigned_char_unsigned_short_i_269_fu_576  |   9|          2|    8|         16|
    |mxm_execute_ursa_signed_char_unsigned_short_unsigned_char_unsigned_short_i_270_fu_572  |   9|          2|    8|         16|
    |mxm_execute_ursa_signed_char_unsigned_short_unsigned_char_unsigned_short_i_271_fu_568  |   9|          2|    8|         16|
    |mxm_execute_ursa_signed_char_unsigned_short_unsigned_char_unsigned_short_i_272_fu_564  |   9|          2|    8|         16|
    |mxm_execute_ursa_signed_char_unsigned_short_unsigned_char_unsigned_short_i_273_fu_560  |   9|          2|    8|         16|
    |mxm_execute_ursa_signed_char_unsigned_short_unsigned_char_unsigned_short_i_274_fu_556  |   9|          2|    8|         16|
    |mxm_execute_ursa_signed_char_unsigned_short_unsigned_char_unsigned_short_i_275_fu_552  |   9|          2|    8|         16|
    |mxm_execute_ursa_signed_char_unsigned_short_unsigned_char_unsigned_short_i_276_fu_548  |   9|          2|    8|         16|
    |mxm_execute_ursa_signed_char_unsigned_short_unsigned_char_unsigned_short_i_277_fu_544  |   9|          2|    8|         16|
    |mxm_execute_ursa_signed_char_unsigned_short_unsigned_char_unsigned_short_i_278_fu_540  |   9|          2|    8|         16|
    |mxm_execute_ursa_signed_char_unsigned_short_unsigned_char_unsigned_short_i_279_fu_536  |   9|          2|    8|         16|
    |mxm_execute_ursa_signed_char_unsigned_short_unsigned_char_unsigned_short_i_280_fu_532  |   9|          2|    8|         16|
    |mxm_execute_ursa_signed_char_unsigned_short_unsigned_char_unsigned_short_i_281_fu_528  |   9|          2|    8|         16|
    |mxm_execute_ursa_signed_char_unsigned_short_unsigned_char_unsigned_short_i_282_fu_524  |   9|          2|    8|         16|
    |mxm_execute_ursa_signed_char_unsigned_short_unsigned_char_unsigned_short_i_283_fu_520  |   9|          2|    8|         16|
    |mxm_execute_ursa_signed_char_unsigned_short_unsigned_char_unsigned_short_i_284_fu_516  |   9|          2|    8|         16|
    |mxm_execute_ursa_signed_char_unsigned_short_unsigned_char_unsigned_short_i_285_fu_512  |   9|          2|    8|         16|
    |mxm_execute_ursa_signed_char_unsigned_short_unsigned_char_unsigned_short_i_286_fu_508  |   9|          2|    8|         16|
    |mxm_execute_ursa_signed_char_unsigned_short_unsigned_char_unsigned_short_i_287_fu_504  |   9|          2|    8|         16|
    |mxm_execute_ursa_signed_char_unsigned_short_unsigned_char_unsigned_short_i_30          |   9|          2|    8|         16|
    |mxm_execute_ursa_signed_char_unsigned_short_unsigned_char_unsigned_short_i_4           |   9|          2|    8|         16|
    |mxm_execute_ursa_signed_char_unsigned_short_unsigned_char_unsigned_short_i_539_fu_652  |   9|          2|    8|         16|
    |mxm_execute_ursa_signed_char_unsigned_short_unsigned_char_unsigned_short_i_540_fu_656  |   9|          2|    8|         16|
    |mxm_execute_ursa_signed_char_unsigned_short_unsigned_char_unsigned_short_i_541_fu_660  |   9|          2|    8|         16|
    |mxm_execute_ursa_signed_char_unsigned_short_unsigned_char_unsigned_short_i_542_fu_664  |   9|          2|    8|         16|
    |mxm_execute_ursa_signed_char_unsigned_short_unsigned_char_unsigned_short_i_543_fu_668  |   9|          2|    8|         16|
    |mxm_execute_ursa_signed_char_unsigned_short_unsigned_char_unsigned_short_i_544_fu_672  |   9|          2|    8|         16|
    |mxm_execute_ursa_signed_char_unsigned_short_unsigned_char_unsigned_short_i_545_fu_676  |   9|          2|    8|         16|
    |mxm_execute_ursa_signed_char_unsigned_short_unsigned_char_unsigned_short_i_546_fu_680  |   9|          2|    8|         16|
    |mxm_execute_ursa_signed_char_unsigned_short_unsigned_char_unsigned_short_i_547_fu_684  |   9|          2|    8|         16|
    |mxm_execute_ursa_signed_char_unsigned_short_unsigned_char_unsigned_short_i_548_fu_688  |   9|          2|    8|         16|
    |mxm_execute_ursa_signed_char_unsigned_short_unsigned_char_unsigned_short_i_549_fu_692  |   9|          2|    8|         16|
    |mxm_execute_ursa_signed_char_unsigned_short_unsigned_char_unsigned_short_i_550_fu_696  |   9|          2|    8|         16|
    |mxm_execute_ursa_signed_char_unsigned_short_unsigned_char_unsigned_short_i_551_fu_700  |   9|          2|    8|         16|
    |mxm_execute_ursa_signed_char_unsigned_short_unsigned_char_unsigned_short_i_552_fu_704  |   9|          2|    8|         16|
    |mxm_execute_ursa_signed_char_unsigned_short_unsigned_char_unsigned_short_i_553_fu_708  |   9|          2|    8|         16|
    |mxm_execute_ursa_signed_char_unsigned_short_unsigned_char_unsigned_short_i_554_fu_712  |   9|          2|    8|         16|
    |mxm_execute_ursa_signed_char_unsigned_short_unsigned_char_unsigned_short_i_555_fu_716  |   9|          2|    8|         16|
    |mxm_execute_ursa_signed_char_unsigned_short_unsigned_char_unsigned_short_i_556_fu_720  |   9|          2|    8|         16|
    |mxm_execute_ursa_signed_char_unsigned_short_unsigned_char_unsigned_short_i_557_fu_724  |   9|          2|    8|         16|
    +---------------------------------------------------------------------------------------+----+-----------+-----+-----------+
    |Total                                                                                  |1246|        275|  989|       2003|
    +---------------------------------------------------------------------------------------+----+-----------+-----+-----------+

    * Register: 
    +---------------------------------------------------------------------------------------+----+----+-----+-----------+
    |                                          Name                                         | FF | LUT| Bits| Const Bits|
    +---------------------------------------------------------------------------------------+----+----+-----+-----------+
    |a0_p_0_data_reg                                                                        |  16|   0|   16|          0|
    |a0_p_0_vld_reg                                                                         |   0|   0|    1|          1|
    |a0_p_read_reg_4322                                                                     |  16|   0|   16|          0|
    |add_ln312_1_reg_4362                                                                   |  27|   0|   27|          0|
    |add_ln328_reg_4419                                                                     |  14|   0|   14|          0|
    |add_ln330_reg_4434                                                                     |  29|   0|   32|          3|
    |add_ln331_reg_4687                                                                     |  29|   0|   32|          3|
    |addr_a0_read_reg_3907                                                                  |  64|   0|   64|          0|
    |addr_b0_read_reg_3902                                                                  |  64|   0|   64|          0|
    |addr_c0_read_reg_3897                                                                  |  64|   0|   64|          0|
    |ap_CS_fsm                                                                              |  12|   0|   12|          0|
    |b0_q_0_data_reg                                                                        |  16|   0|   16|          0|
    |b0_q_0_vld_reg                                                                         |   0|   0|    1|          1|
    |b0_q_read_reg_4304                                                                     |  16|   0|   16|          0|
    |base_col_A_reg_4429                                                                    |  13|   0|   16|          3|
    |base_col_B_cast_reg_4411                                                               |  13|   0|   32|         19|
    |base_col_B_reg_4397                                                                    |  13|   0|   16|          3|
    |bound_reg_4354                                                                         |  28|   0|   28|          0|
    |cmp124_1_reg_4454                                                                      |   1|   0|    1|          0|
    |cmp124_2_reg_4464                                                                      |   1|   0|    1|          0|
    |cmp124_3_reg_4474                                                                      |   1|   0|    1|          0|
    |cmp124_4_reg_4484                                                                      |   1|   0|    1|          0|
    |cmp124_5_reg_4494                                                                      |   1|   0|    1|          0|
    |cmp124_6_reg_4504                                                                      |   1|   0|    1|          0|
    |cmp124_7_reg_4514                                                                      |   1|   0|    1|          0|
    |cmp124_reg_4444                                                                        |   1|   0|    1|          0|
    |global_col_10_reg_4489                                                                 |  13|   0|   16|          3|
    |global_col_12_reg_4499                                                                 |  13|   0|   16|          3|
    |global_col_14_reg_4509                                                                 |  13|   0|   16|          3|
    |global_col_2_reg_4449                                                                  |  13|   0|   16|          3|
    |global_col_4_reg_4459                                                                  |  13|   0|   16|          3|
    |global_col_6_reg_4469                                                                  |  13|   0|   16|          3|
    |global_col_8_reg_4479                                                                  |  13|   0|   16|          3|
    |grp_mxm_execute_ursa_Pipeline_VITIS_LOOP_341_4_fu_1035_ap_start_reg                    |   1|   0|    1|          0|
    |grp_mxm_execute_ursa_Pipeline_VITIS_LOOP_361_6_fu_1408_ap_start_reg                    |   1|   0|    1|          0|
    |grp_mxm_execute_ursa_Pipeline_VITIS_LOOP_382_7_fu_1831_ap_start_reg                    |   1|   0|    1|          0|
    |i_fu_496                                                                               |  14|   0|   14|          0|
    |icmp_ln313_reg_4370                                                                    |   1|   0|    1|          0|
    |indvar_flatten_fu_500                                                                  |  27|   0|   27|          0|
    |j_fu_492                                                                               |  14|   0|   14|          0|
    |k_reg_1024                                                                             |  14|   0|   14|          0|
    |lshr_ln309_cast_reg_4328                                                               |  14|   0|   14|          0|
    |lshr_ln310_cast_reg_4339                                                               |  14|   0|   14|          0|
    |m_0_data_reg                                                                           |  16|   0|   16|          0|
    |m_0_vld_reg                                                                            |   0|   0|    1|          1|
    |m_read_reg_4296                                                                        |  16|   0|   16|          0|
    |mul_ln331_reg_4439                                                                     |  29|   0|   29|          0|
    |mxm_execute_ursa_signed_char_unsigned_short_unsigned_char_unsigned_short_i_10          |   8|   0|    8|          0|
    |mxm_execute_ursa_signed_char_unsigned_short_unsigned_char_unsigned_short_i_13          |   8|   0|    8|          0|
    |mxm_execute_ursa_signed_char_unsigned_short_unsigned_char_unsigned_short_i_175         |   8|   0|    8|          0|
    |mxm_execute_ursa_signed_char_unsigned_short_unsigned_char_unsigned_short_i_176         |   8|   0|    8|          0|
    |mxm_execute_ursa_signed_char_unsigned_short_unsigned_char_unsigned_short_i_177         |   8|   0|    8|          0|
    |mxm_execute_ursa_signed_char_unsigned_short_unsigned_char_unsigned_short_i_178         |   8|   0|    8|          0|
    |mxm_execute_ursa_signed_char_unsigned_short_unsigned_char_unsigned_short_i_179         |   8|   0|    8|          0|
    |mxm_execute_ursa_signed_char_unsigned_short_unsigned_char_unsigned_short_i_180         |   8|   0|    8|          0|
    |mxm_execute_ursa_signed_char_unsigned_short_unsigned_char_unsigned_short_i_181         |   8|   0|    8|          0|
    |mxm_execute_ursa_signed_char_unsigned_short_unsigned_char_unsigned_short_i_182         |   8|   0|    8|          0|
    |mxm_execute_ursa_signed_char_unsigned_short_unsigned_char_unsigned_short_i_183         |   8|   0|    8|          0|
    |mxm_execute_ursa_signed_char_unsigned_short_unsigned_char_unsigned_short_i_184         |   8|   0|    8|          0|
    |mxm_execute_ursa_signed_char_unsigned_short_unsigned_char_unsigned_short_i_185         |   8|   0|    8|          0|
    |mxm_execute_ursa_signed_char_unsigned_short_unsigned_char_unsigned_short_i_186         |   8|   0|    8|          0|
    |mxm_execute_ursa_signed_char_unsigned_short_unsigned_char_unsigned_short_i_187         |   8|   0|    8|          0|
    |mxm_execute_ursa_signed_char_unsigned_short_unsigned_char_unsigned_short_i_188         |   8|   0|    8|          0|
    |mxm_execute_ursa_signed_char_unsigned_short_unsigned_char_unsigned_short_i_189         |   8|   0|    8|          0|
    |mxm_execute_ursa_signed_char_unsigned_short_unsigned_char_unsigned_short_i_190         |   8|   0|    8|          0|
    |mxm_execute_ursa_signed_char_unsigned_short_unsigned_char_unsigned_short_i_191         |   8|   0|    8|          0|
    |mxm_execute_ursa_signed_char_unsigned_short_unsigned_char_unsigned_short_i_192         |   8|   0|    8|          0|
    |mxm_execute_ursa_signed_char_unsigned_short_unsigned_char_unsigned_short_i_193         |   8|   0|    8|          0|
    |mxm_execute_ursa_signed_char_unsigned_short_unsigned_char_unsigned_short_i_194         |   8|   0|    8|          0|
    |mxm_execute_ursa_signed_char_unsigned_short_unsigned_char_unsigned_short_i_195         |   8|   0|    8|          0|
    |mxm_execute_ursa_signed_char_unsigned_short_unsigned_char_unsigned_short_i_196         |   8|   0|    8|          0|
    |mxm_execute_ursa_signed_char_unsigned_short_unsigned_char_unsigned_short_i_197         |   8|   0|    8|          0|
    |mxm_execute_ursa_signed_char_unsigned_short_unsigned_char_unsigned_short_i_198         |   8|   0|    8|          0|
    |mxm_execute_ursa_signed_char_unsigned_short_unsigned_char_unsigned_short_i_199         |   8|   0|    8|          0|
    |mxm_execute_ursa_signed_char_unsigned_short_unsigned_char_unsigned_short_i_200         |   8|   0|    8|          0|
    |mxm_execute_ursa_signed_char_unsigned_short_unsigned_char_unsigned_short_i_201         |   8|   0|    8|          0|
    |mxm_execute_ursa_signed_char_unsigned_short_unsigned_char_unsigned_short_i_202         |   8|   0|    8|          0|
    |mxm_execute_ursa_signed_char_unsigned_short_unsigned_char_unsigned_short_i_203         |   8|   0|    8|          0|
    |mxm_execute_ursa_signed_char_unsigned_short_unsigned_char_unsigned_short_i_204         |   8|   0|    8|          0|
    |mxm_execute_ursa_signed_char_unsigned_short_unsigned_char_unsigned_short_i_205         |   8|   0|    8|          0|
    |mxm_execute_ursa_signed_char_unsigned_short_unsigned_char_unsigned_short_i_206         |   8|   0|    8|          0|
    |mxm_execute_ursa_signed_char_unsigned_short_unsigned_char_unsigned_short_i_207         |   8|   0|    8|          0|
    |mxm_execute_ursa_signed_char_unsigned_short_unsigned_char_unsigned_short_i_208         |   8|   0|    8|          0|
    |mxm_execute_ursa_signed_char_unsigned_short_unsigned_char_unsigned_short_i_209         |   8|   0|    8|          0|
    |mxm_execute_ursa_signed_char_unsigned_short_unsigned_char_unsigned_short_i_21          |   8|   0|    8|          0|
    |mxm_execute_ursa_signed_char_unsigned_short_unsigned_char_unsigned_short_i_210         |   8|   0|    8|          0|
    |mxm_execute_ursa_signed_char_unsigned_short_unsigned_char_unsigned_short_i_211         |   8|   0|    8|          0|
    |mxm_execute_ursa_signed_char_unsigned_short_unsigned_char_unsigned_short_i_212         |   8|   0|    8|          0|
    |mxm_execute_ursa_signed_char_unsigned_short_unsigned_char_unsigned_short_i_213         |   8|   0|    8|          0|
    |mxm_execute_ursa_signed_char_unsigned_short_unsigned_char_unsigned_short_i_214         |   8|   0|    8|          0|
    |mxm_execute_ursa_signed_char_unsigned_short_unsigned_char_unsigned_short_i_215         |   8|   0|    8|          0|
    |mxm_execute_ursa_signed_char_unsigned_short_unsigned_char_unsigned_short_i_216         |   8|   0|    8|          0|
    |mxm_execute_ursa_signed_char_unsigned_short_unsigned_char_unsigned_short_i_217         |   8|   0|    8|          0|
    |mxm_execute_ursa_signed_char_unsigned_short_unsigned_char_unsigned_short_i_218         |   8|   0|    8|          0|
    |mxm_execute_ursa_signed_char_unsigned_short_unsigned_char_unsigned_short_i_219         |   8|   0|    8|          0|
    |mxm_execute_ursa_signed_char_unsigned_short_unsigned_char_unsigned_short_i_22          |   8|   0|    8|          0|
    |mxm_execute_ursa_signed_char_unsigned_short_unsigned_char_unsigned_short_i_220         |   8|   0|    8|          0|
    |mxm_execute_ursa_signed_char_unsigned_short_unsigned_char_unsigned_short_i_221         |   8|   0|    8|          0|
    |mxm_execute_ursa_signed_char_unsigned_short_unsigned_char_unsigned_short_i_222         |   8|   0|    8|          0|
    |mxm_execute_ursa_signed_char_unsigned_short_unsigned_char_unsigned_short_i_223         |   8|   0|    8|          0|
    |mxm_execute_ursa_signed_char_unsigned_short_unsigned_char_unsigned_short_i_224         |   8|   0|    8|          0|
    |mxm_execute_ursa_signed_char_unsigned_short_unsigned_char_unsigned_short_i_225         |   8|   0|    8|          0|
    |mxm_execute_ursa_signed_char_unsigned_short_unsigned_char_unsigned_short_i_226         |   8|   0|    8|          0|
    |mxm_execute_ursa_signed_char_unsigned_short_unsigned_char_unsigned_short_i_227         |   8|   0|    8|          0|
    |mxm_execute_ursa_signed_char_unsigned_short_unsigned_char_unsigned_short_i_228         |   8|   0|    8|          0|
    |mxm_execute_ursa_signed_char_unsigned_short_unsigned_char_unsigned_short_i_229         |   8|   0|    8|          0|
    |mxm_execute_ursa_signed_char_unsigned_short_unsigned_char_unsigned_short_i_230         |   8|   0|    8|          0|
    |mxm_execute_ursa_signed_char_unsigned_short_unsigned_char_unsigned_short_i_231         |   8|   0|    8|          0|
    |mxm_execute_ursa_signed_char_unsigned_short_unsigned_char_unsigned_short_i_232         |   8|   0|    8|          0|
    |mxm_execute_ursa_signed_char_unsigned_short_unsigned_char_unsigned_short_i_233         |   8|   0|    8|          0|
    |mxm_execute_ursa_signed_char_unsigned_short_unsigned_char_unsigned_short_i_234         |   8|   0|    8|          0|
    |mxm_execute_ursa_signed_char_unsigned_short_unsigned_char_unsigned_short_i_243         |   8|   0|    8|          0|
    |mxm_execute_ursa_signed_char_unsigned_short_unsigned_char_unsigned_short_i_251_fu_648  |   8|   0|    8|          0|
    |mxm_execute_ursa_signed_char_unsigned_short_unsigned_char_unsigned_short_i_252_fu_644  |   8|   0|    8|          0|
    |mxm_execute_ursa_signed_char_unsigned_short_unsigned_char_unsigned_short_i_253_fu_640  |   8|   0|    8|          0|
    |mxm_execute_ursa_signed_char_unsigned_short_unsigned_char_unsigned_short_i_254_fu_636  |   8|   0|    8|          0|
    |mxm_execute_ursa_signed_char_unsigned_short_unsigned_char_unsigned_short_i_255_fu_632  |   8|   0|    8|          0|
    |mxm_execute_ursa_signed_char_unsigned_short_unsigned_char_unsigned_short_i_256_fu_628  |   8|   0|    8|          0|
    |mxm_execute_ursa_signed_char_unsigned_short_unsigned_char_unsigned_short_i_257_fu_624  |   8|   0|    8|          0|
    |mxm_execute_ursa_signed_char_unsigned_short_unsigned_char_unsigned_short_i_258_fu_620  |   8|   0|    8|          0|
    |mxm_execute_ursa_signed_char_unsigned_short_unsigned_char_unsigned_short_i_259_fu_616  |   8|   0|    8|          0|
    |mxm_execute_ursa_signed_char_unsigned_short_unsigned_char_unsigned_short_i_260_fu_612  |   8|   0|    8|          0|
    |mxm_execute_ursa_signed_char_unsigned_short_unsigned_char_unsigned_short_i_261_fu_608  |   8|   0|    8|          0|
    |mxm_execute_ursa_signed_char_unsigned_short_unsigned_char_unsigned_short_i_262_fu_604  |   8|   0|    8|          0|
    |mxm_execute_ursa_signed_char_unsigned_short_unsigned_char_unsigned_short_i_263_fu_600  |   8|   0|    8|          0|
    |mxm_execute_ursa_signed_char_unsigned_short_unsigned_char_unsigned_short_i_264_fu_596  |   8|   0|    8|          0|
    |mxm_execute_ursa_signed_char_unsigned_short_unsigned_char_unsigned_short_i_265_fu_592  |   8|   0|    8|          0|
    |mxm_execute_ursa_signed_char_unsigned_short_unsigned_char_unsigned_short_i_266_fu_588  |   8|   0|    8|          0|
    |mxm_execute_ursa_signed_char_unsigned_short_unsigned_char_unsigned_short_i_267_fu_584  |   8|   0|    8|          0|
    |mxm_execute_ursa_signed_char_unsigned_short_unsigned_char_unsigned_short_i_268_fu_580  |   8|   0|    8|          0|
    |mxm_execute_ursa_signed_char_unsigned_short_unsigned_char_unsigned_short_i_269_fu_576  |   8|   0|    8|          0|
    |mxm_execute_ursa_signed_char_unsigned_short_unsigned_char_unsigned_short_i_270_fu_572  |   8|   0|    8|          0|
    |mxm_execute_ursa_signed_char_unsigned_short_unsigned_char_unsigned_short_i_271_fu_568  |   8|   0|    8|          0|
    |mxm_execute_ursa_signed_char_unsigned_short_unsigned_char_unsigned_short_i_272_fu_564  |   8|   0|    8|          0|
    |mxm_execute_ursa_signed_char_unsigned_short_unsigned_char_unsigned_short_i_273_fu_560  |   8|   0|    8|          0|
    |mxm_execute_ursa_signed_char_unsigned_short_unsigned_char_unsigned_short_i_274_fu_556  |   8|   0|    8|          0|
    |mxm_execute_ursa_signed_char_unsigned_short_unsigned_char_unsigned_short_i_275_fu_552  |   8|   0|    8|          0|
    |mxm_execute_ursa_signed_char_unsigned_short_unsigned_char_unsigned_short_i_276_fu_548  |   8|   0|    8|          0|
    |mxm_execute_ursa_signed_char_unsigned_short_unsigned_char_unsigned_short_i_277_fu_544  |   8|   0|    8|          0|
    |mxm_execute_ursa_signed_char_unsigned_short_unsigned_char_unsigned_short_i_278_fu_540  |   8|   0|    8|          0|
    |mxm_execute_ursa_signed_char_unsigned_short_unsigned_char_unsigned_short_i_279_fu_536  |   8|   0|    8|          0|
    |mxm_execute_ursa_signed_char_unsigned_short_unsigned_char_unsigned_short_i_280_fu_532  |   8|   0|    8|          0|
    |mxm_execute_ursa_signed_char_unsigned_short_unsigned_char_unsigned_short_i_281_fu_528  |   8|   0|    8|          0|
    |mxm_execute_ursa_signed_char_unsigned_short_unsigned_char_unsigned_short_i_282_fu_524  |   8|   0|    8|          0|
    |mxm_execute_ursa_signed_char_unsigned_short_unsigned_char_unsigned_short_i_283_fu_520  |   8|   0|    8|          0|
    |mxm_execute_ursa_signed_char_unsigned_short_unsigned_char_unsigned_short_i_284_fu_516  |   8|   0|    8|          0|
    |mxm_execute_ursa_signed_char_unsigned_short_unsigned_char_unsigned_short_i_285_fu_512  |   8|   0|    8|          0|
    |mxm_execute_ursa_signed_char_unsigned_short_unsigned_char_unsigned_short_i_286_fu_508  |   8|   0|    8|          0|
    |mxm_execute_ursa_signed_char_unsigned_short_unsigned_char_unsigned_short_i_287_fu_504  |   8|   0|    8|          0|
    |mxm_execute_ursa_signed_char_unsigned_short_unsigned_char_unsigned_short_i_30          |   8|   0|    8|          0|
    |mxm_execute_ursa_signed_char_unsigned_short_unsigned_char_unsigned_short_i_32          |   8|   0|    8|          0|
    |mxm_execute_ursa_signed_char_unsigned_short_unsigned_char_unsigned_short_i_39          |   8|   0|    8|          0|
    |mxm_execute_ursa_signed_char_unsigned_short_unsigned_char_unsigned_short_i_4           |   8|   0|    8|          0|
    |mxm_execute_ursa_signed_char_unsigned_short_unsigned_char_unsigned_short_i_40          |   8|   0|    8|          0|
    |mxm_execute_ursa_signed_char_unsigned_short_unsigned_char_unsigned_short_i_41          |   8|   0|    8|          0|
    |mxm_execute_ursa_signed_char_unsigned_short_unsigned_char_unsigned_short_i_42          |   8|   0|    8|          0|
    |mxm_execute_ursa_signed_char_unsigned_short_unsigned_char_unsigned_short_i_43          |   8|   0|    8|          0|
    |mxm_execute_ursa_signed_char_unsigned_short_unsigned_char_unsigned_short_i_44          |   8|   0|    8|          0|
    |mxm_execute_ursa_signed_char_unsigned_short_unsigned_char_unsigned_short_i_45          |   8|   0|    8|          0|
    |mxm_execute_ursa_signed_char_unsigned_short_unsigned_char_unsigned_short_i_46          |   8|   0|    8|          0|
    |mxm_execute_ursa_signed_char_unsigned_short_unsigned_char_unsigned_short_i_47          |   8|   0|    8|          0|
    |mxm_execute_ursa_signed_char_unsigned_short_unsigned_char_unsigned_short_i_48          |   8|   0|    8|          0|
    |mxm_execute_ursa_signed_char_unsigned_short_unsigned_char_unsigned_short_i_49          |   8|   0|    8|          0|
    |mxm_execute_ursa_signed_char_unsigned_short_unsigned_char_unsigned_short_i_50          |   8|   0|    8|          0|
    |mxm_execute_ursa_signed_char_unsigned_short_unsigned_char_unsigned_short_i_51          |   8|   0|    8|          0|
    |mxm_execute_ursa_signed_char_unsigned_short_unsigned_char_unsigned_short_i_52          |   8|   0|    8|          0|
    |mxm_execute_ursa_signed_char_unsigned_short_unsigned_char_unsigned_short_i_53          |   8|   0|    8|          0|
    |mxm_execute_ursa_signed_char_unsigned_short_unsigned_char_unsigned_short_i_539_fu_652  |   8|   0|    8|          0|
    |mxm_execute_ursa_signed_char_unsigned_short_unsigned_char_unsigned_short_i_54          |   8|   0|    8|          0|
    |mxm_execute_ursa_signed_char_unsigned_short_unsigned_char_unsigned_short_i_540_fu_656  |   8|   0|    8|          0|
    |mxm_execute_ursa_signed_char_unsigned_short_unsigned_char_unsigned_short_i_541_fu_660  |   8|   0|    8|          0|
    |mxm_execute_ursa_signed_char_unsigned_short_unsigned_char_unsigned_short_i_542_fu_664  |   8|   0|    8|          0|
    |mxm_execute_ursa_signed_char_unsigned_short_unsigned_char_unsigned_short_i_543_fu_668  |   8|   0|    8|          0|
    |mxm_execute_ursa_signed_char_unsigned_short_unsigned_char_unsigned_short_i_544_fu_672  |   8|   0|    8|          0|
    |mxm_execute_ursa_signed_char_unsigned_short_unsigned_char_unsigned_short_i_545_fu_676  |   8|   0|    8|          0|
    |mxm_execute_ursa_signed_char_unsigned_short_unsigned_char_unsigned_short_i_546_fu_680  |   8|   0|    8|          0|
    |mxm_execute_ursa_signed_char_unsigned_short_unsigned_char_unsigned_short_i_547_fu_684  |   8|   0|    8|          0|
    |mxm_execute_ursa_signed_char_unsigned_short_unsigned_char_unsigned_short_i_548_fu_688  |   8|   0|    8|          0|
    |mxm_execute_ursa_signed_char_unsigned_short_unsigned_char_unsigned_short_i_549_fu_692  |   8|   0|    8|          0|
    |mxm_execute_ursa_signed_char_unsigned_short_unsigned_char_unsigned_short_i_55          |   8|   0|    8|          0|
    |mxm_execute_ursa_signed_char_unsigned_short_unsigned_char_unsigned_short_i_550_fu_696  |   8|   0|    8|          0|
    |mxm_execute_ursa_signed_char_unsigned_short_unsigned_char_unsigned_short_i_551_fu_700  |   8|   0|    8|          0|
    |mxm_execute_ursa_signed_char_unsigned_short_unsigned_char_unsigned_short_i_552_fu_704  |   8|   0|    8|          0|
    |mxm_execute_ursa_signed_char_unsigned_short_unsigned_char_unsigned_short_i_553_fu_708  |   8|   0|    8|          0|
    |mxm_execute_ursa_signed_char_unsigned_short_unsigned_char_unsigned_short_i_554_fu_712  |   8|   0|    8|          0|
    |mxm_execute_ursa_signed_char_unsigned_short_unsigned_char_unsigned_short_i_555_fu_716  |   8|   0|    8|          0|
    |mxm_execute_ursa_signed_char_unsigned_short_unsigned_char_unsigned_short_i_556_fu_720  |   8|   0|    8|          0|
    |mxm_execute_ursa_signed_char_unsigned_short_unsigned_char_unsigned_short_i_557_fu_724  |   8|   0|    8|          0|
    |mxm_execute_ursa_signed_char_unsigned_short_unsigned_char_unsigned_short_i_56          |   8|   0|    8|          0|
    |mxm_execute_ursa_signed_char_unsigned_short_unsigned_char_unsigned_short_i_57          |   8|   0|    8|          0|
    |mxm_execute_ursa_signed_char_unsigned_short_unsigned_char_unsigned_short_i_58          |   8|   0|    8|          0|
    |mxm_execute_ursa_signed_char_unsigned_short_unsigned_char_unsigned_short_i_59          |   8|   0|    8|          0|
    |mxm_execute_ursa_signed_char_unsigned_short_unsigned_char_unsigned_short_i_60          |   8|   0|    8|          0|
    |mxm_execute_ursa_signed_char_unsigned_short_unsigned_char_unsigned_short_i_61          |   8|   0|    8|          0|
    |mxm_execute_ursa_signed_char_unsigned_short_unsigned_char_unsigned_short_i_62          |   8|   0|    8|          0|
    |mxm_execute_ursa_signed_char_unsigned_short_unsigned_char_unsigned_short_i_63          |   8|   0|    8|          0|
    |mxm_execute_ursa_signed_char_unsigned_short_unsigned_char_unsigned_short_i_64          |   8|   0|    8|          0|
    |mxm_execute_ursa_signed_char_unsigned_short_unsigned_char_unsigned_short_i_65          |   8|   0|    8|          0|
    |mxm_execute_ursa_signed_char_unsigned_short_unsigned_char_unsigned_short_i_66          |   8|   0|    8|          0|
    |mxm_execute_ursa_signed_char_unsigned_short_unsigned_char_unsigned_short_i_67          |   8|   0|    8|          0|
    |mxm_execute_ursa_signed_char_unsigned_short_unsigned_char_unsigned_short_i_68          |   8|   0|    8|          0|
    |mxm_execute_ursa_signed_char_unsigned_short_unsigned_char_unsigned_short_i_69          |   8|   0|    8|          0|
    |mxm_execute_ursa_signed_char_unsigned_short_unsigned_char_unsigned_short_i_70          |   8|   0|    8|          0|
    |mxm_execute_ursa_signed_char_unsigned_short_unsigned_char_unsigned_short_i_71          |   8|   0|    8|          0|
    |mxm_execute_ursa_signed_char_unsigned_short_unsigned_char_unsigned_short_i_72          |   8|   0|    8|          0|
    |mxm_execute_ursa_signed_char_unsigned_short_unsigned_char_unsigned_short_i_73          |   8|   0|    8|          0|
    |mxm_execute_ursa_signed_char_unsigned_short_unsigned_char_unsigned_short_i_74          |   8|   0|    8|          0|
    |mxm_execute_ursa_signed_char_unsigned_short_unsigned_char_unsigned_short_i_75          |   8|   0|    8|          0|
    |mxm_execute_ursa_signed_char_unsigned_short_unsigned_char_unsigned_short_i_76          |   8|   0|    8|          0|
    |mxm_execute_ursa_signed_char_unsigned_short_unsigned_char_unsigned_short_i_77          |   8|   0|    8|          0|
    |mxm_execute_ursa_signed_char_unsigned_short_unsigned_char_unsigned_short_i_78          |   8|   0|    8|          0|
    |mxm_execute_ursa_signed_char_unsigned_short_unsigned_char_unsigned_short_i_79          |   8|   0|    8|          0|
    |mxm_execute_ursa_signed_char_unsigned_short_unsigned_char_unsigned_short_i_80          |   8|   0|    8|          0|
    |mxm_execute_ursa_signed_char_unsigned_short_unsigned_char_unsigned_short_i_81          |   8|   0|    8|          0|
    |mxm_execute_ursa_signed_char_unsigned_short_unsigned_char_unsigned_short_i_82          |   8|   0|    8|          0|
    |mxm_execute_ursa_signed_char_unsigned_short_unsigned_char_unsigned_short_i_83          |   8|   0|    8|          0|
    |mxm_execute_ursa_signed_char_unsigned_short_unsigned_char_unsigned_short_i_84          |   8|   0|    8|          0|
    |mxm_execute_ursa_signed_char_unsigned_short_unsigned_char_unsigned_short_i_85          |   8|   0|    8|          0|
    |mxm_execute_ursa_signed_char_unsigned_short_unsigned_char_unsigned_short_i_86          |   8|   0|    8|          0|
    |mxm_execute_ursa_signed_char_unsigned_short_unsigned_char_unsigned_short_i_87          |   8|   0|    8|          0|
    |mxm_execute_ursa_signed_char_unsigned_short_unsigned_char_unsigned_short_i_88          |   8|   0|    8|          0|
    |mxm_execute_ursa_signed_char_unsigned_short_unsigned_char_unsigned_short_i_89          |   8|   0|    8|          0|
    |mxm_execute_ursa_signed_char_unsigned_short_unsigned_char_unsigned_short_i_96          |   8|   0|    8|          0|
    |p_mid_reg_4392                                                                         |  29|   0|   32|          3|
    |select_ln312_1_reg_4375                                                                |  14|   0|   14|          0|
    |select_ln312_reg_4387                                                                  |  14|   0|   14|          0|
    |trunc_ln312_reg_4380                                                                   |  13|   0|   13|          0|
    |trunc_ln334_reg_4424                                                                   |  13|   0|   13|          0|
    |trunc_ln_reg_4334                                                                      |  14|   0|   14|          0|
    |zext_ln312_reg_4349                                                                    |  16|   0|   29|         13|
    |zext_ln331_reg_4344                                                                    |  16|   0|   29|         13|
    +---------------------------------------------------------------------------------------+----+----+-----+-----------+
    |Total                                                                                  |2232|   0| 2316|         84|
    +---------------------------------------------------------------------------------------+----+----+-----+-----------+



================================================================
== Interface
================================================================
* Summary: 
+-----------------------+-----+-----+------------+------------------+--------------+
|       RTL Ports       | Dir | Bits|  Protocol  |   Source Object  |    C Type    |
+-----------------------+-----+-----+------------+------------------+--------------+
|s_axi_ap_AWVALID       |   in|    1|       s_axi|                ap|        scalar|
|s_axi_ap_AWREADY       |  out|    1|       s_axi|                ap|        scalar|
|s_axi_ap_AWADDR        |   in|    6|       s_axi|                ap|        scalar|
|s_axi_ap_WVALID        |   in|    1|       s_axi|                ap|        scalar|
|s_axi_ap_WREADY        |  out|    1|       s_axi|                ap|        scalar|
|s_axi_ap_WDATA         |   in|   32|       s_axi|                ap|        scalar|
|s_axi_ap_WSTRB         |   in|    4|       s_axi|                ap|        scalar|
|s_axi_ap_ARVALID       |   in|    1|       s_axi|                ap|        scalar|
|s_axi_ap_ARREADY       |  out|    1|       s_axi|                ap|        scalar|
|s_axi_ap_ARADDR        |   in|    6|       s_axi|                ap|        scalar|
|s_axi_ap_RVALID        |  out|    1|       s_axi|                ap|        scalar|
|s_axi_ap_RREADY        |   in|    1|       s_axi|                ap|        scalar|
|s_axi_ap_RDATA         |  out|   32|       s_axi|                ap|        scalar|
|s_axi_ap_RRESP         |  out|    2|       s_axi|                ap|        scalar|
|s_axi_ap_BVALID        |  out|    1|       s_axi|                ap|        scalar|
|s_axi_ap_BREADY        |   in|    1|       s_axi|                ap|        scalar|
|s_axi_ap_BRESP         |  out|    2|       s_axi|                ap|        scalar|
|s_axi_control_AWVALID  |   in|    1|       s_axi|           control|        scalar|
|s_axi_control_AWREADY  |  out|    1|       s_axi|           control|        scalar|
|s_axi_control_AWADDR   |   in|    6|       s_axi|           control|        scalar|
|s_axi_control_WVALID   |   in|    1|       s_axi|           control|        scalar|
|s_axi_control_WREADY   |  out|    1|       s_axi|           control|        scalar|
|s_axi_control_WDATA    |   in|   32|       s_axi|           control|        scalar|
|s_axi_control_WSTRB    |   in|    4|       s_axi|           control|        scalar|
|s_axi_control_ARVALID  |   in|    1|       s_axi|           control|        scalar|
|s_axi_control_ARREADY  |  out|    1|       s_axi|           control|        scalar|
|s_axi_control_ARADDR   |   in|    6|       s_axi|           control|        scalar|
|s_axi_control_RVALID   |  out|    1|       s_axi|           control|        scalar|
|s_axi_control_RREADY   |   in|    1|       s_axi|           control|        scalar|
|s_axi_control_RDATA    |  out|   32|       s_axi|           control|        scalar|
|s_axi_control_RRESP    |  out|    2|       s_axi|           control|        scalar|
|s_axi_control_BVALID   |  out|    1|       s_axi|           control|        scalar|
|s_axi_control_BREADY   |   in|    1|       s_axi|           control|        scalar|
|s_axi_control_BRESP    |  out|    2|       s_axi|           control|        scalar|
|ap_clk                 |   in|    1|  ap_ctrl_hs|  mxm_execute_ursa|  return value|
|ap_rst_n               |   in|    1|  ap_ctrl_hs|  mxm_execute_ursa|  return value|
|interrupt              |  out|    1|  ap_ctrl_hs|  mxm_execute_ursa|  return value|
|m_axi_aw_AWVALID       |  out|    1|       m_axi|                aw|       pointer|
|m_axi_aw_AWREADY       |   in|    1|       m_axi|                aw|       pointer|
|m_axi_aw_AWADDR        |  out|   64|       m_axi|                aw|       pointer|
|m_axi_aw_AWID          |  out|    1|       m_axi|                aw|       pointer|
|m_axi_aw_AWLEN         |  out|    8|       m_axi|                aw|       pointer|
|m_axi_aw_AWSIZE        |  out|    3|       m_axi|                aw|       pointer|
|m_axi_aw_AWBURST       |  out|    2|       m_axi|                aw|       pointer|
|m_axi_aw_AWLOCK        |  out|    2|       m_axi|                aw|       pointer|
|m_axi_aw_AWCACHE       |  out|    4|       m_axi|                aw|       pointer|
|m_axi_aw_AWPROT        |  out|    3|       m_axi|                aw|       pointer|
|m_axi_aw_AWQOS         |  out|    4|       m_axi|                aw|       pointer|
|m_axi_aw_AWREGION      |  out|    4|       m_axi|                aw|       pointer|
|m_axi_aw_AWUSER        |  out|    1|       m_axi|                aw|       pointer|
|m_axi_aw_WVALID        |  out|    1|       m_axi|                aw|       pointer|
|m_axi_aw_WREADY        |   in|    1|       m_axi|                aw|       pointer|
|m_axi_aw_WDATA         |  out|   32|       m_axi|                aw|       pointer|
|m_axi_aw_WSTRB         |  out|    4|       m_axi|                aw|       pointer|
|m_axi_aw_WLAST         |  out|    1|       m_axi|                aw|       pointer|
|m_axi_aw_WID           |  out|    1|       m_axi|                aw|       pointer|
|m_axi_aw_WUSER         |  out|    1|       m_axi|                aw|       pointer|
|m_axi_aw_ARVALID       |  out|    1|       m_axi|                aw|       pointer|
|m_axi_aw_ARREADY       |   in|    1|       m_axi|                aw|       pointer|
|m_axi_aw_ARADDR        |  out|   64|       m_axi|                aw|       pointer|
|m_axi_aw_ARID          |  out|    1|       m_axi|                aw|       pointer|
|m_axi_aw_ARLEN         |  out|    8|       m_axi|                aw|       pointer|
|m_axi_aw_ARSIZE        |  out|    3|       m_axi|                aw|       pointer|
|m_axi_aw_ARBURST       |  out|    2|       m_axi|                aw|       pointer|
|m_axi_aw_ARLOCK        |  out|    2|       m_axi|                aw|       pointer|
|m_axi_aw_ARCACHE       |  out|    4|       m_axi|                aw|       pointer|
|m_axi_aw_ARPROT        |  out|    3|       m_axi|                aw|       pointer|
|m_axi_aw_ARQOS         |  out|    4|       m_axi|                aw|       pointer|
|m_axi_aw_ARREGION      |  out|    4|       m_axi|                aw|       pointer|
|m_axi_aw_ARUSER        |  out|    1|       m_axi|                aw|       pointer|
|m_axi_aw_RVALID        |   in|    1|       m_axi|                aw|       pointer|
|m_axi_aw_RREADY        |  out|    1|       m_axi|                aw|       pointer|
|m_axi_aw_RDATA         |   in|   32|       m_axi|                aw|       pointer|
|m_axi_aw_RLAST         |   in|    1|       m_axi|                aw|       pointer|
|m_axi_aw_RID           |   in|    1|       m_axi|                aw|       pointer|
|m_axi_aw_RUSER         |   in|    1|       m_axi|                aw|       pointer|
|m_axi_aw_RRESP         |   in|    2|       m_axi|                aw|       pointer|
|m_axi_aw_BVALID        |   in|    1|       m_axi|                aw|       pointer|
|m_axi_aw_BREADY        |  out|    1|       m_axi|                aw|       pointer|
|m_axi_aw_BRESP         |   in|    2|       m_axi|                aw|       pointer|
|m_axi_aw_BID           |   in|    1|       m_axi|                aw|       pointer|
|m_axi_aw_BUSER         |   in|    1|       m_axi|                aw|       pointer|
|m_axi_bi_AWVALID       |  out|    1|       m_axi|                bi|       pointer|
|m_axi_bi_AWREADY       |   in|    1|       m_axi|                bi|       pointer|
|m_axi_bi_AWADDR        |  out|   64|       m_axi|                bi|       pointer|
|m_axi_bi_AWID          |  out|    1|       m_axi|                bi|       pointer|
|m_axi_bi_AWLEN         |  out|    8|       m_axi|                bi|       pointer|
|m_axi_bi_AWSIZE        |  out|    3|       m_axi|                bi|       pointer|
|m_axi_bi_AWBURST       |  out|    2|       m_axi|                bi|       pointer|
|m_axi_bi_AWLOCK        |  out|    2|       m_axi|                bi|       pointer|
|m_axi_bi_AWCACHE       |  out|    4|       m_axi|                bi|       pointer|
|m_axi_bi_AWPROT        |  out|    3|       m_axi|                bi|       pointer|
|m_axi_bi_AWQOS         |  out|    4|       m_axi|                bi|       pointer|
|m_axi_bi_AWREGION      |  out|    4|       m_axi|                bi|       pointer|
|m_axi_bi_AWUSER        |  out|    1|       m_axi|                bi|       pointer|
|m_axi_bi_WVALID        |  out|    1|       m_axi|                bi|       pointer|
|m_axi_bi_WREADY        |   in|    1|       m_axi|                bi|       pointer|
|m_axi_bi_WDATA         |  out|   32|       m_axi|                bi|       pointer|
|m_axi_bi_WSTRB         |  out|    4|       m_axi|                bi|       pointer|
|m_axi_bi_WLAST         |  out|    1|       m_axi|                bi|       pointer|
|m_axi_bi_WID           |  out|    1|       m_axi|                bi|       pointer|
|m_axi_bi_WUSER         |  out|    1|       m_axi|                bi|       pointer|
|m_axi_bi_ARVALID       |  out|    1|       m_axi|                bi|       pointer|
|m_axi_bi_ARREADY       |   in|    1|       m_axi|                bi|       pointer|
|m_axi_bi_ARADDR        |  out|   64|       m_axi|                bi|       pointer|
|m_axi_bi_ARID          |  out|    1|       m_axi|                bi|       pointer|
|m_axi_bi_ARLEN         |  out|    8|       m_axi|                bi|       pointer|
|m_axi_bi_ARSIZE        |  out|    3|       m_axi|                bi|       pointer|
|m_axi_bi_ARBURST       |  out|    2|       m_axi|                bi|       pointer|
|m_axi_bi_ARLOCK        |  out|    2|       m_axi|                bi|       pointer|
|m_axi_bi_ARCACHE       |  out|    4|       m_axi|                bi|       pointer|
|m_axi_bi_ARPROT        |  out|    3|       m_axi|                bi|       pointer|
|m_axi_bi_ARQOS         |  out|    4|       m_axi|                bi|       pointer|
|m_axi_bi_ARREGION      |  out|    4|       m_axi|                bi|       pointer|
|m_axi_bi_ARUSER        |  out|    1|       m_axi|                bi|       pointer|
|m_axi_bi_RVALID        |   in|    1|       m_axi|                bi|       pointer|
|m_axi_bi_RREADY        |  out|    1|       m_axi|                bi|       pointer|
|m_axi_bi_RDATA         |   in|   32|       m_axi|                bi|       pointer|
|m_axi_bi_RLAST         |   in|    1|       m_axi|                bi|       pointer|
|m_axi_bi_RID           |   in|    1|       m_axi|                bi|       pointer|
|m_axi_bi_RUSER         |   in|    1|       m_axi|                bi|       pointer|
|m_axi_bi_RRESP         |   in|    2|       m_axi|                bi|       pointer|
|m_axi_bi_BVALID        |   in|    1|       m_axi|                bi|       pointer|
|m_axi_bi_BREADY        |  out|    1|       m_axi|                bi|       pointer|
|m_axi_bi_BRESP         |   in|    2|       m_axi|                bi|       pointer|
|m_axi_bi_BID           |   in|    1|       m_axi|                bi|       pointer|
|m_axi_bi_BUSER         |   in|    1|       m_axi|                bi|       pointer|
|m_axi_ca_AWVALID       |  out|    1|       m_axi|                ca|       pointer|
|m_axi_ca_AWREADY       |   in|    1|       m_axi|                ca|       pointer|
|m_axi_ca_AWADDR        |  out|   64|       m_axi|                ca|       pointer|
|m_axi_ca_AWID          |  out|    1|       m_axi|                ca|       pointer|
|m_axi_ca_AWLEN         |  out|    8|       m_axi|                ca|       pointer|
|m_axi_ca_AWSIZE        |  out|    3|       m_axi|                ca|       pointer|
|m_axi_ca_AWBURST       |  out|    2|       m_axi|                ca|       pointer|
|m_axi_ca_AWLOCK        |  out|    2|       m_axi|                ca|       pointer|
|m_axi_ca_AWCACHE       |  out|    4|       m_axi|                ca|       pointer|
|m_axi_ca_AWPROT        |  out|    3|       m_axi|                ca|       pointer|
|m_axi_ca_AWQOS         |  out|    4|       m_axi|                ca|       pointer|
|m_axi_ca_AWREGION      |  out|    4|       m_axi|                ca|       pointer|
|m_axi_ca_AWUSER        |  out|    1|       m_axi|                ca|       pointer|
|m_axi_ca_WVALID        |  out|    1|       m_axi|                ca|       pointer|
|m_axi_ca_WREADY        |   in|    1|       m_axi|                ca|       pointer|
|m_axi_ca_WDATA         |  out|   32|       m_axi|                ca|       pointer|
|m_axi_ca_WSTRB         |  out|    4|       m_axi|                ca|       pointer|
|m_axi_ca_WLAST         |  out|    1|       m_axi|                ca|       pointer|
|m_axi_ca_WID           |  out|    1|       m_axi|                ca|       pointer|
|m_axi_ca_WUSER         |  out|    1|       m_axi|                ca|       pointer|
|m_axi_ca_ARVALID       |  out|    1|       m_axi|                ca|       pointer|
|m_axi_ca_ARREADY       |   in|    1|       m_axi|                ca|       pointer|
|m_axi_ca_ARADDR        |  out|   64|       m_axi|                ca|       pointer|
|m_axi_ca_ARID          |  out|    1|       m_axi|                ca|       pointer|
|m_axi_ca_ARLEN         |  out|    8|       m_axi|                ca|       pointer|
|m_axi_ca_ARSIZE        |  out|    3|       m_axi|                ca|       pointer|
|m_axi_ca_ARBURST       |  out|    2|       m_axi|                ca|       pointer|
|m_axi_ca_ARLOCK        |  out|    2|       m_axi|                ca|       pointer|
|m_axi_ca_ARCACHE       |  out|    4|       m_axi|                ca|       pointer|
|m_axi_ca_ARPROT        |  out|    3|       m_axi|                ca|       pointer|
|m_axi_ca_ARQOS         |  out|    4|       m_axi|                ca|       pointer|
|m_axi_ca_ARREGION      |  out|    4|       m_axi|                ca|       pointer|
|m_axi_ca_ARUSER        |  out|    1|       m_axi|                ca|       pointer|
|m_axi_ca_RVALID        |   in|    1|       m_axi|                ca|       pointer|
|m_axi_ca_RREADY        |  out|    1|       m_axi|                ca|       pointer|
|m_axi_ca_RDATA         |   in|   32|       m_axi|                ca|       pointer|
|m_axi_ca_RLAST         |   in|    1|       m_axi|                ca|       pointer|
|m_axi_ca_RID           |   in|    1|       m_axi|                ca|       pointer|
|m_axi_ca_RUSER         |   in|    1|       m_axi|                ca|       pointer|
|m_axi_ca_RRESP         |   in|    2|       m_axi|                ca|       pointer|
|m_axi_ca_BVALID        |   in|    1|       m_axi|                ca|       pointer|
|m_axi_ca_BREADY        |  out|    1|       m_axi|                ca|       pointer|
|m_axi_ca_BRESP         |   in|    2|       m_axi|                ca|       pointer|
|m_axi_ca_BID           |   in|    1|       m_axi|                ca|       pointer|
|m_axi_ca_BUSER         |   in|    1|       m_axi|                ca|       pointer|
+-----------------------+-----+-----+------------+------------------+--------------+

============================================================
+ Verbose Summary: Synthesis Manager
============================================================
InlineROM: 1
ExposeGlobal: 0
============================================================
+ Verbose Summary: CDFG Model
============================================================
IsTopModel: 1
ResetActiveHigh: 1
IsCombinational: 2
IsDatapathOnly: 2
HasWiredReturn: 1
HasMFsm: 0
HasVarLatency: 1
IsPipeline: 0
IsRtlPipelined: 0
IsInstanceOverlapped: 0
IsDontTouch: 0
HasImplIP: 0
IsGatedGlobalClock: 0


============================================================
+ Verbose Summary: Schedule
============================================================
* Number of FSM states : 12
* Pipeline : 0
* Dataflow Pipeline: 0

* FSM state transitions: 
1 --> 2 
2 --> 3 
3 --> 4 
4 --> 5 
5 --> 6 
6 --> 7 11 
7 --> 8 
8 --> 9 
9 --> 10 
10 --> 6 
11 --> 12 
12 --> 4 

* FSM state operations: 

State 1 <SV = 0> <Delay = 3.25>
ST_1 : Operation 13 [1/1] (0.00ns)   --->   "%j = alloca i32 1" [/home/fi/Documents/GitHub/ursa/exp/ursa_ws/src/core/shell.cpp:313]   --->   Operation 13 'alloca' 'j' <Predicate = true> <Delay = 0.00>
ST_1 : Operation 14 [1/1] (0.00ns)   --->   "%i = alloca i32 1" [/home/fi/Documents/GitHub/ursa/exp/ursa_ws/src/core/shell.cpp:312]   --->   Operation 14 'alloca' 'i' <Predicate = true> <Delay = 0.00>
ST_1 : Operation 15 [1/1] (0.00ns)   --->   "%indvar_flatten = alloca i32 1"   --->   Operation 15 'alloca' 'indvar_flatten' <Predicate = true> <Delay = 0.00>
ST_1 : Operation 16 [1/1] (0.00ns)   --->   "%mxm_execute_ursa_signed_char_unsigned_short_unsigned_char_unsigned_short_i_287 = alloca i32 1"   --->   Operation 16 'alloca' 'mxm_execute_ursa_signed_char_unsigned_short_unsigned_char_unsigned_short_i_287' <Predicate = true> <Delay = 0.00>
ST_1 : Operation 17 [1/1] (0.00ns)   --->   "%mxm_execute_ursa_signed_char_unsigned_short_unsigned_char_unsigned_short_i_286 = alloca i32 1"   --->   Operation 17 'alloca' 'mxm_execute_ursa_signed_char_unsigned_short_unsigned_char_unsigned_short_i_286' <Predicate = true> <Delay = 0.00>
ST_1 : Operation 18 [1/1] (0.00ns)   --->   "%mxm_execute_ursa_signed_char_unsigned_short_unsigned_char_unsigned_short_i_285 = alloca i32 1"   --->   Operation 18 'alloca' 'mxm_execute_ursa_signed_char_unsigned_short_unsigned_char_unsigned_short_i_285' <Predicate = true> <Delay = 0.00>
ST_1 : Operation 19 [1/1] (0.00ns)   --->   "%mxm_execute_ursa_signed_char_unsigned_short_unsigned_char_unsigned_short_i_284 = alloca i32 1"   --->   Operation 19 'alloca' 'mxm_execute_ursa_signed_char_unsigned_short_unsigned_char_unsigned_short_i_284' <Predicate = true> <Delay = 0.00>
ST_1 : Operation 20 [1/1] (0.00ns)   --->   "%mxm_execute_ursa_signed_char_unsigned_short_unsigned_char_unsigned_short_i_283 = alloca i32 1"   --->   Operation 20 'alloca' 'mxm_execute_ursa_signed_char_unsigned_short_unsigned_char_unsigned_short_i_283' <Predicate = true> <Delay = 0.00>
ST_1 : Operation 21 [1/1] (0.00ns)   --->   "%mxm_execute_ursa_signed_char_unsigned_short_unsigned_char_unsigned_short_i_282 = alloca i32 1"   --->   Operation 21 'alloca' 'mxm_execute_ursa_signed_char_unsigned_short_unsigned_char_unsigned_short_i_282' <Predicate = true> <Delay = 0.00>
ST_1 : Operation 22 [1/1] (0.00ns)   --->   "%mxm_execute_ursa_signed_char_unsigned_short_unsigned_char_unsigned_short_i_281 = alloca i32 1"   --->   Operation 22 'alloca' 'mxm_execute_ursa_signed_char_unsigned_short_unsigned_char_unsigned_short_i_281' <Predicate = true> <Delay = 0.00>
ST_1 : Operation 23 [1/1] (0.00ns)   --->   "%mxm_execute_ursa_signed_char_unsigned_short_unsigned_char_unsigned_short_i_280 = alloca i32 1"   --->   Operation 23 'alloca' 'mxm_execute_ursa_signed_char_unsigned_short_unsigned_char_unsigned_short_i_280' <Predicate = true> <Delay = 0.00>
ST_1 : Operation 24 [1/1] (0.00ns)   --->   "%mxm_execute_ursa_signed_char_unsigned_short_unsigned_char_unsigned_short_i_279 = alloca i32 1"   --->   Operation 24 'alloca' 'mxm_execute_ursa_signed_char_unsigned_short_unsigned_char_unsigned_short_i_279' <Predicate = true> <Delay = 0.00>
ST_1 : Operation 25 [1/1] (0.00ns)   --->   "%mxm_execute_ursa_signed_char_unsigned_short_unsigned_char_unsigned_short_i_278 = alloca i32 1"   --->   Operation 25 'alloca' 'mxm_execute_ursa_signed_char_unsigned_short_unsigned_char_unsigned_short_i_278' <Predicate = true> <Delay = 0.00>
ST_1 : Operation 26 [1/1] (0.00ns)   --->   "%mxm_execute_ursa_signed_char_unsigned_short_unsigned_char_unsigned_short_i_277 = alloca i32 1"   --->   Operation 26 'alloca' 'mxm_execute_ursa_signed_char_unsigned_short_unsigned_char_unsigned_short_i_277' <Predicate = true> <Delay = 0.00>
ST_1 : Operation 27 [1/1] (0.00ns)   --->   "%mxm_execute_ursa_signed_char_unsigned_short_unsigned_char_unsigned_short_i_276 = alloca i32 1"   --->   Operation 27 'alloca' 'mxm_execute_ursa_signed_char_unsigned_short_unsigned_char_unsigned_short_i_276' <Predicate = true> <Delay = 0.00>
ST_1 : Operation 28 [1/1] (0.00ns)   --->   "%mxm_execute_ursa_signed_char_unsigned_short_unsigned_char_unsigned_short_i_275 = alloca i32 1"   --->   Operation 28 'alloca' 'mxm_execute_ursa_signed_char_unsigned_short_unsigned_char_unsigned_short_i_275' <Predicate = true> <Delay = 0.00>
ST_1 : Operation 29 [1/1] (0.00ns)   --->   "%mxm_execute_ursa_signed_char_unsigned_short_unsigned_char_unsigned_short_i_274 = alloca i32 1"   --->   Operation 29 'alloca' 'mxm_execute_ursa_signed_char_unsigned_short_unsigned_char_unsigned_short_i_274' <Predicate = true> <Delay = 0.00>
ST_1 : Operation 30 [1/1] (0.00ns)   --->   "%mxm_execute_ursa_signed_char_unsigned_short_unsigned_char_unsigned_short_i_273 = alloca i32 1"   --->   Operation 30 'alloca' 'mxm_execute_ursa_signed_char_unsigned_short_unsigned_char_unsigned_short_i_273' <Predicate = true> <Delay = 0.00>
ST_1 : Operation 31 [1/1] (0.00ns)   --->   "%mxm_execute_ursa_signed_char_unsigned_short_unsigned_char_unsigned_short_i_272 = alloca i32 1"   --->   Operation 31 'alloca' 'mxm_execute_ursa_signed_char_unsigned_short_unsigned_char_unsigned_short_i_272' <Predicate = true> <Delay = 0.00>
ST_1 : Operation 32 [1/1] (0.00ns)   --->   "%mxm_execute_ursa_signed_char_unsigned_short_unsigned_char_unsigned_short_i_271 = alloca i32 1"   --->   Operation 32 'alloca' 'mxm_execute_ursa_signed_char_unsigned_short_unsigned_char_unsigned_short_i_271' <Predicate = true> <Delay = 0.00>
ST_1 : Operation 33 [1/1] (0.00ns)   --->   "%mxm_execute_ursa_signed_char_unsigned_short_unsigned_char_unsigned_short_i_270 = alloca i32 1"   --->   Operation 33 'alloca' 'mxm_execute_ursa_signed_char_unsigned_short_unsigned_char_unsigned_short_i_270' <Predicate = true> <Delay = 0.00>
ST_1 : Operation 34 [1/1] (0.00ns)   --->   "%mxm_execute_ursa_signed_char_unsigned_short_unsigned_char_unsigned_short_i_269 = alloca i32 1"   --->   Operation 34 'alloca' 'mxm_execute_ursa_signed_char_unsigned_short_unsigned_char_unsigned_short_i_269' <Predicate = true> <Delay = 0.00>
ST_1 : Operation 35 [1/1] (0.00ns)   --->   "%mxm_execute_ursa_signed_char_unsigned_short_unsigned_char_unsigned_short_i_268 = alloca i32 1"   --->   Operation 35 'alloca' 'mxm_execute_ursa_signed_char_unsigned_short_unsigned_char_unsigned_short_i_268' <Predicate = true> <Delay = 0.00>
ST_1 : Operation 36 [1/1] (0.00ns)   --->   "%mxm_execute_ursa_signed_char_unsigned_short_unsigned_char_unsigned_short_i_267 = alloca i32 1"   --->   Operation 36 'alloca' 'mxm_execute_ursa_signed_char_unsigned_short_unsigned_char_unsigned_short_i_267' <Predicate = true> <Delay = 0.00>
ST_1 : Operation 37 [1/1] (0.00ns)   --->   "%mxm_execute_ursa_signed_char_unsigned_short_unsigned_char_unsigned_short_i_266 = alloca i32 1"   --->   Operation 37 'alloca' 'mxm_execute_ursa_signed_char_unsigned_short_unsigned_char_unsigned_short_i_266' <Predicate = true> <Delay = 0.00>
ST_1 : Operation 38 [1/1] (0.00ns)   --->   "%mxm_execute_ursa_signed_char_unsigned_short_unsigned_char_unsigned_short_i_265 = alloca i32 1"   --->   Operation 38 'alloca' 'mxm_execute_ursa_signed_char_unsigned_short_unsigned_char_unsigned_short_i_265' <Predicate = true> <Delay = 0.00>
ST_1 : Operation 39 [1/1] (0.00ns)   --->   "%mxm_execute_ursa_signed_char_unsigned_short_unsigned_char_unsigned_short_i_264 = alloca i32 1"   --->   Operation 39 'alloca' 'mxm_execute_ursa_signed_char_unsigned_short_unsigned_char_unsigned_short_i_264' <Predicate = true> <Delay = 0.00>
ST_1 : Operation 40 [1/1] (0.00ns)   --->   "%mxm_execute_ursa_signed_char_unsigned_short_unsigned_char_unsigned_short_i_263 = alloca i32 1"   --->   Operation 40 'alloca' 'mxm_execute_ursa_signed_char_unsigned_short_unsigned_char_unsigned_short_i_263' <Predicate = true> <Delay = 0.00>
ST_1 : Operation 41 [1/1] (0.00ns)   --->   "%mxm_execute_ursa_signed_char_unsigned_short_unsigned_char_unsigned_short_i_262 = alloca i32 1"   --->   Operation 41 'alloca' 'mxm_execute_ursa_signed_char_unsigned_short_unsigned_char_unsigned_short_i_262' <Predicate = true> <Delay = 0.00>
ST_1 : Operation 42 [1/1] (0.00ns)   --->   "%mxm_execute_ursa_signed_char_unsigned_short_unsigned_char_unsigned_short_i_261 = alloca i32 1"   --->   Operation 42 'alloca' 'mxm_execute_ursa_signed_char_unsigned_short_unsigned_char_unsigned_short_i_261' <Predicate = true> <Delay = 0.00>
ST_1 : Operation 43 [1/1] (0.00ns)   --->   "%mxm_execute_ursa_signed_char_unsigned_short_unsigned_char_unsigned_short_i_260 = alloca i32 1"   --->   Operation 43 'alloca' 'mxm_execute_ursa_signed_char_unsigned_short_unsigned_char_unsigned_short_i_260' <Predicate = true> <Delay = 0.00>
ST_1 : Operation 44 [1/1] (0.00ns)   --->   "%mxm_execute_ursa_signed_char_unsigned_short_unsigned_char_unsigned_short_i_259 = alloca i32 1"   --->   Operation 44 'alloca' 'mxm_execute_ursa_signed_char_unsigned_short_unsigned_char_unsigned_short_i_259' <Predicate = true> <Delay = 0.00>
ST_1 : Operation 45 [1/1] (0.00ns)   --->   "%mxm_execute_ursa_signed_char_unsigned_short_unsigned_char_unsigned_short_i_258 = alloca i32 1"   --->   Operation 45 'alloca' 'mxm_execute_ursa_signed_char_unsigned_short_unsigned_char_unsigned_short_i_258' <Predicate = true> <Delay = 0.00>
ST_1 : Operation 46 [1/1] (0.00ns)   --->   "%mxm_execute_ursa_signed_char_unsigned_short_unsigned_char_unsigned_short_i_257 = alloca i32 1"   --->   Operation 46 'alloca' 'mxm_execute_ursa_signed_char_unsigned_short_unsigned_char_unsigned_short_i_257' <Predicate = true> <Delay = 0.00>
ST_1 : Operation 47 [1/1] (0.00ns)   --->   "%mxm_execute_ursa_signed_char_unsigned_short_unsigned_char_unsigned_short_i_256 = alloca i32 1"   --->   Operation 47 'alloca' 'mxm_execute_ursa_signed_char_unsigned_short_unsigned_char_unsigned_short_i_256' <Predicate = true> <Delay = 0.00>
ST_1 : Operation 48 [1/1] (0.00ns)   --->   "%mxm_execute_ursa_signed_char_unsigned_short_unsigned_char_unsigned_short_i_255 = alloca i32 1"   --->   Operation 48 'alloca' 'mxm_execute_ursa_signed_char_unsigned_short_unsigned_char_unsigned_short_i_255' <Predicate = true> <Delay = 0.00>
ST_1 : Operation 49 [1/1] (0.00ns)   --->   "%mxm_execute_ursa_signed_char_unsigned_short_unsigned_char_unsigned_short_i_254 = alloca i32 1"   --->   Operation 49 'alloca' 'mxm_execute_ursa_signed_char_unsigned_short_unsigned_char_unsigned_short_i_254' <Predicate = true> <Delay = 0.00>
ST_1 : Operation 50 [1/1] (0.00ns)   --->   "%mxm_execute_ursa_signed_char_unsigned_short_unsigned_char_unsigned_short_i_253 = alloca i32 1"   --->   Operation 50 'alloca' 'mxm_execute_ursa_signed_char_unsigned_short_unsigned_char_unsigned_short_i_253' <Predicate = true> <Delay = 0.00>
ST_1 : Operation 51 [1/1] (0.00ns)   --->   "%mxm_execute_ursa_signed_char_unsigned_short_unsigned_char_unsigned_short_i_252 = alloca i32 1"   --->   Operation 51 'alloca' 'mxm_execute_ursa_signed_char_unsigned_short_unsigned_char_unsigned_short_i_252' <Predicate = true> <Delay = 0.00>
ST_1 : Operation 52 [1/1] (0.00ns)   --->   "%mxm_execute_ursa_signed_char_unsigned_short_unsigned_char_unsigned_short_i_251 = alloca i32 1"   --->   Operation 52 'alloca' 'mxm_execute_ursa_signed_char_unsigned_short_unsigned_char_unsigned_short_i_251' <Predicate = true> <Delay = 0.00>
ST_1 : Operation 53 [1/1] (0.00ns)   --->   "%mxm_execute_ursa_signed_char_unsigned_short_unsigned_char_unsigned_short_i_539 = alloca i32 1"   --->   Operation 53 'alloca' 'mxm_execute_ursa_signed_char_unsigned_short_unsigned_char_unsigned_short_i_539' <Predicate = true> <Delay = 0.00>
ST_1 : Operation 54 [1/1] (0.00ns)   --->   "%mxm_execute_ursa_signed_char_unsigned_short_unsigned_char_unsigned_short_i_540 = alloca i32 1"   --->   Operation 54 'alloca' 'mxm_execute_ursa_signed_char_unsigned_short_unsigned_char_unsigned_short_i_540' <Predicate = true> <Delay = 0.00>
ST_1 : Operation 55 [1/1] (0.00ns)   --->   "%mxm_execute_ursa_signed_char_unsigned_short_unsigned_char_unsigned_short_i_541 = alloca i32 1"   --->   Operation 55 'alloca' 'mxm_execute_ursa_signed_char_unsigned_short_unsigned_char_unsigned_short_i_541' <Predicate = true> <Delay = 0.00>
ST_1 : Operation 56 [1/1] (0.00ns)   --->   "%mxm_execute_ursa_signed_char_unsigned_short_unsigned_char_unsigned_short_i_542 = alloca i32 1"   --->   Operation 56 'alloca' 'mxm_execute_ursa_signed_char_unsigned_short_unsigned_char_unsigned_short_i_542' <Predicate = true> <Delay = 0.00>
ST_1 : Operation 57 [1/1] (0.00ns)   --->   "%mxm_execute_ursa_signed_char_unsigned_short_unsigned_char_unsigned_short_i_543 = alloca i32 1"   --->   Operation 57 'alloca' 'mxm_execute_ursa_signed_char_unsigned_short_unsigned_char_unsigned_short_i_543' <Predicate = true> <Delay = 0.00>
ST_1 : Operation 58 [1/1] (0.00ns)   --->   "%mxm_execute_ursa_signed_char_unsigned_short_unsigned_char_unsigned_short_i_544 = alloca i32 1"   --->   Operation 58 'alloca' 'mxm_execute_ursa_signed_char_unsigned_short_unsigned_char_unsigned_short_i_544' <Predicate = true> <Delay = 0.00>
ST_1 : Operation 59 [1/1] (0.00ns)   --->   "%mxm_execute_ursa_signed_char_unsigned_short_unsigned_char_unsigned_short_i_545 = alloca i32 1"   --->   Operation 59 'alloca' 'mxm_execute_ursa_signed_char_unsigned_short_unsigned_char_unsigned_short_i_545' <Predicate = true> <Delay = 0.00>
ST_1 : Operation 60 [1/1] (0.00ns)   --->   "%mxm_execute_ursa_signed_char_unsigned_short_unsigned_char_unsigned_short_i_546 = alloca i32 1"   --->   Operation 60 'alloca' 'mxm_execute_ursa_signed_char_unsigned_short_unsigned_char_unsigned_short_i_546' <Predicate = true> <Delay = 0.00>
ST_1 : Operation 61 [1/1] (0.00ns)   --->   "%mxm_execute_ursa_signed_char_unsigned_short_unsigned_char_unsigned_short_i_547 = alloca i32 1"   --->   Operation 61 'alloca' 'mxm_execute_ursa_signed_char_unsigned_short_unsigned_char_unsigned_short_i_547' <Predicate = true> <Delay = 0.00>
ST_1 : Operation 62 [1/1] (0.00ns)   --->   "%mxm_execute_ursa_signed_char_unsigned_short_unsigned_char_unsigned_short_i_548 = alloca i32 1"   --->   Operation 62 'alloca' 'mxm_execute_ursa_signed_char_unsigned_short_unsigned_char_unsigned_short_i_548' <Predicate = true> <Delay = 0.00>
ST_1 : Operation 63 [1/1] (0.00ns)   --->   "%mxm_execute_ursa_signed_char_unsigned_short_unsigned_char_unsigned_short_i_549 = alloca i32 1"   --->   Operation 63 'alloca' 'mxm_execute_ursa_signed_char_unsigned_short_unsigned_char_unsigned_short_i_549' <Predicate = true> <Delay = 0.00>
ST_1 : Operation 64 [1/1] (0.00ns)   --->   "%mxm_execute_ursa_signed_char_unsigned_short_unsigned_char_unsigned_short_i_550 = alloca i32 1"   --->   Operation 64 'alloca' 'mxm_execute_ursa_signed_char_unsigned_short_unsigned_char_unsigned_short_i_550' <Predicate = true> <Delay = 0.00>
ST_1 : Operation 65 [1/1] (0.00ns)   --->   "%mxm_execute_ursa_signed_char_unsigned_short_unsigned_char_unsigned_short_i_551 = alloca i32 1"   --->   Operation 65 'alloca' 'mxm_execute_ursa_signed_char_unsigned_short_unsigned_char_unsigned_short_i_551' <Predicate = true> <Delay = 0.00>
ST_1 : Operation 66 [1/1] (0.00ns)   --->   "%mxm_execute_ursa_signed_char_unsigned_short_unsigned_char_unsigned_short_i_552 = alloca i32 1"   --->   Operation 66 'alloca' 'mxm_execute_ursa_signed_char_unsigned_short_unsigned_char_unsigned_short_i_552' <Predicate = true> <Delay = 0.00>
ST_1 : Operation 67 [1/1] (0.00ns)   --->   "%mxm_execute_ursa_signed_char_unsigned_short_unsigned_char_unsigned_short_i_553 = alloca i32 1"   --->   Operation 67 'alloca' 'mxm_execute_ursa_signed_char_unsigned_short_unsigned_char_unsigned_short_i_553' <Predicate = true> <Delay = 0.00>
ST_1 : Operation 68 [1/1] (0.00ns)   --->   "%mxm_execute_ursa_signed_char_unsigned_short_unsigned_char_unsigned_short_i_554 = alloca i32 1"   --->   Operation 68 'alloca' 'mxm_execute_ursa_signed_char_unsigned_short_unsigned_char_unsigned_short_i_554' <Predicate = true> <Delay = 0.00>
ST_1 : Operation 69 [1/1] (0.00ns)   --->   "%mxm_execute_ursa_signed_char_unsigned_short_unsigned_char_unsigned_short_i_555 = alloca i32 1"   --->   Operation 69 'alloca' 'mxm_execute_ursa_signed_char_unsigned_short_unsigned_char_unsigned_short_i_555' <Predicate = true> <Delay = 0.00>
ST_1 : Operation 70 [1/1] (0.00ns)   --->   "%mxm_execute_ursa_signed_char_unsigned_short_unsigned_char_unsigned_short_i_556 = alloca i32 1"   --->   Operation 70 'alloca' 'mxm_execute_ursa_signed_char_unsigned_short_unsigned_char_unsigned_short_i_556' <Predicate = true> <Delay = 0.00>
ST_1 : Operation 71 [1/1] (0.00ns)   --->   "%mxm_execute_ursa_signed_char_unsigned_short_unsigned_char_unsigned_short_i_557 = alloca i32 1"   --->   Operation 71 'alloca' 'mxm_execute_ursa_signed_char_unsigned_short_unsigned_char_unsigned_short_i_557' <Predicate = true> <Delay = 0.00>
ST_1 : Operation 72 [2/2] (1.00ns)   --->   "%m_read = read i16 @_ssdm_op_Read.s_axilite.i16, i16 %m"   --->   Operation 72 'read' 'm_read' <Predicate = true> <Delay = 1.00> <CoreInst = "s_axilite">   --->   Core 114 's_axilite' <Latency = 0> <II = 1> <Delay = 1.00> <Adapter> <Opcode : 'read' 'write'>
ST_1 : Operation 73 [1/1] (1.00ns)   --->   "%addr_c0_read = read i64 @_ssdm_op_Read.s_axilite.i64, i64 %addr_c0"   --->   Operation 73 'read' 'addr_c0_read' <Predicate = true> <Delay = 1.00> <CoreInst = "s_axilite">   --->   Core 114 's_axilite' <Latency = 0> <II = 1> <Delay = 1.00> <Adapter> <Opcode : 'read' 'write'>
ST_1 : Operation 74 [2/2] (1.00ns)   --->   "%b0_q_read = read i16 @_ssdm_op_Read.s_axilite.i16, i16 %b0_q"   --->   Operation 74 'read' 'b0_q_read' <Predicate = true> <Delay = 1.00> <CoreInst = "s_axilite">   --->   Core 114 's_axilite' <Latency = 0> <II = 1> <Delay = 1.00> <Adapter> <Opcode : 'read' 'write'>
ST_1 : Operation 75 [1/1] (1.00ns)   --->   "%addr_b0_read = read i64 @_ssdm_op_Read.s_axilite.i64, i64 %addr_b0"   --->   Operation 75 'read' 'addr_b0_read' <Predicate = true> <Delay = 1.00> <CoreInst = "s_axilite">   --->   Core 114 's_axilite' <Latency = 0> <II = 1> <Delay = 1.00> <Adapter> <Opcode : 'read' 'write'>
ST_1 : Operation 76 [2/2] (1.00ns)   --->   "%a0_p_read = read i16 @_ssdm_op_Read.s_axilite.i16, i16 %a0_p"   --->   Operation 76 'read' 'a0_p_read' <Predicate = true> <Delay = 1.00> <CoreInst = "s_axilite">   --->   Core 114 's_axilite' <Latency = 0> <II = 1> <Delay = 1.00> <Adapter> <Opcode : 'read' 'write'>
ST_1 : Operation 77 [1/1] (1.00ns)   --->   "%addr_a0_read = read i64 @_ssdm_op_Read.s_axilite.i64, i64 %addr_a0"   --->   Operation 77 'read' 'addr_a0_read' <Predicate = true> <Delay = 1.00> <CoreInst = "s_axilite">   --->   Core 114 's_axilite' <Latency = 0> <II = 1> <Delay = 1.00> <Adapter> <Opcode : 'read' 'write'>
ST_1 : Operation 78 [1/1] (0.00ns)   --->   "%cmp15_i_phi_loc = alloca i64 1"   --->   Operation 78 'alloca' 'cmp15_i_phi_loc' <Predicate = true> <Delay = 0.00>
ST_1 : Operation 79 [1/1] (0.00ns)   --->   "%cmp15_1_i_phi_loc = alloca i64 1"   --->   Operation 79 'alloca' 'cmp15_1_i_phi_loc' <Predicate = true> <Delay = 0.00>
ST_1 : Operation 80 [1/1] (0.00ns)   --->   "%cmp15_2_i_phi_loc = alloca i64 1"   --->   Operation 80 'alloca' 'cmp15_2_i_phi_loc' <Predicate = true> <Delay = 0.00>
ST_1 : Operation 81 [1/1] (0.00ns)   --->   "%cmp15_3_i_phi_loc = alloca i64 1"   --->   Operation 81 'alloca' 'cmp15_3_i_phi_loc' <Predicate = true> <Delay = 0.00>
ST_1 : Operation 82 [1/1] (0.00ns)   --->   "%cmp15_4_i_phi_loc = alloca i64 1"   --->   Operation 82 'alloca' 'cmp15_4_i_phi_loc' <Predicate = true> <Delay = 0.00>
ST_1 : Operation 83 [1/1] (0.00ns)   --->   "%cmp15_5_i_phi_loc = alloca i64 1"   --->   Operation 83 'alloca' 'cmp15_5_i_phi_loc' <Predicate = true> <Delay = 0.00>
ST_1 : Operation 84 [1/1] (0.00ns)   --->   "%cmp15_6_i_phi_loc = alloca i64 1"   --->   Operation 84 'alloca' 'cmp15_6_i_phi_loc' <Predicate = true> <Delay = 0.00>
ST_1 : Operation 85 [1/1] (0.00ns)   --->   "%cmp15_7_i_phi_loc = alloca i64 1"   --->   Operation 85 'alloca' 'cmp15_7_i_phi_loc' <Predicate = true> <Delay = 0.00>
ST_1 : Operation 86 [1/1] (0.00ns)   --->   "%mxm_execute_ursa_signed_char_unsigned_short_unsigned_char_unsigned_short_i_558 = alloca i64 1"   --->   Operation 86 'alloca' 'mxm_execute_ursa_signed_char_unsigned_short_unsigned_char_unsigned_short_i_558' <Predicate = true> <Delay = 0.00>
ST_1 : Operation 87 [1/1] (0.00ns)   --->   "%mxm_execute_ursa_signed_char_unsigned_short_unsigned_char_unsigned_short_i_559 = alloca i64 1"   --->   Operation 87 'alloca' 'mxm_execute_ursa_signed_char_unsigned_short_unsigned_char_unsigned_short_i_559' <Predicate = true> <Delay = 0.00>
ST_1 : Operation 88 [1/1] (0.00ns)   --->   "%mxm_execute_ursa_signed_char_unsigned_short_unsigned_char_unsigned_short_i_560 = alloca i64 1"   --->   Operation 88 'alloca' 'mxm_execute_ursa_signed_char_unsigned_short_unsigned_char_unsigned_short_i_560' <Predicate = true> <Delay = 0.00>
ST_1 : Operation 89 [1/1] (0.00ns)   --->   "%mxm_execute_ursa_signed_char_unsigned_short_unsigned_char_unsigned_short_i_561 = alloca i64 1"   --->   Operation 89 'alloca' 'mxm_execute_ursa_signed_char_unsigned_short_unsigned_char_unsigned_short_i_561' <Predicate = true> <Delay = 0.00>
ST_1 : Operation 90 [1/1] (0.00ns)   --->   "%mxm_execute_ursa_signed_char_unsigned_short_unsigned_char_unsigned_short_i_562 = alloca i64 1"   --->   Operation 90 'alloca' 'mxm_execute_ursa_signed_char_unsigned_short_unsigned_char_unsigned_short_i_562' <Predicate = true> <Delay = 0.00>
ST_1 : Operation 91 [1/1] (0.00ns)   --->   "%mxm_execute_ursa_signed_char_unsigned_short_unsigned_char_unsigned_short_i_563 = alloca i64 1"   --->   Operation 91 'alloca' 'mxm_execute_ursa_signed_char_unsigned_short_unsigned_char_unsigned_short_i_563' <Predicate = true> <Delay = 0.00>
ST_1 : Operation 92 [1/1] (0.00ns)   --->   "%mxm_execute_ursa_signed_char_unsigned_short_unsigned_char_unsigned_short_i_564 = alloca i64 1"   --->   Operation 92 'alloca' 'mxm_execute_ursa_signed_char_unsigned_short_unsigned_char_unsigned_short_i_564' <Predicate = true> <Delay = 0.00>
ST_1 : Operation 93 [1/1] (0.00ns)   --->   "%mxm_execute_ursa_signed_char_unsigned_short_unsigned_char_unsigned_short_i_565 = alloca i64 1"   --->   Operation 93 'alloca' 'mxm_execute_ursa_signed_char_unsigned_short_unsigned_char_unsigned_short_i_565' <Predicate = true> <Delay = 0.00>
ST_1 : Operation 94 [1/1] (0.00ns)   --->   "%mxm_execute_ursa_signed_char_unsigned_short_unsigned_char_unsigned_short_i_566 = alloca i64 1"   --->   Operation 94 'alloca' 'mxm_execute_ursa_signed_char_unsigned_short_unsigned_char_unsigned_short_i_566' <Predicate = true> <Delay = 0.00>
ST_1 : Operation 95 [1/1] (0.00ns)   --->   "%mxm_execute_ursa_signed_char_unsigned_short_unsigned_char_unsigned_short_i_567 = alloca i64 1"   --->   Operation 95 'alloca' 'mxm_execute_ursa_signed_char_unsigned_short_unsigned_char_unsigned_short_i_567' <Predicate = true> <Delay = 0.00>
ST_1 : Operation 96 [1/1] (0.00ns)   --->   "%mxm_execute_ursa_signed_char_unsigned_short_unsigned_char_unsigned_short_i_568 = alloca i64 1"   --->   Operation 96 'alloca' 'mxm_execute_ursa_signed_char_unsigned_short_unsigned_char_unsigned_short_i_568' <Predicate = true> <Delay = 0.00>
ST_1 : Operation 97 [1/1] (0.00ns)   --->   "%mxm_execute_ursa_signed_char_unsigned_short_unsigned_char_unsigned_short_i_569 = alloca i64 1"   --->   Operation 97 'alloca' 'mxm_execute_ursa_signed_char_unsigned_short_unsigned_char_unsigned_short_i_569' <Predicate = true> <Delay = 0.00>
ST_1 : Operation 98 [1/1] (0.00ns)   --->   "%mxm_execute_ursa_signed_char_unsigned_short_unsigned_char_unsigned_short_i_570 = alloca i64 1"   --->   Operation 98 'alloca' 'mxm_execute_ursa_signed_char_unsigned_short_unsigned_char_unsigned_short_i_570' <Predicate = true> <Delay = 0.00>
ST_1 : Operation 99 [1/1] (0.00ns)   --->   "%mxm_execute_ursa_signed_char_unsigned_short_unsigned_char_unsigned_short_i_571 = alloca i64 1"   --->   Operation 99 'alloca' 'mxm_execute_ursa_signed_char_unsigned_short_unsigned_char_unsigned_short_i_571' <Predicate = true> <Delay = 0.00>
ST_1 : Operation 100 [1/1] (0.00ns)   --->   "%mxm_execute_ursa_signed_char_unsigned_short_unsigned_char_unsigned_short_i_572 = alloca i64 1"   --->   Operation 100 'alloca' 'mxm_execute_ursa_signed_char_unsigned_short_unsigned_char_unsigned_short_i_572' <Predicate = true> <Delay = 0.00>
ST_1 : Operation 101 [1/1] (0.00ns)   --->   "%mxm_execute_ursa_signed_char_unsigned_short_unsigned_char_unsigned_short_i_573 = alloca i64 1"   --->   Operation 101 'alloca' 'mxm_execute_ursa_signed_char_unsigned_short_unsigned_char_unsigned_short_i_573' <Predicate = true> <Delay = 0.00>
ST_1 : Operation 102 [1/1] (0.00ns)   --->   "%mxm_execute_ursa_signed_char_unsigned_short_unsigned_char_unsigned_short_i_574 = alloca i64 1"   --->   Operation 102 'alloca' 'mxm_execute_ursa_signed_char_unsigned_short_unsigned_char_unsigned_short_i_574' <Predicate = true> <Delay = 0.00>
ST_1 : Operation 103 [1/1] (0.00ns)   --->   "%mxm_execute_ursa_signed_char_unsigned_short_unsigned_char_unsigned_short_i_575 = alloca i64 1"   --->   Operation 103 'alloca' 'mxm_execute_ursa_signed_char_unsigned_short_unsigned_char_unsigned_short_i_575' <Predicate = true> <Delay = 0.00>
ST_1 : Operation 104 [1/1] (0.00ns)   --->   "%mxm_execute_ursa_signed_char_unsigned_short_unsigned_char_unsigned_short_i_576 = alloca i64 1"   --->   Operation 104 'alloca' 'mxm_execute_ursa_signed_char_unsigned_short_unsigned_char_unsigned_short_i_576' <Predicate = true> <Delay = 0.00>
ST_1 : Operation 105 [1/1] (0.00ns)   --->   "%mxm_execute_ursa_signed_char_unsigned_short_unsigned_char_unsigned_short_i_577 = alloca i64 1"   --->   Operation 105 'alloca' 'mxm_execute_ursa_signed_char_unsigned_short_unsigned_char_unsigned_short_i_577' <Predicate = true> <Delay = 0.00>
ST_1 : Operation 106 [1/1] (0.00ns)   --->   "%mxm_execute_ursa_signed_char_unsigned_short_unsigned_char_unsigned_short_i_578 = alloca i64 1"   --->   Operation 106 'alloca' 'mxm_execute_ursa_signed_char_unsigned_short_unsigned_char_unsigned_short_i_578' <Predicate = true> <Delay = 0.00>
ST_1 : Operation 107 [1/1] (0.00ns)   --->   "%mxm_execute_ursa_signed_char_unsigned_short_unsigned_char_unsigned_short_i_579 = alloca i64 1"   --->   Operation 107 'alloca' 'mxm_execute_ursa_signed_char_unsigned_short_unsigned_char_unsigned_short_i_579' <Predicate = true> <Delay = 0.00>
ST_1 : Operation 108 [1/1] (0.00ns)   --->   "%mxm_execute_ursa_signed_char_unsigned_short_unsigned_char_unsigned_short_i_580 = alloca i64 1"   --->   Operation 108 'alloca' 'mxm_execute_ursa_signed_char_unsigned_short_unsigned_char_unsigned_short_i_580' <Predicate = true> <Delay = 0.00>
ST_1 : Operation 109 [1/1] (0.00ns)   --->   "%mxm_execute_ursa_signed_char_unsigned_short_unsigned_char_unsigned_short_i_581 = alloca i64 1"   --->   Operation 109 'alloca' 'mxm_execute_ursa_signed_char_unsigned_short_unsigned_char_unsigned_short_i_581' <Predicate = true> <Delay = 0.00>
ST_1 : Operation 110 [1/1] (0.00ns)   --->   "%mxm_execute_ursa_signed_char_unsigned_short_unsigned_char_unsigned_short_i_582 = alloca i64 1"   --->   Operation 110 'alloca' 'mxm_execute_ursa_signed_char_unsigned_short_unsigned_char_unsigned_short_i_582' <Predicate = true> <Delay = 0.00>
ST_1 : Operation 111 [1/1] (0.00ns)   --->   "%mxm_execute_ursa_signed_char_unsigned_short_unsigned_char_unsigned_short_i_583 = alloca i64 1"   --->   Operation 111 'alloca' 'mxm_execute_ursa_signed_char_unsigned_short_unsigned_char_unsigned_short_i_583' <Predicate = true> <Delay = 0.00>
ST_1 : Operation 112 [1/1] (0.00ns)   --->   "%mxm_execute_ursa_signed_char_unsigned_short_unsigned_char_unsigned_short_i_584 = alloca i64 1"   --->   Operation 112 'alloca' 'mxm_execute_ursa_signed_char_unsigned_short_unsigned_char_unsigned_short_i_584' <Predicate = true> <Delay = 0.00>
ST_1 : Operation 113 [1/1] (0.00ns)   --->   "%mxm_execute_ursa_signed_char_unsigned_short_unsigned_char_unsigned_short_i_585 = alloca i64 1"   --->   Operation 113 'alloca' 'mxm_execute_ursa_signed_char_unsigned_short_unsigned_char_unsigned_short_i_585' <Predicate = true> <Delay = 0.00>
ST_1 : Operation 114 [1/1] (0.00ns)   --->   "%mxm_execute_ursa_signed_char_unsigned_short_unsigned_char_unsigned_short_i_586 = alloca i64 1"   --->   Operation 114 'alloca' 'mxm_execute_ursa_signed_char_unsigned_short_unsigned_char_unsigned_short_i_586' <Predicate = true> <Delay = 0.00>
ST_1 : Operation 115 [1/1] (0.00ns)   --->   "%mxm_execute_ursa_signed_char_unsigned_short_unsigned_char_unsigned_short_i_587 = alloca i64 1"   --->   Operation 115 'alloca' 'mxm_execute_ursa_signed_char_unsigned_short_unsigned_char_unsigned_short_i_587' <Predicate = true> <Delay = 0.00>
ST_1 : Operation 116 [1/1] (0.00ns)   --->   "%mxm_execute_ursa_signed_char_unsigned_short_unsigned_char_unsigned_short_i_588 = alloca i64 1"   --->   Operation 116 'alloca' 'mxm_execute_ursa_signed_char_unsigned_short_unsigned_char_unsigned_short_i_588' <Predicate = true> <Delay = 0.00>
ST_1 : Operation 117 [1/1] (0.00ns)   --->   "%mxm_execute_ursa_signed_char_unsigned_short_unsigned_char_unsigned_short_i_589 = alloca i64 1"   --->   Operation 117 'alloca' 'mxm_execute_ursa_signed_char_unsigned_short_unsigned_char_unsigned_short_i_589' <Predicate = true> <Delay = 0.00>
ST_1 : Operation 118 [1/1] (0.00ns)   --->   "%mxm_execute_ursa_signed_char_unsigned_short_unsigned_char_unsigned_short_i_590 = alloca i64 1"   --->   Operation 118 'alloca' 'mxm_execute_ursa_signed_char_unsigned_short_unsigned_char_unsigned_short_i_590' <Predicate = true> <Delay = 0.00>
ST_1 : Operation 119 [1/1] (0.00ns)   --->   "%mxm_execute_ursa_signed_char_unsigned_short_unsigned_char_unsigned_short_i_591 = alloca i64 1"   --->   Operation 119 'alloca' 'mxm_execute_ursa_signed_char_unsigned_short_unsigned_char_unsigned_short_i_591' <Predicate = true> <Delay = 0.00>
ST_1 : Operation 120 [1/1] (0.00ns)   --->   "%mxm_execute_ursa_signed_char_unsigned_short_unsigned_char_unsigned_short_i_592 = alloca i64 1"   --->   Operation 120 'alloca' 'mxm_execute_ursa_signed_char_unsigned_short_unsigned_char_unsigned_short_i_592' <Predicate = true> <Delay = 0.00>
ST_1 : Operation 121 [1/1] (0.00ns)   --->   "%mxm_execute_ursa_signed_char_unsigned_short_unsigned_char_unsigned_short_i_593 = alloca i64 1"   --->   Operation 121 'alloca' 'mxm_execute_ursa_signed_char_unsigned_short_unsigned_char_unsigned_short_i_593' <Predicate = true> <Delay = 0.00>
ST_1 : Operation 122 [1/1] (0.00ns)   --->   "%mxm_execute_ursa_signed_char_unsigned_short_unsigned_char_unsigned_short_i_594 = alloca i64 1"   --->   Operation 122 'alloca' 'mxm_execute_ursa_signed_char_unsigned_short_unsigned_char_unsigned_short_i_594' <Predicate = true> <Delay = 0.00>
ST_1 : Operation 123 [1/1] (0.00ns)   --->   "%mxm_execute_ursa_signed_char_unsigned_short_unsigned_char_unsigned_short_i_595 = alloca i64 1"   --->   Operation 123 'alloca' 'mxm_execute_ursa_signed_char_unsigned_short_unsigned_char_unsigned_short_i_595' <Predicate = true> <Delay = 0.00>
ST_1 : Operation 124 [1/1] (0.00ns)   --->   "%mxm_execute_ursa_signed_char_unsigned_short_unsigned_char_unsigned_short_i_596 = alloca i64 1"   --->   Operation 124 'alloca' 'mxm_execute_ursa_signed_char_unsigned_short_unsigned_char_unsigned_short_i_596' <Predicate = true> <Delay = 0.00>
ST_1 : Operation 125 [1/1] (0.00ns)   --->   "%mxm_execute_ursa_signed_char_unsigned_short_unsigned_char_unsigned_short_i_597 = alloca i64 1"   --->   Operation 125 'alloca' 'mxm_execute_ursa_signed_char_unsigned_short_unsigned_char_unsigned_short_i_597' <Predicate = true> <Delay = 0.00>
ST_1 : Operation 126 [1/1] (0.00ns)   --->   "%mxm_execute_ursa_signed_char_unsigned_short_unsigned_char_unsigned_short_i_598 = alloca i64 1"   --->   Operation 126 'alloca' 'mxm_execute_ursa_signed_char_unsigned_short_unsigned_char_unsigned_short_i_598' <Predicate = true> <Delay = 0.00>
ST_1 : Operation 127 [1/1] (0.00ns)   --->   "%mxm_execute_ursa_signed_char_unsigned_short_unsigned_char_unsigned_short_i_599 = alloca i64 1"   --->   Operation 127 'alloca' 'mxm_execute_ursa_signed_char_unsigned_short_unsigned_char_unsigned_short_i_599' <Predicate = true> <Delay = 0.00>
ST_1 : Operation 128 [1/1] (0.00ns)   --->   "%mxm_execute_ursa_signed_char_unsigned_short_unsigned_char_unsigned_short_i_600 = alloca i64 1"   --->   Operation 128 'alloca' 'mxm_execute_ursa_signed_char_unsigned_short_unsigned_char_unsigned_short_i_600' <Predicate = true> <Delay = 0.00>
ST_1 : Operation 129 [1/1] (0.00ns)   --->   "%mxm_execute_ursa_signed_char_unsigned_short_unsigned_char_unsigned_short_i_601 = alloca i64 1"   --->   Operation 129 'alloca' 'mxm_execute_ursa_signed_char_unsigned_short_unsigned_char_unsigned_short_i_601' <Predicate = true> <Delay = 0.00>
ST_1 : Operation 130 [1/1] (0.00ns)   --->   "%mxm_execute_ursa_signed_char_unsigned_short_unsigned_char_unsigned_short_i_602 = alloca i64 1"   --->   Operation 130 'alloca' 'mxm_execute_ursa_signed_char_unsigned_short_unsigned_char_unsigned_short_i_602' <Predicate = true> <Delay = 0.00>
ST_1 : Operation 131 [1/1] (0.00ns)   --->   "%mxm_execute_ursa_signed_char_unsigned_short_unsigned_char_unsigned_short_i_603 = alloca i64 1"   --->   Operation 131 'alloca' 'mxm_execute_ursa_signed_char_unsigned_short_unsigned_char_unsigned_short_i_603' <Predicate = true> <Delay = 0.00>
ST_1 : Operation 132 [1/1] (0.00ns)   --->   "%mxm_execute_ursa_signed_char_unsigned_short_unsigned_char_unsigned_short_i_604 = alloca i64 1"   --->   Operation 132 'alloca' 'mxm_execute_ursa_signed_char_unsigned_short_unsigned_char_unsigned_short_i_604' <Predicate = true> <Delay = 0.00>
ST_1 : Operation 133 [1/1] (0.00ns)   --->   "%mxm_execute_ursa_signed_char_unsigned_short_unsigned_char_unsigned_short_i_605 = alloca i64 1"   --->   Operation 133 'alloca' 'mxm_execute_ursa_signed_char_unsigned_short_unsigned_char_unsigned_short_i_605' <Predicate = true> <Delay = 0.00>
ST_1 : Operation 134 [1/1] (0.00ns)   --->   "%mxm_execute_ursa_signed_char_unsigned_short_unsigned_char_unsigned_short_i_606 = alloca i64 1"   --->   Operation 134 'alloca' 'mxm_execute_ursa_signed_char_unsigned_short_unsigned_char_unsigned_short_i_606' <Predicate = true> <Delay = 0.00>
ST_1 : Operation 135 [1/1] (0.00ns)   --->   "%mxm_execute_ursa_signed_char_unsigned_short_unsigned_char_unsigned_short_i_607 = alloca i64 1"   --->   Operation 135 'alloca' 'mxm_execute_ursa_signed_char_unsigned_short_unsigned_char_unsigned_short_i_607' <Predicate = true> <Delay = 0.00>
ST_1 : Operation 136 [1/1] (0.00ns)   --->   "%mxm_execute_ursa_signed_char_unsigned_short_unsigned_char_unsigned_short_i_608 = alloca i64 1"   --->   Operation 136 'alloca' 'mxm_execute_ursa_signed_char_unsigned_short_unsigned_char_unsigned_short_i_608' <Predicate = true> <Delay = 0.00>
ST_1 : Operation 137 [1/1] (0.00ns)   --->   "%mxm_execute_ursa_signed_char_unsigned_short_unsigned_char_unsigned_short_i_609 = alloca i64 1"   --->   Operation 137 'alloca' 'mxm_execute_ursa_signed_char_unsigned_short_unsigned_char_unsigned_short_i_609' <Predicate = true> <Delay = 0.00>
ST_1 : Operation 138 [1/1] (0.00ns)   --->   "%mxm_execute_ursa_signed_char_unsigned_short_unsigned_char_unsigned_short_i_610 = alloca i64 1"   --->   Operation 138 'alloca' 'mxm_execute_ursa_signed_char_unsigned_short_unsigned_char_unsigned_short_i_610' <Predicate = true> <Delay = 0.00>
ST_1 : Operation 139 [1/1] (0.00ns)   --->   "%mxm_execute_ursa_signed_char_unsigned_short_unsigned_char_unsigned_short_i_611 = alloca i64 1"   --->   Operation 139 'alloca' 'mxm_execute_ursa_signed_char_unsigned_short_unsigned_char_unsigned_short_i_611' <Predicate = true> <Delay = 0.00>
ST_1 : Operation 140 [1/1] (0.00ns)   --->   "%mxm_execute_ursa_signed_char_unsigned_short_unsigned_char_unsigned_short_i_612 = alloca i64 1"   --->   Operation 140 'alloca' 'mxm_execute_ursa_signed_char_unsigned_short_unsigned_char_unsigned_short_i_612' <Predicate = true> <Delay = 0.00>
ST_1 : Operation 141 [1/1] (0.00ns)   --->   "%mxm_execute_ursa_signed_char_unsigned_short_unsigned_char_unsigned_short_i_613 = alloca i64 1"   --->   Operation 141 'alloca' 'mxm_execute_ursa_signed_char_unsigned_short_unsigned_char_unsigned_short_i_613' <Predicate = true> <Delay = 0.00>
ST_1 : Operation 142 [1/1] (3.25ns)   --->   "%c_tile_acc = alloca i64 1" [/home/fi/Documents/GitHub/ursa/exp/ursa_ws/src/core/shell.cpp:315]   --->   Operation 142 'alloca' 'c_tile_acc' <Predicate = true> <Delay = 3.25>
ST_1 : Operation 143 [1/1] (0.00ns)   --->   "%mxm_execute_ursa_signed_char_unsigned_short_unsigned_char_unsigned_short_i_614 = load i8 %mxm_execute_ursa_signed_char_unsigned_short_unsigned_char_unsigned_short_i_234" [/home/fi/Documents/GitHub/ursa/exp/ursa_ws/src/core/sa.cpp:60->/home/fi/Documents/GitHub/ursa/exp/ursa_ws/src/core/shell.cpp:354]   --->   Operation 143 'load' 'mxm_execute_ursa_signed_char_unsigned_short_unsigned_char_unsigned_short_i_614' <Predicate = true> <Delay = 0.00>
ST_1 : Operation 144 [1/1] (0.00ns)   --->   "%mxm_execute_ursa_signed_char_unsigned_short_unsigned_char_unsigned_short_i_615 = load i8 %mxm_execute_ursa_signed_char_unsigned_short_unsigned_char_unsigned_short_i_233" [/home/fi/Documents/GitHub/ursa/exp/ursa_ws/src/core/sa.cpp:60->/home/fi/Documents/GitHub/ursa/exp/ursa_ws/src/core/shell.cpp:354]   --->   Operation 144 'load' 'mxm_execute_ursa_signed_char_unsigned_short_unsigned_char_unsigned_short_i_615' <Predicate = true> <Delay = 0.00>
ST_1 : Operation 145 [1/1] (0.00ns)   --->   "%mxm_execute_ursa_signed_char_unsigned_short_unsigned_char_unsigned_short_i_616 = load i8 %mxm_execute_ursa_signed_char_unsigned_short_unsigned_char_unsigned_short_i_231" [/home/fi/Documents/GitHub/ursa/exp/ursa_ws/src/core/sa.cpp:60->/home/fi/Documents/GitHub/ursa/exp/ursa_ws/src/core/shell.cpp:354]   --->   Operation 145 'load' 'mxm_execute_ursa_signed_char_unsigned_short_unsigned_char_unsigned_short_i_616' <Predicate = true> <Delay = 0.00>
ST_1 : Operation 146 [1/1] (0.00ns)   --->   "%mxm_execute_ursa_signed_char_unsigned_short_unsigned_char_unsigned_short_i_617 = load i8 %mxm_execute_ursa_signed_char_unsigned_short_unsigned_char_unsigned_short_i_230" [/home/fi/Documents/GitHub/ursa/exp/ursa_ws/src/core/sa.cpp:60->/home/fi/Documents/GitHub/ursa/exp/ursa_ws/src/core/shell.cpp:354]   --->   Operation 146 'load' 'mxm_execute_ursa_signed_char_unsigned_short_unsigned_char_unsigned_short_i_617' <Predicate = true> <Delay = 0.00>
ST_1 : Operation 147 [1/1] (0.00ns)   --->   "%mxm_execute_ursa_signed_char_unsigned_short_unsigned_char_unsigned_short_i_618 = load i8 %mxm_execute_ursa_signed_char_unsigned_short_unsigned_char_unsigned_short_i_229" [/home/fi/Documents/GitHub/ursa/exp/ursa_ws/src/core/sa.cpp:60->/home/fi/Documents/GitHub/ursa/exp/ursa_ws/src/core/shell.cpp:354]   --->   Operation 147 'load' 'mxm_execute_ursa_signed_char_unsigned_short_unsigned_char_unsigned_short_i_618' <Predicate = true> <Delay = 0.00>
ST_1 : Operation 148 [1/1] (0.00ns)   --->   "%mxm_execute_ursa_signed_char_unsigned_short_unsigned_char_unsigned_short_i_619 = load i8 %mxm_execute_ursa_signed_char_unsigned_short_unsigned_char_unsigned_short_i_228" [/home/fi/Documents/GitHub/ursa/exp/ursa_ws/src/core/sa.cpp:60->/home/fi/Documents/GitHub/ursa/exp/ursa_ws/src/core/shell.cpp:354]   --->   Operation 148 'load' 'mxm_execute_ursa_signed_char_unsigned_short_unsigned_char_unsigned_short_i_619' <Predicate = true> <Delay = 0.00>
ST_1 : Operation 149 [1/1] (0.00ns)   --->   "%mxm_execute_ursa_signed_char_unsigned_short_unsigned_char_unsigned_short_i_620 = load i8 %mxm_execute_ursa_signed_char_unsigned_short_unsigned_char_unsigned_short_i_227" [/home/fi/Documents/GitHub/ursa/exp/ursa_ws/src/core/sa.cpp:60->/home/fi/Documents/GitHub/ursa/exp/ursa_ws/src/core/shell.cpp:354]   --->   Operation 149 'load' 'mxm_execute_ursa_signed_char_unsigned_short_unsigned_char_unsigned_short_i_620' <Predicate = true> <Delay = 0.00>
ST_1 : Operation 150 [1/1] (0.00ns)   --->   "%mxm_execute_ursa_signed_char_unsigned_short_unsigned_char_unsigned_short_i_621 = load i8 %mxm_execute_ursa_signed_char_unsigned_short_unsigned_char_unsigned_short_i_226" [/home/fi/Documents/GitHub/ursa/exp/ursa_ws/src/core/sa.cpp:60->/home/fi/Documents/GitHub/ursa/exp/ursa_ws/src/core/shell.cpp:354]   --->   Operation 150 'load' 'mxm_execute_ursa_signed_char_unsigned_short_unsigned_char_unsigned_short_i_621' <Predicate = true> <Delay = 0.00>
ST_1 : Operation 151 [1/1] (0.00ns)   --->   "%mxm_execute_ursa_signed_char_unsigned_short_unsigned_char_unsigned_short_i_622 = load i8 %mxm_execute_ursa_signed_char_unsigned_short_unsigned_char_unsigned_short_i_225" [/home/fi/Documents/GitHub/ursa/exp/ursa_ws/src/core/sa.cpp:60->/home/fi/Documents/GitHub/ursa/exp/ursa_ws/src/core/shell.cpp:354]   --->   Operation 151 'load' 'mxm_execute_ursa_signed_char_unsigned_short_unsigned_char_unsigned_short_i_622' <Predicate = true> <Delay = 0.00>
ST_1 : Operation 152 [1/1] (0.00ns)   --->   "%mxm_execute_ursa_signed_char_unsigned_short_unsigned_char_unsigned_short_i_623 = load i8 %mxm_execute_ursa_signed_char_unsigned_short_unsigned_char_unsigned_short_i_224" [/home/fi/Documents/GitHub/ursa/exp/ursa_ws/src/core/sa.cpp:60->/home/fi/Documents/GitHub/ursa/exp/ursa_ws/src/core/shell.cpp:354]   --->   Operation 152 'load' 'mxm_execute_ursa_signed_char_unsigned_short_unsigned_char_unsigned_short_i_623' <Predicate = true> <Delay = 0.00>
ST_1 : Operation 153 [1/1] (0.00ns)   --->   "%mxm_execute_ursa_signed_char_unsigned_short_unsigned_char_unsigned_short_i_624 = load i8 %mxm_execute_ursa_signed_char_unsigned_short_unsigned_char_unsigned_short_i_223" [/home/fi/Documents/GitHub/ursa/exp/ursa_ws/src/core/sa.cpp:60->/home/fi/Documents/GitHub/ursa/exp/ursa_ws/src/core/shell.cpp:354]   --->   Operation 153 'load' 'mxm_execute_ursa_signed_char_unsigned_short_unsigned_char_unsigned_short_i_624' <Predicate = true> <Delay = 0.00>
ST_1 : Operation 154 [1/1] (0.00ns)   --->   "%mxm_execute_ursa_signed_char_unsigned_short_unsigned_char_unsigned_short_i_625 = load i8 %mxm_execute_ursa_signed_char_unsigned_short_unsigned_char_unsigned_short_i_222" [/home/fi/Documents/GitHub/ursa/exp/ursa_ws/src/core/sa.cpp:60->/home/fi/Documents/GitHub/ursa/exp/ursa_ws/src/core/shell.cpp:354]   --->   Operation 154 'load' 'mxm_execute_ursa_signed_char_unsigned_short_unsigned_char_unsigned_short_i_625' <Predicate = true> <Delay = 0.00>
ST_1 : Operation 155 [1/1] (0.00ns)   --->   "%mxm_execute_ursa_signed_char_unsigned_short_unsigned_char_unsigned_short_i_626 = load i8 %mxm_execute_ursa_signed_char_unsigned_short_unsigned_char_unsigned_short_i_220" [/home/fi/Documents/GitHub/ursa/exp/ursa_ws/src/core/sa.cpp:60->/home/fi/Documents/GitHub/ursa/exp/ursa_ws/src/core/shell.cpp:354]   --->   Operation 155 'load' 'mxm_execute_ursa_signed_char_unsigned_short_unsigned_char_unsigned_short_i_626' <Predicate = true> <Delay = 0.00>
ST_1 : Operation 156 [1/1] (0.00ns)   --->   "%mxm_execute_ursa_signed_char_unsigned_short_unsigned_char_unsigned_short_i_627 = load i8 %mxm_execute_ursa_signed_char_unsigned_short_unsigned_char_unsigned_short_i_219" [/home/fi/Documents/GitHub/ursa/exp/ursa_ws/src/core/sa.cpp:60->/home/fi/Documents/GitHub/ursa/exp/ursa_ws/src/core/shell.cpp:354]   --->   Operation 156 'load' 'mxm_execute_ursa_signed_char_unsigned_short_unsigned_char_unsigned_short_i_627' <Predicate = true> <Delay = 0.00>
ST_1 : Operation 157 [1/1] (0.00ns)   --->   "%mxm_execute_ursa_signed_char_unsigned_short_unsigned_char_unsigned_short_i_628 = load i8 %mxm_execute_ursa_signed_char_unsigned_short_unsigned_char_unsigned_short_i_218" [/home/fi/Documents/GitHub/ursa/exp/ursa_ws/src/core/sa.cpp:60->/home/fi/Documents/GitHub/ursa/exp/ursa_ws/src/core/shell.cpp:354]   --->   Operation 157 'load' 'mxm_execute_ursa_signed_char_unsigned_short_unsigned_char_unsigned_short_i_628' <Predicate = true> <Delay = 0.00>
ST_1 : Operation 158 [1/1] (0.00ns)   --->   "%mxm_execute_ursa_signed_char_unsigned_short_unsigned_char_unsigned_short_i_629 = load i8 %mxm_execute_ursa_signed_char_unsigned_short_unsigned_char_unsigned_short_i_217" [/home/fi/Documents/GitHub/ursa/exp/ursa_ws/src/core/sa.cpp:60->/home/fi/Documents/GitHub/ursa/exp/ursa_ws/src/core/shell.cpp:354]   --->   Operation 158 'load' 'mxm_execute_ursa_signed_char_unsigned_short_unsigned_char_unsigned_short_i_629' <Predicate = true> <Delay = 0.00>
ST_1 : Operation 159 [1/1] (0.00ns)   --->   "%mxm_execute_ursa_signed_char_unsigned_short_unsigned_char_unsigned_short_i_630 = load i8 %mxm_execute_ursa_signed_char_unsigned_short_unsigned_char_unsigned_short_i_216" [/home/fi/Documents/GitHub/ursa/exp/ursa_ws/src/core/sa.cpp:60->/home/fi/Documents/GitHub/ursa/exp/ursa_ws/src/core/shell.cpp:354]   --->   Operation 159 'load' 'mxm_execute_ursa_signed_char_unsigned_short_unsigned_char_unsigned_short_i_630' <Predicate = true> <Delay = 0.00>
ST_1 : Operation 160 [1/1] (0.00ns)   --->   "%mxm_execute_ursa_signed_char_unsigned_short_unsigned_char_unsigned_short_i_631 = load i8 %mxm_execute_ursa_signed_char_unsigned_short_unsigned_char_unsigned_short_i_215" [/home/fi/Documents/GitHub/ursa/exp/ursa_ws/src/core/sa.cpp:60->/home/fi/Documents/GitHub/ursa/exp/ursa_ws/src/core/shell.cpp:354]   --->   Operation 160 'load' 'mxm_execute_ursa_signed_char_unsigned_short_unsigned_char_unsigned_short_i_631' <Predicate = true> <Delay = 0.00>
ST_1 : Operation 161 [1/1] (0.00ns)   --->   "%mxm_execute_ursa_signed_char_unsigned_short_unsigned_char_unsigned_short_i_632 = load i8 %mxm_execute_ursa_signed_char_unsigned_short_unsigned_char_unsigned_short_i_214" [/home/fi/Documents/GitHub/ursa/exp/ursa_ws/src/core/sa.cpp:60->/home/fi/Documents/GitHub/ursa/exp/ursa_ws/src/core/shell.cpp:354]   --->   Operation 161 'load' 'mxm_execute_ursa_signed_char_unsigned_short_unsigned_char_unsigned_short_i_632' <Predicate = true> <Delay = 0.00>
ST_1 : Operation 162 [1/1] (0.00ns)   --->   "%mxm_execute_ursa_signed_char_unsigned_short_unsigned_char_unsigned_short_i_633 = load i8 %mxm_execute_ursa_signed_char_unsigned_short_unsigned_char_unsigned_short_i_213" [/home/fi/Documents/GitHub/ursa/exp/ursa_ws/src/core/sa.cpp:60->/home/fi/Documents/GitHub/ursa/exp/ursa_ws/src/core/shell.cpp:354]   --->   Operation 162 'load' 'mxm_execute_ursa_signed_char_unsigned_short_unsigned_char_unsigned_short_i_633' <Predicate = true> <Delay = 0.00>
ST_1 : Operation 163 [1/1] (0.00ns)   --->   "%mxm_execute_ursa_signed_char_unsigned_short_unsigned_char_unsigned_short_i_634 = load i8 %mxm_execute_ursa_signed_char_unsigned_short_unsigned_char_unsigned_short_i_212" [/home/fi/Documents/GitHub/ursa/exp/ursa_ws/src/core/sa.cpp:60->/home/fi/Documents/GitHub/ursa/exp/ursa_ws/src/core/shell.cpp:354]   --->   Operation 163 'load' 'mxm_execute_ursa_signed_char_unsigned_short_unsigned_char_unsigned_short_i_634' <Predicate = true> <Delay = 0.00>
ST_1 : Operation 164 [1/1] (0.00ns)   --->   "%mxm_execute_ursa_signed_char_unsigned_short_unsigned_char_unsigned_short_i_635 = load i8 %mxm_execute_ursa_signed_char_unsigned_short_unsigned_char_unsigned_short_i_211" [/home/fi/Documents/GitHub/ursa/exp/ursa_ws/src/core/sa.cpp:60->/home/fi/Documents/GitHub/ursa/exp/ursa_ws/src/core/shell.cpp:354]   --->   Operation 164 'load' 'mxm_execute_ursa_signed_char_unsigned_short_unsigned_char_unsigned_short_i_635' <Predicate = true> <Delay = 0.00>
ST_1 : Operation 165 [1/1] (0.00ns)   --->   "%mxm_execute_ursa_signed_char_unsigned_short_unsigned_char_unsigned_short_i_636 = load i8 %mxm_execute_ursa_signed_char_unsigned_short_unsigned_char_unsigned_short_i_209" [/home/fi/Documents/GitHub/ursa/exp/ursa_ws/src/core/sa.cpp:60->/home/fi/Documents/GitHub/ursa/exp/ursa_ws/src/core/shell.cpp:354]   --->   Operation 165 'load' 'mxm_execute_ursa_signed_char_unsigned_short_unsigned_char_unsigned_short_i_636' <Predicate = true> <Delay = 0.00>
ST_1 : Operation 166 [1/1] (0.00ns)   --->   "%mxm_execute_ursa_signed_char_unsigned_short_unsigned_char_unsigned_short_i_637 = load i8 %mxm_execute_ursa_signed_char_unsigned_short_unsigned_char_unsigned_short_i_208" [/home/fi/Documents/GitHub/ursa/exp/ursa_ws/src/core/sa.cpp:60->/home/fi/Documents/GitHub/ursa/exp/ursa_ws/src/core/shell.cpp:354]   --->   Operation 166 'load' 'mxm_execute_ursa_signed_char_unsigned_short_unsigned_char_unsigned_short_i_637' <Predicate = true> <Delay = 0.00>
ST_1 : Operation 167 [1/1] (0.00ns)   --->   "%mxm_execute_ursa_signed_char_unsigned_short_unsigned_char_unsigned_short_i_638 = load i8 %mxm_execute_ursa_signed_char_unsigned_short_unsigned_char_unsigned_short_i_207" [/home/fi/Documents/GitHub/ursa/exp/ursa_ws/src/core/sa.cpp:60->/home/fi/Documents/GitHub/ursa/exp/ursa_ws/src/core/shell.cpp:354]   --->   Operation 167 'load' 'mxm_execute_ursa_signed_char_unsigned_short_unsigned_char_unsigned_short_i_638' <Predicate = true> <Delay = 0.00>
ST_1 : Operation 168 [1/1] (0.00ns)   --->   "%mxm_execute_ursa_signed_char_unsigned_short_unsigned_char_unsigned_short_i_639 = load i8 %mxm_execute_ursa_signed_char_unsigned_short_unsigned_char_unsigned_short_i_206" [/home/fi/Documents/GitHub/ursa/exp/ursa_ws/src/core/sa.cpp:60->/home/fi/Documents/GitHub/ursa/exp/ursa_ws/src/core/shell.cpp:354]   --->   Operation 168 'load' 'mxm_execute_ursa_signed_char_unsigned_short_unsigned_char_unsigned_short_i_639' <Predicate = true> <Delay = 0.00>
ST_1 : Operation 169 [1/1] (0.00ns)   --->   "%mxm_execute_ursa_signed_char_unsigned_short_unsigned_char_unsigned_short_i_640 = load i8 %mxm_execute_ursa_signed_char_unsigned_short_unsigned_char_unsigned_short_i_205" [/home/fi/Documents/GitHub/ursa/exp/ursa_ws/src/core/sa.cpp:60->/home/fi/Documents/GitHub/ursa/exp/ursa_ws/src/core/shell.cpp:354]   --->   Operation 169 'load' 'mxm_execute_ursa_signed_char_unsigned_short_unsigned_char_unsigned_short_i_640' <Predicate = true> <Delay = 0.00>
ST_1 : Operation 170 [1/1] (0.00ns)   --->   "%mxm_execute_ursa_signed_char_unsigned_short_unsigned_char_unsigned_short_i_641 = load i8 %mxm_execute_ursa_signed_char_unsigned_short_unsigned_char_unsigned_short_i_204" [/home/fi/Documents/GitHub/ursa/exp/ursa_ws/src/core/sa.cpp:60->/home/fi/Documents/GitHub/ursa/exp/ursa_ws/src/core/shell.cpp:354]   --->   Operation 170 'load' 'mxm_execute_ursa_signed_char_unsigned_short_unsigned_char_unsigned_short_i_641' <Predicate = true> <Delay = 0.00>
ST_1 : Operation 171 [1/1] (0.00ns)   --->   "%mxm_execute_ursa_signed_char_unsigned_short_unsigned_char_unsigned_short_i_642 = load i8 %mxm_execute_ursa_signed_char_unsigned_short_unsigned_char_unsigned_short_i_203" [/home/fi/Documents/GitHub/ursa/exp/ursa_ws/src/core/sa.cpp:60->/home/fi/Documents/GitHub/ursa/exp/ursa_ws/src/core/shell.cpp:354]   --->   Operation 171 'load' 'mxm_execute_ursa_signed_char_unsigned_short_unsigned_char_unsigned_short_i_642' <Predicate = true> <Delay = 0.00>
ST_1 : Operation 172 [1/1] (0.00ns)   --->   "%mxm_execute_ursa_signed_char_unsigned_short_unsigned_char_unsigned_short_i_643 = load i8 %mxm_execute_ursa_signed_char_unsigned_short_unsigned_char_unsigned_short_i_202" [/home/fi/Documents/GitHub/ursa/exp/ursa_ws/src/core/sa.cpp:60->/home/fi/Documents/GitHub/ursa/exp/ursa_ws/src/core/shell.cpp:354]   --->   Operation 172 'load' 'mxm_execute_ursa_signed_char_unsigned_short_unsigned_char_unsigned_short_i_643' <Predicate = true> <Delay = 0.00>
ST_1 : Operation 173 [1/1] (0.00ns)   --->   "%mxm_execute_ursa_signed_char_unsigned_short_unsigned_char_unsigned_short_i_644 = load i8 %mxm_execute_ursa_signed_char_unsigned_short_unsigned_char_unsigned_short_i_201" [/home/fi/Documents/GitHub/ursa/exp/ursa_ws/src/core/sa.cpp:60->/home/fi/Documents/GitHub/ursa/exp/ursa_ws/src/core/shell.cpp:354]   --->   Operation 173 'load' 'mxm_execute_ursa_signed_char_unsigned_short_unsigned_char_unsigned_short_i_644' <Predicate = true> <Delay = 0.00>
ST_1 : Operation 174 [1/1] (0.00ns)   --->   "%mxm_execute_ursa_signed_char_unsigned_short_unsigned_char_unsigned_short_i_645 = load i8 %mxm_execute_ursa_signed_char_unsigned_short_unsigned_char_unsigned_short_i_200" [/home/fi/Documents/GitHub/ursa/exp/ursa_ws/src/core/sa.cpp:60->/home/fi/Documents/GitHub/ursa/exp/ursa_ws/src/core/shell.cpp:354]   --->   Operation 174 'load' 'mxm_execute_ursa_signed_char_unsigned_short_unsigned_char_unsigned_short_i_645' <Predicate = true> <Delay = 0.00>
ST_1 : Operation 175 [1/1] (0.00ns)   --->   "%mxm_execute_ursa_signed_char_unsigned_short_unsigned_char_unsigned_short_i_646 = load i8 %mxm_execute_ursa_signed_char_unsigned_short_unsigned_char_unsigned_short_i_198" [/home/fi/Documents/GitHub/ursa/exp/ursa_ws/src/core/sa.cpp:60->/home/fi/Documents/GitHub/ursa/exp/ursa_ws/src/core/shell.cpp:354]   --->   Operation 175 'load' 'mxm_execute_ursa_signed_char_unsigned_short_unsigned_char_unsigned_short_i_646' <Predicate = true> <Delay = 0.00>
ST_1 : Operation 176 [1/1] (0.00ns)   --->   "%mxm_execute_ursa_signed_char_unsigned_short_unsigned_char_unsigned_short_i_647 = load i8 %mxm_execute_ursa_signed_char_unsigned_short_unsigned_char_unsigned_short_i_197" [/home/fi/Documents/GitHub/ursa/exp/ursa_ws/src/core/sa.cpp:60->/home/fi/Documents/GitHub/ursa/exp/ursa_ws/src/core/shell.cpp:354]   --->   Operation 176 'load' 'mxm_execute_ursa_signed_char_unsigned_short_unsigned_char_unsigned_short_i_647' <Predicate = true> <Delay = 0.00>
ST_1 : Operation 177 [1/1] (0.00ns)   --->   "%mxm_execute_ursa_signed_char_unsigned_short_unsigned_char_unsigned_short_i_648 = load i8 %mxm_execute_ursa_signed_char_unsigned_short_unsigned_char_unsigned_short_i_196" [/home/fi/Documents/GitHub/ursa/exp/ursa_ws/src/core/sa.cpp:60->/home/fi/Documents/GitHub/ursa/exp/ursa_ws/src/core/shell.cpp:354]   --->   Operation 177 'load' 'mxm_execute_ursa_signed_char_unsigned_short_unsigned_char_unsigned_short_i_648' <Predicate = true> <Delay = 0.00>
ST_1 : Operation 178 [1/1] (0.00ns)   --->   "%mxm_execute_ursa_signed_char_unsigned_short_unsigned_char_unsigned_short_i_649 = load i8 %mxm_execute_ursa_signed_char_unsigned_short_unsigned_char_unsigned_short_i_195" [/home/fi/Documents/GitHub/ursa/exp/ursa_ws/src/core/sa.cpp:60->/home/fi/Documents/GitHub/ursa/exp/ursa_ws/src/core/shell.cpp:354]   --->   Operation 178 'load' 'mxm_execute_ursa_signed_char_unsigned_short_unsigned_char_unsigned_short_i_649' <Predicate = true> <Delay = 0.00>
ST_1 : Operation 179 [1/1] (0.00ns)   --->   "%mxm_execute_ursa_signed_char_unsigned_short_unsigned_char_unsigned_short_i_650 = load i8 %mxm_execute_ursa_signed_char_unsigned_short_unsigned_char_unsigned_short_i_194" [/home/fi/Documents/GitHub/ursa/exp/ursa_ws/src/core/sa.cpp:60->/home/fi/Documents/GitHub/ursa/exp/ursa_ws/src/core/shell.cpp:354]   --->   Operation 179 'load' 'mxm_execute_ursa_signed_char_unsigned_short_unsigned_char_unsigned_short_i_650' <Predicate = true> <Delay = 0.00>
ST_1 : Operation 180 [1/1] (0.00ns)   --->   "%mxm_execute_ursa_signed_char_unsigned_short_unsigned_char_unsigned_short_i_651 = load i8 %mxm_execute_ursa_signed_char_unsigned_short_unsigned_char_unsigned_short_i_193" [/home/fi/Documents/GitHub/ursa/exp/ursa_ws/src/core/sa.cpp:60->/home/fi/Documents/GitHub/ursa/exp/ursa_ws/src/core/shell.cpp:354]   --->   Operation 180 'load' 'mxm_execute_ursa_signed_char_unsigned_short_unsigned_char_unsigned_short_i_651' <Predicate = true> <Delay = 0.00>
ST_1 : Operation 181 [1/1] (0.00ns)   --->   "%mxm_execute_ursa_signed_char_unsigned_short_unsigned_char_unsigned_short_i_652 = load i8 %mxm_execute_ursa_signed_char_unsigned_short_unsigned_char_unsigned_short_i_192" [/home/fi/Documents/GitHub/ursa/exp/ursa_ws/src/core/sa.cpp:60->/home/fi/Documents/GitHub/ursa/exp/ursa_ws/src/core/shell.cpp:354]   --->   Operation 181 'load' 'mxm_execute_ursa_signed_char_unsigned_short_unsigned_char_unsigned_short_i_652' <Predicate = true> <Delay = 0.00>
ST_1 : Operation 182 [1/1] (0.00ns)   --->   "%mxm_execute_ursa_signed_char_unsigned_short_unsigned_char_unsigned_short_i_653 = load i8 %mxm_execute_ursa_signed_char_unsigned_short_unsigned_char_unsigned_short_i_191" [/home/fi/Documents/GitHub/ursa/exp/ursa_ws/src/core/sa.cpp:60->/home/fi/Documents/GitHub/ursa/exp/ursa_ws/src/core/shell.cpp:354]   --->   Operation 182 'load' 'mxm_execute_ursa_signed_char_unsigned_short_unsigned_char_unsigned_short_i_653' <Predicate = true> <Delay = 0.00>
ST_1 : Operation 183 [1/1] (0.00ns)   --->   "%mxm_execute_ursa_signed_char_unsigned_short_unsigned_char_unsigned_short_i_654 = load i8 %mxm_execute_ursa_signed_char_unsigned_short_unsigned_char_unsigned_short_i_190" [/home/fi/Documents/GitHub/ursa/exp/ursa_ws/src/core/sa.cpp:60->/home/fi/Documents/GitHub/ursa/exp/ursa_ws/src/core/shell.cpp:354]   --->   Operation 183 'load' 'mxm_execute_ursa_signed_char_unsigned_short_unsigned_char_unsigned_short_i_654' <Predicate = true> <Delay = 0.00>
ST_1 : Operation 184 [1/1] (0.00ns)   --->   "%mxm_execute_ursa_signed_char_unsigned_short_unsigned_char_unsigned_short_i_655 = load i8 %mxm_execute_ursa_signed_char_unsigned_short_unsigned_char_unsigned_short_i_189" [/home/fi/Documents/GitHub/ursa/exp/ursa_ws/src/core/sa.cpp:60->/home/fi/Documents/GitHub/ursa/exp/ursa_ws/src/core/shell.cpp:354]   --->   Operation 184 'load' 'mxm_execute_ursa_signed_char_unsigned_short_unsigned_char_unsigned_short_i_655' <Predicate = true> <Delay = 0.00>
ST_1 : Operation 185 [1/1] (0.00ns)   --->   "%mxm_execute_ursa_signed_char_unsigned_short_unsigned_char_unsigned_short_i_656 = load i8 %mxm_execute_ursa_signed_char_unsigned_short_unsigned_char_unsigned_short_i_187" [/home/fi/Documents/GitHub/ursa/exp/ursa_ws/src/core/sa.cpp:60->/home/fi/Documents/GitHub/ursa/exp/ursa_ws/src/core/shell.cpp:354]   --->   Operation 185 'load' 'mxm_execute_ursa_signed_char_unsigned_short_unsigned_char_unsigned_short_i_656' <Predicate = true> <Delay = 0.00>
ST_1 : Operation 186 [1/1] (0.00ns)   --->   "%mxm_execute_ursa_signed_char_unsigned_short_unsigned_char_unsigned_short_i_657 = load i8 %mxm_execute_ursa_signed_char_unsigned_short_unsigned_char_unsigned_short_i_186" [/home/fi/Documents/GitHub/ursa/exp/ursa_ws/src/core/sa.cpp:60->/home/fi/Documents/GitHub/ursa/exp/ursa_ws/src/core/shell.cpp:354]   --->   Operation 186 'load' 'mxm_execute_ursa_signed_char_unsigned_short_unsigned_char_unsigned_short_i_657' <Predicate = true> <Delay = 0.00>
ST_1 : Operation 187 [1/1] (0.00ns)   --->   "%mxm_execute_ursa_signed_char_unsigned_short_unsigned_char_unsigned_short_i_658 = load i8 %mxm_execute_ursa_signed_char_unsigned_short_unsigned_char_unsigned_short_i_185" [/home/fi/Documents/GitHub/ursa/exp/ursa_ws/src/core/sa.cpp:60->/home/fi/Documents/GitHub/ursa/exp/ursa_ws/src/core/shell.cpp:354]   --->   Operation 187 'load' 'mxm_execute_ursa_signed_char_unsigned_short_unsigned_char_unsigned_short_i_658' <Predicate = true> <Delay = 0.00>
ST_1 : Operation 188 [1/1] (0.00ns)   --->   "%mxm_execute_ursa_signed_char_unsigned_short_unsigned_char_unsigned_short_i_659 = load i8 %mxm_execute_ursa_signed_char_unsigned_short_unsigned_char_unsigned_short_i_184" [/home/fi/Documents/GitHub/ursa/exp/ursa_ws/src/core/sa.cpp:60->/home/fi/Documents/GitHub/ursa/exp/ursa_ws/src/core/shell.cpp:354]   --->   Operation 188 'load' 'mxm_execute_ursa_signed_char_unsigned_short_unsigned_char_unsigned_short_i_659' <Predicate = true> <Delay = 0.00>
ST_1 : Operation 189 [1/1] (0.00ns)   --->   "%mxm_execute_ursa_signed_char_unsigned_short_unsigned_char_unsigned_short_i_660 = load i8 %mxm_execute_ursa_signed_char_unsigned_short_unsigned_char_unsigned_short_i_183" [/home/fi/Documents/GitHub/ursa/exp/ursa_ws/src/core/sa.cpp:60->/home/fi/Documents/GitHub/ursa/exp/ursa_ws/src/core/shell.cpp:354]   --->   Operation 189 'load' 'mxm_execute_ursa_signed_char_unsigned_short_unsigned_char_unsigned_short_i_660' <Predicate = true> <Delay = 0.00>
ST_1 : Operation 190 [1/1] (0.00ns)   --->   "%mxm_execute_ursa_signed_char_unsigned_short_unsigned_char_unsigned_short_i_661 = load i8 %mxm_execute_ursa_signed_char_unsigned_short_unsigned_char_unsigned_short_i_182" [/home/fi/Documents/GitHub/ursa/exp/ursa_ws/src/core/sa.cpp:60->/home/fi/Documents/GitHub/ursa/exp/ursa_ws/src/core/shell.cpp:354]   --->   Operation 190 'load' 'mxm_execute_ursa_signed_char_unsigned_short_unsigned_char_unsigned_short_i_661' <Predicate = true> <Delay = 0.00>
ST_1 : Operation 191 [1/1] (0.00ns)   --->   "%mxm_execute_ursa_signed_char_unsigned_short_unsigned_char_unsigned_short_i_662 = load i8 %mxm_execute_ursa_signed_char_unsigned_short_unsigned_char_unsigned_short_i_181" [/home/fi/Documents/GitHub/ursa/exp/ursa_ws/src/core/sa.cpp:60->/home/fi/Documents/GitHub/ursa/exp/ursa_ws/src/core/shell.cpp:354]   --->   Operation 191 'load' 'mxm_execute_ursa_signed_char_unsigned_short_unsigned_char_unsigned_short_i_662' <Predicate = true> <Delay = 0.00>
ST_1 : Operation 192 [1/1] (0.00ns)   --->   "%mxm_execute_ursa_signed_char_unsigned_short_unsigned_char_unsigned_short_i_663 = load i8 %mxm_execute_ursa_signed_char_unsigned_short_unsigned_char_unsigned_short_i_180" [/home/fi/Documents/GitHub/ursa/exp/ursa_ws/src/core/sa.cpp:60->/home/fi/Documents/GitHub/ursa/exp/ursa_ws/src/core/shell.cpp:354]   --->   Operation 192 'load' 'mxm_execute_ursa_signed_char_unsigned_short_unsigned_char_unsigned_short_i_663' <Predicate = true> <Delay = 0.00>
ST_1 : Operation 193 [1/1] (0.00ns)   --->   "%mxm_execute_ursa_signed_char_unsigned_short_unsigned_char_unsigned_short_i_664 = load i8 %mxm_execute_ursa_signed_char_unsigned_short_unsigned_char_unsigned_short_i_179" [/home/fi/Documents/GitHub/ursa/exp/ursa_ws/src/core/sa.cpp:60->/home/fi/Documents/GitHub/ursa/exp/ursa_ws/src/core/shell.cpp:354]   --->   Operation 193 'load' 'mxm_execute_ursa_signed_char_unsigned_short_unsigned_char_unsigned_short_i_664' <Predicate = true> <Delay = 0.00>
ST_1 : Operation 194 [1/1] (0.00ns)   --->   "%mxm_execute_ursa_signed_char_unsigned_short_unsigned_char_unsigned_short_i_665 = load i8 %mxm_execute_ursa_signed_char_unsigned_short_unsigned_char_unsigned_short_i_178" [/home/fi/Documents/GitHub/ursa/exp/ursa_ws/src/core/sa.cpp:60->/home/fi/Documents/GitHub/ursa/exp/ursa_ws/src/core/shell.cpp:354]   --->   Operation 194 'load' 'mxm_execute_ursa_signed_char_unsigned_short_unsigned_char_unsigned_short_i_665' <Predicate = true> <Delay = 0.00>
ST_1 : Operation 195 [1/1] (0.00ns)   --->   "%mxm_execute_ursa_signed_char_unsigned_short_unsigned_char_unsigned_short_i_666 = load i8 %mxm_execute_ursa_signed_char_unsigned_short_unsigned_char_unsigned_short_i_4" [/home/fi/Documents/GitHub/ursa/exp/ursa_ws/src/core/sa.cpp:60->/home/fi/Documents/GitHub/ursa/exp/ursa_ws/src/core/shell.cpp:354]   --->   Operation 195 'load' 'mxm_execute_ursa_signed_char_unsigned_short_unsigned_char_unsigned_short_i_666' <Predicate = true> <Delay = 0.00>
ST_1 : Operation 196 [1/1] (0.00ns)   --->   "%mxm_execute_ursa_signed_char_unsigned_short_unsigned_char_unsigned_short_i_667 = load i8 %mxm_execute_ursa_signed_char_unsigned_short_unsigned_char_unsigned_short_i_13" [/home/fi/Documents/GitHub/ursa/exp/ursa_ws/src/core/sa.cpp:60->/home/fi/Documents/GitHub/ursa/exp/ursa_ws/src/core/shell.cpp:354]   --->   Operation 196 'load' 'mxm_execute_ursa_signed_char_unsigned_short_unsigned_char_unsigned_short_i_667' <Predicate = true> <Delay = 0.00>
ST_1 : Operation 197 [1/1] (0.00ns)   --->   "%mxm_execute_ursa_signed_char_unsigned_short_unsigned_char_unsigned_short_i_668 = load i8 %mxm_execute_ursa_signed_char_unsigned_short_unsigned_char_unsigned_short_i_22" [/home/fi/Documents/GitHub/ursa/exp/ursa_ws/src/core/sa.cpp:60->/home/fi/Documents/GitHub/ursa/exp/ursa_ws/src/core/shell.cpp:354]   --->   Operation 197 'load' 'mxm_execute_ursa_signed_char_unsigned_short_unsigned_char_unsigned_short_i_668' <Predicate = true> <Delay = 0.00>
ST_1 : Operation 198 [1/1] (0.00ns)   --->   "%mxm_execute_ursa_signed_char_unsigned_short_unsigned_char_unsigned_short_i_669 = load i8 %mxm_execute_ursa_signed_char_unsigned_short_unsigned_char_unsigned_short_i_30" [/home/fi/Documents/GitHub/ursa/exp/ursa_ws/src/core/sa.cpp:60->/home/fi/Documents/GitHub/ursa/exp/ursa_ws/src/core/shell.cpp:354]   --->   Operation 198 'load' 'mxm_execute_ursa_signed_char_unsigned_short_unsigned_char_unsigned_short_i_669' <Predicate = true> <Delay = 0.00>
ST_1 : Operation 199 [1/1] (0.00ns)   --->   "%store_ln60 = store i8 %mxm_execute_ursa_signed_char_unsigned_short_unsigned_char_unsigned_short_i_614, i8 %mxm_execute_ursa_signed_char_unsigned_short_unsigned_char_unsigned_short_i_557" [/home/fi/Documents/GitHub/ursa/exp/ursa_ws/src/core/sa.cpp:60->/home/fi/Documents/GitHub/ursa/exp/ursa_ws/src/core/shell.cpp:354]   --->   Operation 199 'store' 'store_ln60' <Predicate = true> <Delay = 0.00>
ST_1 : Operation 200 [1/1] (0.00ns)   --->   "%store_ln60 = store i8 %mxm_execute_ursa_signed_char_unsigned_short_unsigned_char_unsigned_short_i_615, i8 %mxm_execute_ursa_signed_char_unsigned_short_unsigned_char_unsigned_short_i_556" [/home/fi/Documents/GitHub/ursa/exp/ursa_ws/src/core/sa.cpp:60->/home/fi/Documents/GitHub/ursa/exp/ursa_ws/src/core/shell.cpp:354]   --->   Operation 200 'store' 'store_ln60' <Predicate = true> <Delay = 0.00>
ST_1 : Operation 201 [1/1] (0.00ns)   --->   "%store_ln60 = store i8 %mxm_execute_ursa_signed_char_unsigned_short_unsigned_char_unsigned_short_i_616, i8 %mxm_execute_ursa_signed_char_unsigned_short_unsigned_char_unsigned_short_i_555" [/home/fi/Documents/GitHub/ursa/exp/ursa_ws/src/core/sa.cpp:60->/home/fi/Documents/GitHub/ursa/exp/ursa_ws/src/core/shell.cpp:354]   --->   Operation 201 'store' 'store_ln60' <Predicate = true> <Delay = 0.00>
ST_1 : Operation 202 [1/1] (0.00ns)   --->   "%store_ln60 = store i8 %mxm_execute_ursa_signed_char_unsigned_short_unsigned_char_unsigned_short_i_617, i8 %mxm_execute_ursa_signed_char_unsigned_short_unsigned_char_unsigned_short_i_554" [/home/fi/Documents/GitHub/ursa/exp/ursa_ws/src/core/sa.cpp:60->/home/fi/Documents/GitHub/ursa/exp/ursa_ws/src/core/shell.cpp:354]   --->   Operation 202 'store' 'store_ln60' <Predicate = true> <Delay = 0.00>
ST_1 : Operation 203 [1/1] (0.00ns)   --->   "%store_ln60 = store i8 %mxm_execute_ursa_signed_char_unsigned_short_unsigned_char_unsigned_short_i_618, i8 %mxm_execute_ursa_signed_char_unsigned_short_unsigned_char_unsigned_short_i_553" [/home/fi/Documents/GitHub/ursa/exp/ursa_ws/src/core/sa.cpp:60->/home/fi/Documents/GitHub/ursa/exp/ursa_ws/src/core/shell.cpp:354]   --->   Operation 203 'store' 'store_ln60' <Predicate = true> <Delay = 0.00>
ST_1 : Operation 204 [1/1] (0.00ns)   --->   "%store_ln60 = store i8 %mxm_execute_ursa_signed_char_unsigned_short_unsigned_char_unsigned_short_i_619, i8 %mxm_execute_ursa_signed_char_unsigned_short_unsigned_char_unsigned_short_i_552" [/home/fi/Documents/GitHub/ursa/exp/ursa_ws/src/core/sa.cpp:60->/home/fi/Documents/GitHub/ursa/exp/ursa_ws/src/core/shell.cpp:354]   --->   Operation 204 'store' 'store_ln60' <Predicate = true> <Delay = 0.00>
ST_1 : Operation 205 [1/1] (0.00ns)   --->   "%store_ln60 = store i8 %mxm_execute_ursa_signed_char_unsigned_short_unsigned_char_unsigned_short_i_620, i8 %mxm_execute_ursa_signed_char_unsigned_short_unsigned_char_unsigned_short_i_551" [/home/fi/Documents/GitHub/ursa/exp/ursa_ws/src/core/sa.cpp:60->/home/fi/Documents/GitHub/ursa/exp/ursa_ws/src/core/shell.cpp:354]   --->   Operation 205 'store' 'store_ln60' <Predicate = true> <Delay = 0.00>
ST_1 : Operation 206 [1/1] (0.00ns)   --->   "%store_ln60 = store i8 %mxm_execute_ursa_signed_char_unsigned_short_unsigned_char_unsigned_short_i_621, i8 %mxm_execute_ursa_signed_char_unsigned_short_unsigned_char_unsigned_short_i_550" [/home/fi/Documents/GitHub/ursa/exp/ursa_ws/src/core/sa.cpp:60->/home/fi/Documents/GitHub/ursa/exp/ursa_ws/src/core/shell.cpp:354]   --->   Operation 206 'store' 'store_ln60' <Predicate = true> <Delay = 0.00>
ST_1 : Operation 207 [1/1] (0.00ns)   --->   "%store_ln60 = store i8 %mxm_execute_ursa_signed_char_unsigned_short_unsigned_char_unsigned_short_i_622, i8 %mxm_execute_ursa_signed_char_unsigned_short_unsigned_char_unsigned_short_i_549" [/home/fi/Documents/GitHub/ursa/exp/ursa_ws/src/core/sa.cpp:60->/home/fi/Documents/GitHub/ursa/exp/ursa_ws/src/core/shell.cpp:354]   --->   Operation 207 'store' 'store_ln60' <Predicate = true> <Delay = 0.00>
ST_1 : Operation 208 [1/1] (0.00ns)   --->   "%store_ln60 = store i8 %mxm_execute_ursa_signed_char_unsigned_short_unsigned_char_unsigned_short_i_623, i8 %mxm_execute_ursa_signed_char_unsigned_short_unsigned_char_unsigned_short_i_548" [/home/fi/Documents/GitHub/ursa/exp/ursa_ws/src/core/sa.cpp:60->/home/fi/Documents/GitHub/ursa/exp/ursa_ws/src/core/shell.cpp:354]   --->   Operation 208 'store' 'store_ln60' <Predicate = true> <Delay = 0.00>
ST_1 : Operation 209 [1/1] (0.00ns)   --->   "%store_ln60 = store i8 %mxm_execute_ursa_signed_char_unsigned_short_unsigned_char_unsigned_short_i_624, i8 %mxm_execute_ursa_signed_char_unsigned_short_unsigned_char_unsigned_short_i_547" [/home/fi/Documents/GitHub/ursa/exp/ursa_ws/src/core/sa.cpp:60->/home/fi/Documents/GitHub/ursa/exp/ursa_ws/src/core/shell.cpp:354]   --->   Operation 209 'store' 'store_ln60' <Predicate = true> <Delay = 0.00>
ST_1 : Operation 210 [1/1] (0.00ns)   --->   "%store_ln60 = store i8 %mxm_execute_ursa_signed_char_unsigned_short_unsigned_char_unsigned_short_i_625, i8 %mxm_execute_ursa_signed_char_unsigned_short_unsigned_char_unsigned_short_i_546" [/home/fi/Documents/GitHub/ursa/exp/ursa_ws/src/core/sa.cpp:60->/home/fi/Documents/GitHub/ursa/exp/ursa_ws/src/core/shell.cpp:354]   --->   Operation 210 'store' 'store_ln60' <Predicate = true> <Delay = 0.00>
ST_1 : Operation 211 [1/1] (0.00ns)   --->   "%store_ln60 = store i8 %mxm_execute_ursa_signed_char_unsigned_short_unsigned_char_unsigned_short_i_626, i8 %mxm_execute_ursa_signed_char_unsigned_short_unsigned_char_unsigned_short_i_545" [/home/fi/Documents/GitHub/ursa/exp/ursa_ws/src/core/sa.cpp:60->/home/fi/Documents/GitHub/ursa/exp/ursa_ws/src/core/shell.cpp:354]   --->   Operation 211 'store' 'store_ln60' <Predicate = true> <Delay = 0.00>
ST_1 : Operation 212 [1/1] (0.00ns)   --->   "%store_ln60 = store i8 %mxm_execute_ursa_signed_char_unsigned_short_unsigned_char_unsigned_short_i_627, i8 %mxm_execute_ursa_signed_char_unsigned_short_unsigned_char_unsigned_short_i_544" [/home/fi/Documents/GitHub/ursa/exp/ursa_ws/src/core/sa.cpp:60->/home/fi/Documents/GitHub/ursa/exp/ursa_ws/src/core/shell.cpp:354]   --->   Operation 212 'store' 'store_ln60' <Predicate = true> <Delay = 0.00>
ST_1 : Operation 213 [1/1] (0.00ns)   --->   "%store_ln60 = store i8 %mxm_execute_ursa_signed_char_unsigned_short_unsigned_char_unsigned_short_i_628, i8 %mxm_execute_ursa_signed_char_unsigned_short_unsigned_char_unsigned_short_i_543" [/home/fi/Documents/GitHub/ursa/exp/ursa_ws/src/core/sa.cpp:60->/home/fi/Documents/GitHub/ursa/exp/ursa_ws/src/core/shell.cpp:354]   --->   Operation 213 'store' 'store_ln60' <Predicate = true> <Delay = 0.00>
ST_1 : Operation 214 [1/1] (0.00ns)   --->   "%store_ln60 = store i8 %mxm_execute_ursa_signed_char_unsigned_short_unsigned_char_unsigned_short_i_629, i8 %mxm_execute_ursa_signed_char_unsigned_short_unsigned_char_unsigned_short_i_542" [/home/fi/Documents/GitHub/ursa/exp/ursa_ws/src/core/sa.cpp:60->/home/fi/Documents/GitHub/ursa/exp/ursa_ws/src/core/shell.cpp:354]   --->   Operation 214 'store' 'store_ln60' <Predicate = true> <Delay = 0.00>
ST_1 : Operation 215 [1/1] (0.00ns)   --->   "%store_ln60 = store i8 %mxm_execute_ursa_signed_char_unsigned_short_unsigned_char_unsigned_short_i_630, i8 %mxm_execute_ursa_signed_char_unsigned_short_unsigned_char_unsigned_short_i_541" [/home/fi/Documents/GitHub/ursa/exp/ursa_ws/src/core/sa.cpp:60->/home/fi/Documents/GitHub/ursa/exp/ursa_ws/src/core/shell.cpp:354]   --->   Operation 215 'store' 'store_ln60' <Predicate = true> <Delay = 0.00>
ST_1 : Operation 216 [1/1] (0.00ns)   --->   "%store_ln60 = store i8 %mxm_execute_ursa_signed_char_unsigned_short_unsigned_char_unsigned_short_i_631, i8 %mxm_execute_ursa_signed_char_unsigned_short_unsigned_char_unsigned_short_i_540" [/home/fi/Documents/GitHub/ursa/exp/ursa_ws/src/core/sa.cpp:60->/home/fi/Documents/GitHub/ursa/exp/ursa_ws/src/core/shell.cpp:354]   --->   Operation 216 'store' 'store_ln60' <Predicate = true> <Delay = 0.00>
ST_1 : Operation 217 [1/1] (0.00ns)   --->   "%store_ln60 = store i8 %mxm_execute_ursa_signed_char_unsigned_short_unsigned_char_unsigned_short_i_632, i8 %mxm_execute_ursa_signed_char_unsigned_short_unsigned_char_unsigned_short_i_539" [/home/fi/Documents/GitHub/ursa/exp/ursa_ws/src/core/sa.cpp:60->/home/fi/Documents/GitHub/ursa/exp/ursa_ws/src/core/shell.cpp:354]   --->   Operation 217 'store' 'store_ln60' <Predicate = true> <Delay = 0.00>
ST_1 : Operation 218 [1/1] (0.00ns)   --->   "%store_ln60 = store i8 %mxm_execute_ursa_signed_char_unsigned_short_unsigned_char_unsigned_short_i_633, i8 %mxm_execute_ursa_signed_char_unsigned_short_unsigned_char_unsigned_short_i_251" [/home/fi/Documents/GitHub/ursa/exp/ursa_ws/src/core/sa.cpp:60->/home/fi/Documents/GitHub/ursa/exp/ursa_ws/src/core/shell.cpp:354]   --->   Operation 218 'store' 'store_ln60' <Predicate = true> <Delay = 0.00>
ST_1 : Operation 219 [1/1] (0.00ns)   --->   "%store_ln60 = store i8 %mxm_execute_ursa_signed_char_unsigned_short_unsigned_char_unsigned_short_i_634, i8 %mxm_execute_ursa_signed_char_unsigned_short_unsigned_char_unsigned_short_i_252" [/home/fi/Documents/GitHub/ursa/exp/ursa_ws/src/core/sa.cpp:60->/home/fi/Documents/GitHub/ursa/exp/ursa_ws/src/core/shell.cpp:354]   --->   Operation 219 'store' 'store_ln60' <Predicate = true> <Delay = 0.00>
ST_1 : Operation 220 [1/1] (0.00ns)   --->   "%store_ln60 = store i8 %mxm_execute_ursa_signed_char_unsigned_short_unsigned_char_unsigned_short_i_635, i8 %mxm_execute_ursa_signed_char_unsigned_short_unsigned_char_unsigned_short_i_253" [/home/fi/Documents/GitHub/ursa/exp/ursa_ws/src/core/sa.cpp:60->/home/fi/Documents/GitHub/ursa/exp/ursa_ws/src/core/shell.cpp:354]   --->   Operation 220 'store' 'store_ln60' <Predicate = true> <Delay = 0.00>
ST_1 : Operation 221 [1/1] (0.00ns)   --->   "%store_ln60 = store i8 %mxm_execute_ursa_signed_char_unsigned_short_unsigned_char_unsigned_short_i_636, i8 %mxm_execute_ursa_signed_char_unsigned_short_unsigned_char_unsigned_short_i_254" [/home/fi/Documents/GitHub/ursa/exp/ursa_ws/src/core/sa.cpp:60->/home/fi/Documents/GitHub/ursa/exp/ursa_ws/src/core/shell.cpp:354]   --->   Operation 221 'store' 'store_ln60' <Predicate = true> <Delay = 0.00>
ST_1 : Operation 222 [1/1] (0.00ns)   --->   "%store_ln60 = store i8 %mxm_execute_ursa_signed_char_unsigned_short_unsigned_char_unsigned_short_i_637, i8 %mxm_execute_ursa_signed_char_unsigned_short_unsigned_char_unsigned_short_i_255" [/home/fi/Documents/GitHub/ursa/exp/ursa_ws/src/core/sa.cpp:60->/home/fi/Documents/GitHub/ursa/exp/ursa_ws/src/core/shell.cpp:354]   --->   Operation 222 'store' 'store_ln60' <Predicate = true> <Delay = 0.00>
ST_1 : Operation 223 [1/1] (0.00ns)   --->   "%store_ln60 = store i8 %mxm_execute_ursa_signed_char_unsigned_short_unsigned_char_unsigned_short_i_638, i8 %mxm_execute_ursa_signed_char_unsigned_short_unsigned_char_unsigned_short_i_256" [/home/fi/Documents/GitHub/ursa/exp/ursa_ws/src/core/sa.cpp:60->/home/fi/Documents/GitHub/ursa/exp/ursa_ws/src/core/shell.cpp:354]   --->   Operation 223 'store' 'store_ln60' <Predicate = true> <Delay = 0.00>
ST_1 : Operation 224 [1/1] (0.00ns)   --->   "%store_ln60 = store i8 %mxm_execute_ursa_signed_char_unsigned_short_unsigned_char_unsigned_short_i_639, i8 %mxm_execute_ursa_signed_char_unsigned_short_unsigned_char_unsigned_short_i_257" [/home/fi/Documents/GitHub/ursa/exp/ursa_ws/src/core/sa.cpp:60->/home/fi/Documents/GitHub/ursa/exp/ursa_ws/src/core/shell.cpp:354]   --->   Operation 224 'store' 'store_ln60' <Predicate = true> <Delay = 0.00>
ST_1 : Operation 225 [1/1] (0.00ns)   --->   "%store_ln60 = store i8 %mxm_execute_ursa_signed_char_unsigned_short_unsigned_char_unsigned_short_i_640, i8 %mxm_execute_ursa_signed_char_unsigned_short_unsigned_char_unsigned_short_i_258" [/home/fi/Documents/GitHub/ursa/exp/ursa_ws/src/core/sa.cpp:60->/home/fi/Documents/GitHub/ursa/exp/ursa_ws/src/core/shell.cpp:354]   --->   Operation 225 'store' 'store_ln60' <Predicate = true> <Delay = 0.00>
ST_1 : Operation 226 [1/1] (0.00ns)   --->   "%store_ln60 = store i8 %mxm_execute_ursa_signed_char_unsigned_short_unsigned_char_unsigned_short_i_641, i8 %mxm_execute_ursa_signed_char_unsigned_short_unsigned_char_unsigned_short_i_259" [/home/fi/Documents/GitHub/ursa/exp/ursa_ws/src/core/sa.cpp:60->/home/fi/Documents/GitHub/ursa/exp/ursa_ws/src/core/shell.cpp:354]   --->   Operation 226 'store' 'store_ln60' <Predicate = true> <Delay = 0.00>
ST_1 : Operation 227 [1/1] (0.00ns)   --->   "%store_ln60 = store i8 %mxm_execute_ursa_signed_char_unsigned_short_unsigned_char_unsigned_short_i_642, i8 %mxm_execute_ursa_signed_char_unsigned_short_unsigned_char_unsigned_short_i_260" [/home/fi/Documents/GitHub/ursa/exp/ursa_ws/src/core/sa.cpp:60->/home/fi/Documents/GitHub/ursa/exp/ursa_ws/src/core/shell.cpp:354]   --->   Operation 227 'store' 'store_ln60' <Predicate = true> <Delay = 0.00>
ST_1 : Operation 228 [1/1] (0.00ns)   --->   "%store_ln60 = store i8 %mxm_execute_ursa_signed_char_unsigned_short_unsigned_char_unsigned_short_i_643, i8 %mxm_execute_ursa_signed_char_unsigned_short_unsigned_char_unsigned_short_i_261" [/home/fi/Documents/GitHub/ursa/exp/ursa_ws/src/core/sa.cpp:60->/home/fi/Documents/GitHub/ursa/exp/ursa_ws/src/core/shell.cpp:354]   --->   Operation 228 'store' 'store_ln60' <Predicate = true> <Delay = 0.00>
ST_1 : Operation 229 [1/1] (0.00ns)   --->   "%store_ln60 = store i8 %mxm_execute_ursa_signed_char_unsigned_short_unsigned_char_unsigned_short_i_644, i8 %mxm_execute_ursa_signed_char_unsigned_short_unsigned_char_unsigned_short_i_262" [/home/fi/Documents/GitHub/ursa/exp/ursa_ws/src/core/sa.cpp:60->/home/fi/Documents/GitHub/ursa/exp/ursa_ws/src/core/shell.cpp:354]   --->   Operation 229 'store' 'store_ln60' <Predicate = true> <Delay = 0.00>
ST_1 : Operation 230 [1/1] (0.00ns)   --->   "%store_ln60 = store i8 %mxm_execute_ursa_signed_char_unsigned_short_unsigned_char_unsigned_short_i_645, i8 %mxm_execute_ursa_signed_char_unsigned_short_unsigned_char_unsigned_short_i_263" [/home/fi/Documents/GitHub/ursa/exp/ursa_ws/src/core/sa.cpp:60->/home/fi/Documents/GitHub/ursa/exp/ursa_ws/src/core/shell.cpp:354]   --->   Operation 230 'store' 'store_ln60' <Predicate = true> <Delay = 0.00>
ST_1 : Operation 231 [1/1] (0.00ns)   --->   "%store_ln60 = store i8 %mxm_execute_ursa_signed_char_unsigned_short_unsigned_char_unsigned_short_i_646, i8 %mxm_execute_ursa_signed_char_unsigned_short_unsigned_char_unsigned_short_i_264" [/home/fi/Documents/GitHub/ursa/exp/ursa_ws/src/core/sa.cpp:60->/home/fi/Documents/GitHub/ursa/exp/ursa_ws/src/core/shell.cpp:354]   --->   Operation 231 'store' 'store_ln60' <Predicate = true> <Delay = 0.00>
ST_1 : Operation 232 [1/1] (0.00ns)   --->   "%store_ln60 = store i8 %mxm_execute_ursa_signed_char_unsigned_short_unsigned_char_unsigned_short_i_647, i8 %mxm_execute_ursa_signed_char_unsigned_short_unsigned_char_unsigned_short_i_265" [/home/fi/Documents/GitHub/ursa/exp/ursa_ws/src/core/sa.cpp:60->/home/fi/Documents/GitHub/ursa/exp/ursa_ws/src/core/shell.cpp:354]   --->   Operation 232 'store' 'store_ln60' <Predicate = true> <Delay = 0.00>
ST_1 : Operation 233 [1/1] (0.00ns)   --->   "%store_ln60 = store i8 %mxm_execute_ursa_signed_char_unsigned_short_unsigned_char_unsigned_short_i_648, i8 %mxm_execute_ursa_signed_char_unsigned_short_unsigned_char_unsigned_short_i_266" [/home/fi/Documents/GitHub/ursa/exp/ursa_ws/src/core/sa.cpp:60->/home/fi/Documents/GitHub/ursa/exp/ursa_ws/src/core/shell.cpp:354]   --->   Operation 233 'store' 'store_ln60' <Predicate = true> <Delay = 0.00>
ST_1 : Operation 234 [1/1] (0.00ns)   --->   "%store_ln60 = store i8 %mxm_execute_ursa_signed_char_unsigned_short_unsigned_char_unsigned_short_i_649, i8 %mxm_execute_ursa_signed_char_unsigned_short_unsigned_char_unsigned_short_i_267" [/home/fi/Documents/GitHub/ursa/exp/ursa_ws/src/core/sa.cpp:60->/home/fi/Documents/GitHub/ursa/exp/ursa_ws/src/core/shell.cpp:354]   --->   Operation 234 'store' 'store_ln60' <Predicate = true> <Delay = 0.00>
ST_1 : Operation 235 [1/1] (0.00ns)   --->   "%store_ln60 = store i8 %mxm_execute_ursa_signed_char_unsigned_short_unsigned_char_unsigned_short_i_650, i8 %mxm_execute_ursa_signed_char_unsigned_short_unsigned_char_unsigned_short_i_268" [/home/fi/Documents/GitHub/ursa/exp/ursa_ws/src/core/sa.cpp:60->/home/fi/Documents/GitHub/ursa/exp/ursa_ws/src/core/shell.cpp:354]   --->   Operation 235 'store' 'store_ln60' <Predicate = true> <Delay = 0.00>
ST_1 : Operation 236 [1/1] (0.00ns)   --->   "%store_ln60 = store i8 %mxm_execute_ursa_signed_char_unsigned_short_unsigned_char_unsigned_short_i_651, i8 %mxm_execute_ursa_signed_char_unsigned_short_unsigned_char_unsigned_short_i_269" [/home/fi/Documents/GitHub/ursa/exp/ursa_ws/src/core/sa.cpp:60->/home/fi/Documents/GitHub/ursa/exp/ursa_ws/src/core/shell.cpp:354]   --->   Operation 236 'store' 'store_ln60' <Predicate = true> <Delay = 0.00>
ST_1 : Operation 237 [1/1] (0.00ns)   --->   "%store_ln60 = store i8 %mxm_execute_ursa_signed_char_unsigned_short_unsigned_char_unsigned_short_i_652, i8 %mxm_execute_ursa_signed_char_unsigned_short_unsigned_char_unsigned_short_i_270" [/home/fi/Documents/GitHub/ursa/exp/ursa_ws/src/core/sa.cpp:60->/home/fi/Documents/GitHub/ursa/exp/ursa_ws/src/core/shell.cpp:354]   --->   Operation 237 'store' 'store_ln60' <Predicate = true> <Delay = 0.00>
ST_1 : Operation 238 [1/1] (0.00ns)   --->   "%store_ln60 = store i8 %mxm_execute_ursa_signed_char_unsigned_short_unsigned_char_unsigned_short_i_653, i8 %mxm_execute_ursa_signed_char_unsigned_short_unsigned_char_unsigned_short_i_271" [/home/fi/Documents/GitHub/ursa/exp/ursa_ws/src/core/sa.cpp:60->/home/fi/Documents/GitHub/ursa/exp/ursa_ws/src/core/shell.cpp:354]   --->   Operation 238 'store' 'store_ln60' <Predicate = true> <Delay = 0.00>
ST_1 : Operation 239 [1/1] (0.00ns)   --->   "%store_ln60 = store i8 %mxm_execute_ursa_signed_char_unsigned_short_unsigned_char_unsigned_short_i_654, i8 %mxm_execute_ursa_signed_char_unsigned_short_unsigned_char_unsigned_short_i_272" [/home/fi/Documents/GitHub/ursa/exp/ursa_ws/src/core/sa.cpp:60->/home/fi/Documents/GitHub/ursa/exp/ursa_ws/src/core/shell.cpp:354]   --->   Operation 239 'store' 'store_ln60' <Predicate = true> <Delay = 0.00>
ST_1 : Operation 240 [1/1] (0.00ns)   --->   "%store_ln60 = store i8 %mxm_execute_ursa_signed_char_unsigned_short_unsigned_char_unsigned_short_i_655, i8 %mxm_execute_ursa_signed_char_unsigned_short_unsigned_char_unsigned_short_i_273" [/home/fi/Documents/GitHub/ursa/exp/ursa_ws/src/core/sa.cpp:60->/home/fi/Documents/GitHub/ursa/exp/ursa_ws/src/core/shell.cpp:354]   --->   Operation 240 'store' 'store_ln60' <Predicate = true> <Delay = 0.00>
ST_1 : Operation 241 [1/1] (0.00ns)   --->   "%store_ln60 = store i8 %mxm_execute_ursa_signed_char_unsigned_short_unsigned_char_unsigned_short_i_656, i8 %mxm_execute_ursa_signed_char_unsigned_short_unsigned_char_unsigned_short_i_274" [/home/fi/Documents/GitHub/ursa/exp/ursa_ws/src/core/sa.cpp:60->/home/fi/Documents/GitHub/ursa/exp/ursa_ws/src/core/shell.cpp:354]   --->   Operation 241 'store' 'store_ln60' <Predicate = true> <Delay = 0.00>
ST_1 : Operation 242 [1/1] (0.00ns)   --->   "%store_ln60 = store i8 %mxm_execute_ursa_signed_char_unsigned_short_unsigned_char_unsigned_short_i_657, i8 %mxm_execute_ursa_signed_char_unsigned_short_unsigned_char_unsigned_short_i_275" [/home/fi/Documents/GitHub/ursa/exp/ursa_ws/src/core/sa.cpp:60->/home/fi/Documents/GitHub/ursa/exp/ursa_ws/src/core/shell.cpp:354]   --->   Operation 242 'store' 'store_ln60' <Predicate = true> <Delay = 0.00>
ST_1 : Operation 243 [1/1] (0.00ns)   --->   "%store_ln60 = store i8 %mxm_execute_ursa_signed_char_unsigned_short_unsigned_char_unsigned_short_i_658, i8 %mxm_execute_ursa_signed_char_unsigned_short_unsigned_char_unsigned_short_i_276" [/home/fi/Documents/GitHub/ursa/exp/ursa_ws/src/core/sa.cpp:60->/home/fi/Documents/GitHub/ursa/exp/ursa_ws/src/core/shell.cpp:354]   --->   Operation 243 'store' 'store_ln60' <Predicate = true> <Delay = 0.00>
ST_1 : Operation 244 [1/1] (0.00ns)   --->   "%store_ln60 = store i8 %mxm_execute_ursa_signed_char_unsigned_short_unsigned_char_unsigned_short_i_659, i8 %mxm_execute_ursa_signed_char_unsigned_short_unsigned_char_unsigned_short_i_277" [/home/fi/Documents/GitHub/ursa/exp/ursa_ws/src/core/sa.cpp:60->/home/fi/Documents/GitHub/ursa/exp/ursa_ws/src/core/shell.cpp:354]   --->   Operation 244 'store' 'store_ln60' <Predicate = true> <Delay = 0.00>
ST_1 : Operation 245 [1/1] (0.00ns)   --->   "%store_ln60 = store i8 %mxm_execute_ursa_signed_char_unsigned_short_unsigned_char_unsigned_short_i_660, i8 %mxm_execute_ursa_signed_char_unsigned_short_unsigned_char_unsigned_short_i_278" [/home/fi/Documents/GitHub/ursa/exp/ursa_ws/src/core/sa.cpp:60->/home/fi/Documents/GitHub/ursa/exp/ursa_ws/src/core/shell.cpp:354]   --->   Operation 245 'store' 'store_ln60' <Predicate = true> <Delay = 0.00>
ST_1 : Operation 246 [1/1] (0.00ns)   --->   "%store_ln60 = store i8 %mxm_execute_ursa_signed_char_unsigned_short_unsigned_char_unsigned_short_i_661, i8 %mxm_execute_ursa_signed_char_unsigned_short_unsigned_char_unsigned_short_i_279" [/home/fi/Documents/GitHub/ursa/exp/ursa_ws/src/core/sa.cpp:60->/home/fi/Documents/GitHub/ursa/exp/ursa_ws/src/core/shell.cpp:354]   --->   Operation 246 'store' 'store_ln60' <Predicate = true> <Delay = 0.00>
ST_1 : Operation 247 [1/1] (0.00ns)   --->   "%store_ln60 = store i8 %mxm_execute_ursa_signed_char_unsigned_short_unsigned_char_unsigned_short_i_662, i8 %mxm_execute_ursa_signed_char_unsigned_short_unsigned_char_unsigned_short_i_280" [/home/fi/Documents/GitHub/ursa/exp/ursa_ws/src/core/sa.cpp:60->/home/fi/Documents/GitHub/ursa/exp/ursa_ws/src/core/shell.cpp:354]   --->   Operation 247 'store' 'store_ln60' <Predicate = true> <Delay = 0.00>
ST_1 : Operation 248 [1/1] (0.00ns)   --->   "%store_ln60 = store i8 %mxm_execute_ursa_signed_char_unsigned_short_unsigned_char_unsigned_short_i_663, i8 %mxm_execute_ursa_signed_char_unsigned_short_unsigned_char_unsigned_short_i_281" [/home/fi/Documents/GitHub/ursa/exp/ursa_ws/src/core/sa.cpp:60->/home/fi/Documents/GitHub/ursa/exp/ursa_ws/src/core/shell.cpp:354]   --->   Operation 248 'store' 'store_ln60' <Predicate = true> <Delay = 0.00>
ST_1 : Operation 249 [1/1] (0.00ns)   --->   "%store_ln60 = store i8 %mxm_execute_ursa_signed_char_unsigned_short_unsigned_char_unsigned_short_i_664, i8 %mxm_execute_ursa_signed_char_unsigned_short_unsigned_char_unsigned_short_i_282" [/home/fi/Documents/GitHub/ursa/exp/ursa_ws/src/core/sa.cpp:60->/home/fi/Documents/GitHub/ursa/exp/ursa_ws/src/core/shell.cpp:354]   --->   Operation 249 'store' 'store_ln60' <Predicate = true> <Delay = 0.00>
ST_1 : Operation 250 [1/1] (0.00ns)   --->   "%store_ln60 = store i8 %mxm_execute_ursa_signed_char_unsigned_short_unsigned_char_unsigned_short_i_665, i8 %mxm_execute_ursa_signed_char_unsigned_short_unsigned_char_unsigned_short_i_283" [/home/fi/Documents/GitHub/ursa/exp/ursa_ws/src/core/sa.cpp:60->/home/fi/Documents/GitHub/ursa/exp/ursa_ws/src/core/shell.cpp:354]   --->   Operation 250 'store' 'store_ln60' <Predicate = true> <Delay = 0.00>
ST_1 : Operation 251 [1/1] (0.00ns)   --->   "%store_ln60 = store i8 %mxm_execute_ursa_signed_char_unsigned_short_unsigned_char_unsigned_short_i_666, i8 %mxm_execute_ursa_signed_char_unsigned_short_unsigned_char_unsigned_short_i_284" [/home/fi/Documents/GitHub/ursa/exp/ursa_ws/src/core/sa.cpp:60->/home/fi/Documents/GitHub/ursa/exp/ursa_ws/src/core/shell.cpp:354]   --->   Operation 251 'store' 'store_ln60' <Predicate = true> <Delay = 0.00>
ST_1 : Operation 252 [1/1] (0.00ns)   --->   "%store_ln60 = store i8 %mxm_execute_ursa_signed_char_unsigned_short_unsigned_char_unsigned_short_i_667, i8 %mxm_execute_ursa_signed_char_unsigned_short_unsigned_char_unsigned_short_i_285" [/home/fi/Documents/GitHub/ursa/exp/ursa_ws/src/core/sa.cpp:60->/home/fi/Documents/GitHub/ursa/exp/ursa_ws/src/core/shell.cpp:354]   --->   Operation 252 'store' 'store_ln60' <Predicate = true> <Delay = 0.00>
ST_1 : Operation 253 [1/1] (0.00ns)   --->   "%store_ln60 = store i8 %mxm_execute_ursa_signed_char_unsigned_short_unsigned_char_unsigned_short_i_668, i8 %mxm_execute_ursa_signed_char_unsigned_short_unsigned_char_unsigned_short_i_286" [/home/fi/Documents/GitHub/ursa/exp/ursa_ws/src/core/sa.cpp:60->/home/fi/Documents/GitHub/ursa/exp/ursa_ws/src/core/shell.cpp:354]   --->   Operation 253 'store' 'store_ln60' <Predicate = true> <Delay = 0.00>
ST_1 : Operation 254 [1/1] (0.00ns)   --->   "%store_ln60 = store i8 %mxm_execute_ursa_signed_char_unsigned_short_unsigned_char_unsigned_short_i_669, i8 %mxm_execute_ursa_signed_char_unsigned_short_unsigned_char_unsigned_short_i_287" [/home/fi/Documents/GitHub/ursa/exp/ursa_ws/src/core/sa.cpp:60->/home/fi/Documents/GitHub/ursa/exp/ursa_ws/src/core/shell.cpp:354]   --->   Operation 254 'store' 'store_ln60' <Predicate = true> <Delay = 0.00>
ST_1 : Operation 255 [1/1] (1.58ns)   --->   "%store_ln0 = store i27 0, i27 %indvar_flatten"   --->   Operation 255 'store' 'store_ln0' <Predicate = true> <Delay = 1.58>
ST_1 : Operation 256 [1/1] (1.58ns)   --->   "%store_ln312 = store i14 0, i14 %i" [/home/fi/Documents/GitHub/ursa/exp/ursa_ws/src/core/shell.cpp:312]   --->   Operation 256 'store' 'store_ln312' <Predicate = true> <Delay = 1.58>
ST_1 : Operation 257 [1/1] (1.58ns)   --->   "%store_ln313 = store i14 0, i14 %j" [/home/fi/Documents/GitHub/ursa/exp/ursa_ws/src/core/shell.cpp:313]   --->   Operation 257 'store' 'store_ln313' <Predicate = true> <Delay = 1.58>

State 2 <SV = 1> <Delay = 3.07>
ST_2 : Operation 258 [1/2] (1.00ns)   --->   "%m_read = read i16 @_ssdm_op_Read.s_axilite.i16, i16 %m"   --->   Operation 258 'read' 'm_read' <Predicate = true> <Delay = 1.00> <CoreInst = "s_axilite">   --->   Core 114 's_axilite' <Latency = 0> <II = 1> <Delay = 1.00> <Adapter> <Opcode : 'read' 'write'>
ST_2 : Operation 259 [1/2] (1.00ns)   --->   "%b0_q_read = read i16 @_ssdm_op_Read.s_axilite.i16, i16 %b0_q"   --->   Operation 259 'read' 'b0_q_read' <Predicate = true> <Delay = 1.00> <CoreInst = "s_axilite">   --->   Core 114 's_axilite' <Latency = 0> <II = 1> <Delay = 1.00> <Adapter> <Opcode : 'read' 'write'>
ST_2 : Operation 260 [1/2] (1.00ns)   --->   "%a0_p_read = read i16 @_ssdm_op_Read.s_axilite.i16, i16 %a0_p"   --->   Operation 260 'read' 'a0_p_read' <Predicate = true> <Delay = 1.00> <CoreInst = "s_axilite">   --->   Core 114 's_axilite' <Latency = 0> <II = 1> <Delay = 1.00> <Adapter> <Opcode : 'read' 'write'>
ST_2 : Operation 261 [1/1] (0.00ns)   --->   "%zext_ln308 = zext i16 %a0_p_read" [/home/fi/Documents/GitHub/ursa/exp/ursa_ws/src/core/shell.cpp:308]   --->   Operation 261 'zext' 'zext_ln308' <Predicate = true> <Delay = 0.00>
ST_2 : Operation 262 [1/1] (2.07ns)   --->   "%add_ln308 = add i17 %zext_ln308, i17 7" [/home/fi/Documents/GitHub/ursa/exp/ursa_ws/src/core/shell.cpp:308]   --->   Operation 262 'add' 'add_ln308' <Predicate = true> <Delay = 2.07> <CoreInst = "Adder">   --->   Core 1 'Adder' <Latency = 0> <II = 1> <Delay = 2.10> <FuncUnit> <Opcode : 'add' 'sub'> <InPorts = 2> <OutPorts = 1>
ST_2 : Operation 263 [1/1] (0.00ns)   --->   "%zext_ln309 = zext i16 %b0_q_read" [/home/fi/Documents/GitHub/ursa/exp/ursa_ws/src/core/shell.cpp:309]   --->   Operation 263 'zext' 'zext_ln309' <Predicate = true> <Delay = 0.00>
ST_2 : Operation 264 [1/1] (2.07ns)   --->   "%add_ln309 = add i17 %zext_ln309, i17 7" [/home/fi/Documents/GitHub/ursa/exp/ursa_ws/src/core/shell.cpp:309]   --->   Operation 264 'add' 'add_ln309' <Predicate = true> <Delay = 2.07> <CoreInst = "Adder">   --->   Core 1 'Adder' <Latency = 0> <II = 1> <Delay = 2.10> <FuncUnit> <Opcode : 'add' 'sub'> <InPorts = 2> <OutPorts = 1>
ST_2 : Operation 265 [1/1] (0.00ns)   --->   "%lshr_ln309_cast = partselect i14 @_ssdm_op_PartSelect.i14.i17.i32.i32, i17 %add_ln309, i32 3, i32 16" [/home/fi/Documents/GitHub/ursa/exp/ursa_ws/src/core/shell.cpp:309]   --->   Operation 265 'partselect' 'lshr_ln309_cast' <Predicate = true> <Delay = 0.00>
ST_2 : Operation 266 [1/1] (0.00ns)   --->   "%trunc_ln = partselect i14 @_ssdm_op_PartSelect.i14.i17.i32.i32, i17 %add_ln308, i32 3, i32 16" [/home/fi/Documents/GitHub/ursa/exp/ursa_ws/src/core/sa.cpp:60->/home/fi/Documents/GitHub/ursa/exp/ursa_ws/src/core/shell.cpp:354]   --->   Operation 266 'partselect' 'trunc_ln' <Predicate = true> <Delay = 0.00>

State 3 <SV = 2> <Delay = 5.60>
ST_3 : Operation 267 [1/1] (0.00ns)   --->   "%specbitsmap_ln0 = specbitsmap void @_ssdm_op_SpecBitsMap, i8 0"   --->   Operation 267 'specbitsmap' 'specbitsmap_ln0' <Predicate = true> <Delay = 0.00>
ST_3 : Operation 268 [1/1] (0.00ns)   --->   "%spectopmodule_ln180 = spectopmodule void @_ssdm_op_SpecTopModule, void @empty_11" [/home/fi/Documents/GitHub/ursa/exp/ursa_ws/src/core/shell.cpp:180]   --->   Operation 268 'spectopmodule' 'spectopmodule_ln180' <Predicate = true> <Delay = 0.00>
ST_3 : Operation 269 [1/1] (0.00ns)   --->   "%specinterface_ln0 = specinterface void @_ssdm_op_SpecInterface, i8 %aw, void @empty, i32 0, i32 0, void @empty_8, i32 0, i32 0, void @empty_7, void @empty_6, void @empty_8, i32 8, i32 8, i32 64, i32 16, void @empty_8, void @empty_8, i32 4294967295, i32 0"   --->   Operation 269 'specinterface' 'specinterface_ln0' <Predicate = true> <Delay = 0.00>
ST_3 : Operation 270 [1/1] (0.00ns)   --->   "%specbitsmap_ln0 = specbitsmap void @_ssdm_op_SpecBitsMap, i8 %aw"   --->   Operation 270 'specbitsmap' 'specbitsmap_ln0' <Predicate = true> <Delay = 0.00>
ST_3 : Operation 271 [1/1] (0.00ns)   --->   "%specinterface_ln0 = specinterface void @_ssdm_op_SpecInterface, i8 %bi, void @empty, i32 0, i32 0, void @empty_8, i32 0, i32 0, void @empty_5, void @empty_6, void @empty_8, i32 8, i32 8, i32 64, i32 16, void @empty_8, void @empty_8, i32 4294967295, i32 0"   --->   Operation 271 'specinterface' 'specinterface_ln0' <Predicate = true> <Delay = 0.00>
ST_3 : Operation 272 [1/1] (0.00ns)   --->   "%specbitsmap_ln0 = specbitsmap void @_ssdm_op_SpecBitsMap, i8 %bi"   --->   Operation 272 'specbitsmap' 'specbitsmap_ln0' <Predicate = true> <Delay = 0.00>
ST_3 : Operation 273 [1/1] (0.00ns)   --->   "%specinterface_ln0 = specinterface void @_ssdm_op_SpecInterface, i32 %ca, void @empty, i32 0, i32 0, void @empty_8, i32 0, i32 200, void @empty_4, void @empty_6, void @empty_8, i32 8, i32 8, i32 64, i32 16, void @empty_8, void @empty_8, i32 4294967295, i32 0"   --->   Operation 273 'specinterface' 'specinterface_ln0' <Predicate = true> <Delay = 0.00>
ST_3 : Operation 274 [1/1] (0.00ns)   --->   "%specbitsmap_ln0 = specbitsmap void @_ssdm_op_SpecBitsMap, i32 %ca"   --->   Operation 274 'specbitsmap' 'specbitsmap_ln0' <Predicate = true> <Delay = 0.00>
ST_3 : Operation 275 [1/1] (0.00ns)   --->   "%specinterface_ln0 = specinterface void @_ssdm_op_SpecInterface, i64 %addr_a0, void @empty_3, i32 0, i32 0, void @empty_8, i32 0, i32 0, void @empty_2, void @empty_0, void @empty_8, i32 0, i32 0, i32 0, i32 0, void @empty_8, void @empty_17, i32 4294967295, i32 0"   --->   Operation 275 'specinterface' 'specinterface_ln0' <Predicate = true> <Delay = 0.00>
ST_3 : Operation 276 [1/1] (0.00ns)   --->   "%specinterface_ln0 = specinterface void @_ssdm_op_SpecInterface, i64 %addr_a0, void @empty_20, i32 0, i32 0, void @empty_8, i32 0, i32 0, void @empty_8, void @empty_8, void @empty_8, i32 0, i32 0, i32 0, i32 0, void @empty_8, void @empty_17, i32 4294967295, i32 0"   --->   Operation 276 'specinterface' 'specinterface_ln0' <Predicate = true> <Delay = 0.00>
ST_3 : Operation 277 [1/1] (0.00ns)   --->   "%specbitsmap_ln0 = specbitsmap void @_ssdm_op_SpecBitsMap, i16 %a0_p"   --->   Operation 277 'specbitsmap' 'specbitsmap_ln0' <Predicate = true> <Delay = 0.00>
ST_3 : Operation 278 [1/1] (0.00ns)   --->   "%specinterface_ln0 = specinterface void @_ssdm_op_SpecInterface, i16 %a0_p, void @empty_3, i32 1, i32 1, void @empty_9, i32 0, i32 0, void @empty_16, void @empty_15, void @empty_8, i32 0, i32 0, i32 0, i32 0, void @empty_8, void @empty_8, i32 4294967295, i32 0"   --->   Operation 278 'specinterface' 'specinterface_ln0' <Predicate = true> <Delay = 0.00>
ST_3 : Operation 279 [1/1] (0.00ns)   --->   "%specinterface_ln0 = specinterface void @_ssdm_op_SpecInterface, i16 %a0_p, void @empty_20, i32 1, i32 1, void @empty_8, i32 0, i32 0, void @empty_8, void @empty_8, void @empty_8, i32 0, i32 0, i32 0, i32 0, void @empty_8, void @empty_8, i32 4294967295, i32 0"   --->   Operation 279 'specinterface' 'specinterface_ln0' <Predicate = true> <Delay = 0.00>
ST_3 : Operation 280 [1/1] (0.00ns)   --->   "%specinterface_ln0 = specinterface void @_ssdm_op_SpecInterface, i64 %addr_b0, void @empty_3, i32 0, i32 0, void @empty_8, i32 0, i32 0, void @empty_2, void @empty_14, void @empty_8, i32 0, i32 0, i32 0, i32 0, void @empty_8, void @empty_17, i32 4294967295, i32 0"   --->   Operation 280 'specinterface' 'specinterface_ln0' <Predicate = true> <Delay = 0.00>
ST_3 : Operation 281 [1/1] (0.00ns)   --->   "%specinterface_ln0 = specinterface void @_ssdm_op_SpecInterface, i64 %addr_b0, void @empty_20, i32 0, i32 0, void @empty_8, i32 0, i32 0, void @empty_8, void @empty_8, void @empty_8, i32 0, i32 0, i32 0, i32 0, void @empty_8, void @empty_17, i32 4294967295, i32 0"   --->   Operation 281 'specinterface' 'specinterface_ln0' <Predicate = true> <Delay = 0.00>
ST_3 : Operation 282 [1/1] (0.00ns)   --->   "%specbitsmap_ln0 = specbitsmap void @_ssdm_op_SpecBitsMap, i16 %b0_q"   --->   Operation 282 'specbitsmap' 'specbitsmap_ln0' <Predicate = true> <Delay = 0.00>
ST_3 : Operation 283 [1/1] (0.00ns)   --->   "%specinterface_ln0 = specinterface void @_ssdm_op_SpecInterface, i16 %b0_q, void @empty_3, i32 1, i32 1, void @empty_9, i32 0, i32 0, void @empty_16, void @empty_13, void @empty_8, i32 0, i32 0, i32 0, i32 0, void @empty_8, void @empty_8, i32 4294967295, i32 0"   --->   Operation 283 'specinterface' 'specinterface_ln0' <Predicate = true> <Delay = 0.00>
ST_3 : Operation 284 [1/1] (0.00ns)   --->   "%specinterface_ln0 = specinterface void @_ssdm_op_SpecInterface, i16 %b0_q, void @empty_20, i32 1, i32 1, void @empty_8, i32 0, i32 0, void @empty_8, void @empty_8, void @empty_8, i32 0, i32 0, i32 0, i32 0, void @empty_8, void @empty_8, i32 4294967295, i32 0"   --->   Operation 284 'specinterface' 'specinterface_ln0' <Predicate = true> <Delay = 0.00>
ST_3 : Operation 285 [1/1] (0.00ns)   --->   "%specinterface_ln0 = specinterface void @_ssdm_op_SpecInterface, i64 %addr_c0, void @empty_3, i32 0, i32 0, void @empty_8, i32 0, i32 0, void @empty_2, void @empty_12, void @empty_8, i32 0, i32 0, i32 0, i32 0, void @empty_8, void @empty_17, i32 4294967295, i32 0"   --->   Operation 285 'specinterface' 'specinterface_ln0' <Predicate = true> <Delay = 0.00>
ST_3 : Operation 286 [1/1] (0.00ns)   --->   "%specinterface_ln0 = specinterface void @_ssdm_op_SpecInterface, i64 %addr_c0, void @empty_20, i32 0, i32 0, void @empty_8, i32 0, i32 0, void @empty_8, void @empty_8, void @empty_8, i32 0, i32 0, i32 0, i32 0, void @empty_8, void @empty_17, i32 4294967295, i32 0"   --->   Operation 286 'specinterface' 'specinterface_ln0' <Predicate = true> <Delay = 0.00>
ST_3 : Operation 287 [1/1] (0.00ns)   --->   "%specbitsmap_ln0 = specbitsmap void @_ssdm_op_SpecBitsMap, i16 %m"   --->   Operation 287 'specbitsmap' 'specbitsmap_ln0' <Predicate = true> <Delay = 0.00>
ST_3 : Operation 288 [1/1] (0.00ns)   --->   "%specinterface_ln0 = specinterface void @_ssdm_op_SpecInterface, i16 %m, void @empty_3, i32 1, i32 1, void @empty_9, i32 0, i32 0, void @empty_16, void @empty_12, void @empty_8, i32 0, i32 0, i32 0, i32 0, void @empty_8, void @empty_8, i32 4294967295, i32 0"   --->   Operation 288 'specinterface' 'specinterface_ln0' <Predicate = true> <Delay = 0.00>
ST_3 : Operation 289 [1/1] (0.00ns)   --->   "%specinterface_ln0 = specinterface void @_ssdm_op_SpecInterface, i16 %m, void @empty_20, i32 1, i32 1, void @empty_8, i32 0, i32 0, void @empty_8, void @empty_8, void @empty_8, i32 0, i32 0, i32 0, i32 0, void @empty_8, void @empty_8, i32 4294967295, i32 0"   --->   Operation 289 'specinterface' 'specinterface_ln0' <Predicate = true> <Delay = 0.00>
ST_3 : Operation 290 [1/1] (0.00ns)   --->   "%specinterface_ln0 = specinterface void @_ssdm_op_SpecInterface, i32 0, void @empty_3, i32 0, i32 0, void @empty_8, i32 0, i32 0, void @empty_16, void @empty_0, void @empty_8, i32 0, i32 0, i32 0, i32 0, void @empty_8, void @empty_8, i32 4294967295, i32 0"   --->   Operation 290 'specinterface' 'specinterface_ln0' <Predicate = true> <Delay = 0.00>
ST_3 : Operation 291 [1/1] (0.00ns)   --->   "%zext_ln310 = zext i16 %m_read" [/home/fi/Documents/GitHub/ursa/exp/ursa_ws/src/core/shell.cpp:310]   --->   Operation 291 'zext' 'zext_ln310' <Predicate = true> <Delay = 0.00>
ST_3 : Operation 292 [1/1] (2.07ns)   --->   "%add_ln310 = add i17 %zext_ln310, i17 7" [/home/fi/Documents/GitHub/ursa/exp/ursa_ws/src/core/shell.cpp:310]   --->   Operation 292 'add' 'add_ln310' <Predicate = true> <Delay = 2.07> <CoreInst = "Adder">   --->   Core 1 'Adder' <Latency = 0> <II = 1> <Delay = 2.10> <FuncUnit> <Opcode : 'add' 'sub'> <InPorts = 2> <OutPorts = 1>
ST_3 : Operation 293 [1/1] (0.00ns)   --->   "%lshr_ln310_cast = partselect i14 @_ssdm_op_PartSelect.i14.i17.i32.i32, i17 %add_ln310, i32 3, i32 16" [/home/fi/Documents/GitHub/ursa/exp/ursa_ws/src/core/shell.cpp:310]   --->   Operation 293 'partselect' 'lshr_ln310_cast' <Predicate = true> <Delay = 0.00>
ST_3 : Operation 294 [1/1] (0.00ns)   --->   "%zext_ln331 = zext i16 %m_read" [/home/fi/Documents/GitHub/ursa/exp/ursa_ws/src/core/shell.cpp:331]   --->   Operation 294 'zext' 'zext_ln331' <Predicate = true> <Delay = 0.00>
ST_3 : Operation 295 [1/1] (0.00ns)   --->   "%zext_ln312 = zext i16 %b0_q_read" [/home/fi/Documents/GitHub/ursa/exp/ursa_ws/src/core/shell.cpp:312]   --->   Operation 295 'zext' 'zext_ln312' <Predicate = true> <Delay = 0.00>
ST_3 : Operation 296 [1/1] (0.00ns)   --->   "%cast = zext i14 %trunc_ln" [/home/fi/Documents/GitHub/ursa/exp/ursa_ws/src/core/sa.cpp:60->/home/fi/Documents/GitHub/ursa/exp/ursa_ws/src/core/shell.cpp:354]   --->   Operation 296 'zext' 'cast' <Predicate = true> <Delay = 0.00>
ST_3 : Operation 297 [1/1] (0.00ns)   --->   "%cast29 = zext i14 %lshr_ln309_cast" [/home/fi/Documents/GitHub/ursa/exp/ursa_ws/src/core/shell.cpp:309]   --->   Operation 297 'zext' 'cast29' <Predicate = true> <Delay = 0.00>
ST_3 : Operation 298 [1/1] (5.60ns)   --->   "%bound = mul i28 %cast, i28 %cast29" [/home/fi/Documents/GitHub/ursa/exp/ursa_ws/src/core/sa.cpp:60->/home/fi/Documents/GitHub/ursa/exp/ursa_ws/src/core/shell.cpp:354]   --->   Operation 298 'mul' 'bound' <Predicate = true> <Delay = 5.60> <CoreInst = "Multiplier">   --->   Core 3 'Multiplier' <Latency = 0> <II = 1> <Delay = 5.60> <FuncUnit> <Opcode : 'mul'> <InPorts = 2> <OutPorts = 1>
ST_3 : Operation 299 [1/1] (0.00ns)   --->   "%br_ln312 = br void %VITIS_LOOP_328_3" [/home/fi/Documents/GitHub/ursa/exp/ursa_ws/src/core/shell.cpp:312]   --->   Operation 299 'br' 'br_ln312' <Predicate = true> <Delay = 0.00>

State 4 <SV = 3> <Delay = 2.51>
ST_4 : Operation 300 [1/1] (0.00ns)   --->   "%indvar_flatten_load = load i27 %indvar_flatten" [/home/fi/Documents/GitHub/ursa/exp/ursa_ws/src/core/shell.cpp:312]   --->   Operation 300 'load' 'indvar_flatten_load' <Predicate = true> <Delay = 0.00>
ST_4 : Operation 301 [1/1] (0.00ns)   --->   "%zext_ln312_2 = zext i27 %indvar_flatten_load" [/home/fi/Documents/GitHub/ursa/exp/ursa_ws/src/core/shell.cpp:312]   --->   Operation 301 'zext' 'zext_ln312_2' <Predicate = true> <Delay = 0.00>
ST_4 : Operation 302 [1/1] (2.43ns)   --->   "%icmp_ln312 = icmp_eq  i28 %zext_ln312_2, i28 %bound" [/home/fi/Documents/GitHub/ursa/exp/ursa_ws/src/core/shell.cpp:312]   --->   Operation 302 'icmp' 'icmp_ln312' <Predicate = true> <Delay = 2.43> <CoreInst = "Cmp">   --->   Core 9 'Cmp' <Latency = 0> <II = 1> <Delay = 2.43> <FuncUnit> <Opcode : 'icmp'> <InPorts = 2> <OutPorts = 1>
ST_4 : Operation 303 [1/1] (2.40ns)   --->   "%add_ln312_1 = add i27 %indvar_flatten_load, i27 1" [/home/fi/Documents/GitHub/ursa/exp/ursa_ws/src/core/shell.cpp:312]   --->   Operation 303 'add' 'add_ln312_1' <Predicate = true> <Delay = 2.40> <CoreInst = "Adder">   --->   Core 1 'Adder' <Latency = 0> <II = 1> <Delay = 2.40> <FuncUnit> <Opcode : 'add' 'sub'> <InPorts = 2> <OutPorts = 1>
ST_4 : Operation 304 [1/1] (0.00ns)   --->   "%br_ln312 = br i1 %icmp_ln312, void %for.inc146.loopexit, void %for.end148.loopexit" [/home/fi/Documents/GitHub/ursa/exp/ursa_ws/src/core/shell.cpp:312]   --->   Operation 304 'br' 'br_ln312' <Predicate = true> <Delay = 0.00>
ST_4 : Operation 305 [1/1] (0.00ns)   --->   "%j_load = load i14 %j" [/home/fi/Documents/GitHub/ursa/exp/ursa_ws/src/core/shell.cpp:313]   --->   Operation 305 'load' 'j_load' <Predicate = (!icmp_ln312)> <Delay = 0.00>
ST_4 : Operation 306 [1/1] (0.00ns)   --->   "%i_load = load i14 %i" [/home/fi/Documents/GitHub/ursa/exp/ursa_ws/src/core/shell.cpp:312]   --->   Operation 306 'load' 'i_load' <Predicate = (!icmp_ln312)> <Delay = 0.00>
ST_4 : Operation 307 [1/1] (1.81ns)   --->   "%add_ln312 = add i14 %i_load, i14 1" [/home/fi/Documents/GitHub/ursa/exp/ursa_ws/src/core/shell.cpp:312]   --->   Operation 307 'add' 'add_ln312' <Predicate = (!icmp_ln312)> <Delay = 1.81> <CoreInst = "Adder">   --->   Core 1 'Adder' <Latency = 0> <II = 1> <Delay = 1.81> <FuncUnit> <Opcode : 'add' 'sub'> <InPorts = 2> <OutPorts = 1>
ST_4 : Operation 308 [1/1] (1.81ns)   --->   "%icmp_ln313 = icmp_eq  i14 %j_load, i14 %lshr_ln309_cast" [/home/fi/Documents/GitHub/ursa/exp/ursa_ws/src/core/shell.cpp:313]   --->   Operation 308 'icmp' 'icmp_ln313' <Predicate = (!icmp_ln312)> <Delay = 1.81> <CoreInst = "Cmp">   --->   Core 9 'Cmp' <Latency = 0> <II = 1> <Delay = 1.81> <FuncUnit> <Opcode : 'icmp'> <InPorts = 2> <OutPorts = 1>
ST_4 : Operation 309 [1/1] (0.70ns)   --->   "%select_ln312_1 = select i1 %icmp_ln313, i14 %add_ln312, i14 %i_load" [/home/fi/Documents/GitHub/ursa/exp/ursa_ws/src/core/shell.cpp:312]   --->   Operation 309 'select' 'select_ln312_1' <Predicate = (!icmp_ln312)> <Delay = 0.70> <CoreInst = "Sel">   --->   Core 73 'Sel' <Latency = 0> <II = 1> <Delay = 0.70> <FuncUnit> <Opcode : 'select'> <InPorts = 3> <OutPorts = 1>
ST_4 : Operation 310 [1/1] (0.00ns)   --->   "%trunc_ln312 = trunc i14 %select_ln312_1" [/home/fi/Documents/GitHub/ursa/exp/ursa_ws/src/core/shell.cpp:312]   --->   Operation 310 'trunc' 'trunc_ln312' <Predicate = (!icmp_ln312)> <Delay = 0.00>
ST_4 : Operation 311 [1/1] (0.00ns)   --->   "%ret_ln439 = ret i8 0" [/home/fi/Documents/GitHub/ursa/exp/ursa_ws/src/core/shell.cpp:439]   --->   Operation 311 'ret' 'ret_ln439' <Predicate = (icmp_ln312)> <Delay = 0.00>

State 5 <SV = 4> <Delay = 5.58>
ST_5 : Operation 312 [1/1] (0.00ns)   --->   "%specloopname_ln0 = specloopname void @_ssdm_op_SpecLoopName, void @VITIS_LOOP_312_1_VITIS_LOOP_313_2_str"   --->   Operation 312 'specloopname' 'specloopname_ln0' <Predicate = true> <Delay = 0.00>
ST_5 : Operation 313 [1/1] (0.00ns)   --->   "%speclooptripcount_ln0 = speclooptripcount void @_ssdm_op_SpecLoopTripCount, i64 0, i64 67108864, i64 67092481"   --->   Operation 313 'speclooptripcount' 'speclooptripcount_ln0' <Predicate = true> <Delay = 0.00>
ST_5 : Operation 314 [1/1] (0.70ns)   --->   "%select_ln312 = select i1 %icmp_ln313, i14 0, i14 %j_load" [/home/fi/Documents/GitHub/ursa/exp/ursa_ws/src/core/shell.cpp:312]   --->   Operation 314 'select' 'select_ln312' <Predicate = true> <Delay = 0.70> <CoreInst = "Sel">   --->   Core 73 'Sel' <Latency = 0> <II = 1> <Delay = 0.70> <FuncUnit> <Opcode : 'select'> <InPorts = 3> <OutPorts = 1>
ST_5 : Operation 315 [1/1] (0.00ns)   --->   "%zext_ln312_1 = zext i13 %trunc_ln312" [/home/fi/Documents/GitHub/ursa/exp/ursa_ws/src/core/shell.cpp:312]   --->   Operation 315 'zext' 'zext_ln312_1' <Predicate = true> <Delay = 0.00>
ST_5 : Operation 316 [1/1] (5.58ns)   --->   "%mul_ln312 = mul i29 %zext_ln312_1, i29 %zext_ln331" [/home/fi/Documents/GitHub/ursa/exp/ursa_ws/src/core/shell.cpp:312]   --->   Operation 316 'mul' 'mul_ln312' <Predicate = true> <Delay = 5.58> <CoreInst = "Multiplier">   --->   Core 3 'Multiplier' <Latency = 0> <II = 1> <Delay = 5.58> <FuncUnit> <Opcode : 'mul'> <InPorts = 2> <OutPorts = 1>
ST_5 : Operation 317 [1/1] (0.00ns)   --->   "%p_mid = bitconcatenate i32 @_ssdm_op_BitConcatenate.i32.i29.i3, i29 %mul_ln312, i3 0" [/home/fi/Documents/GitHub/ursa/exp/ursa_ws/src/core/shell.cpp:312]   --->   Operation 317 'bitconcatenate' 'p_mid' <Predicate = true> <Delay = 0.00>
ST_5 : Operation 318 [1/1] (0.00ns)   --->   "%empty = trunc i14 %select_ln312" [/home/fi/Documents/GitHub/ursa/exp/ursa_ws/src/core/shell.cpp:312]   --->   Operation 318 'trunc' 'empty' <Predicate = true> <Delay = 0.00>
ST_5 : Operation 319 [1/1] (0.00ns)   --->   "%base_col_B = bitconcatenate i16 @_ssdm_op_BitConcatenate.i16.i13.i3, i13 %empty, i3 0" [/home/fi/Documents/GitHub/ursa/exp/ursa_ws/src/core/shell.cpp:312]   --->   Operation 319 'bitconcatenate' 'base_col_B' <Predicate = true> <Delay = 0.00>
ST_5 : Operation 320 [1/1] (0.00ns)   --->   "%base_col_B_cast = zext i16 %base_col_B" [/home/fi/Documents/GitHub/ursa/exp/ursa_ws/src/core/shell.cpp:312]   --->   Operation 320 'zext' 'base_col_B_cast' <Predicate = true> <Delay = 0.00>
ST_5 : Operation 321 [1/1] (1.58ns)   --->   "%br_ln328 = br void %VITIS_LOOP_341_4" [/home/fi/Documents/GitHub/ursa/exp/ursa_ws/src/core/shell.cpp:328]   --->   Operation 321 'br' 'br_ln328' <Predicate = true> <Delay = 1.58>

State 6 <SV = 5> <Delay = 5.58>
ST_6 : Operation 322 [1/1] (0.00ns)   --->   "%k = phi i14 0, void %for.inc146.loopexit, i14 %add_ln328, void %VITIS_LOOP_341_4.split" [/home/fi/Documents/GitHub/ursa/exp/ursa_ws/src/core/shell.cpp:328]   --->   Operation 322 'phi' 'k' <Predicate = true> <Delay = 0.00>
ST_6 : Operation 323 [1/1] (1.81ns)   --->   "%icmp_ln328 = icmp_eq  i14 %k, i14 %lshr_ln310_cast" [/home/fi/Documents/GitHub/ursa/exp/ursa_ws/src/core/shell.cpp:328]   --->   Operation 323 'icmp' 'icmp_ln328' <Predicate = true> <Delay = 1.81> <CoreInst = "Cmp">   --->   Core 9 'Cmp' <Latency = 0> <II = 1> <Delay = 1.81> <FuncUnit> <Opcode : 'icmp'> <InPorts = 2> <OutPorts = 1>
ST_6 : Operation 324 [1/1] (0.00ns)   --->   "%speclooptripcount_ln0 = speclooptripcount void @_ssdm_op_SpecLoopTripCount, i64 0, i64 8192, i64 8191"   --->   Operation 324 'speclooptripcount' 'speclooptripcount_ln0' <Predicate = true> <Delay = 0.00>
ST_6 : Operation 325 [1/1] (1.81ns)   --->   "%add_ln328 = add i14 %k, i14 1" [/home/fi/Documents/GitHub/ursa/exp/ursa_ws/src/core/shell.cpp:328]   --->   Operation 325 'add' 'add_ln328' <Predicate = true> <Delay = 1.81> <CoreInst = "Adder">   --->   Core 1 'Adder' <Latency = 0> <II = 1> <Delay = 1.81> <FuncUnit> <Opcode : 'add' 'sub'> <InPorts = 2> <OutPorts = 1>
ST_6 : Operation 326 [1/1] (0.00ns)   --->   "%br_ln328 = br i1 %icmp_ln328, void %VITIS_LOOP_341_4.split, void %VITIS_LOOP_382_7.loopexit" [/home/fi/Documents/GitHub/ursa/exp/ursa_ws/src/core/shell.cpp:328]   --->   Operation 326 'br' 'br_ln328' <Predicate = true> <Delay = 0.00>
ST_6 : Operation 327 [1/1] (0.00ns)   --->   "%trunc_ln334 = trunc i14 %k" [/home/fi/Documents/GitHub/ursa/exp/ursa_ws/src/core/shell.cpp:334]   --->   Operation 327 'trunc' 'trunc_ln334' <Predicate = (!icmp_ln328)> <Delay = 0.00>
ST_6 : Operation 328 [1/1] (0.00ns)   --->   "%base_col_A = bitconcatenate i16 @_ssdm_op_BitConcatenate.i16.i13.i3, i13 %trunc_ln334, i3 0" [/home/fi/Documents/GitHub/ursa/exp/ursa_ws/src/core/shell.cpp:334]   --->   Operation 328 'bitconcatenate' 'base_col_A' <Predicate = (!icmp_ln328)> <Delay = 0.00>
ST_6 : Operation 329 [1/1] (0.00ns)   --->   "%zext_ln330 = zext i16 %base_col_A" [/home/fi/Documents/GitHub/ursa/exp/ursa_ws/src/core/shell.cpp:330]   --->   Operation 329 'zext' 'zext_ln330' <Predicate = (!icmp_ln328)> <Delay = 0.00>
ST_6 : Operation 330 [1/1] (2.55ns)   --->   "%add_ln330 = add i32 %zext_ln330, i32 %p_mid" [/home/fi/Documents/GitHub/ursa/exp/ursa_ws/src/core/shell.cpp:330]   --->   Operation 330 'add' 'add_ln330' <Predicate = (!icmp_ln328)> <Delay = 2.55> <CoreInst = "Adder">   --->   Core 1 'Adder' <Latency = 0> <II = 1> <Delay = 2.55> <FuncUnit> <Opcode : 'add' 'sub'> <InPorts = 2> <OutPorts = 1>
ST_6 : Operation 331 [1/1] (0.00ns)   --->   "%zext_ln331_1 = zext i13 %trunc_ln334" [/home/fi/Documents/GitHub/ursa/exp/ursa_ws/src/core/shell.cpp:331]   --->   Operation 331 'zext' 'zext_ln331_1' <Predicate = (!icmp_ln328)> <Delay = 0.00>
ST_6 : Operation 332 [1/1] (5.58ns)   --->   "%mul_ln331 = mul i29 %zext_ln331_1, i29 %zext_ln312" [/home/fi/Documents/GitHub/ursa/exp/ursa_ws/src/core/shell.cpp:331]   --->   Operation 332 'mul' 'mul_ln331' <Predicate = (!icmp_ln328)> <Delay = 5.58> <CoreInst = "Multiplier">   --->   Core 3 'Multiplier' <Latency = 0> <II = 1> <Delay = 5.58> <FuncUnit> <Opcode : 'mul'> <InPorts = 2> <OutPorts = 1>
ST_6 : Operation 333 [1/1] (2.07ns)   --->   "%cmp124 = icmp_ult  i16 %base_col_B, i16 %b0_q_read" [/home/fi/Documents/GitHub/ursa/exp/ursa_ws/src/core/shell.cpp:312]   --->   Operation 333 'icmp' 'cmp124' <Predicate = (icmp_ln328)> <Delay = 2.07> <CoreInst = "Cmp">   --->   Core 9 'Cmp' <Latency = 0> <II = 1> <Delay = 2.07> <FuncUnit> <Opcode : 'icmp'> <InPorts = 2> <OutPorts = 1>
ST_6 : Operation 334 [1/1] (0.00ns)   --->   "%global_col_2 = or i16 %base_col_B, i16 1" [/home/fi/Documents/GitHub/ursa/exp/ursa_ws/src/core/shell.cpp:312]   --->   Operation 334 'or' 'global_col_2' <Predicate = (icmp_ln328)> <Delay = 0.00>
ST_6 : Operation 335 [1/1] (2.07ns)   --->   "%cmp124_1 = icmp_ult  i16 %global_col_2, i16 %b0_q_read" [/home/fi/Documents/GitHub/ursa/exp/ursa_ws/src/core/shell.cpp:312]   --->   Operation 335 'icmp' 'cmp124_1' <Predicate = (icmp_ln328)> <Delay = 2.07> <CoreInst = "Cmp">   --->   Core 9 'Cmp' <Latency = 0> <II = 1> <Delay = 2.07> <FuncUnit> <Opcode : 'icmp'> <InPorts = 2> <OutPorts = 1>
ST_6 : Operation 336 [1/1] (0.00ns)   --->   "%global_col_4 = or i16 %base_col_B, i16 2" [/home/fi/Documents/GitHub/ursa/exp/ursa_ws/src/core/shell.cpp:312]   --->   Operation 336 'or' 'global_col_4' <Predicate = (icmp_ln328)> <Delay = 0.00>
ST_6 : Operation 337 [1/1] (2.07ns)   --->   "%cmp124_2 = icmp_ult  i16 %global_col_4, i16 %b0_q_read" [/home/fi/Documents/GitHub/ursa/exp/ursa_ws/src/core/shell.cpp:312]   --->   Operation 337 'icmp' 'cmp124_2' <Predicate = (icmp_ln328)> <Delay = 2.07> <CoreInst = "Cmp">   --->   Core 9 'Cmp' <Latency = 0> <II = 1> <Delay = 2.07> <FuncUnit> <Opcode : 'icmp'> <InPorts = 2> <OutPorts = 1>
ST_6 : Operation 338 [1/1] (0.00ns)   --->   "%global_col_6 = or i16 %base_col_B, i16 3" [/home/fi/Documents/GitHub/ursa/exp/ursa_ws/src/core/shell.cpp:312]   --->   Operation 338 'or' 'global_col_6' <Predicate = (icmp_ln328)> <Delay = 0.00>
ST_6 : Operation 339 [1/1] (2.07ns)   --->   "%cmp124_3 = icmp_ult  i16 %global_col_6, i16 %b0_q_read" [/home/fi/Documents/GitHub/ursa/exp/ursa_ws/src/core/shell.cpp:312]   --->   Operation 339 'icmp' 'cmp124_3' <Predicate = (icmp_ln328)> <Delay = 2.07> <CoreInst = "Cmp">   --->   Core 9 'Cmp' <Latency = 0> <II = 1> <Delay = 2.07> <FuncUnit> <Opcode : 'icmp'> <InPorts = 2> <OutPorts = 1>
ST_6 : Operation 340 [1/1] (0.00ns)   --->   "%global_col_8 = or i16 %base_col_B, i16 4" [/home/fi/Documents/GitHub/ursa/exp/ursa_ws/src/core/shell.cpp:312]   --->   Operation 340 'or' 'global_col_8' <Predicate = (icmp_ln328)> <Delay = 0.00>
ST_6 : Operation 341 [1/1] (2.07ns)   --->   "%cmp124_4 = icmp_ult  i16 %global_col_8, i16 %b0_q_read" [/home/fi/Documents/GitHub/ursa/exp/ursa_ws/src/core/shell.cpp:312]   --->   Operation 341 'icmp' 'cmp124_4' <Predicate = (icmp_ln328)> <Delay = 2.07> <CoreInst = "Cmp">   --->   Core 9 'Cmp' <Latency = 0> <II = 1> <Delay = 2.07> <FuncUnit> <Opcode : 'icmp'> <InPorts = 2> <OutPorts = 1>
ST_6 : Operation 342 [1/1] (0.00ns)   --->   "%global_col_10 = or i16 %base_col_B, i16 5" [/home/fi/Documents/GitHub/ursa/exp/ursa_ws/src/core/shell.cpp:312]   --->   Operation 342 'or' 'global_col_10' <Predicate = (icmp_ln328)> <Delay = 0.00>
ST_6 : Operation 343 [1/1] (2.07ns)   --->   "%cmp124_5 = icmp_ult  i16 %global_col_10, i16 %b0_q_read" [/home/fi/Documents/GitHub/ursa/exp/ursa_ws/src/core/shell.cpp:312]   --->   Operation 343 'icmp' 'cmp124_5' <Predicate = (icmp_ln328)> <Delay = 2.07> <CoreInst = "Cmp">   --->   Core 9 'Cmp' <Latency = 0> <II = 1> <Delay = 2.07> <FuncUnit> <Opcode : 'icmp'> <InPorts = 2> <OutPorts = 1>
ST_6 : Operation 344 [1/1] (0.00ns)   --->   "%global_col_12 = or i16 %base_col_B, i16 6" [/home/fi/Documents/GitHub/ursa/exp/ursa_ws/src/core/shell.cpp:312]   --->   Operation 344 'or' 'global_col_12' <Predicate = (icmp_ln328)> <Delay = 0.00>
ST_6 : Operation 345 [1/1] (2.07ns)   --->   "%cmp124_6 = icmp_ult  i16 %global_col_12, i16 %b0_q_read" [/home/fi/Documents/GitHub/ursa/exp/ursa_ws/src/core/shell.cpp:312]   --->   Operation 345 'icmp' 'cmp124_6' <Predicate = (icmp_ln328)> <Delay = 2.07> <CoreInst = "Cmp">   --->   Core 9 'Cmp' <Latency = 0> <II = 1> <Delay = 2.07> <FuncUnit> <Opcode : 'icmp'> <InPorts = 2> <OutPorts = 1>
ST_6 : Operation 346 [1/1] (0.00ns)   --->   "%global_col_14 = or i16 %base_col_B, i16 7" [/home/fi/Documents/GitHub/ursa/exp/ursa_ws/src/core/shell.cpp:312]   --->   Operation 346 'or' 'global_col_14' <Predicate = (icmp_ln328)> <Delay = 0.00>
ST_6 : Operation 347 [1/1] (2.07ns)   --->   "%cmp124_7 = icmp_ult  i16 %global_col_14, i16 %b0_q_read" [/home/fi/Documents/GitHub/ursa/exp/ursa_ws/src/core/shell.cpp:312]   --->   Operation 347 'icmp' 'cmp124_7' <Predicate = (icmp_ln328)> <Delay = 2.07> <CoreInst = "Cmp">   --->   Core 9 'Cmp' <Latency = 0> <II = 1> <Delay = 2.07> <FuncUnit> <Opcode : 'icmp'> <InPorts = 2> <OutPorts = 1>
ST_6 : Operation 348 [1/1] (1.81ns)   --->   "%add_ln313 = add i14 %select_ln312, i14 1" [/home/fi/Documents/GitHub/ursa/exp/ursa_ws/src/core/shell.cpp:313]   --->   Operation 348 'add' 'add_ln313' <Predicate = (icmp_ln328)> <Delay = 1.81> <CoreInst = "Adder">   --->   Core 1 'Adder' <Latency = 0> <II = 1> <Delay = 1.81> <FuncUnit> <Opcode : 'add' 'sub'> <InPorts = 2> <OutPorts = 1>
ST_6 : Operation 349 [1/1] (1.58ns)   --->   "%store_ln312 = store i27 %add_ln312_1, i27 %indvar_flatten" [/home/fi/Documents/GitHub/ursa/exp/ursa_ws/src/core/shell.cpp:312]   --->   Operation 349 'store' 'store_ln312' <Predicate = (icmp_ln328)> <Delay = 1.58>
ST_6 : Operation 350 [1/1] (1.58ns)   --->   "%store_ln312 = store i14 %select_ln312_1, i14 %i" [/home/fi/Documents/GitHub/ursa/exp/ursa_ws/src/core/shell.cpp:312]   --->   Operation 350 'store' 'store_ln312' <Predicate = (icmp_ln328)> <Delay = 1.58>
ST_6 : Operation 351 [1/1] (1.58ns)   --->   "%store_ln313 = store i14 %add_ln313, i14 %j" [/home/fi/Documents/GitHub/ursa/exp/ursa_ws/src/core/shell.cpp:313]   --->   Operation 351 'store' 'store_ln313' <Predicate = (icmp_ln328)> <Delay = 1.58>

State 7 <SV = 6> <Delay = 5.58>
ST_7 : Operation 352 [1/1] (0.00ns)   --->   "%mxm_execute_ursa_signed_char_unsigned_short_unsigned_char_unsigned_short_i_670 = load i8 %mxm_execute_ursa_signed_char_unsigned_short_unsigned_char_unsigned_short_i_287"   --->   Operation 352 'load' 'mxm_execute_ursa_signed_char_unsigned_short_unsigned_char_unsigned_short_i_670' <Predicate = true> <Delay = 0.00>
ST_7 : Operation 353 [1/1] (0.00ns)   --->   "%mxm_execute_ursa_signed_char_unsigned_short_unsigned_char_unsigned_short_i_671 = load i8 %mxm_execute_ursa_signed_char_unsigned_short_unsigned_char_unsigned_short_i_286"   --->   Operation 353 'load' 'mxm_execute_ursa_signed_char_unsigned_short_unsigned_char_unsigned_short_i_671' <Predicate = true> <Delay = 0.00>
ST_7 : Operation 354 [1/1] (0.00ns)   --->   "%mxm_execute_ursa_signed_char_unsigned_short_unsigned_char_unsigned_short_i_672 = load i8 %mxm_execute_ursa_signed_char_unsigned_short_unsigned_char_unsigned_short_i_285"   --->   Operation 354 'load' 'mxm_execute_ursa_signed_char_unsigned_short_unsigned_char_unsigned_short_i_672' <Predicate = true> <Delay = 0.00>
ST_7 : Operation 355 [1/1] (0.00ns)   --->   "%mxm_execute_ursa_signed_char_unsigned_short_unsigned_char_unsigned_short_i_673 = load i8 %mxm_execute_ursa_signed_char_unsigned_short_unsigned_char_unsigned_short_i_284"   --->   Operation 355 'load' 'mxm_execute_ursa_signed_char_unsigned_short_unsigned_char_unsigned_short_i_673' <Predicate = true> <Delay = 0.00>
ST_7 : Operation 356 [1/1] (0.00ns)   --->   "%mxm_execute_ursa_signed_char_unsigned_short_unsigned_char_unsigned_short_i_674 = load i8 %mxm_execute_ursa_signed_char_unsigned_short_unsigned_char_unsigned_short_i_283"   --->   Operation 356 'load' 'mxm_execute_ursa_signed_char_unsigned_short_unsigned_char_unsigned_short_i_674' <Predicate = true> <Delay = 0.00>
ST_7 : Operation 357 [1/1] (0.00ns)   --->   "%mxm_execute_ursa_signed_char_unsigned_short_unsigned_char_unsigned_short_i_675 = load i8 %mxm_execute_ursa_signed_char_unsigned_short_unsigned_char_unsigned_short_i_282"   --->   Operation 357 'load' 'mxm_execute_ursa_signed_char_unsigned_short_unsigned_char_unsigned_short_i_675' <Predicate = true> <Delay = 0.00>
ST_7 : Operation 358 [1/1] (0.00ns)   --->   "%mxm_execute_ursa_signed_char_unsigned_short_unsigned_char_unsigned_short_i_676 = load i8 %mxm_execute_ursa_signed_char_unsigned_short_unsigned_char_unsigned_short_i_281"   --->   Operation 358 'load' 'mxm_execute_ursa_signed_char_unsigned_short_unsigned_char_unsigned_short_i_676' <Predicate = true> <Delay = 0.00>
ST_7 : Operation 359 [1/1] (0.00ns)   --->   "%mxm_execute_ursa_signed_char_unsigned_short_unsigned_char_unsigned_short_i_677 = load i8 %mxm_execute_ursa_signed_char_unsigned_short_unsigned_char_unsigned_short_i_280"   --->   Operation 359 'load' 'mxm_execute_ursa_signed_char_unsigned_short_unsigned_char_unsigned_short_i_677' <Predicate = true> <Delay = 0.00>
ST_7 : Operation 360 [1/1] (0.00ns)   --->   "%mxm_execute_ursa_signed_char_unsigned_short_unsigned_char_unsigned_short_i_678 = load i8 %mxm_execute_ursa_signed_char_unsigned_short_unsigned_char_unsigned_short_i_279"   --->   Operation 360 'load' 'mxm_execute_ursa_signed_char_unsigned_short_unsigned_char_unsigned_short_i_678' <Predicate = true> <Delay = 0.00>
ST_7 : Operation 361 [1/1] (0.00ns)   --->   "%mxm_execute_ursa_signed_char_unsigned_short_unsigned_char_unsigned_short_i_679 = load i8 %mxm_execute_ursa_signed_char_unsigned_short_unsigned_char_unsigned_short_i_278"   --->   Operation 361 'load' 'mxm_execute_ursa_signed_char_unsigned_short_unsigned_char_unsigned_short_i_679' <Predicate = true> <Delay = 0.00>
ST_7 : Operation 362 [1/1] (0.00ns)   --->   "%mxm_execute_ursa_signed_char_unsigned_short_unsigned_char_unsigned_short_i_680 = load i8 %mxm_execute_ursa_signed_char_unsigned_short_unsigned_char_unsigned_short_i_277"   --->   Operation 362 'load' 'mxm_execute_ursa_signed_char_unsigned_short_unsigned_char_unsigned_short_i_680' <Predicate = true> <Delay = 0.00>
ST_7 : Operation 363 [1/1] (0.00ns)   --->   "%mxm_execute_ursa_signed_char_unsigned_short_unsigned_char_unsigned_short_i_681 = load i8 %mxm_execute_ursa_signed_char_unsigned_short_unsigned_char_unsigned_short_i_276"   --->   Operation 363 'load' 'mxm_execute_ursa_signed_char_unsigned_short_unsigned_char_unsigned_short_i_681' <Predicate = true> <Delay = 0.00>
ST_7 : Operation 364 [1/1] (0.00ns)   --->   "%mxm_execute_ursa_signed_char_unsigned_short_unsigned_char_unsigned_short_i_682 = load i8 %mxm_execute_ursa_signed_char_unsigned_short_unsigned_char_unsigned_short_i_275"   --->   Operation 364 'load' 'mxm_execute_ursa_signed_char_unsigned_short_unsigned_char_unsigned_short_i_682' <Predicate = true> <Delay = 0.00>
ST_7 : Operation 365 [1/1] (0.00ns)   --->   "%mxm_execute_ursa_signed_char_unsigned_short_unsigned_char_unsigned_short_i_683 = load i8 %mxm_execute_ursa_signed_char_unsigned_short_unsigned_char_unsigned_short_i_274"   --->   Operation 365 'load' 'mxm_execute_ursa_signed_char_unsigned_short_unsigned_char_unsigned_short_i_683' <Predicate = true> <Delay = 0.00>
ST_7 : Operation 366 [1/1] (0.00ns)   --->   "%mxm_execute_ursa_signed_char_unsigned_short_unsigned_char_unsigned_short_i_684 = load i8 %mxm_execute_ursa_signed_char_unsigned_short_unsigned_char_unsigned_short_i_273"   --->   Operation 366 'load' 'mxm_execute_ursa_signed_char_unsigned_short_unsigned_char_unsigned_short_i_684' <Predicate = true> <Delay = 0.00>
ST_7 : Operation 367 [1/1] (0.00ns)   --->   "%mxm_execute_ursa_signed_char_unsigned_short_unsigned_char_unsigned_short_i_685 = load i8 %mxm_execute_ursa_signed_char_unsigned_short_unsigned_char_unsigned_short_i_272"   --->   Operation 367 'load' 'mxm_execute_ursa_signed_char_unsigned_short_unsigned_char_unsigned_short_i_685' <Predicate = true> <Delay = 0.00>
ST_7 : Operation 368 [1/1] (0.00ns)   --->   "%mxm_execute_ursa_signed_char_unsigned_short_unsigned_char_unsigned_short_i_686 = load i8 %mxm_execute_ursa_signed_char_unsigned_short_unsigned_char_unsigned_short_i_271"   --->   Operation 368 'load' 'mxm_execute_ursa_signed_char_unsigned_short_unsigned_char_unsigned_short_i_686' <Predicate = true> <Delay = 0.00>
ST_7 : Operation 369 [1/1] (0.00ns)   --->   "%mxm_execute_ursa_signed_char_unsigned_short_unsigned_char_unsigned_short_i_687 = load i8 %mxm_execute_ursa_signed_char_unsigned_short_unsigned_char_unsigned_short_i_270"   --->   Operation 369 'load' 'mxm_execute_ursa_signed_char_unsigned_short_unsigned_char_unsigned_short_i_687' <Predicate = true> <Delay = 0.00>
ST_7 : Operation 370 [1/1] (0.00ns)   --->   "%mxm_execute_ursa_signed_char_unsigned_short_unsigned_char_unsigned_short_i_688 = load i8 %mxm_execute_ursa_signed_char_unsigned_short_unsigned_char_unsigned_short_i_269"   --->   Operation 370 'load' 'mxm_execute_ursa_signed_char_unsigned_short_unsigned_char_unsigned_short_i_688' <Predicate = true> <Delay = 0.00>
ST_7 : Operation 371 [1/1] (0.00ns)   --->   "%mxm_execute_ursa_signed_char_unsigned_short_unsigned_char_unsigned_short_i_689 = load i8 %mxm_execute_ursa_signed_char_unsigned_short_unsigned_char_unsigned_short_i_268"   --->   Operation 371 'load' 'mxm_execute_ursa_signed_char_unsigned_short_unsigned_char_unsigned_short_i_689' <Predicate = true> <Delay = 0.00>
ST_7 : Operation 372 [1/1] (0.00ns)   --->   "%mxm_execute_ursa_signed_char_unsigned_short_unsigned_char_unsigned_short_i_690 = load i8 %mxm_execute_ursa_signed_char_unsigned_short_unsigned_char_unsigned_short_i_267"   --->   Operation 372 'load' 'mxm_execute_ursa_signed_char_unsigned_short_unsigned_char_unsigned_short_i_690' <Predicate = true> <Delay = 0.00>
ST_7 : Operation 373 [1/1] (0.00ns)   --->   "%mxm_execute_ursa_signed_char_unsigned_short_unsigned_char_unsigned_short_i_691 = load i8 %mxm_execute_ursa_signed_char_unsigned_short_unsigned_char_unsigned_short_i_266"   --->   Operation 373 'load' 'mxm_execute_ursa_signed_char_unsigned_short_unsigned_char_unsigned_short_i_691' <Predicate = true> <Delay = 0.00>
ST_7 : Operation 374 [1/1] (0.00ns)   --->   "%mxm_execute_ursa_signed_char_unsigned_short_unsigned_char_unsigned_short_i_692 = load i8 %mxm_execute_ursa_signed_char_unsigned_short_unsigned_char_unsigned_short_i_265"   --->   Operation 374 'load' 'mxm_execute_ursa_signed_char_unsigned_short_unsigned_char_unsigned_short_i_692' <Predicate = true> <Delay = 0.00>
ST_7 : Operation 375 [1/1] (0.00ns)   --->   "%mxm_execute_ursa_signed_char_unsigned_short_unsigned_char_unsigned_short_i_693 = load i8 %mxm_execute_ursa_signed_char_unsigned_short_unsigned_char_unsigned_short_i_264"   --->   Operation 375 'load' 'mxm_execute_ursa_signed_char_unsigned_short_unsigned_char_unsigned_short_i_693' <Predicate = true> <Delay = 0.00>
ST_7 : Operation 376 [1/1] (0.00ns)   --->   "%mxm_execute_ursa_signed_char_unsigned_short_unsigned_char_unsigned_short_i_694 = load i8 %mxm_execute_ursa_signed_char_unsigned_short_unsigned_char_unsigned_short_i_263"   --->   Operation 376 'load' 'mxm_execute_ursa_signed_char_unsigned_short_unsigned_char_unsigned_short_i_694' <Predicate = true> <Delay = 0.00>
ST_7 : Operation 377 [1/1] (0.00ns)   --->   "%mxm_execute_ursa_signed_char_unsigned_short_unsigned_char_unsigned_short_i_695 = load i8 %mxm_execute_ursa_signed_char_unsigned_short_unsigned_char_unsigned_short_i_262"   --->   Operation 377 'load' 'mxm_execute_ursa_signed_char_unsigned_short_unsigned_char_unsigned_short_i_695' <Predicate = true> <Delay = 0.00>
ST_7 : Operation 378 [1/1] (0.00ns)   --->   "%mxm_execute_ursa_signed_char_unsigned_short_unsigned_char_unsigned_short_i_696 = load i8 %mxm_execute_ursa_signed_char_unsigned_short_unsigned_char_unsigned_short_i_261"   --->   Operation 378 'load' 'mxm_execute_ursa_signed_char_unsigned_short_unsigned_char_unsigned_short_i_696' <Predicate = true> <Delay = 0.00>
ST_7 : Operation 379 [1/1] (0.00ns)   --->   "%mxm_execute_ursa_signed_char_unsigned_short_unsigned_char_unsigned_short_i_697 = load i8 %mxm_execute_ursa_signed_char_unsigned_short_unsigned_char_unsigned_short_i_260"   --->   Operation 379 'load' 'mxm_execute_ursa_signed_char_unsigned_short_unsigned_char_unsigned_short_i_697' <Predicate = true> <Delay = 0.00>
ST_7 : Operation 380 [1/1] (0.00ns)   --->   "%mxm_execute_ursa_signed_char_unsigned_short_unsigned_char_unsigned_short_i_698 = load i8 %mxm_execute_ursa_signed_char_unsigned_short_unsigned_char_unsigned_short_i_259"   --->   Operation 380 'load' 'mxm_execute_ursa_signed_char_unsigned_short_unsigned_char_unsigned_short_i_698' <Predicate = true> <Delay = 0.00>
ST_7 : Operation 381 [1/1] (0.00ns)   --->   "%mxm_execute_ursa_signed_char_unsigned_short_unsigned_char_unsigned_short_i_699 = load i8 %mxm_execute_ursa_signed_char_unsigned_short_unsigned_char_unsigned_short_i_258"   --->   Operation 381 'load' 'mxm_execute_ursa_signed_char_unsigned_short_unsigned_char_unsigned_short_i_699' <Predicate = true> <Delay = 0.00>
ST_7 : Operation 382 [1/1] (0.00ns)   --->   "%mxm_execute_ursa_signed_char_unsigned_short_unsigned_char_unsigned_short_i_700 = load i8 %mxm_execute_ursa_signed_char_unsigned_short_unsigned_char_unsigned_short_i_257"   --->   Operation 382 'load' 'mxm_execute_ursa_signed_char_unsigned_short_unsigned_char_unsigned_short_i_700' <Predicate = true> <Delay = 0.00>
ST_7 : Operation 383 [1/1] (0.00ns)   --->   "%mxm_execute_ursa_signed_char_unsigned_short_unsigned_char_unsigned_short_i_701 = load i8 %mxm_execute_ursa_signed_char_unsigned_short_unsigned_char_unsigned_short_i_256"   --->   Operation 383 'load' 'mxm_execute_ursa_signed_char_unsigned_short_unsigned_char_unsigned_short_i_701' <Predicate = true> <Delay = 0.00>
ST_7 : Operation 384 [1/1] (0.00ns)   --->   "%mxm_execute_ursa_signed_char_unsigned_short_unsigned_char_unsigned_short_i_702 = load i8 %mxm_execute_ursa_signed_char_unsigned_short_unsigned_char_unsigned_short_i_255"   --->   Operation 384 'load' 'mxm_execute_ursa_signed_char_unsigned_short_unsigned_char_unsigned_short_i_702' <Predicate = true> <Delay = 0.00>
ST_7 : Operation 385 [1/1] (0.00ns)   --->   "%mxm_execute_ursa_signed_char_unsigned_short_unsigned_char_unsigned_short_i_703 = load i8 %mxm_execute_ursa_signed_char_unsigned_short_unsigned_char_unsigned_short_i_254"   --->   Operation 385 'load' 'mxm_execute_ursa_signed_char_unsigned_short_unsigned_char_unsigned_short_i_703' <Predicate = true> <Delay = 0.00>
ST_7 : Operation 386 [1/1] (0.00ns)   --->   "%mxm_execute_ursa_signed_char_unsigned_short_unsigned_char_unsigned_short_i_704 = load i8 %mxm_execute_ursa_signed_char_unsigned_short_unsigned_char_unsigned_short_i_253"   --->   Operation 386 'load' 'mxm_execute_ursa_signed_char_unsigned_short_unsigned_char_unsigned_short_i_704' <Predicate = true> <Delay = 0.00>
ST_7 : Operation 387 [1/1] (0.00ns)   --->   "%mxm_execute_ursa_signed_char_unsigned_short_unsigned_char_unsigned_short_i_705 = load i8 %mxm_execute_ursa_signed_char_unsigned_short_unsigned_char_unsigned_short_i_252"   --->   Operation 387 'load' 'mxm_execute_ursa_signed_char_unsigned_short_unsigned_char_unsigned_short_i_705' <Predicate = true> <Delay = 0.00>
ST_7 : Operation 388 [1/1] (0.00ns)   --->   "%mxm_execute_ursa_signed_char_unsigned_short_unsigned_char_unsigned_short_i_706 = load i8 %mxm_execute_ursa_signed_char_unsigned_short_unsigned_char_unsigned_short_i_251"   --->   Operation 388 'load' 'mxm_execute_ursa_signed_char_unsigned_short_unsigned_char_unsigned_short_i_706' <Predicate = true> <Delay = 0.00>
ST_7 : Operation 389 [1/1] (0.00ns)   --->   "%mxm_execute_ursa_signed_char_unsigned_short_unsigned_char_unsigned_short_i_707 = load i8 %mxm_execute_ursa_signed_char_unsigned_short_unsigned_char_unsigned_short_i_539"   --->   Operation 389 'load' 'mxm_execute_ursa_signed_char_unsigned_short_unsigned_char_unsigned_short_i_707' <Predicate = true> <Delay = 0.00>
ST_7 : Operation 390 [1/1] (0.00ns)   --->   "%mxm_execute_ursa_signed_char_unsigned_short_unsigned_char_unsigned_short_i_708 = load i8 %mxm_execute_ursa_signed_char_unsigned_short_unsigned_char_unsigned_short_i_540"   --->   Operation 390 'load' 'mxm_execute_ursa_signed_char_unsigned_short_unsigned_char_unsigned_short_i_708' <Predicate = true> <Delay = 0.00>
ST_7 : Operation 391 [1/1] (0.00ns)   --->   "%mxm_execute_ursa_signed_char_unsigned_short_unsigned_char_unsigned_short_i_709 = load i8 %mxm_execute_ursa_signed_char_unsigned_short_unsigned_char_unsigned_short_i_541"   --->   Operation 391 'load' 'mxm_execute_ursa_signed_char_unsigned_short_unsigned_char_unsigned_short_i_709' <Predicate = true> <Delay = 0.00>
ST_7 : Operation 392 [1/1] (0.00ns)   --->   "%mxm_execute_ursa_signed_char_unsigned_short_unsigned_char_unsigned_short_i_710 = load i8 %mxm_execute_ursa_signed_char_unsigned_short_unsigned_char_unsigned_short_i_542"   --->   Operation 392 'load' 'mxm_execute_ursa_signed_char_unsigned_short_unsigned_char_unsigned_short_i_710' <Predicate = true> <Delay = 0.00>
ST_7 : Operation 393 [1/1] (0.00ns)   --->   "%mxm_execute_ursa_signed_char_unsigned_short_unsigned_char_unsigned_short_i_711 = load i8 %mxm_execute_ursa_signed_char_unsigned_short_unsigned_char_unsigned_short_i_543"   --->   Operation 393 'load' 'mxm_execute_ursa_signed_char_unsigned_short_unsigned_char_unsigned_short_i_711' <Predicate = true> <Delay = 0.00>
ST_7 : Operation 394 [1/1] (0.00ns)   --->   "%mxm_execute_ursa_signed_char_unsigned_short_unsigned_char_unsigned_short_i_712 = load i8 %mxm_execute_ursa_signed_char_unsigned_short_unsigned_char_unsigned_short_i_544"   --->   Operation 394 'load' 'mxm_execute_ursa_signed_char_unsigned_short_unsigned_char_unsigned_short_i_712' <Predicate = true> <Delay = 0.00>
ST_7 : Operation 395 [1/1] (0.00ns)   --->   "%mxm_execute_ursa_signed_char_unsigned_short_unsigned_char_unsigned_short_i_713 = load i8 %mxm_execute_ursa_signed_char_unsigned_short_unsigned_char_unsigned_short_i_545"   --->   Operation 395 'load' 'mxm_execute_ursa_signed_char_unsigned_short_unsigned_char_unsigned_short_i_713' <Predicate = true> <Delay = 0.00>
ST_7 : Operation 396 [1/1] (0.00ns)   --->   "%mxm_execute_ursa_signed_char_unsigned_short_unsigned_char_unsigned_short_i_714 = load i8 %mxm_execute_ursa_signed_char_unsigned_short_unsigned_char_unsigned_short_i_546"   --->   Operation 396 'load' 'mxm_execute_ursa_signed_char_unsigned_short_unsigned_char_unsigned_short_i_714' <Predicate = true> <Delay = 0.00>
ST_7 : Operation 397 [1/1] (0.00ns)   --->   "%mxm_execute_ursa_signed_char_unsigned_short_unsigned_char_unsigned_short_i_715 = load i8 %mxm_execute_ursa_signed_char_unsigned_short_unsigned_char_unsigned_short_i_547"   --->   Operation 397 'load' 'mxm_execute_ursa_signed_char_unsigned_short_unsigned_char_unsigned_short_i_715' <Predicate = true> <Delay = 0.00>
ST_7 : Operation 398 [1/1] (0.00ns)   --->   "%mxm_execute_ursa_signed_char_unsigned_short_unsigned_char_unsigned_short_i_716 = load i8 %mxm_execute_ursa_signed_char_unsigned_short_unsigned_char_unsigned_short_i_548"   --->   Operation 398 'load' 'mxm_execute_ursa_signed_char_unsigned_short_unsigned_char_unsigned_short_i_716' <Predicate = true> <Delay = 0.00>
ST_7 : Operation 399 [1/1] (0.00ns)   --->   "%mxm_execute_ursa_signed_char_unsigned_short_unsigned_char_unsigned_short_i_717 = load i8 %mxm_execute_ursa_signed_char_unsigned_short_unsigned_char_unsigned_short_i_549"   --->   Operation 399 'load' 'mxm_execute_ursa_signed_char_unsigned_short_unsigned_char_unsigned_short_i_717' <Predicate = true> <Delay = 0.00>
ST_7 : Operation 400 [1/1] (0.00ns)   --->   "%mxm_execute_ursa_signed_char_unsigned_short_unsigned_char_unsigned_short_i_718 = load i8 %mxm_execute_ursa_signed_char_unsigned_short_unsigned_char_unsigned_short_i_550"   --->   Operation 400 'load' 'mxm_execute_ursa_signed_char_unsigned_short_unsigned_char_unsigned_short_i_718' <Predicate = true> <Delay = 0.00>
ST_7 : Operation 401 [1/1] (0.00ns)   --->   "%mxm_execute_ursa_signed_char_unsigned_short_unsigned_char_unsigned_short_i_719 = load i8 %mxm_execute_ursa_signed_char_unsigned_short_unsigned_char_unsigned_short_i_551"   --->   Operation 401 'load' 'mxm_execute_ursa_signed_char_unsigned_short_unsigned_char_unsigned_short_i_719' <Predicate = true> <Delay = 0.00>
ST_7 : Operation 402 [1/1] (0.00ns)   --->   "%mxm_execute_ursa_signed_char_unsigned_short_unsigned_char_unsigned_short_i_720 = load i8 %mxm_execute_ursa_signed_char_unsigned_short_unsigned_char_unsigned_short_i_552"   --->   Operation 402 'load' 'mxm_execute_ursa_signed_char_unsigned_short_unsigned_char_unsigned_short_i_720' <Predicate = true> <Delay = 0.00>
ST_7 : Operation 403 [1/1] (0.00ns)   --->   "%mxm_execute_ursa_signed_char_unsigned_short_unsigned_char_unsigned_short_i_721 = load i8 %mxm_execute_ursa_signed_char_unsigned_short_unsigned_char_unsigned_short_i_553"   --->   Operation 403 'load' 'mxm_execute_ursa_signed_char_unsigned_short_unsigned_char_unsigned_short_i_721' <Predicate = true> <Delay = 0.00>
ST_7 : Operation 404 [1/1] (0.00ns)   --->   "%mxm_execute_ursa_signed_char_unsigned_short_unsigned_char_unsigned_short_i_722 = load i8 %mxm_execute_ursa_signed_char_unsigned_short_unsigned_char_unsigned_short_i_554"   --->   Operation 404 'load' 'mxm_execute_ursa_signed_char_unsigned_short_unsigned_char_unsigned_short_i_722' <Predicate = true> <Delay = 0.00>
ST_7 : Operation 405 [1/1] (0.00ns)   --->   "%mxm_execute_ursa_signed_char_unsigned_short_unsigned_char_unsigned_short_i_723 = load i8 %mxm_execute_ursa_signed_char_unsigned_short_unsigned_char_unsigned_short_i_555"   --->   Operation 405 'load' 'mxm_execute_ursa_signed_char_unsigned_short_unsigned_char_unsigned_short_i_723' <Predicate = true> <Delay = 0.00>
ST_7 : Operation 406 [1/1] (0.00ns)   --->   "%mxm_execute_ursa_signed_char_unsigned_short_unsigned_char_unsigned_short_i_724 = load i8 %mxm_execute_ursa_signed_char_unsigned_short_unsigned_char_unsigned_short_i_556"   --->   Operation 406 'load' 'mxm_execute_ursa_signed_char_unsigned_short_unsigned_char_unsigned_short_i_724' <Predicate = true> <Delay = 0.00>
ST_7 : Operation 407 [1/1] (0.00ns)   --->   "%mxm_execute_ursa_signed_char_unsigned_short_unsigned_char_unsigned_short_i_725 = load i8 %mxm_execute_ursa_signed_char_unsigned_short_unsigned_char_unsigned_short_i_557"   --->   Operation 407 'load' 'mxm_execute_ursa_signed_char_unsigned_short_unsigned_char_unsigned_short_i_725' <Predicate = true> <Delay = 0.00>
ST_7 : Operation 408 [2/2] (5.58ns)   --->   "%call_ln334 = call void @mxm_execute_ursa_Pipeline_VITIS_LOOP_341_4, i8 %mxm_execute_ursa_signed_char_unsigned_short_unsigned_char_unsigned_short_i_725, i8 %mxm_execute_ursa_signed_char_unsigned_short_unsigned_char_unsigned_short_i_724, i8 %mxm_execute_ursa_signed_char_unsigned_short_unsigned_char_unsigned_short_i_723, i8 %mxm_execute_ursa_signed_char_unsigned_short_unsigned_char_unsigned_short_i_722, i8 %mxm_execute_ursa_signed_char_unsigned_short_unsigned_char_unsigned_short_i_721, i8 %mxm_execute_ursa_signed_char_unsigned_short_unsigned_char_unsigned_short_i_720, i8 %mxm_execute_ursa_signed_char_unsigned_short_unsigned_char_unsigned_short_i_719, i8 %mxm_execute_ursa_signed_char_unsigned_short_unsigned_char_unsigned_short_i_718, i8 %mxm_execute_ursa_signed_char_unsigned_short_unsigned_char_unsigned_short_i_717, i8 %mxm_execute_ursa_signed_char_unsigned_short_unsigned_char_unsigned_short_i_716, i8 %mxm_execute_ursa_signed_char_unsigned_short_unsigned_char_unsigned_short_i_715, i8 %mxm_execute_ursa_signed_char_unsigned_short_unsigned_char_unsigned_short_i_714, i8 %mxm_execute_ursa_signed_char_unsigned_short_unsigned_char_unsigned_short_i_713, i8 %mxm_execute_ursa_signed_char_unsigned_short_unsigned_char_unsigned_short_i_712, i8 %mxm_execute_ursa_signed_char_unsigned_short_unsigned_char_unsigned_short_i_711, i8 %mxm_execute_ursa_signed_char_unsigned_short_unsigned_char_unsigned_short_i_710, i8 %mxm_execute_ursa_signed_char_unsigned_short_unsigned_char_unsigned_short_i_709, i8 %mxm_execute_ursa_signed_char_unsigned_short_unsigned_char_unsigned_short_i_708, i8 %mxm_execute_ursa_signed_char_unsigned_short_unsigned_char_unsigned_short_i_707, i8 %mxm_execute_ursa_signed_char_unsigned_short_unsigned_char_unsigned_short_i_706, i8 %mxm_execute_ursa_signed_char_unsigned_short_unsigned_char_unsigned_short_i_705, i8 %mxm_execute_ursa_signed_char_unsigned_short_unsigned_char_unsigned_short_i_704, i8 %mxm_execute_ursa_signed_char_unsigned_short_unsigned_char_unsigned_short_i_703, i8 %mxm_execute_ursa_signed_char_unsigned_short_unsigned_char_unsigned_short_i_702, i8 %mxm_execute_ursa_signed_char_unsigned_short_unsigned_char_unsigned_short_i_701, i8 %mxm_execute_ursa_signed_char_unsigned_short_unsigned_char_unsigned_short_i_700, i8 %mxm_execute_ursa_signed_char_unsigned_short_unsigned_char_unsigned_short_i_699, i8 %mxm_execute_ursa_signed_char_unsigned_short_unsigned_char_unsigned_short_i_698, i8 %mxm_execute_ursa_signed_char_unsigned_short_unsigned_char_unsigned_short_i_697, i8 %mxm_execute_ursa_signed_char_unsigned_short_unsigned_char_unsigned_short_i_696, i8 %mxm_execute_ursa_signed_char_unsigned_short_unsigned_char_unsigned_short_i_695, i8 %mxm_execute_ursa_signed_char_unsigned_short_unsigned_char_unsigned_short_i_694, i8 %mxm_execute_ursa_signed_char_unsigned_short_unsigned_char_unsigned_short_i_693, i8 %mxm_execute_ursa_signed_char_unsigned_short_unsigned_char_unsigned_short_i_692, i8 %mxm_execute_ursa_signed_char_unsigned_short_unsigned_char_unsigned_short_i_691, i8 %mxm_execute_ursa_signed_char_unsigned_short_unsigned_char_unsigned_short_i_690, i8 %mxm_execute_ursa_signed_char_unsigned_short_unsigned_char_unsigned_short_i_689, i8 %mxm_execute_ursa_signed_char_unsigned_short_unsigned_char_unsigned_short_i_688, i8 %mxm_execute_ursa_signed_char_unsigned_short_unsigned_char_unsigned_short_i_687, i8 %mxm_execute_ursa_signed_char_unsigned_short_unsigned_char_unsigned_short_i_686, i8 %mxm_execute_ursa_signed_char_unsigned_short_unsigned_char_unsigned_short_i_685, i8 %mxm_execute_ursa_signed_char_unsigned_short_unsigned_char_unsigned_short_i_684, i8 %mxm_execute_ursa_signed_char_unsigned_short_unsigned_char_unsigned_short_i_683, i8 %mxm_execute_ursa_signed_char_unsigned_short_unsigned_char_unsigned_short_i_682, i8 %mxm_execute_ursa_signed_char_unsigned_short_unsigned_char_unsigned_short_i_681, i8 %mxm_execute_ursa_signed_char_unsigned_short_unsigned_char_unsigned_short_i_680, i8 %mxm_execute_ursa_signed_char_unsigned_short_unsigned_char_unsigned_short_i_679, i8 %mxm_execute_ursa_signed_char_unsigned_short_unsigned_char_unsigned_short_i_678, i8 %mxm_execute_ursa_signed_char_unsigned_short_unsigned_char_unsigned_short_i_677, i8 %mxm_execute_ursa_signed_char_unsigned_short_unsigned_char_unsigned_short_i_676, i8 %mxm_execute_ursa_signed_char_unsigned_short_unsigned_char_unsigned_short_i_675, i8 %mxm_execute_ursa_signed_char_unsigned_short_unsigned_char_unsigned_short_i_674, i8 %mxm_execute_ursa_signed_char_unsigned_short_unsigned_char_unsigned_short_i_673, i8 %mxm_execute_ursa_signed_char_unsigned_short_unsigned_char_unsigned_short_i_672, i8 %mxm_execute_ursa_signed_char_unsigned_short_unsigned_char_unsigned_short_i_671, i8 %mxm_execute_ursa_signed_char_unsigned_short_unsigned_char_unsigned_short_i_670, i8 %aw, i16 %base_col_A, i16 %m_read, i13 %trunc_ln312, i16 %a0_p_read, i16 %m_read, i64 %addr_a0_read, i32 %add_ln330, i8 %mxm_execute_ursa_signed_char_unsigned_short_unsigned_char_unsigned_short_i_613, i8 %mxm_execute_ursa_signed_char_unsigned_short_unsigned_char_unsigned_short_i_612, i8 %mxm_execute_ursa_signed_char_unsigned_short_unsigned_char_unsigned_short_i_611, i8 %mxm_execute_ursa_signed_char_unsigned_short_unsigned_char_unsigned_short_i_610, i8 %mxm_execute_ursa_signed_char_unsigned_short_unsigned_char_unsigned_short_i_609, i8 %mxm_execute_ursa_signed_char_unsigned_short_unsigned_char_unsigned_short_i_608, i8 %mxm_execute_ursa_signed_char_unsigned_short_unsigned_char_unsigned_short_i_607, i8 %mxm_execute_ursa_signed_char_unsigned_short_unsigned_char_unsigned_short_i_606, i8 %mxm_execute_ursa_signed_char_unsigned_short_unsigned_char_unsigned_short_i_605, i8 %mxm_execute_ursa_signed_char_unsigned_short_unsigned_char_unsigned_short_i_604, i8 %mxm_execute_ursa_signed_char_unsigned_short_unsigned_char_unsigned_short_i_603, i8 %mxm_execute_ursa_signed_char_unsigned_short_unsigned_char_unsigned_short_i_602, i8 %mxm_execute_ursa_signed_char_unsigned_short_unsigned_char_unsigned_short_i_601, i8 %mxm_execute_ursa_signed_char_unsigned_short_unsigned_char_unsigned_short_i_600, i8 %mxm_execute_ursa_signed_char_unsigned_short_unsigned_char_unsigned_short_i_599, i8 %mxm_execute_ursa_signed_char_unsigned_short_unsigned_char_unsigned_short_i_598, i8 %mxm_execute_ursa_signed_char_unsigned_short_unsigned_char_unsigned_short_i_597, i8 %mxm_execute_ursa_signed_char_unsigned_short_unsigned_char_unsigned_short_i_596, i8 %mxm_execute_ursa_signed_char_unsigned_short_unsigned_char_unsigned_short_i_595, i8 %mxm_execute_ursa_signed_char_unsigned_short_unsigned_char_unsigned_short_i_594, i8 %mxm_execute_ursa_signed_char_unsigned_short_unsigned_char_unsigned_short_i_593, i8 %mxm_execute_ursa_signed_char_unsigned_short_unsigned_char_unsigned_short_i_592, i8 %mxm_execute_ursa_signed_char_unsigned_short_unsigned_char_unsigned_short_i_591, i8 %mxm_execute_ursa_signed_char_unsigned_short_unsigned_char_unsigned_short_i_590, i8 %mxm_execute_ursa_signed_char_unsigned_short_unsigned_char_unsigned_short_i_589, i8 %mxm_execute_ursa_signed_char_unsigned_short_unsigned_char_unsigned_short_i_588, i8 %mxm_execute_ursa_signed_char_unsigned_short_unsigned_char_unsigned_short_i_587, i8 %mxm_execute_ursa_signed_char_unsigned_short_unsigned_char_unsigned_short_i_586, i8 %mxm_execute_ursa_signed_char_unsigned_short_unsigned_char_unsigned_short_i_585, i8 %mxm_execute_ursa_signed_char_unsigned_short_unsigned_char_unsigned_short_i_584, i8 %mxm_execute_ursa_signed_char_unsigned_short_unsigned_char_unsigned_short_i_583, i8 %mxm_execute_ursa_signed_char_unsigned_short_unsigned_char_unsigned_short_i_582, i8 %mxm_execute_ursa_signed_char_unsigned_short_unsigned_char_unsigned_short_i_581, i8 %mxm_execute_ursa_signed_char_unsigned_short_unsigned_char_unsigned_short_i_580, i8 %mxm_execute_ursa_signed_char_unsigned_short_unsigned_char_unsigned_short_i_579, i8 %mxm_execute_ursa_signed_char_unsigned_short_unsigned_char_unsigned_short_i_578, i8 %mxm_execute_ursa_signed_char_unsigned_short_unsigned_char_unsigned_short_i_577, i8 %mxm_execute_ursa_signed_char_unsigned_short_unsigned_char_unsigned_short_i_576, i8 %mxm_execute_ursa_signed_char_unsigned_short_unsigned_char_unsigned_short_i_575, i8 %mxm_execute_ursa_signed_char_unsigned_short_unsigned_char_unsigned_short_i_574, i8 %mxm_execute_ursa_signed_char_unsigned_short_unsigned_char_unsigned_short_i_573, i8 %mxm_execute_ursa_signed_char_unsigned_short_unsigned_char_unsigned_short_i_572, i8 %mxm_execute_ursa_signed_char_unsigned_short_unsigned_char_unsigned_short_i_571, i8 %mxm_execute_ursa_signed_char_unsigned_short_unsigned_char_unsigned_short_i_570, i8 %mxm_execute_ursa_signed_char_unsigned_short_unsigned_char_unsigned_short_i_569, i8 %mxm_execute_ursa_signed_char_unsigned_short_unsigned_char_unsigned_short_i_568, i8 %mxm_execute_ursa_signed_char_unsigned_short_unsigned_char_unsigned_short_i_567, i8 %mxm_execute_ursa_signed_char_unsigned_short_unsigned_char_unsigned_short_i_566, i8 %mxm_execute_ursa_signed_char_unsigned_short_unsigned_char_unsigned_short_i_565, i8 %mxm_execute_ursa_signed_char_unsigned_short_unsigned_char_unsigned_short_i_564, i8 %mxm_execute_ursa_signed_char_unsigned_short_unsigned_char_unsigned_short_i_563, i8 %mxm_execute_ursa_signed_char_unsigned_short_unsigned_char_unsigned_short_i_562, i8 %mxm_execute_ursa_signed_char_unsigned_short_unsigned_char_unsigned_short_i_561, i8 %mxm_execute_ursa_signed_char_unsigned_short_unsigned_char_unsigned_short_i_560, i8 %mxm_execute_ursa_signed_char_unsigned_short_unsigned_char_unsigned_short_i_559, i8 %mxm_execute_ursa_signed_char_unsigned_short_unsigned_char_unsigned_short_i_558, i1 %cmp15_7_i_phi_loc, i1 %cmp15_6_i_phi_loc, i1 %cmp15_5_i_phi_loc, i1 %cmp15_4_i_phi_loc, i1 %cmp15_3_i_phi_loc, i1 %cmp15_2_i_phi_loc, i1 %cmp15_1_i_phi_loc, i1 %cmp15_i_phi_loc, i8 %mxm_execute_ursa_signed_char_unsigned_short_unsigned_char_unsigned_short_i_39, i8 %mxm_execute_ursa_signed_char_unsigned_short_unsigned_char_unsigned_short_i_40, i8 %mxm_execute_ursa_signed_char_unsigned_short_unsigned_char_unsigned_short_i_41, i8 %mxm_execute_ursa_signed_char_unsigned_short_unsigned_char_unsigned_short_i_42, i8 %mxm_execute_ursa_signed_char_unsigned_short_unsigned_char_unsigned_short_i_44, i8 %mxm_execute_ursa_signed_char_unsigned_short_unsigned_char_unsigned_short_i_45, i8 %mxm_execute_ursa_signed_char_unsigned_short_unsigned_char_unsigned_short_i_46, i8 %mxm_execute_ursa_signed_char_unsigned_short_unsigned_char_unsigned_short_i_47, i8 %mxm_execute_ursa_signed_char_unsigned_short_unsigned_char_unsigned_short_i_234, i8 %mxm_execute_ursa_signed_char_unsigned_short_unsigned_char_unsigned_short_i_233, i8 %mxm_execute_ursa_signed_char_unsigned_short_unsigned_char_unsigned_short_i_231, i8 %mxm_execute_ursa_signed_char_unsigned_short_unsigned_char_unsigned_short_i_230, i8 %mxm_execute_ursa_signed_char_unsigned_short_unsigned_char_unsigned_short_i_229, i8 %mxm_execute_ursa_signed_char_unsigned_short_unsigned_char_unsigned_short_i_228, i8 %mxm_execute_ursa_signed_char_unsigned_short_unsigned_char_unsigned_short_i_227, i8 %mxm_execute_ursa_signed_char_unsigned_short_unsigned_char_unsigned_short_i_226, i8 %mxm_execute_ursa_signed_char_unsigned_short_unsigned_char_unsigned_short_i_48, i8 %mxm_execute_ursa_signed_char_unsigned_short_unsigned_char_unsigned_short_i_49, i8 %mxm_execute_ursa_signed_char_unsigned_short_unsigned_char_unsigned_short_i_50, i8 %mxm_execute_ursa_signed_char_unsigned_short_unsigned_char_unsigned_short_i_51, i8 %mxm_execute_ursa_signed_char_unsigned_short_unsigned_char_unsigned_short_i_52, i8 %mxm_execute_ursa_signed_char_unsigned_short_unsigned_char_unsigned_short_i_53, i8 %mxm_execute_ursa_signed_char_unsigned_short_unsigned_char_unsigned_short_i_55, i8 %mxm_execute_ursa_signed_char_unsigned_short_unsigned_char_unsigned_short_i_56, i8 %mxm_execute_ursa_signed_char_unsigned_short_unsigned_char_unsigned_short_i_225, i8 %mxm_execute_ursa_signed_char_unsigned_short_unsigned_char_unsigned_short_i_224, i8 %mxm_execute_ursa_signed_char_unsigned_short_unsigned_char_unsigned_short_i_223, i8 %mxm_execute_ursa_signed_char_unsigned_short_unsigned_char_unsigned_short_i_222, i8 %mxm_execute_ursa_signed_char_unsigned_short_unsigned_char_unsigned_short_i_220, i8 %mxm_execute_ursa_signed_char_unsigned_short_unsigned_char_unsigned_short_i_219, i8 %mxm_execute_ursa_signed_char_unsigned_short_unsigned_char_unsigned_short_i_218, i8 %mxm_execute_ursa_signed_char_unsigned_short_unsigned_char_unsigned_short_i_217, i8 %mxm_execute_ursa_signed_char_unsigned_short_unsigned_char_unsigned_short_i_57, i8 %mxm_execute_ursa_signed_char_unsigned_short_unsigned_char_unsigned_short_i_58, i8 %mxm_execute_ursa_signed_char_unsigned_short_unsigned_char_unsigned_short_i_59, i8 %mxm_execute_ursa_signed_char_unsigned_short_unsigned_char_unsigned_short_i_60, i8 %mxm_execute_ursa_signed_char_unsigned_short_unsigned_char_unsigned_short_i_61, i8 %mxm_execute_ursa_signed_char_unsigned_short_unsigned_char_unsigned_short_i_62, i8 %mxm_execute_ursa_signed_char_unsigned_short_unsigned_char_unsigned_short_i_63, i8 %mxm_execute_ursa_signed_char_unsigned_short_unsigned_char_unsigned_short_i_64, i8 %mxm_execute_ursa_signed_char_unsigned_short_unsigned_char_unsigned_short_i_216, i8 %mxm_execute_ursa_signed_char_unsigned_short_unsigned_char_unsigned_short_i_215, i8 %mxm_execute_ursa_signed_char_unsigned_short_unsigned_char_unsigned_short_i_214, i8 %mxm_execute_ursa_signed_char_unsigned_short_unsigned_char_unsigned_short_i_213, i8 %mxm_execute_ursa_signed_char_unsigned_short_unsigned_char_unsigned_short_i_212, i8 %mxm_execute_ursa_signed_char_unsigned_short_unsigned_char_unsigned_short_i_211, i8 %mxm_execute_ursa_signed_char_unsigned_short_unsigned_char_unsigned_short_i_209, i8 %mxm_execute_ursa_signed_char_unsigned_short_unsigned_char_unsigned_short_i_208, i8 %mxm_execute_ursa_signed_char_unsigned_short_unsigned_char_unsigned_short_i_66, i8 %mxm_execute_ursa_signed_char_unsigned_short_unsigned_char_unsigned_short_i_67, i8 %mxm_execute_ursa_signed_char_unsigned_short_unsigned_char_unsigned_short_i_68, i8 %mxm_execute_ursa_signed_char_unsigned_short_unsigned_char_unsigned_short_i_69, i8 %mxm_execute_ursa_signed_char_unsigned_short_unsigned_char_unsigned_short_i_70, i8 %mxm_execute_ursa_signed_char_unsigned_short_unsigned_char_unsigned_short_i_71, i8 %mxm_execute_ursa_signed_char_unsigned_short_unsigned_char_unsigned_short_i_72, i8 %mxm_execute_ursa_signed_char_unsigned_short_unsigned_char_unsigned_short_i_73, i8 %mxm_execute_ursa_signed_char_unsigned_short_unsigned_char_unsigned_short_i_207, i8 %mxm_execute_ursa_signed_char_unsigned_short_unsigned_char_unsigned_short_i_206, i8 %mxm_execute_ursa_signed_char_unsigned_short_unsigned_char_unsigned_short_i_205, i8 %mxm_execute_ursa_signed_char_unsigned_short_unsigned_char_unsigned_short_i_204, i8 %mxm_execute_ursa_signed_char_unsigned_short_unsigned_char_unsigned_short_i_203, i8 %mxm_execute_ursa_signed_char_unsigned_short_unsigned_char_unsigned_short_i_202, i8 %mxm_execute_ursa_signed_char_unsigned_short_unsigned_char_unsigned_short_i_201, i8 %mxm_execute_ursa_signed_char_unsigned_short_unsigned_char_unsigned_short_i_200, i8 %mxm_execute_ursa_signed_char_unsigned_short_unsigned_char_unsigned_short_i_74, i8 %mxm_execute_ursa_signed_char_unsigned_short_unsigned_char_unsigned_short_i_75, i8 %mxm_execute_ursa_signed_char_unsigned_short_unsigned_char_unsigned_short_i_77, i8 %mxm_execute_ursa_signed_char_unsigned_short_unsigned_char_unsigned_short_i_78, i8 %mxm_execute_ursa_signed_char_unsigned_short_unsigned_char_unsigned_short_i_79, i8 %mxm_execute_ursa_signed_char_unsigned_short_unsigned_char_unsigned_short_i_80, i8 %mxm_execute_ursa_signed_char_unsigned_short_unsigned_char_unsigned_short_i_81, i8 %mxm_execute_ursa_signed_char_unsigned_short_unsigned_char_unsigned_short_i_82, i8 %mxm_execute_ursa_signed_char_unsigned_short_unsigned_char_unsigned_short_i_198, i8 %mxm_execute_ursa_signed_char_unsigned_short_unsigned_char_unsigned_short_i_197, i8 %mxm_execute_ursa_signed_char_unsigned_short_unsigned_char_unsigned_short_i_196, i8 %mxm_execute_ursa_signed_char_unsigned_short_unsigned_char_unsigned_short_i_195, i8 %mxm_execute_ursa_signed_char_unsigned_short_unsigned_char_unsigned_short_i_194, i8 %mxm_execute_ursa_signed_char_unsigned_short_unsigned_char_unsigned_short_i_193, i8 %mxm_execute_ursa_signed_char_unsigned_short_unsigned_char_unsigned_short_i_192, i8 %mxm_execute_ursa_signed_char_unsigned_short_unsigned_char_unsigned_short_i_191, i8 %mxm_execute_ursa_signed_char_unsigned_short_unsigned_char_unsigned_short_i_83, i8 %mxm_execute_ursa_signed_char_unsigned_short_unsigned_char_unsigned_short_i_84, i8 %mxm_execute_ursa_signed_char_unsigned_short_unsigned_char_unsigned_short_i_85, i8 %mxm_execute_ursa_signed_char_unsigned_short_unsigned_char_unsigned_short_i_86, i8 %mxm_execute_ursa_signed_char_unsigned_short_unsigned_char_unsigned_short_i_88, i8 %mxm_execute_ursa_signed_char_unsigned_short_unsigned_char_unsigned_short_i_89, i8 %mxm_execute_ursa_signed_char_unsigned_short_unsigned_char_unsigned_short_i_96, i8 %mxm_execute_ursa_signed_char_unsigned_short_unsigned_char_unsigned_short_i_243, i8 %mxm_execute_ursa_signed_char_unsigned_short_unsigned_char_unsigned_short_i_190, i8 %mxm_execute_ursa_signed_char_unsigned_short_unsigned_char_unsigned_short_i_189, i8 %mxm_execute_ursa_signed_char_unsigned_short_unsigned_char_unsigned_short_i_187, i8 %mxm_execute_ursa_signed_char_unsigned_short_unsigned_char_unsigned_short_i_186, i8 %mxm_execute_ursa_signed_char_unsigned_short_unsigned_char_unsigned_short_i_185, i8 %mxm_execute_ursa_signed_char_unsigned_short_unsigned_char_unsigned_short_i_184, i8 %mxm_execute_ursa_signed_char_unsigned_short_unsigned_char_unsigned_short_i_183, i8 %mxm_execute_ursa_signed_char_unsigned_short_unsigned_char_unsigned_short_i_182, i8 %mxm_execute_ursa_signed_char_unsigned_short_unsigned_char_unsigned_short_i_232, i8 %mxm_execute_ursa_signed_char_unsigned_short_unsigned_char_unsigned_short_i_221, i8 %mxm_execute_ursa_signed_char_unsigned_short_unsigned_char_unsigned_short_i_210, i8 %mxm_execute_ursa_signed_char_unsigned_short_unsigned_char_unsigned_short_i_199, i8 %mxm_execute_ursa_signed_char_unsigned_short_unsigned_char_unsigned_short_i_188, i8 %mxm_execute_ursa_signed_char_unsigned_short_unsigned_char_unsigned_short_i_177, i8 %mxm_execute_ursa_signed_char_unsigned_short_unsigned_char_unsigned_short_i_10, i8 %mxm_execute_ursa_signed_char_unsigned_short_unsigned_char_unsigned_short_i_21, i8 %mxm_execute_ursa_signed_char_unsigned_short_unsigned_char_unsigned_short_i_181, i8 %mxm_execute_ursa_signed_char_unsigned_short_unsigned_char_unsigned_short_i_180, i8 %mxm_execute_ursa_signed_char_unsigned_short_unsigned_char_unsigned_short_i_179, i8 %mxm_execute_ursa_signed_char_unsigned_short_unsigned_char_unsigned_short_i_178, i8 %mxm_execute_ursa_signed_char_unsigned_short_unsigned_char_unsigned_short_i_4, i8 %mxm_execute_ursa_signed_char_unsigned_short_unsigned_char_unsigned_short_i_13, i8 %mxm_execute_ursa_signed_char_unsigned_short_unsigned_char_unsigned_short_i_22, i8 %mxm_execute_ursa_signed_char_unsigned_short_unsigned_char_unsigned_short_i_30, i8 %mxm_execute_ursa_signed_char_unsigned_short_unsigned_char_unsigned_short_i_32, i8 %mxm_execute_ursa_signed_char_unsigned_short_unsigned_char_unsigned_short_i_43, i8 %mxm_execute_ursa_signed_char_unsigned_short_unsigned_char_unsigned_short_i_54, i8 %mxm_execute_ursa_signed_char_unsigned_short_unsigned_char_unsigned_short_i_65, i8 %mxm_execute_ursa_signed_char_unsigned_short_unsigned_char_unsigned_short_i_76, i8 %mxm_execute_ursa_signed_char_unsigned_short_unsigned_char_unsigned_short_i_87, i8 %mxm_execute_ursa_signed_char_unsigned_short_unsigned_char_unsigned_short_i_176, i8 %mxm_execute_ursa_signed_char_unsigned_short_unsigned_char_unsigned_short_i_175" [/home/fi/Documents/GitHub/ursa/exp/ursa_ws/src/core/shell.cpp:334]   --->   Operation 408 'call' 'call_ln334' <Predicate = true> <Delay = 5.58> <CoreType = "Generic">   --->   Core 0 '' <Latency = 0> <II = 1> <Delay = 1.00> <Generic> <Opcode : >
ST_7 : Operation 409 [1/1] (0.00ns)   --->   "%shl_ln = bitconcatenate i32 @_ssdm_op_BitConcatenate.i32.i29.i3, i29 %mul_ln331, i3 0" [/home/fi/Documents/GitHub/ursa/exp/ursa_ws/src/core/shell.cpp:331]   --->   Operation 409 'bitconcatenate' 'shl_ln' <Predicate = true> <Delay = 0.00>
ST_7 : Operation 410 [1/1] (2.55ns)   --->   "%add_ln331 = add i32 %shl_ln, i32 %base_col_B_cast" [/home/fi/Documents/GitHub/ursa/exp/ursa_ws/src/core/shell.cpp:331]   --->   Operation 410 'add' 'add_ln331' <Predicate = true> <Delay = 2.55> <CoreInst = "Adder">   --->   Core 1 'Adder' <Latency = 0> <II = 1> <Delay = 2.55> <FuncUnit> <Opcode : 'add' 'sub'> <InPorts = 2> <OutPorts = 1>

State 8 <SV = 7> <Delay = 0.00>
ST_8 : Operation 411 [1/2] (0.00ns)   --->   "%call_ln334 = call void @mxm_execute_ursa_Pipeline_VITIS_LOOP_341_4, i8 %mxm_execute_ursa_signed_char_unsigned_short_unsigned_char_unsigned_short_i_725, i8 %mxm_execute_ursa_signed_char_unsigned_short_unsigned_char_unsigned_short_i_724, i8 %mxm_execute_ursa_signed_char_unsigned_short_unsigned_char_unsigned_short_i_723, i8 %mxm_execute_ursa_signed_char_unsigned_short_unsigned_char_unsigned_short_i_722, i8 %mxm_execute_ursa_signed_char_unsigned_short_unsigned_char_unsigned_short_i_721, i8 %mxm_execute_ursa_signed_char_unsigned_short_unsigned_char_unsigned_short_i_720, i8 %mxm_execute_ursa_signed_char_unsigned_short_unsigned_char_unsigned_short_i_719, i8 %mxm_execute_ursa_signed_char_unsigned_short_unsigned_char_unsigned_short_i_718, i8 %mxm_execute_ursa_signed_char_unsigned_short_unsigned_char_unsigned_short_i_717, i8 %mxm_execute_ursa_signed_char_unsigned_short_unsigned_char_unsigned_short_i_716, i8 %mxm_execute_ursa_signed_char_unsigned_short_unsigned_char_unsigned_short_i_715, i8 %mxm_execute_ursa_signed_char_unsigned_short_unsigned_char_unsigned_short_i_714, i8 %mxm_execute_ursa_signed_char_unsigned_short_unsigned_char_unsigned_short_i_713, i8 %mxm_execute_ursa_signed_char_unsigned_short_unsigned_char_unsigned_short_i_712, i8 %mxm_execute_ursa_signed_char_unsigned_short_unsigned_char_unsigned_short_i_711, i8 %mxm_execute_ursa_signed_char_unsigned_short_unsigned_char_unsigned_short_i_710, i8 %mxm_execute_ursa_signed_char_unsigned_short_unsigned_char_unsigned_short_i_709, i8 %mxm_execute_ursa_signed_char_unsigned_short_unsigned_char_unsigned_short_i_708, i8 %mxm_execute_ursa_signed_char_unsigned_short_unsigned_char_unsigned_short_i_707, i8 %mxm_execute_ursa_signed_char_unsigned_short_unsigned_char_unsigned_short_i_706, i8 %mxm_execute_ursa_signed_char_unsigned_short_unsigned_char_unsigned_short_i_705, i8 %mxm_execute_ursa_signed_char_unsigned_short_unsigned_char_unsigned_short_i_704, i8 %mxm_execute_ursa_signed_char_unsigned_short_unsigned_char_unsigned_short_i_703, i8 %mxm_execute_ursa_signed_char_unsigned_short_unsigned_char_unsigned_short_i_702, i8 %mxm_execute_ursa_signed_char_unsigned_short_unsigned_char_unsigned_short_i_701, i8 %mxm_execute_ursa_signed_char_unsigned_short_unsigned_char_unsigned_short_i_700, i8 %mxm_execute_ursa_signed_char_unsigned_short_unsigned_char_unsigned_short_i_699, i8 %mxm_execute_ursa_signed_char_unsigned_short_unsigned_char_unsigned_short_i_698, i8 %mxm_execute_ursa_signed_char_unsigned_short_unsigned_char_unsigned_short_i_697, i8 %mxm_execute_ursa_signed_char_unsigned_short_unsigned_char_unsigned_short_i_696, i8 %mxm_execute_ursa_signed_char_unsigned_short_unsigned_char_unsigned_short_i_695, i8 %mxm_execute_ursa_signed_char_unsigned_short_unsigned_char_unsigned_short_i_694, i8 %mxm_execute_ursa_signed_char_unsigned_short_unsigned_char_unsigned_short_i_693, i8 %mxm_execute_ursa_signed_char_unsigned_short_unsigned_char_unsigned_short_i_692, i8 %mxm_execute_ursa_signed_char_unsigned_short_unsigned_char_unsigned_short_i_691, i8 %mxm_execute_ursa_signed_char_unsigned_short_unsigned_char_unsigned_short_i_690, i8 %mxm_execute_ursa_signed_char_unsigned_short_unsigned_char_unsigned_short_i_689, i8 %mxm_execute_ursa_signed_char_unsigned_short_unsigned_char_unsigned_short_i_688, i8 %mxm_execute_ursa_signed_char_unsigned_short_unsigned_char_unsigned_short_i_687, i8 %mxm_execute_ursa_signed_char_unsigned_short_unsigned_char_unsigned_short_i_686, i8 %mxm_execute_ursa_signed_char_unsigned_short_unsigned_char_unsigned_short_i_685, i8 %mxm_execute_ursa_signed_char_unsigned_short_unsigned_char_unsigned_short_i_684, i8 %mxm_execute_ursa_signed_char_unsigned_short_unsigned_char_unsigned_short_i_683, i8 %mxm_execute_ursa_signed_char_unsigned_short_unsigned_char_unsigned_short_i_682, i8 %mxm_execute_ursa_signed_char_unsigned_short_unsigned_char_unsigned_short_i_681, i8 %mxm_execute_ursa_signed_char_unsigned_short_unsigned_char_unsigned_short_i_680, i8 %mxm_execute_ursa_signed_char_unsigned_short_unsigned_char_unsigned_short_i_679, i8 %mxm_execute_ursa_signed_char_unsigned_short_unsigned_char_unsigned_short_i_678, i8 %mxm_execute_ursa_signed_char_unsigned_short_unsigned_char_unsigned_short_i_677, i8 %mxm_execute_ursa_signed_char_unsigned_short_unsigned_char_unsigned_short_i_676, i8 %mxm_execute_ursa_signed_char_unsigned_short_unsigned_char_unsigned_short_i_675, i8 %mxm_execute_ursa_signed_char_unsigned_short_unsigned_char_unsigned_short_i_674, i8 %mxm_execute_ursa_signed_char_unsigned_short_unsigned_char_unsigned_short_i_673, i8 %mxm_execute_ursa_signed_char_unsigned_short_unsigned_char_unsigned_short_i_672, i8 %mxm_execute_ursa_signed_char_unsigned_short_unsigned_char_unsigned_short_i_671, i8 %mxm_execute_ursa_signed_char_unsigned_short_unsigned_char_unsigned_short_i_670, i8 %aw, i16 %base_col_A, i16 %m_read, i13 %trunc_ln312, i16 %a0_p_read, i16 %m_read, i64 %addr_a0_read, i32 %add_ln330, i8 %mxm_execute_ursa_signed_char_unsigned_short_unsigned_char_unsigned_short_i_613, i8 %mxm_execute_ursa_signed_char_unsigned_short_unsigned_char_unsigned_short_i_612, i8 %mxm_execute_ursa_signed_char_unsigned_short_unsigned_char_unsigned_short_i_611, i8 %mxm_execute_ursa_signed_char_unsigned_short_unsigned_char_unsigned_short_i_610, i8 %mxm_execute_ursa_signed_char_unsigned_short_unsigned_char_unsigned_short_i_609, i8 %mxm_execute_ursa_signed_char_unsigned_short_unsigned_char_unsigned_short_i_608, i8 %mxm_execute_ursa_signed_char_unsigned_short_unsigned_char_unsigned_short_i_607, i8 %mxm_execute_ursa_signed_char_unsigned_short_unsigned_char_unsigned_short_i_606, i8 %mxm_execute_ursa_signed_char_unsigned_short_unsigned_char_unsigned_short_i_605, i8 %mxm_execute_ursa_signed_char_unsigned_short_unsigned_char_unsigned_short_i_604, i8 %mxm_execute_ursa_signed_char_unsigned_short_unsigned_char_unsigned_short_i_603, i8 %mxm_execute_ursa_signed_char_unsigned_short_unsigned_char_unsigned_short_i_602, i8 %mxm_execute_ursa_signed_char_unsigned_short_unsigned_char_unsigned_short_i_601, i8 %mxm_execute_ursa_signed_char_unsigned_short_unsigned_char_unsigned_short_i_600, i8 %mxm_execute_ursa_signed_char_unsigned_short_unsigned_char_unsigned_short_i_599, i8 %mxm_execute_ursa_signed_char_unsigned_short_unsigned_char_unsigned_short_i_598, i8 %mxm_execute_ursa_signed_char_unsigned_short_unsigned_char_unsigned_short_i_597, i8 %mxm_execute_ursa_signed_char_unsigned_short_unsigned_char_unsigned_short_i_596, i8 %mxm_execute_ursa_signed_char_unsigned_short_unsigned_char_unsigned_short_i_595, i8 %mxm_execute_ursa_signed_char_unsigned_short_unsigned_char_unsigned_short_i_594, i8 %mxm_execute_ursa_signed_char_unsigned_short_unsigned_char_unsigned_short_i_593, i8 %mxm_execute_ursa_signed_char_unsigned_short_unsigned_char_unsigned_short_i_592, i8 %mxm_execute_ursa_signed_char_unsigned_short_unsigned_char_unsigned_short_i_591, i8 %mxm_execute_ursa_signed_char_unsigned_short_unsigned_char_unsigned_short_i_590, i8 %mxm_execute_ursa_signed_char_unsigned_short_unsigned_char_unsigned_short_i_589, i8 %mxm_execute_ursa_signed_char_unsigned_short_unsigned_char_unsigned_short_i_588, i8 %mxm_execute_ursa_signed_char_unsigned_short_unsigned_char_unsigned_short_i_587, i8 %mxm_execute_ursa_signed_char_unsigned_short_unsigned_char_unsigned_short_i_586, i8 %mxm_execute_ursa_signed_char_unsigned_short_unsigned_char_unsigned_short_i_585, i8 %mxm_execute_ursa_signed_char_unsigned_short_unsigned_char_unsigned_short_i_584, i8 %mxm_execute_ursa_signed_char_unsigned_short_unsigned_char_unsigned_short_i_583, i8 %mxm_execute_ursa_signed_char_unsigned_short_unsigned_char_unsigned_short_i_582, i8 %mxm_execute_ursa_signed_char_unsigned_short_unsigned_char_unsigned_short_i_581, i8 %mxm_execute_ursa_signed_char_unsigned_short_unsigned_char_unsigned_short_i_580, i8 %mxm_execute_ursa_signed_char_unsigned_short_unsigned_char_unsigned_short_i_579, i8 %mxm_execute_ursa_signed_char_unsigned_short_unsigned_char_unsigned_short_i_578, i8 %mxm_execute_ursa_signed_char_unsigned_short_unsigned_char_unsigned_short_i_577, i8 %mxm_execute_ursa_signed_char_unsigned_short_unsigned_char_unsigned_short_i_576, i8 %mxm_execute_ursa_signed_char_unsigned_short_unsigned_char_unsigned_short_i_575, i8 %mxm_execute_ursa_signed_char_unsigned_short_unsigned_char_unsigned_short_i_574, i8 %mxm_execute_ursa_signed_char_unsigned_short_unsigned_char_unsigned_short_i_573, i8 %mxm_execute_ursa_signed_char_unsigned_short_unsigned_char_unsigned_short_i_572, i8 %mxm_execute_ursa_signed_char_unsigned_short_unsigned_char_unsigned_short_i_571, i8 %mxm_execute_ursa_signed_char_unsigned_short_unsigned_char_unsigned_short_i_570, i8 %mxm_execute_ursa_signed_char_unsigned_short_unsigned_char_unsigned_short_i_569, i8 %mxm_execute_ursa_signed_char_unsigned_short_unsigned_char_unsigned_short_i_568, i8 %mxm_execute_ursa_signed_char_unsigned_short_unsigned_char_unsigned_short_i_567, i8 %mxm_execute_ursa_signed_char_unsigned_short_unsigned_char_unsigned_short_i_566, i8 %mxm_execute_ursa_signed_char_unsigned_short_unsigned_char_unsigned_short_i_565, i8 %mxm_execute_ursa_signed_char_unsigned_short_unsigned_char_unsigned_short_i_564, i8 %mxm_execute_ursa_signed_char_unsigned_short_unsigned_char_unsigned_short_i_563, i8 %mxm_execute_ursa_signed_char_unsigned_short_unsigned_char_unsigned_short_i_562, i8 %mxm_execute_ursa_signed_char_unsigned_short_unsigned_char_unsigned_short_i_561, i8 %mxm_execute_ursa_signed_char_unsigned_short_unsigned_char_unsigned_short_i_560, i8 %mxm_execute_ursa_signed_char_unsigned_short_unsigned_char_unsigned_short_i_559, i8 %mxm_execute_ursa_signed_char_unsigned_short_unsigned_char_unsigned_short_i_558, i1 %cmp15_7_i_phi_loc, i1 %cmp15_6_i_phi_loc, i1 %cmp15_5_i_phi_loc, i1 %cmp15_4_i_phi_loc, i1 %cmp15_3_i_phi_loc, i1 %cmp15_2_i_phi_loc, i1 %cmp15_1_i_phi_loc, i1 %cmp15_i_phi_loc, i8 %mxm_execute_ursa_signed_char_unsigned_short_unsigned_char_unsigned_short_i_39, i8 %mxm_execute_ursa_signed_char_unsigned_short_unsigned_char_unsigned_short_i_40, i8 %mxm_execute_ursa_signed_char_unsigned_short_unsigned_char_unsigned_short_i_41, i8 %mxm_execute_ursa_signed_char_unsigned_short_unsigned_char_unsigned_short_i_42, i8 %mxm_execute_ursa_signed_char_unsigned_short_unsigned_char_unsigned_short_i_44, i8 %mxm_execute_ursa_signed_char_unsigned_short_unsigned_char_unsigned_short_i_45, i8 %mxm_execute_ursa_signed_char_unsigned_short_unsigned_char_unsigned_short_i_46, i8 %mxm_execute_ursa_signed_char_unsigned_short_unsigned_char_unsigned_short_i_47, i8 %mxm_execute_ursa_signed_char_unsigned_short_unsigned_char_unsigned_short_i_234, i8 %mxm_execute_ursa_signed_char_unsigned_short_unsigned_char_unsigned_short_i_233, i8 %mxm_execute_ursa_signed_char_unsigned_short_unsigned_char_unsigned_short_i_231, i8 %mxm_execute_ursa_signed_char_unsigned_short_unsigned_char_unsigned_short_i_230, i8 %mxm_execute_ursa_signed_char_unsigned_short_unsigned_char_unsigned_short_i_229, i8 %mxm_execute_ursa_signed_char_unsigned_short_unsigned_char_unsigned_short_i_228, i8 %mxm_execute_ursa_signed_char_unsigned_short_unsigned_char_unsigned_short_i_227, i8 %mxm_execute_ursa_signed_char_unsigned_short_unsigned_char_unsigned_short_i_226, i8 %mxm_execute_ursa_signed_char_unsigned_short_unsigned_char_unsigned_short_i_48, i8 %mxm_execute_ursa_signed_char_unsigned_short_unsigned_char_unsigned_short_i_49, i8 %mxm_execute_ursa_signed_char_unsigned_short_unsigned_char_unsigned_short_i_50, i8 %mxm_execute_ursa_signed_char_unsigned_short_unsigned_char_unsigned_short_i_51, i8 %mxm_execute_ursa_signed_char_unsigned_short_unsigned_char_unsigned_short_i_52, i8 %mxm_execute_ursa_signed_char_unsigned_short_unsigned_char_unsigned_short_i_53, i8 %mxm_execute_ursa_signed_char_unsigned_short_unsigned_char_unsigned_short_i_55, i8 %mxm_execute_ursa_signed_char_unsigned_short_unsigned_char_unsigned_short_i_56, i8 %mxm_execute_ursa_signed_char_unsigned_short_unsigned_char_unsigned_short_i_225, i8 %mxm_execute_ursa_signed_char_unsigned_short_unsigned_char_unsigned_short_i_224, i8 %mxm_execute_ursa_signed_char_unsigned_short_unsigned_char_unsigned_short_i_223, i8 %mxm_execute_ursa_signed_char_unsigned_short_unsigned_char_unsigned_short_i_222, i8 %mxm_execute_ursa_signed_char_unsigned_short_unsigned_char_unsigned_short_i_220, i8 %mxm_execute_ursa_signed_char_unsigned_short_unsigned_char_unsigned_short_i_219, i8 %mxm_execute_ursa_signed_char_unsigned_short_unsigned_char_unsigned_short_i_218, i8 %mxm_execute_ursa_signed_char_unsigned_short_unsigned_char_unsigned_short_i_217, i8 %mxm_execute_ursa_signed_char_unsigned_short_unsigned_char_unsigned_short_i_57, i8 %mxm_execute_ursa_signed_char_unsigned_short_unsigned_char_unsigned_short_i_58, i8 %mxm_execute_ursa_signed_char_unsigned_short_unsigned_char_unsigned_short_i_59, i8 %mxm_execute_ursa_signed_char_unsigned_short_unsigned_char_unsigned_short_i_60, i8 %mxm_execute_ursa_signed_char_unsigned_short_unsigned_char_unsigned_short_i_61, i8 %mxm_execute_ursa_signed_char_unsigned_short_unsigned_char_unsigned_short_i_62, i8 %mxm_execute_ursa_signed_char_unsigned_short_unsigned_char_unsigned_short_i_63, i8 %mxm_execute_ursa_signed_char_unsigned_short_unsigned_char_unsigned_short_i_64, i8 %mxm_execute_ursa_signed_char_unsigned_short_unsigned_char_unsigned_short_i_216, i8 %mxm_execute_ursa_signed_char_unsigned_short_unsigned_char_unsigned_short_i_215, i8 %mxm_execute_ursa_signed_char_unsigned_short_unsigned_char_unsigned_short_i_214, i8 %mxm_execute_ursa_signed_char_unsigned_short_unsigned_char_unsigned_short_i_213, i8 %mxm_execute_ursa_signed_char_unsigned_short_unsigned_char_unsigned_short_i_212, i8 %mxm_execute_ursa_signed_char_unsigned_short_unsigned_char_unsigned_short_i_211, i8 %mxm_execute_ursa_signed_char_unsigned_short_unsigned_char_unsigned_short_i_209, i8 %mxm_execute_ursa_signed_char_unsigned_short_unsigned_char_unsigned_short_i_208, i8 %mxm_execute_ursa_signed_char_unsigned_short_unsigned_char_unsigned_short_i_66, i8 %mxm_execute_ursa_signed_char_unsigned_short_unsigned_char_unsigned_short_i_67, i8 %mxm_execute_ursa_signed_char_unsigned_short_unsigned_char_unsigned_short_i_68, i8 %mxm_execute_ursa_signed_char_unsigned_short_unsigned_char_unsigned_short_i_69, i8 %mxm_execute_ursa_signed_char_unsigned_short_unsigned_char_unsigned_short_i_70, i8 %mxm_execute_ursa_signed_char_unsigned_short_unsigned_char_unsigned_short_i_71, i8 %mxm_execute_ursa_signed_char_unsigned_short_unsigned_char_unsigned_short_i_72, i8 %mxm_execute_ursa_signed_char_unsigned_short_unsigned_char_unsigned_short_i_73, i8 %mxm_execute_ursa_signed_char_unsigned_short_unsigned_char_unsigned_short_i_207, i8 %mxm_execute_ursa_signed_char_unsigned_short_unsigned_char_unsigned_short_i_206, i8 %mxm_execute_ursa_signed_char_unsigned_short_unsigned_char_unsigned_short_i_205, i8 %mxm_execute_ursa_signed_char_unsigned_short_unsigned_char_unsigned_short_i_204, i8 %mxm_execute_ursa_signed_char_unsigned_short_unsigned_char_unsigned_short_i_203, i8 %mxm_execute_ursa_signed_char_unsigned_short_unsigned_char_unsigned_short_i_202, i8 %mxm_execute_ursa_signed_char_unsigned_short_unsigned_char_unsigned_short_i_201, i8 %mxm_execute_ursa_signed_char_unsigned_short_unsigned_char_unsigned_short_i_200, i8 %mxm_execute_ursa_signed_char_unsigned_short_unsigned_char_unsigned_short_i_74, i8 %mxm_execute_ursa_signed_char_unsigned_short_unsigned_char_unsigned_short_i_75, i8 %mxm_execute_ursa_signed_char_unsigned_short_unsigned_char_unsigned_short_i_77, i8 %mxm_execute_ursa_signed_char_unsigned_short_unsigned_char_unsigned_short_i_78, i8 %mxm_execute_ursa_signed_char_unsigned_short_unsigned_char_unsigned_short_i_79, i8 %mxm_execute_ursa_signed_char_unsigned_short_unsigned_char_unsigned_short_i_80, i8 %mxm_execute_ursa_signed_char_unsigned_short_unsigned_char_unsigned_short_i_81, i8 %mxm_execute_ursa_signed_char_unsigned_short_unsigned_char_unsigned_short_i_82, i8 %mxm_execute_ursa_signed_char_unsigned_short_unsigned_char_unsigned_short_i_198, i8 %mxm_execute_ursa_signed_char_unsigned_short_unsigned_char_unsigned_short_i_197, i8 %mxm_execute_ursa_signed_char_unsigned_short_unsigned_char_unsigned_short_i_196, i8 %mxm_execute_ursa_signed_char_unsigned_short_unsigned_char_unsigned_short_i_195, i8 %mxm_execute_ursa_signed_char_unsigned_short_unsigned_char_unsigned_short_i_194, i8 %mxm_execute_ursa_signed_char_unsigned_short_unsigned_char_unsigned_short_i_193, i8 %mxm_execute_ursa_signed_char_unsigned_short_unsigned_char_unsigned_short_i_192, i8 %mxm_execute_ursa_signed_char_unsigned_short_unsigned_char_unsigned_short_i_191, i8 %mxm_execute_ursa_signed_char_unsigned_short_unsigned_char_unsigned_short_i_83, i8 %mxm_execute_ursa_signed_char_unsigned_short_unsigned_char_unsigned_short_i_84, i8 %mxm_execute_ursa_signed_char_unsigned_short_unsigned_char_unsigned_short_i_85, i8 %mxm_execute_ursa_signed_char_unsigned_short_unsigned_char_unsigned_short_i_86, i8 %mxm_execute_ursa_signed_char_unsigned_short_unsigned_char_unsigned_short_i_88, i8 %mxm_execute_ursa_signed_char_unsigned_short_unsigned_char_unsigned_short_i_89, i8 %mxm_execute_ursa_signed_char_unsigned_short_unsigned_char_unsigned_short_i_96, i8 %mxm_execute_ursa_signed_char_unsigned_short_unsigned_char_unsigned_short_i_243, i8 %mxm_execute_ursa_signed_char_unsigned_short_unsigned_char_unsigned_short_i_190, i8 %mxm_execute_ursa_signed_char_unsigned_short_unsigned_char_unsigned_short_i_189, i8 %mxm_execute_ursa_signed_char_unsigned_short_unsigned_char_unsigned_short_i_187, i8 %mxm_execute_ursa_signed_char_unsigned_short_unsigned_char_unsigned_short_i_186, i8 %mxm_execute_ursa_signed_char_unsigned_short_unsigned_char_unsigned_short_i_185, i8 %mxm_execute_ursa_signed_char_unsigned_short_unsigned_char_unsigned_short_i_184, i8 %mxm_execute_ursa_signed_char_unsigned_short_unsigned_char_unsigned_short_i_183, i8 %mxm_execute_ursa_signed_char_unsigned_short_unsigned_char_unsigned_short_i_182, i8 %mxm_execute_ursa_signed_char_unsigned_short_unsigned_char_unsigned_short_i_232, i8 %mxm_execute_ursa_signed_char_unsigned_short_unsigned_char_unsigned_short_i_221, i8 %mxm_execute_ursa_signed_char_unsigned_short_unsigned_char_unsigned_short_i_210, i8 %mxm_execute_ursa_signed_char_unsigned_short_unsigned_char_unsigned_short_i_199, i8 %mxm_execute_ursa_signed_char_unsigned_short_unsigned_char_unsigned_short_i_188, i8 %mxm_execute_ursa_signed_char_unsigned_short_unsigned_char_unsigned_short_i_177, i8 %mxm_execute_ursa_signed_char_unsigned_short_unsigned_char_unsigned_short_i_10, i8 %mxm_execute_ursa_signed_char_unsigned_short_unsigned_char_unsigned_short_i_21, i8 %mxm_execute_ursa_signed_char_unsigned_short_unsigned_char_unsigned_short_i_181, i8 %mxm_execute_ursa_signed_char_unsigned_short_unsigned_char_unsigned_short_i_180, i8 %mxm_execute_ursa_signed_char_unsigned_short_unsigned_char_unsigned_short_i_179, i8 %mxm_execute_ursa_signed_char_unsigned_short_unsigned_char_unsigned_short_i_178, i8 %mxm_execute_ursa_signed_char_unsigned_short_unsigned_char_unsigned_short_i_4, i8 %mxm_execute_ursa_signed_char_unsigned_short_unsigned_char_unsigned_short_i_13, i8 %mxm_execute_ursa_signed_char_unsigned_short_unsigned_char_unsigned_short_i_22, i8 %mxm_execute_ursa_signed_char_unsigned_short_unsigned_char_unsigned_short_i_30, i8 %mxm_execute_ursa_signed_char_unsigned_short_unsigned_char_unsigned_short_i_32, i8 %mxm_execute_ursa_signed_char_unsigned_short_unsigned_char_unsigned_short_i_43, i8 %mxm_execute_ursa_signed_char_unsigned_short_unsigned_char_unsigned_short_i_54, i8 %mxm_execute_ursa_signed_char_unsigned_short_unsigned_char_unsigned_short_i_65, i8 %mxm_execute_ursa_signed_char_unsigned_short_unsigned_char_unsigned_short_i_76, i8 %mxm_execute_ursa_signed_char_unsigned_short_unsigned_char_unsigned_short_i_87, i8 %mxm_execute_ursa_signed_char_unsigned_short_unsigned_char_unsigned_short_i_176, i8 %mxm_execute_ursa_signed_char_unsigned_short_unsigned_char_unsigned_short_i_175" [/home/fi/Documents/GitHub/ursa/exp/ursa_ws/src/core/shell.cpp:334]   --->   Operation 411 'call' 'call_ln334' <Predicate = true> <Delay = 0.00> <CoreType = "Generic">   --->   Core 0 '' <Latency = 0> <II = 1> <Delay = 1.00> <Generic> <Opcode : >

State 9 <SV = 8> <Delay = 1.58>
ST_9 : Operation 412 [1/1] (0.00ns)   --->   "%mxm_execute_ursa_signed_char_unsigned_short_unsigned_char_unsigned_short_i_726 = load i8 %mxm_execute_ursa_signed_char_unsigned_short_unsigned_char_unsigned_short_i_613"   --->   Operation 412 'load' 'mxm_execute_ursa_signed_char_unsigned_short_unsigned_char_unsigned_short_i_726' <Predicate = true> <Delay = 0.00>
ST_9 : Operation 413 [1/1] (0.00ns)   --->   "%mxm_execute_ursa_signed_char_unsigned_short_unsigned_char_unsigned_short_i_727 = load i8 %mxm_execute_ursa_signed_char_unsigned_short_unsigned_char_unsigned_short_i_612"   --->   Operation 413 'load' 'mxm_execute_ursa_signed_char_unsigned_short_unsigned_char_unsigned_short_i_727' <Predicate = true> <Delay = 0.00>
ST_9 : Operation 414 [1/1] (0.00ns)   --->   "%mxm_execute_ursa_signed_char_unsigned_short_unsigned_char_unsigned_short_i_728 = load i8 %mxm_execute_ursa_signed_char_unsigned_short_unsigned_char_unsigned_short_i_611"   --->   Operation 414 'load' 'mxm_execute_ursa_signed_char_unsigned_short_unsigned_char_unsigned_short_i_728' <Predicate = true> <Delay = 0.00>
ST_9 : Operation 415 [1/1] (0.00ns)   --->   "%mxm_execute_ursa_signed_char_unsigned_short_unsigned_char_unsigned_short_i_729 = load i8 %mxm_execute_ursa_signed_char_unsigned_short_unsigned_char_unsigned_short_i_610"   --->   Operation 415 'load' 'mxm_execute_ursa_signed_char_unsigned_short_unsigned_char_unsigned_short_i_729' <Predicate = true> <Delay = 0.00>
ST_9 : Operation 416 [1/1] (0.00ns)   --->   "%mxm_execute_ursa_signed_char_unsigned_short_unsigned_char_unsigned_short_i_730 = load i8 %mxm_execute_ursa_signed_char_unsigned_short_unsigned_char_unsigned_short_i_609"   --->   Operation 416 'load' 'mxm_execute_ursa_signed_char_unsigned_short_unsigned_char_unsigned_short_i_730' <Predicate = true> <Delay = 0.00>
ST_9 : Operation 417 [1/1] (0.00ns)   --->   "%mxm_execute_ursa_signed_char_unsigned_short_unsigned_char_unsigned_short_i_731 = load i8 %mxm_execute_ursa_signed_char_unsigned_short_unsigned_char_unsigned_short_i_608"   --->   Operation 417 'load' 'mxm_execute_ursa_signed_char_unsigned_short_unsigned_char_unsigned_short_i_731' <Predicate = true> <Delay = 0.00>
ST_9 : Operation 418 [1/1] (0.00ns)   --->   "%mxm_execute_ursa_signed_char_unsigned_short_unsigned_char_unsigned_short_i_732 = load i8 %mxm_execute_ursa_signed_char_unsigned_short_unsigned_char_unsigned_short_i_607"   --->   Operation 418 'load' 'mxm_execute_ursa_signed_char_unsigned_short_unsigned_char_unsigned_short_i_732' <Predicate = true> <Delay = 0.00>
ST_9 : Operation 419 [1/1] (0.00ns)   --->   "%mxm_execute_ursa_signed_char_unsigned_short_unsigned_char_unsigned_short_i_733 = load i8 %mxm_execute_ursa_signed_char_unsigned_short_unsigned_char_unsigned_short_i_606"   --->   Operation 419 'load' 'mxm_execute_ursa_signed_char_unsigned_short_unsigned_char_unsigned_short_i_733' <Predicate = true> <Delay = 0.00>
ST_9 : Operation 420 [1/1] (0.00ns)   --->   "%mxm_execute_ursa_signed_char_unsigned_short_unsigned_char_unsigned_short_i_734 = load i8 %mxm_execute_ursa_signed_char_unsigned_short_unsigned_char_unsigned_short_i_605"   --->   Operation 420 'load' 'mxm_execute_ursa_signed_char_unsigned_short_unsigned_char_unsigned_short_i_734' <Predicate = true> <Delay = 0.00>
ST_9 : Operation 421 [1/1] (0.00ns)   --->   "%mxm_execute_ursa_signed_char_unsigned_short_unsigned_char_unsigned_short_i_735 = load i8 %mxm_execute_ursa_signed_char_unsigned_short_unsigned_char_unsigned_short_i_604"   --->   Operation 421 'load' 'mxm_execute_ursa_signed_char_unsigned_short_unsigned_char_unsigned_short_i_735' <Predicate = true> <Delay = 0.00>
ST_9 : Operation 422 [1/1] (0.00ns)   --->   "%mxm_execute_ursa_signed_char_unsigned_short_unsigned_char_unsigned_short_i_736 = load i8 %mxm_execute_ursa_signed_char_unsigned_short_unsigned_char_unsigned_short_i_603"   --->   Operation 422 'load' 'mxm_execute_ursa_signed_char_unsigned_short_unsigned_char_unsigned_short_i_736' <Predicate = true> <Delay = 0.00>
ST_9 : Operation 423 [1/1] (0.00ns)   --->   "%mxm_execute_ursa_signed_char_unsigned_short_unsigned_char_unsigned_short_i_737 = load i8 %mxm_execute_ursa_signed_char_unsigned_short_unsigned_char_unsigned_short_i_602"   --->   Operation 423 'load' 'mxm_execute_ursa_signed_char_unsigned_short_unsigned_char_unsigned_short_i_737' <Predicate = true> <Delay = 0.00>
ST_9 : Operation 424 [1/1] (0.00ns)   --->   "%mxm_execute_ursa_signed_char_unsigned_short_unsigned_char_unsigned_short_i_738 = load i8 %mxm_execute_ursa_signed_char_unsigned_short_unsigned_char_unsigned_short_i_601"   --->   Operation 424 'load' 'mxm_execute_ursa_signed_char_unsigned_short_unsigned_char_unsigned_short_i_738' <Predicate = true> <Delay = 0.00>
ST_9 : Operation 425 [1/1] (0.00ns)   --->   "%mxm_execute_ursa_signed_char_unsigned_short_unsigned_char_unsigned_short_i_739 = load i8 %mxm_execute_ursa_signed_char_unsigned_short_unsigned_char_unsigned_short_i_600"   --->   Operation 425 'load' 'mxm_execute_ursa_signed_char_unsigned_short_unsigned_char_unsigned_short_i_739' <Predicate = true> <Delay = 0.00>
ST_9 : Operation 426 [1/1] (0.00ns)   --->   "%mxm_execute_ursa_signed_char_unsigned_short_unsigned_char_unsigned_short_i_740 = load i8 %mxm_execute_ursa_signed_char_unsigned_short_unsigned_char_unsigned_short_i_599"   --->   Operation 426 'load' 'mxm_execute_ursa_signed_char_unsigned_short_unsigned_char_unsigned_short_i_740' <Predicate = true> <Delay = 0.00>
ST_9 : Operation 427 [1/1] (0.00ns)   --->   "%mxm_execute_ursa_signed_char_unsigned_short_unsigned_char_unsigned_short_i_741 = load i8 %mxm_execute_ursa_signed_char_unsigned_short_unsigned_char_unsigned_short_i_598"   --->   Operation 427 'load' 'mxm_execute_ursa_signed_char_unsigned_short_unsigned_char_unsigned_short_i_741' <Predicate = true> <Delay = 0.00>
ST_9 : Operation 428 [1/1] (0.00ns)   --->   "%mxm_execute_ursa_signed_char_unsigned_short_unsigned_char_unsigned_short_i_742 = load i8 %mxm_execute_ursa_signed_char_unsigned_short_unsigned_char_unsigned_short_i_597"   --->   Operation 428 'load' 'mxm_execute_ursa_signed_char_unsigned_short_unsigned_char_unsigned_short_i_742' <Predicate = true> <Delay = 0.00>
ST_9 : Operation 429 [1/1] (0.00ns)   --->   "%mxm_execute_ursa_signed_char_unsigned_short_unsigned_char_unsigned_short_i_743 = load i8 %mxm_execute_ursa_signed_char_unsigned_short_unsigned_char_unsigned_short_i_596"   --->   Operation 429 'load' 'mxm_execute_ursa_signed_char_unsigned_short_unsigned_char_unsigned_short_i_743' <Predicate = true> <Delay = 0.00>
ST_9 : Operation 430 [1/1] (0.00ns)   --->   "%mxm_execute_ursa_signed_char_unsigned_short_unsigned_char_unsigned_short_i_744 = load i8 %mxm_execute_ursa_signed_char_unsigned_short_unsigned_char_unsigned_short_i_595"   --->   Operation 430 'load' 'mxm_execute_ursa_signed_char_unsigned_short_unsigned_char_unsigned_short_i_744' <Predicate = true> <Delay = 0.00>
ST_9 : Operation 431 [1/1] (0.00ns)   --->   "%mxm_execute_ursa_signed_char_unsigned_short_unsigned_char_unsigned_short_i_745 = load i8 %mxm_execute_ursa_signed_char_unsigned_short_unsigned_char_unsigned_short_i_594"   --->   Operation 431 'load' 'mxm_execute_ursa_signed_char_unsigned_short_unsigned_char_unsigned_short_i_745' <Predicate = true> <Delay = 0.00>
ST_9 : Operation 432 [1/1] (0.00ns)   --->   "%mxm_execute_ursa_signed_char_unsigned_short_unsigned_char_unsigned_short_i_746 = load i8 %mxm_execute_ursa_signed_char_unsigned_short_unsigned_char_unsigned_short_i_593"   --->   Operation 432 'load' 'mxm_execute_ursa_signed_char_unsigned_short_unsigned_char_unsigned_short_i_746' <Predicate = true> <Delay = 0.00>
ST_9 : Operation 433 [1/1] (0.00ns)   --->   "%mxm_execute_ursa_signed_char_unsigned_short_unsigned_char_unsigned_short_i_747 = load i8 %mxm_execute_ursa_signed_char_unsigned_short_unsigned_char_unsigned_short_i_592"   --->   Operation 433 'load' 'mxm_execute_ursa_signed_char_unsigned_short_unsigned_char_unsigned_short_i_747' <Predicate = true> <Delay = 0.00>
ST_9 : Operation 434 [1/1] (0.00ns)   --->   "%mxm_execute_ursa_signed_char_unsigned_short_unsigned_char_unsigned_short_i_748 = load i8 %mxm_execute_ursa_signed_char_unsigned_short_unsigned_char_unsigned_short_i_591"   --->   Operation 434 'load' 'mxm_execute_ursa_signed_char_unsigned_short_unsigned_char_unsigned_short_i_748' <Predicate = true> <Delay = 0.00>
ST_9 : Operation 435 [1/1] (0.00ns)   --->   "%mxm_execute_ursa_signed_char_unsigned_short_unsigned_char_unsigned_short_i_749 = load i8 %mxm_execute_ursa_signed_char_unsigned_short_unsigned_char_unsigned_short_i_590"   --->   Operation 435 'load' 'mxm_execute_ursa_signed_char_unsigned_short_unsigned_char_unsigned_short_i_749' <Predicate = true> <Delay = 0.00>
ST_9 : Operation 436 [1/1] (0.00ns)   --->   "%mxm_execute_ursa_signed_char_unsigned_short_unsigned_char_unsigned_short_i_750 = load i8 %mxm_execute_ursa_signed_char_unsigned_short_unsigned_char_unsigned_short_i_589"   --->   Operation 436 'load' 'mxm_execute_ursa_signed_char_unsigned_short_unsigned_char_unsigned_short_i_750' <Predicate = true> <Delay = 0.00>
ST_9 : Operation 437 [1/1] (0.00ns)   --->   "%mxm_execute_ursa_signed_char_unsigned_short_unsigned_char_unsigned_short_i_751 = load i8 %mxm_execute_ursa_signed_char_unsigned_short_unsigned_char_unsigned_short_i_588"   --->   Operation 437 'load' 'mxm_execute_ursa_signed_char_unsigned_short_unsigned_char_unsigned_short_i_751' <Predicate = true> <Delay = 0.00>
ST_9 : Operation 438 [1/1] (0.00ns)   --->   "%mxm_execute_ursa_signed_char_unsigned_short_unsigned_char_unsigned_short_i_752 = load i8 %mxm_execute_ursa_signed_char_unsigned_short_unsigned_char_unsigned_short_i_587"   --->   Operation 438 'load' 'mxm_execute_ursa_signed_char_unsigned_short_unsigned_char_unsigned_short_i_752' <Predicate = true> <Delay = 0.00>
ST_9 : Operation 439 [1/1] (0.00ns)   --->   "%mxm_execute_ursa_signed_char_unsigned_short_unsigned_char_unsigned_short_i_753 = load i8 %mxm_execute_ursa_signed_char_unsigned_short_unsigned_char_unsigned_short_i_586"   --->   Operation 439 'load' 'mxm_execute_ursa_signed_char_unsigned_short_unsigned_char_unsigned_short_i_753' <Predicate = true> <Delay = 0.00>
ST_9 : Operation 440 [1/1] (0.00ns)   --->   "%mxm_execute_ursa_signed_char_unsigned_short_unsigned_char_unsigned_short_i_754 = load i8 %mxm_execute_ursa_signed_char_unsigned_short_unsigned_char_unsigned_short_i_585"   --->   Operation 440 'load' 'mxm_execute_ursa_signed_char_unsigned_short_unsigned_char_unsigned_short_i_754' <Predicate = true> <Delay = 0.00>
ST_9 : Operation 441 [1/1] (0.00ns)   --->   "%mxm_execute_ursa_signed_char_unsigned_short_unsigned_char_unsigned_short_i_755 = load i8 %mxm_execute_ursa_signed_char_unsigned_short_unsigned_char_unsigned_short_i_584"   --->   Operation 441 'load' 'mxm_execute_ursa_signed_char_unsigned_short_unsigned_char_unsigned_short_i_755' <Predicate = true> <Delay = 0.00>
ST_9 : Operation 442 [1/1] (0.00ns)   --->   "%mxm_execute_ursa_signed_char_unsigned_short_unsigned_char_unsigned_short_i_756 = load i8 %mxm_execute_ursa_signed_char_unsigned_short_unsigned_char_unsigned_short_i_583"   --->   Operation 442 'load' 'mxm_execute_ursa_signed_char_unsigned_short_unsigned_char_unsigned_short_i_756' <Predicate = true> <Delay = 0.00>
ST_9 : Operation 443 [1/1] (0.00ns)   --->   "%mxm_execute_ursa_signed_char_unsigned_short_unsigned_char_unsigned_short_i_757 = load i8 %mxm_execute_ursa_signed_char_unsigned_short_unsigned_char_unsigned_short_i_582"   --->   Operation 443 'load' 'mxm_execute_ursa_signed_char_unsigned_short_unsigned_char_unsigned_short_i_757' <Predicate = true> <Delay = 0.00>
ST_9 : Operation 444 [1/1] (0.00ns)   --->   "%mxm_execute_ursa_signed_char_unsigned_short_unsigned_char_unsigned_short_i_758 = load i8 %mxm_execute_ursa_signed_char_unsigned_short_unsigned_char_unsigned_short_i_581"   --->   Operation 444 'load' 'mxm_execute_ursa_signed_char_unsigned_short_unsigned_char_unsigned_short_i_758' <Predicate = true> <Delay = 0.00>
ST_9 : Operation 445 [1/1] (0.00ns)   --->   "%mxm_execute_ursa_signed_char_unsigned_short_unsigned_char_unsigned_short_i_759 = load i8 %mxm_execute_ursa_signed_char_unsigned_short_unsigned_char_unsigned_short_i_580"   --->   Operation 445 'load' 'mxm_execute_ursa_signed_char_unsigned_short_unsigned_char_unsigned_short_i_759' <Predicate = true> <Delay = 0.00>
ST_9 : Operation 446 [1/1] (0.00ns)   --->   "%mxm_execute_ursa_signed_char_unsigned_short_unsigned_char_unsigned_short_i_760 = load i8 %mxm_execute_ursa_signed_char_unsigned_short_unsigned_char_unsigned_short_i_579"   --->   Operation 446 'load' 'mxm_execute_ursa_signed_char_unsigned_short_unsigned_char_unsigned_short_i_760' <Predicate = true> <Delay = 0.00>
ST_9 : Operation 447 [1/1] (0.00ns)   --->   "%mxm_execute_ursa_signed_char_unsigned_short_unsigned_char_unsigned_short_i_761 = load i8 %mxm_execute_ursa_signed_char_unsigned_short_unsigned_char_unsigned_short_i_578"   --->   Operation 447 'load' 'mxm_execute_ursa_signed_char_unsigned_short_unsigned_char_unsigned_short_i_761' <Predicate = true> <Delay = 0.00>
ST_9 : Operation 448 [1/1] (0.00ns)   --->   "%mxm_execute_ursa_signed_char_unsigned_short_unsigned_char_unsigned_short_i_762 = load i8 %mxm_execute_ursa_signed_char_unsigned_short_unsigned_char_unsigned_short_i_577"   --->   Operation 448 'load' 'mxm_execute_ursa_signed_char_unsigned_short_unsigned_char_unsigned_short_i_762' <Predicate = true> <Delay = 0.00>
ST_9 : Operation 449 [1/1] (0.00ns)   --->   "%mxm_execute_ursa_signed_char_unsigned_short_unsigned_char_unsigned_short_i_763 = load i8 %mxm_execute_ursa_signed_char_unsigned_short_unsigned_char_unsigned_short_i_576"   --->   Operation 449 'load' 'mxm_execute_ursa_signed_char_unsigned_short_unsigned_char_unsigned_short_i_763' <Predicate = true> <Delay = 0.00>
ST_9 : Operation 450 [1/1] (0.00ns)   --->   "%mxm_execute_ursa_signed_char_unsigned_short_unsigned_char_unsigned_short_i_764 = load i8 %mxm_execute_ursa_signed_char_unsigned_short_unsigned_char_unsigned_short_i_575"   --->   Operation 450 'load' 'mxm_execute_ursa_signed_char_unsigned_short_unsigned_char_unsigned_short_i_764' <Predicate = true> <Delay = 0.00>
ST_9 : Operation 451 [1/1] (0.00ns)   --->   "%mxm_execute_ursa_signed_char_unsigned_short_unsigned_char_unsigned_short_i_765 = load i8 %mxm_execute_ursa_signed_char_unsigned_short_unsigned_char_unsigned_short_i_574"   --->   Operation 451 'load' 'mxm_execute_ursa_signed_char_unsigned_short_unsigned_char_unsigned_short_i_765' <Predicate = true> <Delay = 0.00>
ST_9 : Operation 452 [1/1] (0.00ns)   --->   "%mxm_execute_ursa_signed_char_unsigned_short_unsigned_char_unsigned_short_i_766 = load i8 %mxm_execute_ursa_signed_char_unsigned_short_unsigned_char_unsigned_short_i_573"   --->   Operation 452 'load' 'mxm_execute_ursa_signed_char_unsigned_short_unsigned_char_unsigned_short_i_766' <Predicate = true> <Delay = 0.00>
ST_9 : Operation 453 [1/1] (0.00ns)   --->   "%mxm_execute_ursa_signed_char_unsigned_short_unsigned_char_unsigned_short_i_767 = load i8 %mxm_execute_ursa_signed_char_unsigned_short_unsigned_char_unsigned_short_i_572"   --->   Operation 453 'load' 'mxm_execute_ursa_signed_char_unsigned_short_unsigned_char_unsigned_short_i_767' <Predicate = true> <Delay = 0.00>
ST_9 : Operation 454 [1/1] (0.00ns)   --->   "%mxm_execute_ursa_signed_char_unsigned_short_unsigned_char_unsigned_short_i_768 = load i8 %mxm_execute_ursa_signed_char_unsigned_short_unsigned_char_unsigned_short_i_571"   --->   Operation 454 'load' 'mxm_execute_ursa_signed_char_unsigned_short_unsigned_char_unsigned_short_i_768' <Predicate = true> <Delay = 0.00>
ST_9 : Operation 455 [1/1] (0.00ns)   --->   "%mxm_execute_ursa_signed_char_unsigned_short_unsigned_char_unsigned_short_i_769 = load i8 %mxm_execute_ursa_signed_char_unsigned_short_unsigned_char_unsigned_short_i_570"   --->   Operation 455 'load' 'mxm_execute_ursa_signed_char_unsigned_short_unsigned_char_unsigned_short_i_769' <Predicate = true> <Delay = 0.00>
ST_9 : Operation 456 [1/1] (0.00ns)   --->   "%mxm_execute_ursa_signed_char_unsigned_short_unsigned_char_unsigned_short_i_770 = load i8 %mxm_execute_ursa_signed_char_unsigned_short_unsigned_char_unsigned_short_i_569"   --->   Operation 456 'load' 'mxm_execute_ursa_signed_char_unsigned_short_unsigned_char_unsigned_short_i_770' <Predicate = true> <Delay = 0.00>
ST_9 : Operation 457 [1/1] (0.00ns)   --->   "%mxm_execute_ursa_signed_char_unsigned_short_unsigned_char_unsigned_short_i_771 = load i8 %mxm_execute_ursa_signed_char_unsigned_short_unsigned_char_unsigned_short_i_568"   --->   Operation 457 'load' 'mxm_execute_ursa_signed_char_unsigned_short_unsigned_char_unsigned_short_i_771' <Predicate = true> <Delay = 0.00>
ST_9 : Operation 458 [1/1] (0.00ns)   --->   "%mxm_execute_ursa_signed_char_unsigned_short_unsigned_char_unsigned_short_i_772 = load i8 %mxm_execute_ursa_signed_char_unsigned_short_unsigned_char_unsigned_short_i_567"   --->   Operation 458 'load' 'mxm_execute_ursa_signed_char_unsigned_short_unsigned_char_unsigned_short_i_772' <Predicate = true> <Delay = 0.00>
ST_9 : Operation 459 [1/1] (0.00ns)   --->   "%mxm_execute_ursa_signed_char_unsigned_short_unsigned_char_unsigned_short_i_773 = load i8 %mxm_execute_ursa_signed_char_unsigned_short_unsigned_char_unsigned_short_i_566"   --->   Operation 459 'load' 'mxm_execute_ursa_signed_char_unsigned_short_unsigned_char_unsigned_short_i_773' <Predicate = true> <Delay = 0.00>
ST_9 : Operation 460 [1/1] (0.00ns)   --->   "%mxm_execute_ursa_signed_char_unsigned_short_unsigned_char_unsigned_short_i_774 = load i8 %mxm_execute_ursa_signed_char_unsigned_short_unsigned_char_unsigned_short_i_565"   --->   Operation 460 'load' 'mxm_execute_ursa_signed_char_unsigned_short_unsigned_char_unsigned_short_i_774' <Predicate = true> <Delay = 0.00>
ST_9 : Operation 461 [1/1] (0.00ns)   --->   "%mxm_execute_ursa_signed_char_unsigned_short_unsigned_char_unsigned_short_i_775 = load i8 %mxm_execute_ursa_signed_char_unsigned_short_unsigned_char_unsigned_short_i_564"   --->   Operation 461 'load' 'mxm_execute_ursa_signed_char_unsigned_short_unsigned_char_unsigned_short_i_775' <Predicate = true> <Delay = 0.00>
ST_9 : Operation 462 [1/1] (0.00ns)   --->   "%mxm_execute_ursa_signed_char_unsigned_short_unsigned_char_unsigned_short_i_776 = load i8 %mxm_execute_ursa_signed_char_unsigned_short_unsigned_char_unsigned_short_i_563"   --->   Operation 462 'load' 'mxm_execute_ursa_signed_char_unsigned_short_unsigned_char_unsigned_short_i_776' <Predicate = true> <Delay = 0.00>
ST_9 : Operation 463 [1/1] (0.00ns)   --->   "%mxm_execute_ursa_signed_char_unsigned_short_unsigned_char_unsigned_short_i_777 = load i8 %mxm_execute_ursa_signed_char_unsigned_short_unsigned_char_unsigned_short_i_562"   --->   Operation 463 'load' 'mxm_execute_ursa_signed_char_unsigned_short_unsigned_char_unsigned_short_i_777' <Predicate = true> <Delay = 0.00>
ST_9 : Operation 464 [1/1] (0.00ns)   --->   "%mxm_execute_ursa_signed_char_unsigned_short_unsigned_char_unsigned_short_i_778 = load i8 %mxm_execute_ursa_signed_char_unsigned_short_unsigned_char_unsigned_short_i_561"   --->   Operation 464 'load' 'mxm_execute_ursa_signed_char_unsigned_short_unsigned_char_unsigned_short_i_778' <Predicate = true> <Delay = 0.00>
ST_9 : Operation 465 [1/1] (0.00ns)   --->   "%mxm_execute_ursa_signed_char_unsigned_short_unsigned_char_unsigned_short_i_779 = load i8 %mxm_execute_ursa_signed_char_unsigned_short_unsigned_char_unsigned_short_i_560"   --->   Operation 465 'load' 'mxm_execute_ursa_signed_char_unsigned_short_unsigned_char_unsigned_short_i_779' <Predicate = true> <Delay = 0.00>
ST_9 : Operation 466 [1/1] (0.00ns)   --->   "%mxm_execute_ursa_signed_char_unsigned_short_unsigned_char_unsigned_short_i_780 = load i8 %mxm_execute_ursa_signed_char_unsigned_short_unsigned_char_unsigned_short_i_559"   --->   Operation 466 'load' 'mxm_execute_ursa_signed_char_unsigned_short_unsigned_char_unsigned_short_i_780' <Predicate = true> <Delay = 0.00>
ST_9 : Operation 467 [1/1] (0.00ns)   --->   "%mxm_execute_ursa_signed_char_unsigned_short_unsigned_char_unsigned_short_i_781 = load i8 %mxm_execute_ursa_signed_char_unsigned_short_unsigned_char_unsigned_short_i_558"   --->   Operation 467 'load' 'mxm_execute_ursa_signed_char_unsigned_short_unsigned_char_unsigned_short_i_781' <Predicate = true> <Delay = 0.00>
ST_9 : Operation 468 [1/1] (0.00ns)   --->   "%cmp15_7_i_phi_loc_load = load i1 %cmp15_7_i_phi_loc"   --->   Operation 468 'load' 'cmp15_7_i_phi_loc_load' <Predicate = true> <Delay = 0.00>
ST_9 : Operation 469 [1/1] (0.00ns)   --->   "%cmp15_6_i_phi_loc_load = load i1 %cmp15_6_i_phi_loc"   --->   Operation 469 'load' 'cmp15_6_i_phi_loc_load' <Predicate = true> <Delay = 0.00>
ST_9 : Operation 470 [1/1] (0.00ns)   --->   "%cmp15_5_i_phi_loc_load = load i1 %cmp15_5_i_phi_loc"   --->   Operation 470 'load' 'cmp15_5_i_phi_loc_load' <Predicate = true> <Delay = 0.00>
ST_9 : Operation 471 [1/1] (0.00ns)   --->   "%cmp15_4_i_phi_loc_load = load i1 %cmp15_4_i_phi_loc"   --->   Operation 471 'load' 'cmp15_4_i_phi_loc_load' <Predicate = true> <Delay = 0.00>
ST_9 : Operation 472 [1/1] (0.00ns)   --->   "%cmp15_3_i_phi_loc_load = load i1 %cmp15_3_i_phi_loc"   --->   Operation 472 'load' 'cmp15_3_i_phi_loc_load' <Predicate = true> <Delay = 0.00>
ST_9 : Operation 473 [1/1] (0.00ns)   --->   "%cmp15_2_i_phi_loc_load = load i1 %cmp15_2_i_phi_loc"   --->   Operation 473 'load' 'cmp15_2_i_phi_loc_load' <Predicate = true> <Delay = 0.00>
ST_9 : Operation 474 [1/1] (0.00ns)   --->   "%cmp15_1_i_phi_loc_load = load i1 %cmp15_1_i_phi_loc"   --->   Operation 474 'load' 'cmp15_1_i_phi_loc_load' <Predicate = true> <Delay = 0.00>
ST_9 : Operation 475 [1/1] (0.00ns)   --->   "%cmp15_i_phi_loc_load = load i1 %cmp15_i_phi_loc"   --->   Operation 475 'load' 'cmp15_i_phi_loc_load' <Predicate = true> <Delay = 0.00>
ST_9 : Operation 476 [1/1] (0.00ns)   --->   "%mxm_execute_ursa_signed_char_unsigned_short_unsigned_char_unsigned_short_i_782 = load i8 %mxm_execute_ursa_signed_char_unsigned_short_unsigned_char_unsigned_short_i_39" [/home/fi/Documents/GitHub/ursa/exp/ursa_ws/src/core/pe.cpp:18->/home/fi/Documents/GitHub/ursa/exp/ursa_ws/src/core/sa.cpp:109->/home/fi/Documents/GitHub/ursa/exp/ursa_ws/src/core/shell.cpp:371]   --->   Operation 476 'load' 'mxm_execute_ursa_signed_char_unsigned_short_unsigned_char_unsigned_short_i_782' <Predicate = true> <Delay = 0.00>
ST_9 : Operation 477 [1/1] (0.00ns)   --->   "%mxm_execute_ursa_signed_char_unsigned_short_unsigned_char_unsigned_short_i_783 = load i8 %mxm_execute_ursa_signed_char_unsigned_short_unsigned_char_unsigned_short_i_40" [/home/fi/Documents/GitHub/ursa/exp/ursa_ws/src/core/pe.cpp:18->/home/fi/Documents/GitHub/ursa/exp/ursa_ws/src/core/sa.cpp:109->/home/fi/Documents/GitHub/ursa/exp/ursa_ws/src/core/shell.cpp:371]   --->   Operation 477 'load' 'mxm_execute_ursa_signed_char_unsigned_short_unsigned_char_unsigned_short_i_783' <Predicate = true> <Delay = 0.00>
ST_9 : Operation 478 [1/1] (0.00ns)   --->   "%mxm_execute_ursa_signed_char_unsigned_short_unsigned_char_unsigned_short_i_784 = load i8 %mxm_execute_ursa_signed_char_unsigned_short_unsigned_char_unsigned_short_i_41" [/home/fi/Documents/GitHub/ursa/exp/ursa_ws/src/core/pe.cpp:18->/home/fi/Documents/GitHub/ursa/exp/ursa_ws/src/core/sa.cpp:109->/home/fi/Documents/GitHub/ursa/exp/ursa_ws/src/core/shell.cpp:371]   --->   Operation 478 'load' 'mxm_execute_ursa_signed_char_unsigned_short_unsigned_char_unsigned_short_i_784' <Predicate = true> <Delay = 0.00>
ST_9 : Operation 479 [1/1] (0.00ns)   --->   "%mxm_execute_ursa_signed_char_unsigned_short_unsigned_char_unsigned_short_i_785 = load i8 %mxm_execute_ursa_signed_char_unsigned_short_unsigned_char_unsigned_short_i_42" [/home/fi/Documents/GitHub/ursa/exp/ursa_ws/src/core/pe.cpp:18->/home/fi/Documents/GitHub/ursa/exp/ursa_ws/src/core/sa.cpp:109->/home/fi/Documents/GitHub/ursa/exp/ursa_ws/src/core/shell.cpp:371]   --->   Operation 479 'load' 'mxm_execute_ursa_signed_char_unsigned_short_unsigned_char_unsigned_short_i_785' <Predicate = true> <Delay = 0.00>
ST_9 : Operation 480 [1/1] (0.00ns)   --->   "%mxm_execute_ursa_signed_char_unsigned_short_unsigned_char_unsigned_short_i_786 = load i8 %mxm_execute_ursa_signed_char_unsigned_short_unsigned_char_unsigned_short_i_44" [/home/fi/Documents/GitHub/ursa/exp/ursa_ws/src/core/pe.cpp:18->/home/fi/Documents/GitHub/ursa/exp/ursa_ws/src/core/sa.cpp:109->/home/fi/Documents/GitHub/ursa/exp/ursa_ws/src/core/shell.cpp:371]   --->   Operation 480 'load' 'mxm_execute_ursa_signed_char_unsigned_short_unsigned_char_unsigned_short_i_786' <Predicate = true> <Delay = 0.00>
ST_9 : Operation 481 [1/1] (0.00ns)   --->   "%mxm_execute_ursa_signed_char_unsigned_short_unsigned_char_unsigned_short_i_787 = load i8 %mxm_execute_ursa_signed_char_unsigned_short_unsigned_char_unsigned_short_i_45" [/home/fi/Documents/GitHub/ursa/exp/ursa_ws/src/core/pe.cpp:18->/home/fi/Documents/GitHub/ursa/exp/ursa_ws/src/core/sa.cpp:109->/home/fi/Documents/GitHub/ursa/exp/ursa_ws/src/core/shell.cpp:371]   --->   Operation 481 'load' 'mxm_execute_ursa_signed_char_unsigned_short_unsigned_char_unsigned_short_i_787' <Predicate = true> <Delay = 0.00>
ST_9 : Operation 482 [1/1] (0.00ns)   --->   "%mxm_execute_ursa_signed_char_unsigned_short_unsigned_char_unsigned_short_i_788 = load i8 %mxm_execute_ursa_signed_char_unsigned_short_unsigned_char_unsigned_short_i_46" [/home/fi/Documents/GitHub/ursa/exp/ursa_ws/src/core/pe.cpp:18->/home/fi/Documents/GitHub/ursa/exp/ursa_ws/src/core/sa.cpp:109->/home/fi/Documents/GitHub/ursa/exp/ursa_ws/src/core/shell.cpp:371]   --->   Operation 482 'load' 'mxm_execute_ursa_signed_char_unsigned_short_unsigned_char_unsigned_short_i_788' <Predicate = true> <Delay = 0.00>
ST_9 : Operation 483 [1/1] (0.00ns)   --->   "%mxm_execute_ursa_signed_char_unsigned_short_unsigned_char_unsigned_short_i_789 = load i8 %mxm_execute_ursa_signed_char_unsigned_short_unsigned_char_unsigned_short_i_47" [/home/fi/Documents/GitHub/ursa/exp/ursa_ws/src/core/pe.cpp:18->/home/fi/Documents/GitHub/ursa/exp/ursa_ws/src/core/sa.cpp:109->/home/fi/Documents/GitHub/ursa/exp/ursa_ws/src/core/shell.cpp:371]   --->   Operation 483 'load' 'mxm_execute_ursa_signed_char_unsigned_short_unsigned_char_unsigned_short_i_789' <Predicate = true> <Delay = 0.00>
ST_9 : Operation 484 [1/1] (0.00ns)   --->   "%mxm_execute_ursa_signed_char_unsigned_short_unsigned_char_unsigned_short_i_790 = load i8 %mxm_execute_ursa_signed_char_unsigned_short_unsigned_char_unsigned_short_i_48" [/home/fi/Documents/GitHub/ursa/exp/ursa_ws/src/core/pe.cpp:18->/home/fi/Documents/GitHub/ursa/exp/ursa_ws/src/core/sa.cpp:109->/home/fi/Documents/GitHub/ursa/exp/ursa_ws/src/core/shell.cpp:371]   --->   Operation 484 'load' 'mxm_execute_ursa_signed_char_unsigned_short_unsigned_char_unsigned_short_i_790' <Predicate = true> <Delay = 0.00>
ST_9 : Operation 485 [1/1] (0.00ns)   --->   "%mxm_execute_ursa_signed_char_unsigned_short_unsigned_char_unsigned_short_i_791 = load i8 %mxm_execute_ursa_signed_char_unsigned_short_unsigned_char_unsigned_short_i_49" [/home/fi/Documents/GitHub/ursa/exp/ursa_ws/src/core/pe.cpp:18->/home/fi/Documents/GitHub/ursa/exp/ursa_ws/src/core/sa.cpp:109->/home/fi/Documents/GitHub/ursa/exp/ursa_ws/src/core/shell.cpp:371]   --->   Operation 485 'load' 'mxm_execute_ursa_signed_char_unsigned_short_unsigned_char_unsigned_short_i_791' <Predicate = true> <Delay = 0.00>
ST_9 : Operation 486 [1/1] (0.00ns)   --->   "%mxm_execute_ursa_signed_char_unsigned_short_unsigned_char_unsigned_short_i_792 = load i8 %mxm_execute_ursa_signed_char_unsigned_short_unsigned_char_unsigned_short_i_50" [/home/fi/Documents/GitHub/ursa/exp/ursa_ws/src/core/pe.cpp:18->/home/fi/Documents/GitHub/ursa/exp/ursa_ws/src/core/sa.cpp:109->/home/fi/Documents/GitHub/ursa/exp/ursa_ws/src/core/shell.cpp:371]   --->   Operation 486 'load' 'mxm_execute_ursa_signed_char_unsigned_short_unsigned_char_unsigned_short_i_792' <Predicate = true> <Delay = 0.00>
ST_9 : Operation 487 [1/1] (0.00ns)   --->   "%mxm_execute_ursa_signed_char_unsigned_short_unsigned_char_unsigned_short_i_793 = load i8 %mxm_execute_ursa_signed_char_unsigned_short_unsigned_char_unsigned_short_i_51" [/home/fi/Documents/GitHub/ursa/exp/ursa_ws/src/core/pe.cpp:18->/home/fi/Documents/GitHub/ursa/exp/ursa_ws/src/core/sa.cpp:109->/home/fi/Documents/GitHub/ursa/exp/ursa_ws/src/core/shell.cpp:371]   --->   Operation 487 'load' 'mxm_execute_ursa_signed_char_unsigned_short_unsigned_char_unsigned_short_i_793' <Predicate = true> <Delay = 0.00>
ST_9 : Operation 488 [1/1] (0.00ns)   --->   "%mxm_execute_ursa_signed_char_unsigned_short_unsigned_char_unsigned_short_i_794 = load i8 %mxm_execute_ursa_signed_char_unsigned_short_unsigned_char_unsigned_short_i_52" [/home/fi/Documents/GitHub/ursa/exp/ursa_ws/src/core/pe.cpp:18->/home/fi/Documents/GitHub/ursa/exp/ursa_ws/src/core/sa.cpp:109->/home/fi/Documents/GitHub/ursa/exp/ursa_ws/src/core/shell.cpp:371]   --->   Operation 488 'load' 'mxm_execute_ursa_signed_char_unsigned_short_unsigned_char_unsigned_short_i_794' <Predicate = true> <Delay = 0.00>
ST_9 : Operation 489 [1/1] (0.00ns)   --->   "%mxm_execute_ursa_signed_char_unsigned_short_unsigned_char_unsigned_short_i_795 = load i8 %mxm_execute_ursa_signed_char_unsigned_short_unsigned_char_unsigned_short_i_53" [/home/fi/Documents/GitHub/ursa/exp/ursa_ws/src/core/pe.cpp:18->/home/fi/Documents/GitHub/ursa/exp/ursa_ws/src/core/sa.cpp:109->/home/fi/Documents/GitHub/ursa/exp/ursa_ws/src/core/shell.cpp:371]   --->   Operation 489 'load' 'mxm_execute_ursa_signed_char_unsigned_short_unsigned_char_unsigned_short_i_795' <Predicate = true> <Delay = 0.00>
ST_9 : Operation 490 [1/1] (0.00ns)   --->   "%mxm_execute_ursa_signed_char_unsigned_short_unsigned_char_unsigned_short_i_796 = load i8 %mxm_execute_ursa_signed_char_unsigned_short_unsigned_char_unsigned_short_i_55" [/home/fi/Documents/GitHub/ursa/exp/ursa_ws/src/core/pe.cpp:18->/home/fi/Documents/GitHub/ursa/exp/ursa_ws/src/core/sa.cpp:109->/home/fi/Documents/GitHub/ursa/exp/ursa_ws/src/core/shell.cpp:371]   --->   Operation 490 'load' 'mxm_execute_ursa_signed_char_unsigned_short_unsigned_char_unsigned_short_i_796' <Predicate = true> <Delay = 0.00>
ST_9 : Operation 491 [1/1] (0.00ns)   --->   "%mxm_execute_ursa_signed_char_unsigned_short_unsigned_char_unsigned_short_i_797 = load i8 %mxm_execute_ursa_signed_char_unsigned_short_unsigned_char_unsigned_short_i_56" [/home/fi/Documents/GitHub/ursa/exp/ursa_ws/src/core/pe.cpp:18->/home/fi/Documents/GitHub/ursa/exp/ursa_ws/src/core/sa.cpp:109->/home/fi/Documents/GitHub/ursa/exp/ursa_ws/src/core/shell.cpp:371]   --->   Operation 491 'load' 'mxm_execute_ursa_signed_char_unsigned_short_unsigned_char_unsigned_short_i_797' <Predicate = true> <Delay = 0.00>
ST_9 : Operation 492 [1/1] (0.00ns)   --->   "%mxm_execute_ursa_signed_char_unsigned_short_unsigned_char_unsigned_short_i_798 = load i8 %mxm_execute_ursa_signed_char_unsigned_short_unsigned_char_unsigned_short_i_57" [/home/fi/Documents/GitHub/ursa/exp/ursa_ws/src/core/pe.cpp:18->/home/fi/Documents/GitHub/ursa/exp/ursa_ws/src/core/sa.cpp:109->/home/fi/Documents/GitHub/ursa/exp/ursa_ws/src/core/shell.cpp:371]   --->   Operation 492 'load' 'mxm_execute_ursa_signed_char_unsigned_short_unsigned_char_unsigned_short_i_798' <Predicate = true> <Delay = 0.00>
ST_9 : Operation 493 [1/1] (0.00ns)   --->   "%mxm_execute_ursa_signed_char_unsigned_short_unsigned_char_unsigned_short_i_799 = load i8 %mxm_execute_ursa_signed_char_unsigned_short_unsigned_char_unsigned_short_i_58" [/home/fi/Documents/GitHub/ursa/exp/ursa_ws/src/core/pe.cpp:18->/home/fi/Documents/GitHub/ursa/exp/ursa_ws/src/core/sa.cpp:109->/home/fi/Documents/GitHub/ursa/exp/ursa_ws/src/core/shell.cpp:371]   --->   Operation 493 'load' 'mxm_execute_ursa_signed_char_unsigned_short_unsigned_char_unsigned_short_i_799' <Predicate = true> <Delay = 0.00>
ST_9 : Operation 494 [1/1] (0.00ns)   --->   "%mxm_execute_ursa_signed_char_unsigned_short_unsigned_char_unsigned_short_i_800 = load i8 %mxm_execute_ursa_signed_char_unsigned_short_unsigned_char_unsigned_short_i_59" [/home/fi/Documents/GitHub/ursa/exp/ursa_ws/src/core/pe.cpp:18->/home/fi/Documents/GitHub/ursa/exp/ursa_ws/src/core/sa.cpp:109->/home/fi/Documents/GitHub/ursa/exp/ursa_ws/src/core/shell.cpp:371]   --->   Operation 494 'load' 'mxm_execute_ursa_signed_char_unsigned_short_unsigned_char_unsigned_short_i_800' <Predicate = true> <Delay = 0.00>
ST_9 : Operation 495 [1/1] (0.00ns)   --->   "%mxm_execute_ursa_signed_char_unsigned_short_unsigned_char_unsigned_short_i_801 = load i8 %mxm_execute_ursa_signed_char_unsigned_short_unsigned_char_unsigned_short_i_60" [/home/fi/Documents/GitHub/ursa/exp/ursa_ws/src/core/pe.cpp:18->/home/fi/Documents/GitHub/ursa/exp/ursa_ws/src/core/sa.cpp:109->/home/fi/Documents/GitHub/ursa/exp/ursa_ws/src/core/shell.cpp:371]   --->   Operation 495 'load' 'mxm_execute_ursa_signed_char_unsigned_short_unsigned_char_unsigned_short_i_801' <Predicate = true> <Delay = 0.00>
ST_9 : Operation 496 [1/1] (0.00ns)   --->   "%mxm_execute_ursa_signed_char_unsigned_short_unsigned_char_unsigned_short_i_802 = load i8 %mxm_execute_ursa_signed_char_unsigned_short_unsigned_char_unsigned_short_i_61" [/home/fi/Documents/GitHub/ursa/exp/ursa_ws/src/core/pe.cpp:18->/home/fi/Documents/GitHub/ursa/exp/ursa_ws/src/core/sa.cpp:109->/home/fi/Documents/GitHub/ursa/exp/ursa_ws/src/core/shell.cpp:371]   --->   Operation 496 'load' 'mxm_execute_ursa_signed_char_unsigned_short_unsigned_char_unsigned_short_i_802' <Predicate = true> <Delay = 0.00>
ST_9 : Operation 497 [1/1] (0.00ns)   --->   "%mxm_execute_ursa_signed_char_unsigned_short_unsigned_char_unsigned_short_i_803 = load i8 %mxm_execute_ursa_signed_char_unsigned_short_unsigned_char_unsigned_short_i_62" [/home/fi/Documents/GitHub/ursa/exp/ursa_ws/src/core/pe.cpp:18->/home/fi/Documents/GitHub/ursa/exp/ursa_ws/src/core/sa.cpp:109->/home/fi/Documents/GitHub/ursa/exp/ursa_ws/src/core/shell.cpp:371]   --->   Operation 497 'load' 'mxm_execute_ursa_signed_char_unsigned_short_unsigned_char_unsigned_short_i_803' <Predicate = true> <Delay = 0.00>
ST_9 : Operation 498 [1/1] (0.00ns)   --->   "%mxm_execute_ursa_signed_char_unsigned_short_unsigned_char_unsigned_short_i_804 = load i8 %mxm_execute_ursa_signed_char_unsigned_short_unsigned_char_unsigned_short_i_63" [/home/fi/Documents/GitHub/ursa/exp/ursa_ws/src/core/pe.cpp:18->/home/fi/Documents/GitHub/ursa/exp/ursa_ws/src/core/sa.cpp:109->/home/fi/Documents/GitHub/ursa/exp/ursa_ws/src/core/shell.cpp:371]   --->   Operation 498 'load' 'mxm_execute_ursa_signed_char_unsigned_short_unsigned_char_unsigned_short_i_804' <Predicate = true> <Delay = 0.00>
ST_9 : Operation 499 [1/1] (0.00ns)   --->   "%mxm_execute_ursa_signed_char_unsigned_short_unsigned_char_unsigned_short_i_805 = load i8 %mxm_execute_ursa_signed_char_unsigned_short_unsigned_char_unsigned_short_i_64" [/home/fi/Documents/GitHub/ursa/exp/ursa_ws/src/core/pe.cpp:18->/home/fi/Documents/GitHub/ursa/exp/ursa_ws/src/core/sa.cpp:109->/home/fi/Documents/GitHub/ursa/exp/ursa_ws/src/core/shell.cpp:371]   --->   Operation 499 'load' 'mxm_execute_ursa_signed_char_unsigned_short_unsigned_char_unsigned_short_i_805' <Predicate = true> <Delay = 0.00>
ST_9 : Operation 500 [1/1] (0.00ns)   --->   "%mxm_execute_ursa_signed_char_unsigned_short_unsigned_char_unsigned_short_i_806 = load i8 %mxm_execute_ursa_signed_char_unsigned_short_unsigned_char_unsigned_short_i_66" [/home/fi/Documents/GitHub/ursa/exp/ursa_ws/src/core/pe.cpp:18->/home/fi/Documents/GitHub/ursa/exp/ursa_ws/src/core/sa.cpp:109->/home/fi/Documents/GitHub/ursa/exp/ursa_ws/src/core/shell.cpp:371]   --->   Operation 500 'load' 'mxm_execute_ursa_signed_char_unsigned_short_unsigned_char_unsigned_short_i_806' <Predicate = true> <Delay = 0.00>
ST_9 : Operation 501 [1/1] (0.00ns)   --->   "%mxm_execute_ursa_signed_char_unsigned_short_unsigned_char_unsigned_short_i_807 = load i8 %mxm_execute_ursa_signed_char_unsigned_short_unsigned_char_unsigned_short_i_67" [/home/fi/Documents/GitHub/ursa/exp/ursa_ws/src/core/pe.cpp:18->/home/fi/Documents/GitHub/ursa/exp/ursa_ws/src/core/sa.cpp:109->/home/fi/Documents/GitHub/ursa/exp/ursa_ws/src/core/shell.cpp:371]   --->   Operation 501 'load' 'mxm_execute_ursa_signed_char_unsigned_short_unsigned_char_unsigned_short_i_807' <Predicate = true> <Delay = 0.00>
ST_9 : Operation 502 [1/1] (0.00ns)   --->   "%mxm_execute_ursa_signed_char_unsigned_short_unsigned_char_unsigned_short_i_808 = load i8 %mxm_execute_ursa_signed_char_unsigned_short_unsigned_char_unsigned_short_i_68" [/home/fi/Documents/GitHub/ursa/exp/ursa_ws/src/core/pe.cpp:18->/home/fi/Documents/GitHub/ursa/exp/ursa_ws/src/core/sa.cpp:109->/home/fi/Documents/GitHub/ursa/exp/ursa_ws/src/core/shell.cpp:371]   --->   Operation 502 'load' 'mxm_execute_ursa_signed_char_unsigned_short_unsigned_char_unsigned_short_i_808' <Predicate = true> <Delay = 0.00>
ST_9 : Operation 503 [1/1] (0.00ns)   --->   "%mxm_execute_ursa_signed_char_unsigned_short_unsigned_char_unsigned_short_i_809 = load i8 %mxm_execute_ursa_signed_char_unsigned_short_unsigned_char_unsigned_short_i_69" [/home/fi/Documents/GitHub/ursa/exp/ursa_ws/src/core/pe.cpp:18->/home/fi/Documents/GitHub/ursa/exp/ursa_ws/src/core/sa.cpp:109->/home/fi/Documents/GitHub/ursa/exp/ursa_ws/src/core/shell.cpp:371]   --->   Operation 503 'load' 'mxm_execute_ursa_signed_char_unsigned_short_unsigned_char_unsigned_short_i_809' <Predicate = true> <Delay = 0.00>
ST_9 : Operation 504 [1/1] (0.00ns)   --->   "%mxm_execute_ursa_signed_char_unsigned_short_unsigned_char_unsigned_short_i_810 = load i8 %mxm_execute_ursa_signed_char_unsigned_short_unsigned_char_unsigned_short_i_70" [/home/fi/Documents/GitHub/ursa/exp/ursa_ws/src/core/pe.cpp:18->/home/fi/Documents/GitHub/ursa/exp/ursa_ws/src/core/sa.cpp:109->/home/fi/Documents/GitHub/ursa/exp/ursa_ws/src/core/shell.cpp:371]   --->   Operation 504 'load' 'mxm_execute_ursa_signed_char_unsigned_short_unsigned_char_unsigned_short_i_810' <Predicate = true> <Delay = 0.00>
ST_9 : Operation 505 [1/1] (0.00ns)   --->   "%mxm_execute_ursa_signed_char_unsigned_short_unsigned_char_unsigned_short_i_811 = load i8 %mxm_execute_ursa_signed_char_unsigned_short_unsigned_char_unsigned_short_i_71" [/home/fi/Documents/GitHub/ursa/exp/ursa_ws/src/core/pe.cpp:18->/home/fi/Documents/GitHub/ursa/exp/ursa_ws/src/core/sa.cpp:109->/home/fi/Documents/GitHub/ursa/exp/ursa_ws/src/core/shell.cpp:371]   --->   Operation 505 'load' 'mxm_execute_ursa_signed_char_unsigned_short_unsigned_char_unsigned_short_i_811' <Predicate = true> <Delay = 0.00>
ST_9 : Operation 506 [1/1] (0.00ns)   --->   "%mxm_execute_ursa_signed_char_unsigned_short_unsigned_char_unsigned_short_i_812 = load i8 %mxm_execute_ursa_signed_char_unsigned_short_unsigned_char_unsigned_short_i_72" [/home/fi/Documents/GitHub/ursa/exp/ursa_ws/src/core/pe.cpp:18->/home/fi/Documents/GitHub/ursa/exp/ursa_ws/src/core/sa.cpp:109->/home/fi/Documents/GitHub/ursa/exp/ursa_ws/src/core/shell.cpp:371]   --->   Operation 506 'load' 'mxm_execute_ursa_signed_char_unsigned_short_unsigned_char_unsigned_short_i_812' <Predicate = true> <Delay = 0.00>
ST_9 : Operation 507 [1/1] (0.00ns)   --->   "%mxm_execute_ursa_signed_char_unsigned_short_unsigned_char_unsigned_short_i_813 = load i8 %mxm_execute_ursa_signed_char_unsigned_short_unsigned_char_unsigned_short_i_73" [/home/fi/Documents/GitHub/ursa/exp/ursa_ws/src/core/pe.cpp:18->/home/fi/Documents/GitHub/ursa/exp/ursa_ws/src/core/sa.cpp:109->/home/fi/Documents/GitHub/ursa/exp/ursa_ws/src/core/shell.cpp:371]   --->   Operation 507 'load' 'mxm_execute_ursa_signed_char_unsigned_short_unsigned_char_unsigned_short_i_813' <Predicate = true> <Delay = 0.00>
ST_9 : Operation 508 [1/1] (0.00ns)   --->   "%mxm_execute_ursa_signed_char_unsigned_short_unsigned_char_unsigned_short_i_814 = load i8 %mxm_execute_ursa_signed_char_unsigned_short_unsigned_char_unsigned_short_i_74" [/home/fi/Documents/GitHub/ursa/exp/ursa_ws/src/core/pe.cpp:18->/home/fi/Documents/GitHub/ursa/exp/ursa_ws/src/core/sa.cpp:109->/home/fi/Documents/GitHub/ursa/exp/ursa_ws/src/core/shell.cpp:371]   --->   Operation 508 'load' 'mxm_execute_ursa_signed_char_unsigned_short_unsigned_char_unsigned_short_i_814' <Predicate = true> <Delay = 0.00>
ST_9 : Operation 509 [1/1] (0.00ns)   --->   "%mxm_execute_ursa_signed_char_unsigned_short_unsigned_char_unsigned_short_i_815 = load i8 %mxm_execute_ursa_signed_char_unsigned_short_unsigned_char_unsigned_short_i_75" [/home/fi/Documents/GitHub/ursa/exp/ursa_ws/src/core/pe.cpp:18->/home/fi/Documents/GitHub/ursa/exp/ursa_ws/src/core/sa.cpp:109->/home/fi/Documents/GitHub/ursa/exp/ursa_ws/src/core/shell.cpp:371]   --->   Operation 509 'load' 'mxm_execute_ursa_signed_char_unsigned_short_unsigned_char_unsigned_short_i_815' <Predicate = true> <Delay = 0.00>
ST_9 : Operation 510 [1/1] (0.00ns)   --->   "%mxm_execute_ursa_signed_char_unsigned_short_unsigned_char_unsigned_short_i_816 = load i8 %mxm_execute_ursa_signed_char_unsigned_short_unsigned_char_unsigned_short_i_77" [/home/fi/Documents/GitHub/ursa/exp/ursa_ws/src/core/pe.cpp:18->/home/fi/Documents/GitHub/ursa/exp/ursa_ws/src/core/sa.cpp:109->/home/fi/Documents/GitHub/ursa/exp/ursa_ws/src/core/shell.cpp:371]   --->   Operation 510 'load' 'mxm_execute_ursa_signed_char_unsigned_short_unsigned_char_unsigned_short_i_816' <Predicate = true> <Delay = 0.00>
ST_9 : Operation 511 [1/1] (0.00ns)   --->   "%mxm_execute_ursa_signed_char_unsigned_short_unsigned_char_unsigned_short_i_817 = load i8 %mxm_execute_ursa_signed_char_unsigned_short_unsigned_char_unsigned_short_i_78" [/home/fi/Documents/GitHub/ursa/exp/ursa_ws/src/core/pe.cpp:18->/home/fi/Documents/GitHub/ursa/exp/ursa_ws/src/core/sa.cpp:109->/home/fi/Documents/GitHub/ursa/exp/ursa_ws/src/core/shell.cpp:371]   --->   Operation 511 'load' 'mxm_execute_ursa_signed_char_unsigned_short_unsigned_char_unsigned_short_i_817' <Predicate = true> <Delay = 0.00>
ST_9 : Operation 512 [1/1] (0.00ns)   --->   "%mxm_execute_ursa_signed_char_unsigned_short_unsigned_char_unsigned_short_i_818 = load i8 %mxm_execute_ursa_signed_char_unsigned_short_unsigned_char_unsigned_short_i_79" [/home/fi/Documents/GitHub/ursa/exp/ursa_ws/src/core/pe.cpp:18->/home/fi/Documents/GitHub/ursa/exp/ursa_ws/src/core/sa.cpp:109->/home/fi/Documents/GitHub/ursa/exp/ursa_ws/src/core/shell.cpp:371]   --->   Operation 512 'load' 'mxm_execute_ursa_signed_char_unsigned_short_unsigned_char_unsigned_short_i_818' <Predicate = true> <Delay = 0.00>
ST_9 : Operation 513 [1/1] (0.00ns)   --->   "%mxm_execute_ursa_signed_char_unsigned_short_unsigned_char_unsigned_short_i_819 = load i8 %mxm_execute_ursa_signed_char_unsigned_short_unsigned_char_unsigned_short_i_80" [/home/fi/Documents/GitHub/ursa/exp/ursa_ws/src/core/pe.cpp:18->/home/fi/Documents/GitHub/ursa/exp/ursa_ws/src/core/sa.cpp:109->/home/fi/Documents/GitHub/ursa/exp/ursa_ws/src/core/shell.cpp:371]   --->   Operation 513 'load' 'mxm_execute_ursa_signed_char_unsigned_short_unsigned_char_unsigned_short_i_819' <Predicate = true> <Delay = 0.00>
ST_9 : Operation 514 [1/1] (0.00ns)   --->   "%mxm_execute_ursa_signed_char_unsigned_short_unsigned_char_unsigned_short_i_820 = load i8 %mxm_execute_ursa_signed_char_unsigned_short_unsigned_char_unsigned_short_i_81" [/home/fi/Documents/GitHub/ursa/exp/ursa_ws/src/core/pe.cpp:18->/home/fi/Documents/GitHub/ursa/exp/ursa_ws/src/core/sa.cpp:109->/home/fi/Documents/GitHub/ursa/exp/ursa_ws/src/core/shell.cpp:371]   --->   Operation 514 'load' 'mxm_execute_ursa_signed_char_unsigned_short_unsigned_char_unsigned_short_i_820' <Predicate = true> <Delay = 0.00>
ST_9 : Operation 515 [1/1] (0.00ns)   --->   "%mxm_execute_ursa_signed_char_unsigned_short_unsigned_char_unsigned_short_i_821 = load i8 %mxm_execute_ursa_signed_char_unsigned_short_unsigned_char_unsigned_short_i_82" [/home/fi/Documents/GitHub/ursa/exp/ursa_ws/src/core/pe.cpp:18->/home/fi/Documents/GitHub/ursa/exp/ursa_ws/src/core/sa.cpp:109->/home/fi/Documents/GitHub/ursa/exp/ursa_ws/src/core/shell.cpp:371]   --->   Operation 515 'load' 'mxm_execute_ursa_signed_char_unsigned_short_unsigned_char_unsigned_short_i_821' <Predicate = true> <Delay = 0.00>
ST_9 : Operation 516 [1/1] (0.00ns)   --->   "%mxm_execute_ursa_signed_char_unsigned_short_unsigned_char_unsigned_short_i_822 = load i8 %mxm_execute_ursa_signed_char_unsigned_short_unsigned_char_unsigned_short_i_83" [/home/fi/Documents/GitHub/ursa/exp/ursa_ws/src/core/pe.cpp:18->/home/fi/Documents/GitHub/ursa/exp/ursa_ws/src/core/sa.cpp:109->/home/fi/Documents/GitHub/ursa/exp/ursa_ws/src/core/shell.cpp:371]   --->   Operation 516 'load' 'mxm_execute_ursa_signed_char_unsigned_short_unsigned_char_unsigned_short_i_822' <Predicate = true> <Delay = 0.00>
ST_9 : Operation 517 [1/1] (0.00ns)   --->   "%mxm_execute_ursa_signed_char_unsigned_short_unsigned_char_unsigned_short_i_823 = load i8 %mxm_execute_ursa_signed_char_unsigned_short_unsigned_char_unsigned_short_i_84" [/home/fi/Documents/GitHub/ursa/exp/ursa_ws/src/core/pe.cpp:18->/home/fi/Documents/GitHub/ursa/exp/ursa_ws/src/core/sa.cpp:109->/home/fi/Documents/GitHub/ursa/exp/ursa_ws/src/core/shell.cpp:371]   --->   Operation 517 'load' 'mxm_execute_ursa_signed_char_unsigned_short_unsigned_char_unsigned_short_i_823' <Predicate = true> <Delay = 0.00>
ST_9 : Operation 518 [1/1] (0.00ns)   --->   "%mxm_execute_ursa_signed_char_unsigned_short_unsigned_char_unsigned_short_i_824 = load i8 %mxm_execute_ursa_signed_char_unsigned_short_unsigned_char_unsigned_short_i_85" [/home/fi/Documents/GitHub/ursa/exp/ursa_ws/src/core/pe.cpp:18->/home/fi/Documents/GitHub/ursa/exp/ursa_ws/src/core/sa.cpp:109->/home/fi/Documents/GitHub/ursa/exp/ursa_ws/src/core/shell.cpp:371]   --->   Operation 518 'load' 'mxm_execute_ursa_signed_char_unsigned_short_unsigned_char_unsigned_short_i_824' <Predicate = true> <Delay = 0.00>
ST_9 : Operation 519 [1/1] (0.00ns)   --->   "%mxm_execute_ursa_signed_char_unsigned_short_unsigned_char_unsigned_short_i_825 = load i8 %mxm_execute_ursa_signed_char_unsigned_short_unsigned_char_unsigned_short_i_86" [/home/fi/Documents/GitHub/ursa/exp/ursa_ws/src/core/pe.cpp:18->/home/fi/Documents/GitHub/ursa/exp/ursa_ws/src/core/sa.cpp:109->/home/fi/Documents/GitHub/ursa/exp/ursa_ws/src/core/shell.cpp:371]   --->   Operation 519 'load' 'mxm_execute_ursa_signed_char_unsigned_short_unsigned_char_unsigned_short_i_825' <Predicate = true> <Delay = 0.00>
ST_9 : Operation 520 [1/1] (0.00ns)   --->   "%mxm_execute_ursa_signed_char_unsigned_short_unsigned_char_unsigned_short_i_826 = load i8 %mxm_execute_ursa_signed_char_unsigned_short_unsigned_char_unsigned_short_i_88" [/home/fi/Documents/GitHub/ursa/exp/ursa_ws/src/core/pe.cpp:18->/home/fi/Documents/GitHub/ursa/exp/ursa_ws/src/core/sa.cpp:109->/home/fi/Documents/GitHub/ursa/exp/ursa_ws/src/core/shell.cpp:371]   --->   Operation 520 'load' 'mxm_execute_ursa_signed_char_unsigned_short_unsigned_char_unsigned_short_i_826' <Predicate = true> <Delay = 0.00>
ST_9 : Operation 521 [1/1] (0.00ns)   --->   "%mxm_execute_ursa_signed_char_unsigned_short_unsigned_char_unsigned_short_i_827 = load i8 %mxm_execute_ursa_signed_char_unsigned_short_unsigned_char_unsigned_short_i_89" [/home/fi/Documents/GitHub/ursa/exp/ursa_ws/src/core/pe.cpp:18->/home/fi/Documents/GitHub/ursa/exp/ursa_ws/src/core/sa.cpp:109->/home/fi/Documents/GitHub/ursa/exp/ursa_ws/src/core/shell.cpp:371]   --->   Operation 521 'load' 'mxm_execute_ursa_signed_char_unsigned_short_unsigned_char_unsigned_short_i_827' <Predicate = true> <Delay = 0.00>
ST_9 : Operation 522 [1/1] (0.00ns)   --->   "%mxm_execute_ursa_signed_char_unsigned_short_unsigned_char_unsigned_short_i_828 = load i8 %mxm_execute_ursa_signed_char_unsigned_short_unsigned_char_unsigned_short_i_96" [/home/fi/Documents/GitHub/ursa/exp/ursa_ws/src/core/pe.cpp:18->/home/fi/Documents/GitHub/ursa/exp/ursa_ws/src/core/sa.cpp:109->/home/fi/Documents/GitHub/ursa/exp/ursa_ws/src/core/shell.cpp:371]   --->   Operation 522 'load' 'mxm_execute_ursa_signed_char_unsigned_short_unsigned_char_unsigned_short_i_828' <Predicate = true> <Delay = 0.00>
ST_9 : Operation 523 [1/1] (0.00ns)   --->   "%mxm_execute_ursa_signed_char_unsigned_short_unsigned_char_unsigned_short_i_829 = load i8 %mxm_execute_ursa_signed_char_unsigned_short_unsigned_char_unsigned_short_i_243" [/home/fi/Documents/GitHub/ursa/exp/ursa_ws/src/core/pe.cpp:18->/home/fi/Documents/GitHub/ursa/exp/ursa_ws/src/core/sa.cpp:109->/home/fi/Documents/GitHub/ursa/exp/ursa_ws/src/core/shell.cpp:371]   --->   Operation 523 'load' 'mxm_execute_ursa_signed_char_unsigned_short_unsigned_char_unsigned_short_i_829' <Predicate = true> <Delay = 0.00>
ST_9 : Operation 524 [1/1] (0.00ns)   --->   "%mxm_execute_ursa_signed_char_unsigned_short_unsigned_char_unsigned_short_i_830 = load i8 %mxm_execute_ursa_signed_char_unsigned_short_unsigned_char_unsigned_short_i_232" [/home/fi/Documents/GitHub/ursa/exp/ursa_ws/src/core/pe.cpp:18->/home/fi/Documents/GitHub/ursa/exp/ursa_ws/src/core/sa.cpp:109->/home/fi/Documents/GitHub/ursa/exp/ursa_ws/src/core/shell.cpp:371]   --->   Operation 524 'load' 'mxm_execute_ursa_signed_char_unsigned_short_unsigned_char_unsigned_short_i_830' <Predicate = true> <Delay = 0.00>
ST_9 : Operation 525 [1/1] (0.00ns)   --->   "%mxm_execute_ursa_signed_char_unsigned_short_unsigned_char_unsigned_short_i_831 = load i8 %mxm_execute_ursa_signed_char_unsigned_short_unsigned_char_unsigned_short_i_221" [/home/fi/Documents/GitHub/ursa/exp/ursa_ws/src/core/pe.cpp:18->/home/fi/Documents/GitHub/ursa/exp/ursa_ws/src/core/sa.cpp:109->/home/fi/Documents/GitHub/ursa/exp/ursa_ws/src/core/shell.cpp:371]   --->   Operation 525 'load' 'mxm_execute_ursa_signed_char_unsigned_short_unsigned_char_unsigned_short_i_831' <Predicate = true> <Delay = 0.00>
ST_9 : Operation 526 [1/1] (0.00ns)   --->   "%mxm_execute_ursa_signed_char_unsigned_short_unsigned_char_unsigned_short_i_832 = load i8 %mxm_execute_ursa_signed_char_unsigned_short_unsigned_char_unsigned_short_i_210" [/home/fi/Documents/GitHub/ursa/exp/ursa_ws/src/core/pe.cpp:18->/home/fi/Documents/GitHub/ursa/exp/ursa_ws/src/core/sa.cpp:109->/home/fi/Documents/GitHub/ursa/exp/ursa_ws/src/core/shell.cpp:371]   --->   Operation 526 'load' 'mxm_execute_ursa_signed_char_unsigned_short_unsigned_char_unsigned_short_i_832' <Predicate = true> <Delay = 0.00>
ST_9 : Operation 527 [1/1] (0.00ns)   --->   "%mxm_execute_ursa_signed_char_unsigned_short_unsigned_char_unsigned_short_i_833 = load i8 %mxm_execute_ursa_signed_char_unsigned_short_unsigned_char_unsigned_short_i_199" [/home/fi/Documents/GitHub/ursa/exp/ursa_ws/src/core/pe.cpp:18->/home/fi/Documents/GitHub/ursa/exp/ursa_ws/src/core/sa.cpp:109->/home/fi/Documents/GitHub/ursa/exp/ursa_ws/src/core/shell.cpp:371]   --->   Operation 527 'load' 'mxm_execute_ursa_signed_char_unsigned_short_unsigned_char_unsigned_short_i_833' <Predicate = true> <Delay = 0.00>
ST_9 : Operation 528 [1/1] (0.00ns)   --->   "%mxm_execute_ursa_signed_char_unsigned_short_unsigned_char_unsigned_short_i_834 = load i8 %mxm_execute_ursa_signed_char_unsigned_short_unsigned_char_unsigned_short_i_188" [/home/fi/Documents/GitHub/ursa/exp/ursa_ws/src/core/pe.cpp:18->/home/fi/Documents/GitHub/ursa/exp/ursa_ws/src/core/sa.cpp:109->/home/fi/Documents/GitHub/ursa/exp/ursa_ws/src/core/shell.cpp:371]   --->   Operation 528 'load' 'mxm_execute_ursa_signed_char_unsigned_short_unsigned_char_unsigned_short_i_834' <Predicate = true> <Delay = 0.00>
ST_9 : Operation 529 [1/1] (0.00ns)   --->   "%mxm_execute_ursa_signed_char_unsigned_short_unsigned_char_unsigned_short_i_835 = load i8 %mxm_execute_ursa_signed_char_unsigned_short_unsigned_char_unsigned_short_i_177" [/home/fi/Documents/GitHub/ursa/exp/ursa_ws/src/core/pe.cpp:18->/home/fi/Documents/GitHub/ursa/exp/ursa_ws/src/core/sa.cpp:109->/home/fi/Documents/GitHub/ursa/exp/ursa_ws/src/core/shell.cpp:371]   --->   Operation 529 'load' 'mxm_execute_ursa_signed_char_unsigned_short_unsigned_char_unsigned_short_i_835' <Predicate = true> <Delay = 0.00>
ST_9 : Operation 530 [1/1] (0.00ns)   --->   "%mxm_execute_ursa_signed_char_unsigned_short_unsigned_char_unsigned_short_i_836 = load i8 %mxm_execute_ursa_signed_char_unsigned_short_unsigned_char_unsigned_short_i_10" [/home/fi/Documents/GitHub/ursa/exp/ursa_ws/src/core/pe.cpp:18->/home/fi/Documents/GitHub/ursa/exp/ursa_ws/src/core/sa.cpp:109->/home/fi/Documents/GitHub/ursa/exp/ursa_ws/src/core/shell.cpp:371]   --->   Operation 530 'load' 'mxm_execute_ursa_signed_char_unsigned_short_unsigned_char_unsigned_short_i_836' <Predicate = true> <Delay = 0.00>
ST_9 : Operation 531 [1/1] (0.00ns)   --->   "%mxm_execute_ursa_signed_char_unsigned_short_unsigned_char_unsigned_short_i_837 = load i8 %mxm_execute_ursa_signed_char_unsigned_short_unsigned_char_unsigned_short_i_21" [/home/fi/Documents/GitHub/ursa/exp/ursa_ws/src/core/pe.cpp:18->/home/fi/Documents/GitHub/ursa/exp/ursa_ws/src/core/sa.cpp:109->/home/fi/Documents/GitHub/ursa/exp/ursa_ws/src/core/shell.cpp:371]   --->   Operation 531 'load' 'mxm_execute_ursa_signed_char_unsigned_short_unsigned_char_unsigned_short_i_837' <Predicate = true> <Delay = 0.00>
ST_9 : Operation 532 [1/1] (0.00ns)   --->   "%mxm_execute_ursa_signed_char_unsigned_short_unsigned_char_unsigned_short_i_838 = load i8 %mxm_execute_ursa_signed_char_unsigned_short_unsigned_char_unsigned_short_i_32" [/home/fi/Documents/GitHub/ursa/exp/ursa_ws/src/core/pe.cpp:18->/home/fi/Documents/GitHub/ursa/exp/ursa_ws/src/core/sa.cpp:109->/home/fi/Documents/GitHub/ursa/exp/ursa_ws/src/core/shell.cpp:371]   --->   Operation 532 'load' 'mxm_execute_ursa_signed_char_unsigned_short_unsigned_char_unsigned_short_i_838' <Predicate = true> <Delay = 0.00>
ST_9 : Operation 533 [1/1] (0.00ns)   --->   "%mxm_execute_ursa_signed_char_unsigned_short_unsigned_char_unsigned_short_i_839 = load i8 %mxm_execute_ursa_signed_char_unsigned_short_unsigned_char_unsigned_short_i_43" [/home/fi/Documents/GitHub/ursa/exp/ursa_ws/src/core/pe.cpp:18->/home/fi/Documents/GitHub/ursa/exp/ursa_ws/src/core/sa.cpp:109->/home/fi/Documents/GitHub/ursa/exp/ursa_ws/src/core/shell.cpp:371]   --->   Operation 533 'load' 'mxm_execute_ursa_signed_char_unsigned_short_unsigned_char_unsigned_short_i_839' <Predicate = true> <Delay = 0.00>
ST_9 : Operation 534 [1/1] (0.00ns)   --->   "%mxm_execute_ursa_signed_char_unsigned_short_unsigned_char_unsigned_short_i_840 = load i8 %mxm_execute_ursa_signed_char_unsigned_short_unsigned_char_unsigned_short_i_54" [/home/fi/Documents/GitHub/ursa/exp/ursa_ws/src/core/pe.cpp:18->/home/fi/Documents/GitHub/ursa/exp/ursa_ws/src/core/sa.cpp:109->/home/fi/Documents/GitHub/ursa/exp/ursa_ws/src/core/shell.cpp:371]   --->   Operation 534 'load' 'mxm_execute_ursa_signed_char_unsigned_short_unsigned_char_unsigned_short_i_840' <Predicate = true> <Delay = 0.00>
ST_9 : Operation 535 [1/1] (0.00ns)   --->   "%mxm_execute_ursa_signed_char_unsigned_short_unsigned_char_unsigned_short_i_841 = load i8 %mxm_execute_ursa_signed_char_unsigned_short_unsigned_char_unsigned_short_i_65" [/home/fi/Documents/GitHub/ursa/exp/ursa_ws/src/core/pe.cpp:18->/home/fi/Documents/GitHub/ursa/exp/ursa_ws/src/core/sa.cpp:109->/home/fi/Documents/GitHub/ursa/exp/ursa_ws/src/core/shell.cpp:371]   --->   Operation 535 'load' 'mxm_execute_ursa_signed_char_unsigned_short_unsigned_char_unsigned_short_i_841' <Predicate = true> <Delay = 0.00>
ST_9 : Operation 536 [1/1] (0.00ns)   --->   "%mxm_execute_ursa_signed_char_unsigned_short_unsigned_char_unsigned_short_i_842 = load i8 %mxm_execute_ursa_signed_char_unsigned_short_unsigned_char_unsigned_short_i_76" [/home/fi/Documents/GitHub/ursa/exp/ursa_ws/src/core/pe.cpp:18->/home/fi/Documents/GitHub/ursa/exp/ursa_ws/src/core/sa.cpp:109->/home/fi/Documents/GitHub/ursa/exp/ursa_ws/src/core/shell.cpp:371]   --->   Operation 536 'load' 'mxm_execute_ursa_signed_char_unsigned_short_unsigned_char_unsigned_short_i_842' <Predicate = true> <Delay = 0.00>
ST_9 : Operation 537 [1/1] (0.00ns)   --->   "%mxm_execute_ursa_signed_char_unsigned_short_unsigned_char_unsigned_short_i_843 = load i8 %mxm_execute_ursa_signed_char_unsigned_short_unsigned_char_unsigned_short_i_87" [/home/fi/Documents/GitHub/ursa/exp/ursa_ws/src/core/pe.cpp:18->/home/fi/Documents/GitHub/ursa/exp/ursa_ws/src/core/sa.cpp:109->/home/fi/Documents/GitHub/ursa/exp/ursa_ws/src/core/shell.cpp:371]   --->   Operation 537 'load' 'mxm_execute_ursa_signed_char_unsigned_short_unsigned_char_unsigned_short_i_843' <Predicate = true> <Delay = 0.00>
ST_9 : Operation 538 [1/1] (0.00ns)   --->   "%mxm_execute_ursa_signed_char_unsigned_short_unsigned_char_unsigned_short_i_844 = load i8 %mxm_execute_ursa_signed_char_unsigned_short_unsigned_char_unsigned_short_i_176" [/home/fi/Documents/GitHub/ursa/exp/ursa_ws/src/core/pe.cpp:18->/home/fi/Documents/GitHub/ursa/exp/ursa_ws/src/core/sa.cpp:109->/home/fi/Documents/GitHub/ursa/exp/ursa_ws/src/core/shell.cpp:371]   --->   Operation 538 'load' 'mxm_execute_ursa_signed_char_unsigned_short_unsigned_char_unsigned_short_i_844' <Predicate = true> <Delay = 0.00>
ST_9 : Operation 539 [1/1] (0.00ns)   --->   "%mxm_execute_ursa_signed_char_unsigned_short_unsigned_char_unsigned_short_i_845 = load i8 %mxm_execute_ursa_signed_char_unsigned_short_unsigned_char_unsigned_short_i_175" [/home/fi/Documents/GitHub/ursa/exp/ursa_ws/src/core/pe.cpp:18->/home/fi/Documents/GitHub/ursa/exp/ursa_ws/src/core/sa.cpp:109->/home/fi/Documents/GitHub/ursa/exp/ursa_ws/src/core/shell.cpp:371]   --->   Operation 539 'load' 'mxm_execute_ursa_signed_char_unsigned_short_unsigned_char_unsigned_short_i_845' <Predicate = true> <Delay = 0.00>
ST_9 : Operation 540 [2/2] (1.58ns)   --->   "%call_ln18 = call void @mxm_execute_ursa_Pipeline_VITIS_LOOP_361_6, i8 %mxm_execute_ursa_signed_char_unsigned_short_unsigned_char_unsigned_short_i_726, i8 %mxm_execute_ursa_signed_char_unsigned_short_unsigned_char_unsigned_short_i_727, i8 %mxm_execute_ursa_signed_char_unsigned_short_unsigned_char_unsigned_short_i_728, i8 %mxm_execute_ursa_signed_char_unsigned_short_unsigned_char_unsigned_short_i_729, i8 %mxm_execute_ursa_signed_char_unsigned_short_unsigned_char_unsigned_short_i_730, i8 %mxm_execute_ursa_signed_char_unsigned_short_unsigned_char_unsigned_short_i_731, i8 %mxm_execute_ursa_signed_char_unsigned_short_unsigned_char_unsigned_short_i_732, i8 %mxm_execute_ursa_signed_char_unsigned_short_unsigned_char_unsigned_short_i_733, i8 %mxm_execute_ursa_signed_char_unsigned_short_unsigned_char_unsigned_short_i_734, i8 %mxm_execute_ursa_signed_char_unsigned_short_unsigned_char_unsigned_short_i_735, i8 %mxm_execute_ursa_signed_char_unsigned_short_unsigned_char_unsigned_short_i_736, i8 %mxm_execute_ursa_signed_char_unsigned_short_unsigned_char_unsigned_short_i_737, i8 %mxm_execute_ursa_signed_char_unsigned_short_unsigned_char_unsigned_short_i_738, i8 %mxm_execute_ursa_signed_char_unsigned_short_unsigned_char_unsigned_short_i_739, i8 %mxm_execute_ursa_signed_char_unsigned_short_unsigned_char_unsigned_short_i_740, i8 %mxm_execute_ursa_signed_char_unsigned_short_unsigned_char_unsigned_short_i_741, i8 %mxm_execute_ursa_signed_char_unsigned_short_unsigned_char_unsigned_short_i_742, i8 %mxm_execute_ursa_signed_char_unsigned_short_unsigned_char_unsigned_short_i_743, i8 %mxm_execute_ursa_signed_char_unsigned_short_unsigned_char_unsigned_short_i_744, i8 %mxm_execute_ursa_signed_char_unsigned_short_unsigned_char_unsigned_short_i_745, i8 %mxm_execute_ursa_signed_char_unsigned_short_unsigned_char_unsigned_short_i_746, i8 %mxm_execute_ursa_signed_char_unsigned_short_unsigned_char_unsigned_short_i_747, i8 %mxm_execute_ursa_signed_char_unsigned_short_unsigned_char_unsigned_short_i_748, i8 %mxm_execute_ursa_signed_char_unsigned_short_unsigned_char_unsigned_short_i_749, i8 %mxm_execute_ursa_signed_char_unsigned_short_unsigned_char_unsigned_short_i_750, i8 %mxm_execute_ursa_signed_char_unsigned_short_unsigned_char_unsigned_short_i_751, i8 %mxm_execute_ursa_signed_char_unsigned_short_unsigned_char_unsigned_short_i_752, i8 %mxm_execute_ursa_signed_char_unsigned_short_unsigned_char_unsigned_short_i_753, i8 %mxm_execute_ursa_signed_char_unsigned_short_unsigned_char_unsigned_short_i_754, i8 %mxm_execute_ursa_signed_char_unsigned_short_unsigned_char_unsigned_short_i_755, i8 %mxm_execute_ursa_signed_char_unsigned_short_unsigned_char_unsigned_short_i_756, i8 %mxm_execute_ursa_signed_char_unsigned_short_unsigned_char_unsigned_short_i_757, i8 %mxm_execute_ursa_signed_char_unsigned_short_unsigned_char_unsigned_short_i_758, i8 %mxm_execute_ursa_signed_char_unsigned_short_unsigned_char_unsigned_short_i_759, i8 %mxm_execute_ursa_signed_char_unsigned_short_unsigned_char_unsigned_short_i_760, i8 %mxm_execute_ursa_signed_char_unsigned_short_unsigned_char_unsigned_short_i_761, i8 %mxm_execute_ursa_signed_char_unsigned_short_unsigned_char_unsigned_short_i_762, i8 %mxm_execute_ursa_signed_char_unsigned_short_unsigned_char_unsigned_short_i_763, i8 %mxm_execute_ursa_signed_char_unsigned_short_unsigned_char_unsigned_short_i_764, i8 %mxm_execute_ursa_signed_char_unsigned_short_unsigned_char_unsigned_short_i_765, i8 %mxm_execute_ursa_signed_char_unsigned_short_unsigned_char_unsigned_short_i_766, i8 %mxm_execute_ursa_signed_char_unsigned_short_unsigned_char_unsigned_short_i_767, i8 %mxm_execute_ursa_signed_char_unsigned_short_unsigned_char_unsigned_short_i_768, i8 %mxm_execute_ursa_signed_char_unsigned_short_unsigned_char_unsigned_short_i_769, i8 %mxm_execute_ursa_signed_char_unsigned_short_unsigned_char_unsigned_short_i_770, i8 %mxm_execute_ursa_signed_char_unsigned_short_unsigned_char_unsigned_short_i_771, i8 %mxm_execute_ursa_signed_char_unsigned_short_unsigned_char_unsigned_short_i_772, i8 %mxm_execute_ursa_signed_char_unsigned_short_unsigned_char_unsigned_short_i_773, i8 %mxm_execute_ursa_signed_char_unsigned_short_unsigned_char_unsigned_short_i_774, i8 %mxm_execute_ursa_signed_char_unsigned_short_unsigned_char_unsigned_short_i_775, i8 %mxm_execute_ursa_signed_char_unsigned_short_unsigned_char_unsigned_short_i_776, i8 %mxm_execute_ursa_signed_char_unsigned_short_unsigned_char_unsigned_short_i_777, i8 %mxm_execute_ursa_signed_char_unsigned_short_unsigned_char_unsigned_short_i_778, i8 %mxm_execute_ursa_signed_char_unsigned_short_unsigned_char_unsigned_short_i_779, i8 %mxm_execute_ursa_signed_char_unsigned_short_unsigned_char_unsigned_short_i_780, i8 %mxm_execute_ursa_signed_char_unsigned_short_unsigned_char_unsigned_short_i_781, i8 %bi, i8 %mxm_execute_ursa_signed_char_unsigned_short_unsigned_char_unsigned_short_i_829, i8 %mxm_execute_ursa_signed_char_unsigned_short_unsigned_char_unsigned_short_i_830, i8 %mxm_execute_ursa_signed_char_unsigned_short_unsigned_char_unsigned_short_i_831, i8 %mxm_execute_ursa_signed_char_unsigned_short_unsigned_char_unsigned_short_i_832, i8 %mxm_execute_ursa_signed_char_unsigned_short_unsigned_char_unsigned_short_i_833, i8 %mxm_execute_ursa_signed_char_unsigned_short_unsigned_char_unsigned_short_i_834, i8 %mxm_execute_ursa_signed_char_unsigned_short_unsigned_char_unsigned_short_i_835, i8 %mxm_execute_ursa_signed_char_unsigned_short_unsigned_char_unsigned_short_i_836, i8 %mxm_execute_ursa_signed_char_unsigned_short_unsigned_char_unsigned_short_i_837, i8 %mxm_execute_ursa_signed_char_unsigned_short_unsigned_char_unsigned_short_i_838, i8 %mxm_execute_ursa_signed_char_unsigned_short_unsigned_char_unsigned_short_i_839, i8 %mxm_execute_ursa_signed_char_unsigned_short_unsigned_char_unsigned_short_i_840, i8 %mxm_execute_ursa_signed_char_unsigned_short_unsigned_char_unsigned_short_i_841, i8 %mxm_execute_ursa_signed_char_unsigned_short_unsigned_char_unsigned_short_i_842, i8 %mxm_execute_ursa_signed_char_unsigned_short_unsigned_char_unsigned_short_i_843, i8 %mxm_execute_ursa_signed_char_unsigned_short_unsigned_char_unsigned_short_i_844, i8 %mxm_execute_ursa_signed_char_unsigned_short_unsigned_char_unsigned_short_i_845, i8 %mxm_execute_ursa_signed_char_unsigned_short_unsigned_char_unsigned_short_i_782, i8 %mxm_execute_ursa_signed_char_unsigned_short_unsigned_char_unsigned_short_i_783, i8 %mxm_execute_ursa_signed_char_unsigned_short_unsigned_char_unsigned_short_i_784, i8 %mxm_execute_ursa_signed_char_unsigned_short_unsigned_char_unsigned_short_i_785, i8 %mxm_execute_ursa_signed_char_unsigned_short_unsigned_char_unsigned_short_i_786, i8 %mxm_execute_ursa_signed_char_unsigned_short_unsigned_char_unsigned_short_i_787, i8 %mxm_execute_ursa_signed_char_unsigned_short_unsigned_char_unsigned_short_i_788, i8 %mxm_execute_ursa_signed_char_unsigned_short_unsigned_char_unsigned_short_i_790, i8 %mxm_execute_ursa_signed_char_unsigned_short_unsigned_char_unsigned_short_i_791, i8 %mxm_execute_ursa_signed_char_unsigned_short_unsigned_char_unsigned_short_i_792, i8 %mxm_execute_ursa_signed_char_unsigned_short_unsigned_char_unsigned_short_i_793, i8 %mxm_execute_ursa_signed_char_unsigned_short_unsigned_char_unsigned_short_i_794, i8 %mxm_execute_ursa_signed_char_unsigned_short_unsigned_char_unsigned_short_i_795, i8 %mxm_execute_ursa_signed_char_unsigned_short_unsigned_char_unsigned_short_i_796, i8 %mxm_execute_ursa_signed_char_unsigned_short_unsigned_char_unsigned_short_i_797, i8 %mxm_execute_ursa_signed_char_unsigned_short_unsigned_char_unsigned_short_i_798, i8 %mxm_execute_ursa_signed_char_unsigned_short_unsigned_char_unsigned_short_i_799, i8 %mxm_execute_ursa_signed_char_unsigned_short_unsigned_char_unsigned_short_i_800, i8 %mxm_execute_ursa_signed_char_unsigned_short_unsigned_char_unsigned_short_i_801, i8 %mxm_execute_ursa_signed_char_unsigned_short_unsigned_char_unsigned_short_i_802, i8 %mxm_execute_ursa_signed_char_unsigned_short_unsigned_char_unsigned_short_i_803, i8 %mxm_execute_ursa_signed_char_unsigned_short_unsigned_char_unsigned_short_i_804, i8 %mxm_execute_ursa_signed_char_unsigned_short_unsigned_char_unsigned_short_i_805, i8 %mxm_execute_ursa_signed_char_unsigned_short_unsigned_char_unsigned_short_i_806, i8 %mxm_execute_ursa_signed_char_unsigned_short_unsigned_char_unsigned_short_i_807, i8 %mxm_execute_ursa_signed_char_unsigned_short_unsigned_char_unsigned_short_i_808, i8 %mxm_execute_ursa_signed_char_unsigned_short_unsigned_char_unsigned_short_i_809, i8 %mxm_execute_ursa_signed_char_unsigned_short_unsigned_char_unsigned_short_i_810, i8 %mxm_execute_ursa_signed_char_unsigned_short_unsigned_char_unsigned_short_i_811, i8 %mxm_execute_ursa_signed_char_unsigned_short_unsigned_char_unsigned_short_i_812, i8 %mxm_execute_ursa_signed_char_unsigned_short_unsigned_char_unsigned_short_i_813, i8 %mxm_execute_ursa_signed_char_unsigned_short_unsigned_char_unsigned_short_i_814, i8 %mxm_execute_ursa_signed_char_unsigned_short_unsigned_char_unsigned_short_i_815, i8 %mxm_execute_ursa_signed_char_unsigned_short_unsigned_char_unsigned_short_i_816, i8 %mxm_execute_ursa_signed_char_unsigned_short_unsigned_char_unsigned_short_i_817, i8 %mxm_execute_ursa_signed_char_unsigned_short_unsigned_char_unsigned_short_i_818, i8 %mxm_execute_ursa_signed_char_unsigned_short_unsigned_char_unsigned_short_i_819, i8 %mxm_execute_ursa_signed_char_unsigned_short_unsigned_char_unsigned_short_i_820, i8 %mxm_execute_ursa_signed_char_unsigned_short_unsigned_char_unsigned_short_i_821, i8 %mxm_execute_ursa_signed_char_unsigned_short_unsigned_char_unsigned_short_i_822, i8 %mxm_execute_ursa_signed_char_unsigned_short_unsigned_char_unsigned_short_i_823, i8 %mxm_execute_ursa_signed_char_unsigned_short_unsigned_char_unsigned_short_i_824, i8 %mxm_execute_ursa_signed_char_unsigned_short_unsigned_char_unsigned_short_i_825, i8 %mxm_execute_ursa_signed_char_unsigned_short_unsigned_char_unsigned_short_i_826, i8 %mxm_execute_ursa_signed_char_unsigned_short_unsigned_char_unsigned_short_i_827, i8 %mxm_execute_ursa_signed_char_unsigned_short_unsigned_char_unsigned_short_i_828, i32 %c_tile_acc, i13 %trunc_ln334, i16 %base_col_B, i16 %b0_q_read, i1 %cmp15_i_phi_loc_load, i64 %addr_b0_read, i32 %add_ln331, i1 %cmp15_1_i_phi_loc_load, i16 %b0_q_read, i1 %cmp15_2_i_phi_loc_load, i1 %cmp15_3_i_phi_loc_load, i16 %b0_q_read, i1 %cmp15_4_i_phi_loc_load, i1 %cmp15_5_i_phi_loc_load, i1 %cmp15_6_i_phi_loc_load, i8 %mxm_execute_ursa_signed_char_unsigned_short_unsigned_char_unsigned_short_i_789, i1 %cmp15_7_i_phi_loc_load, i16 %b0_q_read, i8 %mxm_execute_ursa_signed_char_unsigned_short_unsigned_char_unsigned_short_i_557, i8 %mxm_execute_ursa_signed_char_unsigned_short_unsigned_char_unsigned_short_i_556, i8 %mxm_execute_ursa_signed_char_unsigned_short_unsigned_char_unsigned_short_i_555, i8 %mxm_execute_ursa_signed_char_unsigned_short_unsigned_char_unsigned_short_i_554, i8 %mxm_execute_ursa_signed_char_unsigned_short_unsigned_char_unsigned_short_i_553, i8 %mxm_execute_ursa_signed_char_unsigned_short_unsigned_char_unsigned_short_i_552, i8 %mxm_execute_ursa_signed_char_unsigned_short_unsigned_char_unsigned_short_i_551, i8 %mxm_execute_ursa_signed_char_unsigned_short_unsigned_char_unsigned_short_i_550, i8 %mxm_execute_ursa_signed_char_unsigned_short_unsigned_char_unsigned_short_i_549, i8 %mxm_execute_ursa_signed_char_unsigned_short_unsigned_char_unsigned_short_i_548, i8 %mxm_execute_ursa_signed_char_unsigned_short_unsigned_char_unsigned_short_i_547, i8 %mxm_execute_ursa_signed_char_unsigned_short_unsigned_char_unsigned_short_i_546, i8 %mxm_execute_ursa_signed_char_unsigned_short_unsigned_char_unsigned_short_i_545, i8 %mxm_execute_ursa_signed_char_unsigned_short_unsigned_char_unsigned_short_i_544, i8 %mxm_execute_ursa_signed_char_unsigned_short_unsigned_char_unsigned_short_i_543, i8 %mxm_execute_ursa_signed_char_unsigned_short_unsigned_char_unsigned_short_i_542, i8 %mxm_execute_ursa_signed_char_unsigned_short_unsigned_char_unsigned_short_i_541, i8 %mxm_execute_ursa_signed_char_unsigned_short_unsigned_char_unsigned_short_i_540, i8 %mxm_execute_ursa_signed_char_unsigned_short_unsigned_char_unsigned_short_i_539, i8 %mxm_execute_ursa_signed_char_unsigned_short_unsigned_char_unsigned_short_i_251, i8 %mxm_execute_ursa_signed_char_unsigned_short_unsigned_char_unsigned_short_i_252, i8 %mxm_execute_ursa_signed_char_unsigned_short_unsigned_char_unsigned_short_i_253, i8 %mxm_execute_ursa_signed_char_unsigned_short_unsigned_char_unsigned_short_i_254, i8 %mxm_execute_ursa_signed_char_unsigned_short_unsigned_char_unsigned_short_i_255, i8 %mxm_execute_ursa_signed_char_unsigned_short_unsigned_char_unsigned_short_i_256, i8 %mxm_execute_ursa_signed_char_unsigned_short_unsigned_char_unsigned_short_i_257, i8 %mxm_execute_ursa_signed_char_unsigned_short_unsigned_char_unsigned_short_i_258, i8 %mxm_execute_ursa_signed_char_unsigned_short_unsigned_char_unsigned_short_i_259, i8 %mxm_execute_ursa_signed_char_unsigned_short_unsigned_char_unsigned_short_i_260, i8 %mxm_execute_ursa_signed_char_unsigned_short_unsigned_char_unsigned_short_i_261, i8 %mxm_execute_ursa_signed_char_unsigned_short_unsigned_char_unsigned_short_i_262, i8 %mxm_execute_ursa_signed_char_unsigned_short_unsigned_char_unsigned_short_i_263, i8 %mxm_execute_ursa_signed_char_unsigned_short_unsigned_char_unsigned_short_i_264, i8 %mxm_execute_ursa_signed_char_unsigned_short_unsigned_char_unsigned_short_i_265, i8 %mxm_execute_ursa_signed_char_unsigned_short_unsigned_char_unsigned_short_i_266, i8 %mxm_execute_ursa_signed_char_unsigned_short_unsigned_char_unsigned_short_i_267, i8 %mxm_execute_ursa_signed_char_unsigned_short_unsigned_char_unsigned_short_i_268, i8 %mxm_execute_ursa_signed_char_unsigned_short_unsigned_char_unsigned_short_i_269, i8 %mxm_execute_ursa_signed_char_unsigned_short_unsigned_char_unsigned_short_i_270, i8 %mxm_execute_ursa_signed_char_unsigned_short_unsigned_char_unsigned_short_i_271, i8 %mxm_execute_ursa_signed_char_unsigned_short_unsigned_char_unsigned_short_i_272, i8 %mxm_execute_ursa_signed_char_unsigned_short_unsigned_char_unsigned_short_i_273, i8 %mxm_execute_ursa_signed_char_unsigned_short_unsigned_char_unsigned_short_i_274, i8 %mxm_execute_ursa_signed_char_unsigned_short_unsigned_char_unsigned_short_i_275, i8 %mxm_execute_ursa_signed_char_unsigned_short_unsigned_char_unsigned_short_i_276, i8 %mxm_execute_ursa_signed_char_unsigned_short_unsigned_char_unsigned_short_i_277, i8 %mxm_execute_ursa_signed_char_unsigned_short_unsigned_char_unsigned_short_i_278, i8 %mxm_execute_ursa_signed_char_unsigned_short_unsigned_char_unsigned_short_i_279, i8 %mxm_execute_ursa_signed_char_unsigned_short_unsigned_char_unsigned_short_i_280, i8 %mxm_execute_ursa_signed_char_unsigned_short_unsigned_char_unsigned_short_i_281, i8 %mxm_execute_ursa_signed_char_unsigned_short_unsigned_char_unsigned_short_i_282, i8 %mxm_execute_ursa_signed_char_unsigned_short_unsigned_char_unsigned_short_i_283, i8 %mxm_execute_ursa_signed_char_unsigned_short_unsigned_char_unsigned_short_i_284, i8 %mxm_execute_ursa_signed_char_unsigned_short_unsigned_char_unsigned_short_i_285, i8 %mxm_execute_ursa_signed_char_unsigned_short_unsigned_char_unsigned_short_i_286, i8 %mxm_execute_ursa_signed_char_unsigned_short_unsigned_char_unsigned_short_i_287, i8 %mxm_execute_ursa_signed_char_unsigned_short_unsigned_char_unsigned_short_i_226, i32 %mxm_execute_ursa_signed_char_unsigned_short_unsigned_char_unsigned_short_i_249, i32 %mxm_execute_ursa_signed_char_unsigned_short_unsigned_char_unsigned_short_i_248, i32 %mxm_execute_ursa_signed_char_unsigned_short_unsigned_char_unsigned_short_i_247, i32 %mxm_execute_ursa_signed_char_unsigned_short_unsigned_char_unsigned_short_i_246, i32 %mxm_execute_ursa_signed_char_unsigned_short_unsigned_char_unsigned_short_i_245, i32 %mxm_execute_ursa_signed_char_unsigned_short_unsigned_char_unsigned_short_i_244, i32 %mxm_execute_ursa_signed_char_unsigned_short_unsigned_char_unsigned_short_i_242, i32 %mxm_execute_ursa_signed_char_unsigned_short_unsigned_char_unsigned_short_i_241, i32 %mxm_execute_ursa_signed_char_unsigned_short_unsigned_char_unsigned_short_i_240, i32 %mxm_execute_ursa_signed_char_unsigned_short_unsigned_char_unsigned_short_i_239, i32 %mxm_execute_ursa_signed_char_unsigned_short_unsigned_char_unsigned_short_i_238, i32 %mxm_execute_ursa_signed_char_unsigned_short_unsigned_char_unsigned_short_i_237, i32 %mxm_execute_ursa_signed_char_unsigned_short_unsigned_char_unsigned_short_i_236, i32 %mxm_execute_ursa_signed_char_unsigned_short_unsigned_char_unsigned_short_i_235, i32 %mxm_execute_ursa_signed_char_unsigned_short_unsigned_char_unsigned_short_i_38, i32 %mxm_execute_ursa_signed_char_unsigned_short_unsigned_char_unsigned_short_i_29, i32 %mxm_execute_ursa_signed_char_unsigned_short_unsigned_char_unsigned_short_i_20, i32 %mxm_execute_ursa_signed_char_unsigned_short_unsigned_char_unsigned_short_i_12, i32 %mxm_execute_ursa_signed_char_unsigned_short_unsigned_char_unsigned_short_i_3, i32 %mxm_execute_ursa_signed_char_unsigned_short_unsigned_char_unsigned_short_i_93, i32 %mxm_execute_ursa_signed_char_unsigned_short_unsigned_char_unsigned_short_i_37, i32 %mxm_execute_ursa_signed_char_unsigned_short_unsigned_char_unsigned_short_i_28, i32 %mxm_execute_ursa_signed_char_unsigned_short_unsigned_char_unsigned_short_i_19, i32 %mxm_execute_ursa_signed_char_unsigned_short_unsigned_char_unsigned_short_i_11, i32 %mxm_execute_ursa_signed_char_unsigned_short_unsigned_char_unsigned_short_i_2, i32 %mxm_execute_ursa_signed_char_unsigned_short_unsigned_char_unsigned_short_i_94, i32 %mxm_execute_ursa_signed_char_unsigned_short_unsigned_char_unsigned_short_i_36, i32 %mxm_execute_ursa_signed_char_unsigned_short_unsigned_char_unsigned_short_i_27, i32 %mxm_execute_ursa_signed_char_unsigned_short_unsigned_char_unsigned_short_i_18, i32 %mxm_execute_ursa_signed_char_unsigned_short_unsigned_char_unsigned_short_i_9, i32 %mxm_execute_ursa_signed_char_unsigned_short_unsigned_char_unsigned_short_i_1, i32 %mxm_execute_ursa_signed_char_unsigned_short_unsigned_char_unsigned_short_i_95, i32 %mxm_execute_ursa_signed_char_unsigned_short_unsigned_char_unsigned_short_i_35, i32 %mxm_execute_ursa_signed_char_unsigned_short_unsigned_char_unsigned_short_i_26, i32 %mxm_execute_ursa_signed_char_unsigned_short_unsigned_char_unsigned_short_i_17, i32 %mxm_execute_ursa_signed_char_unsigned_short_unsigned_char_unsigned_short_i_8, i32 %mxm_execute_ursa_signed_char_unsigned_short_unsigned_char_unsigned_short_i, i32 %mxm_execute_ursa_signed_char_unsigned_short_unsigned_char_unsigned_short_i_97, i32 %mxm_execute_ursa_signed_char_unsigned_short_unsigned_char_unsigned_short_i_34, i32 %mxm_execute_ursa_signed_char_unsigned_short_unsigned_char_unsigned_short_i_25, i32 %mxm_execute_ursa_signed_char_unsigned_short_unsigned_char_unsigned_short_i_16, i32 %mxm_execute_ursa_signed_char_unsigned_short_unsigned_char_unsigned_short_i_7, i32 %mxm_execute_ursa_signed_char_unsigned_short_unsigned_char_unsigned_short_i_90, i32 %mxm_execute_ursa_signed_char_unsigned_short_unsigned_char_unsigned_short_i_98, i32 %mxm_execute_ursa_signed_char_unsigned_short_unsigned_char_unsigned_short_i_33, i32 %mxm_execute_ursa_signed_char_unsigned_short_unsigned_char_unsigned_short_i_24, i32 %mxm_execute_ursa_signed_char_unsigned_short_unsigned_char_unsigned_short_i_15, i32 %mxm_execute_ursa_signed_char_unsigned_short_unsigned_char_unsigned_short_i_6, i32 %mxm_execute_ursa_signed_char_unsigned_short_unsigned_char_unsigned_short_i_91, i32 %mxm_execute_ursa_signed_char_unsigned_short_unsigned_char_unsigned_short_i_99, i32 %mxm_execute_ursa_signed_char_unsigned_short_unsigned_char_unsigned_short_i_31, i32 %mxm_execute_ursa_signed_char_unsigned_short_unsigned_char_unsigned_short_i_23, i32 %mxm_execute_ursa_signed_char_unsigned_short_unsigned_char_unsigned_short_i_14, i32 %mxm_execute_ursa_signed_char_unsigned_short_unsigned_char_unsigned_short_i_5, i32 %mxm_execute_ursa_signed_char_unsigned_short_unsigned_char_unsigned_short_i_92, i32 %mxm_execute_ursa_signed_char_unsigned_short_unsigned_char_unsigned_short_i_250, i8 %mxm_execute_ursa_signed_char_unsigned_short_unsigned_char_unsigned_short_i_234, i8 %mxm_execute_ursa_signed_char_unsigned_short_unsigned_char_unsigned_short_i_233, i8 %mxm_execute_ursa_signed_char_unsigned_short_unsigned_char_unsigned_short_i_231, i8 %mxm_execute_ursa_signed_char_unsigned_short_unsigned_char_unsigned_short_i_230, i8 %mxm_execute_ursa_signed_char_unsigned_short_unsigned_char_unsigned_short_i_229, i8 %mxm_execute_ursa_signed_char_unsigned_short_unsigned_char_unsigned_short_i_228, i8 %mxm_execute_ursa_signed_char_unsigned_short_unsigned_char_unsigned_short_i_227, i8 %mxm_execute_ursa_signed_char_unsigned_short_unsigned_char_unsigned_short_i_225, i8 %mxm_execute_ursa_signed_char_unsigned_short_unsigned_char_unsigned_short_i_224, i8 %mxm_execute_ursa_signed_char_unsigned_short_unsigned_char_unsigned_short_i_223, i8 %mxm_execute_ursa_signed_char_unsigned_short_unsigned_char_unsigned_short_i_222, i8 %mxm_execute_ursa_signed_char_unsigned_short_unsigned_char_unsigned_short_i_220, i8 %mxm_execute_ursa_signed_char_unsigned_short_unsigned_char_unsigned_short_i_219, i8 %mxm_execute_ursa_signed_char_unsigned_short_unsigned_char_unsigned_short_i_218, i8 %mxm_execute_ursa_signed_char_unsigned_short_unsigned_char_unsigned_short_i_217, i8 %mxm_execute_ursa_signed_char_unsigned_short_unsigned_char_unsigned_short_i_216, i8 %mxm_execute_ursa_signed_char_unsigned_short_unsigned_char_unsigned_short_i_215, i8 %mxm_execute_ursa_signed_char_unsigned_short_unsigned_char_unsigned_short_i_214, i8 %mxm_execute_ursa_signed_char_unsigned_short_unsigned_char_unsigned_short_i_213, i8 %mxm_execute_ursa_signed_char_unsigned_short_unsigned_char_unsigned_short_i_212, i8 %mxm_execute_ursa_signed_char_unsigned_short_unsigned_char_unsigned_short_i_211, i8 %mxm_execute_ursa_signed_char_unsigned_short_unsigned_char_unsigned_short_i_209, i8 %mxm_execute_ursa_signed_char_unsigned_short_unsigned_char_unsigned_short_i_208, i8 %mxm_execute_ursa_signed_char_unsigned_short_unsigned_char_unsigned_short_i_207, i8 %mxm_execute_ursa_signed_char_unsigned_short_unsigned_char_unsigned_short_i_206, i8 %mxm_execute_ursa_signed_char_unsigned_short_unsigned_char_unsigned_short_i_205, i8 %mxm_execute_ursa_signed_char_unsigned_short_unsigned_char_unsigned_short_i_204, i8 %mxm_execute_ursa_signed_char_unsigned_short_unsigned_char_unsigned_short_i_203, i8 %mxm_execute_ursa_signed_char_unsigned_short_unsigned_char_unsigned_short_i_202, i8 %mxm_execute_ursa_signed_char_unsigned_short_unsigned_char_unsigned_short_i_201, i8 %mxm_execute_ursa_signed_char_unsigned_short_unsigned_char_unsigned_short_i_200, i8 %mxm_execute_ursa_signed_char_unsigned_short_unsigned_char_unsigned_short_i_198, i8 %mxm_execute_ursa_signed_char_unsigned_short_unsigned_char_unsigned_short_i_197, i8 %mxm_execute_ursa_signed_char_unsigned_short_unsigned_char_unsigned_short_i_196, i8 %mxm_execute_ursa_signed_char_unsigned_short_unsigned_char_unsigned_short_i_195, i8 %mxm_execute_ursa_signed_char_unsigned_short_unsigned_char_unsigned_short_i_194, i8 %mxm_execute_ursa_signed_char_unsigned_short_unsigned_char_unsigned_short_i_193, i8 %mxm_execute_ursa_signed_char_unsigned_short_unsigned_char_unsigned_short_i_192, i8 %mxm_execute_ursa_signed_char_unsigned_short_unsigned_char_unsigned_short_i_191, i8 %mxm_execute_ursa_signed_char_unsigned_short_unsigned_char_unsigned_short_i_190, i8 %mxm_execute_ursa_signed_char_unsigned_short_unsigned_char_unsigned_short_i_189, i8 %mxm_execute_ursa_signed_char_unsigned_short_unsigned_char_unsigned_short_i_187, i8 %mxm_execute_ursa_signed_char_unsigned_short_unsigned_char_unsigned_short_i_186, i8 %mxm_execute_ursa_signed_char_unsigned_short_unsigned_char_unsigned_short_i_185, i8 %mxm_execute_ursa_signed_char_unsigned_short_unsigned_char_unsigned_short_i_184, i8 %mxm_execute_ursa_signed_char_unsigned_short_unsigned_char_unsigned_short_i_183, i8 %mxm_execute_ursa_signed_char_unsigned_short_unsigned_char_unsigned_short_i_182, i8 %mxm_execute_ursa_signed_char_unsigned_short_unsigned_char_unsigned_short_i_181, i8 %mxm_execute_ursa_signed_char_unsigned_short_unsigned_char_unsigned_short_i_180, i8 %mxm_execute_ursa_signed_char_unsigned_short_unsigned_char_unsigned_short_i_179, i8 %mxm_execute_ursa_signed_char_unsigned_short_unsigned_char_unsigned_short_i_178, i8 %mxm_execute_ursa_signed_char_unsigned_short_unsigned_char_unsigned_short_i_4, i8 %mxm_execute_ursa_signed_char_unsigned_short_unsigned_char_unsigned_short_i_13, i8 %mxm_execute_ursa_signed_char_unsigned_short_unsigned_char_unsigned_short_i_22, i8 %mxm_execute_ursa_signed_char_unsigned_short_unsigned_char_unsigned_short_i_30" [/home/fi/Documents/GitHub/ursa/exp/ursa_ws/src/core/pe.cpp:18->/home/fi/Documents/GitHub/ursa/exp/ursa_ws/src/core/sa.cpp:109->/home/fi/Documents/GitHub/ursa/exp/ursa_ws/src/core/shell.cpp:371]   --->   Operation 540 'call' 'call_ln18' <Predicate = true> <Delay = 1.58> <CoreType = "Generic">   --->   Core 0 '' <Latency = 0> <II = 1> <Delay = 1.00> <Generic> <Opcode : >

State 10 <SV = 9> <Delay = 0.00>
ST_10 : Operation 541 [1/1] (0.00ns)   --->   "%specloopname_ln328 = specloopname void @_ssdm_op_SpecLoopName, void @empty_19" [/home/fi/Documents/GitHub/ursa/exp/ursa_ws/src/core/shell.cpp:328]   --->   Operation 541 'specloopname' 'specloopname_ln328' <Predicate = true> <Delay = 0.00>
ST_10 : Operation 542 [1/2] (0.00ns)   --->   "%call_ln18 = call void @mxm_execute_ursa_Pipeline_VITIS_LOOP_361_6, i8 %mxm_execute_ursa_signed_char_unsigned_short_unsigned_char_unsigned_short_i_726, i8 %mxm_execute_ursa_signed_char_unsigned_short_unsigned_char_unsigned_short_i_727, i8 %mxm_execute_ursa_signed_char_unsigned_short_unsigned_char_unsigned_short_i_728, i8 %mxm_execute_ursa_signed_char_unsigned_short_unsigned_char_unsigned_short_i_729, i8 %mxm_execute_ursa_signed_char_unsigned_short_unsigned_char_unsigned_short_i_730, i8 %mxm_execute_ursa_signed_char_unsigned_short_unsigned_char_unsigned_short_i_731, i8 %mxm_execute_ursa_signed_char_unsigned_short_unsigned_char_unsigned_short_i_732, i8 %mxm_execute_ursa_signed_char_unsigned_short_unsigned_char_unsigned_short_i_733, i8 %mxm_execute_ursa_signed_char_unsigned_short_unsigned_char_unsigned_short_i_734, i8 %mxm_execute_ursa_signed_char_unsigned_short_unsigned_char_unsigned_short_i_735, i8 %mxm_execute_ursa_signed_char_unsigned_short_unsigned_char_unsigned_short_i_736, i8 %mxm_execute_ursa_signed_char_unsigned_short_unsigned_char_unsigned_short_i_737, i8 %mxm_execute_ursa_signed_char_unsigned_short_unsigned_char_unsigned_short_i_738, i8 %mxm_execute_ursa_signed_char_unsigned_short_unsigned_char_unsigned_short_i_739, i8 %mxm_execute_ursa_signed_char_unsigned_short_unsigned_char_unsigned_short_i_740, i8 %mxm_execute_ursa_signed_char_unsigned_short_unsigned_char_unsigned_short_i_741, i8 %mxm_execute_ursa_signed_char_unsigned_short_unsigned_char_unsigned_short_i_742, i8 %mxm_execute_ursa_signed_char_unsigned_short_unsigned_char_unsigned_short_i_743, i8 %mxm_execute_ursa_signed_char_unsigned_short_unsigned_char_unsigned_short_i_744, i8 %mxm_execute_ursa_signed_char_unsigned_short_unsigned_char_unsigned_short_i_745, i8 %mxm_execute_ursa_signed_char_unsigned_short_unsigned_char_unsigned_short_i_746, i8 %mxm_execute_ursa_signed_char_unsigned_short_unsigned_char_unsigned_short_i_747, i8 %mxm_execute_ursa_signed_char_unsigned_short_unsigned_char_unsigned_short_i_748, i8 %mxm_execute_ursa_signed_char_unsigned_short_unsigned_char_unsigned_short_i_749, i8 %mxm_execute_ursa_signed_char_unsigned_short_unsigned_char_unsigned_short_i_750, i8 %mxm_execute_ursa_signed_char_unsigned_short_unsigned_char_unsigned_short_i_751, i8 %mxm_execute_ursa_signed_char_unsigned_short_unsigned_char_unsigned_short_i_752, i8 %mxm_execute_ursa_signed_char_unsigned_short_unsigned_char_unsigned_short_i_753, i8 %mxm_execute_ursa_signed_char_unsigned_short_unsigned_char_unsigned_short_i_754, i8 %mxm_execute_ursa_signed_char_unsigned_short_unsigned_char_unsigned_short_i_755, i8 %mxm_execute_ursa_signed_char_unsigned_short_unsigned_char_unsigned_short_i_756, i8 %mxm_execute_ursa_signed_char_unsigned_short_unsigned_char_unsigned_short_i_757, i8 %mxm_execute_ursa_signed_char_unsigned_short_unsigned_char_unsigned_short_i_758, i8 %mxm_execute_ursa_signed_char_unsigned_short_unsigned_char_unsigned_short_i_759, i8 %mxm_execute_ursa_signed_char_unsigned_short_unsigned_char_unsigned_short_i_760, i8 %mxm_execute_ursa_signed_char_unsigned_short_unsigned_char_unsigned_short_i_761, i8 %mxm_execute_ursa_signed_char_unsigned_short_unsigned_char_unsigned_short_i_762, i8 %mxm_execute_ursa_signed_char_unsigned_short_unsigned_char_unsigned_short_i_763, i8 %mxm_execute_ursa_signed_char_unsigned_short_unsigned_char_unsigned_short_i_764, i8 %mxm_execute_ursa_signed_char_unsigned_short_unsigned_char_unsigned_short_i_765, i8 %mxm_execute_ursa_signed_char_unsigned_short_unsigned_char_unsigned_short_i_766, i8 %mxm_execute_ursa_signed_char_unsigned_short_unsigned_char_unsigned_short_i_767, i8 %mxm_execute_ursa_signed_char_unsigned_short_unsigned_char_unsigned_short_i_768, i8 %mxm_execute_ursa_signed_char_unsigned_short_unsigned_char_unsigned_short_i_769, i8 %mxm_execute_ursa_signed_char_unsigned_short_unsigned_char_unsigned_short_i_770, i8 %mxm_execute_ursa_signed_char_unsigned_short_unsigned_char_unsigned_short_i_771, i8 %mxm_execute_ursa_signed_char_unsigned_short_unsigned_char_unsigned_short_i_772, i8 %mxm_execute_ursa_signed_char_unsigned_short_unsigned_char_unsigned_short_i_773, i8 %mxm_execute_ursa_signed_char_unsigned_short_unsigned_char_unsigned_short_i_774, i8 %mxm_execute_ursa_signed_char_unsigned_short_unsigned_char_unsigned_short_i_775, i8 %mxm_execute_ursa_signed_char_unsigned_short_unsigned_char_unsigned_short_i_776, i8 %mxm_execute_ursa_signed_char_unsigned_short_unsigned_char_unsigned_short_i_777, i8 %mxm_execute_ursa_signed_char_unsigned_short_unsigned_char_unsigned_short_i_778, i8 %mxm_execute_ursa_signed_char_unsigned_short_unsigned_char_unsigned_short_i_779, i8 %mxm_execute_ursa_signed_char_unsigned_short_unsigned_char_unsigned_short_i_780, i8 %mxm_execute_ursa_signed_char_unsigned_short_unsigned_char_unsigned_short_i_781, i8 %bi, i8 %mxm_execute_ursa_signed_char_unsigned_short_unsigned_char_unsigned_short_i_829, i8 %mxm_execute_ursa_signed_char_unsigned_short_unsigned_char_unsigned_short_i_830, i8 %mxm_execute_ursa_signed_char_unsigned_short_unsigned_char_unsigned_short_i_831, i8 %mxm_execute_ursa_signed_char_unsigned_short_unsigned_char_unsigned_short_i_832, i8 %mxm_execute_ursa_signed_char_unsigned_short_unsigned_char_unsigned_short_i_833, i8 %mxm_execute_ursa_signed_char_unsigned_short_unsigned_char_unsigned_short_i_834, i8 %mxm_execute_ursa_signed_char_unsigned_short_unsigned_char_unsigned_short_i_835, i8 %mxm_execute_ursa_signed_char_unsigned_short_unsigned_char_unsigned_short_i_836, i8 %mxm_execute_ursa_signed_char_unsigned_short_unsigned_char_unsigned_short_i_837, i8 %mxm_execute_ursa_signed_char_unsigned_short_unsigned_char_unsigned_short_i_838, i8 %mxm_execute_ursa_signed_char_unsigned_short_unsigned_char_unsigned_short_i_839, i8 %mxm_execute_ursa_signed_char_unsigned_short_unsigned_char_unsigned_short_i_840, i8 %mxm_execute_ursa_signed_char_unsigned_short_unsigned_char_unsigned_short_i_841, i8 %mxm_execute_ursa_signed_char_unsigned_short_unsigned_char_unsigned_short_i_842, i8 %mxm_execute_ursa_signed_char_unsigned_short_unsigned_char_unsigned_short_i_843, i8 %mxm_execute_ursa_signed_char_unsigned_short_unsigned_char_unsigned_short_i_844, i8 %mxm_execute_ursa_signed_char_unsigned_short_unsigned_char_unsigned_short_i_845, i8 %mxm_execute_ursa_signed_char_unsigned_short_unsigned_char_unsigned_short_i_782, i8 %mxm_execute_ursa_signed_char_unsigned_short_unsigned_char_unsigned_short_i_783, i8 %mxm_execute_ursa_signed_char_unsigned_short_unsigned_char_unsigned_short_i_784, i8 %mxm_execute_ursa_signed_char_unsigned_short_unsigned_char_unsigned_short_i_785, i8 %mxm_execute_ursa_signed_char_unsigned_short_unsigned_char_unsigned_short_i_786, i8 %mxm_execute_ursa_signed_char_unsigned_short_unsigned_char_unsigned_short_i_787, i8 %mxm_execute_ursa_signed_char_unsigned_short_unsigned_char_unsigned_short_i_788, i8 %mxm_execute_ursa_signed_char_unsigned_short_unsigned_char_unsigned_short_i_790, i8 %mxm_execute_ursa_signed_char_unsigned_short_unsigned_char_unsigned_short_i_791, i8 %mxm_execute_ursa_signed_char_unsigned_short_unsigned_char_unsigned_short_i_792, i8 %mxm_execute_ursa_signed_char_unsigned_short_unsigned_char_unsigned_short_i_793, i8 %mxm_execute_ursa_signed_char_unsigned_short_unsigned_char_unsigned_short_i_794, i8 %mxm_execute_ursa_signed_char_unsigned_short_unsigned_char_unsigned_short_i_795, i8 %mxm_execute_ursa_signed_char_unsigned_short_unsigned_char_unsigned_short_i_796, i8 %mxm_execute_ursa_signed_char_unsigned_short_unsigned_char_unsigned_short_i_797, i8 %mxm_execute_ursa_signed_char_unsigned_short_unsigned_char_unsigned_short_i_798, i8 %mxm_execute_ursa_signed_char_unsigned_short_unsigned_char_unsigned_short_i_799, i8 %mxm_execute_ursa_signed_char_unsigned_short_unsigned_char_unsigned_short_i_800, i8 %mxm_execute_ursa_signed_char_unsigned_short_unsigned_char_unsigned_short_i_801, i8 %mxm_execute_ursa_signed_char_unsigned_short_unsigned_char_unsigned_short_i_802, i8 %mxm_execute_ursa_signed_char_unsigned_short_unsigned_char_unsigned_short_i_803, i8 %mxm_execute_ursa_signed_char_unsigned_short_unsigned_char_unsigned_short_i_804, i8 %mxm_execute_ursa_signed_char_unsigned_short_unsigned_char_unsigned_short_i_805, i8 %mxm_execute_ursa_signed_char_unsigned_short_unsigned_char_unsigned_short_i_806, i8 %mxm_execute_ursa_signed_char_unsigned_short_unsigned_char_unsigned_short_i_807, i8 %mxm_execute_ursa_signed_char_unsigned_short_unsigned_char_unsigned_short_i_808, i8 %mxm_execute_ursa_signed_char_unsigned_short_unsigned_char_unsigned_short_i_809, i8 %mxm_execute_ursa_signed_char_unsigned_short_unsigned_char_unsigned_short_i_810, i8 %mxm_execute_ursa_signed_char_unsigned_short_unsigned_char_unsigned_short_i_811, i8 %mxm_execute_ursa_signed_char_unsigned_short_unsigned_char_unsigned_short_i_812, i8 %mxm_execute_ursa_signed_char_unsigned_short_unsigned_char_unsigned_short_i_813, i8 %mxm_execute_ursa_signed_char_unsigned_short_unsigned_char_unsigned_short_i_814, i8 %mxm_execute_ursa_signed_char_unsigned_short_unsigned_char_unsigned_short_i_815, i8 %mxm_execute_ursa_signed_char_unsigned_short_unsigned_char_unsigned_short_i_816, i8 %mxm_execute_ursa_signed_char_unsigned_short_unsigned_char_unsigned_short_i_817, i8 %mxm_execute_ursa_signed_char_unsigned_short_unsigned_char_unsigned_short_i_818, i8 %mxm_execute_ursa_signed_char_unsigned_short_unsigned_char_unsigned_short_i_819, i8 %mxm_execute_ursa_signed_char_unsigned_short_unsigned_char_unsigned_short_i_820, i8 %mxm_execute_ursa_signed_char_unsigned_short_unsigned_char_unsigned_short_i_821, i8 %mxm_execute_ursa_signed_char_unsigned_short_unsigned_char_unsigned_short_i_822, i8 %mxm_execute_ursa_signed_char_unsigned_short_unsigned_char_unsigned_short_i_823, i8 %mxm_execute_ursa_signed_char_unsigned_short_unsigned_char_unsigned_short_i_824, i8 %mxm_execute_ursa_signed_char_unsigned_short_unsigned_char_unsigned_short_i_825, i8 %mxm_execute_ursa_signed_char_unsigned_short_unsigned_char_unsigned_short_i_826, i8 %mxm_execute_ursa_signed_char_unsigned_short_unsigned_char_unsigned_short_i_827, i8 %mxm_execute_ursa_signed_char_unsigned_short_unsigned_char_unsigned_short_i_828, i32 %c_tile_acc, i13 %trunc_ln334, i16 %base_col_B, i16 %b0_q_read, i1 %cmp15_i_phi_loc_load, i64 %addr_b0_read, i32 %add_ln331, i1 %cmp15_1_i_phi_loc_load, i16 %b0_q_read, i1 %cmp15_2_i_phi_loc_load, i1 %cmp15_3_i_phi_loc_load, i16 %b0_q_read, i1 %cmp15_4_i_phi_loc_load, i1 %cmp15_5_i_phi_loc_load, i1 %cmp15_6_i_phi_loc_load, i8 %mxm_execute_ursa_signed_char_unsigned_short_unsigned_char_unsigned_short_i_789, i1 %cmp15_7_i_phi_loc_load, i16 %b0_q_read, i8 %mxm_execute_ursa_signed_char_unsigned_short_unsigned_char_unsigned_short_i_557, i8 %mxm_execute_ursa_signed_char_unsigned_short_unsigned_char_unsigned_short_i_556, i8 %mxm_execute_ursa_signed_char_unsigned_short_unsigned_char_unsigned_short_i_555, i8 %mxm_execute_ursa_signed_char_unsigned_short_unsigned_char_unsigned_short_i_554, i8 %mxm_execute_ursa_signed_char_unsigned_short_unsigned_char_unsigned_short_i_553, i8 %mxm_execute_ursa_signed_char_unsigned_short_unsigned_char_unsigned_short_i_552, i8 %mxm_execute_ursa_signed_char_unsigned_short_unsigned_char_unsigned_short_i_551, i8 %mxm_execute_ursa_signed_char_unsigned_short_unsigned_char_unsigned_short_i_550, i8 %mxm_execute_ursa_signed_char_unsigned_short_unsigned_char_unsigned_short_i_549, i8 %mxm_execute_ursa_signed_char_unsigned_short_unsigned_char_unsigned_short_i_548, i8 %mxm_execute_ursa_signed_char_unsigned_short_unsigned_char_unsigned_short_i_547, i8 %mxm_execute_ursa_signed_char_unsigned_short_unsigned_char_unsigned_short_i_546, i8 %mxm_execute_ursa_signed_char_unsigned_short_unsigned_char_unsigned_short_i_545, i8 %mxm_execute_ursa_signed_char_unsigned_short_unsigned_char_unsigned_short_i_544, i8 %mxm_execute_ursa_signed_char_unsigned_short_unsigned_char_unsigned_short_i_543, i8 %mxm_execute_ursa_signed_char_unsigned_short_unsigned_char_unsigned_short_i_542, i8 %mxm_execute_ursa_signed_char_unsigned_short_unsigned_char_unsigned_short_i_541, i8 %mxm_execute_ursa_signed_char_unsigned_short_unsigned_char_unsigned_short_i_540, i8 %mxm_execute_ursa_signed_char_unsigned_short_unsigned_char_unsigned_short_i_539, i8 %mxm_execute_ursa_signed_char_unsigned_short_unsigned_char_unsigned_short_i_251, i8 %mxm_execute_ursa_signed_char_unsigned_short_unsigned_char_unsigned_short_i_252, i8 %mxm_execute_ursa_signed_char_unsigned_short_unsigned_char_unsigned_short_i_253, i8 %mxm_execute_ursa_signed_char_unsigned_short_unsigned_char_unsigned_short_i_254, i8 %mxm_execute_ursa_signed_char_unsigned_short_unsigned_char_unsigned_short_i_255, i8 %mxm_execute_ursa_signed_char_unsigned_short_unsigned_char_unsigned_short_i_256, i8 %mxm_execute_ursa_signed_char_unsigned_short_unsigned_char_unsigned_short_i_257, i8 %mxm_execute_ursa_signed_char_unsigned_short_unsigned_char_unsigned_short_i_258, i8 %mxm_execute_ursa_signed_char_unsigned_short_unsigned_char_unsigned_short_i_259, i8 %mxm_execute_ursa_signed_char_unsigned_short_unsigned_char_unsigned_short_i_260, i8 %mxm_execute_ursa_signed_char_unsigned_short_unsigned_char_unsigned_short_i_261, i8 %mxm_execute_ursa_signed_char_unsigned_short_unsigned_char_unsigned_short_i_262, i8 %mxm_execute_ursa_signed_char_unsigned_short_unsigned_char_unsigned_short_i_263, i8 %mxm_execute_ursa_signed_char_unsigned_short_unsigned_char_unsigned_short_i_264, i8 %mxm_execute_ursa_signed_char_unsigned_short_unsigned_char_unsigned_short_i_265, i8 %mxm_execute_ursa_signed_char_unsigned_short_unsigned_char_unsigned_short_i_266, i8 %mxm_execute_ursa_signed_char_unsigned_short_unsigned_char_unsigned_short_i_267, i8 %mxm_execute_ursa_signed_char_unsigned_short_unsigned_char_unsigned_short_i_268, i8 %mxm_execute_ursa_signed_char_unsigned_short_unsigned_char_unsigned_short_i_269, i8 %mxm_execute_ursa_signed_char_unsigned_short_unsigned_char_unsigned_short_i_270, i8 %mxm_execute_ursa_signed_char_unsigned_short_unsigned_char_unsigned_short_i_271, i8 %mxm_execute_ursa_signed_char_unsigned_short_unsigned_char_unsigned_short_i_272, i8 %mxm_execute_ursa_signed_char_unsigned_short_unsigned_char_unsigned_short_i_273, i8 %mxm_execute_ursa_signed_char_unsigned_short_unsigned_char_unsigned_short_i_274, i8 %mxm_execute_ursa_signed_char_unsigned_short_unsigned_char_unsigned_short_i_275, i8 %mxm_execute_ursa_signed_char_unsigned_short_unsigned_char_unsigned_short_i_276, i8 %mxm_execute_ursa_signed_char_unsigned_short_unsigned_char_unsigned_short_i_277, i8 %mxm_execute_ursa_signed_char_unsigned_short_unsigned_char_unsigned_short_i_278, i8 %mxm_execute_ursa_signed_char_unsigned_short_unsigned_char_unsigned_short_i_279, i8 %mxm_execute_ursa_signed_char_unsigned_short_unsigned_char_unsigned_short_i_280, i8 %mxm_execute_ursa_signed_char_unsigned_short_unsigned_char_unsigned_short_i_281, i8 %mxm_execute_ursa_signed_char_unsigned_short_unsigned_char_unsigned_short_i_282, i8 %mxm_execute_ursa_signed_char_unsigned_short_unsigned_char_unsigned_short_i_283, i8 %mxm_execute_ursa_signed_char_unsigned_short_unsigned_char_unsigned_short_i_284, i8 %mxm_execute_ursa_signed_char_unsigned_short_unsigned_char_unsigned_short_i_285, i8 %mxm_execute_ursa_signed_char_unsigned_short_unsigned_char_unsigned_short_i_286, i8 %mxm_execute_ursa_signed_char_unsigned_short_unsigned_char_unsigned_short_i_287, i8 %mxm_execute_ursa_signed_char_unsigned_short_unsigned_char_unsigned_short_i_226, i32 %mxm_execute_ursa_signed_char_unsigned_short_unsigned_char_unsigned_short_i_249, i32 %mxm_execute_ursa_signed_char_unsigned_short_unsigned_char_unsigned_short_i_248, i32 %mxm_execute_ursa_signed_char_unsigned_short_unsigned_char_unsigned_short_i_247, i32 %mxm_execute_ursa_signed_char_unsigned_short_unsigned_char_unsigned_short_i_246, i32 %mxm_execute_ursa_signed_char_unsigned_short_unsigned_char_unsigned_short_i_245, i32 %mxm_execute_ursa_signed_char_unsigned_short_unsigned_char_unsigned_short_i_244, i32 %mxm_execute_ursa_signed_char_unsigned_short_unsigned_char_unsigned_short_i_242, i32 %mxm_execute_ursa_signed_char_unsigned_short_unsigned_char_unsigned_short_i_241, i32 %mxm_execute_ursa_signed_char_unsigned_short_unsigned_char_unsigned_short_i_240, i32 %mxm_execute_ursa_signed_char_unsigned_short_unsigned_char_unsigned_short_i_239, i32 %mxm_execute_ursa_signed_char_unsigned_short_unsigned_char_unsigned_short_i_238, i32 %mxm_execute_ursa_signed_char_unsigned_short_unsigned_char_unsigned_short_i_237, i32 %mxm_execute_ursa_signed_char_unsigned_short_unsigned_char_unsigned_short_i_236, i32 %mxm_execute_ursa_signed_char_unsigned_short_unsigned_char_unsigned_short_i_235, i32 %mxm_execute_ursa_signed_char_unsigned_short_unsigned_char_unsigned_short_i_38, i32 %mxm_execute_ursa_signed_char_unsigned_short_unsigned_char_unsigned_short_i_29, i32 %mxm_execute_ursa_signed_char_unsigned_short_unsigned_char_unsigned_short_i_20, i32 %mxm_execute_ursa_signed_char_unsigned_short_unsigned_char_unsigned_short_i_12, i32 %mxm_execute_ursa_signed_char_unsigned_short_unsigned_char_unsigned_short_i_3, i32 %mxm_execute_ursa_signed_char_unsigned_short_unsigned_char_unsigned_short_i_93, i32 %mxm_execute_ursa_signed_char_unsigned_short_unsigned_char_unsigned_short_i_37, i32 %mxm_execute_ursa_signed_char_unsigned_short_unsigned_char_unsigned_short_i_28, i32 %mxm_execute_ursa_signed_char_unsigned_short_unsigned_char_unsigned_short_i_19, i32 %mxm_execute_ursa_signed_char_unsigned_short_unsigned_char_unsigned_short_i_11, i32 %mxm_execute_ursa_signed_char_unsigned_short_unsigned_char_unsigned_short_i_2, i32 %mxm_execute_ursa_signed_char_unsigned_short_unsigned_char_unsigned_short_i_94, i32 %mxm_execute_ursa_signed_char_unsigned_short_unsigned_char_unsigned_short_i_36, i32 %mxm_execute_ursa_signed_char_unsigned_short_unsigned_char_unsigned_short_i_27, i32 %mxm_execute_ursa_signed_char_unsigned_short_unsigned_char_unsigned_short_i_18, i32 %mxm_execute_ursa_signed_char_unsigned_short_unsigned_char_unsigned_short_i_9, i32 %mxm_execute_ursa_signed_char_unsigned_short_unsigned_char_unsigned_short_i_1, i32 %mxm_execute_ursa_signed_char_unsigned_short_unsigned_char_unsigned_short_i_95, i32 %mxm_execute_ursa_signed_char_unsigned_short_unsigned_char_unsigned_short_i_35, i32 %mxm_execute_ursa_signed_char_unsigned_short_unsigned_char_unsigned_short_i_26, i32 %mxm_execute_ursa_signed_char_unsigned_short_unsigned_char_unsigned_short_i_17, i32 %mxm_execute_ursa_signed_char_unsigned_short_unsigned_char_unsigned_short_i_8, i32 %mxm_execute_ursa_signed_char_unsigned_short_unsigned_char_unsigned_short_i, i32 %mxm_execute_ursa_signed_char_unsigned_short_unsigned_char_unsigned_short_i_97, i32 %mxm_execute_ursa_signed_char_unsigned_short_unsigned_char_unsigned_short_i_34, i32 %mxm_execute_ursa_signed_char_unsigned_short_unsigned_char_unsigned_short_i_25, i32 %mxm_execute_ursa_signed_char_unsigned_short_unsigned_char_unsigned_short_i_16, i32 %mxm_execute_ursa_signed_char_unsigned_short_unsigned_char_unsigned_short_i_7, i32 %mxm_execute_ursa_signed_char_unsigned_short_unsigned_char_unsigned_short_i_90, i32 %mxm_execute_ursa_signed_char_unsigned_short_unsigned_char_unsigned_short_i_98, i32 %mxm_execute_ursa_signed_char_unsigned_short_unsigned_char_unsigned_short_i_33, i32 %mxm_execute_ursa_signed_char_unsigned_short_unsigned_char_unsigned_short_i_24, i32 %mxm_execute_ursa_signed_char_unsigned_short_unsigned_char_unsigned_short_i_15, i32 %mxm_execute_ursa_signed_char_unsigned_short_unsigned_char_unsigned_short_i_6, i32 %mxm_execute_ursa_signed_char_unsigned_short_unsigned_char_unsigned_short_i_91, i32 %mxm_execute_ursa_signed_char_unsigned_short_unsigned_char_unsigned_short_i_99, i32 %mxm_execute_ursa_signed_char_unsigned_short_unsigned_char_unsigned_short_i_31, i32 %mxm_execute_ursa_signed_char_unsigned_short_unsigned_char_unsigned_short_i_23, i32 %mxm_execute_ursa_signed_char_unsigned_short_unsigned_char_unsigned_short_i_14, i32 %mxm_execute_ursa_signed_char_unsigned_short_unsigned_char_unsigned_short_i_5, i32 %mxm_execute_ursa_signed_char_unsigned_short_unsigned_char_unsigned_short_i_92, i32 %mxm_execute_ursa_signed_char_unsigned_short_unsigned_char_unsigned_short_i_250, i8 %mxm_execute_ursa_signed_char_unsigned_short_unsigned_char_unsigned_short_i_234, i8 %mxm_execute_ursa_signed_char_unsigned_short_unsigned_char_unsigned_short_i_233, i8 %mxm_execute_ursa_signed_char_unsigned_short_unsigned_char_unsigned_short_i_231, i8 %mxm_execute_ursa_signed_char_unsigned_short_unsigned_char_unsigned_short_i_230, i8 %mxm_execute_ursa_signed_char_unsigned_short_unsigned_char_unsigned_short_i_229, i8 %mxm_execute_ursa_signed_char_unsigned_short_unsigned_char_unsigned_short_i_228, i8 %mxm_execute_ursa_signed_char_unsigned_short_unsigned_char_unsigned_short_i_227, i8 %mxm_execute_ursa_signed_char_unsigned_short_unsigned_char_unsigned_short_i_225, i8 %mxm_execute_ursa_signed_char_unsigned_short_unsigned_char_unsigned_short_i_224, i8 %mxm_execute_ursa_signed_char_unsigned_short_unsigned_char_unsigned_short_i_223, i8 %mxm_execute_ursa_signed_char_unsigned_short_unsigned_char_unsigned_short_i_222, i8 %mxm_execute_ursa_signed_char_unsigned_short_unsigned_char_unsigned_short_i_220, i8 %mxm_execute_ursa_signed_char_unsigned_short_unsigned_char_unsigned_short_i_219, i8 %mxm_execute_ursa_signed_char_unsigned_short_unsigned_char_unsigned_short_i_218, i8 %mxm_execute_ursa_signed_char_unsigned_short_unsigned_char_unsigned_short_i_217, i8 %mxm_execute_ursa_signed_char_unsigned_short_unsigned_char_unsigned_short_i_216, i8 %mxm_execute_ursa_signed_char_unsigned_short_unsigned_char_unsigned_short_i_215, i8 %mxm_execute_ursa_signed_char_unsigned_short_unsigned_char_unsigned_short_i_214, i8 %mxm_execute_ursa_signed_char_unsigned_short_unsigned_char_unsigned_short_i_213, i8 %mxm_execute_ursa_signed_char_unsigned_short_unsigned_char_unsigned_short_i_212, i8 %mxm_execute_ursa_signed_char_unsigned_short_unsigned_char_unsigned_short_i_211, i8 %mxm_execute_ursa_signed_char_unsigned_short_unsigned_char_unsigned_short_i_209, i8 %mxm_execute_ursa_signed_char_unsigned_short_unsigned_char_unsigned_short_i_208, i8 %mxm_execute_ursa_signed_char_unsigned_short_unsigned_char_unsigned_short_i_207, i8 %mxm_execute_ursa_signed_char_unsigned_short_unsigned_char_unsigned_short_i_206, i8 %mxm_execute_ursa_signed_char_unsigned_short_unsigned_char_unsigned_short_i_205, i8 %mxm_execute_ursa_signed_char_unsigned_short_unsigned_char_unsigned_short_i_204, i8 %mxm_execute_ursa_signed_char_unsigned_short_unsigned_char_unsigned_short_i_203, i8 %mxm_execute_ursa_signed_char_unsigned_short_unsigned_char_unsigned_short_i_202, i8 %mxm_execute_ursa_signed_char_unsigned_short_unsigned_char_unsigned_short_i_201, i8 %mxm_execute_ursa_signed_char_unsigned_short_unsigned_char_unsigned_short_i_200, i8 %mxm_execute_ursa_signed_char_unsigned_short_unsigned_char_unsigned_short_i_198, i8 %mxm_execute_ursa_signed_char_unsigned_short_unsigned_char_unsigned_short_i_197, i8 %mxm_execute_ursa_signed_char_unsigned_short_unsigned_char_unsigned_short_i_196, i8 %mxm_execute_ursa_signed_char_unsigned_short_unsigned_char_unsigned_short_i_195, i8 %mxm_execute_ursa_signed_char_unsigned_short_unsigned_char_unsigned_short_i_194, i8 %mxm_execute_ursa_signed_char_unsigned_short_unsigned_char_unsigned_short_i_193, i8 %mxm_execute_ursa_signed_char_unsigned_short_unsigned_char_unsigned_short_i_192, i8 %mxm_execute_ursa_signed_char_unsigned_short_unsigned_char_unsigned_short_i_191, i8 %mxm_execute_ursa_signed_char_unsigned_short_unsigned_char_unsigned_short_i_190, i8 %mxm_execute_ursa_signed_char_unsigned_short_unsigned_char_unsigned_short_i_189, i8 %mxm_execute_ursa_signed_char_unsigned_short_unsigned_char_unsigned_short_i_187, i8 %mxm_execute_ursa_signed_char_unsigned_short_unsigned_char_unsigned_short_i_186, i8 %mxm_execute_ursa_signed_char_unsigned_short_unsigned_char_unsigned_short_i_185, i8 %mxm_execute_ursa_signed_char_unsigned_short_unsigned_char_unsigned_short_i_184, i8 %mxm_execute_ursa_signed_char_unsigned_short_unsigned_char_unsigned_short_i_183, i8 %mxm_execute_ursa_signed_char_unsigned_short_unsigned_char_unsigned_short_i_182, i8 %mxm_execute_ursa_signed_char_unsigned_short_unsigned_char_unsigned_short_i_181, i8 %mxm_execute_ursa_signed_char_unsigned_short_unsigned_char_unsigned_short_i_180, i8 %mxm_execute_ursa_signed_char_unsigned_short_unsigned_char_unsigned_short_i_179, i8 %mxm_execute_ursa_signed_char_unsigned_short_unsigned_char_unsigned_short_i_178, i8 %mxm_execute_ursa_signed_char_unsigned_short_unsigned_char_unsigned_short_i_4, i8 %mxm_execute_ursa_signed_char_unsigned_short_unsigned_char_unsigned_short_i_13, i8 %mxm_execute_ursa_signed_char_unsigned_short_unsigned_char_unsigned_short_i_22, i8 %mxm_execute_ursa_signed_char_unsigned_short_unsigned_char_unsigned_short_i_30" [/home/fi/Documents/GitHub/ursa/exp/ursa_ws/src/core/pe.cpp:18->/home/fi/Documents/GitHub/ursa/exp/ursa_ws/src/core/sa.cpp:109->/home/fi/Documents/GitHub/ursa/exp/ursa_ws/src/core/shell.cpp:371]   --->   Operation 542 'call' 'call_ln18' <Predicate = true> <Delay = 0.00> <CoreType = "Generic">   --->   Core 0 '' <Latency = 0> <II = 1> <Delay = 1.00> <Generic> <Opcode : >
ST_10 : Operation 543 [1/1] (0.00ns)   --->   "%br_ln328 = br void %VITIS_LOOP_341_4" [/home/fi/Documents/GitHub/ursa/exp/ursa_ws/src/core/shell.cpp:328]   --->   Operation 543 'br' 'br_ln328' <Predicate = true> <Delay = 0.00>

State 11 <SV = 6> <Delay = 5.58>
ST_11 : Operation 544 [2/2] (5.58ns)   --->   "%call_ln312 = call void @mxm_execute_ursa_Pipeline_VITIS_LOOP_382_7, i32 %ca, i1 %cmp124_7, i1 %cmp124_6, i1 %cmp124_5, i1 %cmp124_4, i1 %cmp124_3, i1 %cmp124_2, i1 %cmp124_1, i32 %c_tile_acc, i13 %trunc_ln312, i16 %a0_p_read, i16 %b0_q_read, i1 %cmp124, i16 %base_col_B, i64 %addr_c0_read, i16 %global_col_2, i16 %global_col_4, i16 %global_col_6, i16 %global_col_8, i16 %global_col_10, i16 %global_col_12, i16 %global_col_14" [/home/fi/Documents/GitHub/ursa/exp/ursa_ws/src/core/shell.cpp:312]   --->   Operation 544 'call' 'call_ln312' <Predicate = true> <Delay = 5.58> <CoreType = "Generic">   --->   Core 0 '' <Latency = 0> <II = 1> <Delay = 1.00> <Generic> <Opcode : >

State 12 <SV = 7> <Delay = 0.00>
ST_12 : Operation 545 [1/2] (0.00ns)   --->   "%call_ln312 = call void @mxm_execute_ursa_Pipeline_VITIS_LOOP_382_7, i32 %ca, i1 %cmp124_7, i1 %cmp124_6, i1 %cmp124_5, i1 %cmp124_4, i1 %cmp124_3, i1 %cmp124_2, i1 %cmp124_1, i32 %c_tile_acc, i13 %trunc_ln312, i16 %a0_p_read, i16 %b0_q_read, i1 %cmp124, i16 %base_col_B, i64 %addr_c0_read, i16 %global_col_2, i16 %global_col_4, i16 %global_col_6, i16 %global_col_8, i16 %global_col_10, i16 %global_col_12, i16 %global_col_14" [/home/fi/Documents/GitHub/ursa/exp/ursa_ws/src/core/shell.cpp:312]   --->   Operation 545 'call' 'call_ln312' <Predicate = true> <Delay = 0.00> <CoreType = "Generic">   --->   Core 0 '' <Latency = 0> <II = 1> <Delay = 1.00> <Generic> <Opcode : >
ST_12 : Operation 546 [1/1] (0.00ns)   --->   "%br_ln313 = br void %VITIS_LOOP_328_3" [/home/fi/Documents/GitHub/ursa/exp/ursa_ws/src/core/shell.cpp:313]   --->   Operation 546 'br' 'br_ln313' <Predicate = true> <Delay = 0.00>


============================================================
+ Verbose Summary: Binding
============================================================
STG Binding: 
---------------- STG Properties BEGIN ----------------
- Is combinational: 0
- Is one-state seq: 0
- Is datapath-only: 0
- Is pipelined: 0
- Is top level: 1
Port [ Return ] is wired: 1; IO mode=ap_ctrl_hs:ce=0
Port [ aw]:  wired=1; compound=1; hidden=0; nouse=0; global=0; static=0; extern=0; dir=0; type=4; pingpong=0; private_global=0; IO mode=m_axi:ce=0
Port [ bi]:  wired=1; compound=1; hidden=0; nouse=0; global=0; static=0; extern=0; dir=0; type=4; pingpong=0; private_global=0; IO mode=m_axi:ce=0
Port [ ca]:  wired=1; compound=1; hidden=0; nouse=0; global=0; static=0; extern=0; dir=1; type=4; pingpong=0; private_global=0; IO mode=m_axi:ce=0
Port [ addr_a0]:  wired=1; compound=0; hidden=0; nouse=0; global=0; static=0; extern=0; dir=0; type=0; pingpong=0; private_global=0; IO mode=ap_none:ce=0
Port [ a0_p]:  wired=1; compound=0; hidden=0; nouse=0; global=0; static=0; extern=0; dir=0; type=0; pingpong=0; private_global=0; IO mode=ap_none:ce=0
Port [ addr_b0]:  wired=1; compound=0; hidden=0; nouse=0; global=0; static=0; extern=0; dir=0; type=0; pingpong=0; private_global=0; IO mode=ap_none:ce=0
Port [ b0_q]:  wired=1; compound=0; hidden=0; nouse=0; global=0; static=0; extern=0; dir=0; type=0; pingpong=0; private_global=0; IO mode=ap_none:ce=0
Port [ addr_c0]:  wired=1; compound=0; hidden=0; nouse=0; global=0; static=0; extern=0; dir=0; type=0; pingpong=0; private_global=0; IO mode=ap_none:ce=0
Port [ m]:  wired=1; compound=0; hidden=0; nouse=0; global=0; static=0; extern=0; dir=0; type=0; pingpong=0; private_global=0; IO mode=ap_none:ce=0
Port [ mxm_execute_ursa_signed_char_unsigned_short_unsigned_char_unsigned_short_i_234]:  wired=0; compound=0; hidden=1; nouse=0; global=1; static=1; extern=0; dir=2; type=0; pingpong=0; private_global=1; IO mode=ap_ovld:ce=0
Port [ mxm_execute_ursa_signed_char_unsigned_short_unsigned_char_unsigned_short_i_233]:  wired=0; compound=0; hidden=1; nouse=0; global=1; static=1; extern=0; dir=2; type=0; pingpong=0; private_global=1; IO mode=ap_ovld:ce=0
Port [ mxm_execute_ursa_signed_char_unsigned_short_unsigned_char_unsigned_short_i_231]:  wired=0; compound=0; hidden=1; nouse=0; global=1; static=1; extern=0; dir=2; type=0; pingpong=0; private_global=1; IO mode=ap_ovld:ce=0
Port [ mxm_execute_ursa_signed_char_unsigned_short_unsigned_char_unsigned_short_i_230]:  wired=0; compound=0; hidden=1; nouse=0; global=1; static=1; extern=0; dir=2; type=0; pingpong=0; private_global=1; IO mode=ap_ovld:ce=0
Port [ mxm_execute_ursa_signed_char_unsigned_short_unsigned_char_unsigned_short_i_229]:  wired=0; compound=0; hidden=1; nouse=0; global=1; static=1; extern=0; dir=2; type=0; pingpong=0; private_global=1; IO mode=ap_ovld:ce=0
Port [ mxm_execute_ursa_signed_char_unsigned_short_unsigned_char_unsigned_short_i_228]:  wired=0; compound=0; hidden=1; nouse=0; global=1; static=1; extern=0; dir=2; type=0; pingpong=0; private_global=1; IO mode=ap_ovld:ce=0
Port [ mxm_execute_ursa_signed_char_unsigned_short_unsigned_char_unsigned_short_i_227]:  wired=0; compound=0; hidden=1; nouse=0; global=1; static=1; extern=0; dir=2; type=0; pingpong=0; private_global=1; IO mode=ap_ovld:ce=0
Port [ mxm_execute_ursa_signed_char_unsigned_short_unsigned_char_unsigned_short_i_226]:  wired=0; compound=0; hidden=1; nouse=0; global=1; static=1; extern=0; dir=2; type=0; pingpong=0; private_global=1; IO mode=ap_ovld:ce=0
Port [ mxm_execute_ursa_signed_char_unsigned_short_unsigned_char_unsigned_short_i_225]:  wired=0; compound=0; hidden=1; nouse=0; global=1; static=1; extern=0; dir=2; type=0; pingpong=0; private_global=1; IO mode=ap_ovld:ce=0
Port [ mxm_execute_ursa_signed_char_unsigned_short_unsigned_char_unsigned_short_i_224]:  wired=0; compound=0; hidden=1; nouse=0; global=1; static=1; extern=0; dir=2; type=0; pingpong=0; private_global=1; IO mode=ap_ovld:ce=0
Port [ mxm_execute_ursa_signed_char_unsigned_short_unsigned_char_unsigned_short_i_223]:  wired=0; compound=0; hidden=1; nouse=0; global=1; static=1; extern=0; dir=2; type=0; pingpong=0; private_global=1; IO mode=ap_ovld:ce=0
Port [ mxm_execute_ursa_signed_char_unsigned_short_unsigned_char_unsigned_short_i_222]:  wired=0; compound=0; hidden=1; nouse=0; global=1; static=1; extern=0; dir=2; type=0; pingpong=0; private_global=1; IO mode=ap_ovld:ce=0
Port [ mxm_execute_ursa_signed_char_unsigned_short_unsigned_char_unsigned_short_i_220]:  wired=0; compound=0; hidden=1; nouse=0; global=1; static=1; extern=0; dir=2; type=0; pingpong=0; private_global=1; IO mode=ap_ovld:ce=0
Port [ mxm_execute_ursa_signed_char_unsigned_short_unsigned_char_unsigned_short_i_219]:  wired=0; compound=0; hidden=1; nouse=0; global=1; static=1; extern=0; dir=2; type=0; pingpong=0; private_global=1; IO mode=ap_ovld:ce=0
Port [ mxm_execute_ursa_signed_char_unsigned_short_unsigned_char_unsigned_short_i_218]:  wired=0; compound=0; hidden=1; nouse=0; global=1; static=1; extern=0; dir=2; type=0; pingpong=0; private_global=1; IO mode=ap_ovld:ce=0
Port [ mxm_execute_ursa_signed_char_unsigned_short_unsigned_char_unsigned_short_i_217]:  wired=0; compound=0; hidden=1; nouse=0; global=1; static=1; extern=0; dir=2; type=0; pingpong=0; private_global=1; IO mode=ap_ovld:ce=0
Port [ mxm_execute_ursa_signed_char_unsigned_short_unsigned_char_unsigned_short_i_216]:  wired=0; compound=0; hidden=1; nouse=0; global=1; static=1; extern=0; dir=2; type=0; pingpong=0; private_global=1; IO mode=ap_ovld:ce=0
Port [ mxm_execute_ursa_signed_char_unsigned_short_unsigned_char_unsigned_short_i_215]:  wired=0; compound=0; hidden=1; nouse=0; global=1; static=1; extern=0; dir=2; type=0; pingpong=0; private_global=1; IO mode=ap_ovld:ce=0
Port [ mxm_execute_ursa_signed_char_unsigned_short_unsigned_char_unsigned_short_i_214]:  wired=0; compound=0; hidden=1; nouse=0; global=1; static=1; extern=0; dir=2; type=0; pingpong=0; private_global=1; IO mode=ap_ovld:ce=0
Port [ mxm_execute_ursa_signed_char_unsigned_short_unsigned_char_unsigned_short_i_213]:  wired=0; compound=0; hidden=1; nouse=0; global=1; static=1; extern=0; dir=2; type=0; pingpong=0; private_global=1; IO mode=ap_ovld:ce=0
Port [ mxm_execute_ursa_signed_char_unsigned_short_unsigned_char_unsigned_short_i_212]:  wired=0; compound=0; hidden=1; nouse=0; global=1; static=1; extern=0; dir=2; type=0; pingpong=0; private_global=1; IO mode=ap_ovld:ce=0
Port [ mxm_execute_ursa_signed_char_unsigned_short_unsigned_char_unsigned_short_i_211]:  wired=0; compound=0; hidden=1; nouse=0; global=1; static=1; extern=0; dir=2; type=0; pingpong=0; private_global=1; IO mode=ap_ovld:ce=0
Port [ mxm_execute_ursa_signed_char_unsigned_short_unsigned_char_unsigned_short_i_209]:  wired=0; compound=0; hidden=1; nouse=0; global=1; static=1; extern=0; dir=2; type=0; pingpong=0; private_global=1; IO mode=ap_ovld:ce=0
Port [ mxm_execute_ursa_signed_char_unsigned_short_unsigned_char_unsigned_short_i_208]:  wired=0; compound=0; hidden=1; nouse=0; global=1; static=1; extern=0; dir=2; type=0; pingpong=0; private_global=1; IO mode=ap_ovld:ce=0
Port [ mxm_execute_ursa_signed_char_unsigned_short_unsigned_char_unsigned_short_i_207]:  wired=0; compound=0; hidden=1; nouse=0; global=1; static=1; extern=0; dir=2; type=0; pingpong=0; private_global=1; IO mode=ap_ovld:ce=0
Port [ mxm_execute_ursa_signed_char_unsigned_short_unsigned_char_unsigned_short_i_206]:  wired=0; compound=0; hidden=1; nouse=0; global=1; static=1; extern=0; dir=2; type=0; pingpong=0; private_global=1; IO mode=ap_ovld:ce=0
Port [ mxm_execute_ursa_signed_char_unsigned_short_unsigned_char_unsigned_short_i_205]:  wired=0; compound=0; hidden=1; nouse=0; global=1; static=1; extern=0; dir=2; type=0; pingpong=0; private_global=1; IO mode=ap_ovld:ce=0
Port [ mxm_execute_ursa_signed_char_unsigned_short_unsigned_char_unsigned_short_i_204]:  wired=0; compound=0; hidden=1; nouse=0; global=1; static=1; extern=0; dir=2; type=0; pingpong=0; private_global=1; IO mode=ap_ovld:ce=0
Port [ mxm_execute_ursa_signed_char_unsigned_short_unsigned_char_unsigned_short_i_203]:  wired=0; compound=0; hidden=1; nouse=0; global=1; static=1; extern=0; dir=2; type=0; pingpong=0; private_global=1; IO mode=ap_ovld:ce=0
Port [ mxm_execute_ursa_signed_char_unsigned_short_unsigned_char_unsigned_short_i_202]:  wired=0; compound=0; hidden=1; nouse=0; global=1; static=1; extern=0; dir=2; type=0; pingpong=0; private_global=1; IO mode=ap_ovld:ce=0
Port [ mxm_execute_ursa_signed_char_unsigned_short_unsigned_char_unsigned_short_i_201]:  wired=0; compound=0; hidden=1; nouse=0; global=1; static=1; extern=0; dir=2; type=0; pingpong=0; private_global=1; IO mode=ap_ovld:ce=0
Port [ mxm_execute_ursa_signed_char_unsigned_short_unsigned_char_unsigned_short_i_200]:  wired=0; compound=0; hidden=1; nouse=0; global=1; static=1; extern=0; dir=2; type=0; pingpong=0; private_global=1; IO mode=ap_ovld:ce=0
Port [ mxm_execute_ursa_signed_char_unsigned_short_unsigned_char_unsigned_short_i_198]:  wired=0; compound=0; hidden=1; nouse=0; global=1; static=1; extern=0; dir=2; type=0; pingpong=0; private_global=1; IO mode=ap_ovld:ce=0
Port [ mxm_execute_ursa_signed_char_unsigned_short_unsigned_char_unsigned_short_i_197]:  wired=0; compound=0; hidden=1; nouse=0; global=1; static=1; extern=0; dir=2; type=0; pingpong=0; private_global=1; IO mode=ap_ovld:ce=0
Port [ mxm_execute_ursa_signed_char_unsigned_short_unsigned_char_unsigned_short_i_196]:  wired=0; compound=0; hidden=1; nouse=0; global=1; static=1; extern=0; dir=2; type=0; pingpong=0; private_global=1; IO mode=ap_ovld:ce=0
Port [ mxm_execute_ursa_signed_char_unsigned_short_unsigned_char_unsigned_short_i_195]:  wired=0; compound=0; hidden=1; nouse=0; global=1; static=1; extern=0; dir=2; type=0; pingpong=0; private_global=1; IO mode=ap_ovld:ce=0
Port [ mxm_execute_ursa_signed_char_unsigned_short_unsigned_char_unsigned_short_i_194]:  wired=0; compound=0; hidden=1; nouse=0; global=1; static=1; extern=0; dir=2; type=0; pingpong=0; private_global=1; IO mode=ap_ovld:ce=0
Port [ mxm_execute_ursa_signed_char_unsigned_short_unsigned_char_unsigned_short_i_193]:  wired=0; compound=0; hidden=1; nouse=0; global=1; static=1; extern=0; dir=2; type=0; pingpong=0; private_global=1; IO mode=ap_ovld:ce=0
Port [ mxm_execute_ursa_signed_char_unsigned_short_unsigned_char_unsigned_short_i_192]:  wired=0; compound=0; hidden=1; nouse=0; global=1; static=1; extern=0; dir=2; type=0; pingpong=0; private_global=1; IO mode=ap_ovld:ce=0
Port [ mxm_execute_ursa_signed_char_unsigned_short_unsigned_char_unsigned_short_i_191]:  wired=0; compound=0; hidden=1; nouse=0; global=1; static=1; extern=0; dir=2; type=0; pingpong=0; private_global=1; IO mode=ap_ovld:ce=0
Port [ mxm_execute_ursa_signed_char_unsigned_short_unsigned_char_unsigned_short_i_190]:  wired=0; compound=0; hidden=1; nouse=0; global=1; static=1; extern=0; dir=2; type=0; pingpong=0; private_global=1; IO mode=ap_ovld:ce=0
Port [ mxm_execute_ursa_signed_char_unsigned_short_unsigned_char_unsigned_short_i_189]:  wired=0; compound=0; hidden=1; nouse=0; global=1; static=1; extern=0; dir=2; type=0; pingpong=0; private_global=1; IO mode=ap_ovld:ce=0
Port [ mxm_execute_ursa_signed_char_unsigned_short_unsigned_char_unsigned_short_i_187]:  wired=0; compound=0; hidden=1; nouse=0; global=1; static=1; extern=0; dir=2; type=0; pingpong=0; private_global=1; IO mode=ap_ovld:ce=0
Port [ mxm_execute_ursa_signed_char_unsigned_short_unsigned_char_unsigned_short_i_186]:  wired=0; compound=0; hidden=1; nouse=0; global=1; static=1; extern=0; dir=2; type=0; pingpong=0; private_global=1; IO mode=ap_ovld:ce=0
Port [ mxm_execute_ursa_signed_char_unsigned_short_unsigned_char_unsigned_short_i_185]:  wired=0; compound=0; hidden=1; nouse=0; global=1; static=1; extern=0; dir=2; type=0; pingpong=0; private_global=1; IO mode=ap_ovld:ce=0
Port [ mxm_execute_ursa_signed_char_unsigned_short_unsigned_char_unsigned_short_i_184]:  wired=0; compound=0; hidden=1; nouse=0; global=1; static=1; extern=0; dir=2; type=0; pingpong=0; private_global=1; IO mode=ap_ovld:ce=0
Port [ mxm_execute_ursa_signed_char_unsigned_short_unsigned_char_unsigned_short_i_183]:  wired=0; compound=0; hidden=1; nouse=0; global=1; static=1; extern=0; dir=2; type=0; pingpong=0; private_global=1; IO mode=ap_ovld:ce=0
Port [ mxm_execute_ursa_signed_char_unsigned_short_unsigned_char_unsigned_short_i_182]:  wired=0; compound=0; hidden=1; nouse=0; global=1; static=1; extern=0; dir=2; type=0; pingpong=0; private_global=1; IO mode=ap_ovld:ce=0
Port [ mxm_execute_ursa_signed_char_unsigned_short_unsigned_char_unsigned_short_i_181]:  wired=0; compound=0; hidden=1; nouse=0; global=1; static=1; extern=0; dir=2; type=0; pingpong=0; private_global=1; IO mode=ap_ovld:ce=0
Port [ mxm_execute_ursa_signed_char_unsigned_short_unsigned_char_unsigned_short_i_180]:  wired=0; compound=0; hidden=1; nouse=0; global=1; static=1; extern=0; dir=2; type=0; pingpong=0; private_global=1; IO mode=ap_ovld:ce=0
Port [ mxm_execute_ursa_signed_char_unsigned_short_unsigned_char_unsigned_short_i_179]:  wired=0; compound=0; hidden=1; nouse=0; global=1; static=1; extern=0; dir=2; type=0; pingpong=0; private_global=1; IO mode=ap_ovld:ce=0
Port [ mxm_execute_ursa_signed_char_unsigned_short_unsigned_char_unsigned_short_i_178]:  wired=0; compound=0; hidden=1; nouse=0; global=1; static=1; extern=0; dir=2; type=0; pingpong=0; private_global=1; IO mode=ap_ovld:ce=0
Port [ mxm_execute_ursa_signed_char_unsigned_short_unsigned_char_unsigned_short_i_4]:  wired=0; compound=0; hidden=1; nouse=0; global=1; static=1; extern=0; dir=2; type=0; pingpong=0; private_global=1; IO mode=ap_ovld:ce=0
Port [ mxm_execute_ursa_signed_char_unsigned_short_unsigned_char_unsigned_short_i_13]:  wired=0; compound=0; hidden=1; nouse=0; global=1; static=1; extern=0; dir=2; type=0; pingpong=0; private_global=1; IO mode=ap_ovld:ce=0
Port [ mxm_execute_ursa_signed_char_unsigned_short_unsigned_char_unsigned_short_i_22]:  wired=0; compound=0; hidden=1; nouse=0; global=1; static=1; extern=0; dir=2; type=0; pingpong=0; private_global=1; IO mode=ap_ovld:ce=0
Port [ mxm_execute_ursa_signed_char_unsigned_short_unsigned_char_unsigned_short_i_30]:  wired=0; compound=0; hidden=1; nouse=0; global=1; static=1; extern=0; dir=2; type=0; pingpong=0; private_global=1; IO mode=ap_ovld:ce=0
Port [ mxm_execute_ursa_signed_char_unsigned_short_unsigned_char_unsigned_short_i_39]:  wired=0; compound=0; hidden=1; nouse=0; global=1; static=1; extern=0; dir=2; type=0; pingpong=0; private_global=1; IO mode=ap_ovld:ce=0
Port [ mxm_execute_ursa_signed_char_unsigned_short_unsigned_char_unsigned_short_i_40]:  wired=0; compound=0; hidden=1; nouse=0; global=1; static=1; extern=0; dir=2; type=0; pingpong=0; private_global=1; IO mode=ap_ovld:ce=0
Port [ mxm_execute_ursa_signed_char_unsigned_short_unsigned_char_unsigned_short_i_41]:  wired=0; compound=0; hidden=1; nouse=0; global=1; static=1; extern=0; dir=2; type=0; pingpong=0; private_global=1; IO mode=ap_ovld:ce=0
Port [ mxm_execute_ursa_signed_char_unsigned_short_unsigned_char_unsigned_short_i_42]:  wired=0; compound=0; hidden=1; nouse=0; global=1; static=1; extern=0; dir=2; type=0; pingpong=0; private_global=1; IO mode=ap_ovld:ce=0
Port [ mxm_execute_ursa_signed_char_unsigned_short_unsigned_char_unsigned_short_i_44]:  wired=0; compound=0; hidden=1; nouse=0; global=1; static=1; extern=0; dir=2; type=0; pingpong=0; private_global=1; IO mode=ap_ovld:ce=0
Port [ mxm_execute_ursa_signed_char_unsigned_short_unsigned_char_unsigned_short_i_45]:  wired=0; compound=0; hidden=1; nouse=0; global=1; static=1; extern=0; dir=2; type=0; pingpong=0; private_global=1; IO mode=ap_ovld:ce=0
Port [ mxm_execute_ursa_signed_char_unsigned_short_unsigned_char_unsigned_short_i_46]:  wired=0; compound=0; hidden=1; nouse=0; global=1; static=1; extern=0; dir=2; type=0; pingpong=0; private_global=1; IO mode=ap_ovld:ce=0
Port [ mxm_execute_ursa_signed_char_unsigned_short_unsigned_char_unsigned_short_i_47]:  wired=0; compound=0; hidden=1; nouse=0; global=1; static=1; extern=0; dir=2; type=0; pingpong=0; private_global=1; IO mode=ap_ovld:ce=0
Port [ mxm_execute_ursa_signed_char_unsigned_short_unsigned_char_unsigned_short_i_48]:  wired=0; compound=0; hidden=1; nouse=0; global=1; static=1; extern=0; dir=2; type=0; pingpong=0; private_global=1; IO mode=ap_ovld:ce=0
Port [ mxm_execute_ursa_signed_char_unsigned_short_unsigned_char_unsigned_short_i_49]:  wired=0; compound=0; hidden=1; nouse=0; global=1; static=1; extern=0; dir=2; type=0; pingpong=0; private_global=1; IO mode=ap_ovld:ce=0
Port [ mxm_execute_ursa_signed_char_unsigned_short_unsigned_char_unsigned_short_i_50]:  wired=0; compound=0; hidden=1; nouse=0; global=1; static=1; extern=0; dir=2; type=0; pingpong=0; private_global=1; IO mode=ap_ovld:ce=0
Port [ mxm_execute_ursa_signed_char_unsigned_short_unsigned_char_unsigned_short_i_51]:  wired=0; compound=0; hidden=1; nouse=0; global=1; static=1; extern=0; dir=2; type=0; pingpong=0; private_global=1; IO mode=ap_ovld:ce=0
Port [ mxm_execute_ursa_signed_char_unsigned_short_unsigned_char_unsigned_short_i_52]:  wired=0; compound=0; hidden=1; nouse=0; global=1; static=1; extern=0; dir=2; type=0; pingpong=0; private_global=1; IO mode=ap_ovld:ce=0
Port [ mxm_execute_ursa_signed_char_unsigned_short_unsigned_char_unsigned_short_i_53]:  wired=0; compound=0; hidden=1; nouse=0; global=1; static=1; extern=0; dir=2; type=0; pingpong=0; private_global=1; IO mode=ap_ovld:ce=0
Port [ mxm_execute_ursa_signed_char_unsigned_short_unsigned_char_unsigned_short_i_55]:  wired=0; compound=0; hidden=1; nouse=0; global=1; static=1; extern=0; dir=2; type=0; pingpong=0; private_global=1; IO mode=ap_ovld:ce=0
Port [ mxm_execute_ursa_signed_char_unsigned_short_unsigned_char_unsigned_short_i_56]:  wired=0; compound=0; hidden=1; nouse=0; global=1; static=1; extern=0; dir=2; type=0; pingpong=0; private_global=1; IO mode=ap_ovld:ce=0
Port [ mxm_execute_ursa_signed_char_unsigned_short_unsigned_char_unsigned_short_i_57]:  wired=0; compound=0; hidden=1; nouse=0; global=1; static=1; extern=0; dir=2; type=0; pingpong=0; private_global=1; IO mode=ap_ovld:ce=0
Port [ mxm_execute_ursa_signed_char_unsigned_short_unsigned_char_unsigned_short_i_58]:  wired=0; compound=0; hidden=1; nouse=0; global=1; static=1; extern=0; dir=2; type=0; pingpong=0; private_global=1; IO mode=ap_ovld:ce=0
Port [ mxm_execute_ursa_signed_char_unsigned_short_unsigned_char_unsigned_short_i_59]:  wired=0; compound=0; hidden=1; nouse=0; global=1; static=1; extern=0; dir=2; type=0; pingpong=0; private_global=1; IO mode=ap_ovld:ce=0
Port [ mxm_execute_ursa_signed_char_unsigned_short_unsigned_char_unsigned_short_i_60]:  wired=0; compound=0; hidden=1; nouse=0; global=1; static=1; extern=0; dir=2; type=0; pingpong=0; private_global=1; IO mode=ap_ovld:ce=0
Port [ mxm_execute_ursa_signed_char_unsigned_short_unsigned_char_unsigned_short_i_61]:  wired=0; compound=0; hidden=1; nouse=0; global=1; static=1; extern=0; dir=2; type=0; pingpong=0; private_global=1; IO mode=ap_ovld:ce=0
Port [ mxm_execute_ursa_signed_char_unsigned_short_unsigned_char_unsigned_short_i_62]:  wired=0; compound=0; hidden=1; nouse=0; global=1; static=1; extern=0; dir=2; type=0; pingpong=0; private_global=1; IO mode=ap_ovld:ce=0
Port [ mxm_execute_ursa_signed_char_unsigned_short_unsigned_char_unsigned_short_i_63]:  wired=0; compound=0; hidden=1; nouse=0; global=1; static=1; extern=0; dir=2; type=0; pingpong=0; private_global=1; IO mode=ap_ovld:ce=0
Port [ mxm_execute_ursa_signed_char_unsigned_short_unsigned_char_unsigned_short_i_64]:  wired=0; compound=0; hidden=1; nouse=0; global=1; static=1; extern=0; dir=2; type=0; pingpong=0; private_global=1; IO mode=ap_ovld:ce=0
Port [ mxm_execute_ursa_signed_char_unsigned_short_unsigned_char_unsigned_short_i_66]:  wired=0; compound=0; hidden=1; nouse=0; global=1; static=1; extern=0; dir=2; type=0; pingpong=0; private_global=1; IO mode=ap_ovld:ce=0
Port [ mxm_execute_ursa_signed_char_unsigned_short_unsigned_char_unsigned_short_i_67]:  wired=0; compound=0; hidden=1; nouse=0; global=1; static=1; extern=0; dir=2; type=0; pingpong=0; private_global=1; IO mode=ap_ovld:ce=0
Port [ mxm_execute_ursa_signed_char_unsigned_short_unsigned_char_unsigned_short_i_68]:  wired=0; compound=0; hidden=1; nouse=0; global=1; static=1; extern=0; dir=2; type=0; pingpong=0; private_global=1; IO mode=ap_ovld:ce=0
Port [ mxm_execute_ursa_signed_char_unsigned_short_unsigned_char_unsigned_short_i_69]:  wired=0; compound=0; hidden=1; nouse=0; global=1; static=1; extern=0; dir=2; type=0; pingpong=0; private_global=1; IO mode=ap_ovld:ce=0
Port [ mxm_execute_ursa_signed_char_unsigned_short_unsigned_char_unsigned_short_i_70]:  wired=0; compound=0; hidden=1; nouse=0; global=1; static=1; extern=0; dir=2; type=0; pingpong=0; private_global=1; IO mode=ap_ovld:ce=0
Port [ mxm_execute_ursa_signed_char_unsigned_short_unsigned_char_unsigned_short_i_71]:  wired=0; compound=0; hidden=1; nouse=0; global=1; static=1; extern=0; dir=2; type=0; pingpong=0; private_global=1; IO mode=ap_ovld:ce=0
Port [ mxm_execute_ursa_signed_char_unsigned_short_unsigned_char_unsigned_short_i_72]:  wired=0; compound=0; hidden=1; nouse=0; global=1; static=1; extern=0; dir=2; type=0; pingpong=0; private_global=1; IO mode=ap_ovld:ce=0
Port [ mxm_execute_ursa_signed_char_unsigned_short_unsigned_char_unsigned_short_i_73]:  wired=0; compound=0; hidden=1; nouse=0; global=1; static=1; extern=0; dir=2; type=0; pingpong=0; private_global=1; IO mode=ap_ovld:ce=0
Port [ mxm_execute_ursa_signed_char_unsigned_short_unsigned_char_unsigned_short_i_74]:  wired=0; compound=0; hidden=1; nouse=0; global=1; static=1; extern=0; dir=2; type=0; pingpong=0; private_global=1; IO mode=ap_ovld:ce=0
Port [ mxm_execute_ursa_signed_char_unsigned_short_unsigned_char_unsigned_short_i_75]:  wired=0; compound=0; hidden=1; nouse=0; global=1; static=1; extern=0; dir=2; type=0; pingpong=0; private_global=1; IO mode=ap_ovld:ce=0
Port [ mxm_execute_ursa_signed_char_unsigned_short_unsigned_char_unsigned_short_i_77]:  wired=0; compound=0; hidden=1; nouse=0; global=1; static=1; extern=0; dir=2; type=0; pingpong=0; private_global=1; IO mode=ap_ovld:ce=0
Port [ mxm_execute_ursa_signed_char_unsigned_short_unsigned_char_unsigned_short_i_78]:  wired=0; compound=0; hidden=1; nouse=0; global=1; static=1; extern=0; dir=2; type=0; pingpong=0; private_global=1; IO mode=ap_ovld:ce=0
Port [ mxm_execute_ursa_signed_char_unsigned_short_unsigned_char_unsigned_short_i_79]:  wired=0; compound=0; hidden=1; nouse=0; global=1; static=1; extern=0; dir=2; type=0; pingpong=0; private_global=1; IO mode=ap_ovld:ce=0
Port [ mxm_execute_ursa_signed_char_unsigned_short_unsigned_char_unsigned_short_i_80]:  wired=0; compound=0; hidden=1; nouse=0; global=1; static=1; extern=0; dir=2; type=0; pingpong=0; private_global=1; IO mode=ap_ovld:ce=0
Port [ mxm_execute_ursa_signed_char_unsigned_short_unsigned_char_unsigned_short_i_81]:  wired=0; compound=0; hidden=1; nouse=0; global=1; static=1; extern=0; dir=2; type=0; pingpong=0; private_global=1; IO mode=ap_ovld:ce=0
Port [ mxm_execute_ursa_signed_char_unsigned_short_unsigned_char_unsigned_short_i_82]:  wired=0; compound=0; hidden=1; nouse=0; global=1; static=1; extern=0; dir=2; type=0; pingpong=0; private_global=1; IO mode=ap_ovld:ce=0
Port [ mxm_execute_ursa_signed_char_unsigned_short_unsigned_char_unsigned_short_i_83]:  wired=0; compound=0; hidden=1; nouse=0; global=1; static=1; extern=0; dir=2; type=0; pingpong=0; private_global=1; IO mode=ap_ovld:ce=0
Port [ mxm_execute_ursa_signed_char_unsigned_short_unsigned_char_unsigned_short_i_84]:  wired=0; compound=0; hidden=1; nouse=0; global=1; static=1; extern=0; dir=2; type=0; pingpong=0; private_global=1; IO mode=ap_ovld:ce=0
Port [ mxm_execute_ursa_signed_char_unsigned_short_unsigned_char_unsigned_short_i_85]:  wired=0; compound=0; hidden=1; nouse=0; global=1; static=1; extern=0; dir=2; type=0; pingpong=0; private_global=1; IO mode=ap_ovld:ce=0
Port [ mxm_execute_ursa_signed_char_unsigned_short_unsigned_char_unsigned_short_i_86]:  wired=0; compound=0; hidden=1; nouse=0; global=1; static=1; extern=0; dir=2; type=0; pingpong=0; private_global=1; IO mode=ap_ovld:ce=0
Port [ mxm_execute_ursa_signed_char_unsigned_short_unsigned_char_unsigned_short_i_88]:  wired=0; compound=0; hidden=1; nouse=0; global=1; static=1; extern=0; dir=2; type=0; pingpong=0; private_global=1; IO mode=ap_ovld:ce=0
Port [ mxm_execute_ursa_signed_char_unsigned_short_unsigned_char_unsigned_short_i_89]:  wired=0; compound=0; hidden=1; nouse=0; global=1; static=1; extern=0; dir=2; type=0; pingpong=0; private_global=1; IO mode=ap_ovld:ce=0
Port [ mxm_execute_ursa_signed_char_unsigned_short_unsigned_char_unsigned_short_i_96]:  wired=0; compound=0; hidden=1; nouse=0; global=1; static=1; extern=0; dir=2; type=0; pingpong=0; private_global=1; IO mode=ap_ovld:ce=0
Port [ mxm_execute_ursa_signed_char_unsigned_short_unsigned_char_unsigned_short_i_243]:  wired=0; compound=0; hidden=1; nouse=0; global=1; static=1; extern=0; dir=2; type=0; pingpong=0; private_global=1; IO mode=ap_ovld:ce=0
Port [ mxm_execute_ursa_signed_char_unsigned_short_unsigned_char_unsigned_short_i_232]:  wired=0; compound=0; hidden=1; nouse=0; global=1; static=1; extern=0; dir=2; type=0; pingpong=0; private_global=1; IO mode=ap_ovld:ce=0
Port [ mxm_execute_ursa_signed_char_unsigned_short_unsigned_char_unsigned_short_i_221]:  wired=0; compound=0; hidden=1; nouse=0; global=1; static=1; extern=0; dir=2; type=0; pingpong=0; private_global=1; IO mode=ap_ovld:ce=0
Port [ mxm_execute_ursa_signed_char_unsigned_short_unsigned_char_unsigned_short_i_210]:  wired=0; compound=0; hidden=1; nouse=0; global=1; static=1; extern=0; dir=2; type=0; pingpong=0; private_global=1; IO mode=ap_ovld:ce=0
Port [ mxm_execute_ursa_signed_char_unsigned_short_unsigned_char_unsigned_short_i_199]:  wired=0; compound=0; hidden=1; nouse=0; global=1; static=1; extern=0; dir=2; type=0; pingpong=0; private_global=1; IO mode=ap_ovld:ce=0
Port [ mxm_execute_ursa_signed_char_unsigned_short_unsigned_char_unsigned_short_i_188]:  wired=0; compound=0; hidden=1; nouse=0; global=1; static=1; extern=0; dir=2; type=0; pingpong=0; private_global=1; IO mode=ap_ovld:ce=0
Port [ mxm_execute_ursa_signed_char_unsigned_short_unsigned_char_unsigned_short_i_177]:  wired=0; compound=0; hidden=1; nouse=0; global=1; static=1; extern=0; dir=2; type=0; pingpong=0; private_global=1; IO mode=ap_ovld:ce=0
Port [ mxm_execute_ursa_signed_char_unsigned_short_unsigned_char_unsigned_short_i_10]:  wired=0; compound=0; hidden=1; nouse=0; global=1; static=1; extern=0; dir=2; type=0; pingpong=0; private_global=1; IO mode=ap_ovld:ce=0
Port [ mxm_execute_ursa_signed_char_unsigned_short_unsigned_char_unsigned_short_i_21]:  wired=0; compound=0; hidden=1; nouse=0; global=1; static=1; extern=0; dir=2; type=0; pingpong=0; private_global=1; IO mode=ap_ovld:ce=0
Port [ mxm_execute_ursa_signed_char_unsigned_short_unsigned_char_unsigned_short_i_32]:  wired=0; compound=0; hidden=1; nouse=0; global=1; static=1; extern=0; dir=2; type=0; pingpong=0; private_global=1; IO mode=ap_ovld:ce=0
Port [ mxm_execute_ursa_signed_char_unsigned_short_unsigned_char_unsigned_short_i_43]:  wired=0; compound=0; hidden=1; nouse=0; global=1; static=1; extern=0; dir=2; type=0; pingpong=0; private_global=1; IO mode=ap_ovld:ce=0
Port [ mxm_execute_ursa_signed_char_unsigned_short_unsigned_char_unsigned_short_i_54]:  wired=0; compound=0; hidden=1; nouse=0; global=1; static=1; extern=0; dir=2; type=0; pingpong=0; private_global=1; IO mode=ap_ovld:ce=0
Port [ mxm_execute_ursa_signed_char_unsigned_short_unsigned_char_unsigned_short_i_65]:  wired=0; compound=0; hidden=1; nouse=0; global=1; static=1; extern=0; dir=2; type=0; pingpong=0; private_global=1; IO mode=ap_ovld:ce=0
Port [ mxm_execute_ursa_signed_char_unsigned_short_unsigned_char_unsigned_short_i_76]:  wired=0; compound=0; hidden=1; nouse=0; global=1; static=1; extern=0; dir=2; type=0; pingpong=0; private_global=1; IO mode=ap_ovld:ce=0
Port [ mxm_execute_ursa_signed_char_unsigned_short_unsigned_char_unsigned_short_i_87]:  wired=0; compound=0; hidden=1; nouse=0; global=1; static=1; extern=0; dir=2; type=0; pingpong=0; private_global=1; IO mode=ap_ovld:ce=0
Port [ mxm_execute_ursa_signed_char_unsigned_short_unsigned_char_unsigned_short_i_176]:  wired=0; compound=0; hidden=1; nouse=0; global=1; static=1; extern=0; dir=2; type=0; pingpong=0; private_global=1; IO mode=ap_ovld:ce=0
Port [ mxm_execute_ursa_signed_char_unsigned_short_unsigned_char_unsigned_short_i_175]:  wired=0; compound=0; hidden=1; nouse=0; global=1; static=1; extern=0; dir=2; type=0; pingpong=0; private_global=1; IO mode=ap_ovld:ce=0
Port [ mxm_execute_ursa_signed_char_unsigned_short_unsigned_char_unsigned_short_i_249]:  wired=0; compound=0; hidden=1; nouse=1; global=1; static=1; extern=0; dir=2; type=0; pingpong=0; private_global=0; IO mode=ap_ovld:ce=0
Port [ mxm_execute_ursa_signed_char_unsigned_short_unsigned_char_unsigned_short_i_248]:  wired=0; compound=0; hidden=1; nouse=1; global=1; static=1; extern=0; dir=2; type=0; pingpong=0; private_global=0; IO mode=ap_ovld:ce=0
Port [ mxm_execute_ursa_signed_char_unsigned_short_unsigned_char_unsigned_short_i_247]:  wired=0; compound=0; hidden=1; nouse=1; global=1; static=1; extern=0; dir=2; type=0; pingpong=0; private_global=0; IO mode=ap_ovld:ce=0
Port [ mxm_execute_ursa_signed_char_unsigned_short_unsigned_char_unsigned_short_i_246]:  wired=0; compound=0; hidden=1; nouse=1; global=1; static=1; extern=0; dir=2; type=0; pingpong=0; private_global=0; IO mode=ap_ovld:ce=0
Port [ mxm_execute_ursa_signed_char_unsigned_short_unsigned_char_unsigned_short_i_245]:  wired=0; compound=0; hidden=1; nouse=1; global=1; static=1; extern=0; dir=2; type=0; pingpong=0; private_global=0; IO mode=ap_ovld:ce=0
Port [ mxm_execute_ursa_signed_char_unsigned_short_unsigned_char_unsigned_short_i_244]:  wired=0; compound=0; hidden=1; nouse=1; global=1; static=1; extern=0; dir=2; type=0; pingpong=0; private_global=0; IO mode=ap_ovld:ce=0
Port [ mxm_execute_ursa_signed_char_unsigned_short_unsigned_char_unsigned_short_i_242]:  wired=0; compound=0; hidden=1; nouse=1; global=1; static=1; extern=0; dir=2; type=0; pingpong=0; private_global=0; IO mode=ap_ovld:ce=0
Port [ mxm_execute_ursa_signed_char_unsigned_short_unsigned_char_unsigned_short_i_241]:  wired=0; compound=0; hidden=1; nouse=1; global=1; static=1; extern=0; dir=2; type=0; pingpong=0; private_global=0; IO mode=ap_ovld:ce=0
Port [ mxm_execute_ursa_signed_char_unsigned_short_unsigned_char_unsigned_short_i_240]:  wired=0; compound=0; hidden=1; nouse=1; global=1; static=1; extern=0; dir=2; type=0; pingpong=0; private_global=0; IO mode=ap_ovld:ce=0
Port [ mxm_execute_ursa_signed_char_unsigned_short_unsigned_char_unsigned_short_i_239]:  wired=0; compound=0; hidden=1; nouse=1; global=1; static=1; extern=0; dir=2; type=0; pingpong=0; private_global=0; IO mode=ap_ovld:ce=0
Port [ mxm_execute_ursa_signed_char_unsigned_short_unsigned_char_unsigned_short_i_238]:  wired=0; compound=0; hidden=1; nouse=1; global=1; static=1; extern=0; dir=2; type=0; pingpong=0; private_global=0; IO mode=ap_ovld:ce=0
Port [ mxm_execute_ursa_signed_char_unsigned_short_unsigned_char_unsigned_short_i_237]:  wired=0; compound=0; hidden=1; nouse=1; global=1; static=1; extern=0; dir=2; type=0; pingpong=0; private_global=0; IO mode=ap_ovld:ce=0
Port [ mxm_execute_ursa_signed_char_unsigned_short_unsigned_char_unsigned_short_i_236]:  wired=0; compound=0; hidden=1; nouse=1; global=1; static=1; extern=0; dir=2; type=0; pingpong=0; private_global=0; IO mode=ap_ovld:ce=0
Port [ mxm_execute_ursa_signed_char_unsigned_short_unsigned_char_unsigned_short_i_235]:  wired=0; compound=0; hidden=1; nouse=1; global=1; static=1; extern=0; dir=2; type=0; pingpong=0; private_global=0; IO mode=ap_ovld:ce=0
Port [ mxm_execute_ursa_signed_char_unsigned_short_unsigned_char_unsigned_short_i_38]:  wired=0; compound=0; hidden=1; nouse=1; global=1; static=1; extern=0; dir=2; type=0; pingpong=0; private_global=0; IO mode=ap_ovld:ce=0
Port [ mxm_execute_ursa_signed_char_unsigned_short_unsigned_char_unsigned_short_i_29]:  wired=0; compound=0; hidden=1; nouse=1; global=1; static=1; extern=0; dir=2; type=0; pingpong=0; private_global=0; IO mode=ap_ovld:ce=0
Port [ mxm_execute_ursa_signed_char_unsigned_short_unsigned_char_unsigned_short_i_20]:  wired=0; compound=0; hidden=1; nouse=1; global=1; static=1; extern=0; dir=2; type=0; pingpong=0; private_global=0; IO mode=ap_ovld:ce=0
Port [ mxm_execute_ursa_signed_char_unsigned_short_unsigned_char_unsigned_short_i_12]:  wired=0; compound=0; hidden=1; nouse=1; global=1; static=1; extern=0; dir=2; type=0; pingpong=0; private_global=0; IO mode=ap_ovld:ce=0
Port [ mxm_execute_ursa_signed_char_unsigned_short_unsigned_char_unsigned_short_i_3]:  wired=0; compound=0; hidden=1; nouse=1; global=1; static=1; extern=0; dir=2; type=0; pingpong=0; private_global=0; IO mode=ap_ovld:ce=0
Port [ mxm_execute_ursa_signed_char_unsigned_short_unsigned_char_unsigned_short_i_93]:  wired=0; compound=0; hidden=1; nouse=1; global=1; static=1; extern=0; dir=2; type=0; pingpong=0; private_global=0; IO mode=ap_ovld:ce=0
Port [ mxm_execute_ursa_signed_char_unsigned_short_unsigned_char_unsigned_short_i_37]:  wired=0; compound=0; hidden=1; nouse=1; global=1; static=1; extern=0; dir=2; type=0; pingpong=0; private_global=0; IO mode=ap_ovld:ce=0
Port [ mxm_execute_ursa_signed_char_unsigned_short_unsigned_char_unsigned_short_i_28]:  wired=0; compound=0; hidden=1; nouse=1; global=1; static=1; extern=0; dir=2; type=0; pingpong=0; private_global=0; IO mode=ap_ovld:ce=0
Port [ mxm_execute_ursa_signed_char_unsigned_short_unsigned_char_unsigned_short_i_19]:  wired=0; compound=0; hidden=1; nouse=1; global=1; static=1; extern=0; dir=2; type=0; pingpong=0; private_global=0; IO mode=ap_ovld:ce=0
Port [ mxm_execute_ursa_signed_char_unsigned_short_unsigned_char_unsigned_short_i_11]:  wired=0; compound=0; hidden=1; nouse=1; global=1; static=1; extern=0; dir=2; type=0; pingpong=0; private_global=0; IO mode=ap_ovld:ce=0
Port [ mxm_execute_ursa_signed_char_unsigned_short_unsigned_char_unsigned_short_i_2]:  wired=0; compound=0; hidden=1; nouse=1; global=1; static=1; extern=0; dir=2; type=0; pingpong=0; private_global=0; IO mode=ap_ovld:ce=0
Port [ mxm_execute_ursa_signed_char_unsigned_short_unsigned_char_unsigned_short_i_94]:  wired=0; compound=0; hidden=1; nouse=1; global=1; static=1; extern=0; dir=2; type=0; pingpong=0; private_global=0; IO mode=ap_ovld:ce=0
Port [ mxm_execute_ursa_signed_char_unsigned_short_unsigned_char_unsigned_short_i_36]:  wired=0; compound=0; hidden=1; nouse=1; global=1; static=1; extern=0; dir=2; type=0; pingpong=0; private_global=0; IO mode=ap_ovld:ce=0
Port [ mxm_execute_ursa_signed_char_unsigned_short_unsigned_char_unsigned_short_i_27]:  wired=0; compound=0; hidden=1; nouse=1; global=1; static=1; extern=0; dir=2; type=0; pingpong=0; private_global=0; IO mode=ap_ovld:ce=0
Port [ mxm_execute_ursa_signed_char_unsigned_short_unsigned_char_unsigned_short_i_18]:  wired=0; compound=0; hidden=1; nouse=1; global=1; static=1; extern=0; dir=2; type=0; pingpong=0; private_global=0; IO mode=ap_ovld:ce=0
Port [ mxm_execute_ursa_signed_char_unsigned_short_unsigned_char_unsigned_short_i_9]:  wired=0; compound=0; hidden=1; nouse=1; global=1; static=1; extern=0; dir=2; type=0; pingpong=0; private_global=0; IO mode=ap_ovld:ce=0
Port [ mxm_execute_ursa_signed_char_unsigned_short_unsigned_char_unsigned_short_i_1]:  wired=0; compound=0; hidden=1; nouse=1; global=1; static=1; extern=0; dir=2; type=0; pingpong=0; private_global=0; IO mode=ap_ovld:ce=0
Port [ mxm_execute_ursa_signed_char_unsigned_short_unsigned_char_unsigned_short_i_95]:  wired=0; compound=0; hidden=1; nouse=1; global=1; static=1; extern=0; dir=2; type=0; pingpong=0; private_global=0; IO mode=ap_ovld:ce=0
Port [ mxm_execute_ursa_signed_char_unsigned_short_unsigned_char_unsigned_short_i_35]:  wired=0; compound=0; hidden=1; nouse=1; global=1; static=1; extern=0; dir=2; type=0; pingpong=0; private_global=0; IO mode=ap_ovld:ce=0
Port [ mxm_execute_ursa_signed_char_unsigned_short_unsigned_char_unsigned_short_i_26]:  wired=0; compound=0; hidden=1; nouse=1; global=1; static=1; extern=0; dir=2; type=0; pingpong=0; private_global=0; IO mode=ap_ovld:ce=0
Port [ mxm_execute_ursa_signed_char_unsigned_short_unsigned_char_unsigned_short_i_17]:  wired=0; compound=0; hidden=1; nouse=1; global=1; static=1; extern=0; dir=2; type=0; pingpong=0; private_global=0; IO mode=ap_ovld:ce=0
Port [ mxm_execute_ursa_signed_char_unsigned_short_unsigned_char_unsigned_short_i_8]:  wired=0; compound=0; hidden=1; nouse=1; global=1; static=1; extern=0; dir=2; type=0; pingpong=0; private_global=0; IO mode=ap_ovld:ce=0
Port [ mxm_execute_ursa_signed_char_unsigned_short_unsigned_char_unsigned_short_i]:  wired=0; compound=0; hidden=1; nouse=1; global=1; static=1; extern=0; dir=2; type=0; pingpong=0; private_global=0; IO mode=ap_ovld:ce=0
Port [ mxm_execute_ursa_signed_char_unsigned_short_unsigned_char_unsigned_short_i_97]:  wired=0; compound=0; hidden=1; nouse=1; global=1; static=1; extern=0; dir=2; type=0; pingpong=0; private_global=0; IO mode=ap_ovld:ce=0
Port [ mxm_execute_ursa_signed_char_unsigned_short_unsigned_char_unsigned_short_i_34]:  wired=0; compound=0; hidden=1; nouse=1; global=1; static=1; extern=0; dir=2; type=0; pingpong=0; private_global=0; IO mode=ap_ovld:ce=0
Port [ mxm_execute_ursa_signed_char_unsigned_short_unsigned_char_unsigned_short_i_25]:  wired=0; compound=0; hidden=1; nouse=1; global=1; static=1; extern=0; dir=2; type=0; pingpong=0; private_global=0; IO mode=ap_ovld:ce=0
Port [ mxm_execute_ursa_signed_char_unsigned_short_unsigned_char_unsigned_short_i_16]:  wired=0; compound=0; hidden=1; nouse=1; global=1; static=1; extern=0; dir=2; type=0; pingpong=0; private_global=0; IO mode=ap_ovld:ce=0
Port [ mxm_execute_ursa_signed_char_unsigned_short_unsigned_char_unsigned_short_i_7]:  wired=0; compound=0; hidden=1; nouse=1; global=1; static=1; extern=0; dir=2; type=0; pingpong=0; private_global=0; IO mode=ap_ovld:ce=0
Port [ mxm_execute_ursa_signed_char_unsigned_short_unsigned_char_unsigned_short_i_90]:  wired=0; compound=0; hidden=1; nouse=1; global=1; static=1; extern=0; dir=2; type=0; pingpong=0; private_global=0; IO mode=ap_ovld:ce=0
Port [ mxm_execute_ursa_signed_char_unsigned_short_unsigned_char_unsigned_short_i_98]:  wired=0; compound=0; hidden=1; nouse=1; global=1; static=1; extern=0; dir=2; type=0; pingpong=0; private_global=0; IO mode=ap_ovld:ce=0
Port [ mxm_execute_ursa_signed_char_unsigned_short_unsigned_char_unsigned_short_i_33]:  wired=0; compound=0; hidden=1; nouse=1; global=1; static=1; extern=0; dir=2; type=0; pingpong=0; private_global=0; IO mode=ap_ovld:ce=0
Port [ mxm_execute_ursa_signed_char_unsigned_short_unsigned_char_unsigned_short_i_24]:  wired=0; compound=0; hidden=1; nouse=1; global=1; static=1; extern=0; dir=2; type=0; pingpong=0; private_global=0; IO mode=ap_ovld:ce=0
Port [ mxm_execute_ursa_signed_char_unsigned_short_unsigned_char_unsigned_short_i_15]:  wired=0; compound=0; hidden=1; nouse=1; global=1; static=1; extern=0; dir=2; type=0; pingpong=0; private_global=0; IO mode=ap_ovld:ce=0
Port [ mxm_execute_ursa_signed_char_unsigned_short_unsigned_char_unsigned_short_i_6]:  wired=0; compound=0; hidden=1; nouse=1; global=1; static=1; extern=0; dir=2; type=0; pingpong=0; private_global=0; IO mode=ap_ovld:ce=0
Port [ mxm_execute_ursa_signed_char_unsigned_short_unsigned_char_unsigned_short_i_91]:  wired=0; compound=0; hidden=1; nouse=1; global=1; static=1; extern=0; dir=2; type=0; pingpong=0; private_global=0; IO mode=ap_ovld:ce=0
Port [ mxm_execute_ursa_signed_char_unsigned_short_unsigned_char_unsigned_short_i_99]:  wired=0; compound=0; hidden=1; nouse=1; global=1; static=1; extern=0; dir=2; type=0; pingpong=0; private_global=0; IO mode=ap_ovld:ce=0
Port [ mxm_execute_ursa_signed_char_unsigned_short_unsigned_char_unsigned_short_i_31]:  wired=0; compound=0; hidden=1; nouse=1; global=1; static=1; extern=0; dir=2; type=0; pingpong=0; private_global=0; IO mode=ap_ovld:ce=0
Port [ mxm_execute_ursa_signed_char_unsigned_short_unsigned_char_unsigned_short_i_23]:  wired=0; compound=0; hidden=1; nouse=1; global=1; static=1; extern=0; dir=2; type=0; pingpong=0; private_global=0; IO mode=ap_ovld:ce=0
Port [ mxm_execute_ursa_signed_char_unsigned_short_unsigned_char_unsigned_short_i_14]:  wired=0; compound=0; hidden=1; nouse=1; global=1; static=1; extern=0; dir=2; type=0; pingpong=0; private_global=0; IO mode=ap_ovld:ce=0
Port [ mxm_execute_ursa_signed_char_unsigned_short_unsigned_char_unsigned_short_i_5]:  wired=0; compound=0; hidden=1; nouse=1; global=1; static=1; extern=0; dir=2; type=0; pingpong=0; private_global=0; IO mode=ap_ovld:ce=0
Port [ mxm_execute_ursa_signed_char_unsigned_short_unsigned_char_unsigned_short_i_92]:  wired=0; compound=0; hidden=1; nouse=1; global=1; static=1; extern=0; dir=2; type=0; pingpong=0; private_global=0; IO mode=ap_ovld:ce=0
Port [ mxm_execute_ursa_signed_char_unsigned_short_unsigned_char_unsigned_short_i_250]:  wired=0; compound=0; hidden=1; nouse=1; global=1; static=1; extern=0; dir=2; type=0; pingpong=0; private_global=0; IO mode=ap_ovld:ce=0
---------------- STG Properties END ------------------

---------------- Datapath Model BEGIN ----------------

<LifeTime>
<method=bitvector/>
j                                                                              (alloca           ) [ 0111111111111]
i                                                                              (alloca           ) [ 0111111111111]
indvar_flatten                                                                 (alloca           ) [ 0111111111111]
mxm_execute_ursa_signed_char_unsigned_short_unsigned_char_unsigned_short_i_287 (alloca           ) [ 0111111111111]
mxm_execute_ursa_signed_char_unsigned_short_unsigned_char_unsigned_short_i_286 (alloca           ) [ 0111111111111]
mxm_execute_ursa_signed_char_unsigned_short_unsigned_char_unsigned_short_i_285 (alloca           ) [ 0111111111111]
mxm_execute_ursa_signed_char_unsigned_short_unsigned_char_unsigned_short_i_284 (alloca           ) [ 0111111111111]
mxm_execute_ursa_signed_char_unsigned_short_unsigned_char_unsigned_short_i_283 (alloca           ) [ 0111111111111]
mxm_execute_ursa_signed_char_unsigned_short_unsigned_char_unsigned_short_i_282 (alloca           ) [ 0111111111111]
mxm_execute_ursa_signed_char_unsigned_short_unsigned_char_unsigned_short_i_281 (alloca           ) [ 0111111111111]
mxm_execute_ursa_signed_char_unsigned_short_unsigned_char_unsigned_short_i_280 (alloca           ) [ 0111111111111]
mxm_execute_ursa_signed_char_unsigned_short_unsigned_char_unsigned_short_i_279 (alloca           ) [ 0111111111111]
mxm_execute_ursa_signed_char_unsigned_short_unsigned_char_unsigned_short_i_278 (alloca           ) [ 0111111111111]
mxm_execute_ursa_signed_char_unsigned_short_unsigned_char_unsigned_short_i_277 (alloca           ) [ 0111111111111]
mxm_execute_ursa_signed_char_unsigned_short_unsigned_char_unsigned_short_i_276 (alloca           ) [ 0111111111111]
mxm_execute_ursa_signed_char_unsigned_short_unsigned_char_unsigned_short_i_275 (alloca           ) [ 0111111111111]
mxm_execute_ursa_signed_char_unsigned_short_unsigned_char_unsigned_short_i_274 (alloca           ) [ 0111111111111]
mxm_execute_ursa_signed_char_unsigned_short_unsigned_char_unsigned_short_i_273 (alloca           ) [ 0111111111111]
mxm_execute_ursa_signed_char_unsigned_short_unsigned_char_unsigned_short_i_272 (alloca           ) [ 0111111111111]
mxm_execute_ursa_signed_char_unsigned_short_unsigned_char_unsigned_short_i_271 (alloca           ) [ 0111111111111]
mxm_execute_ursa_signed_char_unsigned_short_unsigned_char_unsigned_short_i_270 (alloca           ) [ 0111111111111]
mxm_execute_ursa_signed_char_unsigned_short_unsigned_char_unsigned_short_i_269 (alloca           ) [ 0111111111111]
mxm_execute_ursa_signed_char_unsigned_short_unsigned_char_unsigned_short_i_268 (alloca           ) [ 0111111111111]
mxm_execute_ursa_signed_char_unsigned_short_unsigned_char_unsigned_short_i_267 (alloca           ) [ 0111111111111]
mxm_execute_ursa_signed_char_unsigned_short_unsigned_char_unsigned_short_i_266 (alloca           ) [ 0111111111111]
mxm_execute_ursa_signed_char_unsigned_short_unsigned_char_unsigned_short_i_265 (alloca           ) [ 0111111111111]
mxm_execute_ursa_signed_char_unsigned_short_unsigned_char_unsigned_short_i_264 (alloca           ) [ 0111111111111]
mxm_execute_ursa_signed_char_unsigned_short_unsigned_char_unsigned_short_i_263 (alloca           ) [ 0111111111111]
mxm_execute_ursa_signed_char_unsigned_short_unsigned_char_unsigned_short_i_262 (alloca           ) [ 0111111111111]
mxm_execute_ursa_signed_char_unsigned_short_unsigned_char_unsigned_short_i_261 (alloca           ) [ 0111111111111]
mxm_execute_ursa_signed_char_unsigned_short_unsigned_char_unsigned_short_i_260 (alloca           ) [ 0111111111111]
mxm_execute_ursa_signed_char_unsigned_short_unsigned_char_unsigned_short_i_259 (alloca           ) [ 0111111111111]
mxm_execute_ursa_signed_char_unsigned_short_unsigned_char_unsigned_short_i_258 (alloca           ) [ 0111111111111]
mxm_execute_ursa_signed_char_unsigned_short_unsigned_char_unsigned_short_i_257 (alloca           ) [ 0111111111111]
mxm_execute_ursa_signed_char_unsigned_short_unsigned_char_unsigned_short_i_256 (alloca           ) [ 0111111111111]
mxm_execute_ursa_signed_char_unsigned_short_unsigned_char_unsigned_short_i_255 (alloca           ) [ 0111111111111]
mxm_execute_ursa_signed_char_unsigned_short_unsigned_char_unsigned_short_i_254 (alloca           ) [ 0111111111111]
mxm_execute_ursa_signed_char_unsigned_short_unsigned_char_unsigned_short_i_253 (alloca           ) [ 0111111111111]
mxm_execute_ursa_signed_char_unsigned_short_unsigned_char_unsigned_short_i_252 (alloca           ) [ 0111111111111]
mxm_execute_ursa_signed_char_unsigned_short_unsigned_char_unsigned_short_i_251 (alloca           ) [ 0111111111111]
mxm_execute_ursa_signed_char_unsigned_short_unsigned_char_unsigned_short_i_539 (alloca           ) [ 0111111111111]
mxm_execute_ursa_signed_char_unsigned_short_unsigned_char_unsigned_short_i_540 (alloca           ) [ 0111111111111]
mxm_execute_ursa_signed_char_unsigned_short_unsigned_char_unsigned_short_i_541 (alloca           ) [ 0111111111111]
mxm_execute_ursa_signed_char_unsigned_short_unsigned_char_unsigned_short_i_542 (alloca           ) [ 0111111111111]
mxm_execute_ursa_signed_char_unsigned_short_unsigned_char_unsigned_short_i_543 (alloca           ) [ 0111111111111]
mxm_execute_ursa_signed_char_unsigned_short_unsigned_char_unsigned_short_i_544 (alloca           ) [ 0111111111111]
mxm_execute_ursa_signed_char_unsigned_short_unsigned_char_unsigned_short_i_545 (alloca           ) [ 0111111111111]
mxm_execute_ursa_signed_char_unsigned_short_unsigned_char_unsigned_short_i_546 (alloca           ) [ 0111111111111]
mxm_execute_ursa_signed_char_unsigned_short_unsigned_char_unsigned_short_i_547 (alloca           ) [ 0111111111111]
mxm_execute_ursa_signed_char_unsigned_short_unsigned_char_unsigned_short_i_548 (alloca           ) [ 0111111111111]
mxm_execute_ursa_signed_char_unsigned_short_unsigned_char_unsigned_short_i_549 (alloca           ) [ 0111111111111]
mxm_execute_ursa_signed_char_unsigned_short_unsigned_char_unsigned_short_i_550 (alloca           ) [ 0111111111111]
mxm_execute_ursa_signed_char_unsigned_short_unsigned_char_unsigned_short_i_551 (alloca           ) [ 0111111111111]
mxm_execute_ursa_signed_char_unsigned_short_unsigned_char_unsigned_short_i_552 (alloca           ) [ 0111111111111]
mxm_execute_ursa_signed_char_unsigned_short_unsigned_char_unsigned_short_i_553 (alloca           ) [ 0111111111111]
mxm_execute_ursa_signed_char_unsigned_short_unsigned_char_unsigned_short_i_554 (alloca           ) [ 0111111111111]
mxm_execute_ursa_signed_char_unsigned_short_unsigned_char_unsigned_short_i_555 (alloca           ) [ 0111111111111]
mxm_execute_ursa_signed_char_unsigned_short_unsigned_char_unsigned_short_i_556 (alloca           ) [ 0111111111111]
mxm_execute_ursa_signed_char_unsigned_short_unsigned_char_unsigned_short_i_557 (alloca           ) [ 0111111111111]
addr_c0_read                                                                   (read             ) [ 0011111111111]
addr_b0_read                                                                   (read             ) [ 0011111111111]
addr_a0_read                                                                   (read             ) [ 0011111111111]
cmp15_i_phi_loc                                                                (alloca           ) [ 0011111111111]
cmp15_1_i_phi_loc                                                              (alloca           ) [ 0011111111111]
cmp15_2_i_phi_loc                                                              (alloca           ) [ 0011111111111]
cmp15_3_i_phi_loc                                                              (alloca           ) [ 0011111111111]
cmp15_4_i_phi_loc                                                              (alloca           ) [ 0011111111111]
cmp15_5_i_phi_loc                                                              (alloca           ) [ 0011111111111]
cmp15_6_i_phi_loc                                                              (alloca           ) [ 0011111111111]
cmp15_7_i_phi_loc                                                              (alloca           ) [ 0011111111111]
mxm_execute_ursa_signed_char_unsigned_short_unsigned_char_unsigned_short_i_558 (alloca           ) [ 0011111111111]
mxm_execute_ursa_signed_char_unsigned_short_unsigned_char_unsigned_short_i_559 (alloca           ) [ 0011111111111]
mxm_execute_ursa_signed_char_unsigned_short_unsigned_char_unsigned_short_i_560 (alloca           ) [ 0011111111111]
mxm_execute_ursa_signed_char_unsigned_short_unsigned_char_unsigned_short_i_561 (alloca           ) [ 0011111111111]
mxm_execute_ursa_signed_char_unsigned_short_unsigned_char_unsigned_short_i_562 (alloca           ) [ 0011111111111]
mxm_execute_ursa_signed_char_unsigned_short_unsigned_char_unsigned_short_i_563 (alloca           ) [ 0011111111111]
mxm_execute_ursa_signed_char_unsigned_short_unsigned_char_unsigned_short_i_564 (alloca           ) [ 0011111111111]
mxm_execute_ursa_signed_char_unsigned_short_unsigned_char_unsigned_short_i_565 (alloca           ) [ 0011111111111]
mxm_execute_ursa_signed_char_unsigned_short_unsigned_char_unsigned_short_i_566 (alloca           ) [ 0011111111111]
mxm_execute_ursa_signed_char_unsigned_short_unsigned_char_unsigned_short_i_567 (alloca           ) [ 0011111111111]
mxm_execute_ursa_signed_char_unsigned_short_unsigned_char_unsigned_short_i_568 (alloca           ) [ 0011111111111]
mxm_execute_ursa_signed_char_unsigned_short_unsigned_char_unsigned_short_i_569 (alloca           ) [ 0011111111111]
mxm_execute_ursa_signed_char_unsigned_short_unsigned_char_unsigned_short_i_570 (alloca           ) [ 0011111111111]
mxm_execute_ursa_signed_char_unsigned_short_unsigned_char_unsigned_short_i_571 (alloca           ) [ 0011111111111]
mxm_execute_ursa_signed_char_unsigned_short_unsigned_char_unsigned_short_i_572 (alloca           ) [ 0011111111111]
mxm_execute_ursa_signed_char_unsigned_short_unsigned_char_unsigned_short_i_573 (alloca           ) [ 0011111111111]
mxm_execute_ursa_signed_char_unsigned_short_unsigned_char_unsigned_short_i_574 (alloca           ) [ 0011111111111]
mxm_execute_ursa_signed_char_unsigned_short_unsigned_char_unsigned_short_i_575 (alloca           ) [ 0011111111111]
mxm_execute_ursa_signed_char_unsigned_short_unsigned_char_unsigned_short_i_576 (alloca           ) [ 0011111111111]
mxm_execute_ursa_signed_char_unsigned_short_unsigned_char_unsigned_short_i_577 (alloca           ) [ 0011111111111]
mxm_execute_ursa_signed_char_unsigned_short_unsigned_char_unsigned_short_i_578 (alloca           ) [ 0011111111111]
mxm_execute_ursa_signed_char_unsigned_short_unsigned_char_unsigned_short_i_579 (alloca           ) [ 0011111111111]
mxm_execute_ursa_signed_char_unsigned_short_unsigned_char_unsigned_short_i_580 (alloca           ) [ 0011111111111]
mxm_execute_ursa_signed_char_unsigned_short_unsigned_char_unsigned_short_i_581 (alloca           ) [ 0011111111111]
mxm_execute_ursa_signed_char_unsigned_short_unsigned_char_unsigned_short_i_582 (alloca           ) [ 0011111111111]
mxm_execute_ursa_signed_char_unsigned_short_unsigned_char_unsigned_short_i_583 (alloca           ) [ 0011111111111]
mxm_execute_ursa_signed_char_unsigned_short_unsigned_char_unsigned_short_i_584 (alloca           ) [ 0011111111111]
mxm_execute_ursa_signed_char_unsigned_short_unsigned_char_unsigned_short_i_585 (alloca           ) [ 0011111111111]
mxm_execute_ursa_signed_char_unsigned_short_unsigned_char_unsigned_short_i_586 (alloca           ) [ 0011111111111]
mxm_execute_ursa_signed_char_unsigned_short_unsigned_char_unsigned_short_i_587 (alloca           ) [ 0011111111111]
mxm_execute_ursa_signed_char_unsigned_short_unsigned_char_unsigned_short_i_588 (alloca           ) [ 0011111111111]
mxm_execute_ursa_signed_char_unsigned_short_unsigned_char_unsigned_short_i_589 (alloca           ) [ 0011111111111]
mxm_execute_ursa_signed_char_unsigned_short_unsigned_char_unsigned_short_i_590 (alloca           ) [ 0011111111111]
mxm_execute_ursa_signed_char_unsigned_short_unsigned_char_unsigned_short_i_591 (alloca           ) [ 0011111111111]
mxm_execute_ursa_signed_char_unsigned_short_unsigned_char_unsigned_short_i_592 (alloca           ) [ 0011111111111]
mxm_execute_ursa_signed_char_unsigned_short_unsigned_char_unsigned_short_i_593 (alloca           ) [ 0011111111111]
mxm_execute_ursa_signed_char_unsigned_short_unsigned_char_unsigned_short_i_594 (alloca           ) [ 0011111111111]
mxm_execute_ursa_signed_char_unsigned_short_unsigned_char_unsigned_short_i_595 (alloca           ) [ 0011111111111]
mxm_execute_ursa_signed_char_unsigned_short_unsigned_char_unsigned_short_i_596 (alloca           ) [ 0011111111111]
mxm_execute_ursa_signed_char_unsigned_short_unsigned_char_unsigned_short_i_597 (alloca           ) [ 0011111111111]
mxm_execute_ursa_signed_char_unsigned_short_unsigned_char_unsigned_short_i_598 (alloca           ) [ 0011111111111]
mxm_execute_ursa_signed_char_unsigned_short_unsigned_char_unsigned_short_i_599 (alloca           ) [ 0011111111111]
mxm_execute_ursa_signed_char_unsigned_short_unsigned_char_unsigned_short_i_600 (alloca           ) [ 0011111111111]
mxm_execute_ursa_signed_char_unsigned_short_unsigned_char_unsigned_short_i_601 (alloca           ) [ 0011111111111]
mxm_execute_ursa_signed_char_unsigned_short_unsigned_char_unsigned_short_i_602 (alloca           ) [ 0011111111111]
mxm_execute_ursa_signed_char_unsigned_short_unsigned_char_unsigned_short_i_603 (alloca           ) [ 0011111111111]
mxm_execute_ursa_signed_char_unsigned_short_unsigned_char_unsigned_short_i_604 (alloca           ) [ 0011111111111]
mxm_execute_ursa_signed_char_unsigned_short_unsigned_char_unsigned_short_i_605 (alloca           ) [ 0011111111111]
mxm_execute_ursa_signed_char_unsigned_short_unsigned_char_unsigned_short_i_606 (alloca           ) [ 0011111111111]
mxm_execute_ursa_signed_char_unsigned_short_unsigned_char_unsigned_short_i_607 (alloca           ) [ 0011111111111]
mxm_execute_ursa_signed_char_unsigned_short_unsigned_char_unsigned_short_i_608 (alloca           ) [ 0011111111111]
mxm_execute_ursa_signed_char_unsigned_short_unsigned_char_unsigned_short_i_609 (alloca           ) [ 0011111111111]
mxm_execute_ursa_signed_char_unsigned_short_unsigned_char_unsigned_short_i_610 (alloca           ) [ 0011111111111]
mxm_execute_ursa_signed_char_unsigned_short_unsigned_char_unsigned_short_i_611 (alloca           ) [ 0011111111111]
mxm_execute_ursa_signed_char_unsigned_short_unsigned_char_unsigned_short_i_612 (alloca           ) [ 0011111111111]
mxm_execute_ursa_signed_char_unsigned_short_unsigned_char_unsigned_short_i_613 (alloca           ) [ 0011111111111]
c_tile_acc                                                                     (alloca           ) [ 0011111111111]
mxm_execute_ursa_signed_char_unsigned_short_unsigned_char_unsigned_short_i_614 (load             ) [ 0000000000000]
mxm_execute_ursa_signed_char_unsigned_short_unsigned_char_unsigned_short_i_615 (load             ) [ 0000000000000]
mxm_execute_ursa_signed_char_unsigned_short_unsigned_char_unsigned_short_i_616 (load             ) [ 0000000000000]
mxm_execute_ursa_signed_char_unsigned_short_unsigned_char_unsigned_short_i_617 (load             ) [ 0000000000000]
mxm_execute_ursa_signed_char_unsigned_short_unsigned_char_unsigned_short_i_618 (load             ) [ 0000000000000]
mxm_execute_ursa_signed_char_unsigned_short_unsigned_char_unsigned_short_i_619 (load             ) [ 0000000000000]
mxm_execute_ursa_signed_char_unsigned_short_unsigned_char_unsigned_short_i_620 (load             ) [ 0000000000000]
mxm_execute_ursa_signed_char_unsigned_short_unsigned_char_unsigned_short_i_621 (load             ) [ 0000000000000]
mxm_execute_ursa_signed_char_unsigned_short_unsigned_char_unsigned_short_i_622 (load             ) [ 0000000000000]
mxm_execute_ursa_signed_char_unsigned_short_unsigned_char_unsigned_short_i_623 (load             ) [ 0000000000000]
mxm_execute_ursa_signed_char_unsigned_short_unsigned_char_unsigned_short_i_624 (load             ) [ 0000000000000]
mxm_execute_ursa_signed_char_unsigned_short_unsigned_char_unsigned_short_i_625 (load             ) [ 0000000000000]
mxm_execute_ursa_signed_char_unsigned_short_unsigned_char_unsigned_short_i_626 (load             ) [ 0000000000000]
mxm_execute_ursa_signed_char_unsigned_short_unsigned_char_unsigned_short_i_627 (load             ) [ 0000000000000]
mxm_execute_ursa_signed_char_unsigned_short_unsigned_char_unsigned_short_i_628 (load             ) [ 0000000000000]
mxm_execute_ursa_signed_char_unsigned_short_unsigned_char_unsigned_short_i_629 (load             ) [ 0000000000000]
mxm_execute_ursa_signed_char_unsigned_short_unsigned_char_unsigned_short_i_630 (load             ) [ 0000000000000]
mxm_execute_ursa_signed_char_unsigned_short_unsigned_char_unsigned_short_i_631 (load             ) [ 0000000000000]
mxm_execute_ursa_signed_char_unsigned_short_unsigned_char_unsigned_short_i_632 (load             ) [ 0000000000000]
mxm_execute_ursa_signed_char_unsigned_short_unsigned_char_unsigned_short_i_633 (load             ) [ 0000000000000]
mxm_execute_ursa_signed_char_unsigned_short_unsigned_char_unsigned_short_i_634 (load             ) [ 0000000000000]
mxm_execute_ursa_signed_char_unsigned_short_unsigned_char_unsigned_short_i_635 (load             ) [ 0000000000000]
mxm_execute_ursa_signed_char_unsigned_short_unsigned_char_unsigned_short_i_636 (load             ) [ 0000000000000]
mxm_execute_ursa_signed_char_unsigned_short_unsigned_char_unsigned_short_i_637 (load             ) [ 0000000000000]
mxm_execute_ursa_signed_char_unsigned_short_unsigned_char_unsigned_short_i_638 (load             ) [ 0000000000000]
mxm_execute_ursa_signed_char_unsigned_short_unsigned_char_unsigned_short_i_639 (load             ) [ 0000000000000]
mxm_execute_ursa_signed_char_unsigned_short_unsigned_char_unsigned_short_i_640 (load             ) [ 0000000000000]
mxm_execute_ursa_signed_char_unsigned_short_unsigned_char_unsigned_short_i_641 (load             ) [ 0000000000000]
mxm_execute_ursa_signed_char_unsigned_short_unsigned_char_unsigned_short_i_642 (load             ) [ 0000000000000]
mxm_execute_ursa_signed_char_unsigned_short_unsigned_char_unsigned_short_i_643 (load             ) [ 0000000000000]
mxm_execute_ursa_signed_char_unsigned_short_unsigned_char_unsigned_short_i_644 (load             ) [ 0000000000000]
mxm_execute_ursa_signed_char_unsigned_short_unsigned_char_unsigned_short_i_645 (load             ) [ 0000000000000]
mxm_execute_ursa_signed_char_unsigned_short_unsigned_char_unsigned_short_i_646 (load             ) [ 0000000000000]
mxm_execute_ursa_signed_char_unsigned_short_unsigned_char_unsigned_short_i_647 (load             ) [ 0000000000000]
mxm_execute_ursa_signed_char_unsigned_short_unsigned_char_unsigned_short_i_648 (load             ) [ 0000000000000]
mxm_execute_ursa_signed_char_unsigned_short_unsigned_char_unsigned_short_i_649 (load             ) [ 0000000000000]
mxm_execute_ursa_signed_char_unsigned_short_unsigned_char_unsigned_short_i_650 (load             ) [ 0000000000000]
mxm_execute_ursa_signed_char_unsigned_short_unsigned_char_unsigned_short_i_651 (load             ) [ 0000000000000]
mxm_execute_ursa_signed_char_unsigned_short_unsigned_char_unsigned_short_i_652 (load             ) [ 0000000000000]
mxm_execute_ursa_signed_char_unsigned_short_unsigned_char_unsigned_short_i_653 (load             ) [ 0000000000000]
mxm_execute_ursa_signed_char_unsigned_short_unsigned_char_unsigned_short_i_654 (load             ) [ 0000000000000]
mxm_execute_ursa_signed_char_unsigned_short_unsigned_char_unsigned_short_i_655 (load             ) [ 0000000000000]
mxm_execute_ursa_signed_char_unsigned_short_unsigned_char_unsigned_short_i_656 (load             ) [ 0000000000000]
mxm_execute_ursa_signed_char_unsigned_short_unsigned_char_unsigned_short_i_657 (load             ) [ 0000000000000]
mxm_execute_ursa_signed_char_unsigned_short_unsigned_char_unsigned_short_i_658 (load             ) [ 0000000000000]
mxm_execute_ursa_signed_char_unsigned_short_unsigned_char_unsigned_short_i_659 (load             ) [ 0000000000000]
mxm_execute_ursa_signed_char_unsigned_short_unsigned_char_unsigned_short_i_660 (load             ) [ 0000000000000]
mxm_execute_ursa_signed_char_unsigned_short_unsigned_char_unsigned_short_i_661 (load             ) [ 0000000000000]
mxm_execute_ursa_signed_char_unsigned_short_unsigned_char_unsigned_short_i_662 (load             ) [ 0000000000000]
mxm_execute_ursa_signed_char_unsigned_short_unsigned_char_unsigned_short_i_663 (load             ) [ 0000000000000]
mxm_execute_ursa_signed_char_unsigned_short_unsigned_char_unsigned_short_i_664 (load             ) [ 0000000000000]
mxm_execute_ursa_signed_char_unsigned_short_unsigned_char_unsigned_short_i_665 (load             ) [ 0000000000000]
mxm_execute_ursa_signed_char_unsigned_short_unsigned_char_unsigned_short_i_666 (load             ) [ 0000000000000]
mxm_execute_ursa_signed_char_unsigned_short_unsigned_char_unsigned_short_i_667 (load             ) [ 0000000000000]
mxm_execute_ursa_signed_char_unsigned_short_unsigned_char_unsigned_short_i_668 (load             ) [ 0000000000000]
mxm_execute_ursa_signed_char_unsigned_short_unsigned_char_unsigned_short_i_669 (load             ) [ 0000000000000]
store_ln60                                                                     (store            ) [ 0000000000000]
store_ln60                                                                     (store            ) [ 0000000000000]
store_ln60                                                                     (store            ) [ 0000000000000]
store_ln60                                                                     (store            ) [ 0000000000000]
store_ln60                                                                     (store            ) [ 0000000000000]
store_ln60                                                                     (store            ) [ 0000000000000]
store_ln60                                                                     (store            ) [ 0000000000000]
store_ln60                                                                     (store            ) [ 0000000000000]
store_ln60                                                                     (store            ) [ 0000000000000]
store_ln60                                                                     (store            ) [ 0000000000000]
store_ln60                                                                     (store            ) [ 0000000000000]
store_ln60                                                                     (store            ) [ 0000000000000]
store_ln60                                                                     (store            ) [ 0000000000000]
store_ln60                                                                     (store            ) [ 0000000000000]
store_ln60                                                                     (store            ) [ 0000000000000]
store_ln60                                                                     (store            ) [ 0000000000000]
store_ln60                                                                     (store            ) [ 0000000000000]
store_ln60                                                                     (store            ) [ 0000000000000]
store_ln60                                                                     (store            ) [ 0000000000000]
store_ln60                                                                     (store            ) [ 0000000000000]
store_ln60                                                                     (store            ) [ 0000000000000]
store_ln60                                                                     (store            ) [ 0000000000000]
store_ln60                                                                     (store            ) [ 0000000000000]
store_ln60                                                                     (store            ) [ 0000000000000]
store_ln60                                                                     (store            ) [ 0000000000000]
store_ln60                                                                     (store            ) [ 0000000000000]
store_ln60                                                                     (store            ) [ 0000000000000]
store_ln60                                                                     (store            ) [ 0000000000000]
store_ln60                                                                     (store            ) [ 0000000000000]
store_ln60                                                                     (store            ) [ 0000000000000]
store_ln60                                                                     (store            ) [ 0000000000000]
store_ln60                                                                     (store            ) [ 0000000000000]
store_ln60                                                                     (store            ) [ 0000000000000]
store_ln60                                                                     (store            ) [ 0000000000000]
store_ln60                                                                     (store            ) [ 0000000000000]
store_ln60                                                                     (store            ) [ 0000000000000]
store_ln60                                                                     (store            ) [ 0000000000000]
store_ln60                                                                     (store            ) [ 0000000000000]
store_ln60                                                                     (store            ) [ 0000000000000]
store_ln60                                                                     (store            ) [ 0000000000000]
store_ln60                                                                     (store            ) [ 0000000000000]
store_ln60                                                                     (store            ) [ 0000000000000]
store_ln60                                                                     (store            ) [ 0000000000000]
store_ln60                                                                     (store            ) [ 0000000000000]
store_ln60                                                                     (store            ) [ 0000000000000]
store_ln60                                                                     (store            ) [ 0000000000000]
store_ln60                                                                     (store            ) [ 0000000000000]
store_ln60                                                                     (store            ) [ 0000000000000]
store_ln60                                                                     (store            ) [ 0000000000000]
store_ln60                                                                     (store            ) [ 0000000000000]
store_ln60                                                                     (store            ) [ 0000000000000]
store_ln60                                                                     (store            ) [ 0000000000000]
store_ln60                                                                     (store            ) [ 0000000000000]
store_ln60                                                                     (store            ) [ 0000000000000]
store_ln60                                                                     (store            ) [ 0000000000000]
store_ln60                                                                     (store            ) [ 0000000000000]
store_ln0                                                                      (store            ) [ 0000000000000]
store_ln312                                                                    (store            ) [ 0000000000000]
store_ln313                                                                    (store            ) [ 0000000000000]
m_read                                                                         (read             ) [ 0001111111111]
b0_q_read                                                                      (read             ) [ 0001111111111]
a0_p_read                                                                      (read             ) [ 0001111111111]
zext_ln308                                                                     (zext             ) [ 0000000000000]
add_ln308                                                                      (add              ) [ 0000000000000]
zext_ln309                                                                     (zext             ) [ 0000000000000]
add_ln309                                                                      (add              ) [ 0000000000000]
lshr_ln309_cast                                                                (partselect       ) [ 0001111111111]
trunc_ln                                                                       (partselect       ) [ 0001000000000]
specbitsmap_ln0                                                                (specbitsmap      ) [ 0000000000000]
spectopmodule_ln180                                                            (spectopmodule    ) [ 0000000000000]
specinterface_ln0                                                              (specinterface    ) [ 0000000000000]
specbitsmap_ln0                                                                (specbitsmap      ) [ 0000000000000]
specinterface_ln0                                                              (specinterface    ) [ 0000000000000]
specbitsmap_ln0                                                                (specbitsmap      ) [ 0000000000000]
specinterface_ln0                                                              (specinterface    ) [ 0000000000000]
specbitsmap_ln0                                                                (specbitsmap      ) [ 0000000000000]
specinterface_ln0                                                              (specinterface    ) [ 0000000000000]
specinterface_ln0                                                              (specinterface    ) [ 0000000000000]
specbitsmap_ln0                                                                (specbitsmap      ) [ 0000000000000]
specinterface_ln0                                                              (specinterface    ) [ 0000000000000]
specinterface_ln0                                                              (specinterface    ) [ 0000000000000]
specinterface_ln0                                                              (specinterface    ) [ 0000000000000]
specinterface_ln0                                                              (specinterface    ) [ 0000000000000]
specbitsmap_ln0                                                                (specbitsmap      ) [ 0000000000000]
specinterface_ln0                                                              (specinterface    ) [ 0000000000000]
specinterface_ln0                                                              (specinterface    ) [ 0000000000000]
specinterface_ln0                                                              (specinterface    ) [ 0000000000000]
specinterface_ln0                                                              (specinterface    ) [ 0000000000000]
specbitsmap_ln0                                                                (specbitsmap      ) [ 0000000000000]
specinterface_ln0                                                              (specinterface    ) [ 0000000000000]
specinterface_ln0                                                              (specinterface    ) [ 0000000000000]
specinterface_ln0                                                              (specinterface    ) [ 0000000000000]
zext_ln310                                                                     (zext             ) [ 0000000000000]
add_ln310                                                                      (add              ) [ 0000000000000]
lshr_ln310_cast                                                                (partselect       ) [ 0000111111111]
zext_ln331                                                                     (zext             ) [ 0000111111111]
zext_ln312                                                                     (zext             ) [ 0000111111111]
cast                                                                           (zext             ) [ 0000000000000]
cast29                                                                         (zext             ) [ 0000000000000]
bound                                                                          (mul              ) [ 0000111111111]
br_ln312                                                                       (br               ) [ 0000000000000]
indvar_flatten_load                                                            (load             ) [ 0000000000000]
zext_ln312_2                                                                   (zext             ) [ 0000000000000]
icmp_ln312                                                                     (icmp             ) [ 0000111111111]
add_ln312_1                                                                    (add              ) [ 0000011111100]
br_ln312                                                                       (br               ) [ 0000000000000]
j_load                                                                         (load             ) [ 0000010000000]
i_load                                                                         (load             ) [ 0000000000000]
add_ln312                                                                      (add              ) [ 0000000000000]
icmp_ln313                                                                     (icmp             ) [ 0000010000000]
select_ln312_1                                                                 (select           ) [ 0000011111100]
trunc_ln312                                                                    (trunc            ) [ 0000011111111]
ret_ln439                                                                      (ret              ) [ 0000000000000]
specloopname_ln0                                                               (specloopname     ) [ 0000000000000]
speclooptripcount_ln0                                                          (speclooptripcount) [ 0000000000000]
select_ln312                                                                   (select           ) [ 0000001111100]
zext_ln312_1                                                                   (zext             ) [ 0000000000000]
mul_ln312                                                                      (mul              ) [ 0000000000000]
p_mid                                                                          (bitconcatenate   ) [ 0000001111100]
empty                                                                          (trunc            ) [ 0000000000000]
base_col_B                                                                     (bitconcatenate   ) [ 0000001111111]
base_col_B_cast                                                                (zext             ) [ 0000001111100]
br_ln328                                                                       (br               ) [ 0000111111111]
k                                                                              (phi              ) [ 0000001000000]
icmp_ln328                                                                     (icmp             ) [ 0000111111111]
speclooptripcount_ln0                                                          (speclooptripcount) [ 0000000000000]
add_ln328                                                                      (add              ) [ 0000111111111]
br_ln328                                                                       (br               ) [ 0000000000000]
trunc_ln334                                                                    (trunc            ) [ 0000000111100]
base_col_A                                                                     (bitconcatenate   ) [ 0000000110000]
zext_ln330                                                                     (zext             ) [ 0000000000000]
add_ln330                                                                      (add              ) [ 0000000110000]
zext_ln331_1                                                                   (zext             ) [ 0000000000000]
mul_ln331                                                                      (mul              ) [ 0000000100000]
cmp124                                                                         (icmp             ) [ 0000000000011]
global_col_2                                                                   (or               ) [ 0000000000011]
cmp124_1                                                                       (icmp             ) [ 0000000000011]
global_col_4                                                                   (or               ) [ 0000000000011]
cmp124_2                                                                       (icmp             ) [ 0000000000011]
global_col_6                                                                   (or               ) [ 0000000000011]
cmp124_3                                                                       (icmp             ) [ 0000000000011]
global_col_8                                                                   (or               ) [ 0000000000011]
cmp124_4                                                                       (icmp             ) [ 0000000000011]
global_col_10                                                                  (or               ) [ 0000000000011]
cmp124_5                                                                       (icmp             ) [ 0000000000011]
global_col_12                                                                  (or               ) [ 0000000000011]
cmp124_6                                                                       (icmp             ) [ 0000000000011]
global_col_14                                                                  (or               ) [ 0000000000011]
cmp124_7                                                                       (icmp             ) [ 0000000000011]
add_ln313                                                                      (add              ) [ 0000000000000]
store_ln312                                                                    (store            ) [ 0000000000000]
store_ln312                                                                    (store            ) [ 0000000000000]
store_ln313                                                                    (store            ) [ 0000000000000]
mxm_execute_ursa_signed_char_unsigned_short_unsigned_char_unsigned_short_i_670 (load             ) [ 0000000010000]
mxm_execute_ursa_signed_char_unsigned_short_unsigned_char_unsigned_short_i_671 (load             ) [ 0000000010000]
mxm_execute_ursa_signed_char_unsigned_short_unsigned_char_unsigned_short_i_672 (load             ) [ 0000000010000]
mxm_execute_ursa_signed_char_unsigned_short_unsigned_char_unsigned_short_i_673 (load             ) [ 0000000010000]
mxm_execute_ursa_signed_char_unsigned_short_unsigned_char_unsigned_short_i_674 (load             ) [ 0000000010000]
mxm_execute_ursa_signed_char_unsigned_short_unsigned_char_unsigned_short_i_675 (load             ) [ 0000000010000]
mxm_execute_ursa_signed_char_unsigned_short_unsigned_char_unsigned_short_i_676 (load             ) [ 0000000010000]
mxm_execute_ursa_signed_char_unsigned_short_unsigned_char_unsigned_short_i_677 (load             ) [ 0000000010000]
mxm_execute_ursa_signed_char_unsigned_short_unsigned_char_unsigned_short_i_678 (load             ) [ 0000000010000]
mxm_execute_ursa_signed_char_unsigned_short_unsigned_char_unsigned_short_i_679 (load             ) [ 0000000010000]
mxm_execute_ursa_signed_char_unsigned_short_unsigned_char_unsigned_short_i_680 (load             ) [ 0000000010000]
mxm_execute_ursa_signed_char_unsigned_short_unsigned_char_unsigned_short_i_681 (load             ) [ 0000000010000]
mxm_execute_ursa_signed_char_unsigned_short_unsigned_char_unsigned_short_i_682 (load             ) [ 0000000010000]
mxm_execute_ursa_signed_char_unsigned_short_unsigned_char_unsigned_short_i_683 (load             ) [ 0000000010000]
mxm_execute_ursa_signed_char_unsigned_short_unsigned_char_unsigned_short_i_684 (load             ) [ 0000000010000]
mxm_execute_ursa_signed_char_unsigned_short_unsigned_char_unsigned_short_i_685 (load             ) [ 0000000010000]
mxm_execute_ursa_signed_char_unsigned_short_unsigned_char_unsigned_short_i_686 (load             ) [ 0000000010000]
mxm_execute_ursa_signed_char_unsigned_short_unsigned_char_unsigned_short_i_687 (load             ) [ 0000000010000]
mxm_execute_ursa_signed_char_unsigned_short_unsigned_char_unsigned_short_i_688 (load             ) [ 0000000010000]
mxm_execute_ursa_signed_char_unsigned_short_unsigned_char_unsigned_short_i_689 (load             ) [ 0000000010000]
mxm_execute_ursa_signed_char_unsigned_short_unsigned_char_unsigned_short_i_690 (load             ) [ 0000000010000]
mxm_execute_ursa_signed_char_unsigned_short_unsigned_char_unsigned_short_i_691 (load             ) [ 0000000010000]
mxm_execute_ursa_signed_char_unsigned_short_unsigned_char_unsigned_short_i_692 (load             ) [ 0000000010000]
mxm_execute_ursa_signed_char_unsigned_short_unsigned_char_unsigned_short_i_693 (load             ) [ 0000000010000]
mxm_execute_ursa_signed_char_unsigned_short_unsigned_char_unsigned_short_i_694 (load             ) [ 0000000010000]
mxm_execute_ursa_signed_char_unsigned_short_unsigned_char_unsigned_short_i_695 (load             ) [ 0000000010000]
mxm_execute_ursa_signed_char_unsigned_short_unsigned_char_unsigned_short_i_696 (load             ) [ 0000000010000]
mxm_execute_ursa_signed_char_unsigned_short_unsigned_char_unsigned_short_i_697 (load             ) [ 0000000010000]
mxm_execute_ursa_signed_char_unsigned_short_unsigned_char_unsigned_short_i_698 (load             ) [ 0000000010000]
mxm_execute_ursa_signed_char_unsigned_short_unsigned_char_unsigned_short_i_699 (load             ) [ 0000000010000]
mxm_execute_ursa_signed_char_unsigned_short_unsigned_char_unsigned_short_i_700 (load             ) [ 0000000010000]
mxm_execute_ursa_signed_char_unsigned_short_unsigned_char_unsigned_short_i_701 (load             ) [ 0000000010000]
mxm_execute_ursa_signed_char_unsigned_short_unsigned_char_unsigned_short_i_702 (load             ) [ 0000000010000]
mxm_execute_ursa_signed_char_unsigned_short_unsigned_char_unsigned_short_i_703 (load             ) [ 0000000010000]
mxm_execute_ursa_signed_char_unsigned_short_unsigned_char_unsigned_short_i_704 (load             ) [ 0000000010000]
mxm_execute_ursa_signed_char_unsigned_short_unsigned_char_unsigned_short_i_705 (load             ) [ 0000000010000]
mxm_execute_ursa_signed_char_unsigned_short_unsigned_char_unsigned_short_i_706 (load             ) [ 0000000010000]
mxm_execute_ursa_signed_char_unsigned_short_unsigned_char_unsigned_short_i_707 (load             ) [ 0000000010000]
mxm_execute_ursa_signed_char_unsigned_short_unsigned_char_unsigned_short_i_708 (load             ) [ 0000000010000]
mxm_execute_ursa_signed_char_unsigned_short_unsigned_char_unsigned_short_i_709 (load             ) [ 0000000010000]
mxm_execute_ursa_signed_char_unsigned_short_unsigned_char_unsigned_short_i_710 (load             ) [ 0000000010000]
mxm_execute_ursa_signed_char_unsigned_short_unsigned_char_unsigned_short_i_711 (load             ) [ 0000000010000]
mxm_execute_ursa_signed_char_unsigned_short_unsigned_char_unsigned_short_i_712 (load             ) [ 0000000010000]
mxm_execute_ursa_signed_char_unsigned_short_unsigned_char_unsigned_short_i_713 (load             ) [ 0000000010000]
mxm_execute_ursa_signed_char_unsigned_short_unsigned_char_unsigned_short_i_714 (load             ) [ 0000000010000]
mxm_execute_ursa_signed_char_unsigned_short_unsigned_char_unsigned_short_i_715 (load             ) [ 0000000010000]
mxm_execute_ursa_signed_char_unsigned_short_unsigned_char_unsigned_short_i_716 (load             ) [ 0000000010000]
mxm_execute_ursa_signed_char_unsigned_short_unsigned_char_unsigned_short_i_717 (load             ) [ 0000000010000]
mxm_execute_ursa_signed_char_unsigned_short_unsigned_char_unsigned_short_i_718 (load             ) [ 0000000010000]
mxm_execute_ursa_signed_char_unsigned_short_unsigned_char_unsigned_short_i_719 (load             ) [ 0000000010000]
mxm_execute_ursa_signed_char_unsigned_short_unsigned_char_unsigned_short_i_720 (load             ) [ 0000000010000]
mxm_execute_ursa_signed_char_unsigned_short_unsigned_char_unsigned_short_i_721 (load             ) [ 0000000010000]
mxm_execute_ursa_signed_char_unsigned_short_unsigned_char_unsigned_short_i_722 (load             ) [ 0000000010000]
mxm_execute_ursa_signed_char_unsigned_short_unsigned_char_unsigned_short_i_723 (load             ) [ 0000000010000]
mxm_execute_ursa_signed_char_unsigned_short_unsigned_char_unsigned_short_i_724 (load             ) [ 0000000010000]
mxm_execute_ursa_signed_char_unsigned_short_unsigned_char_unsigned_short_i_725 (load             ) [ 0000000010000]
shl_ln                                                                         (bitconcatenate   ) [ 0000000000000]
add_ln331                                                                      (add              ) [ 0000000011100]
call_ln334                                                                     (call             ) [ 0000000000000]
mxm_execute_ursa_signed_char_unsigned_short_unsigned_char_unsigned_short_i_726 (load             ) [ 0000000000100]
mxm_execute_ursa_signed_char_unsigned_short_unsigned_char_unsigned_short_i_727 (load             ) [ 0000000000100]
mxm_execute_ursa_signed_char_unsigned_short_unsigned_char_unsigned_short_i_728 (load             ) [ 0000000000100]
mxm_execute_ursa_signed_char_unsigned_short_unsigned_char_unsigned_short_i_729 (load             ) [ 0000000000100]
mxm_execute_ursa_signed_char_unsigned_short_unsigned_char_unsigned_short_i_730 (load             ) [ 0000000000100]
mxm_execute_ursa_signed_char_unsigned_short_unsigned_char_unsigned_short_i_731 (load             ) [ 0000000000100]
mxm_execute_ursa_signed_char_unsigned_short_unsigned_char_unsigned_short_i_732 (load             ) [ 0000000000100]
mxm_execute_ursa_signed_char_unsigned_short_unsigned_char_unsigned_short_i_733 (load             ) [ 0000000000100]
mxm_execute_ursa_signed_char_unsigned_short_unsigned_char_unsigned_short_i_734 (load             ) [ 0000000000100]
mxm_execute_ursa_signed_char_unsigned_short_unsigned_char_unsigned_short_i_735 (load             ) [ 0000000000100]
mxm_execute_ursa_signed_char_unsigned_short_unsigned_char_unsigned_short_i_736 (load             ) [ 0000000000100]
mxm_execute_ursa_signed_char_unsigned_short_unsigned_char_unsigned_short_i_737 (load             ) [ 0000000000100]
mxm_execute_ursa_signed_char_unsigned_short_unsigned_char_unsigned_short_i_738 (load             ) [ 0000000000100]
mxm_execute_ursa_signed_char_unsigned_short_unsigned_char_unsigned_short_i_739 (load             ) [ 0000000000100]
mxm_execute_ursa_signed_char_unsigned_short_unsigned_char_unsigned_short_i_740 (load             ) [ 0000000000100]
mxm_execute_ursa_signed_char_unsigned_short_unsigned_char_unsigned_short_i_741 (load             ) [ 0000000000100]
mxm_execute_ursa_signed_char_unsigned_short_unsigned_char_unsigned_short_i_742 (load             ) [ 0000000000100]
mxm_execute_ursa_signed_char_unsigned_short_unsigned_char_unsigned_short_i_743 (load             ) [ 0000000000100]
mxm_execute_ursa_signed_char_unsigned_short_unsigned_char_unsigned_short_i_744 (load             ) [ 0000000000100]
mxm_execute_ursa_signed_char_unsigned_short_unsigned_char_unsigned_short_i_745 (load             ) [ 0000000000100]
mxm_execute_ursa_signed_char_unsigned_short_unsigned_char_unsigned_short_i_746 (load             ) [ 0000000000100]
mxm_execute_ursa_signed_char_unsigned_short_unsigned_char_unsigned_short_i_747 (load             ) [ 0000000000100]
mxm_execute_ursa_signed_char_unsigned_short_unsigned_char_unsigned_short_i_748 (load             ) [ 0000000000100]
mxm_execute_ursa_signed_char_unsigned_short_unsigned_char_unsigned_short_i_749 (load             ) [ 0000000000100]
mxm_execute_ursa_signed_char_unsigned_short_unsigned_char_unsigned_short_i_750 (load             ) [ 0000000000100]
mxm_execute_ursa_signed_char_unsigned_short_unsigned_char_unsigned_short_i_751 (load             ) [ 0000000000100]
mxm_execute_ursa_signed_char_unsigned_short_unsigned_char_unsigned_short_i_752 (load             ) [ 0000000000100]
mxm_execute_ursa_signed_char_unsigned_short_unsigned_char_unsigned_short_i_753 (load             ) [ 0000000000100]
mxm_execute_ursa_signed_char_unsigned_short_unsigned_char_unsigned_short_i_754 (load             ) [ 0000000000100]
mxm_execute_ursa_signed_char_unsigned_short_unsigned_char_unsigned_short_i_755 (load             ) [ 0000000000100]
mxm_execute_ursa_signed_char_unsigned_short_unsigned_char_unsigned_short_i_756 (load             ) [ 0000000000100]
mxm_execute_ursa_signed_char_unsigned_short_unsigned_char_unsigned_short_i_757 (load             ) [ 0000000000100]
mxm_execute_ursa_signed_char_unsigned_short_unsigned_char_unsigned_short_i_758 (load             ) [ 0000000000100]
mxm_execute_ursa_signed_char_unsigned_short_unsigned_char_unsigned_short_i_759 (load             ) [ 0000000000100]
mxm_execute_ursa_signed_char_unsigned_short_unsigned_char_unsigned_short_i_760 (load             ) [ 0000000000100]
mxm_execute_ursa_signed_char_unsigned_short_unsigned_char_unsigned_short_i_761 (load             ) [ 0000000000100]
mxm_execute_ursa_signed_char_unsigned_short_unsigned_char_unsigned_short_i_762 (load             ) [ 0000000000100]
mxm_execute_ursa_signed_char_unsigned_short_unsigned_char_unsigned_short_i_763 (load             ) [ 0000000000100]
mxm_execute_ursa_signed_char_unsigned_short_unsigned_char_unsigned_short_i_764 (load             ) [ 0000000000100]
mxm_execute_ursa_signed_char_unsigned_short_unsigned_char_unsigned_short_i_765 (load             ) [ 0000000000100]
mxm_execute_ursa_signed_char_unsigned_short_unsigned_char_unsigned_short_i_766 (load             ) [ 0000000000100]
mxm_execute_ursa_signed_char_unsigned_short_unsigned_char_unsigned_short_i_767 (load             ) [ 0000000000100]
mxm_execute_ursa_signed_char_unsigned_short_unsigned_char_unsigned_short_i_768 (load             ) [ 0000000000100]
mxm_execute_ursa_signed_char_unsigned_short_unsigned_char_unsigned_short_i_769 (load             ) [ 0000000000100]
mxm_execute_ursa_signed_char_unsigned_short_unsigned_char_unsigned_short_i_770 (load             ) [ 0000000000100]
mxm_execute_ursa_signed_char_unsigned_short_unsigned_char_unsigned_short_i_771 (load             ) [ 0000000000100]
mxm_execute_ursa_signed_char_unsigned_short_unsigned_char_unsigned_short_i_772 (load             ) [ 0000000000100]
mxm_execute_ursa_signed_char_unsigned_short_unsigned_char_unsigned_short_i_773 (load             ) [ 0000000000100]
mxm_execute_ursa_signed_char_unsigned_short_unsigned_char_unsigned_short_i_774 (load             ) [ 0000000000100]
mxm_execute_ursa_signed_char_unsigned_short_unsigned_char_unsigned_short_i_775 (load             ) [ 0000000000100]
mxm_execute_ursa_signed_char_unsigned_short_unsigned_char_unsigned_short_i_776 (load             ) [ 0000000000100]
mxm_execute_ursa_signed_char_unsigned_short_unsigned_char_unsigned_short_i_777 (load             ) [ 0000000000100]
mxm_execute_ursa_signed_char_unsigned_short_unsigned_char_unsigned_short_i_778 (load             ) [ 0000000000100]
mxm_execute_ursa_signed_char_unsigned_short_unsigned_char_unsigned_short_i_779 (load             ) [ 0000000000100]
mxm_execute_ursa_signed_char_unsigned_short_unsigned_char_unsigned_short_i_780 (load             ) [ 0000000000100]
mxm_execute_ursa_signed_char_unsigned_short_unsigned_char_unsigned_short_i_781 (load             ) [ 0000000000100]
cmp15_7_i_phi_loc_load                                                         (load             ) [ 0000000000100]
cmp15_6_i_phi_loc_load                                                         (load             ) [ 0000000000100]
cmp15_5_i_phi_loc_load                                                         (load             ) [ 0000000000100]
cmp15_4_i_phi_loc_load                                                         (load             ) [ 0000000000100]
cmp15_3_i_phi_loc_load                                                         (load             ) [ 0000000000100]
cmp15_2_i_phi_loc_load                                                         (load             ) [ 0000000000100]
cmp15_1_i_phi_loc_load                                                         (load             ) [ 0000000000100]
cmp15_i_phi_loc_load                                                           (load             ) [ 0000000000100]
mxm_execute_ursa_signed_char_unsigned_short_unsigned_char_unsigned_short_i_782 (load             ) [ 0000000000100]
mxm_execute_ursa_signed_char_unsigned_short_unsigned_char_unsigned_short_i_783 (load             ) [ 0000000000100]
mxm_execute_ursa_signed_char_unsigned_short_unsigned_char_unsigned_short_i_784 (load             ) [ 0000000000100]
mxm_execute_ursa_signed_char_unsigned_short_unsigned_char_unsigned_short_i_785 (load             ) [ 0000000000100]
mxm_execute_ursa_signed_char_unsigned_short_unsigned_char_unsigned_short_i_786 (load             ) [ 0000000000100]
mxm_execute_ursa_signed_char_unsigned_short_unsigned_char_unsigned_short_i_787 (load             ) [ 0000000000100]
mxm_execute_ursa_signed_char_unsigned_short_unsigned_char_unsigned_short_i_788 (load             ) [ 0000000000100]
mxm_execute_ursa_signed_char_unsigned_short_unsigned_char_unsigned_short_i_789 (load             ) [ 0000000000100]
mxm_execute_ursa_signed_char_unsigned_short_unsigned_char_unsigned_short_i_790 (load             ) [ 0000000000100]
mxm_execute_ursa_signed_char_unsigned_short_unsigned_char_unsigned_short_i_791 (load             ) [ 0000000000100]
mxm_execute_ursa_signed_char_unsigned_short_unsigned_char_unsigned_short_i_792 (load             ) [ 0000000000100]
mxm_execute_ursa_signed_char_unsigned_short_unsigned_char_unsigned_short_i_793 (load             ) [ 0000000000100]
mxm_execute_ursa_signed_char_unsigned_short_unsigned_char_unsigned_short_i_794 (load             ) [ 0000000000100]
mxm_execute_ursa_signed_char_unsigned_short_unsigned_char_unsigned_short_i_795 (load             ) [ 0000000000100]
mxm_execute_ursa_signed_char_unsigned_short_unsigned_char_unsigned_short_i_796 (load             ) [ 0000000000100]
mxm_execute_ursa_signed_char_unsigned_short_unsigned_char_unsigned_short_i_797 (load             ) [ 0000000000100]
mxm_execute_ursa_signed_char_unsigned_short_unsigned_char_unsigned_short_i_798 (load             ) [ 0000000000100]
mxm_execute_ursa_signed_char_unsigned_short_unsigned_char_unsigned_short_i_799 (load             ) [ 0000000000100]
mxm_execute_ursa_signed_char_unsigned_short_unsigned_char_unsigned_short_i_800 (load             ) [ 0000000000100]
mxm_execute_ursa_signed_char_unsigned_short_unsigned_char_unsigned_short_i_801 (load             ) [ 0000000000100]
mxm_execute_ursa_signed_char_unsigned_short_unsigned_char_unsigned_short_i_802 (load             ) [ 0000000000100]
mxm_execute_ursa_signed_char_unsigned_short_unsigned_char_unsigned_short_i_803 (load             ) [ 0000000000100]
mxm_execute_ursa_signed_char_unsigned_short_unsigned_char_unsigned_short_i_804 (load             ) [ 0000000000100]
mxm_execute_ursa_signed_char_unsigned_short_unsigned_char_unsigned_short_i_805 (load             ) [ 0000000000100]
mxm_execute_ursa_signed_char_unsigned_short_unsigned_char_unsigned_short_i_806 (load             ) [ 0000000000100]
mxm_execute_ursa_signed_char_unsigned_short_unsigned_char_unsigned_short_i_807 (load             ) [ 0000000000100]
mxm_execute_ursa_signed_char_unsigned_short_unsigned_char_unsigned_short_i_808 (load             ) [ 0000000000100]
mxm_execute_ursa_signed_char_unsigned_short_unsigned_char_unsigned_short_i_809 (load             ) [ 0000000000100]
mxm_execute_ursa_signed_char_unsigned_short_unsigned_char_unsigned_short_i_810 (load             ) [ 0000000000100]
mxm_execute_ursa_signed_char_unsigned_short_unsigned_char_unsigned_short_i_811 (load             ) [ 0000000000100]
mxm_execute_ursa_signed_char_unsigned_short_unsigned_char_unsigned_short_i_812 (load             ) [ 0000000000100]
mxm_execute_ursa_signed_char_unsigned_short_unsigned_char_unsigned_short_i_813 (load             ) [ 0000000000100]
mxm_execute_ursa_signed_char_unsigned_short_unsigned_char_unsigned_short_i_814 (load             ) [ 0000000000100]
mxm_execute_ursa_signed_char_unsigned_short_unsigned_char_unsigned_short_i_815 (load             ) [ 0000000000100]
mxm_execute_ursa_signed_char_unsigned_short_unsigned_char_unsigned_short_i_816 (load             ) [ 0000000000100]
mxm_execute_ursa_signed_char_unsigned_short_unsigned_char_unsigned_short_i_817 (load             ) [ 0000000000100]
mxm_execute_ursa_signed_char_unsigned_short_unsigned_char_unsigned_short_i_818 (load             ) [ 0000000000100]
mxm_execute_ursa_signed_char_unsigned_short_unsigned_char_unsigned_short_i_819 (load             ) [ 0000000000100]
mxm_execute_ursa_signed_char_unsigned_short_unsigned_char_unsigned_short_i_820 (load             ) [ 0000000000100]
mxm_execute_ursa_signed_char_unsigned_short_unsigned_char_unsigned_short_i_821 (load             ) [ 0000000000100]
mxm_execute_ursa_signed_char_unsigned_short_unsigned_char_unsigned_short_i_822 (load             ) [ 0000000000100]
mxm_execute_ursa_signed_char_unsigned_short_unsigned_char_unsigned_short_i_823 (load             ) [ 0000000000100]
mxm_execute_ursa_signed_char_unsigned_short_unsigned_char_unsigned_short_i_824 (load             ) [ 0000000000100]
mxm_execute_ursa_signed_char_unsigned_short_unsigned_char_unsigned_short_i_825 (load             ) [ 0000000000100]
mxm_execute_ursa_signed_char_unsigned_short_unsigned_char_unsigned_short_i_826 (load             ) [ 0000000000100]
mxm_execute_ursa_signed_char_unsigned_short_unsigned_char_unsigned_short_i_827 (load             ) [ 0000000000100]
mxm_execute_ursa_signed_char_unsigned_short_unsigned_char_unsigned_short_i_828 (load             ) [ 0000000000100]
mxm_execute_ursa_signed_char_unsigned_short_unsigned_char_unsigned_short_i_829 (load             ) [ 0000000000100]
mxm_execute_ursa_signed_char_unsigned_short_unsigned_char_unsigned_short_i_830 (load             ) [ 0000000000100]
mxm_execute_ursa_signed_char_unsigned_short_unsigned_char_unsigned_short_i_831 (load             ) [ 0000000000100]
mxm_execute_ursa_signed_char_unsigned_short_unsigned_char_unsigned_short_i_832 (load             ) [ 0000000000100]
mxm_execute_ursa_signed_char_unsigned_short_unsigned_char_unsigned_short_i_833 (load             ) [ 0000000000100]
mxm_execute_ursa_signed_char_unsigned_short_unsigned_char_unsigned_short_i_834 (load             ) [ 0000000000100]
mxm_execute_ursa_signed_char_unsigned_short_unsigned_char_unsigned_short_i_835 (load             ) [ 0000000000100]
mxm_execute_ursa_signed_char_unsigned_short_unsigned_char_unsigned_short_i_836 (load             ) [ 0000000000100]
mxm_execute_ursa_signed_char_unsigned_short_unsigned_char_unsigned_short_i_837 (load             ) [ 0000000000100]
mxm_execute_ursa_signed_char_unsigned_short_unsigned_char_unsigned_short_i_838 (load             ) [ 0000000000100]
mxm_execute_ursa_signed_char_unsigned_short_unsigned_char_unsigned_short_i_839 (load             ) [ 0000000000100]
mxm_execute_ursa_signed_char_unsigned_short_unsigned_char_unsigned_short_i_840 (load             ) [ 0000000000100]
mxm_execute_ursa_signed_char_unsigned_short_unsigned_char_unsigned_short_i_841 (load             ) [ 0000000000100]
mxm_execute_ursa_signed_char_unsigned_short_unsigned_char_unsigned_short_i_842 (load             ) [ 0000000000100]
mxm_execute_ursa_signed_char_unsigned_short_unsigned_char_unsigned_short_i_843 (load             ) [ 0000000000100]
mxm_execute_ursa_signed_char_unsigned_short_unsigned_char_unsigned_short_i_844 (load             ) [ 0000000000100]
mxm_execute_ursa_signed_char_unsigned_short_unsigned_char_unsigned_short_i_845 (load             ) [ 0000000000100]
specloopname_ln328                                                             (specloopname     ) [ 0000000000000]
call_ln18                                                                      (call             ) [ 0000000000000]
br_ln328                                                                       (br               ) [ 0000111111111]
call_ln312                                                                     (call             ) [ 0000000000000]
br_ln313                                                                       (br               ) [ 0000000000000]
</LifeTime>

<model>

<comp_list>
<comp id="0" class="1000" name="aw">
<pin_list>
<pin id="1" dir="1" index="0" bw="1" slack="0"/>
</pin_list>
<bind>
<StgValue><ssdm name="aw"/></StgValue>
</bind>
</comp>

<comp id="2" class="1000" name="bi">
<pin_list>
<pin id="3" dir="1" index="0" bw="1" slack="0"/>
</pin_list>
<bind>
<StgValue><ssdm name="bi"/></StgValue>
</bind>
</comp>

<comp id="4" class="1000" name="ca">
<pin_list>
<pin id="5" dir="1" index="0" bw="1" slack="0"/>
</pin_list>
<bind>
<StgValue><ssdm name="ca"/></StgValue>
</bind>
</comp>

<comp id="6" class="1000" name="addr_a0">
<pin_list>
<pin id="7" dir="1" index="0" bw="1" slack="0"/>
</pin_list>
<bind>
<StgValue><ssdm name="addr_a0"/></StgValue>
</bind>
</comp>

<comp id="8" class="1000" name="a0_p">
<pin_list>
<pin id="9" dir="1" index="0" bw="1" slack="0"/>
</pin_list>
<bind>
<StgValue><ssdm name="a0_p"/></StgValue>
</bind>
</comp>

<comp id="10" class="1000" name="addr_b0">
<pin_list>
<pin id="11" dir="1" index="0" bw="1" slack="0"/>
</pin_list>
<bind>
<StgValue><ssdm name="addr_b0"/></StgValue>
</bind>
</comp>

<comp id="12" class="1000" name="b0_q">
<pin_list>
<pin id="13" dir="1" index="0" bw="1" slack="0"/>
</pin_list>
<bind>
<StgValue><ssdm name="b0_q"/></StgValue>
</bind>
</comp>

<comp id="14" class="1000" name="addr_c0">
<pin_list>
<pin id="15" dir="1" index="0" bw="1" slack="0"/>
</pin_list>
<bind>
<StgValue><ssdm name="addr_c0"/></StgValue>
</bind>
</comp>

<comp id="16" class="1000" name="m">
<pin_list>
<pin id="17" dir="1" index="0" bw="1" slack="0"/>
</pin_list>
<bind>
<StgValue><ssdm name="m"/></StgValue>
</bind>
</comp>

<comp id="18" class="1000" name="mxm_execute_ursa_signed_char_unsigned_short_unsigned_char_unsigned_short_i_234">
<pin_list>
<pin id="19" dir="1" index="0" bw="1" slack="0"/>
</pin_list>
<bind>
<StgValue><ssdm name="mxm_execute_ursa_signed_char_unsigned_short_unsigned_char_unsigned_short_i_234"/></StgValue>
</bind>
</comp>

<comp id="20" class="1000" name="mxm_execute_ursa_signed_char_unsigned_short_unsigned_char_unsigned_short_i_233">
<pin_list>
<pin id="21" dir="1" index="0" bw="1" slack="0"/>
</pin_list>
<bind>
<StgValue><ssdm name="mxm_execute_ursa_signed_char_unsigned_short_unsigned_char_unsigned_short_i_233"/></StgValue>
</bind>
</comp>

<comp id="22" class="1000" name="mxm_execute_ursa_signed_char_unsigned_short_unsigned_char_unsigned_short_i_231">
<pin_list>
<pin id="23" dir="1" index="0" bw="1" slack="0"/>
</pin_list>
<bind>
<StgValue><ssdm name="mxm_execute_ursa_signed_char_unsigned_short_unsigned_char_unsigned_short_i_231"/></StgValue>
</bind>
</comp>

<comp id="24" class="1000" name="mxm_execute_ursa_signed_char_unsigned_short_unsigned_char_unsigned_short_i_230">
<pin_list>
<pin id="25" dir="1" index="0" bw="1" slack="0"/>
</pin_list>
<bind>
<StgValue><ssdm name="mxm_execute_ursa_signed_char_unsigned_short_unsigned_char_unsigned_short_i_230"/></StgValue>
</bind>
</comp>

<comp id="26" class="1000" name="mxm_execute_ursa_signed_char_unsigned_short_unsigned_char_unsigned_short_i_229">
<pin_list>
<pin id="27" dir="1" index="0" bw="1" slack="0"/>
</pin_list>
<bind>
<StgValue><ssdm name="mxm_execute_ursa_signed_char_unsigned_short_unsigned_char_unsigned_short_i_229"/></StgValue>
</bind>
</comp>

<comp id="28" class="1000" name="mxm_execute_ursa_signed_char_unsigned_short_unsigned_char_unsigned_short_i_228">
<pin_list>
<pin id="29" dir="1" index="0" bw="1" slack="0"/>
</pin_list>
<bind>
<StgValue><ssdm name="mxm_execute_ursa_signed_char_unsigned_short_unsigned_char_unsigned_short_i_228"/></StgValue>
</bind>
</comp>

<comp id="30" class="1000" name="mxm_execute_ursa_signed_char_unsigned_short_unsigned_char_unsigned_short_i_227">
<pin_list>
<pin id="31" dir="1" index="0" bw="1" slack="0"/>
</pin_list>
<bind>
<StgValue><ssdm name="mxm_execute_ursa_signed_char_unsigned_short_unsigned_char_unsigned_short_i_227"/></StgValue>
</bind>
</comp>

<comp id="32" class="1000" name="mxm_execute_ursa_signed_char_unsigned_short_unsigned_char_unsigned_short_i_226">
<pin_list>
<pin id="33" dir="1" index="0" bw="1" slack="0"/>
</pin_list>
<bind>
<StgValue><ssdm name="mxm_execute_ursa_signed_char_unsigned_short_unsigned_char_unsigned_short_i_226"/></StgValue>
</bind>
</comp>

<comp id="34" class="1000" name="mxm_execute_ursa_signed_char_unsigned_short_unsigned_char_unsigned_short_i_225">
<pin_list>
<pin id="35" dir="1" index="0" bw="1" slack="0"/>
</pin_list>
<bind>
<StgValue><ssdm name="mxm_execute_ursa_signed_char_unsigned_short_unsigned_char_unsigned_short_i_225"/></StgValue>
</bind>
</comp>

<comp id="36" class="1000" name="mxm_execute_ursa_signed_char_unsigned_short_unsigned_char_unsigned_short_i_224">
<pin_list>
<pin id="37" dir="1" index="0" bw="1" slack="0"/>
</pin_list>
<bind>
<StgValue><ssdm name="mxm_execute_ursa_signed_char_unsigned_short_unsigned_char_unsigned_short_i_224"/></StgValue>
</bind>
</comp>

<comp id="38" class="1000" name="mxm_execute_ursa_signed_char_unsigned_short_unsigned_char_unsigned_short_i_223">
<pin_list>
<pin id="39" dir="1" index="0" bw="1" slack="0"/>
</pin_list>
<bind>
<StgValue><ssdm name="mxm_execute_ursa_signed_char_unsigned_short_unsigned_char_unsigned_short_i_223"/></StgValue>
</bind>
</comp>

<comp id="40" class="1000" name="mxm_execute_ursa_signed_char_unsigned_short_unsigned_char_unsigned_short_i_222">
<pin_list>
<pin id="41" dir="1" index="0" bw="1" slack="0"/>
</pin_list>
<bind>
<StgValue><ssdm name="mxm_execute_ursa_signed_char_unsigned_short_unsigned_char_unsigned_short_i_222"/></StgValue>
</bind>
</comp>

<comp id="42" class="1000" name="mxm_execute_ursa_signed_char_unsigned_short_unsigned_char_unsigned_short_i_220">
<pin_list>
<pin id="43" dir="1" index="0" bw="1" slack="0"/>
</pin_list>
<bind>
<StgValue><ssdm name="mxm_execute_ursa_signed_char_unsigned_short_unsigned_char_unsigned_short_i_220"/></StgValue>
</bind>
</comp>

<comp id="44" class="1000" name="mxm_execute_ursa_signed_char_unsigned_short_unsigned_char_unsigned_short_i_219">
<pin_list>
<pin id="45" dir="1" index="0" bw="1" slack="0"/>
</pin_list>
<bind>
<StgValue><ssdm name="mxm_execute_ursa_signed_char_unsigned_short_unsigned_char_unsigned_short_i_219"/></StgValue>
</bind>
</comp>

<comp id="46" class="1000" name="mxm_execute_ursa_signed_char_unsigned_short_unsigned_char_unsigned_short_i_218">
<pin_list>
<pin id="47" dir="1" index="0" bw="1" slack="0"/>
</pin_list>
<bind>
<StgValue><ssdm name="mxm_execute_ursa_signed_char_unsigned_short_unsigned_char_unsigned_short_i_218"/></StgValue>
</bind>
</comp>

<comp id="48" class="1000" name="mxm_execute_ursa_signed_char_unsigned_short_unsigned_char_unsigned_short_i_217">
<pin_list>
<pin id="49" dir="1" index="0" bw="1" slack="0"/>
</pin_list>
<bind>
<StgValue><ssdm name="mxm_execute_ursa_signed_char_unsigned_short_unsigned_char_unsigned_short_i_217"/></StgValue>
</bind>
</comp>

<comp id="50" class="1000" name="mxm_execute_ursa_signed_char_unsigned_short_unsigned_char_unsigned_short_i_216">
<pin_list>
<pin id="51" dir="1" index="0" bw="1" slack="0"/>
</pin_list>
<bind>
<StgValue><ssdm name="mxm_execute_ursa_signed_char_unsigned_short_unsigned_char_unsigned_short_i_216"/></StgValue>
</bind>
</comp>

<comp id="52" class="1000" name="mxm_execute_ursa_signed_char_unsigned_short_unsigned_char_unsigned_short_i_215">
<pin_list>
<pin id="53" dir="1" index="0" bw="1" slack="0"/>
</pin_list>
<bind>
<StgValue><ssdm name="mxm_execute_ursa_signed_char_unsigned_short_unsigned_char_unsigned_short_i_215"/></StgValue>
</bind>
</comp>

<comp id="54" class="1000" name="mxm_execute_ursa_signed_char_unsigned_short_unsigned_char_unsigned_short_i_214">
<pin_list>
<pin id="55" dir="1" index="0" bw="1" slack="0"/>
</pin_list>
<bind>
<StgValue><ssdm name="mxm_execute_ursa_signed_char_unsigned_short_unsigned_char_unsigned_short_i_214"/></StgValue>
</bind>
</comp>

<comp id="56" class="1000" name="mxm_execute_ursa_signed_char_unsigned_short_unsigned_char_unsigned_short_i_213">
<pin_list>
<pin id="57" dir="1" index="0" bw="1" slack="0"/>
</pin_list>
<bind>
<StgValue><ssdm name="mxm_execute_ursa_signed_char_unsigned_short_unsigned_char_unsigned_short_i_213"/></StgValue>
</bind>
</comp>

<comp id="58" class="1000" name="mxm_execute_ursa_signed_char_unsigned_short_unsigned_char_unsigned_short_i_212">
<pin_list>
<pin id="59" dir="1" index="0" bw="1" slack="0"/>
</pin_list>
<bind>
<StgValue><ssdm name="mxm_execute_ursa_signed_char_unsigned_short_unsigned_char_unsigned_short_i_212"/></StgValue>
</bind>
</comp>

<comp id="60" class="1000" name="mxm_execute_ursa_signed_char_unsigned_short_unsigned_char_unsigned_short_i_211">
<pin_list>
<pin id="61" dir="1" index="0" bw="1" slack="0"/>
</pin_list>
<bind>
<StgValue><ssdm name="mxm_execute_ursa_signed_char_unsigned_short_unsigned_char_unsigned_short_i_211"/></StgValue>
</bind>
</comp>

<comp id="62" class="1000" name="mxm_execute_ursa_signed_char_unsigned_short_unsigned_char_unsigned_short_i_209">
<pin_list>
<pin id="63" dir="1" index="0" bw="1" slack="0"/>
</pin_list>
<bind>
<StgValue><ssdm name="mxm_execute_ursa_signed_char_unsigned_short_unsigned_char_unsigned_short_i_209"/></StgValue>
</bind>
</comp>

<comp id="64" class="1000" name="mxm_execute_ursa_signed_char_unsigned_short_unsigned_char_unsigned_short_i_208">
<pin_list>
<pin id="65" dir="1" index="0" bw="1" slack="0"/>
</pin_list>
<bind>
<StgValue><ssdm name="mxm_execute_ursa_signed_char_unsigned_short_unsigned_char_unsigned_short_i_208"/></StgValue>
</bind>
</comp>

<comp id="66" class="1000" name="mxm_execute_ursa_signed_char_unsigned_short_unsigned_char_unsigned_short_i_207">
<pin_list>
<pin id="67" dir="1" index="0" bw="1" slack="0"/>
</pin_list>
<bind>
<StgValue><ssdm name="mxm_execute_ursa_signed_char_unsigned_short_unsigned_char_unsigned_short_i_207"/></StgValue>
</bind>
</comp>

<comp id="68" class="1000" name="mxm_execute_ursa_signed_char_unsigned_short_unsigned_char_unsigned_short_i_206">
<pin_list>
<pin id="69" dir="1" index="0" bw="1" slack="0"/>
</pin_list>
<bind>
<StgValue><ssdm name="mxm_execute_ursa_signed_char_unsigned_short_unsigned_char_unsigned_short_i_206"/></StgValue>
</bind>
</comp>

<comp id="70" class="1000" name="mxm_execute_ursa_signed_char_unsigned_short_unsigned_char_unsigned_short_i_205">
<pin_list>
<pin id="71" dir="1" index="0" bw="1" slack="0"/>
</pin_list>
<bind>
<StgValue><ssdm name="mxm_execute_ursa_signed_char_unsigned_short_unsigned_char_unsigned_short_i_205"/></StgValue>
</bind>
</comp>

<comp id="72" class="1000" name="mxm_execute_ursa_signed_char_unsigned_short_unsigned_char_unsigned_short_i_204">
<pin_list>
<pin id="73" dir="1" index="0" bw="1" slack="0"/>
</pin_list>
<bind>
<StgValue><ssdm name="mxm_execute_ursa_signed_char_unsigned_short_unsigned_char_unsigned_short_i_204"/></StgValue>
</bind>
</comp>

<comp id="74" class="1000" name="mxm_execute_ursa_signed_char_unsigned_short_unsigned_char_unsigned_short_i_203">
<pin_list>
<pin id="75" dir="1" index="0" bw="1" slack="0"/>
</pin_list>
<bind>
<StgValue><ssdm name="mxm_execute_ursa_signed_char_unsigned_short_unsigned_char_unsigned_short_i_203"/></StgValue>
</bind>
</comp>

<comp id="76" class="1000" name="mxm_execute_ursa_signed_char_unsigned_short_unsigned_char_unsigned_short_i_202">
<pin_list>
<pin id="77" dir="1" index="0" bw="1" slack="0"/>
</pin_list>
<bind>
<StgValue><ssdm name="mxm_execute_ursa_signed_char_unsigned_short_unsigned_char_unsigned_short_i_202"/></StgValue>
</bind>
</comp>

<comp id="78" class="1000" name="mxm_execute_ursa_signed_char_unsigned_short_unsigned_char_unsigned_short_i_201">
<pin_list>
<pin id="79" dir="1" index="0" bw="1" slack="0"/>
</pin_list>
<bind>
<StgValue><ssdm name="mxm_execute_ursa_signed_char_unsigned_short_unsigned_char_unsigned_short_i_201"/></StgValue>
</bind>
</comp>

<comp id="80" class="1000" name="mxm_execute_ursa_signed_char_unsigned_short_unsigned_char_unsigned_short_i_200">
<pin_list>
<pin id="81" dir="1" index="0" bw="1" slack="0"/>
</pin_list>
<bind>
<StgValue><ssdm name="mxm_execute_ursa_signed_char_unsigned_short_unsigned_char_unsigned_short_i_200"/></StgValue>
</bind>
</comp>

<comp id="82" class="1000" name="mxm_execute_ursa_signed_char_unsigned_short_unsigned_char_unsigned_short_i_198">
<pin_list>
<pin id="83" dir="1" index="0" bw="1" slack="0"/>
</pin_list>
<bind>
<StgValue><ssdm name="mxm_execute_ursa_signed_char_unsigned_short_unsigned_char_unsigned_short_i_198"/></StgValue>
</bind>
</comp>

<comp id="84" class="1000" name="mxm_execute_ursa_signed_char_unsigned_short_unsigned_char_unsigned_short_i_197">
<pin_list>
<pin id="85" dir="1" index="0" bw="1" slack="0"/>
</pin_list>
<bind>
<StgValue><ssdm name="mxm_execute_ursa_signed_char_unsigned_short_unsigned_char_unsigned_short_i_197"/></StgValue>
</bind>
</comp>

<comp id="86" class="1000" name="mxm_execute_ursa_signed_char_unsigned_short_unsigned_char_unsigned_short_i_196">
<pin_list>
<pin id="87" dir="1" index="0" bw="1" slack="0"/>
</pin_list>
<bind>
<StgValue><ssdm name="mxm_execute_ursa_signed_char_unsigned_short_unsigned_char_unsigned_short_i_196"/></StgValue>
</bind>
</comp>

<comp id="88" class="1000" name="mxm_execute_ursa_signed_char_unsigned_short_unsigned_char_unsigned_short_i_195">
<pin_list>
<pin id="89" dir="1" index="0" bw="1" slack="0"/>
</pin_list>
<bind>
<StgValue><ssdm name="mxm_execute_ursa_signed_char_unsigned_short_unsigned_char_unsigned_short_i_195"/></StgValue>
</bind>
</comp>

<comp id="90" class="1000" name="mxm_execute_ursa_signed_char_unsigned_short_unsigned_char_unsigned_short_i_194">
<pin_list>
<pin id="91" dir="1" index="0" bw="1" slack="0"/>
</pin_list>
<bind>
<StgValue><ssdm name="mxm_execute_ursa_signed_char_unsigned_short_unsigned_char_unsigned_short_i_194"/></StgValue>
</bind>
</comp>

<comp id="92" class="1000" name="mxm_execute_ursa_signed_char_unsigned_short_unsigned_char_unsigned_short_i_193">
<pin_list>
<pin id="93" dir="1" index="0" bw="1" slack="0"/>
</pin_list>
<bind>
<StgValue><ssdm name="mxm_execute_ursa_signed_char_unsigned_short_unsigned_char_unsigned_short_i_193"/></StgValue>
</bind>
</comp>

<comp id="94" class="1000" name="mxm_execute_ursa_signed_char_unsigned_short_unsigned_char_unsigned_short_i_192">
<pin_list>
<pin id="95" dir="1" index="0" bw="1" slack="0"/>
</pin_list>
<bind>
<StgValue><ssdm name="mxm_execute_ursa_signed_char_unsigned_short_unsigned_char_unsigned_short_i_192"/></StgValue>
</bind>
</comp>

<comp id="96" class="1000" name="mxm_execute_ursa_signed_char_unsigned_short_unsigned_char_unsigned_short_i_191">
<pin_list>
<pin id="97" dir="1" index="0" bw="1" slack="0"/>
</pin_list>
<bind>
<StgValue><ssdm name="mxm_execute_ursa_signed_char_unsigned_short_unsigned_char_unsigned_short_i_191"/></StgValue>
</bind>
</comp>

<comp id="98" class="1000" name="mxm_execute_ursa_signed_char_unsigned_short_unsigned_char_unsigned_short_i_190">
<pin_list>
<pin id="99" dir="1" index="0" bw="1" slack="0"/>
</pin_list>
<bind>
<StgValue><ssdm name="mxm_execute_ursa_signed_char_unsigned_short_unsigned_char_unsigned_short_i_190"/></StgValue>
</bind>
</comp>

<comp id="100" class="1000" name="mxm_execute_ursa_signed_char_unsigned_short_unsigned_char_unsigned_short_i_189">
<pin_list>
<pin id="101" dir="1" index="0" bw="1" slack="0"/>
</pin_list>
<bind>
<StgValue><ssdm name="mxm_execute_ursa_signed_char_unsigned_short_unsigned_char_unsigned_short_i_189"/></StgValue>
</bind>
</comp>

<comp id="102" class="1000" name="mxm_execute_ursa_signed_char_unsigned_short_unsigned_char_unsigned_short_i_187">
<pin_list>
<pin id="103" dir="1" index="0" bw="1" slack="0"/>
</pin_list>
<bind>
<StgValue><ssdm name="mxm_execute_ursa_signed_char_unsigned_short_unsigned_char_unsigned_short_i_187"/></StgValue>
</bind>
</comp>

<comp id="104" class="1000" name="mxm_execute_ursa_signed_char_unsigned_short_unsigned_char_unsigned_short_i_186">
<pin_list>
<pin id="105" dir="1" index="0" bw="1" slack="0"/>
</pin_list>
<bind>
<StgValue><ssdm name="mxm_execute_ursa_signed_char_unsigned_short_unsigned_char_unsigned_short_i_186"/></StgValue>
</bind>
</comp>

<comp id="106" class="1000" name="mxm_execute_ursa_signed_char_unsigned_short_unsigned_char_unsigned_short_i_185">
<pin_list>
<pin id="107" dir="1" index="0" bw="1" slack="0"/>
</pin_list>
<bind>
<StgValue><ssdm name="mxm_execute_ursa_signed_char_unsigned_short_unsigned_char_unsigned_short_i_185"/></StgValue>
</bind>
</comp>

<comp id="108" class="1000" name="mxm_execute_ursa_signed_char_unsigned_short_unsigned_char_unsigned_short_i_184">
<pin_list>
<pin id="109" dir="1" index="0" bw="1" slack="0"/>
</pin_list>
<bind>
<StgValue><ssdm name="mxm_execute_ursa_signed_char_unsigned_short_unsigned_char_unsigned_short_i_184"/></StgValue>
</bind>
</comp>

<comp id="110" class="1000" name="mxm_execute_ursa_signed_char_unsigned_short_unsigned_char_unsigned_short_i_183">
<pin_list>
<pin id="111" dir="1" index="0" bw="1" slack="0"/>
</pin_list>
<bind>
<StgValue><ssdm name="mxm_execute_ursa_signed_char_unsigned_short_unsigned_char_unsigned_short_i_183"/></StgValue>
</bind>
</comp>

<comp id="112" class="1000" name="mxm_execute_ursa_signed_char_unsigned_short_unsigned_char_unsigned_short_i_182">
<pin_list>
<pin id="113" dir="1" index="0" bw="1" slack="0"/>
</pin_list>
<bind>
<StgValue><ssdm name="mxm_execute_ursa_signed_char_unsigned_short_unsigned_char_unsigned_short_i_182"/></StgValue>
</bind>
</comp>

<comp id="114" class="1000" name="mxm_execute_ursa_signed_char_unsigned_short_unsigned_char_unsigned_short_i_181">
<pin_list>
<pin id="115" dir="1" index="0" bw="1" slack="0"/>
</pin_list>
<bind>
<StgValue><ssdm name="mxm_execute_ursa_signed_char_unsigned_short_unsigned_char_unsigned_short_i_181"/></StgValue>
</bind>
</comp>

<comp id="116" class="1000" name="mxm_execute_ursa_signed_char_unsigned_short_unsigned_char_unsigned_short_i_180">
<pin_list>
<pin id="117" dir="1" index="0" bw="1" slack="0"/>
</pin_list>
<bind>
<StgValue><ssdm name="mxm_execute_ursa_signed_char_unsigned_short_unsigned_char_unsigned_short_i_180"/></StgValue>
</bind>
</comp>

<comp id="118" class="1000" name="mxm_execute_ursa_signed_char_unsigned_short_unsigned_char_unsigned_short_i_179">
<pin_list>
<pin id="119" dir="1" index="0" bw="1" slack="0"/>
</pin_list>
<bind>
<StgValue><ssdm name="mxm_execute_ursa_signed_char_unsigned_short_unsigned_char_unsigned_short_i_179"/></StgValue>
</bind>
</comp>

<comp id="120" class="1000" name="mxm_execute_ursa_signed_char_unsigned_short_unsigned_char_unsigned_short_i_178">
<pin_list>
<pin id="121" dir="1" index="0" bw="1" slack="0"/>
</pin_list>
<bind>
<StgValue><ssdm name="mxm_execute_ursa_signed_char_unsigned_short_unsigned_char_unsigned_short_i_178"/></StgValue>
</bind>
</comp>

<comp id="122" class="1000" name="mxm_execute_ursa_signed_char_unsigned_short_unsigned_char_unsigned_short_i_4">
<pin_list>
<pin id="123" dir="1" index="0" bw="1" slack="0"/>
</pin_list>
<bind>
<StgValue><ssdm name="mxm_execute_ursa_signed_char_unsigned_short_unsigned_char_unsigned_short_i_4"/></StgValue>
</bind>
</comp>

<comp id="124" class="1000" name="mxm_execute_ursa_signed_char_unsigned_short_unsigned_char_unsigned_short_i_13">
<pin_list>
<pin id="125" dir="1" index="0" bw="1" slack="0"/>
</pin_list>
<bind>
<StgValue><ssdm name="mxm_execute_ursa_signed_char_unsigned_short_unsigned_char_unsigned_short_i_13"/></StgValue>
</bind>
</comp>

<comp id="126" class="1000" name="mxm_execute_ursa_signed_char_unsigned_short_unsigned_char_unsigned_short_i_22">
<pin_list>
<pin id="127" dir="1" index="0" bw="1" slack="0"/>
</pin_list>
<bind>
<StgValue><ssdm name="mxm_execute_ursa_signed_char_unsigned_short_unsigned_char_unsigned_short_i_22"/></StgValue>
</bind>
</comp>

<comp id="128" class="1000" name="mxm_execute_ursa_signed_char_unsigned_short_unsigned_char_unsigned_short_i_30">
<pin_list>
<pin id="129" dir="1" index="0" bw="1" slack="0"/>
</pin_list>
<bind>
<StgValue><ssdm name="mxm_execute_ursa_signed_char_unsigned_short_unsigned_char_unsigned_short_i_30"/></StgValue>
</bind>
</comp>

<comp id="130" class="1000" name="mxm_execute_ursa_signed_char_unsigned_short_unsigned_char_unsigned_short_i_39">
<pin_list>
<pin id="131" dir="1" index="0" bw="1" slack="0"/>
</pin_list>
<bind>
<StgValue><ssdm name="mxm_execute_ursa_signed_char_unsigned_short_unsigned_char_unsigned_short_i_39"/></StgValue>
</bind>
</comp>

<comp id="132" class="1000" name="mxm_execute_ursa_signed_char_unsigned_short_unsigned_char_unsigned_short_i_40">
<pin_list>
<pin id="133" dir="1" index="0" bw="1" slack="0"/>
</pin_list>
<bind>
<StgValue><ssdm name="mxm_execute_ursa_signed_char_unsigned_short_unsigned_char_unsigned_short_i_40"/></StgValue>
</bind>
</comp>

<comp id="134" class="1000" name="mxm_execute_ursa_signed_char_unsigned_short_unsigned_char_unsigned_short_i_41">
<pin_list>
<pin id="135" dir="1" index="0" bw="1" slack="0"/>
</pin_list>
<bind>
<StgValue><ssdm name="mxm_execute_ursa_signed_char_unsigned_short_unsigned_char_unsigned_short_i_41"/></StgValue>
</bind>
</comp>

<comp id="136" class="1000" name="mxm_execute_ursa_signed_char_unsigned_short_unsigned_char_unsigned_short_i_42">
<pin_list>
<pin id="137" dir="1" index="0" bw="1" slack="0"/>
</pin_list>
<bind>
<StgValue><ssdm name="mxm_execute_ursa_signed_char_unsigned_short_unsigned_char_unsigned_short_i_42"/></StgValue>
</bind>
</comp>

<comp id="138" class="1000" name="mxm_execute_ursa_signed_char_unsigned_short_unsigned_char_unsigned_short_i_44">
<pin_list>
<pin id="139" dir="1" index="0" bw="1" slack="0"/>
</pin_list>
<bind>
<StgValue><ssdm name="mxm_execute_ursa_signed_char_unsigned_short_unsigned_char_unsigned_short_i_44"/></StgValue>
</bind>
</comp>

<comp id="140" class="1000" name="mxm_execute_ursa_signed_char_unsigned_short_unsigned_char_unsigned_short_i_45">
<pin_list>
<pin id="141" dir="1" index="0" bw="1" slack="0"/>
</pin_list>
<bind>
<StgValue><ssdm name="mxm_execute_ursa_signed_char_unsigned_short_unsigned_char_unsigned_short_i_45"/></StgValue>
</bind>
</comp>

<comp id="142" class="1000" name="mxm_execute_ursa_signed_char_unsigned_short_unsigned_char_unsigned_short_i_46">
<pin_list>
<pin id="143" dir="1" index="0" bw="1" slack="0"/>
</pin_list>
<bind>
<StgValue><ssdm name="mxm_execute_ursa_signed_char_unsigned_short_unsigned_char_unsigned_short_i_46"/></StgValue>
</bind>
</comp>

<comp id="144" class="1000" name="mxm_execute_ursa_signed_char_unsigned_short_unsigned_char_unsigned_short_i_47">
<pin_list>
<pin id="145" dir="1" index="0" bw="1" slack="0"/>
</pin_list>
<bind>
<StgValue><ssdm name="mxm_execute_ursa_signed_char_unsigned_short_unsigned_char_unsigned_short_i_47"/></StgValue>
</bind>
</comp>

<comp id="146" class="1000" name="mxm_execute_ursa_signed_char_unsigned_short_unsigned_char_unsigned_short_i_48">
<pin_list>
<pin id="147" dir="1" index="0" bw="1" slack="0"/>
</pin_list>
<bind>
<StgValue><ssdm name="mxm_execute_ursa_signed_char_unsigned_short_unsigned_char_unsigned_short_i_48"/></StgValue>
</bind>
</comp>

<comp id="148" class="1000" name="mxm_execute_ursa_signed_char_unsigned_short_unsigned_char_unsigned_short_i_49">
<pin_list>
<pin id="149" dir="1" index="0" bw="1" slack="0"/>
</pin_list>
<bind>
<StgValue><ssdm name="mxm_execute_ursa_signed_char_unsigned_short_unsigned_char_unsigned_short_i_49"/></StgValue>
</bind>
</comp>

<comp id="150" class="1000" name="mxm_execute_ursa_signed_char_unsigned_short_unsigned_char_unsigned_short_i_50">
<pin_list>
<pin id="151" dir="1" index="0" bw="1" slack="0"/>
</pin_list>
<bind>
<StgValue><ssdm name="mxm_execute_ursa_signed_char_unsigned_short_unsigned_char_unsigned_short_i_50"/></StgValue>
</bind>
</comp>

<comp id="152" class="1000" name="mxm_execute_ursa_signed_char_unsigned_short_unsigned_char_unsigned_short_i_51">
<pin_list>
<pin id="153" dir="1" index="0" bw="1" slack="0"/>
</pin_list>
<bind>
<StgValue><ssdm name="mxm_execute_ursa_signed_char_unsigned_short_unsigned_char_unsigned_short_i_51"/></StgValue>
</bind>
</comp>

<comp id="154" class="1000" name="mxm_execute_ursa_signed_char_unsigned_short_unsigned_char_unsigned_short_i_52">
<pin_list>
<pin id="155" dir="1" index="0" bw="1" slack="0"/>
</pin_list>
<bind>
<StgValue><ssdm name="mxm_execute_ursa_signed_char_unsigned_short_unsigned_char_unsigned_short_i_52"/></StgValue>
</bind>
</comp>

<comp id="156" class="1000" name="mxm_execute_ursa_signed_char_unsigned_short_unsigned_char_unsigned_short_i_53">
<pin_list>
<pin id="157" dir="1" index="0" bw="1" slack="0"/>
</pin_list>
<bind>
<StgValue><ssdm name="mxm_execute_ursa_signed_char_unsigned_short_unsigned_char_unsigned_short_i_53"/></StgValue>
</bind>
</comp>

<comp id="158" class="1000" name="mxm_execute_ursa_signed_char_unsigned_short_unsigned_char_unsigned_short_i_55">
<pin_list>
<pin id="159" dir="1" index="0" bw="1" slack="0"/>
</pin_list>
<bind>
<StgValue><ssdm name="mxm_execute_ursa_signed_char_unsigned_short_unsigned_char_unsigned_short_i_55"/></StgValue>
</bind>
</comp>

<comp id="160" class="1000" name="mxm_execute_ursa_signed_char_unsigned_short_unsigned_char_unsigned_short_i_56">
<pin_list>
<pin id="161" dir="1" index="0" bw="1" slack="0"/>
</pin_list>
<bind>
<StgValue><ssdm name="mxm_execute_ursa_signed_char_unsigned_short_unsigned_char_unsigned_short_i_56"/></StgValue>
</bind>
</comp>

<comp id="162" class="1000" name="mxm_execute_ursa_signed_char_unsigned_short_unsigned_char_unsigned_short_i_57">
<pin_list>
<pin id="163" dir="1" index="0" bw="1" slack="0"/>
</pin_list>
<bind>
<StgValue><ssdm name="mxm_execute_ursa_signed_char_unsigned_short_unsigned_char_unsigned_short_i_57"/></StgValue>
</bind>
</comp>

<comp id="164" class="1000" name="mxm_execute_ursa_signed_char_unsigned_short_unsigned_char_unsigned_short_i_58">
<pin_list>
<pin id="165" dir="1" index="0" bw="1" slack="0"/>
</pin_list>
<bind>
<StgValue><ssdm name="mxm_execute_ursa_signed_char_unsigned_short_unsigned_char_unsigned_short_i_58"/></StgValue>
</bind>
</comp>

<comp id="166" class="1000" name="mxm_execute_ursa_signed_char_unsigned_short_unsigned_char_unsigned_short_i_59">
<pin_list>
<pin id="167" dir="1" index="0" bw="1" slack="0"/>
</pin_list>
<bind>
<StgValue><ssdm name="mxm_execute_ursa_signed_char_unsigned_short_unsigned_char_unsigned_short_i_59"/></StgValue>
</bind>
</comp>

<comp id="168" class="1000" name="mxm_execute_ursa_signed_char_unsigned_short_unsigned_char_unsigned_short_i_60">
<pin_list>
<pin id="169" dir="1" index="0" bw="1" slack="0"/>
</pin_list>
<bind>
<StgValue><ssdm name="mxm_execute_ursa_signed_char_unsigned_short_unsigned_char_unsigned_short_i_60"/></StgValue>
</bind>
</comp>

<comp id="170" class="1000" name="mxm_execute_ursa_signed_char_unsigned_short_unsigned_char_unsigned_short_i_61">
<pin_list>
<pin id="171" dir="1" index="0" bw="1" slack="0"/>
</pin_list>
<bind>
<StgValue><ssdm name="mxm_execute_ursa_signed_char_unsigned_short_unsigned_char_unsigned_short_i_61"/></StgValue>
</bind>
</comp>

<comp id="172" class="1000" name="mxm_execute_ursa_signed_char_unsigned_short_unsigned_char_unsigned_short_i_62">
<pin_list>
<pin id="173" dir="1" index="0" bw="1" slack="0"/>
</pin_list>
<bind>
<StgValue><ssdm name="mxm_execute_ursa_signed_char_unsigned_short_unsigned_char_unsigned_short_i_62"/></StgValue>
</bind>
</comp>

<comp id="174" class="1000" name="mxm_execute_ursa_signed_char_unsigned_short_unsigned_char_unsigned_short_i_63">
<pin_list>
<pin id="175" dir="1" index="0" bw="1" slack="0"/>
</pin_list>
<bind>
<StgValue><ssdm name="mxm_execute_ursa_signed_char_unsigned_short_unsigned_char_unsigned_short_i_63"/></StgValue>
</bind>
</comp>

<comp id="176" class="1000" name="mxm_execute_ursa_signed_char_unsigned_short_unsigned_char_unsigned_short_i_64">
<pin_list>
<pin id="177" dir="1" index="0" bw="1" slack="0"/>
</pin_list>
<bind>
<StgValue><ssdm name="mxm_execute_ursa_signed_char_unsigned_short_unsigned_char_unsigned_short_i_64"/></StgValue>
</bind>
</comp>

<comp id="178" class="1000" name="mxm_execute_ursa_signed_char_unsigned_short_unsigned_char_unsigned_short_i_66">
<pin_list>
<pin id="179" dir="1" index="0" bw="1" slack="0"/>
</pin_list>
<bind>
<StgValue><ssdm name="mxm_execute_ursa_signed_char_unsigned_short_unsigned_char_unsigned_short_i_66"/></StgValue>
</bind>
</comp>

<comp id="180" class="1000" name="mxm_execute_ursa_signed_char_unsigned_short_unsigned_char_unsigned_short_i_67">
<pin_list>
<pin id="181" dir="1" index="0" bw="1" slack="0"/>
</pin_list>
<bind>
<StgValue><ssdm name="mxm_execute_ursa_signed_char_unsigned_short_unsigned_char_unsigned_short_i_67"/></StgValue>
</bind>
</comp>

<comp id="182" class="1000" name="mxm_execute_ursa_signed_char_unsigned_short_unsigned_char_unsigned_short_i_68">
<pin_list>
<pin id="183" dir="1" index="0" bw="1" slack="0"/>
</pin_list>
<bind>
<StgValue><ssdm name="mxm_execute_ursa_signed_char_unsigned_short_unsigned_char_unsigned_short_i_68"/></StgValue>
</bind>
</comp>

<comp id="184" class="1000" name="mxm_execute_ursa_signed_char_unsigned_short_unsigned_char_unsigned_short_i_69">
<pin_list>
<pin id="185" dir="1" index="0" bw="1" slack="0"/>
</pin_list>
<bind>
<StgValue><ssdm name="mxm_execute_ursa_signed_char_unsigned_short_unsigned_char_unsigned_short_i_69"/></StgValue>
</bind>
</comp>

<comp id="186" class="1000" name="mxm_execute_ursa_signed_char_unsigned_short_unsigned_char_unsigned_short_i_70">
<pin_list>
<pin id="187" dir="1" index="0" bw="1" slack="0"/>
</pin_list>
<bind>
<StgValue><ssdm name="mxm_execute_ursa_signed_char_unsigned_short_unsigned_char_unsigned_short_i_70"/></StgValue>
</bind>
</comp>

<comp id="188" class="1000" name="mxm_execute_ursa_signed_char_unsigned_short_unsigned_char_unsigned_short_i_71">
<pin_list>
<pin id="189" dir="1" index="0" bw="1" slack="0"/>
</pin_list>
<bind>
<StgValue><ssdm name="mxm_execute_ursa_signed_char_unsigned_short_unsigned_char_unsigned_short_i_71"/></StgValue>
</bind>
</comp>

<comp id="190" class="1000" name="mxm_execute_ursa_signed_char_unsigned_short_unsigned_char_unsigned_short_i_72">
<pin_list>
<pin id="191" dir="1" index="0" bw="1" slack="0"/>
</pin_list>
<bind>
<StgValue><ssdm name="mxm_execute_ursa_signed_char_unsigned_short_unsigned_char_unsigned_short_i_72"/></StgValue>
</bind>
</comp>

<comp id="192" class="1000" name="mxm_execute_ursa_signed_char_unsigned_short_unsigned_char_unsigned_short_i_73">
<pin_list>
<pin id="193" dir="1" index="0" bw="1" slack="0"/>
</pin_list>
<bind>
<StgValue><ssdm name="mxm_execute_ursa_signed_char_unsigned_short_unsigned_char_unsigned_short_i_73"/></StgValue>
</bind>
</comp>

<comp id="194" class="1000" name="mxm_execute_ursa_signed_char_unsigned_short_unsigned_char_unsigned_short_i_74">
<pin_list>
<pin id="195" dir="1" index="0" bw="1" slack="0"/>
</pin_list>
<bind>
<StgValue><ssdm name="mxm_execute_ursa_signed_char_unsigned_short_unsigned_char_unsigned_short_i_74"/></StgValue>
</bind>
</comp>

<comp id="196" class="1000" name="mxm_execute_ursa_signed_char_unsigned_short_unsigned_char_unsigned_short_i_75">
<pin_list>
<pin id="197" dir="1" index="0" bw="1" slack="0"/>
</pin_list>
<bind>
<StgValue><ssdm name="mxm_execute_ursa_signed_char_unsigned_short_unsigned_char_unsigned_short_i_75"/></StgValue>
</bind>
</comp>

<comp id="198" class="1000" name="mxm_execute_ursa_signed_char_unsigned_short_unsigned_char_unsigned_short_i_77">
<pin_list>
<pin id="199" dir="1" index="0" bw="1" slack="0"/>
</pin_list>
<bind>
<StgValue><ssdm name="mxm_execute_ursa_signed_char_unsigned_short_unsigned_char_unsigned_short_i_77"/></StgValue>
</bind>
</comp>

<comp id="200" class="1000" name="mxm_execute_ursa_signed_char_unsigned_short_unsigned_char_unsigned_short_i_78">
<pin_list>
<pin id="201" dir="1" index="0" bw="1" slack="0"/>
</pin_list>
<bind>
<StgValue><ssdm name="mxm_execute_ursa_signed_char_unsigned_short_unsigned_char_unsigned_short_i_78"/></StgValue>
</bind>
</comp>

<comp id="202" class="1000" name="mxm_execute_ursa_signed_char_unsigned_short_unsigned_char_unsigned_short_i_79">
<pin_list>
<pin id="203" dir="1" index="0" bw="1" slack="0"/>
</pin_list>
<bind>
<StgValue><ssdm name="mxm_execute_ursa_signed_char_unsigned_short_unsigned_char_unsigned_short_i_79"/></StgValue>
</bind>
</comp>

<comp id="204" class="1000" name="mxm_execute_ursa_signed_char_unsigned_short_unsigned_char_unsigned_short_i_80">
<pin_list>
<pin id="205" dir="1" index="0" bw="1" slack="0"/>
</pin_list>
<bind>
<StgValue><ssdm name="mxm_execute_ursa_signed_char_unsigned_short_unsigned_char_unsigned_short_i_80"/></StgValue>
</bind>
</comp>

<comp id="206" class="1000" name="mxm_execute_ursa_signed_char_unsigned_short_unsigned_char_unsigned_short_i_81">
<pin_list>
<pin id="207" dir="1" index="0" bw="1" slack="0"/>
</pin_list>
<bind>
<StgValue><ssdm name="mxm_execute_ursa_signed_char_unsigned_short_unsigned_char_unsigned_short_i_81"/></StgValue>
</bind>
</comp>

<comp id="208" class="1000" name="mxm_execute_ursa_signed_char_unsigned_short_unsigned_char_unsigned_short_i_82">
<pin_list>
<pin id="209" dir="1" index="0" bw="1" slack="0"/>
</pin_list>
<bind>
<StgValue><ssdm name="mxm_execute_ursa_signed_char_unsigned_short_unsigned_char_unsigned_short_i_82"/></StgValue>
</bind>
</comp>

<comp id="210" class="1000" name="mxm_execute_ursa_signed_char_unsigned_short_unsigned_char_unsigned_short_i_83">
<pin_list>
<pin id="211" dir="1" index="0" bw="1" slack="0"/>
</pin_list>
<bind>
<StgValue><ssdm name="mxm_execute_ursa_signed_char_unsigned_short_unsigned_char_unsigned_short_i_83"/></StgValue>
</bind>
</comp>

<comp id="212" class="1000" name="mxm_execute_ursa_signed_char_unsigned_short_unsigned_char_unsigned_short_i_84">
<pin_list>
<pin id="213" dir="1" index="0" bw="1" slack="0"/>
</pin_list>
<bind>
<StgValue><ssdm name="mxm_execute_ursa_signed_char_unsigned_short_unsigned_char_unsigned_short_i_84"/></StgValue>
</bind>
</comp>

<comp id="214" class="1000" name="mxm_execute_ursa_signed_char_unsigned_short_unsigned_char_unsigned_short_i_85">
<pin_list>
<pin id="215" dir="1" index="0" bw="1" slack="0"/>
</pin_list>
<bind>
<StgValue><ssdm name="mxm_execute_ursa_signed_char_unsigned_short_unsigned_char_unsigned_short_i_85"/></StgValue>
</bind>
</comp>

<comp id="216" class="1000" name="mxm_execute_ursa_signed_char_unsigned_short_unsigned_char_unsigned_short_i_86">
<pin_list>
<pin id="217" dir="1" index="0" bw="1" slack="0"/>
</pin_list>
<bind>
<StgValue><ssdm name="mxm_execute_ursa_signed_char_unsigned_short_unsigned_char_unsigned_short_i_86"/></StgValue>
</bind>
</comp>

<comp id="218" class="1000" name="mxm_execute_ursa_signed_char_unsigned_short_unsigned_char_unsigned_short_i_88">
<pin_list>
<pin id="219" dir="1" index="0" bw="1" slack="0"/>
</pin_list>
<bind>
<StgValue><ssdm name="mxm_execute_ursa_signed_char_unsigned_short_unsigned_char_unsigned_short_i_88"/></StgValue>
</bind>
</comp>

<comp id="220" class="1000" name="mxm_execute_ursa_signed_char_unsigned_short_unsigned_char_unsigned_short_i_89">
<pin_list>
<pin id="221" dir="1" index="0" bw="1" slack="0"/>
</pin_list>
<bind>
<StgValue><ssdm name="mxm_execute_ursa_signed_char_unsigned_short_unsigned_char_unsigned_short_i_89"/></StgValue>
</bind>
</comp>

<comp id="222" class="1000" name="mxm_execute_ursa_signed_char_unsigned_short_unsigned_char_unsigned_short_i_96">
<pin_list>
<pin id="223" dir="1" index="0" bw="1" slack="0"/>
</pin_list>
<bind>
<StgValue><ssdm name="mxm_execute_ursa_signed_char_unsigned_short_unsigned_char_unsigned_short_i_96"/></StgValue>
</bind>
</comp>

<comp id="224" class="1000" name="mxm_execute_ursa_signed_char_unsigned_short_unsigned_char_unsigned_short_i_243">
<pin_list>
<pin id="225" dir="1" index="0" bw="1" slack="0"/>
</pin_list>
<bind>
<StgValue><ssdm name="mxm_execute_ursa_signed_char_unsigned_short_unsigned_char_unsigned_short_i_243"/></StgValue>
</bind>
</comp>

<comp id="226" class="1000" name="mxm_execute_ursa_signed_char_unsigned_short_unsigned_char_unsigned_short_i_232">
<pin_list>
<pin id="227" dir="1" index="0" bw="1" slack="0"/>
</pin_list>
<bind>
<StgValue><ssdm name="mxm_execute_ursa_signed_char_unsigned_short_unsigned_char_unsigned_short_i_232"/></StgValue>
</bind>
</comp>

<comp id="228" class="1000" name="mxm_execute_ursa_signed_char_unsigned_short_unsigned_char_unsigned_short_i_221">
<pin_list>
<pin id="229" dir="1" index="0" bw="1" slack="0"/>
</pin_list>
<bind>
<StgValue><ssdm name="mxm_execute_ursa_signed_char_unsigned_short_unsigned_char_unsigned_short_i_221"/></StgValue>
</bind>
</comp>

<comp id="230" class="1000" name="mxm_execute_ursa_signed_char_unsigned_short_unsigned_char_unsigned_short_i_210">
<pin_list>
<pin id="231" dir="1" index="0" bw="1" slack="0"/>
</pin_list>
<bind>
<StgValue><ssdm name="mxm_execute_ursa_signed_char_unsigned_short_unsigned_char_unsigned_short_i_210"/></StgValue>
</bind>
</comp>

<comp id="232" class="1000" name="mxm_execute_ursa_signed_char_unsigned_short_unsigned_char_unsigned_short_i_199">
<pin_list>
<pin id="233" dir="1" index="0" bw="1" slack="0"/>
</pin_list>
<bind>
<StgValue><ssdm name="mxm_execute_ursa_signed_char_unsigned_short_unsigned_char_unsigned_short_i_199"/></StgValue>
</bind>
</comp>

<comp id="234" class="1000" name="mxm_execute_ursa_signed_char_unsigned_short_unsigned_char_unsigned_short_i_188">
<pin_list>
<pin id="235" dir="1" index="0" bw="1" slack="0"/>
</pin_list>
<bind>
<StgValue><ssdm name="mxm_execute_ursa_signed_char_unsigned_short_unsigned_char_unsigned_short_i_188"/></StgValue>
</bind>
</comp>

<comp id="236" class="1000" name="mxm_execute_ursa_signed_char_unsigned_short_unsigned_char_unsigned_short_i_177">
<pin_list>
<pin id="237" dir="1" index="0" bw="1" slack="0"/>
</pin_list>
<bind>
<StgValue><ssdm name="mxm_execute_ursa_signed_char_unsigned_short_unsigned_char_unsigned_short_i_177"/></StgValue>
</bind>
</comp>

<comp id="238" class="1000" name="mxm_execute_ursa_signed_char_unsigned_short_unsigned_char_unsigned_short_i_10">
<pin_list>
<pin id="239" dir="1" index="0" bw="1" slack="0"/>
</pin_list>
<bind>
<StgValue><ssdm name="mxm_execute_ursa_signed_char_unsigned_short_unsigned_char_unsigned_short_i_10"/></StgValue>
</bind>
</comp>

<comp id="240" class="1000" name="mxm_execute_ursa_signed_char_unsigned_short_unsigned_char_unsigned_short_i_21">
<pin_list>
<pin id="241" dir="1" index="0" bw="1" slack="0"/>
</pin_list>
<bind>
<StgValue><ssdm name="mxm_execute_ursa_signed_char_unsigned_short_unsigned_char_unsigned_short_i_21"/></StgValue>
</bind>
</comp>

<comp id="242" class="1000" name="mxm_execute_ursa_signed_char_unsigned_short_unsigned_char_unsigned_short_i_32">
<pin_list>
<pin id="243" dir="1" index="0" bw="1" slack="0"/>
</pin_list>
<bind>
<StgValue><ssdm name="mxm_execute_ursa_signed_char_unsigned_short_unsigned_char_unsigned_short_i_32"/></StgValue>
</bind>
</comp>

<comp id="244" class="1000" name="mxm_execute_ursa_signed_char_unsigned_short_unsigned_char_unsigned_short_i_43">
<pin_list>
<pin id="245" dir="1" index="0" bw="1" slack="0"/>
</pin_list>
<bind>
<StgValue><ssdm name="mxm_execute_ursa_signed_char_unsigned_short_unsigned_char_unsigned_short_i_43"/></StgValue>
</bind>
</comp>

<comp id="246" class="1000" name="mxm_execute_ursa_signed_char_unsigned_short_unsigned_char_unsigned_short_i_54">
<pin_list>
<pin id="247" dir="1" index="0" bw="1" slack="0"/>
</pin_list>
<bind>
<StgValue><ssdm name="mxm_execute_ursa_signed_char_unsigned_short_unsigned_char_unsigned_short_i_54"/></StgValue>
</bind>
</comp>

<comp id="248" class="1000" name="mxm_execute_ursa_signed_char_unsigned_short_unsigned_char_unsigned_short_i_65">
<pin_list>
<pin id="249" dir="1" index="0" bw="1" slack="0"/>
</pin_list>
<bind>
<StgValue><ssdm name="mxm_execute_ursa_signed_char_unsigned_short_unsigned_char_unsigned_short_i_65"/></StgValue>
</bind>
</comp>

<comp id="250" class="1000" name="mxm_execute_ursa_signed_char_unsigned_short_unsigned_char_unsigned_short_i_76">
<pin_list>
<pin id="251" dir="1" index="0" bw="1" slack="0"/>
</pin_list>
<bind>
<StgValue><ssdm name="mxm_execute_ursa_signed_char_unsigned_short_unsigned_char_unsigned_short_i_76"/></StgValue>
</bind>
</comp>

<comp id="252" class="1000" name="mxm_execute_ursa_signed_char_unsigned_short_unsigned_char_unsigned_short_i_87">
<pin_list>
<pin id="253" dir="1" index="0" bw="1" slack="0"/>
</pin_list>
<bind>
<StgValue><ssdm name="mxm_execute_ursa_signed_char_unsigned_short_unsigned_char_unsigned_short_i_87"/></StgValue>
</bind>
</comp>

<comp id="254" class="1000" name="mxm_execute_ursa_signed_char_unsigned_short_unsigned_char_unsigned_short_i_176">
<pin_list>
<pin id="255" dir="1" index="0" bw="1" slack="0"/>
</pin_list>
<bind>
<StgValue><ssdm name="mxm_execute_ursa_signed_char_unsigned_short_unsigned_char_unsigned_short_i_176"/></StgValue>
</bind>
</comp>

<comp id="256" class="1000" name="mxm_execute_ursa_signed_char_unsigned_short_unsigned_char_unsigned_short_i_175">
<pin_list>
<pin id="257" dir="1" index="0" bw="1" slack="0"/>
</pin_list>
<bind>
<StgValue><ssdm name="mxm_execute_ursa_signed_char_unsigned_short_unsigned_char_unsigned_short_i_175"/></StgValue>
</bind>
</comp>

<comp id="258" class="1000" name="mxm_execute_ursa_signed_char_unsigned_short_unsigned_char_unsigned_short_i_249">
<pin_list>
<pin id="259" dir="1" index="0" bw="1" slack="0"/>
</pin_list>
<bind>
<StgValue><ssdm name="mxm_execute_ursa_signed_char_unsigned_short_unsigned_char_unsigned_short_i_249"/></StgValue>
</bind>
</comp>

<comp id="260" class="1000" name="mxm_execute_ursa_signed_char_unsigned_short_unsigned_char_unsigned_short_i_248">
<pin_list>
<pin id="261" dir="1" index="0" bw="1" slack="0"/>
</pin_list>
<bind>
<StgValue><ssdm name="mxm_execute_ursa_signed_char_unsigned_short_unsigned_char_unsigned_short_i_248"/></StgValue>
</bind>
</comp>

<comp id="262" class="1000" name="mxm_execute_ursa_signed_char_unsigned_short_unsigned_char_unsigned_short_i_247">
<pin_list>
<pin id="263" dir="1" index="0" bw="1" slack="0"/>
</pin_list>
<bind>
<StgValue><ssdm name="mxm_execute_ursa_signed_char_unsigned_short_unsigned_char_unsigned_short_i_247"/></StgValue>
</bind>
</comp>

<comp id="264" class="1000" name="mxm_execute_ursa_signed_char_unsigned_short_unsigned_char_unsigned_short_i_246">
<pin_list>
<pin id="265" dir="1" index="0" bw="1" slack="0"/>
</pin_list>
<bind>
<StgValue><ssdm name="mxm_execute_ursa_signed_char_unsigned_short_unsigned_char_unsigned_short_i_246"/></StgValue>
</bind>
</comp>

<comp id="266" class="1000" name="mxm_execute_ursa_signed_char_unsigned_short_unsigned_char_unsigned_short_i_245">
<pin_list>
<pin id="267" dir="1" index="0" bw="1" slack="0"/>
</pin_list>
<bind>
<StgValue><ssdm name="mxm_execute_ursa_signed_char_unsigned_short_unsigned_char_unsigned_short_i_245"/></StgValue>
</bind>
</comp>

<comp id="268" class="1000" name="mxm_execute_ursa_signed_char_unsigned_short_unsigned_char_unsigned_short_i_244">
<pin_list>
<pin id="269" dir="1" index="0" bw="1" slack="0"/>
</pin_list>
<bind>
<StgValue><ssdm name="mxm_execute_ursa_signed_char_unsigned_short_unsigned_char_unsigned_short_i_244"/></StgValue>
</bind>
</comp>

<comp id="270" class="1000" name="mxm_execute_ursa_signed_char_unsigned_short_unsigned_char_unsigned_short_i_242">
<pin_list>
<pin id="271" dir="1" index="0" bw="1" slack="0"/>
</pin_list>
<bind>
<StgValue><ssdm name="mxm_execute_ursa_signed_char_unsigned_short_unsigned_char_unsigned_short_i_242"/></StgValue>
</bind>
</comp>

<comp id="272" class="1000" name="mxm_execute_ursa_signed_char_unsigned_short_unsigned_char_unsigned_short_i_241">
<pin_list>
<pin id="273" dir="1" index="0" bw="1" slack="0"/>
</pin_list>
<bind>
<StgValue><ssdm name="mxm_execute_ursa_signed_char_unsigned_short_unsigned_char_unsigned_short_i_241"/></StgValue>
</bind>
</comp>

<comp id="274" class="1000" name="mxm_execute_ursa_signed_char_unsigned_short_unsigned_char_unsigned_short_i_240">
<pin_list>
<pin id="275" dir="1" index="0" bw="1" slack="0"/>
</pin_list>
<bind>
<StgValue><ssdm name="mxm_execute_ursa_signed_char_unsigned_short_unsigned_char_unsigned_short_i_240"/></StgValue>
</bind>
</comp>

<comp id="276" class="1000" name="mxm_execute_ursa_signed_char_unsigned_short_unsigned_char_unsigned_short_i_239">
<pin_list>
<pin id="277" dir="1" index="0" bw="1" slack="0"/>
</pin_list>
<bind>
<StgValue><ssdm name="mxm_execute_ursa_signed_char_unsigned_short_unsigned_char_unsigned_short_i_239"/></StgValue>
</bind>
</comp>

<comp id="278" class="1000" name="mxm_execute_ursa_signed_char_unsigned_short_unsigned_char_unsigned_short_i_238">
<pin_list>
<pin id="279" dir="1" index="0" bw="1" slack="0"/>
</pin_list>
<bind>
<StgValue><ssdm name="mxm_execute_ursa_signed_char_unsigned_short_unsigned_char_unsigned_short_i_238"/></StgValue>
</bind>
</comp>

<comp id="280" class="1000" name="mxm_execute_ursa_signed_char_unsigned_short_unsigned_char_unsigned_short_i_237">
<pin_list>
<pin id="281" dir="1" index="0" bw="1" slack="0"/>
</pin_list>
<bind>
<StgValue><ssdm name="mxm_execute_ursa_signed_char_unsigned_short_unsigned_char_unsigned_short_i_237"/></StgValue>
</bind>
</comp>

<comp id="282" class="1000" name="mxm_execute_ursa_signed_char_unsigned_short_unsigned_char_unsigned_short_i_236">
<pin_list>
<pin id="283" dir="1" index="0" bw="1" slack="0"/>
</pin_list>
<bind>
<StgValue><ssdm name="mxm_execute_ursa_signed_char_unsigned_short_unsigned_char_unsigned_short_i_236"/></StgValue>
</bind>
</comp>

<comp id="284" class="1000" name="mxm_execute_ursa_signed_char_unsigned_short_unsigned_char_unsigned_short_i_235">
<pin_list>
<pin id="285" dir="1" index="0" bw="1" slack="0"/>
</pin_list>
<bind>
<StgValue><ssdm name="mxm_execute_ursa_signed_char_unsigned_short_unsigned_char_unsigned_short_i_235"/></StgValue>
</bind>
</comp>

<comp id="286" class="1000" name="mxm_execute_ursa_signed_char_unsigned_short_unsigned_char_unsigned_short_i_38">
<pin_list>
<pin id="287" dir="1" index="0" bw="1" slack="0"/>
</pin_list>
<bind>
<StgValue><ssdm name="mxm_execute_ursa_signed_char_unsigned_short_unsigned_char_unsigned_short_i_38"/></StgValue>
</bind>
</comp>

<comp id="288" class="1000" name="mxm_execute_ursa_signed_char_unsigned_short_unsigned_char_unsigned_short_i_29">
<pin_list>
<pin id="289" dir="1" index="0" bw="1" slack="0"/>
</pin_list>
<bind>
<StgValue><ssdm name="mxm_execute_ursa_signed_char_unsigned_short_unsigned_char_unsigned_short_i_29"/></StgValue>
</bind>
</comp>

<comp id="290" class="1000" name="mxm_execute_ursa_signed_char_unsigned_short_unsigned_char_unsigned_short_i_20">
<pin_list>
<pin id="291" dir="1" index="0" bw="1" slack="0"/>
</pin_list>
<bind>
<StgValue><ssdm name="mxm_execute_ursa_signed_char_unsigned_short_unsigned_char_unsigned_short_i_20"/></StgValue>
</bind>
</comp>

<comp id="292" class="1000" name="mxm_execute_ursa_signed_char_unsigned_short_unsigned_char_unsigned_short_i_12">
<pin_list>
<pin id="293" dir="1" index="0" bw="1" slack="0"/>
</pin_list>
<bind>
<StgValue><ssdm name="mxm_execute_ursa_signed_char_unsigned_short_unsigned_char_unsigned_short_i_12"/></StgValue>
</bind>
</comp>

<comp id="294" class="1000" name="mxm_execute_ursa_signed_char_unsigned_short_unsigned_char_unsigned_short_i_3">
<pin_list>
<pin id="295" dir="1" index="0" bw="1" slack="0"/>
</pin_list>
<bind>
<StgValue><ssdm name="mxm_execute_ursa_signed_char_unsigned_short_unsigned_char_unsigned_short_i_3"/></StgValue>
</bind>
</comp>

<comp id="296" class="1000" name="mxm_execute_ursa_signed_char_unsigned_short_unsigned_char_unsigned_short_i_93">
<pin_list>
<pin id="297" dir="1" index="0" bw="1" slack="0"/>
</pin_list>
<bind>
<StgValue><ssdm name="mxm_execute_ursa_signed_char_unsigned_short_unsigned_char_unsigned_short_i_93"/></StgValue>
</bind>
</comp>

<comp id="298" class="1000" name="mxm_execute_ursa_signed_char_unsigned_short_unsigned_char_unsigned_short_i_37">
<pin_list>
<pin id="299" dir="1" index="0" bw="1" slack="0"/>
</pin_list>
<bind>
<StgValue><ssdm name="mxm_execute_ursa_signed_char_unsigned_short_unsigned_char_unsigned_short_i_37"/></StgValue>
</bind>
</comp>

<comp id="300" class="1000" name="mxm_execute_ursa_signed_char_unsigned_short_unsigned_char_unsigned_short_i_28">
<pin_list>
<pin id="301" dir="1" index="0" bw="1" slack="0"/>
</pin_list>
<bind>
<StgValue><ssdm name="mxm_execute_ursa_signed_char_unsigned_short_unsigned_char_unsigned_short_i_28"/></StgValue>
</bind>
</comp>

<comp id="302" class="1000" name="mxm_execute_ursa_signed_char_unsigned_short_unsigned_char_unsigned_short_i_19">
<pin_list>
<pin id="303" dir="1" index="0" bw="1" slack="0"/>
</pin_list>
<bind>
<StgValue><ssdm name="mxm_execute_ursa_signed_char_unsigned_short_unsigned_char_unsigned_short_i_19"/></StgValue>
</bind>
</comp>

<comp id="304" class="1000" name="mxm_execute_ursa_signed_char_unsigned_short_unsigned_char_unsigned_short_i_11">
<pin_list>
<pin id="305" dir="1" index="0" bw="1" slack="0"/>
</pin_list>
<bind>
<StgValue><ssdm name="mxm_execute_ursa_signed_char_unsigned_short_unsigned_char_unsigned_short_i_11"/></StgValue>
</bind>
</comp>

<comp id="306" class="1000" name="mxm_execute_ursa_signed_char_unsigned_short_unsigned_char_unsigned_short_i_2">
<pin_list>
<pin id="307" dir="1" index="0" bw="1" slack="0"/>
</pin_list>
<bind>
<StgValue><ssdm name="mxm_execute_ursa_signed_char_unsigned_short_unsigned_char_unsigned_short_i_2"/></StgValue>
</bind>
</comp>

<comp id="308" class="1000" name="mxm_execute_ursa_signed_char_unsigned_short_unsigned_char_unsigned_short_i_94">
<pin_list>
<pin id="309" dir="1" index="0" bw="1" slack="0"/>
</pin_list>
<bind>
<StgValue><ssdm name="mxm_execute_ursa_signed_char_unsigned_short_unsigned_char_unsigned_short_i_94"/></StgValue>
</bind>
</comp>

<comp id="310" class="1000" name="mxm_execute_ursa_signed_char_unsigned_short_unsigned_char_unsigned_short_i_36">
<pin_list>
<pin id="311" dir="1" index="0" bw="1" slack="0"/>
</pin_list>
<bind>
<StgValue><ssdm name="mxm_execute_ursa_signed_char_unsigned_short_unsigned_char_unsigned_short_i_36"/></StgValue>
</bind>
</comp>

<comp id="312" class="1000" name="mxm_execute_ursa_signed_char_unsigned_short_unsigned_char_unsigned_short_i_27">
<pin_list>
<pin id="313" dir="1" index="0" bw="1" slack="0"/>
</pin_list>
<bind>
<StgValue><ssdm name="mxm_execute_ursa_signed_char_unsigned_short_unsigned_char_unsigned_short_i_27"/></StgValue>
</bind>
</comp>

<comp id="314" class="1000" name="mxm_execute_ursa_signed_char_unsigned_short_unsigned_char_unsigned_short_i_18">
<pin_list>
<pin id="315" dir="1" index="0" bw="1" slack="0"/>
</pin_list>
<bind>
<StgValue><ssdm name="mxm_execute_ursa_signed_char_unsigned_short_unsigned_char_unsigned_short_i_18"/></StgValue>
</bind>
</comp>

<comp id="316" class="1000" name="mxm_execute_ursa_signed_char_unsigned_short_unsigned_char_unsigned_short_i_9">
<pin_list>
<pin id="317" dir="1" index="0" bw="1" slack="0"/>
</pin_list>
<bind>
<StgValue><ssdm name="mxm_execute_ursa_signed_char_unsigned_short_unsigned_char_unsigned_short_i_9"/></StgValue>
</bind>
</comp>

<comp id="318" class="1000" name="mxm_execute_ursa_signed_char_unsigned_short_unsigned_char_unsigned_short_i_1">
<pin_list>
<pin id="319" dir="1" index="0" bw="1" slack="0"/>
</pin_list>
<bind>
<StgValue><ssdm name="mxm_execute_ursa_signed_char_unsigned_short_unsigned_char_unsigned_short_i_1"/></StgValue>
</bind>
</comp>

<comp id="320" class="1000" name="mxm_execute_ursa_signed_char_unsigned_short_unsigned_char_unsigned_short_i_95">
<pin_list>
<pin id="321" dir="1" index="0" bw="1" slack="0"/>
</pin_list>
<bind>
<StgValue><ssdm name="mxm_execute_ursa_signed_char_unsigned_short_unsigned_char_unsigned_short_i_95"/></StgValue>
</bind>
</comp>

<comp id="322" class="1000" name="mxm_execute_ursa_signed_char_unsigned_short_unsigned_char_unsigned_short_i_35">
<pin_list>
<pin id="323" dir="1" index="0" bw="1" slack="0"/>
</pin_list>
<bind>
<StgValue><ssdm name="mxm_execute_ursa_signed_char_unsigned_short_unsigned_char_unsigned_short_i_35"/></StgValue>
</bind>
</comp>

<comp id="324" class="1000" name="mxm_execute_ursa_signed_char_unsigned_short_unsigned_char_unsigned_short_i_26">
<pin_list>
<pin id="325" dir="1" index="0" bw="1" slack="0"/>
</pin_list>
<bind>
<StgValue><ssdm name="mxm_execute_ursa_signed_char_unsigned_short_unsigned_char_unsigned_short_i_26"/></StgValue>
</bind>
</comp>

<comp id="326" class="1000" name="mxm_execute_ursa_signed_char_unsigned_short_unsigned_char_unsigned_short_i_17">
<pin_list>
<pin id="327" dir="1" index="0" bw="1" slack="0"/>
</pin_list>
<bind>
<StgValue><ssdm name="mxm_execute_ursa_signed_char_unsigned_short_unsigned_char_unsigned_short_i_17"/></StgValue>
</bind>
</comp>

<comp id="328" class="1000" name="mxm_execute_ursa_signed_char_unsigned_short_unsigned_char_unsigned_short_i_8">
<pin_list>
<pin id="329" dir="1" index="0" bw="1" slack="0"/>
</pin_list>
<bind>
<StgValue><ssdm name="mxm_execute_ursa_signed_char_unsigned_short_unsigned_char_unsigned_short_i_8"/></StgValue>
</bind>
</comp>

<comp id="330" class="1000" name="mxm_execute_ursa_signed_char_unsigned_short_unsigned_char_unsigned_short_i">
<pin_list>
<pin id="331" dir="1" index="0" bw="1" slack="0"/>
</pin_list>
<bind>
<StgValue><ssdm name="mxm_execute_ursa_signed_char_unsigned_short_unsigned_char_unsigned_short_i"/></StgValue>
</bind>
</comp>

<comp id="332" class="1000" name="mxm_execute_ursa_signed_char_unsigned_short_unsigned_char_unsigned_short_i_97">
<pin_list>
<pin id="333" dir="1" index="0" bw="1" slack="0"/>
</pin_list>
<bind>
<StgValue><ssdm name="mxm_execute_ursa_signed_char_unsigned_short_unsigned_char_unsigned_short_i_97"/></StgValue>
</bind>
</comp>

<comp id="334" class="1000" name="mxm_execute_ursa_signed_char_unsigned_short_unsigned_char_unsigned_short_i_34">
<pin_list>
<pin id="335" dir="1" index="0" bw="1" slack="0"/>
</pin_list>
<bind>
<StgValue><ssdm name="mxm_execute_ursa_signed_char_unsigned_short_unsigned_char_unsigned_short_i_34"/></StgValue>
</bind>
</comp>

<comp id="336" class="1000" name="mxm_execute_ursa_signed_char_unsigned_short_unsigned_char_unsigned_short_i_25">
<pin_list>
<pin id="337" dir="1" index="0" bw="1" slack="0"/>
</pin_list>
<bind>
<StgValue><ssdm name="mxm_execute_ursa_signed_char_unsigned_short_unsigned_char_unsigned_short_i_25"/></StgValue>
</bind>
</comp>

<comp id="338" class="1000" name="mxm_execute_ursa_signed_char_unsigned_short_unsigned_char_unsigned_short_i_16">
<pin_list>
<pin id="339" dir="1" index="0" bw="1" slack="0"/>
</pin_list>
<bind>
<StgValue><ssdm name="mxm_execute_ursa_signed_char_unsigned_short_unsigned_char_unsigned_short_i_16"/></StgValue>
</bind>
</comp>

<comp id="340" class="1000" name="mxm_execute_ursa_signed_char_unsigned_short_unsigned_char_unsigned_short_i_7">
<pin_list>
<pin id="341" dir="1" index="0" bw="1" slack="0"/>
</pin_list>
<bind>
<StgValue><ssdm name="mxm_execute_ursa_signed_char_unsigned_short_unsigned_char_unsigned_short_i_7"/></StgValue>
</bind>
</comp>

<comp id="342" class="1000" name="mxm_execute_ursa_signed_char_unsigned_short_unsigned_char_unsigned_short_i_90">
<pin_list>
<pin id="343" dir="1" index="0" bw="1" slack="0"/>
</pin_list>
<bind>
<StgValue><ssdm name="mxm_execute_ursa_signed_char_unsigned_short_unsigned_char_unsigned_short_i_90"/></StgValue>
</bind>
</comp>

<comp id="344" class="1000" name="mxm_execute_ursa_signed_char_unsigned_short_unsigned_char_unsigned_short_i_98">
<pin_list>
<pin id="345" dir="1" index="0" bw="1" slack="0"/>
</pin_list>
<bind>
<StgValue><ssdm name="mxm_execute_ursa_signed_char_unsigned_short_unsigned_char_unsigned_short_i_98"/></StgValue>
</bind>
</comp>

<comp id="346" class="1000" name="mxm_execute_ursa_signed_char_unsigned_short_unsigned_char_unsigned_short_i_33">
<pin_list>
<pin id="347" dir="1" index="0" bw="1" slack="0"/>
</pin_list>
<bind>
<StgValue><ssdm name="mxm_execute_ursa_signed_char_unsigned_short_unsigned_char_unsigned_short_i_33"/></StgValue>
</bind>
</comp>

<comp id="348" class="1000" name="mxm_execute_ursa_signed_char_unsigned_short_unsigned_char_unsigned_short_i_24">
<pin_list>
<pin id="349" dir="1" index="0" bw="1" slack="0"/>
</pin_list>
<bind>
<StgValue><ssdm name="mxm_execute_ursa_signed_char_unsigned_short_unsigned_char_unsigned_short_i_24"/></StgValue>
</bind>
</comp>

<comp id="350" class="1000" name="mxm_execute_ursa_signed_char_unsigned_short_unsigned_char_unsigned_short_i_15">
<pin_list>
<pin id="351" dir="1" index="0" bw="1" slack="0"/>
</pin_list>
<bind>
<StgValue><ssdm name="mxm_execute_ursa_signed_char_unsigned_short_unsigned_char_unsigned_short_i_15"/></StgValue>
</bind>
</comp>

<comp id="352" class="1000" name="mxm_execute_ursa_signed_char_unsigned_short_unsigned_char_unsigned_short_i_6">
<pin_list>
<pin id="353" dir="1" index="0" bw="1" slack="0"/>
</pin_list>
<bind>
<StgValue><ssdm name="mxm_execute_ursa_signed_char_unsigned_short_unsigned_char_unsigned_short_i_6"/></StgValue>
</bind>
</comp>

<comp id="354" class="1000" name="mxm_execute_ursa_signed_char_unsigned_short_unsigned_char_unsigned_short_i_91">
<pin_list>
<pin id="355" dir="1" index="0" bw="1" slack="0"/>
</pin_list>
<bind>
<StgValue><ssdm name="mxm_execute_ursa_signed_char_unsigned_short_unsigned_char_unsigned_short_i_91"/></StgValue>
</bind>
</comp>

<comp id="356" class="1000" name="mxm_execute_ursa_signed_char_unsigned_short_unsigned_char_unsigned_short_i_99">
<pin_list>
<pin id="357" dir="1" index="0" bw="1" slack="0"/>
</pin_list>
<bind>
<StgValue><ssdm name="mxm_execute_ursa_signed_char_unsigned_short_unsigned_char_unsigned_short_i_99"/></StgValue>
</bind>
</comp>

<comp id="358" class="1000" name="mxm_execute_ursa_signed_char_unsigned_short_unsigned_char_unsigned_short_i_31">
<pin_list>
<pin id="359" dir="1" index="0" bw="1" slack="0"/>
</pin_list>
<bind>
<StgValue><ssdm name="mxm_execute_ursa_signed_char_unsigned_short_unsigned_char_unsigned_short_i_31"/></StgValue>
</bind>
</comp>

<comp id="360" class="1000" name="mxm_execute_ursa_signed_char_unsigned_short_unsigned_char_unsigned_short_i_23">
<pin_list>
<pin id="361" dir="1" index="0" bw="1" slack="0"/>
</pin_list>
<bind>
<StgValue><ssdm name="mxm_execute_ursa_signed_char_unsigned_short_unsigned_char_unsigned_short_i_23"/></StgValue>
</bind>
</comp>

<comp id="362" class="1000" name="mxm_execute_ursa_signed_char_unsigned_short_unsigned_char_unsigned_short_i_14">
<pin_list>
<pin id="363" dir="1" index="0" bw="1" slack="0"/>
</pin_list>
<bind>
<StgValue><ssdm name="mxm_execute_ursa_signed_char_unsigned_short_unsigned_char_unsigned_short_i_14"/></StgValue>
</bind>
</comp>

<comp id="364" class="1000" name="mxm_execute_ursa_signed_char_unsigned_short_unsigned_char_unsigned_short_i_5">
<pin_list>
<pin id="365" dir="1" index="0" bw="1" slack="0"/>
</pin_list>
<bind>
<StgValue><ssdm name="mxm_execute_ursa_signed_char_unsigned_short_unsigned_char_unsigned_short_i_5"/></StgValue>
</bind>
</comp>

<comp id="366" class="1000" name="mxm_execute_ursa_signed_char_unsigned_short_unsigned_char_unsigned_short_i_92">
<pin_list>
<pin id="367" dir="1" index="0" bw="1" slack="0"/>
</pin_list>
<bind>
<StgValue><ssdm name="mxm_execute_ursa_signed_char_unsigned_short_unsigned_char_unsigned_short_i_92"/></StgValue>
</bind>
</comp>

<comp id="368" class="1000" name="mxm_execute_ursa_signed_char_unsigned_short_unsigned_char_unsigned_short_i_250">
<pin_list>
<pin id="369" dir="1" index="0" bw="1" slack="0"/>
</pin_list>
<bind>
<StgValue><ssdm name="mxm_execute_ursa_signed_char_unsigned_short_unsigned_char_unsigned_short_i_250"/></StgValue>
</bind>
</comp>

<comp id="370" class="1001" name="const_370">
<pin_list>
<pin id="371" dir="1" index="0" bw="1" slack="0"/>
</pin_list>
<bind>
<StgValue><ssdm name=""/></StgValue>
</bind>
</comp>

<comp id="372" class="1001" name="const_372">
<pin_list>
<pin id="373" dir="1" index="0" bw="1" slack="0"/>
</pin_list>
<bind>
<StgValue><ssdm name="_ssdm_op_Read.s_axilite.i16"/></StgValue>
</bind>
</comp>

<comp id="374" class="1001" name="const_374">
<pin_list>
<pin id="375" dir="1" index="0" bw="1" slack="0"/>
</pin_list>
<bind>
<StgValue><ssdm name="_ssdm_op_Read.s_axilite.i64"/></StgValue>
</bind>
</comp>

<comp id="376" class="1001" name="const_376">
<pin_list>
<pin id="377" dir="1" index="0" bw="1" slack="0"/>
</pin_list>
<bind>
<StgValue><ssdm name=""/></StgValue>
</bind>
</comp>

<comp id="378" class="1001" name="const_378">
<pin_list>
<pin id="379" dir="1" index="0" bw="1" slack="0"/>
</pin_list>
<bind>
<StgValue><ssdm name=""/></StgValue>
</bind>
</comp>

<comp id="380" class="1001" name="const_380">
<pin_list>
<pin id="381" dir="1" index="0" bw="1" slack="0"/>
</pin_list>
<bind>
<StgValue><ssdm name=""/></StgValue>
</bind>
</comp>

<comp id="382" class="1001" name="const_382">
<pin_list>
<pin id="383" dir="1" index="0" bw="1" slack="0"/>
</pin_list>
<bind>
<StgValue><ssdm name=""/></StgValue>
</bind>
</comp>

<comp id="384" class="1001" name="const_384">
<pin_list>
<pin id="385" dir="1" index="0" bw="1" slack="0"/>
</pin_list>
<bind>
<StgValue><ssdm name="_ssdm_op_PartSelect.i14.i17.i32.i32"/></StgValue>
</bind>
</comp>

<comp id="386" class="1001" name="const_386">
<pin_list>
<pin id="387" dir="1" index="0" bw="1" slack="0"/>
</pin_list>
<bind>
<StgValue><ssdm name=""/></StgValue>
</bind>
</comp>

<comp id="388" class="1001" name="const_388">
<pin_list>
<pin id="389" dir="1" index="0" bw="1" slack="0"/>
</pin_list>
<bind>
<StgValue><ssdm name=""/></StgValue>
</bind>
</comp>

<comp id="390" class="1001" name="const_390">
<pin_list>
<pin id="391" dir="1" index="0" bw="1" slack="2147483647"/>
</pin_list>
<bind>
<StgValue><ssdm name="_ssdm_op_SpecBitsMap"/></StgValue>
</bind>
</comp>

<comp id="392" class="1001" name="const_392">
<pin_list>
<pin id="393" dir="1" index="0" bw="1" slack="2147483647"/>
</pin_list>
<bind>
<StgValue><ssdm name=""/></StgValue>
</bind>
</comp>

<comp id="394" class="1001" name="const_394">
<pin_list>
<pin id="395" dir="1" index="0" bw="1" slack="2147483647"/>
</pin_list>
<bind>
<StgValue><ssdm name="_ssdm_op_SpecTopModule"/></StgValue>
</bind>
</comp>

<comp id="396" class="1001" name="const_396">
<pin_list>
<pin id="397" dir="1" index="0" bw="1" slack="2147483647"/>
</pin_list>
<bind>
<StgValue><ssdm name="empty_11"/></StgValue>
</bind>
</comp>

<comp id="398" class="1001" name="const_398">
<pin_list>
<pin id="399" dir="1" index="0" bw="1" slack="2147483647"/>
</pin_list>
<bind>
<StgValue><ssdm name="_ssdm_op_SpecInterface"/></StgValue>
</bind>
</comp>

<comp id="400" class="1001" name="const_400">
<pin_list>
<pin id="401" dir="1" index="0" bw="1" slack="2147483647"/>
</pin_list>
<bind>
<StgValue><ssdm name="empty"/></StgValue>
</bind>
</comp>

<comp id="402" class="1001" name="const_402">
<pin_list>
<pin id="403" dir="1" index="0" bw="1" slack="2147483647"/>
</pin_list>
<bind>
<StgValue><ssdm name=""/></StgValue>
</bind>
</comp>

<comp id="404" class="1001" name="const_404">
<pin_list>
<pin id="405" dir="1" index="0" bw="1" slack="2147483647"/>
</pin_list>
<bind>
<StgValue><ssdm name="empty_8"/></StgValue>
</bind>
</comp>

<comp id="406" class="1001" name="const_406">
<pin_list>
<pin id="407" dir="1" index="0" bw="1" slack="2147483647"/>
</pin_list>
<bind>
<StgValue><ssdm name="empty_7"/></StgValue>
</bind>
</comp>

<comp id="408" class="1001" name="const_408">
<pin_list>
<pin id="409" dir="1" index="0" bw="1" slack="2147483647"/>
</pin_list>
<bind>
<StgValue><ssdm name="empty_6"/></StgValue>
</bind>
</comp>

<comp id="410" class="1001" name="const_410">
<pin_list>
<pin id="411" dir="1" index="0" bw="1" slack="2147483647"/>
</pin_list>
<bind>
<StgValue><ssdm name=""/></StgValue>
</bind>
</comp>

<comp id="412" class="1001" name="const_412">
<pin_list>
<pin id="413" dir="1" index="0" bw="1" slack="2147483647"/>
</pin_list>
<bind>
<StgValue><ssdm name=""/></StgValue>
</bind>
</comp>

<comp id="414" class="1001" name="const_414">
<pin_list>
<pin id="415" dir="1" index="0" bw="1" slack="2147483647"/>
</pin_list>
<bind>
<StgValue><ssdm name=""/></StgValue>
</bind>
</comp>

<comp id="416" class="1001" name="const_416">
<pin_list>
<pin id="417" dir="1" index="0" bw="1" slack="2147483647"/>
</pin_list>
<bind>
<StgValue><ssdm name="empty_5"/></StgValue>
</bind>
</comp>

<comp id="418" class="1001" name="const_418">
<pin_list>
<pin id="419" dir="1" index="0" bw="1" slack="2147483647"/>
</pin_list>
<bind>
<StgValue><ssdm name=""/></StgValue>
</bind>
</comp>

<comp id="420" class="1001" name="const_420">
<pin_list>
<pin id="421" dir="1" index="0" bw="1" slack="2147483647"/>
</pin_list>
<bind>
<StgValue><ssdm name="empty_4"/></StgValue>
</bind>
</comp>

<comp id="422" class="1001" name="const_422">
<pin_list>
<pin id="423" dir="1" index="0" bw="1" slack="2147483647"/>
</pin_list>
<bind>
<StgValue><ssdm name="empty_3"/></StgValue>
</bind>
</comp>

<comp id="424" class="1001" name="const_424">
<pin_list>
<pin id="425" dir="1" index="0" bw="1" slack="2147483647"/>
</pin_list>
<bind>
<StgValue><ssdm name="empty_2"/></StgValue>
</bind>
</comp>

<comp id="426" class="1001" name="const_426">
<pin_list>
<pin id="427" dir="1" index="0" bw="1" slack="2147483647"/>
</pin_list>
<bind>
<StgValue><ssdm name="empty_0"/></StgValue>
</bind>
</comp>

<comp id="428" class="1001" name="const_428">
<pin_list>
<pin id="429" dir="1" index="0" bw="1" slack="2147483647"/>
</pin_list>
<bind>
<StgValue><ssdm name="empty_17"/></StgValue>
</bind>
</comp>

<comp id="430" class="1001" name="const_430">
<pin_list>
<pin id="431" dir="1" index="0" bw="1" slack="2147483647"/>
</pin_list>
<bind>
<StgValue><ssdm name="empty_20"/></StgValue>
</bind>
</comp>

<comp id="432" class="1001" name="const_432">
<pin_list>
<pin id="433" dir="1" index="0" bw="1" slack="2147483647"/>
</pin_list>
<bind>
<StgValue><ssdm name="empty_9"/></StgValue>
</bind>
</comp>

<comp id="434" class="1001" name="const_434">
<pin_list>
<pin id="435" dir="1" index="0" bw="1" slack="2147483647"/>
</pin_list>
<bind>
<StgValue><ssdm name="empty_16"/></StgValue>
</bind>
</comp>

<comp id="436" class="1001" name="const_436">
<pin_list>
<pin id="437" dir="1" index="0" bw="1" slack="2147483647"/>
</pin_list>
<bind>
<StgValue><ssdm name="empty_15"/></StgValue>
</bind>
</comp>

<comp id="438" class="1001" name="const_438">
<pin_list>
<pin id="439" dir="1" index="0" bw="1" slack="2147483647"/>
</pin_list>
<bind>
<StgValue><ssdm name="empty_14"/></StgValue>
</bind>
</comp>

<comp id="440" class="1001" name="const_440">
<pin_list>
<pin id="441" dir="1" index="0" bw="1" slack="2147483647"/>
</pin_list>
<bind>
<StgValue><ssdm name="empty_13"/></StgValue>
</bind>
</comp>

<comp id="442" class="1001" name="const_442">
<pin_list>
<pin id="443" dir="1" index="0" bw="1" slack="2147483647"/>
</pin_list>
<bind>
<StgValue><ssdm name="empty_12"/></StgValue>
</bind>
</comp>

<comp id="444" class="1001" name="const_444">
<pin_list>
<pin id="445" dir="1" index="0" bw="1" slack="0"/>
</pin_list>
<bind>
<StgValue><ssdm name=""/></StgValue>
</bind>
</comp>

<comp id="446" class="1001" name="const_446">
<pin_list>
<pin id="447" dir="1" index="0" bw="1" slack="0"/>
</pin_list>
<bind>
<StgValue><ssdm name=""/></StgValue>
</bind>
</comp>

<comp id="448" class="1001" name="const_448">
<pin_list>
<pin id="449" dir="1" index="0" bw="1" slack="2147483647"/>
</pin_list>
<bind>
<StgValue><ssdm name="_ssdm_op_SpecLoopName"/></StgValue>
</bind>
</comp>

<comp id="450" class="1001" name="const_450">
<pin_list>
<pin id="451" dir="1" index="0" bw="1" slack="2147483647"/>
</pin_list>
<bind>
<StgValue><ssdm name="VITIS_LOOP_312_1_VITIS_LOOP_313_2_str"/></StgValue>
</bind>
</comp>

<comp id="452" class="1001" name="const_452">
<pin_list>
<pin id="453" dir="1" index="0" bw="1" slack="2147483647"/>
</pin_list>
<bind>
<StgValue><ssdm name="_ssdm_op_SpecLoopTripCount"/></StgValue>
</bind>
</comp>

<comp id="454" class="1001" name="const_454">
<pin_list>
<pin id="455" dir="1" index="0" bw="1" slack="2147483647"/>
</pin_list>
<bind>
<StgValue><ssdm name=""/></StgValue>
</bind>
</comp>

<comp id="456" class="1001" name="const_456">
<pin_list>
<pin id="457" dir="1" index="0" bw="1" slack="2147483647"/>
</pin_list>
<bind>
<StgValue><ssdm name=""/></StgValue>
</bind>
</comp>

<comp id="458" class="1001" name="const_458">
<pin_list>
<pin id="459" dir="1" index="0" bw="1" slack="2147483647"/>
</pin_list>
<bind>
<StgValue><ssdm name=""/></StgValue>
</bind>
</comp>

<comp id="460" class="1001" name="const_460">
<pin_list>
<pin id="461" dir="1" index="0" bw="1" slack="0"/>
</pin_list>
<bind>
<StgValue><ssdm name="_ssdm_op_BitConcatenate.i32.i29.i3"/></StgValue>
</bind>
</comp>

<comp id="462" class="1001" name="const_462">
<pin_list>
<pin id="463" dir="1" index="0" bw="1" slack="0"/>
</pin_list>
<bind>
<StgValue><ssdm name=""/></StgValue>
</bind>
</comp>

<comp id="464" class="1001" name="const_464">
<pin_list>
<pin id="465" dir="1" index="0" bw="1" slack="0"/>
</pin_list>
<bind>
<StgValue><ssdm name="_ssdm_op_BitConcatenate.i16.i13.i3"/></StgValue>
</bind>
</comp>

<comp id="466" class="1001" name="const_466">
<pin_list>
<pin id="467" dir="1" index="0" bw="1" slack="2147483647"/>
</pin_list>
<bind>
<StgValue><ssdm name=""/></StgValue>
</bind>
</comp>

<comp id="468" class="1001" name="const_468">
<pin_list>
<pin id="469" dir="1" index="0" bw="1" slack="2147483647"/>
</pin_list>
<bind>
<StgValue><ssdm name=""/></StgValue>
</bind>
</comp>

<comp id="470" class="1001" name="const_470">
<pin_list>
<pin id="471" dir="1" index="0" bw="1" slack="0"/>
</pin_list>
<bind>
<StgValue><ssdm name=""/></StgValue>
</bind>
</comp>

<comp id="472" class="1001" name="const_472">
<pin_list>
<pin id="473" dir="1" index="0" bw="1" slack="0"/>
</pin_list>
<bind>
<StgValue><ssdm name=""/></StgValue>
</bind>
</comp>

<comp id="474" class="1001" name="const_474">
<pin_list>
<pin id="475" dir="1" index="0" bw="1" slack="0"/>
</pin_list>
<bind>
<StgValue><ssdm name=""/></StgValue>
</bind>
</comp>

<comp id="476" class="1001" name="const_476">
<pin_list>
<pin id="477" dir="1" index="0" bw="1" slack="0"/>
</pin_list>
<bind>
<StgValue><ssdm name=""/></StgValue>
</bind>
</comp>

<comp id="478" class="1001" name="const_478">
<pin_list>
<pin id="479" dir="1" index="0" bw="1" slack="0"/>
</pin_list>
<bind>
<StgValue><ssdm name=""/></StgValue>
</bind>
</comp>

<comp id="480" class="1001" name="const_480">
<pin_list>
<pin id="481" dir="1" index="0" bw="1" slack="0"/>
</pin_list>
<bind>
<StgValue><ssdm name=""/></StgValue>
</bind>
</comp>

<comp id="482" class="1001" name="const_482">
<pin_list>
<pin id="483" dir="1" index="0" bw="1" slack="0"/>
</pin_list>
<bind>
<StgValue><ssdm name=""/></StgValue>
</bind>
</comp>

<comp id="484" class="1001" name="const_484">
<pin_list>
<pin id="485" dir="1" index="0" bw="1" slack="0"/>
</pin_list>
<bind>
<StgValue><ssdm name="mxm_execute_ursa_Pipeline_VITIS_LOOP_341_4"/></StgValue>
</bind>
</comp>

<comp id="486" class="1001" name="const_486">
<pin_list>
<pin id="487" dir="1" index="0" bw="1" slack="0"/>
</pin_list>
<bind>
<StgValue><ssdm name="mxm_execute_ursa_Pipeline_VITIS_LOOP_361_6"/></StgValue>
</bind>
</comp>

<comp id="488" class="1001" name="const_488">
<pin_list>
<pin id="489" dir="1" index="0" bw="1" slack="2147483647"/>
</pin_list>
<bind>
<StgValue><ssdm name="empty_19"/></StgValue>
</bind>
</comp>

<comp id="490" class="1001" name="const_490">
<pin_list>
<pin id="491" dir="1" index="0" bw="1" slack="0"/>
</pin_list>
<bind>
<StgValue><ssdm name="mxm_execute_ursa_Pipeline_VITIS_LOOP_382_7"/></StgValue>
</bind>
</comp>

<comp id="492" class="1004" name="j_fu_492">
<pin_list>
<pin id="493" dir="0" index="0" bw="1" slack="0"/>
<pin id="494" dir="1" index="1" bw="14" slack="0"/>
</pin_list>
<bind>
<opcode="alloca(26) " fcode="alloca"/>
<opset="j/1 "/>
</bind>
</comp>

<comp id="496" class="1004" name="i_fu_496">
<pin_list>
<pin id="497" dir="0" index="0" bw="1" slack="0"/>
<pin id="498" dir="1" index="1" bw="14" slack="0"/>
</pin_list>
<bind>
<opcode="alloca(26) " fcode="alloca"/>
<opset="i/1 "/>
</bind>
</comp>

<comp id="500" class="1004" name="indvar_flatten_fu_500">
<pin_list>
<pin id="501" dir="0" index="0" bw="1" slack="0"/>
<pin id="502" dir="1" index="1" bw="27" slack="0"/>
</pin_list>
<bind>
<opcode="alloca(26) " fcode="alloca"/>
<opset="indvar_flatten/1 "/>
</bind>
</comp>

<comp id="504" class="1004" name="mxm_execute_ursa_signed_char_unsigned_short_unsigned_char_unsigned_short_i_287_fu_504">
<pin_list>
<pin id="505" dir="0" index="0" bw="1" slack="0"/>
<pin id="506" dir="1" index="1" bw="8" slack="0"/>
</pin_list>
<bind>
<opcode="alloca(26) " fcode="alloca"/>
<opset="mxm_execute_ursa_signed_char_unsigned_short_unsigned_char_unsigned_short_i_287/1 "/>
</bind>
</comp>

<comp id="508" class="1004" name="mxm_execute_ursa_signed_char_unsigned_short_unsigned_char_unsigned_short_i_286_fu_508">
<pin_list>
<pin id="509" dir="0" index="0" bw="1" slack="0"/>
<pin id="510" dir="1" index="1" bw="8" slack="0"/>
</pin_list>
<bind>
<opcode="alloca(26) " fcode="alloca"/>
<opset="mxm_execute_ursa_signed_char_unsigned_short_unsigned_char_unsigned_short_i_286/1 "/>
</bind>
</comp>

<comp id="512" class="1004" name="mxm_execute_ursa_signed_char_unsigned_short_unsigned_char_unsigned_short_i_285_fu_512">
<pin_list>
<pin id="513" dir="0" index="0" bw="1" slack="0"/>
<pin id="514" dir="1" index="1" bw="8" slack="0"/>
</pin_list>
<bind>
<opcode="alloca(26) " fcode="alloca"/>
<opset="mxm_execute_ursa_signed_char_unsigned_short_unsigned_char_unsigned_short_i_285/1 "/>
</bind>
</comp>

<comp id="516" class="1004" name="mxm_execute_ursa_signed_char_unsigned_short_unsigned_char_unsigned_short_i_284_fu_516">
<pin_list>
<pin id="517" dir="0" index="0" bw="1" slack="0"/>
<pin id="518" dir="1" index="1" bw="8" slack="0"/>
</pin_list>
<bind>
<opcode="alloca(26) " fcode="alloca"/>
<opset="mxm_execute_ursa_signed_char_unsigned_short_unsigned_char_unsigned_short_i_284/1 "/>
</bind>
</comp>

<comp id="520" class="1004" name="mxm_execute_ursa_signed_char_unsigned_short_unsigned_char_unsigned_short_i_283_fu_520">
<pin_list>
<pin id="521" dir="0" index="0" bw="1" slack="0"/>
<pin id="522" dir="1" index="1" bw="8" slack="0"/>
</pin_list>
<bind>
<opcode="alloca(26) " fcode="alloca"/>
<opset="mxm_execute_ursa_signed_char_unsigned_short_unsigned_char_unsigned_short_i_283/1 "/>
</bind>
</comp>

<comp id="524" class="1004" name="mxm_execute_ursa_signed_char_unsigned_short_unsigned_char_unsigned_short_i_282_fu_524">
<pin_list>
<pin id="525" dir="0" index="0" bw="1" slack="0"/>
<pin id="526" dir="1" index="1" bw="8" slack="0"/>
</pin_list>
<bind>
<opcode="alloca(26) " fcode="alloca"/>
<opset="mxm_execute_ursa_signed_char_unsigned_short_unsigned_char_unsigned_short_i_282/1 "/>
</bind>
</comp>

<comp id="528" class="1004" name="mxm_execute_ursa_signed_char_unsigned_short_unsigned_char_unsigned_short_i_281_fu_528">
<pin_list>
<pin id="529" dir="0" index="0" bw="1" slack="0"/>
<pin id="530" dir="1" index="1" bw="8" slack="0"/>
</pin_list>
<bind>
<opcode="alloca(26) " fcode="alloca"/>
<opset="mxm_execute_ursa_signed_char_unsigned_short_unsigned_char_unsigned_short_i_281/1 "/>
</bind>
</comp>

<comp id="532" class="1004" name="mxm_execute_ursa_signed_char_unsigned_short_unsigned_char_unsigned_short_i_280_fu_532">
<pin_list>
<pin id="533" dir="0" index="0" bw="1" slack="0"/>
<pin id="534" dir="1" index="1" bw="8" slack="0"/>
</pin_list>
<bind>
<opcode="alloca(26) " fcode="alloca"/>
<opset="mxm_execute_ursa_signed_char_unsigned_short_unsigned_char_unsigned_short_i_280/1 "/>
</bind>
</comp>

<comp id="536" class="1004" name="mxm_execute_ursa_signed_char_unsigned_short_unsigned_char_unsigned_short_i_279_fu_536">
<pin_list>
<pin id="537" dir="0" index="0" bw="1" slack="0"/>
<pin id="538" dir="1" index="1" bw="8" slack="0"/>
</pin_list>
<bind>
<opcode="alloca(26) " fcode="alloca"/>
<opset="mxm_execute_ursa_signed_char_unsigned_short_unsigned_char_unsigned_short_i_279/1 "/>
</bind>
</comp>

<comp id="540" class="1004" name="mxm_execute_ursa_signed_char_unsigned_short_unsigned_char_unsigned_short_i_278_fu_540">
<pin_list>
<pin id="541" dir="0" index="0" bw="1" slack="0"/>
<pin id="542" dir="1" index="1" bw="8" slack="0"/>
</pin_list>
<bind>
<opcode="alloca(26) " fcode="alloca"/>
<opset="mxm_execute_ursa_signed_char_unsigned_short_unsigned_char_unsigned_short_i_278/1 "/>
</bind>
</comp>

<comp id="544" class="1004" name="mxm_execute_ursa_signed_char_unsigned_short_unsigned_char_unsigned_short_i_277_fu_544">
<pin_list>
<pin id="545" dir="0" index="0" bw="1" slack="0"/>
<pin id="546" dir="1" index="1" bw="8" slack="0"/>
</pin_list>
<bind>
<opcode="alloca(26) " fcode="alloca"/>
<opset="mxm_execute_ursa_signed_char_unsigned_short_unsigned_char_unsigned_short_i_277/1 "/>
</bind>
</comp>

<comp id="548" class="1004" name="mxm_execute_ursa_signed_char_unsigned_short_unsigned_char_unsigned_short_i_276_fu_548">
<pin_list>
<pin id="549" dir="0" index="0" bw="1" slack="0"/>
<pin id="550" dir="1" index="1" bw="8" slack="0"/>
</pin_list>
<bind>
<opcode="alloca(26) " fcode="alloca"/>
<opset="mxm_execute_ursa_signed_char_unsigned_short_unsigned_char_unsigned_short_i_276/1 "/>
</bind>
</comp>

<comp id="552" class="1004" name="mxm_execute_ursa_signed_char_unsigned_short_unsigned_char_unsigned_short_i_275_fu_552">
<pin_list>
<pin id="553" dir="0" index="0" bw="1" slack="0"/>
<pin id="554" dir="1" index="1" bw="8" slack="0"/>
</pin_list>
<bind>
<opcode="alloca(26) " fcode="alloca"/>
<opset="mxm_execute_ursa_signed_char_unsigned_short_unsigned_char_unsigned_short_i_275/1 "/>
</bind>
</comp>

<comp id="556" class="1004" name="mxm_execute_ursa_signed_char_unsigned_short_unsigned_char_unsigned_short_i_274_fu_556">
<pin_list>
<pin id="557" dir="0" index="0" bw="1" slack="0"/>
<pin id="558" dir="1" index="1" bw="8" slack="0"/>
</pin_list>
<bind>
<opcode="alloca(26) " fcode="alloca"/>
<opset="mxm_execute_ursa_signed_char_unsigned_short_unsigned_char_unsigned_short_i_274/1 "/>
</bind>
</comp>

<comp id="560" class="1004" name="mxm_execute_ursa_signed_char_unsigned_short_unsigned_char_unsigned_short_i_273_fu_560">
<pin_list>
<pin id="561" dir="0" index="0" bw="1" slack="0"/>
<pin id="562" dir="1" index="1" bw="8" slack="0"/>
</pin_list>
<bind>
<opcode="alloca(26) " fcode="alloca"/>
<opset="mxm_execute_ursa_signed_char_unsigned_short_unsigned_char_unsigned_short_i_273/1 "/>
</bind>
</comp>

<comp id="564" class="1004" name="mxm_execute_ursa_signed_char_unsigned_short_unsigned_char_unsigned_short_i_272_fu_564">
<pin_list>
<pin id="565" dir="0" index="0" bw="1" slack="0"/>
<pin id="566" dir="1" index="1" bw="8" slack="0"/>
</pin_list>
<bind>
<opcode="alloca(26) " fcode="alloca"/>
<opset="mxm_execute_ursa_signed_char_unsigned_short_unsigned_char_unsigned_short_i_272/1 "/>
</bind>
</comp>

<comp id="568" class="1004" name="mxm_execute_ursa_signed_char_unsigned_short_unsigned_char_unsigned_short_i_271_fu_568">
<pin_list>
<pin id="569" dir="0" index="0" bw="1" slack="0"/>
<pin id="570" dir="1" index="1" bw="8" slack="0"/>
</pin_list>
<bind>
<opcode="alloca(26) " fcode="alloca"/>
<opset="mxm_execute_ursa_signed_char_unsigned_short_unsigned_char_unsigned_short_i_271/1 "/>
</bind>
</comp>

<comp id="572" class="1004" name="mxm_execute_ursa_signed_char_unsigned_short_unsigned_char_unsigned_short_i_270_fu_572">
<pin_list>
<pin id="573" dir="0" index="0" bw="1" slack="0"/>
<pin id="574" dir="1" index="1" bw="8" slack="0"/>
</pin_list>
<bind>
<opcode="alloca(26) " fcode="alloca"/>
<opset="mxm_execute_ursa_signed_char_unsigned_short_unsigned_char_unsigned_short_i_270/1 "/>
</bind>
</comp>

<comp id="576" class="1004" name="mxm_execute_ursa_signed_char_unsigned_short_unsigned_char_unsigned_short_i_269_fu_576">
<pin_list>
<pin id="577" dir="0" index="0" bw="1" slack="0"/>
<pin id="578" dir="1" index="1" bw="8" slack="0"/>
</pin_list>
<bind>
<opcode="alloca(26) " fcode="alloca"/>
<opset="mxm_execute_ursa_signed_char_unsigned_short_unsigned_char_unsigned_short_i_269/1 "/>
</bind>
</comp>

<comp id="580" class="1004" name="mxm_execute_ursa_signed_char_unsigned_short_unsigned_char_unsigned_short_i_268_fu_580">
<pin_list>
<pin id="581" dir="0" index="0" bw="1" slack="0"/>
<pin id="582" dir="1" index="1" bw="8" slack="0"/>
</pin_list>
<bind>
<opcode="alloca(26) " fcode="alloca"/>
<opset="mxm_execute_ursa_signed_char_unsigned_short_unsigned_char_unsigned_short_i_268/1 "/>
</bind>
</comp>

<comp id="584" class="1004" name="mxm_execute_ursa_signed_char_unsigned_short_unsigned_char_unsigned_short_i_267_fu_584">
<pin_list>
<pin id="585" dir="0" index="0" bw="1" slack="0"/>
<pin id="586" dir="1" index="1" bw="8" slack="0"/>
</pin_list>
<bind>
<opcode="alloca(26) " fcode="alloca"/>
<opset="mxm_execute_ursa_signed_char_unsigned_short_unsigned_char_unsigned_short_i_267/1 "/>
</bind>
</comp>

<comp id="588" class="1004" name="mxm_execute_ursa_signed_char_unsigned_short_unsigned_char_unsigned_short_i_266_fu_588">
<pin_list>
<pin id="589" dir="0" index="0" bw="1" slack="0"/>
<pin id="590" dir="1" index="1" bw="8" slack="0"/>
</pin_list>
<bind>
<opcode="alloca(26) " fcode="alloca"/>
<opset="mxm_execute_ursa_signed_char_unsigned_short_unsigned_char_unsigned_short_i_266/1 "/>
</bind>
</comp>

<comp id="592" class="1004" name="mxm_execute_ursa_signed_char_unsigned_short_unsigned_char_unsigned_short_i_265_fu_592">
<pin_list>
<pin id="593" dir="0" index="0" bw="1" slack="0"/>
<pin id="594" dir="1" index="1" bw="8" slack="0"/>
</pin_list>
<bind>
<opcode="alloca(26) " fcode="alloca"/>
<opset="mxm_execute_ursa_signed_char_unsigned_short_unsigned_char_unsigned_short_i_265/1 "/>
</bind>
</comp>

<comp id="596" class="1004" name="mxm_execute_ursa_signed_char_unsigned_short_unsigned_char_unsigned_short_i_264_fu_596">
<pin_list>
<pin id="597" dir="0" index="0" bw="1" slack="0"/>
<pin id="598" dir="1" index="1" bw="8" slack="0"/>
</pin_list>
<bind>
<opcode="alloca(26) " fcode="alloca"/>
<opset="mxm_execute_ursa_signed_char_unsigned_short_unsigned_char_unsigned_short_i_264/1 "/>
</bind>
</comp>

<comp id="600" class="1004" name="mxm_execute_ursa_signed_char_unsigned_short_unsigned_char_unsigned_short_i_263_fu_600">
<pin_list>
<pin id="601" dir="0" index="0" bw="1" slack="0"/>
<pin id="602" dir="1" index="1" bw="8" slack="0"/>
</pin_list>
<bind>
<opcode="alloca(26) " fcode="alloca"/>
<opset="mxm_execute_ursa_signed_char_unsigned_short_unsigned_char_unsigned_short_i_263/1 "/>
</bind>
</comp>

<comp id="604" class="1004" name="mxm_execute_ursa_signed_char_unsigned_short_unsigned_char_unsigned_short_i_262_fu_604">
<pin_list>
<pin id="605" dir="0" index="0" bw="1" slack="0"/>
<pin id="606" dir="1" index="1" bw="8" slack="0"/>
</pin_list>
<bind>
<opcode="alloca(26) " fcode="alloca"/>
<opset="mxm_execute_ursa_signed_char_unsigned_short_unsigned_char_unsigned_short_i_262/1 "/>
</bind>
</comp>

<comp id="608" class="1004" name="mxm_execute_ursa_signed_char_unsigned_short_unsigned_char_unsigned_short_i_261_fu_608">
<pin_list>
<pin id="609" dir="0" index="0" bw="1" slack="0"/>
<pin id="610" dir="1" index="1" bw="8" slack="0"/>
</pin_list>
<bind>
<opcode="alloca(26) " fcode="alloca"/>
<opset="mxm_execute_ursa_signed_char_unsigned_short_unsigned_char_unsigned_short_i_261/1 "/>
</bind>
</comp>

<comp id="612" class="1004" name="mxm_execute_ursa_signed_char_unsigned_short_unsigned_char_unsigned_short_i_260_fu_612">
<pin_list>
<pin id="613" dir="0" index="0" bw="1" slack="0"/>
<pin id="614" dir="1" index="1" bw="8" slack="0"/>
</pin_list>
<bind>
<opcode="alloca(26) " fcode="alloca"/>
<opset="mxm_execute_ursa_signed_char_unsigned_short_unsigned_char_unsigned_short_i_260/1 "/>
</bind>
</comp>

<comp id="616" class="1004" name="mxm_execute_ursa_signed_char_unsigned_short_unsigned_char_unsigned_short_i_259_fu_616">
<pin_list>
<pin id="617" dir="0" index="0" bw="1" slack="0"/>
<pin id="618" dir="1" index="1" bw="8" slack="0"/>
</pin_list>
<bind>
<opcode="alloca(26) " fcode="alloca"/>
<opset="mxm_execute_ursa_signed_char_unsigned_short_unsigned_char_unsigned_short_i_259/1 "/>
</bind>
</comp>

<comp id="620" class="1004" name="mxm_execute_ursa_signed_char_unsigned_short_unsigned_char_unsigned_short_i_258_fu_620">
<pin_list>
<pin id="621" dir="0" index="0" bw="1" slack="0"/>
<pin id="622" dir="1" index="1" bw="8" slack="0"/>
</pin_list>
<bind>
<opcode="alloca(26) " fcode="alloca"/>
<opset="mxm_execute_ursa_signed_char_unsigned_short_unsigned_char_unsigned_short_i_258/1 "/>
</bind>
</comp>

<comp id="624" class="1004" name="mxm_execute_ursa_signed_char_unsigned_short_unsigned_char_unsigned_short_i_257_fu_624">
<pin_list>
<pin id="625" dir="0" index="0" bw="1" slack="0"/>
<pin id="626" dir="1" index="1" bw="8" slack="0"/>
</pin_list>
<bind>
<opcode="alloca(26) " fcode="alloca"/>
<opset="mxm_execute_ursa_signed_char_unsigned_short_unsigned_char_unsigned_short_i_257/1 "/>
</bind>
</comp>

<comp id="628" class="1004" name="mxm_execute_ursa_signed_char_unsigned_short_unsigned_char_unsigned_short_i_256_fu_628">
<pin_list>
<pin id="629" dir="0" index="0" bw="1" slack="0"/>
<pin id="630" dir="1" index="1" bw="8" slack="0"/>
</pin_list>
<bind>
<opcode="alloca(26) " fcode="alloca"/>
<opset="mxm_execute_ursa_signed_char_unsigned_short_unsigned_char_unsigned_short_i_256/1 "/>
</bind>
</comp>

<comp id="632" class="1004" name="mxm_execute_ursa_signed_char_unsigned_short_unsigned_char_unsigned_short_i_255_fu_632">
<pin_list>
<pin id="633" dir="0" index="0" bw="1" slack="0"/>
<pin id="634" dir="1" index="1" bw="8" slack="0"/>
</pin_list>
<bind>
<opcode="alloca(26) " fcode="alloca"/>
<opset="mxm_execute_ursa_signed_char_unsigned_short_unsigned_char_unsigned_short_i_255/1 "/>
</bind>
</comp>

<comp id="636" class="1004" name="mxm_execute_ursa_signed_char_unsigned_short_unsigned_char_unsigned_short_i_254_fu_636">
<pin_list>
<pin id="637" dir="0" index="0" bw="1" slack="0"/>
<pin id="638" dir="1" index="1" bw="8" slack="0"/>
</pin_list>
<bind>
<opcode="alloca(26) " fcode="alloca"/>
<opset="mxm_execute_ursa_signed_char_unsigned_short_unsigned_char_unsigned_short_i_254/1 "/>
</bind>
</comp>

<comp id="640" class="1004" name="mxm_execute_ursa_signed_char_unsigned_short_unsigned_char_unsigned_short_i_253_fu_640">
<pin_list>
<pin id="641" dir="0" index="0" bw="1" slack="0"/>
<pin id="642" dir="1" index="1" bw="8" slack="0"/>
</pin_list>
<bind>
<opcode="alloca(26) " fcode="alloca"/>
<opset="mxm_execute_ursa_signed_char_unsigned_short_unsigned_char_unsigned_short_i_253/1 "/>
</bind>
</comp>

<comp id="644" class="1004" name="mxm_execute_ursa_signed_char_unsigned_short_unsigned_char_unsigned_short_i_252_fu_644">
<pin_list>
<pin id="645" dir="0" index="0" bw="1" slack="0"/>
<pin id="646" dir="1" index="1" bw="8" slack="0"/>
</pin_list>
<bind>
<opcode="alloca(26) " fcode="alloca"/>
<opset="mxm_execute_ursa_signed_char_unsigned_short_unsigned_char_unsigned_short_i_252/1 "/>
</bind>
</comp>

<comp id="648" class="1004" name="mxm_execute_ursa_signed_char_unsigned_short_unsigned_char_unsigned_short_i_251_fu_648">
<pin_list>
<pin id="649" dir="0" index="0" bw="1" slack="0"/>
<pin id="650" dir="1" index="1" bw="8" slack="0"/>
</pin_list>
<bind>
<opcode="alloca(26) " fcode="alloca"/>
<opset="mxm_execute_ursa_signed_char_unsigned_short_unsigned_char_unsigned_short_i_251/1 "/>
</bind>
</comp>

<comp id="652" class="1004" name="mxm_execute_ursa_signed_char_unsigned_short_unsigned_char_unsigned_short_i_539_fu_652">
<pin_list>
<pin id="653" dir="0" index="0" bw="1" slack="0"/>
<pin id="654" dir="1" index="1" bw="8" slack="0"/>
</pin_list>
<bind>
<opcode="alloca(26) " fcode="alloca"/>
<opset="mxm_execute_ursa_signed_char_unsigned_short_unsigned_char_unsigned_short_i_539/1 "/>
</bind>
</comp>

<comp id="656" class="1004" name="mxm_execute_ursa_signed_char_unsigned_short_unsigned_char_unsigned_short_i_540_fu_656">
<pin_list>
<pin id="657" dir="0" index="0" bw="1" slack="0"/>
<pin id="658" dir="1" index="1" bw="8" slack="0"/>
</pin_list>
<bind>
<opcode="alloca(26) " fcode="alloca"/>
<opset="mxm_execute_ursa_signed_char_unsigned_short_unsigned_char_unsigned_short_i_540/1 "/>
</bind>
</comp>

<comp id="660" class="1004" name="mxm_execute_ursa_signed_char_unsigned_short_unsigned_char_unsigned_short_i_541_fu_660">
<pin_list>
<pin id="661" dir="0" index="0" bw="1" slack="0"/>
<pin id="662" dir="1" index="1" bw="8" slack="0"/>
</pin_list>
<bind>
<opcode="alloca(26) " fcode="alloca"/>
<opset="mxm_execute_ursa_signed_char_unsigned_short_unsigned_char_unsigned_short_i_541/1 "/>
</bind>
</comp>

<comp id="664" class="1004" name="mxm_execute_ursa_signed_char_unsigned_short_unsigned_char_unsigned_short_i_542_fu_664">
<pin_list>
<pin id="665" dir="0" index="0" bw="1" slack="0"/>
<pin id="666" dir="1" index="1" bw="8" slack="0"/>
</pin_list>
<bind>
<opcode="alloca(26) " fcode="alloca"/>
<opset="mxm_execute_ursa_signed_char_unsigned_short_unsigned_char_unsigned_short_i_542/1 "/>
</bind>
</comp>

<comp id="668" class="1004" name="mxm_execute_ursa_signed_char_unsigned_short_unsigned_char_unsigned_short_i_543_fu_668">
<pin_list>
<pin id="669" dir="0" index="0" bw="1" slack="0"/>
<pin id="670" dir="1" index="1" bw="8" slack="0"/>
</pin_list>
<bind>
<opcode="alloca(26) " fcode="alloca"/>
<opset="mxm_execute_ursa_signed_char_unsigned_short_unsigned_char_unsigned_short_i_543/1 "/>
</bind>
</comp>

<comp id="672" class="1004" name="mxm_execute_ursa_signed_char_unsigned_short_unsigned_char_unsigned_short_i_544_fu_672">
<pin_list>
<pin id="673" dir="0" index="0" bw="1" slack="0"/>
<pin id="674" dir="1" index="1" bw="8" slack="0"/>
</pin_list>
<bind>
<opcode="alloca(26) " fcode="alloca"/>
<opset="mxm_execute_ursa_signed_char_unsigned_short_unsigned_char_unsigned_short_i_544/1 "/>
</bind>
</comp>

<comp id="676" class="1004" name="mxm_execute_ursa_signed_char_unsigned_short_unsigned_char_unsigned_short_i_545_fu_676">
<pin_list>
<pin id="677" dir="0" index="0" bw="1" slack="0"/>
<pin id="678" dir="1" index="1" bw="8" slack="0"/>
</pin_list>
<bind>
<opcode="alloca(26) " fcode="alloca"/>
<opset="mxm_execute_ursa_signed_char_unsigned_short_unsigned_char_unsigned_short_i_545/1 "/>
</bind>
</comp>

<comp id="680" class="1004" name="mxm_execute_ursa_signed_char_unsigned_short_unsigned_char_unsigned_short_i_546_fu_680">
<pin_list>
<pin id="681" dir="0" index="0" bw="1" slack="0"/>
<pin id="682" dir="1" index="1" bw="8" slack="0"/>
</pin_list>
<bind>
<opcode="alloca(26) " fcode="alloca"/>
<opset="mxm_execute_ursa_signed_char_unsigned_short_unsigned_char_unsigned_short_i_546/1 "/>
</bind>
</comp>

<comp id="684" class="1004" name="mxm_execute_ursa_signed_char_unsigned_short_unsigned_char_unsigned_short_i_547_fu_684">
<pin_list>
<pin id="685" dir="0" index="0" bw="1" slack="0"/>
<pin id="686" dir="1" index="1" bw="8" slack="0"/>
</pin_list>
<bind>
<opcode="alloca(26) " fcode="alloca"/>
<opset="mxm_execute_ursa_signed_char_unsigned_short_unsigned_char_unsigned_short_i_547/1 "/>
</bind>
</comp>

<comp id="688" class="1004" name="mxm_execute_ursa_signed_char_unsigned_short_unsigned_char_unsigned_short_i_548_fu_688">
<pin_list>
<pin id="689" dir="0" index="0" bw="1" slack="0"/>
<pin id="690" dir="1" index="1" bw="8" slack="0"/>
</pin_list>
<bind>
<opcode="alloca(26) " fcode="alloca"/>
<opset="mxm_execute_ursa_signed_char_unsigned_short_unsigned_char_unsigned_short_i_548/1 "/>
</bind>
</comp>

<comp id="692" class="1004" name="mxm_execute_ursa_signed_char_unsigned_short_unsigned_char_unsigned_short_i_549_fu_692">
<pin_list>
<pin id="693" dir="0" index="0" bw="1" slack="0"/>
<pin id="694" dir="1" index="1" bw="8" slack="0"/>
</pin_list>
<bind>
<opcode="alloca(26) " fcode="alloca"/>
<opset="mxm_execute_ursa_signed_char_unsigned_short_unsigned_char_unsigned_short_i_549/1 "/>
</bind>
</comp>

<comp id="696" class="1004" name="mxm_execute_ursa_signed_char_unsigned_short_unsigned_char_unsigned_short_i_550_fu_696">
<pin_list>
<pin id="697" dir="0" index="0" bw="1" slack="0"/>
<pin id="698" dir="1" index="1" bw="8" slack="0"/>
</pin_list>
<bind>
<opcode="alloca(26) " fcode="alloca"/>
<opset="mxm_execute_ursa_signed_char_unsigned_short_unsigned_char_unsigned_short_i_550/1 "/>
</bind>
</comp>

<comp id="700" class="1004" name="mxm_execute_ursa_signed_char_unsigned_short_unsigned_char_unsigned_short_i_551_fu_700">
<pin_list>
<pin id="701" dir="0" index="0" bw="1" slack="0"/>
<pin id="702" dir="1" index="1" bw="8" slack="0"/>
</pin_list>
<bind>
<opcode="alloca(26) " fcode="alloca"/>
<opset="mxm_execute_ursa_signed_char_unsigned_short_unsigned_char_unsigned_short_i_551/1 "/>
</bind>
</comp>

<comp id="704" class="1004" name="mxm_execute_ursa_signed_char_unsigned_short_unsigned_char_unsigned_short_i_552_fu_704">
<pin_list>
<pin id="705" dir="0" index="0" bw="1" slack="0"/>
<pin id="706" dir="1" index="1" bw="8" slack="0"/>
</pin_list>
<bind>
<opcode="alloca(26) " fcode="alloca"/>
<opset="mxm_execute_ursa_signed_char_unsigned_short_unsigned_char_unsigned_short_i_552/1 "/>
</bind>
</comp>

<comp id="708" class="1004" name="mxm_execute_ursa_signed_char_unsigned_short_unsigned_char_unsigned_short_i_553_fu_708">
<pin_list>
<pin id="709" dir="0" index="0" bw="1" slack="0"/>
<pin id="710" dir="1" index="1" bw="8" slack="0"/>
</pin_list>
<bind>
<opcode="alloca(26) " fcode="alloca"/>
<opset="mxm_execute_ursa_signed_char_unsigned_short_unsigned_char_unsigned_short_i_553/1 "/>
</bind>
</comp>

<comp id="712" class="1004" name="mxm_execute_ursa_signed_char_unsigned_short_unsigned_char_unsigned_short_i_554_fu_712">
<pin_list>
<pin id="713" dir="0" index="0" bw="1" slack="0"/>
<pin id="714" dir="1" index="1" bw="8" slack="0"/>
</pin_list>
<bind>
<opcode="alloca(26) " fcode="alloca"/>
<opset="mxm_execute_ursa_signed_char_unsigned_short_unsigned_char_unsigned_short_i_554/1 "/>
</bind>
</comp>

<comp id="716" class="1004" name="mxm_execute_ursa_signed_char_unsigned_short_unsigned_char_unsigned_short_i_555_fu_716">
<pin_list>
<pin id="717" dir="0" index="0" bw="1" slack="0"/>
<pin id="718" dir="1" index="1" bw="8" slack="0"/>
</pin_list>
<bind>
<opcode="alloca(26) " fcode="alloca"/>
<opset="mxm_execute_ursa_signed_char_unsigned_short_unsigned_char_unsigned_short_i_555/1 "/>
</bind>
</comp>

<comp id="720" class="1004" name="mxm_execute_ursa_signed_char_unsigned_short_unsigned_char_unsigned_short_i_556_fu_720">
<pin_list>
<pin id="721" dir="0" index="0" bw="1" slack="0"/>
<pin id="722" dir="1" index="1" bw="8" slack="0"/>
</pin_list>
<bind>
<opcode="alloca(26) " fcode="alloca"/>
<opset="mxm_execute_ursa_signed_char_unsigned_short_unsigned_char_unsigned_short_i_556/1 "/>
</bind>
</comp>

<comp id="724" class="1004" name="mxm_execute_ursa_signed_char_unsigned_short_unsigned_char_unsigned_short_i_557_fu_724">
<pin_list>
<pin id="725" dir="0" index="0" bw="1" slack="0"/>
<pin id="726" dir="1" index="1" bw="8" slack="0"/>
</pin_list>
<bind>
<opcode="alloca(26) " fcode="alloca"/>
<opset="mxm_execute_ursa_signed_char_unsigned_short_unsigned_char_unsigned_short_i_557/1 "/>
</bind>
</comp>

<comp id="728" class="1004" name="cmp15_i_phi_loc_fu_728">
<pin_list>
<pin id="729" dir="0" index="0" bw="1" slack="0"/>
<pin id="730" dir="1" index="1" bw="1" slack="6"/>
</pin_list>
<bind>
<opcode="alloca(26) " fcode="alloca"/>
<opset="cmp15_i_phi_loc/1 "/>
</bind>
</comp>

<comp id="732" class="1004" name="cmp15_1_i_phi_loc_fu_732">
<pin_list>
<pin id="733" dir="0" index="0" bw="1" slack="0"/>
<pin id="734" dir="1" index="1" bw="1" slack="6"/>
</pin_list>
<bind>
<opcode="alloca(26) " fcode="alloca"/>
<opset="cmp15_1_i_phi_loc/1 "/>
</bind>
</comp>

<comp id="736" class="1004" name="cmp15_2_i_phi_loc_fu_736">
<pin_list>
<pin id="737" dir="0" index="0" bw="1" slack="0"/>
<pin id="738" dir="1" index="1" bw="1" slack="6"/>
</pin_list>
<bind>
<opcode="alloca(26) " fcode="alloca"/>
<opset="cmp15_2_i_phi_loc/1 "/>
</bind>
</comp>

<comp id="740" class="1004" name="cmp15_3_i_phi_loc_fu_740">
<pin_list>
<pin id="741" dir="0" index="0" bw="1" slack="0"/>
<pin id="742" dir="1" index="1" bw="1" slack="6"/>
</pin_list>
<bind>
<opcode="alloca(26) " fcode="alloca"/>
<opset="cmp15_3_i_phi_loc/1 "/>
</bind>
</comp>

<comp id="744" class="1004" name="cmp15_4_i_phi_loc_fu_744">
<pin_list>
<pin id="745" dir="0" index="0" bw="1" slack="0"/>
<pin id="746" dir="1" index="1" bw="1" slack="6"/>
</pin_list>
<bind>
<opcode="alloca(26) " fcode="alloca"/>
<opset="cmp15_4_i_phi_loc/1 "/>
</bind>
</comp>

<comp id="748" class="1004" name="cmp15_5_i_phi_loc_fu_748">
<pin_list>
<pin id="749" dir="0" index="0" bw="1" slack="0"/>
<pin id="750" dir="1" index="1" bw="1" slack="6"/>
</pin_list>
<bind>
<opcode="alloca(26) " fcode="alloca"/>
<opset="cmp15_5_i_phi_loc/1 "/>
</bind>
</comp>

<comp id="752" class="1004" name="cmp15_6_i_phi_loc_fu_752">
<pin_list>
<pin id="753" dir="0" index="0" bw="1" slack="0"/>
<pin id="754" dir="1" index="1" bw="1" slack="6"/>
</pin_list>
<bind>
<opcode="alloca(26) " fcode="alloca"/>
<opset="cmp15_6_i_phi_loc/1 "/>
</bind>
</comp>

<comp id="756" class="1004" name="cmp15_7_i_phi_loc_fu_756">
<pin_list>
<pin id="757" dir="0" index="0" bw="1" slack="0"/>
<pin id="758" dir="1" index="1" bw="1" slack="6"/>
</pin_list>
<bind>
<opcode="alloca(26) " fcode="alloca"/>
<opset="cmp15_7_i_phi_loc/1 "/>
</bind>
</comp>

<comp id="760" class="1004" name="mxm_execute_ursa_signed_char_unsigned_short_unsigned_char_unsigned_short_i_558_fu_760">
<pin_list>
<pin id="761" dir="0" index="0" bw="1" slack="0"/>
<pin id="762" dir="1" index="1" bw="8" slack="6"/>
</pin_list>
<bind>
<opcode="alloca(26) " fcode="alloca"/>
<opset="mxm_execute_ursa_signed_char_unsigned_short_unsigned_char_unsigned_short_i_558/1 "/>
</bind>
</comp>

<comp id="764" class="1004" name="mxm_execute_ursa_signed_char_unsigned_short_unsigned_char_unsigned_short_i_559_fu_764">
<pin_list>
<pin id="765" dir="0" index="0" bw="1" slack="0"/>
<pin id="766" dir="1" index="1" bw="8" slack="6"/>
</pin_list>
<bind>
<opcode="alloca(26) " fcode="alloca"/>
<opset="mxm_execute_ursa_signed_char_unsigned_short_unsigned_char_unsigned_short_i_559/1 "/>
</bind>
</comp>

<comp id="768" class="1004" name="mxm_execute_ursa_signed_char_unsigned_short_unsigned_char_unsigned_short_i_560_fu_768">
<pin_list>
<pin id="769" dir="0" index="0" bw="1" slack="0"/>
<pin id="770" dir="1" index="1" bw="8" slack="6"/>
</pin_list>
<bind>
<opcode="alloca(26) " fcode="alloca"/>
<opset="mxm_execute_ursa_signed_char_unsigned_short_unsigned_char_unsigned_short_i_560/1 "/>
</bind>
</comp>

<comp id="772" class="1004" name="mxm_execute_ursa_signed_char_unsigned_short_unsigned_char_unsigned_short_i_561_fu_772">
<pin_list>
<pin id="773" dir="0" index="0" bw="1" slack="0"/>
<pin id="774" dir="1" index="1" bw="8" slack="6"/>
</pin_list>
<bind>
<opcode="alloca(26) " fcode="alloca"/>
<opset="mxm_execute_ursa_signed_char_unsigned_short_unsigned_char_unsigned_short_i_561/1 "/>
</bind>
</comp>

<comp id="776" class="1004" name="mxm_execute_ursa_signed_char_unsigned_short_unsigned_char_unsigned_short_i_562_fu_776">
<pin_list>
<pin id="777" dir="0" index="0" bw="1" slack="0"/>
<pin id="778" dir="1" index="1" bw="8" slack="6"/>
</pin_list>
<bind>
<opcode="alloca(26) " fcode="alloca"/>
<opset="mxm_execute_ursa_signed_char_unsigned_short_unsigned_char_unsigned_short_i_562/1 "/>
</bind>
</comp>

<comp id="780" class="1004" name="mxm_execute_ursa_signed_char_unsigned_short_unsigned_char_unsigned_short_i_563_fu_780">
<pin_list>
<pin id="781" dir="0" index="0" bw="1" slack="0"/>
<pin id="782" dir="1" index="1" bw="8" slack="6"/>
</pin_list>
<bind>
<opcode="alloca(26) " fcode="alloca"/>
<opset="mxm_execute_ursa_signed_char_unsigned_short_unsigned_char_unsigned_short_i_563/1 "/>
</bind>
</comp>

<comp id="784" class="1004" name="mxm_execute_ursa_signed_char_unsigned_short_unsigned_char_unsigned_short_i_564_fu_784">
<pin_list>
<pin id="785" dir="0" index="0" bw="1" slack="0"/>
<pin id="786" dir="1" index="1" bw="8" slack="6"/>
</pin_list>
<bind>
<opcode="alloca(26) " fcode="alloca"/>
<opset="mxm_execute_ursa_signed_char_unsigned_short_unsigned_char_unsigned_short_i_564/1 "/>
</bind>
</comp>

<comp id="788" class="1004" name="mxm_execute_ursa_signed_char_unsigned_short_unsigned_char_unsigned_short_i_565_fu_788">
<pin_list>
<pin id="789" dir="0" index="0" bw="1" slack="0"/>
<pin id="790" dir="1" index="1" bw="8" slack="6"/>
</pin_list>
<bind>
<opcode="alloca(26) " fcode="alloca"/>
<opset="mxm_execute_ursa_signed_char_unsigned_short_unsigned_char_unsigned_short_i_565/1 "/>
</bind>
</comp>

<comp id="792" class="1004" name="mxm_execute_ursa_signed_char_unsigned_short_unsigned_char_unsigned_short_i_566_fu_792">
<pin_list>
<pin id="793" dir="0" index="0" bw="1" slack="0"/>
<pin id="794" dir="1" index="1" bw="8" slack="6"/>
</pin_list>
<bind>
<opcode="alloca(26) " fcode="alloca"/>
<opset="mxm_execute_ursa_signed_char_unsigned_short_unsigned_char_unsigned_short_i_566/1 "/>
</bind>
</comp>

<comp id="796" class="1004" name="mxm_execute_ursa_signed_char_unsigned_short_unsigned_char_unsigned_short_i_567_fu_796">
<pin_list>
<pin id="797" dir="0" index="0" bw="1" slack="0"/>
<pin id="798" dir="1" index="1" bw="8" slack="6"/>
</pin_list>
<bind>
<opcode="alloca(26) " fcode="alloca"/>
<opset="mxm_execute_ursa_signed_char_unsigned_short_unsigned_char_unsigned_short_i_567/1 "/>
</bind>
</comp>

<comp id="800" class="1004" name="mxm_execute_ursa_signed_char_unsigned_short_unsigned_char_unsigned_short_i_568_fu_800">
<pin_list>
<pin id="801" dir="0" index="0" bw="1" slack="0"/>
<pin id="802" dir="1" index="1" bw="8" slack="6"/>
</pin_list>
<bind>
<opcode="alloca(26) " fcode="alloca"/>
<opset="mxm_execute_ursa_signed_char_unsigned_short_unsigned_char_unsigned_short_i_568/1 "/>
</bind>
</comp>

<comp id="804" class="1004" name="mxm_execute_ursa_signed_char_unsigned_short_unsigned_char_unsigned_short_i_569_fu_804">
<pin_list>
<pin id="805" dir="0" index="0" bw="1" slack="0"/>
<pin id="806" dir="1" index="1" bw="8" slack="6"/>
</pin_list>
<bind>
<opcode="alloca(26) " fcode="alloca"/>
<opset="mxm_execute_ursa_signed_char_unsigned_short_unsigned_char_unsigned_short_i_569/1 "/>
</bind>
</comp>

<comp id="808" class="1004" name="mxm_execute_ursa_signed_char_unsigned_short_unsigned_char_unsigned_short_i_570_fu_808">
<pin_list>
<pin id="809" dir="0" index="0" bw="1" slack="0"/>
<pin id="810" dir="1" index="1" bw="8" slack="6"/>
</pin_list>
<bind>
<opcode="alloca(26) " fcode="alloca"/>
<opset="mxm_execute_ursa_signed_char_unsigned_short_unsigned_char_unsigned_short_i_570/1 "/>
</bind>
</comp>

<comp id="812" class="1004" name="mxm_execute_ursa_signed_char_unsigned_short_unsigned_char_unsigned_short_i_571_fu_812">
<pin_list>
<pin id="813" dir="0" index="0" bw="1" slack="0"/>
<pin id="814" dir="1" index="1" bw="8" slack="6"/>
</pin_list>
<bind>
<opcode="alloca(26) " fcode="alloca"/>
<opset="mxm_execute_ursa_signed_char_unsigned_short_unsigned_char_unsigned_short_i_571/1 "/>
</bind>
</comp>

<comp id="816" class="1004" name="mxm_execute_ursa_signed_char_unsigned_short_unsigned_char_unsigned_short_i_572_fu_816">
<pin_list>
<pin id="817" dir="0" index="0" bw="1" slack="0"/>
<pin id="818" dir="1" index="1" bw="8" slack="6"/>
</pin_list>
<bind>
<opcode="alloca(26) " fcode="alloca"/>
<opset="mxm_execute_ursa_signed_char_unsigned_short_unsigned_char_unsigned_short_i_572/1 "/>
</bind>
</comp>

<comp id="820" class="1004" name="mxm_execute_ursa_signed_char_unsigned_short_unsigned_char_unsigned_short_i_573_fu_820">
<pin_list>
<pin id="821" dir="0" index="0" bw="1" slack="0"/>
<pin id="822" dir="1" index="1" bw="8" slack="6"/>
</pin_list>
<bind>
<opcode="alloca(26) " fcode="alloca"/>
<opset="mxm_execute_ursa_signed_char_unsigned_short_unsigned_char_unsigned_short_i_573/1 "/>
</bind>
</comp>

<comp id="824" class="1004" name="mxm_execute_ursa_signed_char_unsigned_short_unsigned_char_unsigned_short_i_574_fu_824">
<pin_list>
<pin id="825" dir="0" index="0" bw="1" slack="0"/>
<pin id="826" dir="1" index="1" bw="8" slack="6"/>
</pin_list>
<bind>
<opcode="alloca(26) " fcode="alloca"/>
<opset="mxm_execute_ursa_signed_char_unsigned_short_unsigned_char_unsigned_short_i_574/1 "/>
</bind>
</comp>

<comp id="828" class="1004" name="mxm_execute_ursa_signed_char_unsigned_short_unsigned_char_unsigned_short_i_575_fu_828">
<pin_list>
<pin id="829" dir="0" index="0" bw="1" slack="0"/>
<pin id="830" dir="1" index="1" bw="8" slack="6"/>
</pin_list>
<bind>
<opcode="alloca(26) " fcode="alloca"/>
<opset="mxm_execute_ursa_signed_char_unsigned_short_unsigned_char_unsigned_short_i_575/1 "/>
</bind>
</comp>

<comp id="832" class="1004" name="mxm_execute_ursa_signed_char_unsigned_short_unsigned_char_unsigned_short_i_576_fu_832">
<pin_list>
<pin id="833" dir="0" index="0" bw="1" slack="0"/>
<pin id="834" dir="1" index="1" bw="8" slack="6"/>
</pin_list>
<bind>
<opcode="alloca(26) " fcode="alloca"/>
<opset="mxm_execute_ursa_signed_char_unsigned_short_unsigned_char_unsigned_short_i_576/1 "/>
</bind>
</comp>

<comp id="836" class="1004" name="mxm_execute_ursa_signed_char_unsigned_short_unsigned_char_unsigned_short_i_577_fu_836">
<pin_list>
<pin id="837" dir="0" index="0" bw="1" slack="0"/>
<pin id="838" dir="1" index="1" bw="8" slack="6"/>
</pin_list>
<bind>
<opcode="alloca(26) " fcode="alloca"/>
<opset="mxm_execute_ursa_signed_char_unsigned_short_unsigned_char_unsigned_short_i_577/1 "/>
</bind>
</comp>

<comp id="840" class="1004" name="mxm_execute_ursa_signed_char_unsigned_short_unsigned_char_unsigned_short_i_578_fu_840">
<pin_list>
<pin id="841" dir="0" index="0" bw="1" slack="0"/>
<pin id="842" dir="1" index="1" bw="8" slack="6"/>
</pin_list>
<bind>
<opcode="alloca(26) " fcode="alloca"/>
<opset="mxm_execute_ursa_signed_char_unsigned_short_unsigned_char_unsigned_short_i_578/1 "/>
</bind>
</comp>

<comp id="844" class="1004" name="mxm_execute_ursa_signed_char_unsigned_short_unsigned_char_unsigned_short_i_579_fu_844">
<pin_list>
<pin id="845" dir="0" index="0" bw="1" slack="0"/>
<pin id="846" dir="1" index="1" bw="8" slack="6"/>
</pin_list>
<bind>
<opcode="alloca(26) " fcode="alloca"/>
<opset="mxm_execute_ursa_signed_char_unsigned_short_unsigned_char_unsigned_short_i_579/1 "/>
</bind>
</comp>

<comp id="848" class="1004" name="mxm_execute_ursa_signed_char_unsigned_short_unsigned_char_unsigned_short_i_580_fu_848">
<pin_list>
<pin id="849" dir="0" index="0" bw="1" slack="0"/>
<pin id="850" dir="1" index="1" bw="8" slack="6"/>
</pin_list>
<bind>
<opcode="alloca(26) " fcode="alloca"/>
<opset="mxm_execute_ursa_signed_char_unsigned_short_unsigned_char_unsigned_short_i_580/1 "/>
</bind>
</comp>

<comp id="852" class="1004" name="mxm_execute_ursa_signed_char_unsigned_short_unsigned_char_unsigned_short_i_581_fu_852">
<pin_list>
<pin id="853" dir="0" index="0" bw="1" slack="0"/>
<pin id="854" dir="1" index="1" bw="8" slack="6"/>
</pin_list>
<bind>
<opcode="alloca(26) " fcode="alloca"/>
<opset="mxm_execute_ursa_signed_char_unsigned_short_unsigned_char_unsigned_short_i_581/1 "/>
</bind>
</comp>

<comp id="856" class="1004" name="mxm_execute_ursa_signed_char_unsigned_short_unsigned_char_unsigned_short_i_582_fu_856">
<pin_list>
<pin id="857" dir="0" index="0" bw="1" slack="0"/>
<pin id="858" dir="1" index="1" bw="8" slack="6"/>
</pin_list>
<bind>
<opcode="alloca(26) " fcode="alloca"/>
<opset="mxm_execute_ursa_signed_char_unsigned_short_unsigned_char_unsigned_short_i_582/1 "/>
</bind>
</comp>

<comp id="860" class="1004" name="mxm_execute_ursa_signed_char_unsigned_short_unsigned_char_unsigned_short_i_583_fu_860">
<pin_list>
<pin id="861" dir="0" index="0" bw="1" slack="0"/>
<pin id="862" dir="1" index="1" bw="8" slack="6"/>
</pin_list>
<bind>
<opcode="alloca(26) " fcode="alloca"/>
<opset="mxm_execute_ursa_signed_char_unsigned_short_unsigned_char_unsigned_short_i_583/1 "/>
</bind>
</comp>

<comp id="864" class="1004" name="mxm_execute_ursa_signed_char_unsigned_short_unsigned_char_unsigned_short_i_584_fu_864">
<pin_list>
<pin id="865" dir="0" index="0" bw="1" slack="0"/>
<pin id="866" dir="1" index="1" bw="8" slack="6"/>
</pin_list>
<bind>
<opcode="alloca(26) " fcode="alloca"/>
<opset="mxm_execute_ursa_signed_char_unsigned_short_unsigned_char_unsigned_short_i_584/1 "/>
</bind>
</comp>

<comp id="868" class="1004" name="mxm_execute_ursa_signed_char_unsigned_short_unsigned_char_unsigned_short_i_585_fu_868">
<pin_list>
<pin id="869" dir="0" index="0" bw="1" slack="0"/>
<pin id="870" dir="1" index="1" bw="8" slack="6"/>
</pin_list>
<bind>
<opcode="alloca(26) " fcode="alloca"/>
<opset="mxm_execute_ursa_signed_char_unsigned_short_unsigned_char_unsigned_short_i_585/1 "/>
</bind>
</comp>

<comp id="872" class="1004" name="mxm_execute_ursa_signed_char_unsigned_short_unsigned_char_unsigned_short_i_586_fu_872">
<pin_list>
<pin id="873" dir="0" index="0" bw="1" slack="0"/>
<pin id="874" dir="1" index="1" bw="8" slack="6"/>
</pin_list>
<bind>
<opcode="alloca(26) " fcode="alloca"/>
<opset="mxm_execute_ursa_signed_char_unsigned_short_unsigned_char_unsigned_short_i_586/1 "/>
</bind>
</comp>

<comp id="876" class="1004" name="mxm_execute_ursa_signed_char_unsigned_short_unsigned_char_unsigned_short_i_587_fu_876">
<pin_list>
<pin id="877" dir="0" index="0" bw="1" slack="0"/>
<pin id="878" dir="1" index="1" bw="8" slack="6"/>
</pin_list>
<bind>
<opcode="alloca(26) " fcode="alloca"/>
<opset="mxm_execute_ursa_signed_char_unsigned_short_unsigned_char_unsigned_short_i_587/1 "/>
</bind>
</comp>

<comp id="880" class="1004" name="mxm_execute_ursa_signed_char_unsigned_short_unsigned_char_unsigned_short_i_588_fu_880">
<pin_list>
<pin id="881" dir="0" index="0" bw="1" slack="0"/>
<pin id="882" dir="1" index="1" bw="8" slack="6"/>
</pin_list>
<bind>
<opcode="alloca(26) " fcode="alloca"/>
<opset="mxm_execute_ursa_signed_char_unsigned_short_unsigned_char_unsigned_short_i_588/1 "/>
</bind>
</comp>

<comp id="884" class="1004" name="mxm_execute_ursa_signed_char_unsigned_short_unsigned_char_unsigned_short_i_589_fu_884">
<pin_list>
<pin id="885" dir="0" index="0" bw="1" slack="0"/>
<pin id="886" dir="1" index="1" bw="8" slack="6"/>
</pin_list>
<bind>
<opcode="alloca(26) " fcode="alloca"/>
<opset="mxm_execute_ursa_signed_char_unsigned_short_unsigned_char_unsigned_short_i_589/1 "/>
</bind>
</comp>

<comp id="888" class="1004" name="mxm_execute_ursa_signed_char_unsigned_short_unsigned_char_unsigned_short_i_590_fu_888">
<pin_list>
<pin id="889" dir="0" index="0" bw="1" slack="0"/>
<pin id="890" dir="1" index="1" bw="8" slack="6"/>
</pin_list>
<bind>
<opcode="alloca(26) " fcode="alloca"/>
<opset="mxm_execute_ursa_signed_char_unsigned_short_unsigned_char_unsigned_short_i_590/1 "/>
</bind>
</comp>

<comp id="892" class="1004" name="mxm_execute_ursa_signed_char_unsigned_short_unsigned_char_unsigned_short_i_591_fu_892">
<pin_list>
<pin id="893" dir="0" index="0" bw="1" slack="0"/>
<pin id="894" dir="1" index="1" bw="8" slack="6"/>
</pin_list>
<bind>
<opcode="alloca(26) " fcode="alloca"/>
<opset="mxm_execute_ursa_signed_char_unsigned_short_unsigned_char_unsigned_short_i_591/1 "/>
</bind>
</comp>

<comp id="896" class="1004" name="mxm_execute_ursa_signed_char_unsigned_short_unsigned_char_unsigned_short_i_592_fu_896">
<pin_list>
<pin id="897" dir="0" index="0" bw="1" slack="0"/>
<pin id="898" dir="1" index="1" bw="8" slack="6"/>
</pin_list>
<bind>
<opcode="alloca(26) " fcode="alloca"/>
<opset="mxm_execute_ursa_signed_char_unsigned_short_unsigned_char_unsigned_short_i_592/1 "/>
</bind>
</comp>

<comp id="900" class="1004" name="mxm_execute_ursa_signed_char_unsigned_short_unsigned_char_unsigned_short_i_593_fu_900">
<pin_list>
<pin id="901" dir="0" index="0" bw="1" slack="0"/>
<pin id="902" dir="1" index="1" bw="8" slack="6"/>
</pin_list>
<bind>
<opcode="alloca(26) " fcode="alloca"/>
<opset="mxm_execute_ursa_signed_char_unsigned_short_unsigned_char_unsigned_short_i_593/1 "/>
</bind>
</comp>

<comp id="904" class="1004" name="mxm_execute_ursa_signed_char_unsigned_short_unsigned_char_unsigned_short_i_594_fu_904">
<pin_list>
<pin id="905" dir="0" index="0" bw="1" slack="0"/>
<pin id="906" dir="1" index="1" bw="8" slack="6"/>
</pin_list>
<bind>
<opcode="alloca(26) " fcode="alloca"/>
<opset="mxm_execute_ursa_signed_char_unsigned_short_unsigned_char_unsigned_short_i_594/1 "/>
</bind>
</comp>

<comp id="908" class="1004" name="mxm_execute_ursa_signed_char_unsigned_short_unsigned_char_unsigned_short_i_595_fu_908">
<pin_list>
<pin id="909" dir="0" index="0" bw="1" slack="0"/>
<pin id="910" dir="1" index="1" bw="8" slack="6"/>
</pin_list>
<bind>
<opcode="alloca(26) " fcode="alloca"/>
<opset="mxm_execute_ursa_signed_char_unsigned_short_unsigned_char_unsigned_short_i_595/1 "/>
</bind>
</comp>

<comp id="912" class="1004" name="mxm_execute_ursa_signed_char_unsigned_short_unsigned_char_unsigned_short_i_596_fu_912">
<pin_list>
<pin id="913" dir="0" index="0" bw="1" slack="0"/>
<pin id="914" dir="1" index="1" bw="8" slack="6"/>
</pin_list>
<bind>
<opcode="alloca(26) " fcode="alloca"/>
<opset="mxm_execute_ursa_signed_char_unsigned_short_unsigned_char_unsigned_short_i_596/1 "/>
</bind>
</comp>

<comp id="916" class="1004" name="mxm_execute_ursa_signed_char_unsigned_short_unsigned_char_unsigned_short_i_597_fu_916">
<pin_list>
<pin id="917" dir="0" index="0" bw="1" slack="0"/>
<pin id="918" dir="1" index="1" bw="8" slack="6"/>
</pin_list>
<bind>
<opcode="alloca(26) " fcode="alloca"/>
<opset="mxm_execute_ursa_signed_char_unsigned_short_unsigned_char_unsigned_short_i_597/1 "/>
</bind>
</comp>

<comp id="920" class="1004" name="mxm_execute_ursa_signed_char_unsigned_short_unsigned_char_unsigned_short_i_598_fu_920">
<pin_list>
<pin id="921" dir="0" index="0" bw="1" slack="0"/>
<pin id="922" dir="1" index="1" bw="8" slack="6"/>
</pin_list>
<bind>
<opcode="alloca(26) " fcode="alloca"/>
<opset="mxm_execute_ursa_signed_char_unsigned_short_unsigned_char_unsigned_short_i_598/1 "/>
</bind>
</comp>

<comp id="924" class="1004" name="mxm_execute_ursa_signed_char_unsigned_short_unsigned_char_unsigned_short_i_599_fu_924">
<pin_list>
<pin id="925" dir="0" index="0" bw="1" slack="0"/>
<pin id="926" dir="1" index="1" bw="8" slack="6"/>
</pin_list>
<bind>
<opcode="alloca(26) " fcode="alloca"/>
<opset="mxm_execute_ursa_signed_char_unsigned_short_unsigned_char_unsigned_short_i_599/1 "/>
</bind>
</comp>

<comp id="928" class="1004" name="mxm_execute_ursa_signed_char_unsigned_short_unsigned_char_unsigned_short_i_600_fu_928">
<pin_list>
<pin id="929" dir="0" index="0" bw="1" slack="0"/>
<pin id="930" dir="1" index="1" bw="8" slack="6"/>
</pin_list>
<bind>
<opcode="alloca(26) " fcode="alloca"/>
<opset="mxm_execute_ursa_signed_char_unsigned_short_unsigned_char_unsigned_short_i_600/1 "/>
</bind>
</comp>

<comp id="932" class="1004" name="mxm_execute_ursa_signed_char_unsigned_short_unsigned_char_unsigned_short_i_601_fu_932">
<pin_list>
<pin id="933" dir="0" index="0" bw="1" slack="0"/>
<pin id="934" dir="1" index="1" bw="8" slack="6"/>
</pin_list>
<bind>
<opcode="alloca(26) " fcode="alloca"/>
<opset="mxm_execute_ursa_signed_char_unsigned_short_unsigned_char_unsigned_short_i_601/1 "/>
</bind>
</comp>

<comp id="936" class="1004" name="mxm_execute_ursa_signed_char_unsigned_short_unsigned_char_unsigned_short_i_602_fu_936">
<pin_list>
<pin id="937" dir="0" index="0" bw="1" slack="0"/>
<pin id="938" dir="1" index="1" bw="8" slack="6"/>
</pin_list>
<bind>
<opcode="alloca(26) " fcode="alloca"/>
<opset="mxm_execute_ursa_signed_char_unsigned_short_unsigned_char_unsigned_short_i_602/1 "/>
</bind>
</comp>

<comp id="940" class="1004" name="mxm_execute_ursa_signed_char_unsigned_short_unsigned_char_unsigned_short_i_603_fu_940">
<pin_list>
<pin id="941" dir="0" index="0" bw="1" slack="0"/>
<pin id="942" dir="1" index="1" bw="8" slack="6"/>
</pin_list>
<bind>
<opcode="alloca(26) " fcode="alloca"/>
<opset="mxm_execute_ursa_signed_char_unsigned_short_unsigned_char_unsigned_short_i_603/1 "/>
</bind>
</comp>

<comp id="944" class="1004" name="mxm_execute_ursa_signed_char_unsigned_short_unsigned_char_unsigned_short_i_604_fu_944">
<pin_list>
<pin id="945" dir="0" index="0" bw="1" slack="0"/>
<pin id="946" dir="1" index="1" bw="8" slack="6"/>
</pin_list>
<bind>
<opcode="alloca(26) " fcode="alloca"/>
<opset="mxm_execute_ursa_signed_char_unsigned_short_unsigned_char_unsigned_short_i_604/1 "/>
</bind>
</comp>

<comp id="948" class="1004" name="mxm_execute_ursa_signed_char_unsigned_short_unsigned_char_unsigned_short_i_605_fu_948">
<pin_list>
<pin id="949" dir="0" index="0" bw="1" slack="0"/>
<pin id="950" dir="1" index="1" bw="8" slack="6"/>
</pin_list>
<bind>
<opcode="alloca(26) " fcode="alloca"/>
<opset="mxm_execute_ursa_signed_char_unsigned_short_unsigned_char_unsigned_short_i_605/1 "/>
</bind>
</comp>

<comp id="952" class="1004" name="mxm_execute_ursa_signed_char_unsigned_short_unsigned_char_unsigned_short_i_606_fu_952">
<pin_list>
<pin id="953" dir="0" index="0" bw="1" slack="0"/>
<pin id="954" dir="1" index="1" bw="8" slack="6"/>
</pin_list>
<bind>
<opcode="alloca(26) " fcode="alloca"/>
<opset="mxm_execute_ursa_signed_char_unsigned_short_unsigned_char_unsigned_short_i_606/1 "/>
</bind>
</comp>

<comp id="956" class="1004" name="mxm_execute_ursa_signed_char_unsigned_short_unsigned_char_unsigned_short_i_607_fu_956">
<pin_list>
<pin id="957" dir="0" index="0" bw="1" slack="0"/>
<pin id="958" dir="1" index="1" bw="8" slack="6"/>
</pin_list>
<bind>
<opcode="alloca(26) " fcode="alloca"/>
<opset="mxm_execute_ursa_signed_char_unsigned_short_unsigned_char_unsigned_short_i_607/1 "/>
</bind>
</comp>

<comp id="960" class="1004" name="mxm_execute_ursa_signed_char_unsigned_short_unsigned_char_unsigned_short_i_608_fu_960">
<pin_list>
<pin id="961" dir="0" index="0" bw="1" slack="0"/>
<pin id="962" dir="1" index="1" bw="8" slack="6"/>
</pin_list>
<bind>
<opcode="alloca(26) " fcode="alloca"/>
<opset="mxm_execute_ursa_signed_char_unsigned_short_unsigned_char_unsigned_short_i_608/1 "/>
</bind>
</comp>

<comp id="964" class="1004" name="mxm_execute_ursa_signed_char_unsigned_short_unsigned_char_unsigned_short_i_609_fu_964">
<pin_list>
<pin id="965" dir="0" index="0" bw="1" slack="0"/>
<pin id="966" dir="1" index="1" bw="8" slack="6"/>
</pin_list>
<bind>
<opcode="alloca(26) " fcode="alloca"/>
<opset="mxm_execute_ursa_signed_char_unsigned_short_unsigned_char_unsigned_short_i_609/1 "/>
</bind>
</comp>

<comp id="968" class="1004" name="mxm_execute_ursa_signed_char_unsigned_short_unsigned_char_unsigned_short_i_610_fu_968">
<pin_list>
<pin id="969" dir="0" index="0" bw="1" slack="0"/>
<pin id="970" dir="1" index="1" bw="8" slack="6"/>
</pin_list>
<bind>
<opcode="alloca(26) " fcode="alloca"/>
<opset="mxm_execute_ursa_signed_char_unsigned_short_unsigned_char_unsigned_short_i_610/1 "/>
</bind>
</comp>

<comp id="972" class="1004" name="mxm_execute_ursa_signed_char_unsigned_short_unsigned_char_unsigned_short_i_611_fu_972">
<pin_list>
<pin id="973" dir="0" index="0" bw="1" slack="0"/>
<pin id="974" dir="1" index="1" bw="8" slack="6"/>
</pin_list>
<bind>
<opcode="alloca(26) " fcode="alloca"/>
<opset="mxm_execute_ursa_signed_char_unsigned_short_unsigned_char_unsigned_short_i_611/1 "/>
</bind>
</comp>

<comp id="976" class="1004" name="mxm_execute_ursa_signed_char_unsigned_short_unsigned_char_unsigned_short_i_612_fu_976">
<pin_list>
<pin id="977" dir="0" index="0" bw="1" slack="0"/>
<pin id="978" dir="1" index="1" bw="8" slack="6"/>
</pin_list>
<bind>
<opcode="alloca(26) " fcode="alloca"/>
<opset="mxm_execute_ursa_signed_char_unsigned_short_unsigned_char_unsigned_short_i_612/1 "/>
</bind>
</comp>

<comp id="980" class="1004" name="mxm_execute_ursa_signed_char_unsigned_short_unsigned_char_unsigned_short_i_613_fu_980">
<pin_list>
<pin id="981" dir="0" index="0" bw="1" slack="0"/>
<pin id="982" dir="1" index="1" bw="8" slack="6"/>
</pin_list>
<bind>
<opcode="alloca(26) " fcode="alloca"/>
<opset="mxm_execute_ursa_signed_char_unsigned_short_unsigned_char_unsigned_short_i_613/1 "/>
</bind>
</comp>

<comp id="984" class="1004" name="c_tile_acc_alloca_fu_984">
<pin_list>
<pin id="985" dir="0" index="0" bw="1" slack="0"/>
<pin id="986" dir="1" index="1" bw="32" slack="2147483647"/>
</pin_list>
<bind>
<opcode="alloca(26) " fcode="alloca"/>
<opset="c_tile_acc/1 "/>
</bind>
</comp>

<comp id="988" class="1004" name="grp_read_fu_988">
<pin_list>
<pin id="989" dir="0" index="0" bw="16" slack="0"/>
<pin id="990" dir="0" index="1" bw="16" slack="0"/>
<pin id="991" dir="1" index="2" bw="16" slack="1"/>
</pin_list>
<bind>
<opcode="read(1150) " fcode="read"/>
<opset="m_read/1 "/>
</bind>
</comp>

<comp id="994" class="1004" name="addr_c0_read_read_fu_994">
<pin_list>
<pin id="995" dir="0" index="0" bw="64" slack="0"/>
<pin id="996" dir="0" index="1" bw="64" slack="0"/>
<pin id="997" dir="1" index="2" bw="64" slack="6"/>
</pin_list>
<bind>
<opcode="read(1150) " fcode="read"/>
<opset="addr_c0_read/1 "/>
</bind>
</comp>

<comp id="1000" class="1004" name="grp_read_fu_1000">
<pin_list>
<pin id="1001" dir="0" index="0" bw="16" slack="0"/>
<pin id="1002" dir="0" index="1" bw="16" slack="0"/>
<pin id="1003" dir="1" index="2" bw="16" slack="0"/>
</pin_list>
<bind>
<opcode="read(1150) " fcode="read"/>
<opset="b0_q_read/1 "/>
</bind>
</comp>

<comp id="1006" class="1004" name="addr_b0_read_read_fu_1006">
<pin_list>
<pin id="1007" dir="0" index="0" bw="64" slack="0"/>
<pin id="1008" dir="0" index="1" bw="64" slack="0"/>
<pin id="1009" dir="1" index="2" bw="64" slack="8"/>
</pin_list>
<bind>
<opcode="read(1150) " fcode="read"/>
<opset="addr_b0_read/1 "/>
</bind>
</comp>

<comp id="1012" class="1004" name="grp_read_fu_1012">
<pin_list>
<pin id="1013" dir="0" index="0" bw="16" slack="0"/>
<pin id="1014" dir="0" index="1" bw="16" slack="0"/>
<pin id="1015" dir="1" index="2" bw="16" slack="0"/>
</pin_list>
<bind>
<opcode="read(1150) " fcode="read"/>
<opset="a0_p_read/1 "/>
</bind>
</comp>

<comp id="1018" class="1004" name="addr_a0_read_read_fu_1018">
<pin_list>
<pin id="1019" dir="0" index="0" bw="64" slack="0"/>
<pin id="1020" dir="0" index="1" bw="64" slack="0"/>
<pin id="1021" dir="1" index="2" bw="64" slack="6"/>
</pin_list>
<bind>
<opcode="read(1150) " fcode="read"/>
<opset="addr_a0_read/1 "/>
</bind>
</comp>

<comp id="1024" class="1005" name="k_reg_1024">
<pin_list>
<pin id="1025" dir="0" index="0" bw="14" slack="1"/>
<pin id="1026" dir="1" index="1" bw="14" slack="1"/>
</pin_list>
<bind>
<opset="k (phireg) "/>
</bind>
</comp>

<comp id="1028" class="1004" name="k_phi_fu_1028">
<pin_list>
<pin id="1029" dir="0" index="0" bw="1" slack="1"/>
<pin id="1030" dir="0" index="1" bw="0" slack="2147483647"/>
<pin id="1031" dir="0" index="2" bw="14" slack="0"/>
<pin id="1032" dir="0" index="3" bw="0" slack="2147483647"/>
<pin id="1033" dir="1" index="4" bw="14" slack="0"/>
</pin_list>
<bind>
<opcode="phi(47) " fcode="phi"/>
<opset="k/6 "/>
</bind>
</comp>

<comp id="1035" class="1004" name="grp_mxm_execute_ursa_Pipeline_VITIS_LOOP_341_4_fu_1035">
<pin_list>
<pin id="1036" dir="0" index="0" bw="0" slack="0"/>
<pin id="1037" dir="0" index="1" bw="8" slack="0"/>
<pin id="1038" dir="0" index="2" bw="8" slack="0"/>
<pin id="1039" dir="0" index="3" bw="8" slack="0"/>
<pin id="1040" dir="0" index="4" bw="8" slack="0"/>
<pin id="1041" dir="0" index="5" bw="8" slack="0"/>
<pin id="1042" dir="0" index="6" bw="8" slack="0"/>
<pin id="1043" dir="0" index="7" bw="8" slack="0"/>
<pin id="1044" dir="0" index="8" bw="8" slack="0"/>
<pin id="1045" dir="0" index="9" bw="8" slack="0"/>
<pin id="1046" dir="0" index="10" bw="8" slack="0"/>
<pin id="1047" dir="0" index="11" bw="8" slack="0"/>
<pin id="1048" dir="0" index="12" bw="8" slack="0"/>
<pin id="1049" dir="0" index="13" bw="8" slack="0"/>
<pin id="1050" dir="0" index="14" bw="8" slack="0"/>
<pin id="1051" dir="0" index="15" bw="8" slack="0"/>
<pin id="1052" dir="0" index="16" bw="8" slack="0"/>
<pin id="1053" dir="0" index="17" bw="8" slack="0"/>
<pin id="1054" dir="0" index="18" bw="8" slack="0"/>
<pin id="1055" dir="0" index="19" bw="8" slack="0"/>
<pin id="1056" dir="0" index="20" bw="8" slack="0"/>
<pin id="1057" dir="0" index="21" bw="8" slack="0"/>
<pin id="1058" dir="0" index="22" bw="8" slack="0"/>
<pin id="1059" dir="0" index="23" bw="8" slack="0"/>
<pin id="1060" dir="0" index="24" bw="8" slack="0"/>
<pin id="1061" dir="0" index="25" bw="8" slack="0"/>
<pin id="1062" dir="0" index="26" bw="8" slack="0"/>
<pin id="1063" dir="0" index="27" bw="8" slack="0"/>
<pin id="1064" dir="0" index="28" bw="8" slack="0"/>
<pin id="1065" dir="0" index="29" bw="8" slack="0"/>
<pin id="1066" dir="0" index="30" bw="8" slack="0"/>
<pin id="1067" dir="0" index="31" bw="8" slack="0"/>
<pin id="1068" dir="0" index="32" bw="8" slack="0"/>
<pin id="1069" dir="0" index="33" bw="8" slack="0"/>
<pin id="1070" dir="0" index="34" bw="8" slack="0"/>
<pin id="1071" dir="0" index="35" bw="8" slack="0"/>
<pin id="1072" dir="0" index="36" bw="8" slack="0"/>
<pin id="1073" dir="0" index="37" bw="8" slack="0"/>
<pin id="1074" dir="0" index="38" bw="8" slack="0"/>
<pin id="1075" dir="0" index="39" bw="8" slack="0"/>
<pin id="1076" dir="0" index="40" bw="8" slack="0"/>
<pin id="1077" dir="0" index="41" bw="8" slack="0"/>
<pin id="1078" dir="0" index="42" bw="8" slack="0"/>
<pin id="1079" dir="0" index="43" bw="8" slack="0"/>
<pin id="1080" dir="0" index="44" bw="8" slack="0"/>
<pin id="1081" dir="0" index="45" bw="8" slack="0"/>
<pin id="1082" dir="0" index="46" bw="8" slack="0"/>
<pin id="1083" dir="0" index="47" bw="8" slack="0"/>
<pin id="1084" dir="0" index="48" bw="8" slack="0"/>
<pin id="1085" dir="0" index="49" bw="8" slack="0"/>
<pin id="1086" dir="0" index="50" bw="8" slack="0"/>
<pin id="1087" dir="0" index="51" bw="8" slack="0"/>
<pin id="1088" dir="0" index="52" bw="8" slack="0"/>
<pin id="1089" dir="0" index="53" bw="8" slack="0"/>
<pin id="1090" dir="0" index="54" bw="8" slack="0"/>
<pin id="1091" dir="0" index="55" bw="8" slack="0"/>
<pin id="1092" dir="0" index="56" bw="8" slack="0"/>
<pin id="1093" dir="0" index="57" bw="8" slack="0"/>
<pin id="1094" dir="0" index="58" bw="16" slack="1"/>
<pin id="1095" dir="0" index="59" bw="16" slack="5"/>
<pin id="1096" dir="0" index="60" bw="13" slack="3"/>
<pin id="1097" dir="0" index="61" bw="16" slack="5"/>
<pin id="1098" dir="0" index="62" bw="16" slack="5"/>
<pin id="1099" dir="0" index="63" bw="64" slack="6"/>
<pin id="1100" dir="0" index="64" bw="32" slack="1"/>
<pin id="1101" dir="0" index="65" bw="8" slack="6"/>
<pin id="1102" dir="0" index="66" bw="8" slack="6"/>
<pin id="1103" dir="0" index="67" bw="8" slack="6"/>
<pin id="1104" dir="0" index="68" bw="8" slack="6"/>
<pin id="1105" dir="0" index="69" bw="8" slack="6"/>
<pin id="1106" dir="0" index="70" bw="8" slack="6"/>
<pin id="1107" dir="0" index="71" bw="8" slack="6"/>
<pin id="1108" dir="0" index="72" bw="8" slack="6"/>
<pin id="1109" dir="0" index="73" bw="8" slack="6"/>
<pin id="1110" dir="0" index="74" bw="8" slack="6"/>
<pin id="1111" dir="0" index="75" bw="8" slack="6"/>
<pin id="1112" dir="0" index="76" bw="8" slack="6"/>
<pin id="1113" dir="0" index="77" bw="8" slack="6"/>
<pin id="1114" dir="0" index="78" bw="8" slack="6"/>
<pin id="1115" dir="0" index="79" bw="8" slack="6"/>
<pin id="1116" dir="0" index="80" bw="8" slack="6"/>
<pin id="1117" dir="0" index="81" bw="8" slack="6"/>
<pin id="1118" dir="0" index="82" bw="8" slack="6"/>
<pin id="1119" dir="0" index="83" bw="8" slack="6"/>
<pin id="1120" dir="0" index="84" bw="8" slack="6"/>
<pin id="1121" dir="0" index="85" bw="8" slack="6"/>
<pin id="1122" dir="0" index="86" bw="8" slack="6"/>
<pin id="1123" dir="0" index="87" bw="8" slack="6"/>
<pin id="1124" dir="0" index="88" bw="8" slack="6"/>
<pin id="1125" dir="0" index="89" bw="8" slack="6"/>
<pin id="1126" dir="0" index="90" bw="8" slack="6"/>
<pin id="1127" dir="0" index="91" bw="8" slack="6"/>
<pin id="1128" dir="0" index="92" bw="8" slack="6"/>
<pin id="1129" dir="0" index="93" bw="8" slack="6"/>
<pin id="1130" dir="0" index="94" bw="8" slack="6"/>
<pin id="1131" dir="0" index="95" bw="8" slack="6"/>
<pin id="1132" dir="0" index="96" bw="8" slack="6"/>
<pin id="1133" dir="0" index="97" bw="8" slack="6"/>
<pin id="1134" dir="0" index="98" bw="8" slack="6"/>
<pin id="1135" dir="0" index="99" bw="8" slack="6"/>
<pin id="1136" dir="0" index="100" bw="8" slack="6"/>
<pin id="1137" dir="0" index="101" bw="8" slack="6"/>
<pin id="1138" dir="0" index="102" bw="8" slack="6"/>
<pin id="1139" dir="0" index="103" bw="8" slack="6"/>
<pin id="1140" dir="0" index="104" bw="8" slack="6"/>
<pin id="1141" dir="0" index="105" bw="8" slack="6"/>
<pin id="1142" dir="0" index="106" bw="8" slack="6"/>
<pin id="1143" dir="0" index="107" bw="8" slack="6"/>
<pin id="1144" dir="0" index="108" bw="8" slack="6"/>
<pin id="1145" dir="0" index="109" bw="8" slack="6"/>
<pin id="1146" dir="0" index="110" bw="8" slack="6"/>
<pin id="1147" dir="0" index="111" bw="8" slack="6"/>
<pin id="1148" dir="0" index="112" bw="8" slack="6"/>
<pin id="1149" dir="0" index="113" bw="8" slack="6"/>
<pin id="1150" dir="0" index="114" bw="8" slack="6"/>
<pin id="1151" dir="0" index="115" bw="8" slack="6"/>
<pin id="1152" dir="0" index="116" bw="8" slack="6"/>
<pin id="1153" dir="0" index="117" bw="8" slack="6"/>
<pin id="1154" dir="0" index="118" bw="8" slack="6"/>
<pin id="1155" dir="0" index="119" bw="8" slack="6"/>
<pin id="1156" dir="0" index="120" bw="8" slack="6"/>
<pin id="1157" dir="0" index="121" bw="1" slack="6"/>
<pin id="1158" dir="0" index="122" bw="1" slack="6"/>
<pin id="1159" dir="0" index="123" bw="1" slack="6"/>
<pin id="1160" dir="0" index="124" bw="1" slack="6"/>
<pin id="1161" dir="0" index="125" bw="1" slack="6"/>
<pin id="1162" dir="0" index="126" bw="1" slack="6"/>
<pin id="1163" dir="0" index="127" bw="1" slack="6"/>
<pin id="1164" dir="0" index="128" bw="1" slack="6"/>
<pin id="1165" dir="0" index="129" bw="8" slack="0"/>
<pin id="1166" dir="0" index="130" bw="8" slack="0"/>
<pin id="1167" dir="0" index="131" bw="8" slack="0"/>
<pin id="1168" dir="0" index="132" bw="8" slack="0"/>
<pin id="1169" dir="0" index="133" bw="8" slack="0"/>
<pin id="1170" dir="0" index="134" bw="8" slack="0"/>
<pin id="1171" dir="0" index="135" bw="8" slack="0"/>
<pin id="1172" dir="0" index="136" bw="8" slack="0"/>
<pin id="1173" dir="0" index="137" bw="8" slack="0"/>
<pin id="1174" dir="0" index="138" bw="8" slack="0"/>
<pin id="1175" dir="0" index="139" bw="8" slack="0"/>
<pin id="1176" dir="0" index="140" bw="8" slack="0"/>
<pin id="1177" dir="0" index="141" bw="8" slack="0"/>
<pin id="1178" dir="0" index="142" bw="8" slack="0"/>
<pin id="1179" dir="0" index="143" bw="8" slack="0"/>
<pin id="1180" dir="0" index="144" bw="8" slack="0"/>
<pin id="1181" dir="0" index="145" bw="8" slack="0"/>
<pin id="1182" dir="0" index="146" bw="8" slack="0"/>
<pin id="1183" dir="0" index="147" bw="8" slack="0"/>
<pin id="1184" dir="0" index="148" bw="8" slack="0"/>
<pin id="1185" dir="0" index="149" bw="8" slack="0"/>
<pin id="1186" dir="0" index="150" bw="8" slack="0"/>
<pin id="1187" dir="0" index="151" bw="8" slack="0"/>
<pin id="1188" dir="0" index="152" bw="8" slack="0"/>
<pin id="1189" dir="0" index="153" bw="8" slack="0"/>
<pin id="1190" dir="0" index="154" bw="8" slack="0"/>
<pin id="1191" dir="0" index="155" bw="8" slack="0"/>
<pin id="1192" dir="0" index="156" bw="8" slack="0"/>
<pin id="1193" dir="0" index="157" bw="8" slack="0"/>
<pin id="1194" dir="0" index="158" bw="8" slack="0"/>
<pin id="1195" dir="0" index="159" bw="8" slack="0"/>
<pin id="1196" dir="0" index="160" bw="8" slack="0"/>
<pin id="1197" dir="0" index="161" bw="8" slack="0"/>
<pin id="1198" dir="0" index="162" bw="8" slack="0"/>
<pin id="1199" dir="0" index="163" bw="8" slack="0"/>
<pin id="1200" dir="0" index="164" bw="8" slack="0"/>
<pin id="1201" dir="0" index="165" bw="8" slack="0"/>
<pin id="1202" dir="0" index="166" bw="8" slack="0"/>
<pin id="1203" dir="0" index="167" bw="8" slack="0"/>
<pin id="1204" dir="0" index="168" bw="8" slack="0"/>
<pin id="1205" dir="0" index="169" bw="8" slack="0"/>
<pin id="1206" dir="0" index="170" bw="8" slack="0"/>
<pin id="1207" dir="0" index="171" bw="8" slack="0"/>
<pin id="1208" dir="0" index="172" bw="8" slack="0"/>
<pin id="1209" dir="0" index="173" bw="8" slack="0"/>
<pin id="1210" dir="0" index="174" bw="8" slack="0"/>
<pin id="1211" dir="0" index="175" bw="8" slack="0"/>
<pin id="1212" dir="0" index="176" bw="8" slack="0"/>
<pin id="1213" dir="0" index="177" bw="8" slack="0"/>
<pin id="1214" dir="0" index="178" bw="8" slack="0"/>
<pin id="1215" dir="0" index="179" bw="8" slack="0"/>
<pin id="1216" dir="0" index="180" bw="8" slack="0"/>
<pin id="1217" dir="0" index="181" bw="8" slack="0"/>
<pin id="1218" dir="0" index="182" bw="8" slack="0"/>
<pin id="1219" dir="0" index="183" bw="8" slack="0"/>
<pin id="1220" dir="0" index="184" bw="8" slack="0"/>
<pin id="1221" dir="0" index="185" bw="8" slack="0"/>
<pin id="1222" dir="0" index="186" bw="8" slack="0"/>
<pin id="1223" dir="0" index="187" bw="8" slack="0"/>
<pin id="1224" dir="0" index="188" bw="8" slack="0"/>
<pin id="1225" dir="0" index="189" bw="8" slack="0"/>
<pin id="1226" dir="0" index="190" bw="8" slack="0"/>
<pin id="1227" dir="0" index="191" bw="8" slack="0"/>
<pin id="1228" dir="0" index="192" bw="8" slack="0"/>
<pin id="1229" dir="0" index="193" bw="8" slack="0"/>
<pin id="1230" dir="0" index="194" bw="8" slack="0"/>
<pin id="1231" dir="0" index="195" bw="8" slack="0"/>
<pin id="1232" dir="0" index="196" bw="8" slack="0"/>
<pin id="1233" dir="0" index="197" bw="8" slack="0"/>
<pin id="1234" dir="0" index="198" bw="8" slack="0"/>
<pin id="1235" dir="0" index="199" bw="8" slack="0"/>
<pin id="1236" dir="0" index="200" bw="8" slack="0"/>
<pin id="1237" dir="0" index="201" bw="8" slack="0"/>
<pin id="1238" dir="0" index="202" bw="8" slack="0"/>
<pin id="1239" dir="0" index="203" bw="8" slack="0"/>
<pin id="1240" dir="0" index="204" bw="8" slack="0"/>
<pin id="1241" dir="0" index="205" bw="8" slack="0"/>
<pin id="1242" dir="0" index="206" bw="8" slack="0"/>
<pin id="1243" dir="0" index="207" bw="8" slack="0"/>
<pin id="1244" dir="0" index="208" bw="8" slack="0"/>
<pin id="1245" dir="0" index="209" bw="8" slack="0"/>
<pin id="1246" dir="0" index="210" bw="8" slack="0"/>
<pin id="1247" dir="0" index="211" bw="8" slack="0"/>
<pin id="1248" dir="0" index="212" bw="8" slack="0"/>
<pin id="1249" dir="0" index="213" bw="8" slack="0"/>
<pin id="1250" dir="0" index="214" bw="8" slack="0"/>
<pin id="1251" dir="0" index="215" bw="8" slack="0"/>
<pin id="1252" dir="0" index="216" bw="8" slack="0"/>
<pin id="1253" dir="0" index="217" bw="8" slack="0"/>
<pin id="1254" dir="0" index="218" bw="8" slack="0"/>
<pin id="1255" dir="0" index="219" bw="8" slack="0"/>
<pin id="1256" dir="0" index="220" bw="8" slack="0"/>
<pin id="1257" dir="0" index="221" bw="8" slack="0"/>
<pin id="1258" dir="0" index="222" bw="8" slack="0"/>
<pin id="1259" dir="0" index="223" bw="8" slack="0"/>
<pin id="1260" dir="0" index="224" bw="8" slack="0"/>
<pin id="1261" dir="0" index="225" bw="8" slack="0"/>
<pin id="1262" dir="0" index="226" bw="8" slack="0"/>
<pin id="1263" dir="0" index="227" bw="8" slack="0"/>
<pin id="1264" dir="0" index="228" bw="8" slack="0"/>
<pin id="1265" dir="0" index="229" bw="8" slack="0"/>
<pin id="1266" dir="0" index="230" bw="8" slack="0"/>
<pin id="1267" dir="0" index="231" bw="8" slack="0"/>
<pin id="1268" dir="0" index="232" bw="8" slack="0"/>
<pin id="1269" dir="0" index="233" bw="8" slack="0"/>
<pin id="1270" dir="0" index="234" bw="8" slack="0"/>
<pin id="1271" dir="0" index="235" bw="8" slack="0"/>
<pin id="1272" dir="0" index="236" bw="8" slack="0"/>
<pin id="1273" dir="0" index="237" bw="8" slack="0"/>
<pin id="1274" dir="0" index="238" bw="8" slack="0"/>
<pin id="1275" dir="0" index="239" bw="8" slack="0"/>
<pin id="1276" dir="0" index="240" bw="8" slack="0"/>
<pin id="1277" dir="0" index="241" bw="8" slack="0"/>
<pin id="1278" dir="0" index="242" bw="8" slack="0"/>
<pin id="1279" dir="0" index="243" bw="8" slack="0"/>
<pin id="1280" dir="0" index="244" bw="8" slack="0"/>
<pin id="1281" dir="0" index="245" bw="8" slack="0"/>
<pin id="1282" dir="0" index="246" bw="8" slack="0"/>
<pin id="1283" dir="0" index="247" bw="8" slack="0"/>
<pin id="1284" dir="0" index="248" bw="8" slack="0"/>
<pin id="1285" dir="1" index="249" bw="0" slack="2147483647"/>
</pin_list>
<bind>
<opcode="call(48) " fcode="call"/>
<opset="call_ln334/7 "/>
</bind>
</comp>

<comp id="1408" class="1004" name="grp_mxm_execute_ursa_Pipeline_VITIS_LOOP_361_6_fu_1408">
<pin_list>
<pin id="1409" dir="0" index="0" bw="0" slack="0"/>
<pin id="1410" dir="0" index="1" bw="8" slack="0"/>
<pin id="1411" dir="0" index="2" bw="8" slack="0"/>
<pin id="1412" dir="0" index="3" bw="8" slack="0"/>
<pin id="1413" dir="0" index="4" bw="8" slack="0"/>
<pin id="1414" dir="0" index="5" bw="8" slack="0"/>
<pin id="1415" dir="0" index="6" bw="8" slack="0"/>
<pin id="1416" dir="0" index="7" bw="8" slack="0"/>
<pin id="1417" dir="0" index="8" bw="8" slack="0"/>
<pin id="1418" dir="0" index="9" bw="8" slack="0"/>
<pin id="1419" dir="0" index="10" bw="8" slack="0"/>
<pin id="1420" dir="0" index="11" bw="8" slack="0"/>
<pin id="1421" dir="0" index="12" bw="8" slack="0"/>
<pin id="1422" dir="0" index="13" bw="8" slack="0"/>
<pin id="1423" dir="0" index="14" bw="8" slack="0"/>
<pin id="1424" dir="0" index="15" bw="8" slack="0"/>
<pin id="1425" dir="0" index="16" bw="8" slack="0"/>
<pin id="1426" dir="0" index="17" bw="8" slack="0"/>
<pin id="1427" dir="0" index="18" bw="8" slack="0"/>
<pin id="1428" dir="0" index="19" bw="8" slack="0"/>
<pin id="1429" dir="0" index="20" bw="8" slack="0"/>
<pin id="1430" dir="0" index="21" bw="8" slack="0"/>
<pin id="1431" dir="0" index="22" bw="8" slack="0"/>
<pin id="1432" dir="0" index="23" bw="8" slack="0"/>
<pin id="1433" dir="0" index="24" bw="8" slack="0"/>
<pin id="1434" dir="0" index="25" bw="8" slack="0"/>
<pin id="1435" dir="0" index="26" bw="8" slack="0"/>
<pin id="1436" dir="0" index="27" bw="8" slack="0"/>
<pin id="1437" dir="0" index="28" bw="8" slack="0"/>
<pin id="1438" dir="0" index="29" bw="8" slack="0"/>
<pin id="1439" dir="0" index="30" bw="8" slack="0"/>
<pin id="1440" dir="0" index="31" bw="8" slack="0"/>
<pin id="1441" dir="0" index="32" bw="8" slack="0"/>
<pin id="1442" dir="0" index="33" bw="8" slack="0"/>
<pin id="1443" dir="0" index="34" bw="8" slack="0"/>
<pin id="1444" dir="0" index="35" bw="8" slack="0"/>
<pin id="1445" dir="0" index="36" bw="8" slack="0"/>
<pin id="1446" dir="0" index="37" bw="8" slack="0"/>
<pin id="1447" dir="0" index="38" bw="8" slack="0"/>
<pin id="1448" dir="0" index="39" bw="8" slack="0"/>
<pin id="1449" dir="0" index="40" bw="8" slack="0"/>
<pin id="1450" dir="0" index="41" bw="8" slack="0"/>
<pin id="1451" dir="0" index="42" bw="8" slack="0"/>
<pin id="1452" dir="0" index="43" bw="8" slack="0"/>
<pin id="1453" dir="0" index="44" bw="8" slack="0"/>
<pin id="1454" dir="0" index="45" bw="8" slack="0"/>
<pin id="1455" dir="0" index="46" bw="8" slack="0"/>
<pin id="1456" dir="0" index="47" bw="8" slack="0"/>
<pin id="1457" dir="0" index="48" bw="8" slack="0"/>
<pin id="1458" dir="0" index="49" bw="8" slack="0"/>
<pin id="1459" dir="0" index="50" bw="8" slack="0"/>
<pin id="1460" dir="0" index="51" bw="8" slack="0"/>
<pin id="1461" dir="0" index="52" bw="8" slack="0"/>
<pin id="1462" dir="0" index="53" bw="8" slack="0"/>
<pin id="1463" dir="0" index="54" bw="8" slack="0"/>
<pin id="1464" dir="0" index="55" bw="8" slack="0"/>
<pin id="1465" dir="0" index="56" bw="8" slack="0"/>
<pin id="1466" dir="0" index="57" bw="8" slack="0"/>
<pin id="1467" dir="0" index="58" bw="8" slack="0"/>
<pin id="1468" dir="0" index="59" bw="8" slack="0"/>
<pin id="1469" dir="0" index="60" bw="8" slack="0"/>
<pin id="1470" dir="0" index="61" bw="8" slack="0"/>
<pin id="1471" dir="0" index="62" bw="8" slack="0"/>
<pin id="1472" dir="0" index="63" bw="8" slack="0"/>
<pin id="1473" dir="0" index="64" bw="8" slack="0"/>
<pin id="1474" dir="0" index="65" bw="8" slack="0"/>
<pin id="1475" dir="0" index="66" bw="8" slack="0"/>
<pin id="1476" dir="0" index="67" bw="8" slack="0"/>
<pin id="1477" dir="0" index="68" bw="8" slack="0"/>
<pin id="1478" dir="0" index="69" bw="8" slack="0"/>
<pin id="1479" dir="0" index="70" bw="8" slack="0"/>
<pin id="1480" dir="0" index="71" bw="8" slack="0"/>
<pin id="1481" dir="0" index="72" bw="8" slack="0"/>
<pin id="1482" dir="0" index="73" bw="8" slack="0"/>
<pin id="1483" dir="0" index="74" bw="8" slack="0"/>
<pin id="1484" dir="0" index="75" bw="8" slack="0"/>
<pin id="1485" dir="0" index="76" bw="8" slack="0"/>
<pin id="1486" dir="0" index="77" bw="8" slack="0"/>
<pin id="1487" dir="0" index="78" bw="8" slack="0"/>
<pin id="1488" dir="0" index="79" bw="8" slack="0"/>
<pin id="1489" dir="0" index="80" bw="8" slack="0"/>
<pin id="1490" dir="0" index="81" bw="8" slack="0"/>
<pin id="1491" dir="0" index="82" bw="8" slack="0"/>
<pin id="1492" dir="0" index="83" bw="8" slack="0"/>
<pin id="1493" dir="0" index="84" bw="8" slack="0"/>
<pin id="1494" dir="0" index="85" bw="8" slack="0"/>
<pin id="1495" dir="0" index="86" bw="8" slack="0"/>
<pin id="1496" dir="0" index="87" bw="8" slack="0"/>
<pin id="1497" dir="0" index="88" bw="8" slack="0"/>
<pin id="1498" dir="0" index="89" bw="8" slack="0"/>
<pin id="1499" dir="0" index="90" bw="8" slack="0"/>
<pin id="1500" dir="0" index="91" bw="8" slack="0"/>
<pin id="1501" dir="0" index="92" bw="8" slack="0"/>
<pin id="1502" dir="0" index="93" bw="8" slack="0"/>
<pin id="1503" dir="0" index="94" bw="8" slack="0"/>
<pin id="1504" dir="0" index="95" bw="8" slack="0"/>
<pin id="1505" dir="0" index="96" bw="8" slack="0"/>
<pin id="1506" dir="0" index="97" bw="8" slack="0"/>
<pin id="1507" dir="0" index="98" bw="8" slack="0"/>
<pin id="1508" dir="0" index="99" bw="8" slack="0"/>
<pin id="1509" dir="0" index="100" bw="8" slack="0"/>
<pin id="1510" dir="0" index="101" bw="8" slack="0"/>
<pin id="1511" dir="0" index="102" bw="8" slack="0"/>
<pin id="1512" dir="0" index="103" bw="8" slack="0"/>
<pin id="1513" dir="0" index="104" bw="8" slack="0"/>
<pin id="1514" dir="0" index="105" bw="8" slack="0"/>
<pin id="1515" dir="0" index="106" bw="8" slack="0"/>
<pin id="1516" dir="0" index="107" bw="8" slack="0"/>
<pin id="1517" dir="0" index="108" bw="8" slack="0"/>
<pin id="1518" dir="0" index="109" bw="8" slack="0"/>
<pin id="1519" dir="0" index="110" bw="8" slack="0"/>
<pin id="1520" dir="0" index="111" bw="8" slack="0"/>
<pin id="1521" dir="0" index="112" bw="8" slack="0"/>
<pin id="1522" dir="0" index="113" bw="8" slack="0"/>
<pin id="1523" dir="0" index="114" bw="8" slack="0"/>
<pin id="1524" dir="0" index="115" bw="8" slack="0"/>
<pin id="1525" dir="0" index="116" bw="8" slack="0"/>
<pin id="1526" dir="0" index="117" bw="8" slack="0"/>
<pin id="1527" dir="0" index="118" bw="8" slack="0"/>
<pin id="1528" dir="0" index="119" bw="8" slack="0"/>
<pin id="1529" dir="0" index="120" bw="8" slack="0"/>
<pin id="1530" dir="0" index="121" bw="32" slack="2147483647"/>
<pin id="1531" dir="0" index="122" bw="13" slack="3"/>
<pin id="1532" dir="0" index="123" bw="16" slack="4"/>
<pin id="1533" dir="0" index="124" bw="16" slack="7"/>
<pin id="1534" dir="0" index="125" bw="1" slack="0"/>
<pin id="1535" dir="0" index="126" bw="64" slack="8"/>
<pin id="1536" dir="0" index="127" bw="32" slack="2"/>
<pin id="1537" dir="0" index="128" bw="1" slack="0"/>
<pin id="1538" dir="0" index="129" bw="16" slack="7"/>
<pin id="1539" dir="0" index="130" bw="1" slack="0"/>
<pin id="1540" dir="0" index="131" bw="1" slack="0"/>
<pin id="1541" dir="0" index="132" bw="16" slack="7"/>
<pin id="1542" dir="0" index="133" bw="1" slack="0"/>
<pin id="1543" dir="0" index="134" bw="1" slack="0"/>
<pin id="1544" dir="0" index="135" bw="1" slack="0"/>
<pin id="1545" dir="0" index="136" bw="8" slack="0"/>
<pin id="1546" dir="0" index="137" bw="1" slack="0"/>
<pin id="1547" dir="0" index="138" bw="16" slack="7"/>
<pin id="1548" dir="0" index="139" bw="8" slack="8"/>
<pin id="1549" dir="0" index="140" bw="8" slack="8"/>
<pin id="1550" dir="0" index="141" bw="8" slack="8"/>
<pin id="1551" dir="0" index="142" bw="8" slack="8"/>
<pin id="1552" dir="0" index="143" bw="8" slack="8"/>
<pin id="1553" dir="0" index="144" bw="8" slack="8"/>
<pin id="1554" dir="0" index="145" bw="8" slack="8"/>
<pin id="1555" dir="0" index="146" bw="8" slack="8"/>
<pin id="1556" dir="0" index="147" bw="8" slack="8"/>
<pin id="1557" dir="0" index="148" bw="8" slack="8"/>
<pin id="1558" dir="0" index="149" bw="8" slack="8"/>
<pin id="1559" dir="0" index="150" bw="8" slack="8"/>
<pin id="1560" dir="0" index="151" bw="8" slack="8"/>
<pin id="1561" dir="0" index="152" bw="8" slack="8"/>
<pin id="1562" dir="0" index="153" bw="8" slack="8"/>
<pin id="1563" dir="0" index="154" bw="8" slack="8"/>
<pin id="1564" dir="0" index="155" bw="8" slack="8"/>
<pin id="1565" dir="0" index="156" bw="8" slack="8"/>
<pin id="1566" dir="0" index="157" bw="8" slack="8"/>
<pin id="1567" dir="0" index="158" bw="8" slack="8"/>
<pin id="1568" dir="0" index="159" bw="8" slack="8"/>
<pin id="1569" dir="0" index="160" bw="8" slack="8"/>
<pin id="1570" dir="0" index="161" bw="8" slack="8"/>
<pin id="1571" dir="0" index="162" bw="8" slack="8"/>
<pin id="1572" dir="0" index="163" bw="8" slack="8"/>
<pin id="1573" dir="0" index="164" bw="8" slack="8"/>
<pin id="1574" dir="0" index="165" bw="8" slack="8"/>
<pin id="1575" dir="0" index="166" bw="8" slack="8"/>
<pin id="1576" dir="0" index="167" bw="8" slack="8"/>
<pin id="1577" dir="0" index="168" bw="8" slack="8"/>
<pin id="1578" dir="0" index="169" bw="8" slack="8"/>
<pin id="1579" dir="0" index="170" bw="8" slack="8"/>
<pin id="1580" dir="0" index="171" bw="8" slack="8"/>
<pin id="1581" dir="0" index="172" bw="8" slack="8"/>
<pin id="1582" dir="0" index="173" bw="8" slack="8"/>
<pin id="1583" dir="0" index="174" bw="8" slack="8"/>
<pin id="1584" dir="0" index="175" bw="8" slack="8"/>
<pin id="1585" dir="0" index="176" bw="8" slack="8"/>
<pin id="1586" dir="0" index="177" bw="8" slack="8"/>
<pin id="1587" dir="0" index="178" bw="8" slack="8"/>
<pin id="1588" dir="0" index="179" bw="8" slack="8"/>
<pin id="1589" dir="0" index="180" bw="8" slack="8"/>
<pin id="1590" dir="0" index="181" bw="8" slack="8"/>
<pin id="1591" dir="0" index="182" bw="8" slack="8"/>
<pin id="1592" dir="0" index="183" bw="8" slack="8"/>
<pin id="1593" dir="0" index="184" bw="8" slack="8"/>
<pin id="1594" dir="0" index="185" bw="8" slack="8"/>
<pin id="1595" dir="0" index="186" bw="8" slack="8"/>
<pin id="1596" dir="0" index="187" bw="8" slack="8"/>
<pin id="1597" dir="0" index="188" bw="8" slack="8"/>
<pin id="1598" dir="0" index="189" bw="8" slack="8"/>
<pin id="1599" dir="0" index="190" bw="8" slack="8"/>
<pin id="1600" dir="0" index="191" bw="8" slack="8"/>
<pin id="1601" dir="0" index="192" bw="8" slack="8"/>
<pin id="1602" dir="0" index="193" bw="8" slack="8"/>
<pin id="1603" dir="0" index="194" bw="8" slack="8"/>
<pin id="1604" dir="0" index="195" bw="8" slack="0"/>
<pin id="1605" dir="0" index="196" bw="32" slack="0"/>
<pin id="1606" dir="0" index="197" bw="32" slack="0"/>
<pin id="1607" dir="0" index="198" bw="32" slack="0"/>
<pin id="1608" dir="0" index="199" bw="32" slack="0"/>
<pin id="1609" dir="0" index="200" bw="32" slack="0"/>
<pin id="1610" dir="0" index="201" bw="32" slack="0"/>
<pin id="1611" dir="0" index="202" bw="32" slack="0"/>
<pin id="1612" dir="0" index="203" bw="32" slack="0"/>
<pin id="1613" dir="0" index="204" bw="32" slack="0"/>
<pin id="1614" dir="0" index="205" bw="32" slack="0"/>
<pin id="1615" dir="0" index="206" bw="32" slack="0"/>
<pin id="1616" dir="0" index="207" bw="32" slack="0"/>
<pin id="1617" dir="0" index="208" bw="32" slack="0"/>
<pin id="1618" dir="0" index="209" bw="32" slack="0"/>
<pin id="1619" dir="0" index="210" bw="32" slack="0"/>
<pin id="1620" dir="0" index="211" bw="32" slack="0"/>
<pin id="1621" dir="0" index="212" bw="32" slack="0"/>
<pin id="1622" dir="0" index="213" bw="32" slack="0"/>
<pin id="1623" dir="0" index="214" bw="32" slack="0"/>
<pin id="1624" dir="0" index="215" bw="32" slack="0"/>
<pin id="1625" dir="0" index="216" bw="32" slack="0"/>
<pin id="1626" dir="0" index="217" bw="32" slack="0"/>
<pin id="1627" dir="0" index="218" bw="32" slack="0"/>
<pin id="1628" dir="0" index="219" bw="32" slack="0"/>
<pin id="1629" dir="0" index="220" bw="32" slack="0"/>
<pin id="1630" dir="0" index="221" bw="32" slack="0"/>
<pin id="1631" dir="0" index="222" bw="32" slack="0"/>
<pin id="1632" dir="0" index="223" bw="32" slack="0"/>
<pin id="1633" dir="0" index="224" bw="32" slack="0"/>
<pin id="1634" dir="0" index="225" bw="32" slack="0"/>
<pin id="1635" dir="0" index="226" bw="32" slack="0"/>
<pin id="1636" dir="0" index="227" bw="32" slack="0"/>
<pin id="1637" dir="0" index="228" bw="32" slack="0"/>
<pin id="1638" dir="0" index="229" bw="32" slack="0"/>
<pin id="1639" dir="0" index="230" bw="32" slack="0"/>
<pin id="1640" dir="0" index="231" bw="32" slack="0"/>
<pin id="1641" dir="0" index="232" bw="32" slack="0"/>
<pin id="1642" dir="0" index="233" bw="32" slack="0"/>
<pin id="1643" dir="0" index="234" bw="32" slack="0"/>
<pin id="1644" dir="0" index="235" bw="32" slack="0"/>
<pin id="1645" dir="0" index="236" bw="32" slack="0"/>
<pin id="1646" dir="0" index="237" bw="32" slack="0"/>
<pin id="1647" dir="0" index="238" bw="32" slack="0"/>
<pin id="1648" dir="0" index="239" bw="32" slack="0"/>
<pin id="1649" dir="0" index="240" bw="32" slack="0"/>
<pin id="1650" dir="0" index="241" bw="32" slack="0"/>
<pin id="1651" dir="0" index="242" bw="32" slack="0"/>
<pin id="1652" dir="0" index="243" bw="32" slack="0"/>
<pin id="1653" dir="0" index="244" bw="32" slack="0"/>
<pin id="1654" dir="0" index="245" bw="32" slack="0"/>
<pin id="1655" dir="0" index="246" bw="32" slack="0"/>
<pin id="1656" dir="0" index="247" bw="32" slack="0"/>
<pin id="1657" dir="0" index="248" bw="32" slack="0"/>
<pin id="1658" dir="0" index="249" bw="32" slack="0"/>
<pin id="1659" dir="0" index="250" bw="32" slack="0"/>
<pin id="1660" dir="0" index="251" bw="32" slack="0"/>
<pin id="1661" dir="0" index="252" bw="8" slack="0"/>
<pin id="1662" dir="0" index="253" bw="8" slack="0"/>
<pin id="1663" dir="0" index="254" bw="8" slack="0"/>
<pin id="1664" dir="0" index="255" bw="8" slack="0"/>
<pin id="1665" dir="0" index="256" bw="8" slack="0"/>
<pin id="1666" dir="0" index="257" bw="8" slack="0"/>
<pin id="1667" dir="0" index="258" bw="8" slack="0"/>
<pin id="1668" dir="0" index="259" bw="8" slack="0"/>
<pin id="1669" dir="0" index="260" bw="8" slack="0"/>
<pin id="1670" dir="0" index="261" bw="8" slack="0"/>
<pin id="1671" dir="0" index="262" bw="8" slack="0"/>
<pin id="1672" dir="0" index="263" bw="8" slack="0"/>
<pin id="1673" dir="0" index="264" bw="8" slack="0"/>
<pin id="1674" dir="0" index="265" bw="8" slack="0"/>
<pin id="1675" dir="0" index="266" bw="8" slack="0"/>
<pin id="1676" dir="0" index="267" bw="8" slack="0"/>
<pin id="1677" dir="0" index="268" bw="8" slack="0"/>
<pin id="1678" dir="0" index="269" bw="8" slack="0"/>
<pin id="1679" dir="0" index="270" bw="8" slack="0"/>
<pin id="1680" dir="0" index="271" bw="8" slack="0"/>
<pin id="1681" dir="0" index="272" bw="8" slack="0"/>
<pin id="1682" dir="0" index="273" bw="8" slack="0"/>
<pin id="1683" dir="0" index="274" bw="8" slack="0"/>
<pin id="1684" dir="0" index="275" bw="8" slack="0"/>
<pin id="1685" dir="0" index="276" bw="8" slack="0"/>
<pin id="1686" dir="0" index="277" bw="8" slack="0"/>
<pin id="1687" dir="0" index="278" bw="8" slack="0"/>
<pin id="1688" dir="0" index="279" bw="8" slack="0"/>
<pin id="1689" dir="0" index="280" bw="8" slack="0"/>
<pin id="1690" dir="0" index="281" bw="8" slack="0"/>
<pin id="1691" dir="0" index="282" bw="8" slack="0"/>
<pin id="1692" dir="0" index="283" bw="8" slack="0"/>
<pin id="1693" dir="0" index="284" bw="8" slack="0"/>
<pin id="1694" dir="0" index="285" bw="8" slack="0"/>
<pin id="1695" dir="0" index="286" bw="8" slack="0"/>
<pin id="1696" dir="0" index="287" bw="8" slack="0"/>
<pin id="1697" dir="0" index="288" bw="8" slack="0"/>
<pin id="1698" dir="0" index="289" bw="8" slack="0"/>
<pin id="1699" dir="0" index="290" bw="8" slack="0"/>
<pin id="1700" dir="0" index="291" bw="8" slack="0"/>
<pin id="1701" dir="0" index="292" bw="8" slack="0"/>
<pin id="1702" dir="0" index="293" bw="8" slack="0"/>
<pin id="1703" dir="0" index="294" bw="8" slack="0"/>
<pin id="1704" dir="0" index="295" bw="8" slack="0"/>
<pin id="1705" dir="0" index="296" bw="8" slack="0"/>
<pin id="1706" dir="0" index="297" bw="8" slack="0"/>
<pin id="1707" dir="0" index="298" bw="8" slack="0"/>
<pin id="1708" dir="0" index="299" bw="8" slack="0"/>
<pin id="1709" dir="0" index="300" bw="8" slack="0"/>
<pin id="1710" dir="0" index="301" bw="8" slack="0"/>
<pin id="1711" dir="0" index="302" bw="8" slack="0"/>
<pin id="1712" dir="0" index="303" bw="8" slack="0"/>
<pin id="1713" dir="0" index="304" bw="8" slack="0"/>
<pin id="1714" dir="0" index="305" bw="8" slack="0"/>
<pin id="1715" dir="0" index="306" bw="8" slack="0"/>
<pin id="1716" dir="1" index="307" bw="0" slack="2147483647"/>
</pin_list>
<bind>
<opcode="call(48) " fcode="call"/>
<opset="call_ln18/9 "/>
</bind>
</comp>

<comp id="1831" class="1004" name="grp_mxm_execute_ursa_Pipeline_VITIS_LOOP_382_7_fu_1831">
<pin_list>
<pin id="1832" dir="0" index="0" bw="0" slack="0"/>
<pin id="1833" dir="0" index="1" bw="32" slack="0"/>
<pin id="1834" dir="0" index="2" bw="1" slack="1"/>
<pin id="1835" dir="0" index="3" bw="1" slack="1"/>
<pin id="1836" dir="0" index="4" bw="1" slack="1"/>
<pin id="1837" dir="0" index="5" bw="1" slack="1"/>
<pin id="1838" dir="0" index="6" bw="1" slack="1"/>
<pin id="1839" dir="0" index="7" bw="1" slack="1"/>
<pin id="1840" dir="0" index="8" bw="1" slack="1"/>
<pin id="1841" dir="0" index="9" bw="32" slack="2147483647"/>
<pin id="1842" dir="0" index="10" bw="13" slack="3"/>
<pin id="1843" dir="0" index="11" bw="16" slack="5"/>
<pin id="1844" dir="0" index="12" bw="16" slack="5"/>
<pin id="1845" dir="0" index="13" bw="1" slack="1"/>
<pin id="1846" dir="0" index="14" bw="16" slack="2"/>
<pin id="1847" dir="0" index="15" bw="64" slack="6"/>
<pin id="1848" dir="0" index="16" bw="16" slack="1"/>
<pin id="1849" dir="0" index="17" bw="16" slack="1"/>
<pin id="1850" dir="0" index="18" bw="16" slack="1"/>
<pin id="1851" dir="0" index="19" bw="16" slack="1"/>
<pin id="1852" dir="0" index="20" bw="16" slack="1"/>
<pin id="1853" dir="0" index="21" bw="16" slack="1"/>
<pin id="1854" dir="0" index="22" bw="16" slack="1"/>
<pin id="1855" dir="1" index="23" bw="0" slack="2147483647"/>
</pin_list>
<bind>
<opcode="call(48) " fcode="call"/>
<opset="call_ln312/11 "/>
</bind>
</comp>

<comp id="1858" class="1004" name="mxm_execute_ursa_signed_char_unsigned_short_unsigned_char_unsigned_short_i_614_load_fu_1858">
<pin_list>
<pin id="1859" dir="0" index="0" bw="8" slack="0"/>
<pin id="1860" dir="1" index="1" bw="8" slack="0"/>
</pin_list>
<bind>
<opcode="load(27) " fcode="load"/>
<opset="mxm_execute_ursa_signed_char_unsigned_short_unsigned_char_unsigned_short_i_614/1 "/>
</bind>
</comp>

<comp id="1862" class="1004" name="mxm_execute_ursa_signed_char_unsigned_short_unsigned_char_unsigned_short_i_615_load_fu_1862">
<pin_list>
<pin id="1863" dir="0" index="0" bw="8" slack="0"/>
<pin id="1864" dir="1" index="1" bw="8" slack="0"/>
</pin_list>
<bind>
<opcode="load(27) " fcode="load"/>
<opset="mxm_execute_ursa_signed_char_unsigned_short_unsigned_char_unsigned_short_i_615/1 "/>
</bind>
</comp>

<comp id="1866" class="1004" name="mxm_execute_ursa_signed_char_unsigned_short_unsigned_char_unsigned_short_i_616_load_fu_1866">
<pin_list>
<pin id="1867" dir="0" index="0" bw="8" slack="0"/>
<pin id="1868" dir="1" index="1" bw="8" slack="0"/>
</pin_list>
<bind>
<opcode="load(27) " fcode="load"/>
<opset="mxm_execute_ursa_signed_char_unsigned_short_unsigned_char_unsigned_short_i_616/1 "/>
</bind>
</comp>

<comp id="1870" class="1004" name="mxm_execute_ursa_signed_char_unsigned_short_unsigned_char_unsigned_short_i_617_load_fu_1870">
<pin_list>
<pin id="1871" dir="0" index="0" bw="8" slack="0"/>
<pin id="1872" dir="1" index="1" bw="8" slack="0"/>
</pin_list>
<bind>
<opcode="load(27) " fcode="load"/>
<opset="mxm_execute_ursa_signed_char_unsigned_short_unsigned_char_unsigned_short_i_617/1 "/>
</bind>
</comp>

<comp id="1874" class="1004" name="mxm_execute_ursa_signed_char_unsigned_short_unsigned_char_unsigned_short_i_618_load_fu_1874">
<pin_list>
<pin id="1875" dir="0" index="0" bw="8" slack="0"/>
<pin id="1876" dir="1" index="1" bw="8" slack="0"/>
</pin_list>
<bind>
<opcode="load(27) " fcode="load"/>
<opset="mxm_execute_ursa_signed_char_unsigned_short_unsigned_char_unsigned_short_i_618/1 "/>
</bind>
</comp>

<comp id="1878" class="1004" name="mxm_execute_ursa_signed_char_unsigned_short_unsigned_char_unsigned_short_i_619_load_fu_1878">
<pin_list>
<pin id="1879" dir="0" index="0" bw="8" slack="0"/>
<pin id="1880" dir="1" index="1" bw="8" slack="0"/>
</pin_list>
<bind>
<opcode="load(27) " fcode="load"/>
<opset="mxm_execute_ursa_signed_char_unsigned_short_unsigned_char_unsigned_short_i_619/1 "/>
</bind>
</comp>

<comp id="1882" class="1004" name="mxm_execute_ursa_signed_char_unsigned_short_unsigned_char_unsigned_short_i_620_load_fu_1882">
<pin_list>
<pin id="1883" dir="0" index="0" bw="8" slack="0"/>
<pin id="1884" dir="1" index="1" bw="8" slack="0"/>
</pin_list>
<bind>
<opcode="load(27) " fcode="load"/>
<opset="mxm_execute_ursa_signed_char_unsigned_short_unsigned_char_unsigned_short_i_620/1 "/>
</bind>
</comp>

<comp id="1886" class="1004" name="mxm_execute_ursa_signed_char_unsigned_short_unsigned_char_unsigned_short_i_621_load_fu_1886">
<pin_list>
<pin id="1887" dir="0" index="0" bw="8" slack="0"/>
<pin id="1888" dir="1" index="1" bw="8" slack="0"/>
</pin_list>
<bind>
<opcode="load(27) " fcode="load"/>
<opset="mxm_execute_ursa_signed_char_unsigned_short_unsigned_char_unsigned_short_i_621/1 "/>
</bind>
</comp>

<comp id="1890" class="1004" name="mxm_execute_ursa_signed_char_unsigned_short_unsigned_char_unsigned_short_i_622_load_fu_1890">
<pin_list>
<pin id="1891" dir="0" index="0" bw="8" slack="0"/>
<pin id="1892" dir="1" index="1" bw="8" slack="0"/>
</pin_list>
<bind>
<opcode="load(27) " fcode="load"/>
<opset="mxm_execute_ursa_signed_char_unsigned_short_unsigned_char_unsigned_short_i_622/1 "/>
</bind>
</comp>

<comp id="1894" class="1004" name="mxm_execute_ursa_signed_char_unsigned_short_unsigned_char_unsigned_short_i_623_load_fu_1894">
<pin_list>
<pin id="1895" dir="0" index="0" bw="8" slack="0"/>
<pin id="1896" dir="1" index="1" bw="8" slack="0"/>
</pin_list>
<bind>
<opcode="load(27) " fcode="load"/>
<opset="mxm_execute_ursa_signed_char_unsigned_short_unsigned_char_unsigned_short_i_623/1 "/>
</bind>
</comp>

<comp id="1898" class="1004" name="mxm_execute_ursa_signed_char_unsigned_short_unsigned_char_unsigned_short_i_624_load_fu_1898">
<pin_list>
<pin id="1899" dir="0" index="0" bw="8" slack="0"/>
<pin id="1900" dir="1" index="1" bw="8" slack="0"/>
</pin_list>
<bind>
<opcode="load(27) " fcode="load"/>
<opset="mxm_execute_ursa_signed_char_unsigned_short_unsigned_char_unsigned_short_i_624/1 "/>
</bind>
</comp>

<comp id="1902" class="1004" name="mxm_execute_ursa_signed_char_unsigned_short_unsigned_char_unsigned_short_i_625_load_fu_1902">
<pin_list>
<pin id="1903" dir="0" index="0" bw="8" slack="0"/>
<pin id="1904" dir="1" index="1" bw="8" slack="0"/>
</pin_list>
<bind>
<opcode="load(27) " fcode="load"/>
<opset="mxm_execute_ursa_signed_char_unsigned_short_unsigned_char_unsigned_short_i_625/1 "/>
</bind>
</comp>

<comp id="1906" class="1004" name="mxm_execute_ursa_signed_char_unsigned_short_unsigned_char_unsigned_short_i_626_load_fu_1906">
<pin_list>
<pin id="1907" dir="0" index="0" bw="8" slack="0"/>
<pin id="1908" dir="1" index="1" bw="8" slack="0"/>
</pin_list>
<bind>
<opcode="load(27) " fcode="load"/>
<opset="mxm_execute_ursa_signed_char_unsigned_short_unsigned_char_unsigned_short_i_626/1 "/>
</bind>
</comp>

<comp id="1910" class="1004" name="mxm_execute_ursa_signed_char_unsigned_short_unsigned_char_unsigned_short_i_627_load_fu_1910">
<pin_list>
<pin id="1911" dir="0" index="0" bw="8" slack="0"/>
<pin id="1912" dir="1" index="1" bw="8" slack="0"/>
</pin_list>
<bind>
<opcode="load(27) " fcode="load"/>
<opset="mxm_execute_ursa_signed_char_unsigned_short_unsigned_char_unsigned_short_i_627/1 "/>
</bind>
</comp>

<comp id="1914" class="1004" name="mxm_execute_ursa_signed_char_unsigned_short_unsigned_char_unsigned_short_i_628_load_fu_1914">
<pin_list>
<pin id="1915" dir="0" index="0" bw="8" slack="0"/>
<pin id="1916" dir="1" index="1" bw="8" slack="0"/>
</pin_list>
<bind>
<opcode="load(27) " fcode="load"/>
<opset="mxm_execute_ursa_signed_char_unsigned_short_unsigned_char_unsigned_short_i_628/1 "/>
</bind>
</comp>

<comp id="1918" class="1004" name="mxm_execute_ursa_signed_char_unsigned_short_unsigned_char_unsigned_short_i_629_load_fu_1918">
<pin_list>
<pin id="1919" dir="0" index="0" bw="8" slack="0"/>
<pin id="1920" dir="1" index="1" bw="8" slack="0"/>
</pin_list>
<bind>
<opcode="load(27) " fcode="load"/>
<opset="mxm_execute_ursa_signed_char_unsigned_short_unsigned_char_unsigned_short_i_629/1 "/>
</bind>
</comp>

<comp id="1922" class="1004" name="mxm_execute_ursa_signed_char_unsigned_short_unsigned_char_unsigned_short_i_630_load_fu_1922">
<pin_list>
<pin id="1923" dir="0" index="0" bw="8" slack="0"/>
<pin id="1924" dir="1" index="1" bw="8" slack="0"/>
</pin_list>
<bind>
<opcode="load(27) " fcode="load"/>
<opset="mxm_execute_ursa_signed_char_unsigned_short_unsigned_char_unsigned_short_i_630/1 "/>
</bind>
</comp>

<comp id="1926" class="1004" name="mxm_execute_ursa_signed_char_unsigned_short_unsigned_char_unsigned_short_i_631_load_fu_1926">
<pin_list>
<pin id="1927" dir="0" index="0" bw="8" slack="0"/>
<pin id="1928" dir="1" index="1" bw="8" slack="0"/>
</pin_list>
<bind>
<opcode="load(27) " fcode="load"/>
<opset="mxm_execute_ursa_signed_char_unsigned_short_unsigned_char_unsigned_short_i_631/1 "/>
</bind>
</comp>

<comp id="1930" class="1004" name="mxm_execute_ursa_signed_char_unsigned_short_unsigned_char_unsigned_short_i_632_load_fu_1930">
<pin_list>
<pin id="1931" dir="0" index="0" bw="8" slack="0"/>
<pin id="1932" dir="1" index="1" bw="8" slack="0"/>
</pin_list>
<bind>
<opcode="load(27) " fcode="load"/>
<opset="mxm_execute_ursa_signed_char_unsigned_short_unsigned_char_unsigned_short_i_632/1 "/>
</bind>
</comp>

<comp id="1934" class="1004" name="mxm_execute_ursa_signed_char_unsigned_short_unsigned_char_unsigned_short_i_633_load_fu_1934">
<pin_list>
<pin id="1935" dir="0" index="0" bw="8" slack="0"/>
<pin id="1936" dir="1" index="1" bw="8" slack="0"/>
</pin_list>
<bind>
<opcode="load(27) " fcode="load"/>
<opset="mxm_execute_ursa_signed_char_unsigned_short_unsigned_char_unsigned_short_i_633/1 "/>
</bind>
</comp>

<comp id="1938" class="1004" name="mxm_execute_ursa_signed_char_unsigned_short_unsigned_char_unsigned_short_i_634_load_fu_1938">
<pin_list>
<pin id="1939" dir="0" index="0" bw="8" slack="0"/>
<pin id="1940" dir="1" index="1" bw="8" slack="0"/>
</pin_list>
<bind>
<opcode="load(27) " fcode="load"/>
<opset="mxm_execute_ursa_signed_char_unsigned_short_unsigned_char_unsigned_short_i_634/1 "/>
</bind>
</comp>

<comp id="1942" class="1004" name="mxm_execute_ursa_signed_char_unsigned_short_unsigned_char_unsigned_short_i_635_load_fu_1942">
<pin_list>
<pin id="1943" dir="0" index="0" bw="8" slack="0"/>
<pin id="1944" dir="1" index="1" bw="8" slack="0"/>
</pin_list>
<bind>
<opcode="load(27) " fcode="load"/>
<opset="mxm_execute_ursa_signed_char_unsigned_short_unsigned_char_unsigned_short_i_635/1 "/>
</bind>
</comp>

<comp id="1946" class="1004" name="mxm_execute_ursa_signed_char_unsigned_short_unsigned_char_unsigned_short_i_636_load_fu_1946">
<pin_list>
<pin id="1947" dir="0" index="0" bw="8" slack="0"/>
<pin id="1948" dir="1" index="1" bw="8" slack="0"/>
</pin_list>
<bind>
<opcode="load(27) " fcode="load"/>
<opset="mxm_execute_ursa_signed_char_unsigned_short_unsigned_char_unsigned_short_i_636/1 "/>
</bind>
</comp>

<comp id="1950" class="1004" name="mxm_execute_ursa_signed_char_unsigned_short_unsigned_char_unsigned_short_i_637_load_fu_1950">
<pin_list>
<pin id="1951" dir="0" index="0" bw="8" slack="0"/>
<pin id="1952" dir="1" index="1" bw="8" slack="0"/>
</pin_list>
<bind>
<opcode="load(27) " fcode="load"/>
<opset="mxm_execute_ursa_signed_char_unsigned_short_unsigned_char_unsigned_short_i_637/1 "/>
</bind>
</comp>

<comp id="1954" class="1004" name="mxm_execute_ursa_signed_char_unsigned_short_unsigned_char_unsigned_short_i_638_load_fu_1954">
<pin_list>
<pin id="1955" dir="0" index="0" bw="8" slack="0"/>
<pin id="1956" dir="1" index="1" bw="8" slack="0"/>
</pin_list>
<bind>
<opcode="load(27) " fcode="load"/>
<opset="mxm_execute_ursa_signed_char_unsigned_short_unsigned_char_unsigned_short_i_638/1 "/>
</bind>
</comp>

<comp id="1958" class="1004" name="mxm_execute_ursa_signed_char_unsigned_short_unsigned_char_unsigned_short_i_639_load_fu_1958">
<pin_list>
<pin id="1959" dir="0" index="0" bw="8" slack="0"/>
<pin id="1960" dir="1" index="1" bw="8" slack="0"/>
</pin_list>
<bind>
<opcode="load(27) " fcode="load"/>
<opset="mxm_execute_ursa_signed_char_unsigned_short_unsigned_char_unsigned_short_i_639/1 "/>
</bind>
</comp>

<comp id="1962" class="1004" name="mxm_execute_ursa_signed_char_unsigned_short_unsigned_char_unsigned_short_i_640_load_fu_1962">
<pin_list>
<pin id="1963" dir="0" index="0" bw="8" slack="0"/>
<pin id="1964" dir="1" index="1" bw="8" slack="0"/>
</pin_list>
<bind>
<opcode="load(27) " fcode="load"/>
<opset="mxm_execute_ursa_signed_char_unsigned_short_unsigned_char_unsigned_short_i_640/1 "/>
</bind>
</comp>

<comp id="1966" class="1004" name="mxm_execute_ursa_signed_char_unsigned_short_unsigned_char_unsigned_short_i_641_load_fu_1966">
<pin_list>
<pin id="1967" dir="0" index="0" bw="8" slack="0"/>
<pin id="1968" dir="1" index="1" bw="8" slack="0"/>
</pin_list>
<bind>
<opcode="load(27) " fcode="load"/>
<opset="mxm_execute_ursa_signed_char_unsigned_short_unsigned_char_unsigned_short_i_641/1 "/>
</bind>
</comp>

<comp id="1970" class="1004" name="mxm_execute_ursa_signed_char_unsigned_short_unsigned_char_unsigned_short_i_642_load_fu_1970">
<pin_list>
<pin id="1971" dir="0" index="0" bw="8" slack="0"/>
<pin id="1972" dir="1" index="1" bw="8" slack="0"/>
</pin_list>
<bind>
<opcode="load(27) " fcode="load"/>
<opset="mxm_execute_ursa_signed_char_unsigned_short_unsigned_char_unsigned_short_i_642/1 "/>
</bind>
</comp>

<comp id="1974" class="1004" name="mxm_execute_ursa_signed_char_unsigned_short_unsigned_char_unsigned_short_i_643_load_fu_1974">
<pin_list>
<pin id="1975" dir="0" index="0" bw="8" slack="0"/>
<pin id="1976" dir="1" index="1" bw="8" slack="0"/>
</pin_list>
<bind>
<opcode="load(27) " fcode="load"/>
<opset="mxm_execute_ursa_signed_char_unsigned_short_unsigned_char_unsigned_short_i_643/1 "/>
</bind>
</comp>

<comp id="1978" class="1004" name="mxm_execute_ursa_signed_char_unsigned_short_unsigned_char_unsigned_short_i_644_load_fu_1978">
<pin_list>
<pin id="1979" dir="0" index="0" bw="8" slack="0"/>
<pin id="1980" dir="1" index="1" bw="8" slack="0"/>
</pin_list>
<bind>
<opcode="load(27) " fcode="load"/>
<opset="mxm_execute_ursa_signed_char_unsigned_short_unsigned_char_unsigned_short_i_644/1 "/>
</bind>
</comp>

<comp id="1982" class="1004" name="mxm_execute_ursa_signed_char_unsigned_short_unsigned_char_unsigned_short_i_645_load_fu_1982">
<pin_list>
<pin id="1983" dir="0" index="0" bw="8" slack="0"/>
<pin id="1984" dir="1" index="1" bw="8" slack="0"/>
</pin_list>
<bind>
<opcode="load(27) " fcode="load"/>
<opset="mxm_execute_ursa_signed_char_unsigned_short_unsigned_char_unsigned_short_i_645/1 "/>
</bind>
</comp>

<comp id="1986" class="1004" name="mxm_execute_ursa_signed_char_unsigned_short_unsigned_char_unsigned_short_i_646_load_fu_1986">
<pin_list>
<pin id="1987" dir="0" index="0" bw="8" slack="0"/>
<pin id="1988" dir="1" index="1" bw="8" slack="0"/>
</pin_list>
<bind>
<opcode="load(27) " fcode="load"/>
<opset="mxm_execute_ursa_signed_char_unsigned_short_unsigned_char_unsigned_short_i_646/1 "/>
</bind>
</comp>

<comp id="1990" class="1004" name="mxm_execute_ursa_signed_char_unsigned_short_unsigned_char_unsigned_short_i_647_load_fu_1990">
<pin_list>
<pin id="1991" dir="0" index="0" bw="8" slack="0"/>
<pin id="1992" dir="1" index="1" bw="8" slack="0"/>
</pin_list>
<bind>
<opcode="load(27) " fcode="load"/>
<opset="mxm_execute_ursa_signed_char_unsigned_short_unsigned_char_unsigned_short_i_647/1 "/>
</bind>
</comp>

<comp id="1994" class="1004" name="mxm_execute_ursa_signed_char_unsigned_short_unsigned_char_unsigned_short_i_648_load_fu_1994">
<pin_list>
<pin id="1995" dir="0" index="0" bw="8" slack="0"/>
<pin id="1996" dir="1" index="1" bw="8" slack="0"/>
</pin_list>
<bind>
<opcode="load(27) " fcode="load"/>
<opset="mxm_execute_ursa_signed_char_unsigned_short_unsigned_char_unsigned_short_i_648/1 "/>
</bind>
</comp>

<comp id="1998" class="1004" name="mxm_execute_ursa_signed_char_unsigned_short_unsigned_char_unsigned_short_i_649_load_fu_1998">
<pin_list>
<pin id="1999" dir="0" index="0" bw="8" slack="0"/>
<pin id="2000" dir="1" index="1" bw="8" slack="0"/>
</pin_list>
<bind>
<opcode="load(27) " fcode="load"/>
<opset="mxm_execute_ursa_signed_char_unsigned_short_unsigned_char_unsigned_short_i_649/1 "/>
</bind>
</comp>

<comp id="2002" class="1004" name="mxm_execute_ursa_signed_char_unsigned_short_unsigned_char_unsigned_short_i_650_load_fu_2002">
<pin_list>
<pin id="2003" dir="0" index="0" bw="8" slack="0"/>
<pin id="2004" dir="1" index="1" bw="8" slack="0"/>
</pin_list>
<bind>
<opcode="load(27) " fcode="load"/>
<opset="mxm_execute_ursa_signed_char_unsigned_short_unsigned_char_unsigned_short_i_650/1 "/>
</bind>
</comp>

<comp id="2006" class="1004" name="mxm_execute_ursa_signed_char_unsigned_short_unsigned_char_unsigned_short_i_651_load_fu_2006">
<pin_list>
<pin id="2007" dir="0" index="0" bw="8" slack="0"/>
<pin id="2008" dir="1" index="1" bw="8" slack="0"/>
</pin_list>
<bind>
<opcode="load(27) " fcode="load"/>
<opset="mxm_execute_ursa_signed_char_unsigned_short_unsigned_char_unsigned_short_i_651/1 "/>
</bind>
</comp>

<comp id="2010" class="1004" name="mxm_execute_ursa_signed_char_unsigned_short_unsigned_char_unsigned_short_i_652_load_fu_2010">
<pin_list>
<pin id="2011" dir="0" index="0" bw="8" slack="0"/>
<pin id="2012" dir="1" index="1" bw="8" slack="0"/>
</pin_list>
<bind>
<opcode="load(27) " fcode="load"/>
<opset="mxm_execute_ursa_signed_char_unsigned_short_unsigned_char_unsigned_short_i_652/1 "/>
</bind>
</comp>

<comp id="2014" class="1004" name="mxm_execute_ursa_signed_char_unsigned_short_unsigned_char_unsigned_short_i_653_load_fu_2014">
<pin_list>
<pin id="2015" dir="0" index="0" bw="8" slack="0"/>
<pin id="2016" dir="1" index="1" bw="8" slack="0"/>
</pin_list>
<bind>
<opcode="load(27) " fcode="load"/>
<opset="mxm_execute_ursa_signed_char_unsigned_short_unsigned_char_unsigned_short_i_653/1 "/>
</bind>
</comp>

<comp id="2018" class="1004" name="mxm_execute_ursa_signed_char_unsigned_short_unsigned_char_unsigned_short_i_654_load_fu_2018">
<pin_list>
<pin id="2019" dir="0" index="0" bw="8" slack="0"/>
<pin id="2020" dir="1" index="1" bw="8" slack="0"/>
</pin_list>
<bind>
<opcode="load(27) " fcode="load"/>
<opset="mxm_execute_ursa_signed_char_unsigned_short_unsigned_char_unsigned_short_i_654/1 "/>
</bind>
</comp>

<comp id="2022" class="1004" name="mxm_execute_ursa_signed_char_unsigned_short_unsigned_char_unsigned_short_i_655_load_fu_2022">
<pin_list>
<pin id="2023" dir="0" index="0" bw="8" slack="0"/>
<pin id="2024" dir="1" index="1" bw="8" slack="0"/>
</pin_list>
<bind>
<opcode="load(27) " fcode="load"/>
<opset="mxm_execute_ursa_signed_char_unsigned_short_unsigned_char_unsigned_short_i_655/1 "/>
</bind>
</comp>

<comp id="2026" class="1004" name="mxm_execute_ursa_signed_char_unsigned_short_unsigned_char_unsigned_short_i_656_load_fu_2026">
<pin_list>
<pin id="2027" dir="0" index="0" bw="8" slack="0"/>
<pin id="2028" dir="1" index="1" bw="8" slack="0"/>
</pin_list>
<bind>
<opcode="load(27) " fcode="load"/>
<opset="mxm_execute_ursa_signed_char_unsigned_short_unsigned_char_unsigned_short_i_656/1 "/>
</bind>
</comp>

<comp id="2030" class="1004" name="mxm_execute_ursa_signed_char_unsigned_short_unsigned_char_unsigned_short_i_657_load_fu_2030">
<pin_list>
<pin id="2031" dir="0" index="0" bw="8" slack="0"/>
<pin id="2032" dir="1" index="1" bw="8" slack="0"/>
</pin_list>
<bind>
<opcode="load(27) " fcode="load"/>
<opset="mxm_execute_ursa_signed_char_unsigned_short_unsigned_char_unsigned_short_i_657/1 "/>
</bind>
</comp>

<comp id="2034" class="1004" name="mxm_execute_ursa_signed_char_unsigned_short_unsigned_char_unsigned_short_i_658_load_fu_2034">
<pin_list>
<pin id="2035" dir="0" index="0" bw="8" slack="0"/>
<pin id="2036" dir="1" index="1" bw="8" slack="0"/>
</pin_list>
<bind>
<opcode="load(27) " fcode="load"/>
<opset="mxm_execute_ursa_signed_char_unsigned_short_unsigned_char_unsigned_short_i_658/1 "/>
</bind>
</comp>

<comp id="2038" class="1004" name="mxm_execute_ursa_signed_char_unsigned_short_unsigned_char_unsigned_short_i_659_load_fu_2038">
<pin_list>
<pin id="2039" dir="0" index="0" bw="8" slack="0"/>
<pin id="2040" dir="1" index="1" bw="8" slack="0"/>
</pin_list>
<bind>
<opcode="load(27) " fcode="load"/>
<opset="mxm_execute_ursa_signed_char_unsigned_short_unsigned_char_unsigned_short_i_659/1 "/>
</bind>
</comp>

<comp id="2042" class="1004" name="mxm_execute_ursa_signed_char_unsigned_short_unsigned_char_unsigned_short_i_660_load_fu_2042">
<pin_list>
<pin id="2043" dir="0" index="0" bw="8" slack="0"/>
<pin id="2044" dir="1" index="1" bw="8" slack="0"/>
</pin_list>
<bind>
<opcode="load(27) " fcode="load"/>
<opset="mxm_execute_ursa_signed_char_unsigned_short_unsigned_char_unsigned_short_i_660/1 "/>
</bind>
</comp>

<comp id="2046" class="1004" name="mxm_execute_ursa_signed_char_unsigned_short_unsigned_char_unsigned_short_i_661_load_fu_2046">
<pin_list>
<pin id="2047" dir="0" index="0" bw="8" slack="0"/>
<pin id="2048" dir="1" index="1" bw="8" slack="0"/>
</pin_list>
<bind>
<opcode="load(27) " fcode="load"/>
<opset="mxm_execute_ursa_signed_char_unsigned_short_unsigned_char_unsigned_short_i_661/1 "/>
</bind>
</comp>

<comp id="2050" class="1004" name="mxm_execute_ursa_signed_char_unsigned_short_unsigned_char_unsigned_short_i_662_load_fu_2050">
<pin_list>
<pin id="2051" dir="0" index="0" bw="8" slack="0"/>
<pin id="2052" dir="1" index="1" bw="8" slack="0"/>
</pin_list>
<bind>
<opcode="load(27) " fcode="load"/>
<opset="mxm_execute_ursa_signed_char_unsigned_short_unsigned_char_unsigned_short_i_662/1 "/>
</bind>
</comp>

<comp id="2054" class="1004" name="mxm_execute_ursa_signed_char_unsigned_short_unsigned_char_unsigned_short_i_663_load_fu_2054">
<pin_list>
<pin id="2055" dir="0" index="0" bw="8" slack="0"/>
<pin id="2056" dir="1" index="1" bw="8" slack="0"/>
</pin_list>
<bind>
<opcode="load(27) " fcode="load"/>
<opset="mxm_execute_ursa_signed_char_unsigned_short_unsigned_char_unsigned_short_i_663/1 "/>
</bind>
</comp>

<comp id="2058" class="1004" name="mxm_execute_ursa_signed_char_unsigned_short_unsigned_char_unsigned_short_i_664_load_fu_2058">
<pin_list>
<pin id="2059" dir="0" index="0" bw="8" slack="0"/>
<pin id="2060" dir="1" index="1" bw="8" slack="0"/>
</pin_list>
<bind>
<opcode="load(27) " fcode="load"/>
<opset="mxm_execute_ursa_signed_char_unsigned_short_unsigned_char_unsigned_short_i_664/1 "/>
</bind>
</comp>

<comp id="2062" class="1004" name="mxm_execute_ursa_signed_char_unsigned_short_unsigned_char_unsigned_short_i_665_load_fu_2062">
<pin_list>
<pin id="2063" dir="0" index="0" bw="8" slack="0"/>
<pin id="2064" dir="1" index="1" bw="8" slack="0"/>
</pin_list>
<bind>
<opcode="load(27) " fcode="load"/>
<opset="mxm_execute_ursa_signed_char_unsigned_short_unsigned_char_unsigned_short_i_665/1 "/>
</bind>
</comp>

<comp id="2066" class="1004" name="mxm_execute_ursa_signed_char_unsigned_short_unsigned_char_unsigned_short_i_666_load_fu_2066">
<pin_list>
<pin id="2067" dir="0" index="0" bw="8" slack="0"/>
<pin id="2068" dir="1" index="1" bw="8" slack="0"/>
</pin_list>
<bind>
<opcode="load(27) " fcode="load"/>
<opset="mxm_execute_ursa_signed_char_unsigned_short_unsigned_char_unsigned_short_i_666/1 "/>
</bind>
</comp>

<comp id="2070" class="1004" name="mxm_execute_ursa_signed_char_unsigned_short_unsigned_char_unsigned_short_i_667_load_fu_2070">
<pin_list>
<pin id="2071" dir="0" index="0" bw="8" slack="0"/>
<pin id="2072" dir="1" index="1" bw="8" slack="0"/>
</pin_list>
<bind>
<opcode="load(27) " fcode="load"/>
<opset="mxm_execute_ursa_signed_char_unsigned_short_unsigned_char_unsigned_short_i_667/1 "/>
</bind>
</comp>

<comp id="2074" class="1004" name="mxm_execute_ursa_signed_char_unsigned_short_unsigned_char_unsigned_short_i_668_load_fu_2074">
<pin_list>
<pin id="2075" dir="0" index="0" bw="8" slack="0"/>
<pin id="2076" dir="1" index="1" bw="8" slack="0"/>
</pin_list>
<bind>
<opcode="load(27) " fcode="load"/>
<opset="mxm_execute_ursa_signed_char_unsigned_short_unsigned_char_unsigned_short_i_668/1 "/>
</bind>
</comp>

<comp id="2078" class="1004" name="mxm_execute_ursa_signed_char_unsigned_short_unsigned_char_unsigned_short_i_669_load_fu_2078">
<pin_list>
<pin id="2079" dir="0" index="0" bw="8" slack="0"/>
<pin id="2080" dir="1" index="1" bw="8" slack="0"/>
</pin_list>
<bind>
<opcode="load(27) " fcode="load"/>
<opset="mxm_execute_ursa_signed_char_unsigned_short_unsigned_char_unsigned_short_i_669/1 "/>
</bind>
</comp>

<comp id="2082" class="1004" name="store_ln60_store_fu_2082">
<pin_list>
<pin id="2083" dir="0" index="0" bw="8" slack="0"/>
<pin id="2084" dir="0" index="1" bw="8" slack="0"/>
<pin id="2085" dir="1" index="2" bw="0" slack="2147483647"/>
</pin_list>
<bind>
<opcode="store(28) " fcode="store"/>
<opset="store_ln60/1 "/>
</bind>
</comp>

<comp id="2087" class="1004" name="store_ln60_store_fu_2087">
<pin_list>
<pin id="2088" dir="0" index="0" bw="8" slack="0"/>
<pin id="2089" dir="0" index="1" bw="8" slack="0"/>
<pin id="2090" dir="1" index="2" bw="0" slack="2147483647"/>
</pin_list>
<bind>
<opcode="store(28) " fcode="store"/>
<opset="store_ln60/1 "/>
</bind>
</comp>

<comp id="2092" class="1004" name="store_ln60_store_fu_2092">
<pin_list>
<pin id="2093" dir="0" index="0" bw="8" slack="0"/>
<pin id="2094" dir="0" index="1" bw="8" slack="0"/>
<pin id="2095" dir="1" index="2" bw="0" slack="2147483647"/>
</pin_list>
<bind>
<opcode="store(28) " fcode="store"/>
<opset="store_ln60/1 "/>
</bind>
</comp>

<comp id="2097" class="1004" name="store_ln60_store_fu_2097">
<pin_list>
<pin id="2098" dir="0" index="0" bw="8" slack="0"/>
<pin id="2099" dir="0" index="1" bw="8" slack="0"/>
<pin id="2100" dir="1" index="2" bw="0" slack="2147483647"/>
</pin_list>
<bind>
<opcode="store(28) " fcode="store"/>
<opset="store_ln60/1 "/>
</bind>
</comp>

<comp id="2102" class="1004" name="store_ln60_store_fu_2102">
<pin_list>
<pin id="2103" dir="0" index="0" bw="8" slack="0"/>
<pin id="2104" dir="0" index="1" bw="8" slack="0"/>
<pin id="2105" dir="1" index="2" bw="0" slack="2147483647"/>
</pin_list>
<bind>
<opcode="store(28) " fcode="store"/>
<opset="store_ln60/1 "/>
</bind>
</comp>

<comp id="2107" class="1004" name="store_ln60_store_fu_2107">
<pin_list>
<pin id="2108" dir="0" index="0" bw="8" slack="0"/>
<pin id="2109" dir="0" index="1" bw="8" slack="0"/>
<pin id="2110" dir="1" index="2" bw="0" slack="2147483647"/>
</pin_list>
<bind>
<opcode="store(28) " fcode="store"/>
<opset="store_ln60/1 "/>
</bind>
</comp>

<comp id="2112" class="1004" name="store_ln60_store_fu_2112">
<pin_list>
<pin id="2113" dir="0" index="0" bw="8" slack="0"/>
<pin id="2114" dir="0" index="1" bw="8" slack="0"/>
<pin id="2115" dir="1" index="2" bw="0" slack="2147483647"/>
</pin_list>
<bind>
<opcode="store(28) " fcode="store"/>
<opset="store_ln60/1 "/>
</bind>
</comp>

<comp id="2117" class="1004" name="store_ln60_store_fu_2117">
<pin_list>
<pin id="2118" dir="0" index="0" bw="8" slack="0"/>
<pin id="2119" dir="0" index="1" bw="8" slack="0"/>
<pin id="2120" dir="1" index="2" bw="0" slack="2147483647"/>
</pin_list>
<bind>
<opcode="store(28) " fcode="store"/>
<opset="store_ln60/1 "/>
</bind>
</comp>

<comp id="2122" class="1004" name="store_ln60_store_fu_2122">
<pin_list>
<pin id="2123" dir="0" index="0" bw="8" slack="0"/>
<pin id="2124" dir="0" index="1" bw="8" slack="0"/>
<pin id="2125" dir="1" index="2" bw="0" slack="2147483647"/>
</pin_list>
<bind>
<opcode="store(28) " fcode="store"/>
<opset="store_ln60/1 "/>
</bind>
</comp>

<comp id="2127" class="1004" name="store_ln60_store_fu_2127">
<pin_list>
<pin id="2128" dir="0" index="0" bw="8" slack="0"/>
<pin id="2129" dir="0" index="1" bw="8" slack="0"/>
<pin id="2130" dir="1" index="2" bw="0" slack="2147483647"/>
</pin_list>
<bind>
<opcode="store(28) " fcode="store"/>
<opset="store_ln60/1 "/>
</bind>
</comp>

<comp id="2132" class="1004" name="store_ln60_store_fu_2132">
<pin_list>
<pin id="2133" dir="0" index="0" bw="8" slack="0"/>
<pin id="2134" dir="0" index="1" bw="8" slack="0"/>
<pin id="2135" dir="1" index="2" bw="0" slack="2147483647"/>
</pin_list>
<bind>
<opcode="store(28) " fcode="store"/>
<opset="store_ln60/1 "/>
</bind>
</comp>

<comp id="2137" class="1004" name="store_ln60_store_fu_2137">
<pin_list>
<pin id="2138" dir="0" index="0" bw="8" slack="0"/>
<pin id="2139" dir="0" index="1" bw="8" slack="0"/>
<pin id="2140" dir="1" index="2" bw="0" slack="2147483647"/>
</pin_list>
<bind>
<opcode="store(28) " fcode="store"/>
<opset="store_ln60/1 "/>
</bind>
</comp>

<comp id="2142" class="1004" name="store_ln60_store_fu_2142">
<pin_list>
<pin id="2143" dir="0" index="0" bw="8" slack="0"/>
<pin id="2144" dir="0" index="1" bw="8" slack="0"/>
<pin id="2145" dir="1" index="2" bw="0" slack="2147483647"/>
</pin_list>
<bind>
<opcode="store(28) " fcode="store"/>
<opset="store_ln60/1 "/>
</bind>
</comp>

<comp id="2147" class="1004" name="store_ln60_store_fu_2147">
<pin_list>
<pin id="2148" dir="0" index="0" bw="8" slack="0"/>
<pin id="2149" dir="0" index="1" bw="8" slack="0"/>
<pin id="2150" dir="1" index="2" bw="0" slack="2147483647"/>
</pin_list>
<bind>
<opcode="store(28) " fcode="store"/>
<opset="store_ln60/1 "/>
</bind>
</comp>

<comp id="2152" class="1004" name="store_ln60_store_fu_2152">
<pin_list>
<pin id="2153" dir="0" index="0" bw="8" slack="0"/>
<pin id="2154" dir="0" index="1" bw="8" slack="0"/>
<pin id="2155" dir="1" index="2" bw="0" slack="2147483647"/>
</pin_list>
<bind>
<opcode="store(28) " fcode="store"/>
<opset="store_ln60/1 "/>
</bind>
</comp>

<comp id="2157" class="1004" name="store_ln60_store_fu_2157">
<pin_list>
<pin id="2158" dir="0" index="0" bw="8" slack="0"/>
<pin id="2159" dir="0" index="1" bw="8" slack="0"/>
<pin id="2160" dir="1" index="2" bw="0" slack="2147483647"/>
</pin_list>
<bind>
<opcode="store(28) " fcode="store"/>
<opset="store_ln60/1 "/>
</bind>
</comp>

<comp id="2162" class="1004" name="store_ln60_store_fu_2162">
<pin_list>
<pin id="2163" dir="0" index="0" bw="8" slack="0"/>
<pin id="2164" dir="0" index="1" bw="8" slack="0"/>
<pin id="2165" dir="1" index="2" bw="0" slack="2147483647"/>
</pin_list>
<bind>
<opcode="store(28) " fcode="store"/>
<opset="store_ln60/1 "/>
</bind>
</comp>

<comp id="2167" class="1004" name="store_ln60_store_fu_2167">
<pin_list>
<pin id="2168" dir="0" index="0" bw="8" slack="0"/>
<pin id="2169" dir="0" index="1" bw="8" slack="0"/>
<pin id="2170" dir="1" index="2" bw="0" slack="2147483647"/>
</pin_list>
<bind>
<opcode="store(28) " fcode="store"/>
<opset="store_ln60/1 "/>
</bind>
</comp>

<comp id="2172" class="1004" name="store_ln60_store_fu_2172">
<pin_list>
<pin id="2173" dir="0" index="0" bw="8" slack="0"/>
<pin id="2174" dir="0" index="1" bw="8" slack="0"/>
<pin id="2175" dir="1" index="2" bw="0" slack="2147483647"/>
</pin_list>
<bind>
<opcode="store(28) " fcode="store"/>
<opset="store_ln60/1 "/>
</bind>
</comp>

<comp id="2177" class="1004" name="store_ln60_store_fu_2177">
<pin_list>
<pin id="2178" dir="0" index="0" bw="8" slack="0"/>
<pin id="2179" dir="0" index="1" bw="8" slack="0"/>
<pin id="2180" dir="1" index="2" bw="0" slack="2147483647"/>
</pin_list>
<bind>
<opcode="store(28) " fcode="store"/>
<opset="store_ln60/1 "/>
</bind>
</comp>

<comp id="2182" class="1004" name="store_ln60_store_fu_2182">
<pin_list>
<pin id="2183" dir="0" index="0" bw="8" slack="0"/>
<pin id="2184" dir="0" index="1" bw="8" slack="0"/>
<pin id="2185" dir="1" index="2" bw="0" slack="2147483647"/>
</pin_list>
<bind>
<opcode="store(28) " fcode="store"/>
<opset="store_ln60/1 "/>
</bind>
</comp>

<comp id="2187" class="1004" name="store_ln60_store_fu_2187">
<pin_list>
<pin id="2188" dir="0" index="0" bw="8" slack="0"/>
<pin id="2189" dir="0" index="1" bw="8" slack="0"/>
<pin id="2190" dir="1" index="2" bw="0" slack="2147483647"/>
</pin_list>
<bind>
<opcode="store(28) " fcode="store"/>
<opset="store_ln60/1 "/>
</bind>
</comp>

<comp id="2192" class="1004" name="store_ln60_store_fu_2192">
<pin_list>
<pin id="2193" dir="0" index="0" bw="8" slack="0"/>
<pin id="2194" dir="0" index="1" bw="8" slack="0"/>
<pin id="2195" dir="1" index="2" bw="0" slack="2147483647"/>
</pin_list>
<bind>
<opcode="store(28) " fcode="store"/>
<opset="store_ln60/1 "/>
</bind>
</comp>

<comp id="2197" class="1004" name="store_ln60_store_fu_2197">
<pin_list>
<pin id="2198" dir="0" index="0" bw="8" slack="0"/>
<pin id="2199" dir="0" index="1" bw="8" slack="0"/>
<pin id="2200" dir="1" index="2" bw="0" slack="2147483647"/>
</pin_list>
<bind>
<opcode="store(28) " fcode="store"/>
<opset="store_ln60/1 "/>
</bind>
</comp>

<comp id="2202" class="1004" name="store_ln60_store_fu_2202">
<pin_list>
<pin id="2203" dir="0" index="0" bw="8" slack="0"/>
<pin id="2204" dir="0" index="1" bw="8" slack="0"/>
<pin id="2205" dir="1" index="2" bw="0" slack="2147483647"/>
</pin_list>
<bind>
<opcode="store(28) " fcode="store"/>
<opset="store_ln60/1 "/>
</bind>
</comp>

<comp id="2207" class="1004" name="store_ln60_store_fu_2207">
<pin_list>
<pin id="2208" dir="0" index="0" bw="8" slack="0"/>
<pin id="2209" dir="0" index="1" bw="8" slack="0"/>
<pin id="2210" dir="1" index="2" bw="0" slack="2147483647"/>
</pin_list>
<bind>
<opcode="store(28) " fcode="store"/>
<opset="store_ln60/1 "/>
</bind>
</comp>

<comp id="2212" class="1004" name="store_ln60_store_fu_2212">
<pin_list>
<pin id="2213" dir="0" index="0" bw="8" slack="0"/>
<pin id="2214" dir="0" index="1" bw="8" slack="0"/>
<pin id="2215" dir="1" index="2" bw="0" slack="2147483647"/>
</pin_list>
<bind>
<opcode="store(28) " fcode="store"/>
<opset="store_ln60/1 "/>
</bind>
</comp>

<comp id="2217" class="1004" name="store_ln60_store_fu_2217">
<pin_list>
<pin id="2218" dir="0" index="0" bw="8" slack="0"/>
<pin id="2219" dir="0" index="1" bw="8" slack="0"/>
<pin id="2220" dir="1" index="2" bw="0" slack="2147483647"/>
</pin_list>
<bind>
<opcode="store(28) " fcode="store"/>
<opset="store_ln60/1 "/>
</bind>
</comp>

<comp id="2222" class="1004" name="store_ln60_store_fu_2222">
<pin_list>
<pin id="2223" dir="0" index="0" bw="8" slack="0"/>
<pin id="2224" dir="0" index="1" bw="8" slack="0"/>
<pin id="2225" dir="1" index="2" bw="0" slack="2147483647"/>
</pin_list>
<bind>
<opcode="store(28) " fcode="store"/>
<opset="store_ln60/1 "/>
</bind>
</comp>

<comp id="2227" class="1004" name="store_ln60_store_fu_2227">
<pin_list>
<pin id="2228" dir="0" index="0" bw="8" slack="0"/>
<pin id="2229" dir="0" index="1" bw="8" slack="0"/>
<pin id="2230" dir="1" index="2" bw="0" slack="2147483647"/>
</pin_list>
<bind>
<opcode="store(28) " fcode="store"/>
<opset="store_ln60/1 "/>
</bind>
</comp>

<comp id="2232" class="1004" name="store_ln60_store_fu_2232">
<pin_list>
<pin id="2233" dir="0" index="0" bw="8" slack="0"/>
<pin id="2234" dir="0" index="1" bw="8" slack="0"/>
<pin id="2235" dir="1" index="2" bw="0" slack="2147483647"/>
</pin_list>
<bind>
<opcode="store(28) " fcode="store"/>
<opset="store_ln60/1 "/>
</bind>
</comp>

<comp id="2237" class="1004" name="store_ln60_store_fu_2237">
<pin_list>
<pin id="2238" dir="0" index="0" bw="8" slack="0"/>
<pin id="2239" dir="0" index="1" bw="8" slack="0"/>
<pin id="2240" dir="1" index="2" bw="0" slack="2147483647"/>
</pin_list>
<bind>
<opcode="store(28) " fcode="store"/>
<opset="store_ln60/1 "/>
</bind>
</comp>

<comp id="2242" class="1004" name="store_ln60_store_fu_2242">
<pin_list>
<pin id="2243" dir="0" index="0" bw="8" slack="0"/>
<pin id="2244" dir="0" index="1" bw="8" slack="0"/>
<pin id="2245" dir="1" index="2" bw="0" slack="2147483647"/>
</pin_list>
<bind>
<opcode="store(28) " fcode="store"/>
<opset="store_ln60/1 "/>
</bind>
</comp>

<comp id="2247" class="1004" name="store_ln60_store_fu_2247">
<pin_list>
<pin id="2248" dir="0" index="0" bw="8" slack="0"/>
<pin id="2249" dir="0" index="1" bw="8" slack="0"/>
<pin id="2250" dir="1" index="2" bw="0" slack="2147483647"/>
</pin_list>
<bind>
<opcode="store(28) " fcode="store"/>
<opset="store_ln60/1 "/>
</bind>
</comp>

<comp id="2252" class="1004" name="store_ln60_store_fu_2252">
<pin_list>
<pin id="2253" dir="0" index="0" bw="8" slack="0"/>
<pin id="2254" dir="0" index="1" bw="8" slack="0"/>
<pin id="2255" dir="1" index="2" bw="0" slack="2147483647"/>
</pin_list>
<bind>
<opcode="store(28) " fcode="store"/>
<opset="store_ln60/1 "/>
</bind>
</comp>

<comp id="2257" class="1004" name="store_ln60_store_fu_2257">
<pin_list>
<pin id="2258" dir="0" index="0" bw="8" slack="0"/>
<pin id="2259" dir="0" index="1" bw="8" slack="0"/>
<pin id="2260" dir="1" index="2" bw="0" slack="2147483647"/>
</pin_list>
<bind>
<opcode="store(28) " fcode="store"/>
<opset="store_ln60/1 "/>
</bind>
</comp>

<comp id="2262" class="1004" name="store_ln60_store_fu_2262">
<pin_list>
<pin id="2263" dir="0" index="0" bw="8" slack="0"/>
<pin id="2264" dir="0" index="1" bw="8" slack="0"/>
<pin id="2265" dir="1" index="2" bw="0" slack="2147483647"/>
</pin_list>
<bind>
<opcode="store(28) " fcode="store"/>
<opset="store_ln60/1 "/>
</bind>
</comp>

<comp id="2267" class="1004" name="store_ln60_store_fu_2267">
<pin_list>
<pin id="2268" dir="0" index="0" bw="8" slack="0"/>
<pin id="2269" dir="0" index="1" bw="8" slack="0"/>
<pin id="2270" dir="1" index="2" bw="0" slack="2147483647"/>
</pin_list>
<bind>
<opcode="store(28) " fcode="store"/>
<opset="store_ln60/1 "/>
</bind>
</comp>

<comp id="2272" class="1004" name="store_ln60_store_fu_2272">
<pin_list>
<pin id="2273" dir="0" index="0" bw="8" slack="0"/>
<pin id="2274" dir="0" index="1" bw="8" slack="0"/>
<pin id="2275" dir="1" index="2" bw="0" slack="2147483647"/>
</pin_list>
<bind>
<opcode="store(28) " fcode="store"/>
<opset="store_ln60/1 "/>
</bind>
</comp>

<comp id="2277" class="1004" name="store_ln60_store_fu_2277">
<pin_list>
<pin id="2278" dir="0" index="0" bw="8" slack="0"/>
<pin id="2279" dir="0" index="1" bw="8" slack="0"/>
<pin id="2280" dir="1" index="2" bw="0" slack="2147483647"/>
</pin_list>
<bind>
<opcode="store(28) " fcode="store"/>
<opset="store_ln60/1 "/>
</bind>
</comp>

<comp id="2282" class="1004" name="store_ln60_store_fu_2282">
<pin_list>
<pin id="2283" dir="0" index="0" bw="8" slack="0"/>
<pin id="2284" dir="0" index="1" bw="8" slack="0"/>
<pin id="2285" dir="1" index="2" bw="0" slack="2147483647"/>
</pin_list>
<bind>
<opcode="store(28) " fcode="store"/>
<opset="store_ln60/1 "/>
</bind>
</comp>

<comp id="2287" class="1004" name="store_ln60_store_fu_2287">
<pin_list>
<pin id="2288" dir="0" index="0" bw="8" slack="0"/>
<pin id="2289" dir="0" index="1" bw="8" slack="0"/>
<pin id="2290" dir="1" index="2" bw="0" slack="2147483647"/>
</pin_list>
<bind>
<opcode="store(28) " fcode="store"/>
<opset="store_ln60/1 "/>
</bind>
</comp>

<comp id="2292" class="1004" name="store_ln60_store_fu_2292">
<pin_list>
<pin id="2293" dir="0" index="0" bw="8" slack="0"/>
<pin id="2294" dir="0" index="1" bw="8" slack="0"/>
<pin id="2295" dir="1" index="2" bw="0" slack="2147483647"/>
</pin_list>
<bind>
<opcode="store(28) " fcode="store"/>
<opset="store_ln60/1 "/>
</bind>
</comp>

<comp id="2297" class="1004" name="store_ln60_store_fu_2297">
<pin_list>
<pin id="2298" dir="0" index="0" bw="8" slack="0"/>
<pin id="2299" dir="0" index="1" bw="8" slack="0"/>
<pin id="2300" dir="1" index="2" bw="0" slack="2147483647"/>
</pin_list>
<bind>
<opcode="store(28) " fcode="store"/>
<opset="store_ln60/1 "/>
</bind>
</comp>

<comp id="2302" class="1004" name="store_ln60_store_fu_2302">
<pin_list>
<pin id="2303" dir="0" index="0" bw="8" slack="0"/>
<pin id="2304" dir="0" index="1" bw="8" slack="0"/>
<pin id="2305" dir="1" index="2" bw="0" slack="2147483647"/>
</pin_list>
<bind>
<opcode="store(28) " fcode="store"/>
<opset="store_ln60/1 "/>
</bind>
</comp>

<comp id="2307" class="1004" name="store_ln60_store_fu_2307">
<pin_list>
<pin id="2308" dir="0" index="0" bw="8" slack="0"/>
<pin id="2309" dir="0" index="1" bw="8" slack="0"/>
<pin id="2310" dir="1" index="2" bw="0" slack="2147483647"/>
</pin_list>
<bind>
<opcode="store(28) " fcode="store"/>
<opset="store_ln60/1 "/>
</bind>
</comp>

<comp id="2312" class="1004" name="store_ln60_store_fu_2312">
<pin_list>
<pin id="2313" dir="0" index="0" bw="8" slack="0"/>
<pin id="2314" dir="0" index="1" bw="8" slack="0"/>
<pin id="2315" dir="1" index="2" bw="0" slack="2147483647"/>
</pin_list>
<bind>
<opcode="store(28) " fcode="store"/>
<opset="store_ln60/1 "/>
</bind>
</comp>

<comp id="2317" class="1004" name="store_ln60_store_fu_2317">
<pin_list>
<pin id="2318" dir="0" index="0" bw="8" slack="0"/>
<pin id="2319" dir="0" index="1" bw="8" slack="0"/>
<pin id="2320" dir="1" index="2" bw="0" slack="2147483647"/>
</pin_list>
<bind>
<opcode="store(28) " fcode="store"/>
<opset="store_ln60/1 "/>
</bind>
</comp>

<comp id="2322" class="1004" name="store_ln60_store_fu_2322">
<pin_list>
<pin id="2323" dir="0" index="0" bw="8" slack="0"/>
<pin id="2324" dir="0" index="1" bw="8" slack="0"/>
<pin id="2325" dir="1" index="2" bw="0" slack="2147483647"/>
</pin_list>
<bind>
<opcode="store(28) " fcode="store"/>
<opset="store_ln60/1 "/>
</bind>
</comp>

<comp id="2327" class="1004" name="store_ln60_store_fu_2327">
<pin_list>
<pin id="2328" dir="0" index="0" bw="8" slack="0"/>
<pin id="2329" dir="0" index="1" bw="8" slack="0"/>
<pin id="2330" dir="1" index="2" bw="0" slack="2147483647"/>
</pin_list>
<bind>
<opcode="store(28) " fcode="store"/>
<opset="store_ln60/1 "/>
</bind>
</comp>

<comp id="2332" class="1004" name="store_ln60_store_fu_2332">
<pin_list>
<pin id="2333" dir="0" index="0" bw="8" slack="0"/>
<pin id="2334" dir="0" index="1" bw="8" slack="0"/>
<pin id="2335" dir="1" index="2" bw="0" slack="2147483647"/>
</pin_list>
<bind>
<opcode="store(28) " fcode="store"/>
<opset="store_ln60/1 "/>
</bind>
</comp>

<comp id="2337" class="1004" name="store_ln60_store_fu_2337">
<pin_list>
<pin id="2338" dir="0" index="0" bw="8" slack="0"/>
<pin id="2339" dir="0" index="1" bw="8" slack="0"/>
<pin id="2340" dir="1" index="2" bw="0" slack="2147483647"/>
</pin_list>
<bind>
<opcode="store(28) " fcode="store"/>
<opset="store_ln60/1 "/>
</bind>
</comp>

<comp id="2342" class="1004" name="store_ln60_store_fu_2342">
<pin_list>
<pin id="2343" dir="0" index="0" bw="8" slack="0"/>
<pin id="2344" dir="0" index="1" bw="8" slack="0"/>
<pin id="2345" dir="1" index="2" bw="0" slack="2147483647"/>
</pin_list>
<bind>
<opcode="store(28) " fcode="store"/>
<opset="store_ln60/1 "/>
</bind>
</comp>

<comp id="2347" class="1004" name="store_ln60_store_fu_2347">
<pin_list>
<pin id="2348" dir="0" index="0" bw="8" slack="0"/>
<pin id="2349" dir="0" index="1" bw="8" slack="0"/>
<pin id="2350" dir="1" index="2" bw="0" slack="2147483647"/>
</pin_list>
<bind>
<opcode="store(28) " fcode="store"/>
<opset="store_ln60/1 "/>
</bind>
</comp>

<comp id="2352" class="1004" name="store_ln60_store_fu_2352">
<pin_list>
<pin id="2353" dir="0" index="0" bw="8" slack="0"/>
<pin id="2354" dir="0" index="1" bw="8" slack="0"/>
<pin id="2355" dir="1" index="2" bw="0" slack="2147483647"/>
</pin_list>
<bind>
<opcode="store(28) " fcode="store"/>
<opset="store_ln60/1 "/>
</bind>
</comp>

<comp id="2357" class="1004" name="store_ln60_store_fu_2357">
<pin_list>
<pin id="2358" dir="0" index="0" bw="8" slack="0"/>
<pin id="2359" dir="0" index="1" bw="8" slack="0"/>
<pin id="2360" dir="1" index="2" bw="0" slack="2147483647"/>
</pin_list>
<bind>
<opcode="store(28) " fcode="store"/>
<opset="store_ln60/1 "/>
</bind>
</comp>

<comp id="2362" class="1004" name="store_ln0_store_fu_2362">
<pin_list>
<pin id="2363" dir="0" index="0" bw="1" slack="0"/>
<pin id="2364" dir="0" index="1" bw="27" slack="0"/>
<pin id="2365" dir="1" index="2" bw="0" slack="2147483647"/>
</pin_list>
<bind>
<opcode="store(28) " fcode="store"/>
<opset="store_ln0/1 "/>
</bind>
</comp>

<comp id="2367" class="1004" name="store_ln312_store_fu_2367">
<pin_list>
<pin id="2368" dir="0" index="0" bw="1" slack="0"/>
<pin id="2369" dir="0" index="1" bw="14" slack="0"/>
<pin id="2370" dir="1" index="2" bw="0" slack="2147483647"/>
</pin_list>
<bind>
<opcode="store(28) " fcode="store"/>
<opset="store_ln312/1 "/>
</bind>
</comp>

<comp id="2372" class="1004" name="store_ln313_store_fu_2372">
<pin_list>
<pin id="2373" dir="0" index="0" bw="1" slack="0"/>
<pin id="2374" dir="0" index="1" bw="14" slack="0"/>
<pin id="2375" dir="1" index="2" bw="0" slack="2147483647"/>
</pin_list>
<bind>
<opcode="store(28) " fcode="store"/>
<opset="store_ln313/1 "/>
</bind>
</comp>

<comp id="2377" class="1004" name="zext_ln308_fu_2377">
<pin_list>
<pin id="2378" dir="0" index="0" bw="16" slack="0"/>
<pin id="2379" dir="1" index="1" bw="17" slack="0"/>
</pin_list>
<bind>
<opcode="zext(34) " fcode="zext"/>
<opset="zext_ln308/2 "/>
</bind>
</comp>

<comp id="2381" class="1004" name="add_ln308_fu_2381">
<pin_list>
<pin id="2382" dir="0" index="0" bw="16" slack="0"/>
<pin id="2383" dir="0" index="1" bw="4" slack="0"/>
<pin id="2384" dir="1" index="2" bw="17" slack="0"/>
</pin_list>
<bind>
<opcode="add(8) " fcode="add"/>
<opset="add_ln308/2 "/>
</bind>
</comp>

<comp id="2387" class="1004" name="zext_ln309_fu_2387">
<pin_list>
<pin id="2388" dir="0" index="0" bw="16" slack="0"/>
<pin id="2389" dir="1" index="1" bw="17" slack="0"/>
</pin_list>
<bind>
<opcode="zext(34) " fcode="zext"/>
<opset="zext_ln309/2 "/>
</bind>
</comp>

<comp id="2391" class="1004" name="add_ln309_fu_2391">
<pin_list>
<pin id="2392" dir="0" index="0" bw="16" slack="0"/>
<pin id="2393" dir="0" index="1" bw="4" slack="0"/>
<pin id="2394" dir="1" index="2" bw="17" slack="0"/>
</pin_list>
<bind>
<opcode="add(8) " fcode="add"/>
<opset="add_ln309/2 "/>
</bind>
</comp>

<comp id="2397" class="1004" name="lshr_ln309_cast_fu_2397">
<pin_list>
<pin id="2398" dir="0" index="0" bw="14" slack="0"/>
<pin id="2399" dir="0" index="1" bw="17" slack="0"/>
<pin id="2400" dir="0" index="2" bw="3" slack="0"/>
<pin id="2401" dir="0" index="3" bw="6" slack="0"/>
<pin id="2402" dir="1" index="4" bw="14" slack="1"/>
</pin_list>
<bind>
<opcode="partselect(1002) " fcode="partselect"/>
<opset="lshr_ln309_cast/2 "/>
</bind>
</comp>

<comp id="2407" class="1004" name="trunc_ln_fu_2407">
<pin_list>
<pin id="2408" dir="0" index="0" bw="14" slack="0"/>
<pin id="2409" dir="0" index="1" bw="17" slack="0"/>
<pin id="2410" dir="0" index="2" bw="3" slack="0"/>
<pin id="2411" dir="0" index="3" bw="6" slack="0"/>
<pin id="2412" dir="1" index="4" bw="14" slack="1"/>
</pin_list>
<bind>
<opcode="partselect(1002) " fcode="partselect"/>
<opset="trunc_ln/2 "/>
</bind>
</comp>

<comp id="2417" class="1004" name="zext_ln310_fu_2417">
<pin_list>
<pin id="2418" dir="0" index="0" bw="16" slack="1"/>
<pin id="2419" dir="1" index="1" bw="17" slack="0"/>
</pin_list>
<bind>
<opcode="zext(34) " fcode="zext"/>
<opset="zext_ln310/3 "/>
</bind>
</comp>

<comp id="2420" class="1004" name="add_ln310_fu_2420">
<pin_list>
<pin id="2421" dir="0" index="0" bw="16" slack="0"/>
<pin id="2422" dir="0" index="1" bw="4" slack="0"/>
<pin id="2423" dir="1" index="2" bw="17" slack="0"/>
</pin_list>
<bind>
<opcode="add(8) " fcode="add"/>
<opset="add_ln310/3 "/>
</bind>
</comp>

<comp id="2426" class="1004" name="lshr_ln310_cast_fu_2426">
<pin_list>
<pin id="2427" dir="0" index="0" bw="14" slack="0"/>
<pin id="2428" dir="0" index="1" bw="17" slack="0"/>
<pin id="2429" dir="0" index="2" bw="3" slack="0"/>
<pin id="2430" dir="0" index="3" bw="6" slack="0"/>
<pin id="2431" dir="1" index="4" bw="14" slack="3"/>
</pin_list>
<bind>
<opcode="partselect(1002) " fcode="partselect"/>
<opset="lshr_ln310_cast/3 "/>
</bind>
</comp>

<comp id="2436" class="1004" name="zext_ln331_fu_2436">
<pin_list>
<pin id="2437" dir="0" index="0" bw="16" slack="1"/>
<pin id="2438" dir="1" index="1" bw="29" slack="2"/>
</pin_list>
<bind>
<opcode="zext(34) " fcode="zext"/>
<opset="zext_ln331/3 "/>
</bind>
</comp>

<comp id="2439" class="1004" name="zext_ln312_fu_2439">
<pin_list>
<pin id="2440" dir="0" index="0" bw="16" slack="1"/>
<pin id="2441" dir="1" index="1" bw="29" slack="3"/>
</pin_list>
<bind>
<opcode="zext(34) " fcode="zext"/>
<opset="zext_ln312/3 "/>
</bind>
</comp>

<comp id="2442" class="1004" name="cast_fu_2442">
<pin_list>
<pin id="2443" dir="0" index="0" bw="14" slack="1"/>
<pin id="2444" dir="1" index="1" bw="28" slack="0"/>
</pin_list>
<bind>
<opcode="zext(34) " fcode="zext"/>
<opset="cast/3 "/>
</bind>
</comp>

<comp id="2445" class="1004" name="cast29_fu_2445">
<pin_list>
<pin id="2446" dir="0" index="0" bw="14" slack="1"/>
<pin id="2447" dir="1" index="1" bw="28" slack="0"/>
</pin_list>
<bind>
<opcode="zext(34) " fcode="zext"/>
<opset="cast29/3 "/>
</bind>
</comp>

<comp id="2448" class="1004" name="bound_fu_2448">
<pin_list>
<pin id="2449" dir="0" index="0" bw="14" slack="0"/>
<pin id="2450" dir="0" index="1" bw="14" slack="0"/>
<pin id="2451" dir="1" index="2" bw="28" slack="1"/>
</pin_list>
<bind>
<opcode="mul(12) " fcode="mul"/>
<opset="bound/3 "/>
</bind>
</comp>

<comp id="2454" class="1004" name="indvar_flatten_load_load_fu_2454">
<pin_list>
<pin id="2455" dir="0" index="0" bw="27" slack="3"/>
<pin id="2456" dir="1" index="1" bw="27" slack="0"/>
</pin_list>
<bind>
<opcode="load(27) " fcode="load"/>
<opset="indvar_flatten_load/4 "/>
</bind>
</comp>

<comp id="2457" class="1004" name="zext_ln312_2_fu_2457">
<pin_list>
<pin id="2458" dir="0" index="0" bw="27" slack="0"/>
<pin id="2459" dir="1" index="1" bw="28" slack="0"/>
</pin_list>
<bind>
<opcode="zext(34) " fcode="zext"/>
<opset="zext_ln312_2/4 "/>
</bind>
</comp>

<comp id="2461" class="1004" name="icmp_ln312_fu_2461">
<pin_list>
<pin id="2462" dir="0" index="0" bw="28" slack="0"/>
<pin id="2463" dir="0" index="1" bw="28" slack="1"/>
<pin id="2464" dir="1" index="2" bw="1" slack="2147483647"/>
</pin_list>
<bind>
<opcode="icmp(45) " fcode="icmp"/>
<opset="icmp_ln312/4 "/>
</bind>
</comp>

<comp id="2466" class="1004" name="add_ln312_1_fu_2466">
<pin_list>
<pin id="2467" dir="0" index="0" bw="27" slack="0"/>
<pin id="2468" dir="0" index="1" bw="1" slack="0"/>
<pin id="2469" dir="1" index="2" bw="27" slack="2"/>
</pin_list>
<bind>
<opcode="add(8) " fcode="add"/>
<opset="add_ln312_1/4 "/>
</bind>
</comp>

<comp id="2472" class="1004" name="j_load_load_fu_2472">
<pin_list>
<pin id="2473" dir="0" index="0" bw="14" slack="3"/>
<pin id="2474" dir="1" index="1" bw="14" slack="0"/>
</pin_list>
<bind>
<opcode="load(27) " fcode="load"/>
<opset="j_load/4 "/>
</bind>
</comp>

<comp id="2475" class="1004" name="i_load_load_fu_2475">
<pin_list>
<pin id="2476" dir="0" index="0" bw="14" slack="3"/>
<pin id="2477" dir="1" index="1" bw="14" slack="0"/>
</pin_list>
<bind>
<opcode="load(27) " fcode="load"/>
<opset="i_load/4 "/>
</bind>
</comp>

<comp id="2478" class="1004" name="add_ln312_fu_2478">
<pin_list>
<pin id="2479" dir="0" index="0" bw="14" slack="0"/>
<pin id="2480" dir="0" index="1" bw="1" slack="0"/>
<pin id="2481" dir="1" index="2" bw="14" slack="0"/>
</pin_list>
<bind>
<opcode="add(8) " fcode="add"/>
<opset="add_ln312/4 "/>
</bind>
</comp>

<comp id="2484" class="1004" name="icmp_ln313_fu_2484">
<pin_list>
<pin id="2485" dir="0" index="0" bw="14" slack="0"/>
<pin id="2486" dir="0" index="1" bw="14" slack="2"/>
<pin id="2487" dir="1" index="2" bw="1" slack="0"/>
</pin_list>
<bind>
<opcode="icmp(45) " fcode="icmp"/>
<opset="icmp_ln313/4 "/>
</bind>
</comp>

<comp id="2489" class="1004" name="select_ln312_1_fu_2489">
<pin_list>
<pin id="2490" dir="0" index="0" bw="1" slack="0"/>
<pin id="2491" dir="0" index="1" bw="14" slack="0"/>
<pin id="2492" dir="0" index="2" bw="14" slack="0"/>
<pin id="2493" dir="1" index="3" bw="14" slack="0"/>
</pin_list>
<bind>
<opcode="select(49) " fcode="select"/>
<opset="select_ln312_1/4 "/>
</bind>
</comp>

<comp id="2497" class="1004" name="trunc_ln312_fu_2497">
<pin_list>
<pin id="2498" dir="0" index="0" bw="14" slack="0"/>
<pin id="2499" dir="1" index="1" bw="13" slack="1"/>
</pin_list>
<bind>
<opcode="trunc(33) " fcode="trunc"/>
<opset="trunc_ln312/4 "/>
</bind>
</comp>

<comp id="2501" class="1004" name="select_ln312_fu_2501">
<pin_list>
<pin id="2502" dir="0" index="0" bw="1" slack="1"/>
<pin id="2503" dir="0" index="1" bw="14" slack="0"/>
<pin id="2504" dir="0" index="2" bw="14" slack="2147483647"/>
<pin id="2505" dir="1" index="3" bw="14" slack="0"/>
</pin_list>
<bind>
<opcode="select(49) " fcode="select"/>
<opset="select_ln312/5 "/>
</bind>
</comp>

<comp id="2507" class="1004" name="zext_ln312_1_fu_2507">
<pin_list>
<pin id="2508" dir="0" index="0" bw="13" slack="1"/>
<pin id="2509" dir="1" index="1" bw="29" slack="0"/>
</pin_list>
<bind>
<opcode="zext(34) " fcode="zext"/>
<opset="zext_ln312_1/5 "/>
</bind>
</comp>

<comp id="2510" class="1004" name="mul_ln312_fu_2510">
<pin_list>
<pin id="2511" dir="0" index="0" bw="13" slack="0"/>
<pin id="2512" dir="0" index="1" bw="16" slack="2"/>
<pin id="2513" dir="1" index="2" bw="29" slack="0"/>
</pin_list>
<bind>
<opcode="mul(12) " fcode="mul"/>
<opset="mul_ln312/5 "/>
</bind>
</comp>

<comp id="2515" class="1004" name="p_mid_fu_2515">
<pin_list>
<pin id="2516" dir="0" index="0" bw="32" slack="0"/>
<pin id="2517" dir="0" index="1" bw="29" slack="0"/>
<pin id="2518" dir="0" index="2" bw="1" slack="0"/>
<pin id="2519" dir="1" index="3" bw="32" slack="1"/>
</pin_list>
<bind>
<opcode="bitconcatenate(1004) " fcode="bitconcatenate"/>
<opset="p_mid/5 "/>
</bind>
</comp>

<comp id="2523" class="1004" name="empty_fu_2523">
<pin_list>
<pin id="2524" dir="0" index="0" bw="14" slack="0"/>
<pin id="2525" dir="1" index="1" bw="13" slack="0"/>
</pin_list>
<bind>
<opcode="trunc(33) " fcode="trunc"/>
<opset="empty/5 "/>
</bind>
</comp>

<comp id="2527" class="1004" name="base_col_B_fu_2527">
<pin_list>
<pin id="2528" dir="0" index="0" bw="16" slack="0"/>
<pin id="2529" dir="0" index="1" bw="13" slack="0"/>
<pin id="2530" dir="0" index="2" bw="1" slack="0"/>
<pin id="2531" dir="1" index="3" bw="16" slack="0"/>
</pin_list>
<bind>
<opcode="bitconcatenate(1004) " fcode="bitconcatenate"/>
<opset="base_col_B/5 "/>
</bind>
</comp>

<comp id="2535" class="1004" name="base_col_B_cast_fu_2535">
<pin_list>
<pin id="2536" dir="0" index="0" bw="16" slack="0"/>
<pin id="2537" dir="1" index="1" bw="32" slack="2"/>
</pin_list>
<bind>
<opcode="zext(34) " fcode="zext"/>
<opset="base_col_B_cast/5 "/>
</bind>
</comp>

<comp id="2539" class="1004" name="icmp_ln328_fu_2539">
<pin_list>
<pin id="2540" dir="0" index="0" bw="14" slack="0"/>
<pin id="2541" dir="0" index="1" bw="14" slack="3"/>
<pin id="2542" dir="1" index="2" bw="1" slack="2147483647"/>
</pin_list>
<bind>
<opcode="icmp(45) " fcode="icmp"/>
<opset="icmp_ln328/6 "/>
</bind>
</comp>

<comp id="2544" class="1004" name="add_ln328_fu_2544">
<pin_list>
<pin id="2545" dir="0" index="0" bw="14" slack="0"/>
<pin id="2546" dir="0" index="1" bw="1" slack="0"/>
<pin id="2547" dir="1" index="2" bw="14" slack="0"/>
</pin_list>
<bind>
<opcode="add(8) " fcode="add"/>
<opset="add_ln328/6 "/>
</bind>
</comp>

<comp id="2550" class="1004" name="trunc_ln334_fu_2550">
<pin_list>
<pin id="2551" dir="0" index="0" bw="14" slack="0"/>
<pin id="2552" dir="1" index="1" bw="13" slack="0"/>
</pin_list>
<bind>
<opcode="trunc(33) " fcode="trunc"/>
<opset="trunc_ln334/6 "/>
</bind>
</comp>

<comp id="2554" class="1004" name="base_col_A_fu_2554">
<pin_list>
<pin id="2555" dir="0" index="0" bw="16" slack="0"/>
<pin id="2556" dir="0" index="1" bw="13" slack="0"/>
<pin id="2557" dir="0" index="2" bw="1" slack="0"/>
<pin id="2558" dir="1" index="3" bw="16" slack="0"/>
</pin_list>
<bind>
<opcode="bitconcatenate(1004) " fcode="bitconcatenate"/>
<opset="base_col_A/6 "/>
</bind>
</comp>

<comp id="2562" class="1004" name="zext_ln330_fu_2562">
<pin_list>
<pin id="2563" dir="0" index="0" bw="16" slack="0"/>
<pin id="2564" dir="1" index="1" bw="32" slack="0"/>
</pin_list>
<bind>
<opcode="zext(34) " fcode="zext"/>
<opset="zext_ln330/6 "/>
</bind>
</comp>

<comp id="2566" class="1004" name="add_ln330_fu_2566">
<pin_list>
<pin id="2567" dir="0" index="0" bw="16" slack="0"/>
<pin id="2568" dir="0" index="1" bw="32" slack="1"/>
<pin id="2569" dir="1" index="2" bw="32" slack="1"/>
</pin_list>
<bind>
<opcode="add(8) " fcode="add"/>
<opset="add_ln330/6 "/>
</bind>
</comp>

<comp id="2571" class="1004" name="zext_ln331_1_fu_2571">
<pin_list>
<pin id="2572" dir="0" index="0" bw="13" slack="0"/>
<pin id="2573" dir="1" index="1" bw="29" slack="0"/>
</pin_list>
<bind>
<opcode="zext(34) " fcode="zext"/>
<opset="zext_ln331_1/6 "/>
</bind>
</comp>

<comp id="2575" class="1004" name="mul_ln331_fu_2575">
<pin_list>
<pin id="2576" dir="0" index="0" bw="13" slack="0"/>
<pin id="2577" dir="0" index="1" bw="16" slack="3"/>
<pin id="2578" dir="1" index="2" bw="29" slack="1"/>
</pin_list>
<bind>
<opcode="mul(12) " fcode="mul"/>
<opset="mul_ln331/6 "/>
</bind>
</comp>

<comp id="2580" class="1004" name="cmp124_fu_2580">
<pin_list>
<pin id="2581" dir="0" index="0" bw="16" slack="1"/>
<pin id="2582" dir="0" index="1" bw="16" slack="4"/>
<pin id="2583" dir="1" index="2" bw="1" slack="1"/>
</pin_list>
<bind>
<opcode="icmp(45) " fcode="icmp"/>
<opset="cmp124/6 "/>
</bind>
</comp>

<comp id="2584" class="1004" name="global_col_2_fu_2584">
<pin_list>
<pin id="2585" dir="0" index="0" bw="16" slack="1"/>
<pin id="2586" dir="0" index="1" bw="16" slack="0"/>
<pin id="2587" dir="1" index="2" bw="16" slack="0"/>
</pin_list>
<bind>
<opcode="or(24) " fcode="or"/>
<opset="global_col_2/6 "/>
</bind>
</comp>

<comp id="2589" class="1004" name="cmp124_1_fu_2589">
<pin_list>
<pin id="2590" dir="0" index="0" bw="16" slack="0"/>
<pin id="2591" dir="0" index="1" bw="16" slack="4"/>
<pin id="2592" dir="1" index="2" bw="1" slack="1"/>
</pin_list>
<bind>
<opcode="icmp(45) " fcode="icmp"/>
<opset="cmp124_1/6 "/>
</bind>
</comp>

<comp id="2594" class="1004" name="global_col_4_fu_2594">
<pin_list>
<pin id="2595" dir="0" index="0" bw="16" slack="1"/>
<pin id="2596" dir="0" index="1" bw="16" slack="0"/>
<pin id="2597" dir="1" index="2" bw="16" slack="0"/>
</pin_list>
<bind>
<opcode="or(24) " fcode="or"/>
<opset="global_col_4/6 "/>
</bind>
</comp>

<comp id="2599" class="1004" name="cmp124_2_fu_2599">
<pin_list>
<pin id="2600" dir="0" index="0" bw="16" slack="0"/>
<pin id="2601" dir="0" index="1" bw="16" slack="4"/>
<pin id="2602" dir="1" index="2" bw="1" slack="1"/>
</pin_list>
<bind>
<opcode="icmp(45) " fcode="icmp"/>
<opset="cmp124_2/6 "/>
</bind>
</comp>

<comp id="2604" class="1004" name="global_col_6_fu_2604">
<pin_list>
<pin id="2605" dir="0" index="0" bw="16" slack="1"/>
<pin id="2606" dir="0" index="1" bw="16" slack="0"/>
<pin id="2607" dir="1" index="2" bw="16" slack="0"/>
</pin_list>
<bind>
<opcode="or(24) " fcode="or"/>
<opset="global_col_6/6 "/>
</bind>
</comp>

<comp id="2609" class="1004" name="cmp124_3_fu_2609">
<pin_list>
<pin id="2610" dir="0" index="0" bw="16" slack="0"/>
<pin id="2611" dir="0" index="1" bw="16" slack="4"/>
<pin id="2612" dir="1" index="2" bw="1" slack="1"/>
</pin_list>
<bind>
<opcode="icmp(45) " fcode="icmp"/>
<opset="cmp124_3/6 "/>
</bind>
</comp>

<comp id="2614" class="1004" name="global_col_8_fu_2614">
<pin_list>
<pin id="2615" dir="0" index="0" bw="16" slack="1"/>
<pin id="2616" dir="0" index="1" bw="16" slack="0"/>
<pin id="2617" dir="1" index="2" bw="16" slack="0"/>
</pin_list>
<bind>
<opcode="or(24) " fcode="or"/>
<opset="global_col_8/6 "/>
</bind>
</comp>

<comp id="2619" class="1004" name="cmp124_4_fu_2619">
<pin_list>
<pin id="2620" dir="0" index="0" bw="16" slack="0"/>
<pin id="2621" dir="0" index="1" bw="16" slack="4"/>
<pin id="2622" dir="1" index="2" bw="1" slack="1"/>
</pin_list>
<bind>
<opcode="icmp(45) " fcode="icmp"/>
<opset="cmp124_4/6 "/>
</bind>
</comp>

<comp id="2624" class="1004" name="global_col_10_fu_2624">
<pin_list>
<pin id="2625" dir="0" index="0" bw="16" slack="1"/>
<pin id="2626" dir="0" index="1" bw="16" slack="0"/>
<pin id="2627" dir="1" index="2" bw="16" slack="0"/>
</pin_list>
<bind>
<opcode="or(24) " fcode="or"/>
<opset="global_col_10/6 "/>
</bind>
</comp>

<comp id="2629" class="1004" name="cmp124_5_fu_2629">
<pin_list>
<pin id="2630" dir="0" index="0" bw="16" slack="0"/>
<pin id="2631" dir="0" index="1" bw="16" slack="4"/>
<pin id="2632" dir="1" index="2" bw="1" slack="1"/>
</pin_list>
<bind>
<opcode="icmp(45) " fcode="icmp"/>
<opset="cmp124_5/6 "/>
</bind>
</comp>

<comp id="2634" class="1004" name="global_col_12_fu_2634">
<pin_list>
<pin id="2635" dir="0" index="0" bw="16" slack="1"/>
<pin id="2636" dir="0" index="1" bw="16" slack="0"/>
<pin id="2637" dir="1" index="2" bw="16" slack="0"/>
</pin_list>
<bind>
<opcode="or(24) " fcode="or"/>
<opset="global_col_12/6 "/>
</bind>
</comp>

<comp id="2639" class="1004" name="cmp124_6_fu_2639">
<pin_list>
<pin id="2640" dir="0" index="0" bw="16" slack="0"/>
<pin id="2641" dir="0" index="1" bw="16" slack="4"/>
<pin id="2642" dir="1" index="2" bw="1" slack="1"/>
</pin_list>
<bind>
<opcode="icmp(45) " fcode="icmp"/>
<opset="cmp124_6/6 "/>
</bind>
</comp>

<comp id="2644" class="1004" name="global_col_14_fu_2644">
<pin_list>
<pin id="2645" dir="0" index="0" bw="16" slack="1"/>
<pin id="2646" dir="0" index="1" bw="16" slack="0"/>
<pin id="2647" dir="1" index="2" bw="16" slack="0"/>
</pin_list>
<bind>
<opcode="or(24) " fcode="or"/>
<opset="global_col_14/6 "/>
</bind>
</comp>

<comp id="2649" class="1004" name="cmp124_7_fu_2649">
<pin_list>
<pin id="2650" dir="0" index="0" bw="16" slack="0"/>
<pin id="2651" dir="0" index="1" bw="16" slack="4"/>
<pin id="2652" dir="1" index="2" bw="1" slack="1"/>
</pin_list>
<bind>
<opcode="icmp(45) " fcode="icmp"/>
<opset="cmp124_7/6 "/>
</bind>
</comp>

<comp id="2654" class="1004" name="add_ln313_fu_2654">
<pin_list>
<pin id="2655" dir="0" index="0" bw="14" slack="1"/>
<pin id="2656" dir="0" index="1" bw="1" slack="0"/>
<pin id="2657" dir="1" index="2" bw="14" slack="0"/>
</pin_list>
<bind>
<opcode="add(8) " fcode="add"/>
<opset="add_ln313/6 "/>
</bind>
</comp>

<comp id="2659" class="1004" name="store_ln312_store_fu_2659">
<pin_list>
<pin id="2660" dir="0" index="0" bw="27" slack="2"/>
<pin id="2661" dir="0" index="1" bw="27" slack="5"/>
<pin id="2662" dir="1" index="2" bw="0" slack="2147483647"/>
</pin_list>
<bind>
<opcode="store(28) " fcode="store"/>
<opset="store_ln312/6 "/>
</bind>
</comp>

<comp id="2663" class="1004" name="store_ln312_store_fu_2663">
<pin_list>
<pin id="2664" dir="0" index="0" bw="14" slack="2"/>
<pin id="2665" dir="0" index="1" bw="14" slack="5"/>
<pin id="2666" dir="1" index="2" bw="0" slack="2147483647"/>
</pin_list>
<bind>
<opcode="store(28) " fcode="store"/>
<opset="store_ln312/6 "/>
</bind>
</comp>

<comp id="2667" class="1004" name="store_ln313_store_fu_2667">
<pin_list>
<pin id="2668" dir="0" index="0" bw="14" slack="0"/>
<pin id="2669" dir="0" index="1" bw="14" slack="5"/>
<pin id="2670" dir="1" index="2" bw="0" slack="2147483647"/>
</pin_list>
<bind>
<opcode="store(28) " fcode="store"/>
<opset="store_ln313/6 "/>
</bind>
</comp>

<comp id="2672" class="1004" name="mxm_execute_ursa_signed_char_unsigned_short_unsigned_char_unsigned_short_i_670_load_fu_2672">
<pin_list>
<pin id="2673" dir="0" index="0" bw="8" slack="6"/>
<pin id="2674" dir="1" index="1" bw="8" slack="0"/>
</pin_list>
<bind>
<opcode="load(27) " fcode="load"/>
<opset="mxm_execute_ursa_signed_char_unsigned_short_unsigned_char_unsigned_short_i_670/7 "/>
</bind>
</comp>

<comp id="2676" class="1004" name="mxm_execute_ursa_signed_char_unsigned_short_unsigned_char_unsigned_short_i_671_load_fu_2676">
<pin_list>
<pin id="2677" dir="0" index="0" bw="8" slack="6"/>
<pin id="2678" dir="1" index="1" bw="8" slack="0"/>
</pin_list>
<bind>
<opcode="load(27) " fcode="load"/>
<opset="mxm_execute_ursa_signed_char_unsigned_short_unsigned_char_unsigned_short_i_671/7 "/>
</bind>
</comp>

<comp id="2680" class="1004" name="mxm_execute_ursa_signed_char_unsigned_short_unsigned_char_unsigned_short_i_672_load_fu_2680">
<pin_list>
<pin id="2681" dir="0" index="0" bw="8" slack="6"/>
<pin id="2682" dir="1" index="1" bw="8" slack="0"/>
</pin_list>
<bind>
<opcode="load(27) " fcode="load"/>
<opset="mxm_execute_ursa_signed_char_unsigned_short_unsigned_char_unsigned_short_i_672/7 "/>
</bind>
</comp>

<comp id="2684" class="1004" name="mxm_execute_ursa_signed_char_unsigned_short_unsigned_char_unsigned_short_i_673_load_fu_2684">
<pin_list>
<pin id="2685" dir="0" index="0" bw="8" slack="6"/>
<pin id="2686" dir="1" index="1" bw="8" slack="0"/>
</pin_list>
<bind>
<opcode="load(27) " fcode="load"/>
<opset="mxm_execute_ursa_signed_char_unsigned_short_unsigned_char_unsigned_short_i_673/7 "/>
</bind>
</comp>

<comp id="2688" class="1004" name="mxm_execute_ursa_signed_char_unsigned_short_unsigned_char_unsigned_short_i_674_load_fu_2688">
<pin_list>
<pin id="2689" dir="0" index="0" bw="8" slack="6"/>
<pin id="2690" dir="1" index="1" bw="8" slack="0"/>
</pin_list>
<bind>
<opcode="load(27) " fcode="load"/>
<opset="mxm_execute_ursa_signed_char_unsigned_short_unsigned_char_unsigned_short_i_674/7 "/>
</bind>
</comp>

<comp id="2692" class="1004" name="mxm_execute_ursa_signed_char_unsigned_short_unsigned_char_unsigned_short_i_675_load_fu_2692">
<pin_list>
<pin id="2693" dir="0" index="0" bw="8" slack="6"/>
<pin id="2694" dir="1" index="1" bw="8" slack="0"/>
</pin_list>
<bind>
<opcode="load(27) " fcode="load"/>
<opset="mxm_execute_ursa_signed_char_unsigned_short_unsigned_char_unsigned_short_i_675/7 "/>
</bind>
</comp>

<comp id="2696" class="1004" name="mxm_execute_ursa_signed_char_unsigned_short_unsigned_char_unsigned_short_i_676_load_fu_2696">
<pin_list>
<pin id="2697" dir="0" index="0" bw="8" slack="6"/>
<pin id="2698" dir="1" index="1" bw="8" slack="0"/>
</pin_list>
<bind>
<opcode="load(27) " fcode="load"/>
<opset="mxm_execute_ursa_signed_char_unsigned_short_unsigned_char_unsigned_short_i_676/7 "/>
</bind>
</comp>

<comp id="2700" class="1004" name="mxm_execute_ursa_signed_char_unsigned_short_unsigned_char_unsigned_short_i_677_load_fu_2700">
<pin_list>
<pin id="2701" dir="0" index="0" bw="8" slack="6"/>
<pin id="2702" dir="1" index="1" bw="8" slack="0"/>
</pin_list>
<bind>
<opcode="load(27) " fcode="load"/>
<opset="mxm_execute_ursa_signed_char_unsigned_short_unsigned_char_unsigned_short_i_677/7 "/>
</bind>
</comp>

<comp id="2704" class="1004" name="mxm_execute_ursa_signed_char_unsigned_short_unsigned_char_unsigned_short_i_678_load_fu_2704">
<pin_list>
<pin id="2705" dir="0" index="0" bw="8" slack="6"/>
<pin id="2706" dir="1" index="1" bw="8" slack="0"/>
</pin_list>
<bind>
<opcode="load(27) " fcode="load"/>
<opset="mxm_execute_ursa_signed_char_unsigned_short_unsigned_char_unsigned_short_i_678/7 "/>
</bind>
</comp>

<comp id="2708" class="1004" name="mxm_execute_ursa_signed_char_unsigned_short_unsigned_char_unsigned_short_i_679_load_fu_2708">
<pin_list>
<pin id="2709" dir="0" index="0" bw="8" slack="6"/>
<pin id="2710" dir="1" index="1" bw="8" slack="0"/>
</pin_list>
<bind>
<opcode="load(27) " fcode="load"/>
<opset="mxm_execute_ursa_signed_char_unsigned_short_unsigned_char_unsigned_short_i_679/7 "/>
</bind>
</comp>

<comp id="2712" class="1004" name="mxm_execute_ursa_signed_char_unsigned_short_unsigned_char_unsigned_short_i_680_load_fu_2712">
<pin_list>
<pin id="2713" dir="0" index="0" bw="8" slack="6"/>
<pin id="2714" dir="1" index="1" bw="8" slack="0"/>
</pin_list>
<bind>
<opcode="load(27) " fcode="load"/>
<opset="mxm_execute_ursa_signed_char_unsigned_short_unsigned_char_unsigned_short_i_680/7 "/>
</bind>
</comp>

<comp id="2716" class="1004" name="mxm_execute_ursa_signed_char_unsigned_short_unsigned_char_unsigned_short_i_681_load_fu_2716">
<pin_list>
<pin id="2717" dir="0" index="0" bw="8" slack="6"/>
<pin id="2718" dir="1" index="1" bw="8" slack="0"/>
</pin_list>
<bind>
<opcode="load(27) " fcode="load"/>
<opset="mxm_execute_ursa_signed_char_unsigned_short_unsigned_char_unsigned_short_i_681/7 "/>
</bind>
</comp>

<comp id="2720" class="1004" name="mxm_execute_ursa_signed_char_unsigned_short_unsigned_char_unsigned_short_i_682_load_fu_2720">
<pin_list>
<pin id="2721" dir="0" index="0" bw="8" slack="6"/>
<pin id="2722" dir="1" index="1" bw="8" slack="0"/>
</pin_list>
<bind>
<opcode="load(27) " fcode="load"/>
<opset="mxm_execute_ursa_signed_char_unsigned_short_unsigned_char_unsigned_short_i_682/7 "/>
</bind>
</comp>

<comp id="2724" class="1004" name="mxm_execute_ursa_signed_char_unsigned_short_unsigned_char_unsigned_short_i_683_load_fu_2724">
<pin_list>
<pin id="2725" dir="0" index="0" bw="8" slack="6"/>
<pin id="2726" dir="1" index="1" bw="8" slack="0"/>
</pin_list>
<bind>
<opcode="load(27) " fcode="load"/>
<opset="mxm_execute_ursa_signed_char_unsigned_short_unsigned_char_unsigned_short_i_683/7 "/>
</bind>
</comp>

<comp id="2728" class="1004" name="mxm_execute_ursa_signed_char_unsigned_short_unsigned_char_unsigned_short_i_684_load_fu_2728">
<pin_list>
<pin id="2729" dir="0" index="0" bw="8" slack="6"/>
<pin id="2730" dir="1" index="1" bw="8" slack="0"/>
</pin_list>
<bind>
<opcode="load(27) " fcode="load"/>
<opset="mxm_execute_ursa_signed_char_unsigned_short_unsigned_char_unsigned_short_i_684/7 "/>
</bind>
</comp>

<comp id="2732" class="1004" name="mxm_execute_ursa_signed_char_unsigned_short_unsigned_char_unsigned_short_i_685_load_fu_2732">
<pin_list>
<pin id="2733" dir="0" index="0" bw="8" slack="6"/>
<pin id="2734" dir="1" index="1" bw="8" slack="0"/>
</pin_list>
<bind>
<opcode="load(27) " fcode="load"/>
<opset="mxm_execute_ursa_signed_char_unsigned_short_unsigned_char_unsigned_short_i_685/7 "/>
</bind>
</comp>

<comp id="2736" class="1004" name="mxm_execute_ursa_signed_char_unsigned_short_unsigned_char_unsigned_short_i_686_load_fu_2736">
<pin_list>
<pin id="2737" dir="0" index="0" bw="8" slack="6"/>
<pin id="2738" dir="1" index="1" bw="8" slack="0"/>
</pin_list>
<bind>
<opcode="load(27) " fcode="load"/>
<opset="mxm_execute_ursa_signed_char_unsigned_short_unsigned_char_unsigned_short_i_686/7 "/>
</bind>
</comp>

<comp id="2740" class="1004" name="mxm_execute_ursa_signed_char_unsigned_short_unsigned_char_unsigned_short_i_687_load_fu_2740">
<pin_list>
<pin id="2741" dir="0" index="0" bw="8" slack="6"/>
<pin id="2742" dir="1" index="1" bw="8" slack="0"/>
</pin_list>
<bind>
<opcode="load(27) " fcode="load"/>
<opset="mxm_execute_ursa_signed_char_unsigned_short_unsigned_char_unsigned_short_i_687/7 "/>
</bind>
</comp>

<comp id="2744" class="1004" name="mxm_execute_ursa_signed_char_unsigned_short_unsigned_char_unsigned_short_i_688_load_fu_2744">
<pin_list>
<pin id="2745" dir="0" index="0" bw="8" slack="6"/>
<pin id="2746" dir="1" index="1" bw="8" slack="0"/>
</pin_list>
<bind>
<opcode="load(27) " fcode="load"/>
<opset="mxm_execute_ursa_signed_char_unsigned_short_unsigned_char_unsigned_short_i_688/7 "/>
</bind>
</comp>

<comp id="2748" class="1004" name="mxm_execute_ursa_signed_char_unsigned_short_unsigned_char_unsigned_short_i_689_load_fu_2748">
<pin_list>
<pin id="2749" dir="0" index="0" bw="8" slack="6"/>
<pin id="2750" dir="1" index="1" bw="8" slack="0"/>
</pin_list>
<bind>
<opcode="load(27) " fcode="load"/>
<opset="mxm_execute_ursa_signed_char_unsigned_short_unsigned_char_unsigned_short_i_689/7 "/>
</bind>
</comp>

<comp id="2752" class="1004" name="mxm_execute_ursa_signed_char_unsigned_short_unsigned_char_unsigned_short_i_690_load_fu_2752">
<pin_list>
<pin id="2753" dir="0" index="0" bw="8" slack="6"/>
<pin id="2754" dir="1" index="1" bw="8" slack="0"/>
</pin_list>
<bind>
<opcode="load(27) " fcode="load"/>
<opset="mxm_execute_ursa_signed_char_unsigned_short_unsigned_char_unsigned_short_i_690/7 "/>
</bind>
</comp>

<comp id="2756" class="1004" name="mxm_execute_ursa_signed_char_unsigned_short_unsigned_char_unsigned_short_i_691_load_fu_2756">
<pin_list>
<pin id="2757" dir="0" index="0" bw="8" slack="6"/>
<pin id="2758" dir="1" index="1" bw="8" slack="0"/>
</pin_list>
<bind>
<opcode="load(27) " fcode="load"/>
<opset="mxm_execute_ursa_signed_char_unsigned_short_unsigned_char_unsigned_short_i_691/7 "/>
</bind>
</comp>

<comp id="2760" class="1004" name="mxm_execute_ursa_signed_char_unsigned_short_unsigned_char_unsigned_short_i_692_load_fu_2760">
<pin_list>
<pin id="2761" dir="0" index="0" bw="8" slack="6"/>
<pin id="2762" dir="1" index="1" bw="8" slack="0"/>
</pin_list>
<bind>
<opcode="load(27) " fcode="load"/>
<opset="mxm_execute_ursa_signed_char_unsigned_short_unsigned_char_unsigned_short_i_692/7 "/>
</bind>
</comp>

<comp id="2764" class="1004" name="mxm_execute_ursa_signed_char_unsigned_short_unsigned_char_unsigned_short_i_693_load_fu_2764">
<pin_list>
<pin id="2765" dir="0" index="0" bw="8" slack="6"/>
<pin id="2766" dir="1" index="1" bw="8" slack="0"/>
</pin_list>
<bind>
<opcode="load(27) " fcode="load"/>
<opset="mxm_execute_ursa_signed_char_unsigned_short_unsigned_char_unsigned_short_i_693/7 "/>
</bind>
</comp>

<comp id="2768" class="1004" name="mxm_execute_ursa_signed_char_unsigned_short_unsigned_char_unsigned_short_i_694_load_fu_2768">
<pin_list>
<pin id="2769" dir="0" index="0" bw="8" slack="6"/>
<pin id="2770" dir="1" index="1" bw="8" slack="0"/>
</pin_list>
<bind>
<opcode="load(27) " fcode="load"/>
<opset="mxm_execute_ursa_signed_char_unsigned_short_unsigned_char_unsigned_short_i_694/7 "/>
</bind>
</comp>

<comp id="2772" class="1004" name="mxm_execute_ursa_signed_char_unsigned_short_unsigned_char_unsigned_short_i_695_load_fu_2772">
<pin_list>
<pin id="2773" dir="0" index="0" bw="8" slack="6"/>
<pin id="2774" dir="1" index="1" bw="8" slack="0"/>
</pin_list>
<bind>
<opcode="load(27) " fcode="load"/>
<opset="mxm_execute_ursa_signed_char_unsigned_short_unsigned_char_unsigned_short_i_695/7 "/>
</bind>
</comp>

<comp id="2776" class="1004" name="mxm_execute_ursa_signed_char_unsigned_short_unsigned_char_unsigned_short_i_696_load_fu_2776">
<pin_list>
<pin id="2777" dir="0" index="0" bw="8" slack="6"/>
<pin id="2778" dir="1" index="1" bw="8" slack="0"/>
</pin_list>
<bind>
<opcode="load(27) " fcode="load"/>
<opset="mxm_execute_ursa_signed_char_unsigned_short_unsigned_char_unsigned_short_i_696/7 "/>
</bind>
</comp>

<comp id="2780" class="1004" name="mxm_execute_ursa_signed_char_unsigned_short_unsigned_char_unsigned_short_i_697_load_fu_2780">
<pin_list>
<pin id="2781" dir="0" index="0" bw="8" slack="6"/>
<pin id="2782" dir="1" index="1" bw="8" slack="0"/>
</pin_list>
<bind>
<opcode="load(27) " fcode="load"/>
<opset="mxm_execute_ursa_signed_char_unsigned_short_unsigned_char_unsigned_short_i_697/7 "/>
</bind>
</comp>

<comp id="2784" class="1004" name="mxm_execute_ursa_signed_char_unsigned_short_unsigned_char_unsigned_short_i_698_load_fu_2784">
<pin_list>
<pin id="2785" dir="0" index="0" bw="8" slack="6"/>
<pin id="2786" dir="1" index="1" bw="8" slack="0"/>
</pin_list>
<bind>
<opcode="load(27) " fcode="load"/>
<opset="mxm_execute_ursa_signed_char_unsigned_short_unsigned_char_unsigned_short_i_698/7 "/>
</bind>
</comp>

<comp id="2788" class="1004" name="mxm_execute_ursa_signed_char_unsigned_short_unsigned_char_unsigned_short_i_699_load_fu_2788">
<pin_list>
<pin id="2789" dir="0" index="0" bw="8" slack="6"/>
<pin id="2790" dir="1" index="1" bw="8" slack="0"/>
</pin_list>
<bind>
<opcode="load(27) " fcode="load"/>
<opset="mxm_execute_ursa_signed_char_unsigned_short_unsigned_char_unsigned_short_i_699/7 "/>
</bind>
</comp>

<comp id="2792" class="1004" name="mxm_execute_ursa_signed_char_unsigned_short_unsigned_char_unsigned_short_i_700_load_fu_2792">
<pin_list>
<pin id="2793" dir="0" index="0" bw="8" slack="6"/>
<pin id="2794" dir="1" index="1" bw="8" slack="0"/>
</pin_list>
<bind>
<opcode="load(27) " fcode="load"/>
<opset="mxm_execute_ursa_signed_char_unsigned_short_unsigned_char_unsigned_short_i_700/7 "/>
</bind>
</comp>

<comp id="2796" class="1004" name="mxm_execute_ursa_signed_char_unsigned_short_unsigned_char_unsigned_short_i_701_load_fu_2796">
<pin_list>
<pin id="2797" dir="0" index="0" bw="8" slack="6"/>
<pin id="2798" dir="1" index="1" bw="8" slack="0"/>
</pin_list>
<bind>
<opcode="load(27) " fcode="load"/>
<opset="mxm_execute_ursa_signed_char_unsigned_short_unsigned_char_unsigned_short_i_701/7 "/>
</bind>
</comp>

<comp id="2800" class="1004" name="mxm_execute_ursa_signed_char_unsigned_short_unsigned_char_unsigned_short_i_702_load_fu_2800">
<pin_list>
<pin id="2801" dir="0" index="0" bw="8" slack="6"/>
<pin id="2802" dir="1" index="1" bw="8" slack="0"/>
</pin_list>
<bind>
<opcode="load(27) " fcode="load"/>
<opset="mxm_execute_ursa_signed_char_unsigned_short_unsigned_char_unsigned_short_i_702/7 "/>
</bind>
</comp>

<comp id="2804" class="1004" name="mxm_execute_ursa_signed_char_unsigned_short_unsigned_char_unsigned_short_i_703_load_fu_2804">
<pin_list>
<pin id="2805" dir="0" index="0" bw="8" slack="6"/>
<pin id="2806" dir="1" index="1" bw="8" slack="0"/>
</pin_list>
<bind>
<opcode="load(27) " fcode="load"/>
<opset="mxm_execute_ursa_signed_char_unsigned_short_unsigned_char_unsigned_short_i_703/7 "/>
</bind>
</comp>

<comp id="2808" class="1004" name="mxm_execute_ursa_signed_char_unsigned_short_unsigned_char_unsigned_short_i_704_load_fu_2808">
<pin_list>
<pin id="2809" dir="0" index="0" bw="8" slack="6"/>
<pin id="2810" dir="1" index="1" bw="8" slack="0"/>
</pin_list>
<bind>
<opcode="load(27) " fcode="load"/>
<opset="mxm_execute_ursa_signed_char_unsigned_short_unsigned_char_unsigned_short_i_704/7 "/>
</bind>
</comp>

<comp id="2812" class="1004" name="mxm_execute_ursa_signed_char_unsigned_short_unsigned_char_unsigned_short_i_705_load_fu_2812">
<pin_list>
<pin id="2813" dir="0" index="0" bw="8" slack="6"/>
<pin id="2814" dir="1" index="1" bw="8" slack="0"/>
</pin_list>
<bind>
<opcode="load(27) " fcode="load"/>
<opset="mxm_execute_ursa_signed_char_unsigned_short_unsigned_char_unsigned_short_i_705/7 "/>
</bind>
</comp>

<comp id="2816" class="1004" name="mxm_execute_ursa_signed_char_unsigned_short_unsigned_char_unsigned_short_i_706_load_fu_2816">
<pin_list>
<pin id="2817" dir="0" index="0" bw="8" slack="6"/>
<pin id="2818" dir="1" index="1" bw="8" slack="0"/>
</pin_list>
<bind>
<opcode="load(27) " fcode="load"/>
<opset="mxm_execute_ursa_signed_char_unsigned_short_unsigned_char_unsigned_short_i_706/7 "/>
</bind>
</comp>

<comp id="2820" class="1004" name="mxm_execute_ursa_signed_char_unsigned_short_unsigned_char_unsigned_short_i_707_load_fu_2820">
<pin_list>
<pin id="2821" dir="0" index="0" bw="8" slack="6"/>
<pin id="2822" dir="1" index="1" bw="8" slack="0"/>
</pin_list>
<bind>
<opcode="load(27) " fcode="load"/>
<opset="mxm_execute_ursa_signed_char_unsigned_short_unsigned_char_unsigned_short_i_707/7 "/>
</bind>
</comp>

<comp id="2824" class="1004" name="mxm_execute_ursa_signed_char_unsigned_short_unsigned_char_unsigned_short_i_708_load_fu_2824">
<pin_list>
<pin id="2825" dir="0" index="0" bw="8" slack="6"/>
<pin id="2826" dir="1" index="1" bw="8" slack="0"/>
</pin_list>
<bind>
<opcode="load(27) " fcode="load"/>
<opset="mxm_execute_ursa_signed_char_unsigned_short_unsigned_char_unsigned_short_i_708/7 "/>
</bind>
</comp>

<comp id="2828" class="1004" name="mxm_execute_ursa_signed_char_unsigned_short_unsigned_char_unsigned_short_i_709_load_fu_2828">
<pin_list>
<pin id="2829" dir="0" index="0" bw="8" slack="6"/>
<pin id="2830" dir="1" index="1" bw="8" slack="0"/>
</pin_list>
<bind>
<opcode="load(27) " fcode="load"/>
<opset="mxm_execute_ursa_signed_char_unsigned_short_unsigned_char_unsigned_short_i_709/7 "/>
</bind>
</comp>

<comp id="2832" class="1004" name="mxm_execute_ursa_signed_char_unsigned_short_unsigned_char_unsigned_short_i_710_load_fu_2832">
<pin_list>
<pin id="2833" dir="0" index="0" bw="8" slack="6"/>
<pin id="2834" dir="1" index="1" bw="8" slack="0"/>
</pin_list>
<bind>
<opcode="load(27) " fcode="load"/>
<opset="mxm_execute_ursa_signed_char_unsigned_short_unsigned_char_unsigned_short_i_710/7 "/>
</bind>
</comp>

<comp id="2836" class="1004" name="mxm_execute_ursa_signed_char_unsigned_short_unsigned_char_unsigned_short_i_711_load_fu_2836">
<pin_list>
<pin id="2837" dir="0" index="0" bw="8" slack="6"/>
<pin id="2838" dir="1" index="1" bw="8" slack="0"/>
</pin_list>
<bind>
<opcode="load(27) " fcode="load"/>
<opset="mxm_execute_ursa_signed_char_unsigned_short_unsigned_char_unsigned_short_i_711/7 "/>
</bind>
</comp>

<comp id="2840" class="1004" name="mxm_execute_ursa_signed_char_unsigned_short_unsigned_char_unsigned_short_i_712_load_fu_2840">
<pin_list>
<pin id="2841" dir="0" index="0" bw="8" slack="6"/>
<pin id="2842" dir="1" index="1" bw="8" slack="0"/>
</pin_list>
<bind>
<opcode="load(27) " fcode="load"/>
<opset="mxm_execute_ursa_signed_char_unsigned_short_unsigned_char_unsigned_short_i_712/7 "/>
</bind>
</comp>

<comp id="2844" class="1004" name="mxm_execute_ursa_signed_char_unsigned_short_unsigned_char_unsigned_short_i_713_load_fu_2844">
<pin_list>
<pin id="2845" dir="0" index="0" bw="8" slack="6"/>
<pin id="2846" dir="1" index="1" bw="8" slack="0"/>
</pin_list>
<bind>
<opcode="load(27) " fcode="load"/>
<opset="mxm_execute_ursa_signed_char_unsigned_short_unsigned_char_unsigned_short_i_713/7 "/>
</bind>
</comp>

<comp id="2848" class="1004" name="mxm_execute_ursa_signed_char_unsigned_short_unsigned_char_unsigned_short_i_714_load_fu_2848">
<pin_list>
<pin id="2849" dir="0" index="0" bw="8" slack="6"/>
<pin id="2850" dir="1" index="1" bw="8" slack="0"/>
</pin_list>
<bind>
<opcode="load(27) " fcode="load"/>
<opset="mxm_execute_ursa_signed_char_unsigned_short_unsigned_char_unsigned_short_i_714/7 "/>
</bind>
</comp>

<comp id="2852" class="1004" name="mxm_execute_ursa_signed_char_unsigned_short_unsigned_char_unsigned_short_i_715_load_fu_2852">
<pin_list>
<pin id="2853" dir="0" index="0" bw="8" slack="6"/>
<pin id="2854" dir="1" index="1" bw="8" slack="0"/>
</pin_list>
<bind>
<opcode="load(27) " fcode="load"/>
<opset="mxm_execute_ursa_signed_char_unsigned_short_unsigned_char_unsigned_short_i_715/7 "/>
</bind>
</comp>

<comp id="2856" class="1004" name="mxm_execute_ursa_signed_char_unsigned_short_unsigned_char_unsigned_short_i_716_load_fu_2856">
<pin_list>
<pin id="2857" dir="0" index="0" bw="8" slack="6"/>
<pin id="2858" dir="1" index="1" bw="8" slack="0"/>
</pin_list>
<bind>
<opcode="load(27) " fcode="load"/>
<opset="mxm_execute_ursa_signed_char_unsigned_short_unsigned_char_unsigned_short_i_716/7 "/>
</bind>
</comp>

<comp id="2860" class="1004" name="mxm_execute_ursa_signed_char_unsigned_short_unsigned_char_unsigned_short_i_717_load_fu_2860">
<pin_list>
<pin id="2861" dir="0" index="0" bw="8" slack="6"/>
<pin id="2862" dir="1" index="1" bw="8" slack="0"/>
</pin_list>
<bind>
<opcode="load(27) " fcode="load"/>
<opset="mxm_execute_ursa_signed_char_unsigned_short_unsigned_char_unsigned_short_i_717/7 "/>
</bind>
</comp>

<comp id="2864" class="1004" name="mxm_execute_ursa_signed_char_unsigned_short_unsigned_char_unsigned_short_i_718_load_fu_2864">
<pin_list>
<pin id="2865" dir="0" index="0" bw="8" slack="6"/>
<pin id="2866" dir="1" index="1" bw="8" slack="0"/>
</pin_list>
<bind>
<opcode="load(27) " fcode="load"/>
<opset="mxm_execute_ursa_signed_char_unsigned_short_unsigned_char_unsigned_short_i_718/7 "/>
</bind>
</comp>

<comp id="2868" class="1004" name="mxm_execute_ursa_signed_char_unsigned_short_unsigned_char_unsigned_short_i_719_load_fu_2868">
<pin_list>
<pin id="2869" dir="0" index="0" bw="8" slack="6"/>
<pin id="2870" dir="1" index="1" bw="8" slack="0"/>
</pin_list>
<bind>
<opcode="load(27) " fcode="load"/>
<opset="mxm_execute_ursa_signed_char_unsigned_short_unsigned_char_unsigned_short_i_719/7 "/>
</bind>
</comp>

<comp id="2872" class="1004" name="mxm_execute_ursa_signed_char_unsigned_short_unsigned_char_unsigned_short_i_720_load_fu_2872">
<pin_list>
<pin id="2873" dir="0" index="0" bw="8" slack="6"/>
<pin id="2874" dir="1" index="1" bw="8" slack="0"/>
</pin_list>
<bind>
<opcode="load(27) " fcode="load"/>
<opset="mxm_execute_ursa_signed_char_unsigned_short_unsigned_char_unsigned_short_i_720/7 "/>
</bind>
</comp>

<comp id="2876" class="1004" name="mxm_execute_ursa_signed_char_unsigned_short_unsigned_char_unsigned_short_i_721_load_fu_2876">
<pin_list>
<pin id="2877" dir="0" index="0" bw="8" slack="6"/>
<pin id="2878" dir="1" index="1" bw="8" slack="0"/>
</pin_list>
<bind>
<opcode="load(27) " fcode="load"/>
<opset="mxm_execute_ursa_signed_char_unsigned_short_unsigned_char_unsigned_short_i_721/7 "/>
</bind>
</comp>

<comp id="2880" class="1004" name="mxm_execute_ursa_signed_char_unsigned_short_unsigned_char_unsigned_short_i_722_load_fu_2880">
<pin_list>
<pin id="2881" dir="0" index="0" bw="8" slack="6"/>
<pin id="2882" dir="1" index="1" bw="8" slack="0"/>
</pin_list>
<bind>
<opcode="load(27) " fcode="load"/>
<opset="mxm_execute_ursa_signed_char_unsigned_short_unsigned_char_unsigned_short_i_722/7 "/>
</bind>
</comp>

<comp id="2884" class="1004" name="mxm_execute_ursa_signed_char_unsigned_short_unsigned_char_unsigned_short_i_723_load_fu_2884">
<pin_list>
<pin id="2885" dir="0" index="0" bw="8" slack="6"/>
<pin id="2886" dir="1" index="1" bw="8" slack="0"/>
</pin_list>
<bind>
<opcode="load(27) " fcode="load"/>
<opset="mxm_execute_ursa_signed_char_unsigned_short_unsigned_char_unsigned_short_i_723/7 "/>
</bind>
</comp>

<comp id="2888" class="1004" name="mxm_execute_ursa_signed_char_unsigned_short_unsigned_char_unsigned_short_i_724_load_fu_2888">
<pin_list>
<pin id="2889" dir="0" index="0" bw="8" slack="6"/>
<pin id="2890" dir="1" index="1" bw="8" slack="0"/>
</pin_list>
<bind>
<opcode="load(27) " fcode="load"/>
<opset="mxm_execute_ursa_signed_char_unsigned_short_unsigned_char_unsigned_short_i_724/7 "/>
</bind>
</comp>

<comp id="2892" class="1004" name="mxm_execute_ursa_signed_char_unsigned_short_unsigned_char_unsigned_short_i_725_load_fu_2892">
<pin_list>
<pin id="2893" dir="0" index="0" bw="8" slack="6"/>
<pin id="2894" dir="1" index="1" bw="8" slack="0"/>
</pin_list>
<bind>
<opcode="load(27) " fcode="load"/>
<opset="mxm_execute_ursa_signed_char_unsigned_short_unsigned_char_unsigned_short_i_725/7 "/>
</bind>
</comp>

<comp id="2896" class="1004" name="shl_ln_fu_2896">
<pin_list>
<pin id="2897" dir="0" index="0" bw="32" slack="0"/>
<pin id="2898" dir="0" index="1" bw="29" slack="1"/>
<pin id="2899" dir="0" index="2" bw="1" slack="0"/>
<pin id="2900" dir="1" index="3" bw="32" slack="0"/>
</pin_list>
<bind>
<opcode="bitconcatenate(1004) " fcode="bitconcatenate"/>
<opset="shl_ln/7 "/>
</bind>
</comp>

<comp id="2903" class="1004" name="add_ln331_fu_2903">
<pin_list>
<pin id="2904" dir="0" index="0" bw="32" slack="0"/>
<pin id="2905" dir="0" index="1" bw="16" slack="2"/>
<pin id="2906" dir="1" index="2" bw="32" slack="2"/>
</pin_list>
<bind>
<opcode="add(8) " fcode="add"/>
<opset="add_ln331/7 "/>
</bind>
</comp>

<comp id="2908" class="1004" name="mxm_execute_ursa_signed_char_unsigned_short_unsigned_char_unsigned_short_i_726_load_fu_2908">
<pin_list>
<pin id="2909" dir="0" index="0" bw="8" slack="8"/>
<pin id="2910" dir="1" index="1" bw="8" slack="0"/>
</pin_list>
<bind>
<opcode="load(27) " fcode="load"/>
<opset="mxm_execute_ursa_signed_char_unsigned_short_unsigned_char_unsigned_short_i_726/9 "/>
</bind>
</comp>

<comp id="2912" class="1004" name="mxm_execute_ursa_signed_char_unsigned_short_unsigned_char_unsigned_short_i_727_load_fu_2912">
<pin_list>
<pin id="2913" dir="0" index="0" bw="8" slack="8"/>
<pin id="2914" dir="1" index="1" bw="8" slack="0"/>
</pin_list>
<bind>
<opcode="load(27) " fcode="load"/>
<opset="mxm_execute_ursa_signed_char_unsigned_short_unsigned_char_unsigned_short_i_727/9 "/>
</bind>
</comp>

<comp id="2916" class="1004" name="mxm_execute_ursa_signed_char_unsigned_short_unsigned_char_unsigned_short_i_728_load_fu_2916">
<pin_list>
<pin id="2917" dir="0" index="0" bw="8" slack="8"/>
<pin id="2918" dir="1" index="1" bw="8" slack="0"/>
</pin_list>
<bind>
<opcode="load(27) " fcode="load"/>
<opset="mxm_execute_ursa_signed_char_unsigned_short_unsigned_char_unsigned_short_i_728/9 "/>
</bind>
</comp>

<comp id="2920" class="1004" name="mxm_execute_ursa_signed_char_unsigned_short_unsigned_char_unsigned_short_i_729_load_fu_2920">
<pin_list>
<pin id="2921" dir="0" index="0" bw="8" slack="8"/>
<pin id="2922" dir="1" index="1" bw="8" slack="0"/>
</pin_list>
<bind>
<opcode="load(27) " fcode="load"/>
<opset="mxm_execute_ursa_signed_char_unsigned_short_unsigned_char_unsigned_short_i_729/9 "/>
</bind>
</comp>

<comp id="2924" class="1004" name="mxm_execute_ursa_signed_char_unsigned_short_unsigned_char_unsigned_short_i_730_load_fu_2924">
<pin_list>
<pin id="2925" dir="0" index="0" bw="8" slack="8"/>
<pin id="2926" dir="1" index="1" bw="8" slack="0"/>
</pin_list>
<bind>
<opcode="load(27) " fcode="load"/>
<opset="mxm_execute_ursa_signed_char_unsigned_short_unsigned_char_unsigned_short_i_730/9 "/>
</bind>
</comp>

<comp id="2928" class="1004" name="mxm_execute_ursa_signed_char_unsigned_short_unsigned_char_unsigned_short_i_731_load_fu_2928">
<pin_list>
<pin id="2929" dir="0" index="0" bw="8" slack="8"/>
<pin id="2930" dir="1" index="1" bw="8" slack="0"/>
</pin_list>
<bind>
<opcode="load(27) " fcode="load"/>
<opset="mxm_execute_ursa_signed_char_unsigned_short_unsigned_char_unsigned_short_i_731/9 "/>
</bind>
</comp>

<comp id="2932" class="1004" name="mxm_execute_ursa_signed_char_unsigned_short_unsigned_char_unsigned_short_i_732_load_fu_2932">
<pin_list>
<pin id="2933" dir="0" index="0" bw="8" slack="8"/>
<pin id="2934" dir="1" index="1" bw="8" slack="0"/>
</pin_list>
<bind>
<opcode="load(27) " fcode="load"/>
<opset="mxm_execute_ursa_signed_char_unsigned_short_unsigned_char_unsigned_short_i_732/9 "/>
</bind>
</comp>

<comp id="2936" class="1004" name="mxm_execute_ursa_signed_char_unsigned_short_unsigned_char_unsigned_short_i_733_load_fu_2936">
<pin_list>
<pin id="2937" dir="0" index="0" bw="8" slack="8"/>
<pin id="2938" dir="1" index="1" bw="8" slack="0"/>
</pin_list>
<bind>
<opcode="load(27) " fcode="load"/>
<opset="mxm_execute_ursa_signed_char_unsigned_short_unsigned_char_unsigned_short_i_733/9 "/>
</bind>
</comp>

<comp id="2940" class="1004" name="mxm_execute_ursa_signed_char_unsigned_short_unsigned_char_unsigned_short_i_734_load_fu_2940">
<pin_list>
<pin id="2941" dir="0" index="0" bw="8" slack="8"/>
<pin id="2942" dir="1" index="1" bw="8" slack="0"/>
</pin_list>
<bind>
<opcode="load(27) " fcode="load"/>
<opset="mxm_execute_ursa_signed_char_unsigned_short_unsigned_char_unsigned_short_i_734/9 "/>
</bind>
</comp>

<comp id="2944" class="1004" name="mxm_execute_ursa_signed_char_unsigned_short_unsigned_char_unsigned_short_i_735_load_fu_2944">
<pin_list>
<pin id="2945" dir="0" index="0" bw="8" slack="8"/>
<pin id="2946" dir="1" index="1" bw="8" slack="0"/>
</pin_list>
<bind>
<opcode="load(27) " fcode="load"/>
<opset="mxm_execute_ursa_signed_char_unsigned_short_unsigned_char_unsigned_short_i_735/9 "/>
</bind>
</comp>

<comp id="2948" class="1004" name="mxm_execute_ursa_signed_char_unsigned_short_unsigned_char_unsigned_short_i_736_load_fu_2948">
<pin_list>
<pin id="2949" dir="0" index="0" bw="8" slack="8"/>
<pin id="2950" dir="1" index="1" bw="8" slack="0"/>
</pin_list>
<bind>
<opcode="load(27) " fcode="load"/>
<opset="mxm_execute_ursa_signed_char_unsigned_short_unsigned_char_unsigned_short_i_736/9 "/>
</bind>
</comp>

<comp id="2952" class="1004" name="mxm_execute_ursa_signed_char_unsigned_short_unsigned_char_unsigned_short_i_737_load_fu_2952">
<pin_list>
<pin id="2953" dir="0" index="0" bw="8" slack="8"/>
<pin id="2954" dir="1" index="1" bw="8" slack="0"/>
</pin_list>
<bind>
<opcode="load(27) " fcode="load"/>
<opset="mxm_execute_ursa_signed_char_unsigned_short_unsigned_char_unsigned_short_i_737/9 "/>
</bind>
</comp>

<comp id="2956" class="1004" name="mxm_execute_ursa_signed_char_unsigned_short_unsigned_char_unsigned_short_i_738_load_fu_2956">
<pin_list>
<pin id="2957" dir="0" index="0" bw="8" slack="8"/>
<pin id="2958" dir="1" index="1" bw="8" slack="0"/>
</pin_list>
<bind>
<opcode="load(27) " fcode="load"/>
<opset="mxm_execute_ursa_signed_char_unsigned_short_unsigned_char_unsigned_short_i_738/9 "/>
</bind>
</comp>

<comp id="2960" class="1004" name="mxm_execute_ursa_signed_char_unsigned_short_unsigned_char_unsigned_short_i_739_load_fu_2960">
<pin_list>
<pin id="2961" dir="0" index="0" bw="8" slack="8"/>
<pin id="2962" dir="1" index="1" bw="8" slack="0"/>
</pin_list>
<bind>
<opcode="load(27) " fcode="load"/>
<opset="mxm_execute_ursa_signed_char_unsigned_short_unsigned_char_unsigned_short_i_739/9 "/>
</bind>
</comp>

<comp id="2964" class="1004" name="mxm_execute_ursa_signed_char_unsigned_short_unsigned_char_unsigned_short_i_740_load_fu_2964">
<pin_list>
<pin id="2965" dir="0" index="0" bw="8" slack="8"/>
<pin id="2966" dir="1" index="1" bw="8" slack="0"/>
</pin_list>
<bind>
<opcode="load(27) " fcode="load"/>
<opset="mxm_execute_ursa_signed_char_unsigned_short_unsigned_char_unsigned_short_i_740/9 "/>
</bind>
</comp>

<comp id="2968" class="1004" name="mxm_execute_ursa_signed_char_unsigned_short_unsigned_char_unsigned_short_i_741_load_fu_2968">
<pin_list>
<pin id="2969" dir="0" index="0" bw="8" slack="8"/>
<pin id="2970" dir="1" index="1" bw="8" slack="0"/>
</pin_list>
<bind>
<opcode="load(27) " fcode="load"/>
<opset="mxm_execute_ursa_signed_char_unsigned_short_unsigned_char_unsigned_short_i_741/9 "/>
</bind>
</comp>

<comp id="2972" class="1004" name="mxm_execute_ursa_signed_char_unsigned_short_unsigned_char_unsigned_short_i_742_load_fu_2972">
<pin_list>
<pin id="2973" dir="0" index="0" bw="8" slack="8"/>
<pin id="2974" dir="1" index="1" bw="8" slack="0"/>
</pin_list>
<bind>
<opcode="load(27) " fcode="load"/>
<opset="mxm_execute_ursa_signed_char_unsigned_short_unsigned_char_unsigned_short_i_742/9 "/>
</bind>
</comp>

<comp id="2976" class="1004" name="mxm_execute_ursa_signed_char_unsigned_short_unsigned_char_unsigned_short_i_743_load_fu_2976">
<pin_list>
<pin id="2977" dir="0" index="0" bw="8" slack="8"/>
<pin id="2978" dir="1" index="1" bw="8" slack="0"/>
</pin_list>
<bind>
<opcode="load(27) " fcode="load"/>
<opset="mxm_execute_ursa_signed_char_unsigned_short_unsigned_char_unsigned_short_i_743/9 "/>
</bind>
</comp>

<comp id="2980" class="1004" name="mxm_execute_ursa_signed_char_unsigned_short_unsigned_char_unsigned_short_i_744_load_fu_2980">
<pin_list>
<pin id="2981" dir="0" index="0" bw="8" slack="8"/>
<pin id="2982" dir="1" index="1" bw="8" slack="0"/>
</pin_list>
<bind>
<opcode="load(27) " fcode="load"/>
<opset="mxm_execute_ursa_signed_char_unsigned_short_unsigned_char_unsigned_short_i_744/9 "/>
</bind>
</comp>

<comp id="2984" class="1004" name="mxm_execute_ursa_signed_char_unsigned_short_unsigned_char_unsigned_short_i_745_load_fu_2984">
<pin_list>
<pin id="2985" dir="0" index="0" bw="8" slack="8"/>
<pin id="2986" dir="1" index="1" bw="8" slack="0"/>
</pin_list>
<bind>
<opcode="load(27) " fcode="load"/>
<opset="mxm_execute_ursa_signed_char_unsigned_short_unsigned_char_unsigned_short_i_745/9 "/>
</bind>
</comp>

<comp id="2988" class="1004" name="mxm_execute_ursa_signed_char_unsigned_short_unsigned_char_unsigned_short_i_746_load_fu_2988">
<pin_list>
<pin id="2989" dir="0" index="0" bw="8" slack="8"/>
<pin id="2990" dir="1" index="1" bw="8" slack="0"/>
</pin_list>
<bind>
<opcode="load(27) " fcode="load"/>
<opset="mxm_execute_ursa_signed_char_unsigned_short_unsigned_char_unsigned_short_i_746/9 "/>
</bind>
</comp>

<comp id="2992" class="1004" name="mxm_execute_ursa_signed_char_unsigned_short_unsigned_char_unsigned_short_i_747_load_fu_2992">
<pin_list>
<pin id="2993" dir="0" index="0" bw="8" slack="8"/>
<pin id="2994" dir="1" index="1" bw="8" slack="0"/>
</pin_list>
<bind>
<opcode="load(27) " fcode="load"/>
<opset="mxm_execute_ursa_signed_char_unsigned_short_unsigned_char_unsigned_short_i_747/9 "/>
</bind>
</comp>

<comp id="2996" class="1004" name="mxm_execute_ursa_signed_char_unsigned_short_unsigned_char_unsigned_short_i_748_load_fu_2996">
<pin_list>
<pin id="2997" dir="0" index="0" bw="8" slack="8"/>
<pin id="2998" dir="1" index="1" bw="8" slack="0"/>
</pin_list>
<bind>
<opcode="load(27) " fcode="load"/>
<opset="mxm_execute_ursa_signed_char_unsigned_short_unsigned_char_unsigned_short_i_748/9 "/>
</bind>
</comp>

<comp id="3000" class="1004" name="mxm_execute_ursa_signed_char_unsigned_short_unsigned_char_unsigned_short_i_749_load_fu_3000">
<pin_list>
<pin id="3001" dir="0" index="0" bw="8" slack="8"/>
<pin id="3002" dir="1" index="1" bw="8" slack="0"/>
</pin_list>
<bind>
<opcode="load(27) " fcode="load"/>
<opset="mxm_execute_ursa_signed_char_unsigned_short_unsigned_char_unsigned_short_i_749/9 "/>
</bind>
</comp>

<comp id="3004" class="1004" name="mxm_execute_ursa_signed_char_unsigned_short_unsigned_char_unsigned_short_i_750_load_fu_3004">
<pin_list>
<pin id="3005" dir="0" index="0" bw="8" slack="8"/>
<pin id="3006" dir="1" index="1" bw="8" slack="0"/>
</pin_list>
<bind>
<opcode="load(27) " fcode="load"/>
<opset="mxm_execute_ursa_signed_char_unsigned_short_unsigned_char_unsigned_short_i_750/9 "/>
</bind>
</comp>

<comp id="3008" class="1004" name="mxm_execute_ursa_signed_char_unsigned_short_unsigned_char_unsigned_short_i_751_load_fu_3008">
<pin_list>
<pin id="3009" dir="0" index="0" bw="8" slack="8"/>
<pin id="3010" dir="1" index="1" bw="8" slack="0"/>
</pin_list>
<bind>
<opcode="load(27) " fcode="load"/>
<opset="mxm_execute_ursa_signed_char_unsigned_short_unsigned_char_unsigned_short_i_751/9 "/>
</bind>
</comp>

<comp id="3012" class="1004" name="mxm_execute_ursa_signed_char_unsigned_short_unsigned_char_unsigned_short_i_752_load_fu_3012">
<pin_list>
<pin id="3013" dir="0" index="0" bw="8" slack="8"/>
<pin id="3014" dir="1" index="1" bw="8" slack="0"/>
</pin_list>
<bind>
<opcode="load(27) " fcode="load"/>
<opset="mxm_execute_ursa_signed_char_unsigned_short_unsigned_char_unsigned_short_i_752/9 "/>
</bind>
</comp>

<comp id="3016" class="1004" name="mxm_execute_ursa_signed_char_unsigned_short_unsigned_char_unsigned_short_i_753_load_fu_3016">
<pin_list>
<pin id="3017" dir="0" index="0" bw="8" slack="8"/>
<pin id="3018" dir="1" index="1" bw="8" slack="0"/>
</pin_list>
<bind>
<opcode="load(27) " fcode="load"/>
<opset="mxm_execute_ursa_signed_char_unsigned_short_unsigned_char_unsigned_short_i_753/9 "/>
</bind>
</comp>

<comp id="3020" class="1004" name="mxm_execute_ursa_signed_char_unsigned_short_unsigned_char_unsigned_short_i_754_load_fu_3020">
<pin_list>
<pin id="3021" dir="0" index="0" bw="8" slack="8"/>
<pin id="3022" dir="1" index="1" bw="8" slack="0"/>
</pin_list>
<bind>
<opcode="load(27) " fcode="load"/>
<opset="mxm_execute_ursa_signed_char_unsigned_short_unsigned_char_unsigned_short_i_754/9 "/>
</bind>
</comp>

<comp id="3024" class="1004" name="mxm_execute_ursa_signed_char_unsigned_short_unsigned_char_unsigned_short_i_755_load_fu_3024">
<pin_list>
<pin id="3025" dir="0" index="0" bw="8" slack="8"/>
<pin id="3026" dir="1" index="1" bw="8" slack="0"/>
</pin_list>
<bind>
<opcode="load(27) " fcode="load"/>
<opset="mxm_execute_ursa_signed_char_unsigned_short_unsigned_char_unsigned_short_i_755/9 "/>
</bind>
</comp>

<comp id="3028" class="1004" name="mxm_execute_ursa_signed_char_unsigned_short_unsigned_char_unsigned_short_i_756_load_fu_3028">
<pin_list>
<pin id="3029" dir="0" index="0" bw="8" slack="8"/>
<pin id="3030" dir="1" index="1" bw="8" slack="0"/>
</pin_list>
<bind>
<opcode="load(27) " fcode="load"/>
<opset="mxm_execute_ursa_signed_char_unsigned_short_unsigned_char_unsigned_short_i_756/9 "/>
</bind>
</comp>

<comp id="3032" class="1004" name="mxm_execute_ursa_signed_char_unsigned_short_unsigned_char_unsigned_short_i_757_load_fu_3032">
<pin_list>
<pin id="3033" dir="0" index="0" bw="8" slack="8"/>
<pin id="3034" dir="1" index="1" bw="8" slack="0"/>
</pin_list>
<bind>
<opcode="load(27) " fcode="load"/>
<opset="mxm_execute_ursa_signed_char_unsigned_short_unsigned_char_unsigned_short_i_757/9 "/>
</bind>
</comp>

<comp id="3036" class="1004" name="mxm_execute_ursa_signed_char_unsigned_short_unsigned_char_unsigned_short_i_758_load_fu_3036">
<pin_list>
<pin id="3037" dir="0" index="0" bw="8" slack="8"/>
<pin id="3038" dir="1" index="1" bw="8" slack="0"/>
</pin_list>
<bind>
<opcode="load(27) " fcode="load"/>
<opset="mxm_execute_ursa_signed_char_unsigned_short_unsigned_char_unsigned_short_i_758/9 "/>
</bind>
</comp>

<comp id="3040" class="1004" name="mxm_execute_ursa_signed_char_unsigned_short_unsigned_char_unsigned_short_i_759_load_fu_3040">
<pin_list>
<pin id="3041" dir="0" index="0" bw="8" slack="8"/>
<pin id="3042" dir="1" index="1" bw="8" slack="0"/>
</pin_list>
<bind>
<opcode="load(27) " fcode="load"/>
<opset="mxm_execute_ursa_signed_char_unsigned_short_unsigned_char_unsigned_short_i_759/9 "/>
</bind>
</comp>

<comp id="3044" class="1004" name="mxm_execute_ursa_signed_char_unsigned_short_unsigned_char_unsigned_short_i_760_load_fu_3044">
<pin_list>
<pin id="3045" dir="0" index="0" bw="8" slack="8"/>
<pin id="3046" dir="1" index="1" bw="8" slack="0"/>
</pin_list>
<bind>
<opcode="load(27) " fcode="load"/>
<opset="mxm_execute_ursa_signed_char_unsigned_short_unsigned_char_unsigned_short_i_760/9 "/>
</bind>
</comp>

<comp id="3048" class="1004" name="mxm_execute_ursa_signed_char_unsigned_short_unsigned_char_unsigned_short_i_761_load_fu_3048">
<pin_list>
<pin id="3049" dir="0" index="0" bw="8" slack="8"/>
<pin id="3050" dir="1" index="1" bw="8" slack="0"/>
</pin_list>
<bind>
<opcode="load(27) " fcode="load"/>
<opset="mxm_execute_ursa_signed_char_unsigned_short_unsigned_char_unsigned_short_i_761/9 "/>
</bind>
</comp>

<comp id="3052" class="1004" name="mxm_execute_ursa_signed_char_unsigned_short_unsigned_char_unsigned_short_i_762_load_fu_3052">
<pin_list>
<pin id="3053" dir="0" index="0" bw="8" slack="8"/>
<pin id="3054" dir="1" index="1" bw="8" slack="0"/>
</pin_list>
<bind>
<opcode="load(27) " fcode="load"/>
<opset="mxm_execute_ursa_signed_char_unsigned_short_unsigned_char_unsigned_short_i_762/9 "/>
</bind>
</comp>

<comp id="3056" class="1004" name="mxm_execute_ursa_signed_char_unsigned_short_unsigned_char_unsigned_short_i_763_load_fu_3056">
<pin_list>
<pin id="3057" dir="0" index="0" bw="8" slack="8"/>
<pin id="3058" dir="1" index="1" bw="8" slack="0"/>
</pin_list>
<bind>
<opcode="load(27) " fcode="load"/>
<opset="mxm_execute_ursa_signed_char_unsigned_short_unsigned_char_unsigned_short_i_763/9 "/>
</bind>
</comp>

<comp id="3060" class="1004" name="mxm_execute_ursa_signed_char_unsigned_short_unsigned_char_unsigned_short_i_764_load_fu_3060">
<pin_list>
<pin id="3061" dir="0" index="0" bw="8" slack="8"/>
<pin id="3062" dir="1" index="1" bw="8" slack="0"/>
</pin_list>
<bind>
<opcode="load(27) " fcode="load"/>
<opset="mxm_execute_ursa_signed_char_unsigned_short_unsigned_char_unsigned_short_i_764/9 "/>
</bind>
</comp>

<comp id="3064" class="1004" name="mxm_execute_ursa_signed_char_unsigned_short_unsigned_char_unsigned_short_i_765_load_fu_3064">
<pin_list>
<pin id="3065" dir="0" index="0" bw="8" slack="8"/>
<pin id="3066" dir="1" index="1" bw="8" slack="0"/>
</pin_list>
<bind>
<opcode="load(27) " fcode="load"/>
<opset="mxm_execute_ursa_signed_char_unsigned_short_unsigned_char_unsigned_short_i_765/9 "/>
</bind>
</comp>

<comp id="3068" class="1004" name="mxm_execute_ursa_signed_char_unsigned_short_unsigned_char_unsigned_short_i_766_load_fu_3068">
<pin_list>
<pin id="3069" dir="0" index="0" bw="8" slack="8"/>
<pin id="3070" dir="1" index="1" bw="8" slack="0"/>
</pin_list>
<bind>
<opcode="load(27) " fcode="load"/>
<opset="mxm_execute_ursa_signed_char_unsigned_short_unsigned_char_unsigned_short_i_766/9 "/>
</bind>
</comp>

<comp id="3072" class="1004" name="mxm_execute_ursa_signed_char_unsigned_short_unsigned_char_unsigned_short_i_767_load_fu_3072">
<pin_list>
<pin id="3073" dir="0" index="0" bw="8" slack="8"/>
<pin id="3074" dir="1" index="1" bw="8" slack="0"/>
</pin_list>
<bind>
<opcode="load(27) " fcode="load"/>
<opset="mxm_execute_ursa_signed_char_unsigned_short_unsigned_char_unsigned_short_i_767/9 "/>
</bind>
</comp>

<comp id="3076" class="1004" name="mxm_execute_ursa_signed_char_unsigned_short_unsigned_char_unsigned_short_i_768_load_fu_3076">
<pin_list>
<pin id="3077" dir="0" index="0" bw="8" slack="8"/>
<pin id="3078" dir="1" index="1" bw="8" slack="0"/>
</pin_list>
<bind>
<opcode="load(27) " fcode="load"/>
<opset="mxm_execute_ursa_signed_char_unsigned_short_unsigned_char_unsigned_short_i_768/9 "/>
</bind>
</comp>

<comp id="3080" class="1004" name="mxm_execute_ursa_signed_char_unsigned_short_unsigned_char_unsigned_short_i_769_load_fu_3080">
<pin_list>
<pin id="3081" dir="0" index="0" bw="8" slack="8"/>
<pin id="3082" dir="1" index="1" bw="8" slack="0"/>
</pin_list>
<bind>
<opcode="load(27) " fcode="load"/>
<opset="mxm_execute_ursa_signed_char_unsigned_short_unsigned_char_unsigned_short_i_769/9 "/>
</bind>
</comp>

<comp id="3084" class="1004" name="mxm_execute_ursa_signed_char_unsigned_short_unsigned_char_unsigned_short_i_770_load_fu_3084">
<pin_list>
<pin id="3085" dir="0" index="0" bw="8" slack="8"/>
<pin id="3086" dir="1" index="1" bw="8" slack="0"/>
</pin_list>
<bind>
<opcode="load(27) " fcode="load"/>
<opset="mxm_execute_ursa_signed_char_unsigned_short_unsigned_char_unsigned_short_i_770/9 "/>
</bind>
</comp>

<comp id="3088" class="1004" name="mxm_execute_ursa_signed_char_unsigned_short_unsigned_char_unsigned_short_i_771_load_fu_3088">
<pin_list>
<pin id="3089" dir="0" index="0" bw="8" slack="8"/>
<pin id="3090" dir="1" index="1" bw="8" slack="0"/>
</pin_list>
<bind>
<opcode="load(27) " fcode="load"/>
<opset="mxm_execute_ursa_signed_char_unsigned_short_unsigned_char_unsigned_short_i_771/9 "/>
</bind>
</comp>

<comp id="3092" class="1004" name="mxm_execute_ursa_signed_char_unsigned_short_unsigned_char_unsigned_short_i_772_load_fu_3092">
<pin_list>
<pin id="3093" dir="0" index="0" bw="8" slack="8"/>
<pin id="3094" dir="1" index="1" bw="8" slack="0"/>
</pin_list>
<bind>
<opcode="load(27) " fcode="load"/>
<opset="mxm_execute_ursa_signed_char_unsigned_short_unsigned_char_unsigned_short_i_772/9 "/>
</bind>
</comp>

<comp id="3096" class="1004" name="mxm_execute_ursa_signed_char_unsigned_short_unsigned_char_unsigned_short_i_773_load_fu_3096">
<pin_list>
<pin id="3097" dir="0" index="0" bw="8" slack="8"/>
<pin id="3098" dir="1" index="1" bw="8" slack="0"/>
</pin_list>
<bind>
<opcode="load(27) " fcode="load"/>
<opset="mxm_execute_ursa_signed_char_unsigned_short_unsigned_char_unsigned_short_i_773/9 "/>
</bind>
</comp>

<comp id="3100" class="1004" name="mxm_execute_ursa_signed_char_unsigned_short_unsigned_char_unsigned_short_i_774_load_fu_3100">
<pin_list>
<pin id="3101" dir="0" index="0" bw="8" slack="8"/>
<pin id="3102" dir="1" index="1" bw="8" slack="0"/>
</pin_list>
<bind>
<opcode="load(27) " fcode="load"/>
<opset="mxm_execute_ursa_signed_char_unsigned_short_unsigned_char_unsigned_short_i_774/9 "/>
</bind>
</comp>

<comp id="3104" class="1004" name="mxm_execute_ursa_signed_char_unsigned_short_unsigned_char_unsigned_short_i_775_load_fu_3104">
<pin_list>
<pin id="3105" dir="0" index="0" bw="8" slack="8"/>
<pin id="3106" dir="1" index="1" bw="8" slack="0"/>
</pin_list>
<bind>
<opcode="load(27) " fcode="load"/>
<opset="mxm_execute_ursa_signed_char_unsigned_short_unsigned_char_unsigned_short_i_775/9 "/>
</bind>
</comp>

<comp id="3108" class="1004" name="mxm_execute_ursa_signed_char_unsigned_short_unsigned_char_unsigned_short_i_776_load_fu_3108">
<pin_list>
<pin id="3109" dir="0" index="0" bw="8" slack="8"/>
<pin id="3110" dir="1" index="1" bw="8" slack="0"/>
</pin_list>
<bind>
<opcode="load(27) " fcode="load"/>
<opset="mxm_execute_ursa_signed_char_unsigned_short_unsigned_char_unsigned_short_i_776/9 "/>
</bind>
</comp>

<comp id="3112" class="1004" name="mxm_execute_ursa_signed_char_unsigned_short_unsigned_char_unsigned_short_i_777_load_fu_3112">
<pin_list>
<pin id="3113" dir="0" index="0" bw="8" slack="8"/>
<pin id="3114" dir="1" index="1" bw="8" slack="0"/>
</pin_list>
<bind>
<opcode="load(27) " fcode="load"/>
<opset="mxm_execute_ursa_signed_char_unsigned_short_unsigned_char_unsigned_short_i_777/9 "/>
</bind>
</comp>

<comp id="3116" class="1004" name="mxm_execute_ursa_signed_char_unsigned_short_unsigned_char_unsigned_short_i_778_load_fu_3116">
<pin_list>
<pin id="3117" dir="0" index="0" bw="8" slack="8"/>
<pin id="3118" dir="1" index="1" bw="8" slack="0"/>
</pin_list>
<bind>
<opcode="load(27) " fcode="load"/>
<opset="mxm_execute_ursa_signed_char_unsigned_short_unsigned_char_unsigned_short_i_778/9 "/>
</bind>
</comp>

<comp id="3120" class="1004" name="mxm_execute_ursa_signed_char_unsigned_short_unsigned_char_unsigned_short_i_779_load_fu_3120">
<pin_list>
<pin id="3121" dir="0" index="0" bw="8" slack="8"/>
<pin id="3122" dir="1" index="1" bw="8" slack="0"/>
</pin_list>
<bind>
<opcode="load(27) " fcode="load"/>
<opset="mxm_execute_ursa_signed_char_unsigned_short_unsigned_char_unsigned_short_i_779/9 "/>
</bind>
</comp>

<comp id="3124" class="1004" name="mxm_execute_ursa_signed_char_unsigned_short_unsigned_char_unsigned_short_i_780_load_fu_3124">
<pin_list>
<pin id="3125" dir="0" index="0" bw="8" slack="8"/>
<pin id="3126" dir="1" index="1" bw="8" slack="0"/>
</pin_list>
<bind>
<opcode="load(27) " fcode="load"/>
<opset="mxm_execute_ursa_signed_char_unsigned_short_unsigned_char_unsigned_short_i_780/9 "/>
</bind>
</comp>

<comp id="3128" class="1004" name="mxm_execute_ursa_signed_char_unsigned_short_unsigned_char_unsigned_short_i_781_load_fu_3128">
<pin_list>
<pin id="3129" dir="0" index="0" bw="8" slack="8"/>
<pin id="3130" dir="1" index="1" bw="8" slack="0"/>
</pin_list>
<bind>
<opcode="load(27) " fcode="load"/>
<opset="mxm_execute_ursa_signed_char_unsigned_short_unsigned_char_unsigned_short_i_781/9 "/>
</bind>
</comp>

<comp id="3132" class="1004" name="cmp15_7_i_phi_loc_load_load_fu_3132">
<pin_list>
<pin id="3133" dir="0" index="0" bw="1" slack="8"/>
<pin id="3134" dir="1" index="1" bw="1" slack="0"/>
</pin_list>
<bind>
<opcode="load(27) " fcode="load"/>
<opset="cmp15_7_i_phi_loc_load/9 "/>
</bind>
</comp>

<comp id="3136" class="1004" name="cmp15_6_i_phi_loc_load_load_fu_3136">
<pin_list>
<pin id="3137" dir="0" index="0" bw="1" slack="8"/>
<pin id="3138" dir="1" index="1" bw="1" slack="0"/>
</pin_list>
<bind>
<opcode="load(27) " fcode="load"/>
<opset="cmp15_6_i_phi_loc_load/9 "/>
</bind>
</comp>

<comp id="3140" class="1004" name="cmp15_5_i_phi_loc_load_load_fu_3140">
<pin_list>
<pin id="3141" dir="0" index="0" bw="1" slack="8"/>
<pin id="3142" dir="1" index="1" bw="1" slack="0"/>
</pin_list>
<bind>
<opcode="load(27) " fcode="load"/>
<opset="cmp15_5_i_phi_loc_load/9 "/>
</bind>
</comp>

<comp id="3144" class="1004" name="cmp15_4_i_phi_loc_load_load_fu_3144">
<pin_list>
<pin id="3145" dir="0" index="0" bw="1" slack="8"/>
<pin id="3146" dir="1" index="1" bw="1" slack="0"/>
</pin_list>
<bind>
<opcode="load(27) " fcode="load"/>
<opset="cmp15_4_i_phi_loc_load/9 "/>
</bind>
</comp>

<comp id="3148" class="1004" name="cmp15_3_i_phi_loc_load_load_fu_3148">
<pin_list>
<pin id="3149" dir="0" index="0" bw="1" slack="8"/>
<pin id="3150" dir="1" index="1" bw="1" slack="0"/>
</pin_list>
<bind>
<opcode="load(27) " fcode="load"/>
<opset="cmp15_3_i_phi_loc_load/9 "/>
</bind>
</comp>

<comp id="3152" class="1004" name="cmp15_2_i_phi_loc_load_load_fu_3152">
<pin_list>
<pin id="3153" dir="0" index="0" bw="1" slack="8"/>
<pin id="3154" dir="1" index="1" bw="1" slack="0"/>
</pin_list>
<bind>
<opcode="load(27) " fcode="load"/>
<opset="cmp15_2_i_phi_loc_load/9 "/>
</bind>
</comp>

<comp id="3156" class="1004" name="cmp15_1_i_phi_loc_load_load_fu_3156">
<pin_list>
<pin id="3157" dir="0" index="0" bw="1" slack="8"/>
<pin id="3158" dir="1" index="1" bw="1" slack="0"/>
</pin_list>
<bind>
<opcode="load(27) " fcode="load"/>
<opset="cmp15_1_i_phi_loc_load/9 "/>
</bind>
</comp>

<comp id="3160" class="1004" name="cmp15_i_phi_loc_load_load_fu_3160">
<pin_list>
<pin id="3161" dir="0" index="0" bw="1" slack="8"/>
<pin id="3162" dir="1" index="1" bw="1" slack="0"/>
</pin_list>
<bind>
<opcode="load(27) " fcode="load"/>
<opset="cmp15_i_phi_loc_load/9 "/>
</bind>
</comp>

<comp id="3164" class="1004" name="mxm_execute_ursa_signed_char_unsigned_short_unsigned_char_unsigned_short_i_782_load_fu_3164">
<pin_list>
<pin id="3165" dir="0" index="0" bw="8" slack="0"/>
<pin id="3166" dir="1" index="1" bw="8" slack="0"/>
</pin_list>
<bind>
<opcode="load(27) " fcode="load"/>
<opset="mxm_execute_ursa_signed_char_unsigned_short_unsigned_char_unsigned_short_i_782/9 "/>
</bind>
</comp>

<comp id="3169" class="1004" name="mxm_execute_ursa_signed_char_unsigned_short_unsigned_char_unsigned_short_i_783_load_fu_3169">
<pin_list>
<pin id="3170" dir="0" index="0" bw="8" slack="0"/>
<pin id="3171" dir="1" index="1" bw="8" slack="0"/>
</pin_list>
<bind>
<opcode="load(27) " fcode="load"/>
<opset="mxm_execute_ursa_signed_char_unsigned_short_unsigned_char_unsigned_short_i_783/9 "/>
</bind>
</comp>

<comp id="3174" class="1004" name="mxm_execute_ursa_signed_char_unsigned_short_unsigned_char_unsigned_short_i_784_load_fu_3174">
<pin_list>
<pin id="3175" dir="0" index="0" bw="8" slack="0"/>
<pin id="3176" dir="1" index="1" bw="8" slack="0"/>
</pin_list>
<bind>
<opcode="load(27) " fcode="load"/>
<opset="mxm_execute_ursa_signed_char_unsigned_short_unsigned_char_unsigned_short_i_784/9 "/>
</bind>
</comp>

<comp id="3179" class="1004" name="mxm_execute_ursa_signed_char_unsigned_short_unsigned_char_unsigned_short_i_785_load_fu_3179">
<pin_list>
<pin id="3180" dir="0" index="0" bw="8" slack="0"/>
<pin id="3181" dir="1" index="1" bw="8" slack="0"/>
</pin_list>
<bind>
<opcode="load(27) " fcode="load"/>
<opset="mxm_execute_ursa_signed_char_unsigned_short_unsigned_char_unsigned_short_i_785/9 "/>
</bind>
</comp>

<comp id="3184" class="1004" name="mxm_execute_ursa_signed_char_unsigned_short_unsigned_char_unsigned_short_i_786_load_fu_3184">
<pin_list>
<pin id="3185" dir="0" index="0" bw="8" slack="0"/>
<pin id="3186" dir="1" index="1" bw="8" slack="0"/>
</pin_list>
<bind>
<opcode="load(27) " fcode="load"/>
<opset="mxm_execute_ursa_signed_char_unsigned_short_unsigned_char_unsigned_short_i_786/9 "/>
</bind>
</comp>

<comp id="3189" class="1004" name="mxm_execute_ursa_signed_char_unsigned_short_unsigned_char_unsigned_short_i_787_load_fu_3189">
<pin_list>
<pin id="3190" dir="0" index="0" bw="8" slack="0"/>
<pin id="3191" dir="1" index="1" bw="8" slack="0"/>
</pin_list>
<bind>
<opcode="load(27) " fcode="load"/>
<opset="mxm_execute_ursa_signed_char_unsigned_short_unsigned_char_unsigned_short_i_787/9 "/>
</bind>
</comp>

<comp id="3194" class="1004" name="mxm_execute_ursa_signed_char_unsigned_short_unsigned_char_unsigned_short_i_788_load_fu_3194">
<pin_list>
<pin id="3195" dir="0" index="0" bw="8" slack="0"/>
<pin id="3196" dir="1" index="1" bw="8" slack="0"/>
</pin_list>
<bind>
<opcode="load(27) " fcode="load"/>
<opset="mxm_execute_ursa_signed_char_unsigned_short_unsigned_char_unsigned_short_i_788/9 "/>
</bind>
</comp>

<comp id="3199" class="1004" name="mxm_execute_ursa_signed_char_unsigned_short_unsigned_char_unsigned_short_i_789_load_fu_3199">
<pin_list>
<pin id="3200" dir="0" index="0" bw="8" slack="0"/>
<pin id="3201" dir="1" index="1" bw="8" slack="0"/>
</pin_list>
<bind>
<opcode="load(27) " fcode="load"/>
<opset="mxm_execute_ursa_signed_char_unsigned_short_unsigned_char_unsigned_short_i_789/9 "/>
</bind>
</comp>

<comp id="3204" class="1004" name="mxm_execute_ursa_signed_char_unsigned_short_unsigned_char_unsigned_short_i_790_load_fu_3204">
<pin_list>
<pin id="3205" dir="0" index="0" bw="8" slack="0"/>
<pin id="3206" dir="1" index="1" bw="8" slack="0"/>
</pin_list>
<bind>
<opcode="load(27) " fcode="load"/>
<opset="mxm_execute_ursa_signed_char_unsigned_short_unsigned_char_unsigned_short_i_790/9 "/>
</bind>
</comp>

<comp id="3209" class="1004" name="mxm_execute_ursa_signed_char_unsigned_short_unsigned_char_unsigned_short_i_791_load_fu_3209">
<pin_list>
<pin id="3210" dir="0" index="0" bw="8" slack="0"/>
<pin id="3211" dir="1" index="1" bw="8" slack="0"/>
</pin_list>
<bind>
<opcode="load(27) " fcode="load"/>
<opset="mxm_execute_ursa_signed_char_unsigned_short_unsigned_char_unsigned_short_i_791/9 "/>
</bind>
</comp>

<comp id="3214" class="1004" name="mxm_execute_ursa_signed_char_unsigned_short_unsigned_char_unsigned_short_i_792_load_fu_3214">
<pin_list>
<pin id="3215" dir="0" index="0" bw="8" slack="0"/>
<pin id="3216" dir="1" index="1" bw="8" slack="0"/>
</pin_list>
<bind>
<opcode="load(27) " fcode="load"/>
<opset="mxm_execute_ursa_signed_char_unsigned_short_unsigned_char_unsigned_short_i_792/9 "/>
</bind>
</comp>

<comp id="3219" class="1004" name="mxm_execute_ursa_signed_char_unsigned_short_unsigned_char_unsigned_short_i_793_load_fu_3219">
<pin_list>
<pin id="3220" dir="0" index="0" bw="8" slack="0"/>
<pin id="3221" dir="1" index="1" bw="8" slack="0"/>
</pin_list>
<bind>
<opcode="load(27) " fcode="load"/>
<opset="mxm_execute_ursa_signed_char_unsigned_short_unsigned_char_unsigned_short_i_793/9 "/>
</bind>
</comp>

<comp id="3224" class="1004" name="mxm_execute_ursa_signed_char_unsigned_short_unsigned_char_unsigned_short_i_794_load_fu_3224">
<pin_list>
<pin id="3225" dir="0" index="0" bw="8" slack="0"/>
<pin id="3226" dir="1" index="1" bw="8" slack="0"/>
</pin_list>
<bind>
<opcode="load(27) " fcode="load"/>
<opset="mxm_execute_ursa_signed_char_unsigned_short_unsigned_char_unsigned_short_i_794/9 "/>
</bind>
</comp>

<comp id="3229" class="1004" name="mxm_execute_ursa_signed_char_unsigned_short_unsigned_char_unsigned_short_i_795_load_fu_3229">
<pin_list>
<pin id="3230" dir="0" index="0" bw="8" slack="0"/>
<pin id="3231" dir="1" index="1" bw="8" slack="0"/>
</pin_list>
<bind>
<opcode="load(27) " fcode="load"/>
<opset="mxm_execute_ursa_signed_char_unsigned_short_unsigned_char_unsigned_short_i_795/9 "/>
</bind>
</comp>

<comp id="3234" class="1004" name="mxm_execute_ursa_signed_char_unsigned_short_unsigned_char_unsigned_short_i_796_load_fu_3234">
<pin_list>
<pin id="3235" dir="0" index="0" bw="8" slack="0"/>
<pin id="3236" dir="1" index="1" bw="8" slack="0"/>
</pin_list>
<bind>
<opcode="load(27) " fcode="load"/>
<opset="mxm_execute_ursa_signed_char_unsigned_short_unsigned_char_unsigned_short_i_796/9 "/>
</bind>
</comp>

<comp id="3239" class="1004" name="mxm_execute_ursa_signed_char_unsigned_short_unsigned_char_unsigned_short_i_797_load_fu_3239">
<pin_list>
<pin id="3240" dir="0" index="0" bw="8" slack="0"/>
<pin id="3241" dir="1" index="1" bw="8" slack="0"/>
</pin_list>
<bind>
<opcode="load(27) " fcode="load"/>
<opset="mxm_execute_ursa_signed_char_unsigned_short_unsigned_char_unsigned_short_i_797/9 "/>
</bind>
</comp>

<comp id="3244" class="1004" name="mxm_execute_ursa_signed_char_unsigned_short_unsigned_char_unsigned_short_i_798_load_fu_3244">
<pin_list>
<pin id="3245" dir="0" index="0" bw="8" slack="0"/>
<pin id="3246" dir="1" index="1" bw="8" slack="0"/>
</pin_list>
<bind>
<opcode="load(27) " fcode="load"/>
<opset="mxm_execute_ursa_signed_char_unsigned_short_unsigned_char_unsigned_short_i_798/9 "/>
</bind>
</comp>

<comp id="3249" class="1004" name="mxm_execute_ursa_signed_char_unsigned_short_unsigned_char_unsigned_short_i_799_load_fu_3249">
<pin_list>
<pin id="3250" dir="0" index="0" bw="8" slack="0"/>
<pin id="3251" dir="1" index="1" bw="8" slack="0"/>
</pin_list>
<bind>
<opcode="load(27) " fcode="load"/>
<opset="mxm_execute_ursa_signed_char_unsigned_short_unsigned_char_unsigned_short_i_799/9 "/>
</bind>
</comp>

<comp id="3254" class="1004" name="mxm_execute_ursa_signed_char_unsigned_short_unsigned_char_unsigned_short_i_800_load_fu_3254">
<pin_list>
<pin id="3255" dir="0" index="0" bw="8" slack="0"/>
<pin id="3256" dir="1" index="1" bw="8" slack="0"/>
</pin_list>
<bind>
<opcode="load(27) " fcode="load"/>
<opset="mxm_execute_ursa_signed_char_unsigned_short_unsigned_char_unsigned_short_i_800/9 "/>
</bind>
</comp>

<comp id="3259" class="1004" name="mxm_execute_ursa_signed_char_unsigned_short_unsigned_char_unsigned_short_i_801_load_fu_3259">
<pin_list>
<pin id="3260" dir="0" index="0" bw="8" slack="0"/>
<pin id="3261" dir="1" index="1" bw="8" slack="0"/>
</pin_list>
<bind>
<opcode="load(27) " fcode="load"/>
<opset="mxm_execute_ursa_signed_char_unsigned_short_unsigned_char_unsigned_short_i_801/9 "/>
</bind>
</comp>

<comp id="3264" class="1004" name="mxm_execute_ursa_signed_char_unsigned_short_unsigned_char_unsigned_short_i_802_load_fu_3264">
<pin_list>
<pin id="3265" dir="0" index="0" bw="8" slack="0"/>
<pin id="3266" dir="1" index="1" bw="8" slack="0"/>
</pin_list>
<bind>
<opcode="load(27) " fcode="load"/>
<opset="mxm_execute_ursa_signed_char_unsigned_short_unsigned_char_unsigned_short_i_802/9 "/>
</bind>
</comp>

<comp id="3269" class="1004" name="mxm_execute_ursa_signed_char_unsigned_short_unsigned_char_unsigned_short_i_803_load_fu_3269">
<pin_list>
<pin id="3270" dir="0" index="0" bw="8" slack="0"/>
<pin id="3271" dir="1" index="1" bw="8" slack="0"/>
</pin_list>
<bind>
<opcode="load(27) " fcode="load"/>
<opset="mxm_execute_ursa_signed_char_unsigned_short_unsigned_char_unsigned_short_i_803/9 "/>
</bind>
</comp>

<comp id="3274" class="1004" name="mxm_execute_ursa_signed_char_unsigned_short_unsigned_char_unsigned_short_i_804_load_fu_3274">
<pin_list>
<pin id="3275" dir="0" index="0" bw="8" slack="0"/>
<pin id="3276" dir="1" index="1" bw="8" slack="0"/>
</pin_list>
<bind>
<opcode="load(27) " fcode="load"/>
<opset="mxm_execute_ursa_signed_char_unsigned_short_unsigned_char_unsigned_short_i_804/9 "/>
</bind>
</comp>

<comp id="3279" class="1004" name="mxm_execute_ursa_signed_char_unsigned_short_unsigned_char_unsigned_short_i_805_load_fu_3279">
<pin_list>
<pin id="3280" dir="0" index="0" bw="8" slack="0"/>
<pin id="3281" dir="1" index="1" bw="8" slack="0"/>
</pin_list>
<bind>
<opcode="load(27) " fcode="load"/>
<opset="mxm_execute_ursa_signed_char_unsigned_short_unsigned_char_unsigned_short_i_805/9 "/>
</bind>
</comp>

<comp id="3284" class="1004" name="mxm_execute_ursa_signed_char_unsigned_short_unsigned_char_unsigned_short_i_806_load_fu_3284">
<pin_list>
<pin id="3285" dir="0" index="0" bw="8" slack="0"/>
<pin id="3286" dir="1" index="1" bw="8" slack="0"/>
</pin_list>
<bind>
<opcode="load(27) " fcode="load"/>
<opset="mxm_execute_ursa_signed_char_unsigned_short_unsigned_char_unsigned_short_i_806/9 "/>
</bind>
</comp>

<comp id="3289" class="1004" name="mxm_execute_ursa_signed_char_unsigned_short_unsigned_char_unsigned_short_i_807_load_fu_3289">
<pin_list>
<pin id="3290" dir="0" index="0" bw="8" slack="0"/>
<pin id="3291" dir="1" index="1" bw="8" slack="0"/>
</pin_list>
<bind>
<opcode="load(27) " fcode="load"/>
<opset="mxm_execute_ursa_signed_char_unsigned_short_unsigned_char_unsigned_short_i_807/9 "/>
</bind>
</comp>

<comp id="3294" class="1004" name="mxm_execute_ursa_signed_char_unsigned_short_unsigned_char_unsigned_short_i_808_load_fu_3294">
<pin_list>
<pin id="3295" dir="0" index="0" bw="8" slack="0"/>
<pin id="3296" dir="1" index="1" bw="8" slack="0"/>
</pin_list>
<bind>
<opcode="load(27) " fcode="load"/>
<opset="mxm_execute_ursa_signed_char_unsigned_short_unsigned_char_unsigned_short_i_808/9 "/>
</bind>
</comp>

<comp id="3299" class="1004" name="mxm_execute_ursa_signed_char_unsigned_short_unsigned_char_unsigned_short_i_809_load_fu_3299">
<pin_list>
<pin id="3300" dir="0" index="0" bw="8" slack="0"/>
<pin id="3301" dir="1" index="1" bw="8" slack="0"/>
</pin_list>
<bind>
<opcode="load(27) " fcode="load"/>
<opset="mxm_execute_ursa_signed_char_unsigned_short_unsigned_char_unsigned_short_i_809/9 "/>
</bind>
</comp>

<comp id="3304" class="1004" name="mxm_execute_ursa_signed_char_unsigned_short_unsigned_char_unsigned_short_i_810_load_fu_3304">
<pin_list>
<pin id="3305" dir="0" index="0" bw="8" slack="0"/>
<pin id="3306" dir="1" index="1" bw="8" slack="0"/>
</pin_list>
<bind>
<opcode="load(27) " fcode="load"/>
<opset="mxm_execute_ursa_signed_char_unsigned_short_unsigned_char_unsigned_short_i_810/9 "/>
</bind>
</comp>

<comp id="3309" class="1004" name="mxm_execute_ursa_signed_char_unsigned_short_unsigned_char_unsigned_short_i_811_load_fu_3309">
<pin_list>
<pin id="3310" dir="0" index="0" bw="8" slack="0"/>
<pin id="3311" dir="1" index="1" bw="8" slack="0"/>
</pin_list>
<bind>
<opcode="load(27) " fcode="load"/>
<opset="mxm_execute_ursa_signed_char_unsigned_short_unsigned_char_unsigned_short_i_811/9 "/>
</bind>
</comp>

<comp id="3314" class="1004" name="mxm_execute_ursa_signed_char_unsigned_short_unsigned_char_unsigned_short_i_812_load_fu_3314">
<pin_list>
<pin id="3315" dir="0" index="0" bw="8" slack="0"/>
<pin id="3316" dir="1" index="1" bw="8" slack="0"/>
</pin_list>
<bind>
<opcode="load(27) " fcode="load"/>
<opset="mxm_execute_ursa_signed_char_unsigned_short_unsigned_char_unsigned_short_i_812/9 "/>
</bind>
</comp>

<comp id="3319" class="1004" name="mxm_execute_ursa_signed_char_unsigned_short_unsigned_char_unsigned_short_i_813_load_fu_3319">
<pin_list>
<pin id="3320" dir="0" index="0" bw="8" slack="0"/>
<pin id="3321" dir="1" index="1" bw="8" slack="0"/>
</pin_list>
<bind>
<opcode="load(27) " fcode="load"/>
<opset="mxm_execute_ursa_signed_char_unsigned_short_unsigned_char_unsigned_short_i_813/9 "/>
</bind>
</comp>

<comp id="3324" class="1004" name="mxm_execute_ursa_signed_char_unsigned_short_unsigned_char_unsigned_short_i_814_load_fu_3324">
<pin_list>
<pin id="3325" dir="0" index="0" bw="8" slack="0"/>
<pin id="3326" dir="1" index="1" bw="8" slack="0"/>
</pin_list>
<bind>
<opcode="load(27) " fcode="load"/>
<opset="mxm_execute_ursa_signed_char_unsigned_short_unsigned_char_unsigned_short_i_814/9 "/>
</bind>
</comp>

<comp id="3329" class="1004" name="mxm_execute_ursa_signed_char_unsigned_short_unsigned_char_unsigned_short_i_815_load_fu_3329">
<pin_list>
<pin id="3330" dir="0" index="0" bw="8" slack="0"/>
<pin id="3331" dir="1" index="1" bw="8" slack="0"/>
</pin_list>
<bind>
<opcode="load(27) " fcode="load"/>
<opset="mxm_execute_ursa_signed_char_unsigned_short_unsigned_char_unsigned_short_i_815/9 "/>
</bind>
</comp>

<comp id="3334" class="1004" name="mxm_execute_ursa_signed_char_unsigned_short_unsigned_char_unsigned_short_i_816_load_fu_3334">
<pin_list>
<pin id="3335" dir="0" index="0" bw="8" slack="0"/>
<pin id="3336" dir="1" index="1" bw="8" slack="0"/>
</pin_list>
<bind>
<opcode="load(27) " fcode="load"/>
<opset="mxm_execute_ursa_signed_char_unsigned_short_unsigned_char_unsigned_short_i_816/9 "/>
</bind>
</comp>

<comp id="3339" class="1004" name="mxm_execute_ursa_signed_char_unsigned_short_unsigned_char_unsigned_short_i_817_load_fu_3339">
<pin_list>
<pin id="3340" dir="0" index="0" bw="8" slack="0"/>
<pin id="3341" dir="1" index="1" bw="8" slack="0"/>
</pin_list>
<bind>
<opcode="load(27) " fcode="load"/>
<opset="mxm_execute_ursa_signed_char_unsigned_short_unsigned_char_unsigned_short_i_817/9 "/>
</bind>
</comp>

<comp id="3344" class="1004" name="mxm_execute_ursa_signed_char_unsigned_short_unsigned_char_unsigned_short_i_818_load_fu_3344">
<pin_list>
<pin id="3345" dir="0" index="0" bw="8" slack="0"/>
<pin id="3346" dir="1" index="1" bw="8" slack="0"/>
</pin_list>
<bind>
<opcode="load(27) " fcode="load"/>
<opset="mxm_execute_ursa_signed_char_unsigned_short_unsigned_char_unsigned_short_i_818/9 "/>
</bind>
</comp>

<comp id="3349" class="1004" name="mxm_execute_ursa_signed_char_unsigned_short_unsigned_char_unsigned_short_i_819_load_fu_3349">
<pin_list>
<pin id="3350" dir="0" index="0" bw="8" slack="0"/>
<pin id="3351" dir="1" index="1" bw="8" slack="0"/>
</pin_list>
<bind>
<opcode="load(27) " fcode="load"/>
<opset="mxm_execute_ursa_signed_char_unsigned_short_unsigned_char_unsigned_short_i_819/9 "/>
</bind>
</comp>

<comp id="3354" class="1004" name="mxm_execute_ursa_signed_char_unsigned_short_unsigned_char_unsigned_short_i_820_load_fu_3354">
<pin_list>
<pin id="3355" dir="0" index="0" bw="8" slack="0"/>
<pin id="3356" dir="1" index="1" bw="8" slack="0"/>
</pin_list>
<bind>
<opcode="load(27) " fcode="load"/>
<opset="mxm_execute_ursa_signed_char_unsigned_short_unsigned_char_unsigned_short_i_820/9 "/>
</bind>
</comp>

<comp id="3359" class="1004" name="mxm_execute_ursa_signed_char_unsigned_short_unsigned_char_unsigned_short_i_821_load_fu_3359">
<pin_list>
<pin id="3360" dir="0" index="0" bw="8" slack="0"/>
<pin id="3361" dir="1" index="1" bw="8" slack="0"/>
</pin_list>
<bind>
<opcode="load(27) " fcode="load"/>
<opset="mxm_execute_ursa_signed_char_unsigned_short_unsigned_char_unsigned_short_i_821/9 "/>
</bind>
</comp>

<comp id="3364" class="1004" name="mxm_execute_ursa_signed_char_unsigned_short_unsigned_char_unsigned_short_i_822_load_fu_3364">
<pin_list>
<pin id="3365" dir="0" index="0" bw="8" slack="0"/>
<pin id="3366" dir="1" index="1" bw="8" slack="0"/>
</pin_list>
<bind>
<opcode="load(27) " fcode="load"/>
<opset="mxm_execute_ursa_signed_char_unsigned_short_unsigned_char_unsigned_short_i_822/9 "/>
</bind>
</comp>

<comp id="3369" class="1004" name="mxm_execute_ursa_signed_char_unsigned_short_unsigned_char_unsigned_short_i_823_load_fu_3369">
<pin_list>
<pin id="3370" dir="0" index="0" bw="8" slack="0"/>
<pin id="3371" dir="1" index="1" bw="8" slack="0"/>
</pin_list>
<bind>
<opcode="load(27) " fcode="load"/>
<opset="mxm_execute_ursa_signed_char_unsigned_short_unsigned_char_unsigned_short_i_823/9 "/>
</bind>
</comp>

<comp id="3374" class="1004" name="mxm_execute_ursa_signed_char_unsigned_short_unsigned_char_unsigned_short_i_824_load_fu_3374">
<pin_list>
<pin id="3375" dir="0" index="0" bw="8" slack="0"/>
<pin id="3376" dir="1" index="1" bw="8" slack="0"/>
</pin_list>
<bind>
<opcode="load(27) " fcode="load"/>
<opset="mxm_execute_ursa_signed_char_unsigned_short_unsigned_char_unsigned_short_i_824/9 "/>
</bind>
</comp>

<comp id="3379" class="1004" name="mxm_execute_ursa_signed_char_unsigned_short_unsigned_char_unsigned_short_i_825_load_fu_3379">
<pin_list>
<pin id="3380" dir="0" index="0" bw="8" slack="0"/>
<pin id="3381" dir="1" index="1" bw="8" slack="0"/>
</pin_list>
<bind>
<opcode="load(27) " fcode="load"/>
<opset="mxm_execute_ursa_signed_char_unsigned_short_unsigned_char_unsigned_short_i_825/9 "/>
</bind>
</comp>

<comp id="3384" class="1004" name="mxm_execute_ursa_signed_char_unsigned_short_unsigned_char_unsigned_short_i_826_load_fu_3384">
<pin_list>
<pin id="3385" dir="0" index="0" bw="8" slack="0"/>
<pin id="3386" dir="1" index="1" bw="8" slack="0"/>
</pin_list>
<bind>
<opcode="load(27) " fcode="load"/>
<opset="mxm_execute_ursa_signed_char_unsigned_short_unsigned_char_unsigned_short_i_826/9 "/>
</bind>
</comp>

<comp id="3389" class="1004" name="mxm_execute_ursa_signed_char_unsigned_short_unsigned_char_unsigned_short_i_827_load_fu_3389">
<pin_list>
<pin id="3390" dir="0" index="0" bw="8" slack="0"/>
<pin id="3391" dir="1" index="1" bw="8" slack="0"/>
</pin_list>
<bind>
<opcode="load(27) " fcode="load"/>
<opset="mxm_execute_ursa_signed_char_unsigned_short_unsigned_char_unsigned_short_i_827/9 "/>
</bind>
</comp>

<comp id="3394" class="1004" name="mxm_execute_ursa_signed_char_unsigned_short_unsigned_char_unsigned_short_i_828_load_fu_3394">
<pin_list>
<pin id="3395" dir="0" index="0" bw="8" slack="0"/>
<pin id="3396" dir="1" index="1" bw="8" slack="0"/>
</pin_list>
<bind>
<opcode="load(27) " fcode="load"/>
<opset="mxm_execute_ursa_signed_char_unsigned_short_unsigned_char_unsigned_short_i_828/9 "/>
</bind>
</comp>

<comp id="3399" class="1004" name="mxm_execute_ursa_signed_char_unsigned_short_unsigned_char_unsigned_short_i_829_load_fu_3399">
<pin_list>
<pin id="3400" dir="0" index="0" bw="8" slack="0"/>
<pin id="3401" dir="1" index="1" bw="8" slack="0"/>
</pin_list>
<bind>
<opcode="load(27) " fcode="load"/>
<opset="mxm_execute_ursa_signed_char_unsigned_short_unsigned_char_unsigned_short_i_829/9 "/>
</bind>
</comp>

<comp id="3404" class="1004" name="mxm_execute_ursa_signed_char_unsigned_short_unsigned_char_unsigned_short_i_830_load_fu_3404">
<pin_list>
<pin id="3405" dir="0" index="0" bw="8" slack="0"/>
<pin id="3406" dir="1" index="1" bw="8" slack="0"/>
</pin_list>
<bind>
<opcode="load(27) " fcode="load"/>
<opset="mxm_execute_ursa_signed_char_unsigned_short_unsigned_char_unsigned_short_i_830/9 "/>
</bind>
</comp>

<comp id="3409" class="1004" name="mxm_execute_ursa_signed_char_unsigned_short_unsigned_char_unsigned_short_i_831_load_fu_3409">
<pin_list>
<pin id="3410" dir="0" index="0" bw="8" slack="0"/>
<pin id="3411" dir="1" index="1" bw="8" slack="0"/>
</pin_list>
<bind>
<opcode="load(27) " fcode="load"/>
<opset="mxm_execute_ursa_signed_char_unsigned_short_unsigned_char_unsigned_short_i_831/9 "/>
</bind>
</comp>

<comp id="3414" class="1004" name="mxm_execute_ursa_signed_char_unsigned_short_unsigned_char_unsigned_short_i_832_load_fu_3414">
<pin_list>
<pin id="3415" dir="0" index="0" bw="8" slack="0"/>
<pin id="3416" dir="1" index="1" bw="8" slack="0"/>
</pin_list>
<bind>
<opcode="load(27) " fcode="load"/>
<opset="mxm_execute_ursa_signed_char_unsigned_short_unsigned_char_unsigned_short_i_832/9 "/>
</bind>
</comp>

<comp id="3419" class="1004" name="mxm_execute_ursa_signed_char_unsigned_short_unsigned_char_unsigned_short_i_833_load_fu_3419">
<pin_list>
<pin id="3420" dir="0" index="0" bw="8" slack="0"/>
<pin id="3421" dir="1" index="1" bw="8" slack="0"/>
</pin_list>
<bind>
<opcode="load(27) " fcode="load"/>
<opset="mxm_execute_ursa_signed_char_unsigned_short_unsigned_char_unsigned_short_i_833/9 "/>
</bind>
</comp>

<comp id="3424" class="1004" name="mxm_execute_ursa_signed_char_unsigned_short_unsigned_char_unsigned_short_i_834_load_fu_3424">
<pin_list>
<pin id="3425" dir="0" index="0" bw="8" slack="0"/>
<pin id="3426" dir="1" index="1" bw="8" slack="0"/>
</pin_list>
<bind>
<opcode="load(27) " fcode="load"/>
<opset="mxm_execute_ursa_signed_char_unsigned_short_unsigned_char_unsigned_short_i_834/9 "/>
</bind>
</comp>

<comp id="3429" class="1004" name="mxm_execute_ursa_signed_char_unsigned_short_unsigned_char_unsigned_short_i_835_load_fu_3429">
<pin_list>
<pin id="3430" dir="0" index="0" bw="8" slack="0"/>
<pin id="3431" dir="1" index="1" bw="8" slack="0"/>
</pin_list>
<bind>
<opcode="load(27) " fcode="load"/>
<opset="mxm_execute_ursa_signed_char_unsigned_short_unsigned_char_unsigned_short_i_835/9 "/>
</bind>
</comp>

<comp id="3434" class="1004" name="mxm_execute_ursa_signed_char_unsigned_short_unsigned_char_unsigned_short_i_836_load_fu_3434">
<pin_list>
<pin id="3435" dir="0" index="0" bw="8" slack="0"/>
<pin id="3436" dir="1" index="1" bw="8" slack="0"/>
</pin_list>
<bind>
<opcode="load(27) " fcode="load"/>
<opset="mxm_execute_ursa_signed_char_unsigned_short_unsigned_char_unsigned_short_i_836/9 "/>
</bind>
</comp>

<comp id="3439" class="1004" name="mxm_execute_ursa_signed_char_unsigned_short_unsigned_char_unsigned_short_i_837_load_fu_3439">
<pin_list>
<pin id="3440" dir="0" index="0" bw="8" slack="0"/>
<pin id="3441" dir="1" index="1" bw="8" slack="0"/>
</pin_list>
<bind>
<opcode="load(27) " fcode="load"/>
<opset="mxm_execute_ursa_signed_char_unsigned_short_unsigned_char_unsigned_short_i_837/9 "/>
</bind>
</comp>

<comp id="3444" class="1004" name="mxm_execute_ursa_signed_char_unsigned_short_unsigned_char_unsigned_short_i_838_load_fu_3444">
<pin_list>
<pin id="3445" dir="0" index="0" bw="8" slack="0"/>
<pin id="3446" dir="1" index="1" bw="8" slack="0"/>
</pin_list>
<bind>
<opcode="load(27) " fcode="load"/>
<opset="mxm_execute_ursa_signed_char_unsigned_short_unsigned_char_unsigned_short_i_838/9 "/>
</bind>
</comp>

<comp id="3449" class="1004" name="mxm_execute_ursa_signed_char_unsigned_short_unsigned_char_unsigned_short_i_839_load_fu_3449">
<pin_list>
<pin id="3450" dir="0" index="0" bw="8" slack="0"/>
<pin id="3451" dir="1" index="1" bw="8" slack="0"/>
</pin_list>
<bind>
<opcode="load(27) " fcode="load"/>
<opset="mxm_execute_ursa_signed_char_unsigned_short_unsigned_char_unsigned_short_i_839/9 "/>
</bind>
</comp>

<comp id="3454" class="1004" name="mxm_execute_ursa_signed_char_unsigned_short_unsigned_char_unsigned_short_i_840_load_fu_3454">
<pin_list>
<pin id="3455" dir="0" index="0" bw="8" slack="0"/>
<pin id="3456" dir="1" index="1" bw="8" slack="0"/>
</pin_list>
<bind>
<opcode="load(27) " fcode="load"/>
<opset="mxm_execute_ursa_signed_char_unsigned_short_unsigned_char_unsigned_short_i_840/9 "/>
</bind>
</comp>

<comp id="3459" class="1004" name="mxm_execute_ursa_signed_char_unsigned_short_unsigned_char_unsigned_short_i_841_load_fu_3459">
<pin_list>
<pin id="3460" dir="0" index="0" bw="8" slack="0"/>
<pin id="3461" dir="1" index="1" bw="8" slack="0"/>
</pin_list>
<bind>
<opcode="load(27) " fcode="load"/>
<opset="mxm_execute_ursa_signed_char_unsigned_short_unsigned_char_unsigned_short_i_841/9 "/>
</bind>
</comp>

<comp id="3464" class="1004" name="mxm_execute_ursa_signed_char_unsigned_short_unsigned_char_unsigned_short_i_842_load_fu_3464">
<pin_list>
<pin id="3465" dir="0" index="0" bw="8" slack="0"/>
<pin id="3466" dir="1" index="1" bw="8" slack="0"/>
</pin_list>
<bind>
<opcode="load(27) " fcode="load"/>
<opset="mxm_execute_ursa_signed_char_unsigned_short_unsigned_char_unsigned_short_i_842/9 "/>
</bind>
</comp>

<comp id="3469" class="1004" name="mxm_execute_ursa_signed_char_unsigned_short_unsigned_char_unsigned_short_i_843_load_fu_3469">
<pin_list>
<pin id="3470" dir="0" index="0" bw="8" slack="0"/>
<pin id="3471" dir="1" index="1" bw="8" slack="0"/>
</pin_list>
<bind>
<opcode="load(27) " fcode="load"/>
<opset="mxm_execute_ursa_signed_char_unsigned_short_unsigned_char_unsigned_short_i_843/9 "/>
</bind>
</comp>

<comp id="3474" class="1004" name="mxm_execute_ursa_signed_char_unsigned_short_unsigned_char_unsigned_short_i_844_load_fu_3474">
<pin_list>
<pin id="3475" dir="0" index="0" bw="8" slack="0"/>
<pin id="3476" dir="1" index="1" bw="8" slack="0"/>
</pin_list>
<bind>
<opcode="load(27) " fcode="load"/>
<opset="mxm_execute_ursa_signed_char_unsigned_short_unsigned_char_unsigned_short_i_844/9 "/>
</bind>
</comp>

<comp id="3479" class="1004" name="mxm_execute_ursa_signed_char_unsigned_short_unsigned_char_unsigned_short_i_845_load_fu_3479">
<pin_list>
<pin id="3480" dir="0" index="0" bw="8" slack="0"/>
<pin id="3481" dir="1" index="1" bw="8" slack="0"/>
</pin_list>
<bind>
<opcode="load(27) " fcode="load"/>
<opset="mxm_execute_ursa_signed_char_unsigned_short_unsigned_char_unsigned_short_i_845/9 "/>
</bind>
</comp>

<comp id="3484" class="1005" name="j_reg_3484">
<pin_list>
<pin id="3485" dir="0" index="0" bw="14" slack="0"/>
<pin id="3486" dir="1" index="1" bw="14" slack="0"/>
</pin_list>
<bind>
<opset="j "/>
</bind>
</comp>

<comp id="3491" class="1005" name="i_reg_3491">
<pin_list>
<pin id="3492" dir="0" index="0" bw="14" slack="0"/>
<pin id="3493" dir="1" index="1" bw="14" slack="0"/>
</pin_list>
<bind>
<opset="i "/>
</bind>
</comp>

<comp id="3498" class="1005" name="indvar_flatten_reg_3498">
<pin_list>
<pin id="3499" dir="0" index="0" bw="27" slack="0"/>
<pin id="3500" dir="1" index="1" bw="27" slack="0"/>
</pin_list>
<bind>
<opset="indvar_flatten "/>
</bind>
</comp>

<comp id="3505" class="1005" name="mxm_execute_ursa_signed_char_unsigned_short_unsigned_char_unsigned_short_i_287_reg_3505">
<pin_list>
<pin id="3506" dir="0" index="0" bw="8" slack="0"/>
<pin id="3507" dir="1" index="1" bw="8" slack="0"/>
</pin_list>
<bind>
<opset="mxm_execute_ursa_signed_char_unsigned_short_unsigned_char_unsigned_short_i_287 "/>
</bind>
</comp>

<comp id="3512" class="1005" name="mxm_execute_ursa_signed_char_unsigned_short_unsigned_char_unsigned_short_i_286_reg_3512">
<pin_list>
<pin id="3513" dir="0" index="0" bw="8" slack="0"/>
<pin id="3514" dir="1" index="1" bw="8" slack="0"/>
</pin_list>
<bind>
<opset="mxm_execute_ursa_signed_char_unsigned_short_unsigned_char_unsigned_short_i_286 "/>
</bind>
</comp>

<comp id="3519" class="1005" name="mxm_execute_ursa_signed_char_unsigned_short_unsigned_char_unsigned_short_i_285_reg_3519">
<pin_list>
<pin id="3520" dir="0" index="0" bw="8" slack="0"/>
<pin id="3521" dir="1" index="1" bw="8" slack="0"/>
</pin_list>
<bind>
<opset="mxm_execute_ursa_signed_char_unsigned_short_unsigned_char_unsigned_short_i_285 "/>
</bind>
</comp>

<comp id="3526" class="1005" name="mxm_execute_ursa_signed_char_unsigned_short_unsigned_char_unsigned_short_i_284_reg_3526">
<pin_list>
<pin id="3527" dir="0" index="0" bw="8" slack="0"/>
<pin id="3528" dir="1" index="1" bw="8" slack="0"/>
</pin_list>
<bind>
<opset="mxm_execute_ursa_signed_char_unsigned_short_unsigned_char_unsigned_short_i_284 "/>
</bind>
</comp>

<comp id="3533" class="1005" name="mxm_execute_ursa_signed_char_unsigned_short_unsigned_char_unsigned_short_i_283_reg_3533">
<pin_list>
<pin id="3534" dir="0" index="0" bw="8" slack="0"/>
<pin id="3535" dir="1" index="1" bw="8" slack="0"/>
</pin_list>
<bind>
<opset="mxm_execute_ursa_signed_char_unsigned_short_unsigned_char_unsigned_short_i_283 "/>
</bind>
</comp>

<comp id="3540" class="1005" name="mxm_execute_ursa_signed_char_unsigned_short_unsigned_char_unsigned_short_i_282_reg_3540">
<pin_list>
<pin id="3541" dir="0" index="0" bw="8" slack="0"/>
<pin id="3542" dir="1" index="1" bw="8" slack="0"/>
</pin_list>
<bind>
<opset="mxm_execute_ursa_signed_char_unsigned_short_unsigned_char_unsigned_short_i_282 "/>
</bind>
</comp>

<comp id="3547" class="1005" name="mxm_execute_ursa_signed_char_unsigned_short_unsigned_char_unsigned_short_i_281_reg_3547">
<pin_list>
<pin id="3548" dir="0" index="0" bw="8" slack="0"/>
<pin id="3549" dir="1" index="1" bw="8" slack="0"/>
</pin_list>
<bind>
<opset="mxm_execute_ursa_signed_char_unsigned_short_unsigned_char_unsigned_short_i_281 "/>
</bind>
</comp>

<comp id="3554" class="1005" name="mxm_execute_ursa_signed_char_unsigned_short_unsigned_char_unsigned_short_i_280_reg_3554">
<pin_list>
<pin id="3555" dir="0" index="0" bw="8" slack="0"/>
<pin id="3556" dir="1" index="1" bw="8" slack="0"/>
</pin_list>
<bind>
<opset="mxm_execute_ursa_signed_char_unsigned_short_unsigned_char_unsigned_short_i_280 "/>
</bind>
</comp>

<comp id="3561" class="1005" name="mxm_execute_ursa_signed_char_unsigned_short_unsigned_char_unsigned_short_i_279_reg_3561">
<pin_list>
<pin id="3562" dir="0" index="0" bw="8" slack="0"/>
<pin id="3563" dir="1" index="1" bw="8" slack="0"/>
</pin_list>
<bind>
<opset="mxm_execute_ursa_signed_char_unsigned_short_unsigned_char_unsigned_short_i_279 "/>
</bind>
</comp>

<comp id="3568" class="1005" name="mxm_execute_ursa_signed_char_unsigned_short_unsigned_char_unsigned_short_i_278_reg_3568">
<pin_list>
<pin id="3569" dir="0" index="0" bw="8" slack="0"/>
<pin id="3570" dir="1" index="1" bw="8" slack="0"/>
</pin_list>
<bind>
<opset="mxm_execute_ursa_signed_char_unsigned_short_unsigned_char_unsigned_short_i_278 "/>
</bind>
</comp>

<comp id="3575" class="1005" name="mxm_execute_ursa_signed_char_unsigned_short_unsigned_char_unsigned_short_i_277_reg_3575">
<pin_list>
<pin id="3576" dir="0" index="0" bw="8" slack="0"/>
<pin id="3577" dir="1" index="1" bw="8" slack="0"/>
</pin_list>
<bind>
<opset="mxm_execute_ursa_signed_char_unsigned_short_unsigned_char_unsigned_short_i_277 "/>
</bind>
</comp>

<comp id="3582" class="1005" name="mxm_execute_ursa_signed_char_unsigned_short_unsigned_char_unsigned_short_i_276_reg_3582">
<pin_list>
<pin id="3583" dir="0" index="0" bw="8" slack="0"/>
<pin id="3584" dir="1" index="1" bw="8" slack="0"/>
</pin_list>
<bind>
<opset="mxm_execute_ursa_signed_char_unsigned_short_unsigned_char_unsigned_short_i_276 "/>
</bind>
</comp>

<comp id="3589" class="1005" name="mxm_execute_ursa_signed_char_unsigned_short_unsigned_char_unsigned_short_i_275_reg_3589">
<pin_list>
<pin id="3590" dir="0" index="0" bw="8" slack="0"/>
<pin id="3591" dir="1" index="1" bw="8" slack="0"/>
</pin_list>
<bind>
<opset="mxm_execute_ursa_signed_char_unsigned_short_unsigned_char_unsigned_short_i_275 "/>
</bind>
</comp>

<comp id="3596" class="1005" name="mxm_execute_ursa_signed_char_unsigned_short_unsigned_char_unsigned_short_i_274_reg_3596">
<pin_list>
<pin id="3597" dir="0" index="0" bw="8" slack="0"/>
<pin id="3598" dir="1" index="1" bw="8" slack="0"/>
</pin_list>
<bind>
<opset="mxm_execute_ursa_signed_char_unsigned_short_unsigned_char_unsigned_short_i_274 "/>
</bind>
</comp>

<comp id="3603" class="1005" name="mxm_execute_ursa_signed_char_unsigned_short_unsigned_char_unsigned_short_i_273_reg_3603">
<pin_list>
<pin id="3604" dir="0" index="0" bw="8" slack="0"/>
<pin id="3605" dir="1" index="1" bw="8" slack="0"/>
</pin_list>
<bind>
<opset="mxm_execute_ursa_signed_char_unsigned_short_unsigned_char_unsigned_short_i_273 "/>
</bind>
</comp>

<comp id="3610" class="1005" name="mxm_execute_ursa_signed_char_unsigned_short_unsigned_char_unsigned_short_i_272_reg_3610">
<pin_list>
<pin id="3611" dir="0" index="0" bw="8" slack="0"/>
<pin id="3612" dir="1" index="1" bw="8" slack="0"/>
</pin_list>
<bind>
<opset="mxm_execute_ursa_signed_char_unsigned_short_unsigned_char_unsigned_short_i_272 "/>
</bind>
</comp>

<comp id="3617" class="1005" name="mxm_execute_ursa_signed_char_unsigned_short_unsigned_char_unsigned_short_i_271_reg_3617">
<pin_list>
<pin id="3618" dir="0" index="0" bw="8" slack="0"/>
<pin id="3619" dir="1" index="1" bw="8" slack="0"/>
</pin_list>
<bind>
<opset="mxm_execute_ursa_signed_char_unsigned_short_unsigned_char_unsigned_short_i_271 "/>
</bind>
</comp>

<comp id="3624" class="1005" name="mxm_execute_ursa_signed_char_unsigned_short_unsigned_char_unsigned_short_i_270_reg_3624">
<pin_list>
<pin id="3625" dir="0" index="0" bw="8" slack="0"/>
<pin id="3626" dir="1" index="1" bw="8" slack="0"/>
</pin_list>
<bind>
<opset="mxm_execute_ursa_signed_char_unsigned_short_unsigned_char_unsigned_short_i_270 "/>
</bind>
</comp>

<comp id="3631" class="1005" name="mxm_execute_ursa_signed_char_unsigned_short_unsigned_char_unsigned_short_i_269_reg_3631">
<pin_list>
<pin id="3632" dir="0" index="0" bw="8" slack="0"/>
<pin id="3633" dir="1" index="1" bw="8" slack="0"/>
</pin_list>
<bind>
<opset="mxm_execute_ursa_signed_char_unsigned_short_unsigned_char_unsigned_short_i_269 "/>
</bind>
</comp>

<comp id="3638" class="1005" name="mxm_execute_ursa_signed_char_unsigned_short_unsigned_char_unsigned_short_i_268_reg_3638">
<pin_list>
<pin id="3639" dir="0" index="0" bw="8" slack="0"/>
<pin id="3640" dir="1" index="1" bw="8" slack="0"/>
</pin_list>
<bind>
<opset="mxm_execute_ursa_signed_char_unsigned_short_unsigned_char_unsigned_short_i_268 "/>
</bind>
</comp>

<comp id="3645" class="1005" name="mxm_execute_ursa_signed_char_unsigned_short_unsigned_char_unsigned_short_i_267_reg_3645">
<pin_list>
<pin id="3646" dir="0" index="0" bw="8" slack="0"/>
<pin id="3647" dir="1" index="1" bw="8" slack="0"/>
</pin_list>
<bind>
<opset="mxm_execute_ursa_signed_char_unsigned_short_unsigned_char_unsigned_short_i_267 "/>
</bind>
</comp>

<comp id="3652" class="1005" name="mxm_execute_ursa_signed_char_unsigned_short_unsigned_char_unsigned_short_i_266_reg_3652">
<pin_list>
<pin id="3653" dir="0" index="0" bw="8" slack="0"/>
<pin id="3654" dir="1" index="1" bw="8" slack="0"/>
</pin_list>
<bind>
<opset="mxm_execute_ursa_signed_char_unsigned_short_unsigned_char_unsigned_short_i_266 "/>
</bind>
</comp>

<comp id="3659" class="1005" name="mxm_execute_ursa_signed_char_unsigned_short_unsigned_char_unsigned_short_i_265_reg_3659">
<pin_list>
<pin id="3660" dir="0" index="0" bw="8" slack="0"/>
<pin id="3661" dir="1" index="1" bw="8" slack="0"/>
</pin_list>
<bind>
<opset="mxm_execute_ursa_signed_char_unsigned_short_unsigned_char_unsigned_short_i_265 "/>
</bind>
</comp>

<comp id="3666" class="1005" name="mxm_execute_ursa_signed_char_unsigned_short_unsigned_char_unsigned_short_i_264_reg_3666">
<pin_list>
<pin id="3667" dir="0" index="0" bw="8" slack="0"/>
<pin id="3668" dir="1" index="1" bw="8" slack="0"/>
</pin_list>
<bind>
<opset="mxm_execute_ursa_signed_char_unsigned_short_unsigned_char_unsigned_short_i_264 "/>
</bind>
</comp>

<comp id="3673" class="1005" name="mxm_execute_ursa_signed_char_unsigned_short_unsigned_char_unsigned_short_i_263_reg_3673">
<pin_list>
<pin id="3674" dir="0" index="0" bw="8" slack="0"/>
<pin id="3675" dir="1" index="1" bw="8" slack="0"/>
</pin_list>
<bind>
<opset="mxm_execute_ursa_signed_char_unsigned_short_unsigned_char_unsigned_short_i_263 "/>
</bind>
</comp>

<comp id="3680" class="1005" name="mxm_execute_ursa_signed_char_unsigned_short_unsigned_char_unsigned_short_i_262_reg_3680">
<pin_list>
<pin id="3681" dir="0" index="0" bw="8" slack="0"/>
<pin id="3682" dir="1" index="1" bw="8" slack="0"/>
</pin_list>
<bind>
<opset="mxm_execute_ursa_signed_char_unsigned_short_unsigned_char_unsigned_short_i_262 "/>
</bind>
</comp>

<comp id="3687" class="1005" name="mxm_execute_ursa_signed_char_unsigned_short_unsigned_char_unsigned_short_i_261_reg_3687">
<pin_list>
<pin id="3688" dir="0" index="0" bw="8" slack="0"/>
<pin id="3689" dir="1" index="1" bw="8" slack="0"/>
</pin_list>
<bind>
<opset="mxm_execute_ursa_signed_char_unsigned_short_unsigned_char_unsigned_short_i_261 "/>
</bind>
</comp>

<comp id="3694" class="1005" name="mxm_execute_ursa_signed_char_unsigned_short_unsigned_char_unsigned_short_i_260_reg_3694">
<pin_list>
<pin id="3695" dir="0" index="0" bw="8" slack="0"/>
<pin id="3696" dir="1" index="1" bw="8" slack="0"/>
</pin_list>
<bind>
<opset="mxm_execute_ursa_signed_char_unsigned_short_unsigned_char_unsigned_short_i_260 "/>
</bind>
</comp>

<comp id="3701" class="1005" name="mxm_execute_ursa_signed_char_unsigned_short_unsigned_char_unsigned_short_i_259_reg_3701">
<pin_list>
<pin id="3702" dir="0" index="0" bw="8" slack="0"/>
<pin id="3703" dir="1" index="1" bw="8" slack="0"/>
</pin_list>
<bind>
<opset="mxm_execute_ursa_signed_char_unsigned_short_unsigned_char_unsigned_short_i_259 "/>
</bind>
</comp>

<comp id="3708" class="1005" name="mxm_execute_ursa_signed_char_unsigned_short_unsigned_char_unsigned_short_i_258_reg_3708">
<pin_list>
<pin id="3709" dir="0" index="0" bw="8" slack="0"/>
<pin id="3710" dir="1" index="1" bw="8" slack="0"/>
</pin_list>
<bind>
<opset="mxm_execute_ursa_signed_char_unsigned_short_unsigned_char_unsigned_short_i_258 "/>
</bind>
</comp>

<comp id="3715" class="1005" name="mxm_execute_ursa_signed_char_unsigned_short_unsigned_char_unsigned_short_i_257_reg_3715">
<pin_list>
<pin id="3716" dir="0" index="0" bw="8" slack="0"/>
<pin id="3717" dir="1" index="1" bw="8" slack="0"/>
</pin_list>
<bind>
<opset="mxm_execute_ursa_signed_char_unsigned_short_unsigned_char_unsigned_short_i_257 "/>
</bind>
</comp>

<comp id="3722" class="1005" name="mxm_execute_ursa_signed_char_unsigned_short_unsigned_char_unsigned_short_i_256_reg_3722">
<pin_list>
<pin id="3723" dir="0" index="0" bw="8" slack="0"/>
<pin id="3724" dir="1" index="1" bw="8" slack="0"/>
</pin_list>
<bind>
<opset="mxm_execute_ursa_signed_char_unsigned_short_unsigned_char_unsigned_short_i_256 "/>
</bind>
</comp>

<comp id="3729" class="1005" name="mxm_execute_ursa_signed_char_unsigned_short_unsigned_char_unsigned_short_i_255_reg_3729">
<pin_list>
<pin id="3730" dir="0" index="0" bw="8" slack="0"/>
<pin id="3731" dir="1" index="1" bw="8" slack="0"/>
</pin_list>
<bind>
<opset="mxm_execute_ursa_signed_char_unsigned_short_unsigned_char_unsigned_short_i_255 "/>
</bind>
</comp>

<comp id="3736" class="1005" name="mxm_execute_ursa_signed_char_unsigned_short_unsigned_char_unsigned_short_i_254_reg_3736">
<pin_list>
<pin id="3737" dir="0" index="0" bw="8" slack="0"/>
<pin id="3738" dir="1" index="1" bw="8" slack="0"/>
</pin_list>
<bind>
<opset="mxm_execute_ursa_signed_char_unsigned_short_unsigned_char_unsigned_short_i_254 "/>
</bind>
</comp>

<comp id="3743" class="1005" name="mxm_execute_ursa_signed_char_unsigned_short_unsigned_char_unsigned_short_i_253_reg_3743">
<pin_list>
<pin id="3744" dir="0" index="0" bw="8" slack="0"/>
<pin id="3745" dir="1" index="1" bw="8" slack="0"/>
</pin_list>
<bind>
<opset="mxm_execute_ursa_signed_char_unsigned_short_unsigned_char_unsigned_short_i_253 "/>
</bind>
</comp>

<comp id="3750" class="1005" name="mxm_execute_ursa_signed_char_unsigned_short_unsigned_char_unsigned_short_i_252_reg_3750">
<pin_list>
<pin id="3751" dir="0" index="0" bw="8" slack="0"/>
<pin id="3752" dir="1" index="1" bw="8" slack="0"/>
</pin_list>
<bind>
<opset="mxm_execute_ursa_signed_char_unsigned_short_unsigned_char_unsigned_short_i_252 "/>
</bind>
</comp>

<comp id="3757" class="1005" name="mxm_execute_ursa_signed_char_unsigned_short_unsigned_char_unsigned_short_i_251_reg_3757">
<pin_list>
<pin id="3758" dir="0" index="0" bw="8" slack="0"/>
<pin id="3759" dir="1" index="1" bw="8" slack="0"/>
</pin_list>
<bind>
<opset="mxm_execute_ursa_signed_char_unsigned_short_unsigned_char_unsigned_short_i_251 "/>
</bind>
</comp>

<comp id="3764" class="1005" name="mxm_execute_ursa_signed_char_unsigned_short_unsigned_char_unsigned_short_i_539_reg_3764">
<pin_list>
<pin id="3765" dir="0" index="0" bw="8" slack="0"/>
<pin id="3766" dir="1" index="1" bw="8" slack="0"/>
</pin_list>
<bind>
<opset="mxm_execute_ursa_signed_char_unsigned_short_unsigned_char_unsigned_short_i_539 "/>
</bind>
</comp>

<comp id="3771" class="1005" name="mxm_execute_ursa_signed_char_unsigned_short_unsigned_char_unsigned_short_i_540_reg_3771">
<pin_list>
<pin id="3772" dir="0" index="0" bw="8" slack="0"/>
<pin id="3773" dir="1" index="1" bw="8" slack="0"/>
</pin_list>
<bind>
<opset="mxm_execute_ursa_signed_char_unsigned_short_unsigned_char_unsigned_short_i_540 "/>
</bind>
</comp>

<comp id="3778" class="1005" name="mxm_execute_ursa_signed_char_unsigned_short_unsigned_char_unsigned_short_i_541_reg_3778">
<pin_list>
<pin id="3779" dir="0" index="0" bw="8" slack="0"/>
<pin id="3780" dir="1" index="1" bw="8" slack="0"/>
</pin_list>
<bind>
<opset="mxm_execute_ursa_signed_char_unsigned_short_unsigned_char_unsigned_short_i_541 "/>
</bind>
</comp>

<comp id="3785" class="1005" name="mxm_execute_ursa_signed_char_unsigned_short_unsigned_char_unsigned_short_i_542_reg_3785">
<pin_list>
<pin id="3786" dir="0" index="0" bw="8" slack="0"/>
<pin id="3787" dir="1" index="1" bw="8" slack="0"/>
</pin_list>
<bind>
<opset="mxm_execute_ursa_signed_char_unsigned_short_unsigned_char_unsigned_short_i_542 "/>
</bind>
</comp>

<comp id="3792" class="1005" name="mxm_execute_ursa_signed_char_unsigned_short_unsigned_char_unsigned_short_i_543_reg_3792">
<pin_list>
<pin id="3793" dir="0" index="0" bw="8" slack="0"/>
<pin id="3794" dir="1" index="1" bw="8" slack="0"/>
</pin_list>
<bind>
<opset="mxm_execute_ursa_signed_char_unsigned_short_unsigned_char_unsigned_short_i_543 "/>
</bind>
</comp>

<comp id="3799" class="1005" name="mxm_execute_ursa_signed_char_unsigned_short_unsigned_char_unsigned_short_i_544_reg_3799">
<pin_list>
<pin id="3800" dir="0" index="0" bw="8" slack="0"/>
<pin id="3801" dir="1" index="1" bw="8" slack="0"/>
</pin_list>
<bind>
<opset="mxm_execute_ursa_signed_char_unsigned_short_unsigned_char_unsigned_short_i_544 "/>
</bind>
</comp>

<comp id="3806" class="1005" name="mxm_execute_ursa_signed_char_unsigned_short_unsigned_char_unsigned_short_i_545_reg_3806">
<pin_list>
<pin id="3807" dir="0" index="0" bw="8" slack="0"/>
<pin id="3808" dir="1" index="1" bw="8" slack="0"/>
</pin_list>
<bind>
<opset="mxm_execute_ursa_signed_char_unsigned_short_unsigned_char_unsigned_short_i_545 "/>
</bind>
</comp>

<comp id="3813" class="1005" name="mxm_execute_ursa_signed_char_unsigned_short_unsigned_char_unsigned_short_i_546_reg_3813">
<pin_list>
<pin id="3814" dir="0" index="0" bw="8" slack="0"/>
<pin id="3815" dir="1" index="1" bw="8" slack="0"/>
</pin_list>
<bind>
<opset="mxm_execute_ursa_signed_char_unsigned_short_unsigned_char_unsigned_short_i_546 "/>
</bind>
</comp>

<comp id="3820" class="1005" name="mxm_execute_ursa_signed_char_unsigned_short_unsigned_char_unsigned_short_i_547_reg_3820">
<pin_list>
<pin id="3821" dir="0" index="0" bw="8" slack="0"/>
<pin id="3822" dir="1" index="1" bw="8" slack="0"/>
</pin_list>
<bind>
<opset="mxm_execute_ursa_signed_char_unsigned_short_unsigned_char_unsigned_short_i_547 "/>
</bind>
</comp>

<comp id="3827" class="1005" name="mxm_execute_ursa_signed_char_unsigned_short_unsigned_char_unsigned_short_i_548_reg_3827">
<pin_list>
<pin id="3828" dir="0" index="0" bw="8" slack="0"/>
<pin id="3829" dir="1" index="1" bw="8" slack="0"/>
</pin_list>
<bind>
<opset="mxm_execute_ursa_signed_char_unsigned_short_unsigned_char_unsigned_short_i_548 "/>
</bind>
</comp>

<comp id="3834" class="1005" name="mxm_execute_ursa_signed_char_unsigned_short_unsigned_char_unsigned_short_i_549_reg_3834">
<pin_list>
<pin id="3835" dir="0" index="0" bw="8" slack="0"/>
<pin id="3836" dir="1" index="1" bw="8" slack="0"/>
</pin_list>
<bind>
<opset="mxm_execute_ursa_signed_char_unsigned_short_unsigned_char_unsigned_short_i_549 "/>
</bind>
</comp>

<comp id="3841" class="1005" name="mxm_execute_ursa_signed_char_unsigned_short_unsigned_char_unsigned_short_i_550_reg_3841">
<pin_list>
<pin id="3842" dir="0" index="0" bw="8" slack="0"/>
<pin id="3843" dir="1" index="1" bw="8" slack="0"/>
</pin_list>
<bind>
<opset="mxm_execute_ursa_signed_char_unsigned_short_unsigned_char_unsigned_short_i_550 "/>
</bind>
</comp>

<comp id="3848" class="1005" name="mxm_execute_ursa_signed_char_unsigned_short_unsigned_char_unsigned_short_i_551_reg_3848">
<pin_list>
<pin id="3849" dir="0" index="0" bw="8" slack="0"/>
<pin id="3850" dir="1" index="1" bw="8" slack="0"/>
</pin_list>
<bind>
<opset="mxm_execute_ursa_signed_char_unsigned_short_unsigned_char_unsigned_short_i_551 "/>
</bind>
</comp>

<comp id="3855" class="1005" name="mxm_execute_ursa_signed_char_unsigned_short_unsigned_char_unsigned_short_i_552_reg_3855">
<pin_list>
<pin id="3856" dir="0" index="0" bw="8" slack="0"/>
<pin id="3857" dir="1" index="1" bw="8" slack="0"/>
</pin_list>
<bind>
<opset="mxm_execute_ursa_signed_char_unsigned_short_unsigned_char_unsigned_short_i_552 "/>
</bind>
</comp>

<comp id="3862" class="1005" name="mxm_execute_ursa_signed_char_unsigned_short_unsigned_char_unsigned_short_i_553_reg_3862">
<pin_list>
<pin id="3863" dir="0" index="0" bw="8" slack="0"/>
<pin id="3864" dir="1" index="1" bw="8" slack="0"/>
</pin_list>
<bind>
<opset="mxm_execute_ursa_signed_char_unsigned_short_unsigned_char_unsigned_short_i_553 "/>
</bind>
</comp>

<comp id="3869" class="1005" name="mxm_execute_ursa_signed_char_unsigned_short_unsigned_char_unsigned_short_i_554_reg_3869">
<pin_list>
<pin id="3870" dir="0" index="0" bw="8" slack="0"/>
<pin id="3871" dir="1" index="1" bw="8" slack="0"/>
</pin_list>
<bind>
<opset="mxm_execute_ursa_signed_char_unsigned_short_unsigned_char_unsigned_short_i_554 "/>
</bind>
</comp>

<comp id="3876" class="1005" name="mxm_execute_ursa_signed_char_unsigned_short_unsigned_char_unsigned_short_i_555_reg_3876">
<pin_list>
<pin id="3877" dir="0" index="0" bw="8" slack="0"/>
<pin id="3878" dir="1" index="1" bw="8" slack="0"/>
</pin_list>
<bind>
<opset="mxm_execute_ursa_signed_char_unsigned_short_unsigned_char_unsigned_short_i_555 "/>
</bind>
</comp>

<comp id="3883" class="1005" name="mxm_execute_ursa_signed_char_unsigned_short_unsigned_char_unsigned_short_i_556_reg_3883">
<pin_list>
<pin id="3884" dir="0" index="0" bw="8" slack="0"/>
<pin id="3885" dir="1" index="1" bw="8" slack="0"/>
</pin_list>
<bind>
<opset="mxm_execute_ursa_signed_char_unsigned_short_unsigned_char_unsigned_short_i_556 "/>
</bind>
</comp>

<comp id="3890" class="1005" name="mxm_execute_ursa_signed_char_unsigned_short_unsigned_char_unsigned_short_i_557_reg_3890">
<pin_list>
<pin id="3891" dir="0" index="0" bw="8" slack="0"/>
<pin id="3892" dir="1" index="1" bw="8" slack="0"/>
</pin_list>
<bind>
<opset="mxm_execute_ursa_signed_char_unsigned_short_unsigned_char_unsigned_short_i_557 "/>
</bind>
</comp>

<comp id="3897" class="1005" name="addr_c0_read_reg_3897">
<pin_list>
<pin id="3898" dir="0" index="0" bw="64" slack="6"/>
<pin id="3899" dir="1" index="1" bw="64" slack="6"/>
</pin_list>
<bind>
<opset="addr_c0_read "/>
</bind>
</comp>

<comp id="3902" class="1005" name="addr_b0_read_reg_3902">
<pin_list>
<pin id="3903" dir="0" index="0" bw="64" slack="8"/>
<pin id="3904" dir="1" index="1" bw="64" slack="8"/>
</pin_list>
<bind>
<opset="addr_b0_read "/>
</bind>
</comp>

<comp id="3907" class="1005" name="addr_a0_read_reg_3907">
<pin_list>
<pin id="3908" dir="0" index="0" bw="64" slack="6"/>
<pin id="3909" dir="1" index="1" bw="64" slack="6"/>
</pin_list>
<bind>
<opset="addr_a0_read "/>
</bind>
</comp>

<comp id="3912" class="1005" name="cmp15_i_phi_loc_reg_3912">
<pin_list>
<pin id="3913" dir="0" index="0" bw="1" slack="6"/>
<pin id="3914" dir="1" index="1" bw="1" slack="6"/>
</pin_list>
<bind>
<opset="cmp15_i_phi_loc "/>
</bind>
</comp>

<comp id="3918" class="1005" name="cmp15_1_i_phi_loc_reg_3918">
<pin_list>
<pin id="3919" dir="0" index="0" bw="1" slack="6"/>
<pin id="3920" dir="1" index="1" bw="1" slack="6"/>
</pin_list>
<bind>
<opset="cmp15_1_i_phi_loc "/>
</bind>
</comp>

<comp id="3924" class="1005" name="cmp15_2_i_phi_loc_reg_3924">
<pin_list>
<pin id="3925" dir="0" index="0" bw="1" slack="6"/>
<pin id="3926" dir="1" index="1" bw="1" slack="6"/>
</pin_list>
<bind>
<opset="cmp15_2_i_phi_loc "/>
</bind>
</comp>

<comp id="3930" class="1005" name="cmp15_3_i_phi_loc_reg_3930">
<pin_list>
<pin id="3931" dir="0" index="0" bw="1" slack="6"/>
<pin id="3932" dir="1" index="1" bw="1" slack="6"/>
</pin_list>
<bind>
<opset="cmp15_3_i_phi_loc "/>
</bind>
</comp>

<comp id="3936" class="1005" name="cmp15_4_i_phi_loc_reg_3936">
<pin_list>
<pin id="3937" dir="0" index="0" bw="1" slack="6"/>
<pin id="3938" dir="1" index="1" bw="1" slack="6"/>
</pin_list>
<bind>
<opset="cmp15_4_i_phi_loc "/>
</bind>
</comp>

<comp id="3942" class="1005" name="cmp15_5_i_phi_loc_reg_3942">
<pin_list>
<pin id="3943" dir="0" index="0" bw="1" slack="6"/>
<pin id="3944" dir="1" index="1" bw="1" slack="6"/>
</pin_list>
<bind>
<opset="cmp15_5_i_phi_loc "/>
</bind>
</comp>

<comp id="3948" class="1005" name="cmp15_6_i_phi_loc_reg_3948">
<pin_list>
<pin id="3949" dir="0" index="0" bw="1" slack="6"/>
<pin id="3950" dir="1" index="1" bw="1" slack="6"/>
</pin_list>
<bind>
<opset="cmp15_6_i_phi_loc "/>
</bind>
</comp>

<comp id="3954" class="1005" name="cmp15_7_i_phi_loc_reg_3954">
<pin_list>
<pin id="3955" dir="0" index="0" bw="1" slack="6"/>
<pin id="3956" dir="1" index="1" bw="1" slack="6"/>
</pin_list>
<bind>
<opset="cmp15_7_i_phi_loc "/>
</bind>
</comp>

<comp id="3960" class="1005" name="mxm_execute_ursa_signed_char_unsigned_short_unsigned_char_unsigned_short_i_558_reg_3960">
<pin_list>
<pin id="3961" dir="0" index="0" bw="8" slack="6"/>
<pin id="3962" dir="1" index="1" bw="8" slack="6"/>
</pin_list>
<bind>
<opset="mxm_execute_ursa_signed_char_unsigned_short_unsigned_char_unsigned_short_i_558 "/>
</bind>
</comp>

<comp id="3966" class="1005" name="mxm_execute_ursa_signed_char_unsigned_short_unsigned_char_unsigned_short_i_559_reg_3966">
<pin_list>
<pin id="3967" dir="0" index="0" bw="8" slack="6"/>
<pin id="3968" dir="1" index="1" bw="8" slack="6"/>
</pin_list>
<bind>
<opset="mxm_execute_ursa_signed_char_unsigned_short_unsigned_char_unsigned_short_i_559 "/>
</bind>
</comp>

<comp id="3972" class="1005" name="mxm_execute_ursa_signed_char_unsigned_short_unsigned_char_unsigned_short_i_560_reg_3972">
<pin_list>
<pin id="3973" dir="0" index="0" bw="8" slack="6"/>
<pin id="3974" dir="1" index="1" bw="8" slack="6"/>
</pin_list>
<bind>
<opset="mxm_execute_ursa_signed_char_unsigned_short_unsigned_char_unsigned_short_i_560 "/>
</bind>
</comp>

<comp id="3978" class="1005" name="mxm_execute_ursa_signed_char_unsigned_short_unsigned_char_unsigned_short_i_561_reg_3978">
<pin_list>
<pin id="3979" dir="0" index="0" bw="8" slack="6"/>
<pin id="3980" dir="1" index="1" bw="8" slack="6"/>
</pin_list>
<bind>
<opset="mxm_execute_ursa_signed_char_unsigned_short_unsigned_char_unsigned_short_i_561 "/>
</bind>
</comp>

<comp id="3984" class="1005" name="mxm_execute_ursa_signed_char_unsigned_short_unsigned_char_unsigned_short_i_562_reg_3984">
<pin_list>
<pin id="3985" dir="0" index="0" bw="8" slack="6"/>
<pin id="3986" dir="1" index="1" bw="8" slack="6"/>
</pin_list>
<bind>
<opset="mxm_execute_ursa_signed_char_unsigned_short_unsigned_char_unsigned_short_i_562 "/>
</bind>
</comp>

<comp id="3990" class="1005" name="mxm_execute_ursa_signed_char_unsigned_short_unsigned_char_unsigned_short_i_563_reg_3990">
<pin_list>
<pin id="3991" dir="0" index="0" bw="8" slack="6"/>
<pin id="3992" dir="1" index="1" bw="8" slack="6"/>
</pin_list>
<bind>
<opset="mxm_execute_ursa_signed_char_unsigned_short_unsigned_char_unsigned_short_i_563 "/>
</bind>
</comp>

<comp id="3996" class="1005" name="mxm_execute_ursa_signed_char_unsigned_short_unsigned_char_unsigned_short_i_564_reg_3996">
<pin_list>
<pin id="3997" dir="0" index="0" bw="8" slack="6"/>
<pin id="3998" dir="1" index="1" bw="8" slack="6"/>
</pin_list>
<bind>
<opset="mxm_execute_ursa_signed_char_unsigned_short_unsigned_char_unsigned_short_i_564 "/>
</bind>
</comp>

<comp id="4002" class="1005" name="mxm_execute_ursa_signed_char_unsigned_short_unsigned_char_unsigned_short_i_565_reg_4002">
<pin_list>
<pin id="4003" dir="0" index="0" bw="8" slack="6"/>
<pin id="4004" dir="1" index="1" bw="8" slack="6"/>
</pin_list>
<bind>
<opset="mxm_execute_ursa_signed_char_unsigned_short_unsigned_char_unsigned_short_i_565 "/>
</bind>
</comp>

<comp id="4008" class="1005" name="mxm_execute_ursa_signed_char_unsigned_short_unsigned_char_unsigned_short_i_566_reg_4008">
<pin_list>
<pin id="4009" dir="0" index="0" bw="8" slack="6"/>
<pin id="4010" dir="1" index="1" bw="8" slack="6"/>
</pin_list>
<bind>
<opset="mxm_execute_ursa_signed_char_unsigned_short_unsigned_char_unsigned_short_i_566 "/>
</bind>
</comp>

<comp id="4014" class="1005" name="mxm_execute_ursa_signed_char_unsigned_short_unsigned_char_unsigned_short_i_567_reg_4014">
<pin_list>
<pin id="4015" dir="0" index="0" bw="8" slack="6"/>
<pin id="4016" dir="1" index="1" bw="8" slack="6"/>
</pin_list>
<bind>
<opset="mxm_execute_ursa_signed_char_unsigned_short_unsigned_char_unsigned_short_i_567 "/>
</bind>
</comp>

<comp id="4020" class="1005" name="mxm_execute_ursa_signed_char_unsigned_short_unsigned_char_unsigned_short_i_568_reg_4020">
<pin_list>
<pin id="4021" dir="0" index="0" bw="8" slack="6"/>
<pin id="4022" dir="1" index="1" bw="8" slack="6"/>
</pin_list>
<bind>
<opset="mxm_execute_ursa_signed_char_unsigned_short_unsigned_char_unsigned_short_i_568 "/>
</bind>
</comp>

<comp id="4026" class="1005" name="mxm_execute_ursa_signed_char_unsigned_short_unsigned_char_unsigned_short_i_569_reg_4026">
<pin_list>
<pin id="4027" dir="0" index="0" bw="8" slack="6"/>
<pin id="4028" dir="1" index="1" bw="8" slack="6"/>
</pin_list>
<bind>
<opset="mxm_execute_ursa_signed_char_unsigned_short_unsigned_char_unsigned_short_i_569 "/>
</bind>
</comp>

<comp id="4032" class="1005" name="mxm_execute_ursa_signed_char_unsigned_short_unsigned_char_unsigned_short_i_570_reg_4032">
<pin_list>
<pin id="4033" dir="0" index="0" bw="8" slack="6"/>
<pin id="4034" dir="1" index="1" bw="8" slack="6"/>
</pin_list>
<bind>
<opset="mxm_execute_ursa_signed_char_unsigned_short_unsigned_char_unsigned_short_i_570 "/>
</bind>
</comp>

<comp id="4038" class="1005" name="mxm_execute_ursa_signed_char_unsigned_short_unsigned_char_unsigned_short_i_571_reg_4038">
<pin_list>
<pin id="4039" dir="0" index="0" bw="8" slack="6"/>
<pin id="4040" dir="1" index="1" bw="8" slack="6"/>
</pin_list>
<bind>
<opset="mxm_execute_ursa_signed_char_unsigned_short_unsigned_char_unsigned_short_i_571 "/>
</bind>
</comp>

<comp id="4044" class="1005" name="mxm_execute_ursa_signed_char_unsigned_short_unsigned_char_unsigned_short_i_572_reg_4044">
<pin_list>
<pin id="4045" dir="0" index="0" bw="8" slack="6"/>
<pin id="4046" dir="1" index="1" bw="8" slack="6"/>
</pin_list>
<bind>
<opset="mxm_execute_ursa_signed_char_unsigned_short_unsigned_char_unsigned_short_i_572 "/>
</bind>
</comp>

<comp id="4050" class="1005" name="mxm_execute_ursa_signed_char_unsigned_short_unsigned_char_unsigned_short_i_573_reg_4050">
<pin_list>
<pin id="4051" dir="0" index="0" bw="8" slack="6"/>
<pin id="4052" dir="1" index="1" bw="8" slack="6"/>
</pin_list>
<bind>
<opset="mxm_execute_ursa_signed_char_unsigned_short_unsigned_char_unsigned_short_i_573 "/>
</bind>
</comp>

<comp id="4056" class="1005" name="mxm_execute_ursa_signed_char_unsigned_short_unsigned_char_unsigned_short_i_574_reg_4056">
<pin_list>
<pin id="4057" dir="0" index="0" bw="8" slack="6"/>
<pin id="4058" dir="1" index="1" bw="8" slack="6"/>
</pin_list>
<bind>
<opset="mxm_execute_ursa_signed_char_unsigned_short_unsigned_char_unsigned_short_i_574 "/>
</bind>
</comp>

<comp id="4062" class="1005" name="mxm_execute_ursa_signed_char_unsigned_short_unsigned_char_unsigned_short_i_575_reg_4062">
<pin_list>
<pin id="4063" dir="0" index="0" bw="8" slack="6"/>
<pin id="4064" dir="1" index="1" bw="8" slack="6"/>
</pin_list>
<bind>
<opset="mxm_execute_ursa_signed_char_unsigned_short_unsigned_char_unsigned_short_i_575 "/>
</bind>
</comp>

<comp id="4068" class="1005" name="mxm_execute_ursa_signed_char_unsigned_short_unsigned_char_unsigned_short_i_576_reg_4068">
<pin_list>
<pin id="4069" dir="0" index="0" bw="8" slack="6"/>
<pin id="4070" dir="1" index="1" bw="8" slack="6"/>
</pin_list>
<bind>
<opset="mxm_execute_ursa_signed_char_unsigned_short_unsigned_char_unsigned_short_i_576 "/>
</bind>
</comp>

<comp id="4074" class="1005" name="mxm_execute_ursa_signed_char_unsigned_short_unsigned_char_unsigned_short_i_577_reg_4074">
<pin_list>
<pin id="4075" dir="0" index="0" bw="8" slack="6"/>
<pin id="4076" dir="1" index="1" bw="8" slack="6"/>
</pin_list>
<bind>
<opset="mxm_execute_ursa_signed_char_unsigned_short_unsigned_char_unsigned_short_i_577 "/>
</bind>
</comp>

<comp id="4080" class="1005" name="mxm_execute_ursa_signed_char_unsigned_short_unsigned_char_unsigned_short_i_578_reg_4080">
<pin_list>
<pin id="4081" dir="0" index="0" bw="8" slack="6"/>
<pin id="4082" dir="1" index="1" bw="8" slack="6"/>
</pin_list>
<bind>
<opset="mxm_execute_ursa_signed_char_unsigned_short_unsigned_char_unsigned_short_i_578 "/>
</bind>
</comp>

<comp id="4086" class="1005" name="mxm_execute_ursa_signed_char_unsigned_short_unsigned_char_unsigned_short_i_579_reg_4086">
<pin_list>
<pin id="4087" dir="0" index="0" bw="8" slack="6"/>
<pin id="4088" dir="1" index="1" bw="8" slack="6"/>
</pin_list>
<bind>
<opset="mxm_execute_ursa_signed_char_unsigned_short_unsigned_char_unsigned_short_i_579 "/>
</bind>
</comp>

<comp id="4092" class="1005" name="mxm_execute_ursa_signed_char_unsigned_short_unsigned_char_unsigned_short_i_580_reg_4092">
<pin_list>
<pin id="4093" dir="0" index="0" bw="8" slack="6"/>
<pin id="4094" dir="1" index="1" bw="8" slack="6"/>
</pin_list>
<bind>
<opset="mxm_execute_ursa_signed_char_unsigned_short_unsigned_char_unsigned_short_i_580 "/>
</bind>
</comp>

<comp id="4098" class="1005" name="mxm_execute_ursa_signed_char_unsigned_short_unsigned_char_unsigned_short_i_581_reg_4098">
<pin_list>
<pin id="4099" dir="0" index="0" bw="8" slack="6"/>
<pin id="4100" dir="1" index="1" bw="8" slack="6"/>
</pin_list>
<bind>
<opset="mxm_execute_ursa_signed_char_unsigned_short_unsigned_char_unsigned_short_i_581 "/>
</bind>
</comp>

<comp id="4104" class="1005" name="mxm_execute_ursa_signed_char_unsigned_short_unsigned_char_unsigned_short_i_582_reg_4104">
<pin_list>
<pin id="4105" dir="0" index="0" bw="8" slack="6"/>
<pin id="4106" dir="1" index="1" bw="8" slack="6"/>
</pin_list>
<bind>
<opset="mxm_execute_ursa_signed_char_unsigned_short_unsigned_char_unsigned_short_i_582 "/>
</bind>
</comp>

<comp id="4110" class="1005" name="mxm_execute_ursa_signed_char_unsigned_short_unsigned_char_unsigned_short_i_583_reg_4110">
<pin_list>
<pin id="4111" dir="0" index="0" bw="8" slack="6"/>
<pin id="4112" dir="1" index="1" bw="8" slack="6"/>
</pin_list>
<bind>
<opset="mxm_execute_ursa_signed_char_unsigned_short_unsigned_char_unsigned_short_i_583 "/>
</bind>
</comp>

<comp id="4116" class="1005" name="mxm_execute_ursa_signed_char_unsigned_short_unsigned_char_unsigned_short_i_584_reg_4116">
<pin_list>
<pin id="4117" dir="0" index="0" bw="8" slack="6"/>
<pin id="4118" dir="1" index="1" bw="8" slack="6"/>
</pin_list>
<bind>
<opset="mxm_execute_ursa_signed_char_unsigned_short_unsigned_char_unsigned_short_i_584 "/>
</bind>
</comp>

<comp id="4122" class="1005" name="mxm_execute_ursa_signed_char_unsigned_short_unsigned_char_unsigned_short_i_585_reg_4122">
<pin_list>
<pin id="4123" dir="0" index="0" bw="8" slack="6"/>
<pin id="4124" dir="1" index="1" bw="8" slack="6"/>
</pin_list>
<bind>
<opset="mxm_execute_ursa_signed_char_unsigned_short_unsigned_char_unsigned_short_i_585 "/>
</bind>
</comp>

<comp id="4128" class="1005" name="mxm_execute_ursa_signed_char_unsigned_short_unsigned_char_unsigned_short_i_586_reg_4128">
<pin_list>
<pin id="4129" dir="0" index="0" bw="8" slack="6"/>
<pin id="4130" dir="1" index="1" bw="8" slack="6"/>
</pin_list>
<bind>
<opset="mxm_execute_ursa_signed_char_unsigned_short_unsigned_char_unsigned_short_i_586 "/>
</bind>
</comp>

<comp id="4134" class="1005" name="mxm_execute_ursa_signed_char_unsigned_short_unsigned_char_unsigned_short_i_587_reg_4134">
<pin_list>
<pin id="4135" dir="0" index="0" bw="8" slack="6"/>
<pin id="4136" dir="1" index="1" bw="8" slack="6"/>
</pin_list>
<bind>
<opset="mxm_execute_ursa_signed_char_unsigned_short_unsigned_char_unsigned_short_i_587 "/>
</bind>
</comp>

<comp id="4140" class="1005" name="mxm_execute_ursa_signed_char_unsigned_short_unsigned_char_unsigned_short_i_588_reg_4140">
<pin_list>
<pin id="4141" dir="0" index="0" bw="8" slack="6"/>
<pin id="4142" dir="1" index="1" bw="8" slack="6"/>
</pin_list>
<bind>
<opset="mxm_execute_ursa_signed_char_unsigned_short_unsigned_char_unsigned_short_i_588 "/>
</bind>
</comp>

<comp id="4146" class="1005" name="mxm_execute_ursa_signed_char_unsigned_short_unsigned_char_unsigned_short_i_589_reg_4146">
<pin_list>
<pin id="4147" dir="0" index="0" bw="8" slack="6"/>
<pin id="4148" dir="1" index="1" bw="8" slack="6"/>
</pin_list>
<bind>
<opset="mxm_execute_ursa_signed_char_unsigned_short_unsigned_char_unsigned_short_i_589 "/>
</bind>
</comp>

<comp id="4152" class="1005" name="mxm_execute_ursa_signed_char_unsigned_short_unsigned_char_unsigned_short_i_590_reg_4152">
<pin_list>
<pin id="4153" dir="0" index="0" bw="8" slack="6"/>
<pin id="4154" dir="1" index="1" bw="8" slack="6"/>
</pin_list>
<bind>
<opset="mxm_execute_ursa_signed_char_unsigned_short_unsigned_char_unsigned_short_i_590 "/>
</bind>
</comp>

<comp id="4158" class="1005" name="mxm_execute_ursa_signed_char_unsigned_short_unsigned_char_unsigned_short_i_591_reg_4158">
<pin_list>
<pin id="4159" dir="0" index="0" bw="8" slack="6"/>
<pin id="4160" dir="1" index="1" bw="8" slack="6"/>
</pin_list>
<bind>
<opset="mxm_execute_ursa_signed_char_unsigned_short_unsigned_char_unsigned_short_i_591 "/>
</bind>
</comp>

<comp id="4164" class="1005" name="mxm_execute_ursa_signed_char_unsigned_short_unsigned_char_unsigned_short_i_592_reg_4164">
<pin_list>
<pin id="4165" dir="0" index="0" bw="8" slack="6"/>
<pin id="4166" dir="1" index="1" bw="8" slack="6"/>
</pin_list>
<bind>
<opset="mxm_execute_ursa_signed_char_unsigned_short_unsigned_char_unsigned_short_i_592 "/>
</bind>
</comp>

<comp id="4170" class="1005" name="mxm_execute_ursa_signed_char_unsigned_short_unsigned_char_unsigned_short_i_593_reg_4170">
<pin_list>
<pin id="4171" dir="0" index="0" bw="8" slack="6"/>
<pin id="4172" dir="1" index="1" bw="8" slack="6"/>
</pin_list>
<bind>
<opset="mxm_execute_ursa_signed_char_unsigned_short_unsigned_char_unsigned_short_i_593 "/>
</bind>
</comp>

<comp id="4176" class="1005" name="mxm_execute_ursa_signed_char_unsigned_short_unsigned_char_unsigned_short_i_594_reg_4176">
<pin_list>
<pin id="4177" dir="0" index="0" bw="8" slack="6"/>
<pin id="4178" dir="1" index="1" bw="8" slack="6"/>
</pin_list>
<bind>
<opset="mxm_execute_ursa_signed_char_unsigned_short_unsigned_char_unsigned_short_i_594 "/>
</bind>
</comp>

<comp id="4182" class="1005" name="mxm_execute_ursa_signed_char_unsigned_short_unsigned_char_unsigned_short_i_595_reg_4182">
<pin_list>
<pin id="4183" dir="0" index="0" bw="8" slack="6"/>
<pin id="4184" dir="1" index="1" bw="8" slack="6"/>
</pin_list>
<bind>
<opset="mxm_execute_ursa_signed_char_unsigned_short_unsigned_char_unsigned_short_i_595 "/>
</bind>
</comp>

<comp id="4188" class="1005" name="mxm_execute_ursa_signed_char_unsigned_short_unsigned_char_unsigned_short_i_596_reg_4188">
<pin_list>
<pin id="4189" dir="0" index="0" bw="8" slack="6"/>
<pin id="4190" dir="1" index="1" bw="8" slack="6"/>
</pin_list>
<bind>
<opset="mxm_execute_ursa_signed_char_unsigned_short_unsigned_char_unsigned_short_i_596 "/>
</bind>
</comp>

<comp id="4194" class="1005" name="mxm_execute_ursa_signed_char_unsigned_short_unsigned_char_unsigned_short_i_597_reg_4194">
<pin_list>
<pin id="4195" dir="0" index="0" bw="8" slack="6"/>
<pin id="4196" dir="1" index="1" bw="8" slack="6"/>
</pin_list>
<bind>
<opset="mxm_execute_ursa_signed_char_unsigned_short_unsigned_char_unsigned_short_i_597 "/>
</bind>
</comp>

<comp id="4200" class="1005" name="mxm_execute_ursa_signed_char_unsigned_short_unsigned_char_unsigned_short_i_598_reg_4200">
<pin_list>
<pin id="4201" dir="0" index="0" bw="8" slack="6"/>
<pin id="4202" dir="1" index="1" bw="8" slack="6"/>
</pin_list>
<bind>
<opset="mxm_execute_ursa_signed_char_unsigned_short_unsigned_char_unsigned_short_i_598 "/>
</bind>
</comp>

<comp id="4206" class="1005" name="mxm_execute_ursa_signed_char_unsigned_short_unsigned_char_unsigned_short_i_599_reg_4206">
<pin_list>
<pin id="4207" dir="0" index="0" bw="8" slack="6"/>
<pin id="4208" dir="1" index="1" bw="8" slack="6"/>
</pin_list>
<bind>
<opset="mxm_execute_ursa_signed_char_unsigned_short_unsigned_char_unsigned_short_i_599 "/>
</bind>
</comp>

<comp id="4212" class="1005" name="mxm_execute_ursa_signed_char_unsigned_short_unsigned_char_unsigned_short_i_600_reg_4212">
<pin_list>
<pin id="4213" dir="0" index="0" bw="8" slack="6"/>
<pin id="4214" dir="1" index="1" bw="8" slack="6"/>
</pin_list>
<bind>
<opset="mxm_execute_ursa_signed_char_unsigned_short_unsigned_char_unsigned_short_i_600 "/>
</bind>
</comp>

<comp id="4218" class="1005" name="mxm_execute_ursa_signed_char_unsigned_short_unsigned_char_unsigned_short_i_601_reg_4218">
<pin_list>
<pin id="4219" dir="0" index="0" bw="8" slack="6"/>
<pin id="4220" dir="1" index="1" bw="8" slack="6"/>
</pin_list>
<bind>
<opset="mxm_execute_ursa_signed_char_unsigned_short_unsigned_char_unsigned_short_i_601 "/>
</bind>
</comp>

<comp id="4224" class="1005" name="mxm_execute_ursa_signed_char_unsigned_short_unsigned_char_unsigned_short_i_602_reg_4224">
<pin_list>
<pin id="4225" dir="0" index="0" bw="8" slack="6"/>
<pin id="4226" dir="1" index="1" bw="8" slack="6"/>
</pin_list>
<bind>
<opset="mxm_execute_ursa_signed_char_unsigned_short_unsigned_char_unsigned_short_i_602 "/>
</bind>
</comp>

<comp id="4230" class="1005" name="mxm_execute_ursa_signed_char_unsigned_short_unsigned_char_unsigned_short_i_603_reg_4230">
<pin_list>
<pin id="4231" dir="0" index="0" bw="8" slack="6"/>
<pin id="4232" dir="1" index="1" bw="8" slack="6"/>
</pin_list>
<bind>
<opset="mxm_execute_ursa_signed_char_unsigned_short_unsigned_char_unsigned_short_i_603 "/>
</bind>
</comp>

<comp id="4236" class="1005" name="mxm_execute_ursa_signed_char_unsigned_short_unsigned_char_unsigned_short_i_604_reg_4236">
<pin_list>
<pin id="4237" dir="0" index="0" bw="8" slack="6"/>
<pin id="4238" dir="1" index="1" bw="8" slack="6"/>
</pin_list>
<bind>
<opset="mxm_execute_ursa_signed_char_unsigned_short_unsigned_char_unsigned_short_i_604 "/>
</bind>
</comp>

<comp id="4242" class="1005" name="mxm_execute_ursa_signed_char_unsigned_short_unsigned_char_unsigned_short_i_605_reg_4242">
<pin_list>
<pin id="4243" dir="0" index="0" bw="8" slack="6"/>
<pin id="4244" dir="1" index="1" bw="8" slack="6"/>
</pin_list>
<bind>
<opset="mxm_execute_ursa_signed_char_unsigned_short_unsigned_char_unsigned_short_i_605 "/>
</bind>
</comp>

<comp id="4248" class="1005" name="mxm_execute_ursa_signed_char_unsigned_short_unsigned_char_unsigned_short_i_606_reg_4248">
<pin_list>
<pin id="4249" dir="0" index="0" bw="8" slack="6"/>
<pin id="4250" dir="1" index="1" bw="8" slack="6"/>
</pin_list>
<bind>
<opset="mxm_execute_ursa_signed_char_unsigned_short_unsigned_char_unsigned_short_i_606 "/>
</bind>
</comp>

<comp id="4254" class="1005" name="mxm_execute_ursa_signed_char_unsigned_short_unsigned_char_unsigned_short_i_607_reg_4254">
<pin_list>
<pin id="4255" dir="0" index="0" bw="8" slack="6"/>
<pin id="4256" dir="1" index="1" bw="8" slack="6"/>
</pin_list>
<bind>
<opset="mxm_execute_ursa_signed_char_unsigned_short_unsigned_char_unsigned_short_i_607 "/>
</bind>
</comp>

<comp id="4260" class="1005" name="mxm_execute_ursa_signed_char_unsigned_short_unsigned_char_unsigned_short_i_608_reg_4260">
<pin_list>
<pin id="4261" dir="0" index="0" bw="8" slack="6"/>
<pin id="4262" dir="1" index="1" bw="8" slack="6"/>
</pin_list>
<bind>
<opset="mxm_execute_ursa_signed_char_unsigned_short_unsigned_char_unsigned_short_i_608 "/>
</bind>
</comp>

<comp id="4266" class="1005" name="mxm_execute_ursa_signed_char_unsigned_short_unsigned_char_unsigned_short_i_609_reg_4266">
<pin_list>
<pin id="4267" dir="0" index="0" bw="8" slack="6"/>
<pin id="4268" dir="1" index="1" bw="8" slack="6"/>
</pin_list>
<bind>
<opset="mxm_execute_ursa_signed_char_unsigned_short_unsigned_char_unsigned_short_i_609 "/>
</bind>
</comp>

<comp id="4272" class="1005" name="mxm_execute_ursa_signed_char_unsigned_short_unsigned_char_unsigned_short_i_610_reg_4272">
<pin_list>
<pin id="4273" dir="0" index="0" bw="8" slack="6"/>
<pin id="4274" dir="1" index="1" bw="8" slack="6"/>
</pin_list>
<bind>
<opset="mxm_execute_ursa_signed_char_unsigned_short_unsigned_char_unsigned_short_i_610 "/>
</bind>
</comp>

<comp id="4278" class="1005" name="mxm_execute_ursa_signed_char_unsigned_short_unsigned_char_unsigned_short_i_611_reg_4278">
<pin_list>
<pin id="4279" dir="0" index="0" bw="8" slack="6"/>
<pin id="4280" dir="1" index="1" bw="8" slack="6"/>
</pin_list>
<bind>
<opset="mxm_execute_ursa_signed_char_unsigned_short_unsigned_char_unsigned_short_i_611 "/>
</bind>
</comp>

<comp id="4284" class="1005" name="mxm_execute_ursa_signed_char_unsigned_short_unsigned_char_unsigned_short_i_612_reg_4284">
<pin_list>
<pin id="4285" dir="0" index="0" bw="8" slack="6"/>
<pin id="4286" dir="1" index="1" bw="8" slack="6"/>
</pin_list>
<bind>
<opset="mxm_execute_ursa_signed_char_unsigned_short_unsigned_char_unsigned_short_i_612 "/>
</bind>
</comp>

<comp id="4290" class="1005" name="mxm_execute_ursa_signed_char_unsigned_short_unsigned_char_unsigned_short_i_613_reg_4290">
<pin_list>
<pin id="4291" dir="0" index="0" bw="8" slack="6"/>
<pin id="4292" dir="1" index="1" bw="8" slack="6"/>
</pin_list>
<bind>
<opset="mxm_execute_ursa_signed_char_unsigned_short_unsigned_char_unsigned_short_i_613 "/>
</bind>
</comp>

<comp id="4296" class="1005" name="m_read_reg_4296">
<pin_list>
<pin id="4297" dir="0" index="0" bw="16" slack="1"/>
<pin id="4298" dir="1" index="1" bw="16" slack="1"/>
</pin_list>
<bind>
<opset="m_read "/>
</bind>
</comp>

<comp id="4304" class="1005" name="b0_q_read_reg_4304">
<pin_list>
<pin id="4305" dir="0" index="0" bw="16" slack="1"/>
<pin id="4306" dir="1" index="1" bw="16" slack="1"/>
</pin_list>
<bind>
<opset="b0_q_read "/>
</bind>
</comp>

<comp id="4322" class="1005" name="a0_p_read_reg_4322">
<pin_list>
<pin id="4323" dir="0" index="0" bw="16" slack="5"/>
<pin id="4324" dir="1" index="1" bw="16" slack="5"/>
</pin_list>
<bind>
<opset="a0_p_read "/>
</bind>
</comp>

<comp id="4328" class="1005" name="lshr_ln309_cast_reg_4328">
<pin_list>
<pin id="4329" dir="0" index="0" bw="14" slack="1"/>
<pin id="4330" dir="1" index="1" bw="14" slack="1"/>
</pin_list>
<bind>
<opset="lshr_ln309_cast "/>
</bind>
</comp>

<comp id="4334" class="1005" name="trunc_ln_reg_4334">
<pin_list>
<pin id="4335" dir="0" index="0" bw="14" slack="1"/>
<pin id="4336" dir="1" index="1" bw="14" slack="1"/>
</pin_list>
<bind>
<opset="trunc_ln "/>
</bind>
</comp>

<comp id="4339" class="1005" name="lshr_ln310_cast_reg_4339">
<pin_list>
<pin id="4340" dir="0" index="0" bw="14" slack="3"/>
<pin id="4341" dir="1" index="1" bw="14" slack="3"/>
</pin_list>
<bind>
<opset="lshr_ln310_cast "/>
</bind>
</comp>

<comp id="4344" class="1005" name="zext_ln331_reg_4344">
<pin_list>
<pin id="4345" dir="0" index="0" bw="29" slack="2"/>
<pin id="4346" dir="1" index="1" bw="29" slack="2"/>
</pin_list>
<bind>
<opset="zext_ln331 "/>
</bind>
</comp>

<comp id="4349" class="1005" name="zext_ln312_reg_4349">
<pin_list>
<pin id="4350" dir="0" index="0" bw="29" slack="3"/>
<pin id="4351" dir="1" index="1" bw="29" slack="3"/>
</pin_list>
<bind>
<opset="zext_ln312 "/>
</bind>
</comp>

<comp id="4354" class="1005" name="bound_reg_4354">
<pin_list>
<pin id="4355" dir="0" index="0" bw="28" slack="1"/>
<pin id="4356" dir="1" index="1" bw="28" slack="1"/>
</pin_list>
<bind>
<opset="bound "/>
</bind>
</comp>

<comp id="4362" class="1005" name="add_ln312_1_reg_4362">
<pin_list>
<pin id="4363" dir="0" index="0" bw="27" slack="2"/>
<pin id="4364" dir="1" index="1" bw="27" slack="2"/>
</pin_list>
<bind>
<opset="add_ln312_1 "/>
</bind>
</comp>

<comp id="4370" class="1005" name="icmp_ln313_reg_4370">
<pin_list>
<pin id="4371" dir="0" index="0" bw="1" slack="1"/>
<pin id="4372" dir="1" index="1" bw="1" slack="1"/>
</pin_list>
<bind>
<opset="icmp_ln313 "/>
</bind>
</comp>

<comp id="4375" class="1005" name="select_ln312_1_reg_4375">
<pin_list>
<pin id="4376" dir="0" index="0" bw="14" slack="2"/>
<pin id="4377" dir="1" index="1" bw="14" slack="2"/>
</pin_list>
<bind>
<opset="select_ln312_1 "/>
</bind>
</comp>

<comp id="4380" class="1005" name="trunc_ln312_reg_4380">
<pin_list>
<pin id="4381" dir="0" index="0" bw="13" slack="1"/>
<pin id="4382" dir="1" index="1" bw="13" slack="1"/>
</pin_list>
<bind>
<opset="trunc_ln312 "/>
</bind>
</comp>

<comp id="4387" class="1005" name="select_ln312_reg_4387">
<pin_list>
<pin id="4388" dir="0" index="0" bw="14" slack="1"/>
<pin id="4389" dir="1" index="1" bw="14" slack="1"/>
</pin_list>
<bind>
<opset="select_ln312 "/>
</bind>
</comp>

<comp id="4392" class="1005" name="p_mid_reg_4392">
<pin_list>
<pin id="4393" dir="0" index="0" bw="32" slack="1"/>
<pin id="4394" dir="1" index="1" bw="32" slack="1"/>
</pin_list>
<bind>
<opset="p_mid "/>
</bind>
</comp>

<comp id="4397" class="1005" name="base_col_B_reg_4397">
<pin_list>
<pin id="4398" dir="0" index="0" bw="16" slack="1"/>
<pin id="4399" dir="1" index="1" bw="16" slack="1"/>
</pin_list>
<bind>
<opset="base_col_B "/>
</bind>
</comp>

<comp id="4411" class="1005" name="base_col_B_cast_reg_4411">
<pin_list>
<pin id="4412" dir="0" index="0" bw="32" slack="2"/>
<pin id="4413" dir="1" index="1" bw="32" slack="2"/>
</pin_list>
<bind>
<opset="base_col_B_cast "/>
</bind>
</comp>

<comp id="4419" class="1005" name="add_ln328_reg_4419">
<pin_list>
<pin id="4420" dir="0" index="0" bw="14" slack="0"/>
<pin id="4421" dir="1" index="1" bw="14" slack="0"/>
</pin_list>
<bind>
<opset="add_ln328 "/>
</bind>
</comp>

<comp id="4424" class="1005" name="trunc_ln334_reg_4424">
<pin_list>
<pin id="4425" dir="0" index="0" bw="13" slack="3"/>
<pin id="4426" dir="1" index="1" bw="13" slack="3"/>
</pin_list>
<bind>
<opset="trunc_ln334 "/>
</bind>
</comp>

<comp id="4429" class="1005" name="base_col_A_reg_4429">
<pin_list>
<pin id="4430" dir="0" index="0" bw="16" slack="1"/>
<pin id="4431" dir="1" index="1" bw="16" slack="1"/>
</pin_list>
<bind>
<opset="base_col_A "/>
</bind>
</comp>

<comp id="4434" class="1005" name="add_ln330_reg_4434">
<pin_list>
<pin id="4435" dir="0" index="0" bw="32" slack="1"/>
<pin id="4436" dir="1" index="1" bw="32" slack="1"/>
</pin_list>
<bind>
<opset="add_ln330 "/>
</bind>
</comp>

<comp id="4439" class="1005" name="mul_ln331_reg_4439">
<pin_list>
<pin id="4440" dir="0" index="0" bw="29" slack="1"/>
<pin id="4441" dir="1" index="1" bw="29" slack="1"/>
</pin_list>
<bind>
<opset="mul_ln331 "/>
</bind>
</comp>

<comp id="4444" class="1005" name="cmp124_reg_4444">
<pin_list>
<pin id="4445" dir="0" index="0" bw="1" slack="1"/>
<pin id="4446" dir="1" index="1" bw="1" slack="1"/>
</pin_list>
<bind>
<opset="cmp124 "/>
</bind>
</comp>

<comp id="4449" class="1005" name="global_col_2_reg_4449">
<pin_list>
<pin id="4450" dir="0" index="0" bw="16" slack="1"/>
<pin id="4451" dir="1" index="1" bw="16" slack="1"/>
</pin_list>
<bind>
<opset="global_col_2 "/>
</bind>
</comp>

<comp id="4454" class="1005" name="cmp124_1_reg_4454">
<pin_list>
<pin id="4455" dir="0" index="0" bw="1" slack="1"/>
<pin id="4456" dir="1" index="1" bw="1" slack="1"/>
</pin_list>
<bind>
<opset="cmp124_1 "/>
</bind>
</comp>

<comp id="4459" class="1005" name="global_col_4_reg_4459">
<pin_list>
<pin id="4460" dir="0" index="0" bw="16" slack="1"/>
<pin id="4461" dir="1" index="1" bw="16" slack="1"/>
</pin_list>
<bind>
<opset="global_col_4 "/>
</bind>
</comp>

<comp id="4464" class="1005" name="cmp124_2_reg_4464">
<pin_list>
<pin id="4465" dir="0" index="0" bw="1" slack="1"/>
<pin id="4466" dir="1" index="1" bw="1" slack="1"/>
</pin_list>
<bind>
<opset="cmp124_2 "/>
</bind>
</comp>

<comp id="4469" class="1005" name="global_col_6_reg_4469">
<pin_list>
<pin id="4470" dir="0" index="0" bw="16" slack="1"/>
<pin id="4471" dir="1" index="1" bw="16" slack="1"/>
</pin_list>
<bind>
<opset="global_col_6 "/>
</bind>
</comp>

<comp id="4474" class="1005" name="cmp124_3_reg_4474">
<pin_list>
<pin id="4475" dir="0" index="0" bw="1" slack="1"/>
<pin id="4476" dir="1" index="1" bw="1" slack="1"/>
</pin_list>
<bind>
<opset="cmp124_3 "/>
</bind>
</comp>

<comp id="4479" class="1005" name="global_col_8_reg_4479">
<pin_list>
<pin id="4480" dir="0" index="0" bw="16" slack="1"/>
<pin id="4481" dir="1" index="1" bw="16" slack="1"/>
</pin_list>
<bind>
<opset="global_col_8 "/>
</bind>
</comp>

<comp id="4484" class="1005" name="cmp124_4_reg_4484">
<pin_list>
<pin id="4485" dir="0" index="0" bw="1" slack="1"/>
<pin id="4486" dir="1" index="1" bw="1" slack="1"/>
</pin_list>
<bind>
<opset="cmp124_4 "/>
</bind>
</comp>

<comp id="4489" class="1005" name="global_col_10_reg_4489">
<pin_list>
<pin id="4490" dir="0" index="0" bw="16" slack="1"/>
<pin id="4491" dir="1" index="1" bw="16" slack="1"/>
</pin_list>
<bind>
<opset="global_col_10 "/>
</bind>
</comp>

<comp id="4494" class="1005" name="cmp124_5_reg_4494">
<pin_list>
<pin id="4495" dir="0" index="0" bw="1" slack="1"/>
<pin id="4496" dir="1" index="1" bw="1" slack="1"/>
</pin_list>
<bind>
<opset="cmp124_5 "/>
</bind>
</comp>

<comp id="4499" class="1005" name="global_col_12_reg_4499">
<pin_list>
<pin id="4500" dir="0" index="0" bw="16" slack="1"/>
<pin id="4501" dir="1" index="1" bw="16" slack="1"/>
</pin_list>
<bind>
<opset="global_col_12 "/>
</bind>
</comp>

<comp id="4504" class="1005" name="cmp124_6_reg_4504">
<pin_list>
<pin id="4505" dir="0" index="0" bw="1" slack="1"/>
<pin id="4506" dir="1" index="1" bw="1" slack="1"/>
</pin_list>
<bind>
<opset="cmp124_6 "/>
</bind>
</comp>

<comp id="4509" class="1005" name="global_col_14_reg_4509">
<pin_list>
<pin id="4510" dir="0" index="0" bw="16" slack="1"/>
<pin id="4511" dir="1" index="1" bw="16" slack="1"/>
</pin_list>
<bind>
<opset="global_col_14 "/>
</bind>
</comp>

<comp id="4514" class="1005" name="cmp124_7_reg_4514">
<pin_list>
<pin id="4515" dir="0" index="0" bw="1" slack="1"/>
<pin id="4516" dir="1" index="1" bw="1" slack="1"/>
</pin_list>
<bind>
<opset="cmp124_7 "/>
</bind>
</comp>

<comp id="4687" class="1005" name="add_ln331_reg_4687">
<pin_list>
<pin id="4688" dir="0" index="0" bw="32" slack="2"/>
<pin id="4689" dir="1" index="1" bw="32" slack="2"/>
</pin_list>
<bind>
<opset="add_ln331 "/>
</bind>
</comp>

</comp_list>

<net_list>
<net id="495"><net_src comp="370" pin="0"/><net_sink comp="492" pin=0"/></net>

<net id="499"><net_src comp="370" pin="0"/><net_sink comp="496" pin=0"/></net>

<net id="503"><net_src comp="370" pin="0"/><net_sink comp="500" pin=0"/></net>

<net id="507"><net_src comp="370" pin="0"/><net_sink comp="504" pin=0"/></net>

<net id="511"><net_src comp="370" pin="0"/><net_sink comp="508" pin=0"/></net>

<net id="515"><net_src comp="370" pin="0"/><net_sink comp="512" pin=0"/></net>

<net id="519"><net_src comp="370" pin="0"/><net_sink comp="516" pin=0"/></net>

<net id="523"><net_src comp="370" pin="0"/><net_sink comp="520" pin=0"/></net>

<net id="527"><net_src comp="370" pin="0"/><net_sink comp="524" pin=0"/></net>

<net id="531"><net_src comp="370" pin="0"/><net_sink comp="528" pin=0"/></net>

<net id="535"><net_src comp="370" pin="0"/><net_sink comp="532" pin=0"/></net>

<net id="539"><net_src comp="370" pin="0"/><net_sink comp="536" pin=0"/></net>

<net id="543"><net_src comp="370" pin="0"/><net_sink comp="540" pin=0"/></net>

<net id="547"><net_src comp="370" pin="0"/><net_sink comp="544" pin=0"/></net>

<net id="551"><net_src comp="370" pin="0"/><net_sink comp="548" pin=0"/></net>

<net id="555"><net_src comp="370" pin="0"/><net_sink comp="552" pin=0"/></net>

<net id="559"><net_src comp="370" pin="0"/><net_sink comp="556" pin=0"/></net>

<net id="563"><net_src comp="370" pin="0"/><net_sink comp="560" pin=0"/></net>

<net id="567"><net_src comp="370" pin="0"/><net_sink comp="564" pin=0"/></net>

<net id="571"><net_src comp="370" pin="0"/><net_sink comp="568" pin=0"/></net>

<net id="575"><net_src comp="370" pin="0"/><net_sink comp="572" pin=0"/></net>

<net id="579"><net_src comp="370" pin="0"/><net_sink comp="576" pin=0"/></net>

<net id="583"><net_src comp="370" pin="0"/><net_sink comp="580" pin=0"/></net>

<net id="587"><net_src comp="370" pin="0"/><net_sink comp="584" pin=0"/></net>

<net id="591"><net_src comp="370" pin="0"/><net_sink comp="588" pin=0"/></net>

<net id="595"><net_src comp="370" pin="0"/><net_sink comp="592" pin=0"/></net>

<net id="599"><net_src comp="370" pin="0"/><net_sink comp="596" pin=0"/></net>

<net id="603"><net_src comp="370" pin="0"/><net_sink comp="600" pin=0"/></net>

<net id="607"><net_src comp="370" pin="0"/><net_sink comp="604" pin=0"/></net>

<net id="611"><net_src comp="370" pin="0"/><net_sink comp="608" pin=0"/></net>

<net id="615"><net_src comp="370" pin="0"/><net_sink comp="612" pin=0"/></net>

<net id="619"><net_src comp="370" pin="0"/><net_sink comp="616" pin=0"/></net>

<net id="623"><net_src comp="370" pin="0"/><net_sink comp="620" pin=0"/></net>

<net id="627"><net_src comp="370" pin="0"/><net_sink comp="624" pin=0"/></net>

<net id="631"><net_src comp="370" pin="0"/><net_sink comp="628" pin=0"/></net>

<net id="635"><net_src comp="370" pin="0"/><net_sink comp="632" pin=0"/></net>

<net id="639"><net_src comp="370" pin="0"/><net_sink comp="636" pin=0"/></net>

<net id="643"><net_src comp="370" pin="0"/><net_sink comp="640" pin=0"/></net>

<net id="647"><net_src comp="370" pin="0"/><net_sink comp="644" pin=0"/></net>

<net id="651"><net_src comp="370" pin="0"/><net_sink comp="648" pin=0"/></net>

<net id="655"><net_src comp="370" pin="0"/><net_sink comp="652" pin=0"/></net>

<net id="659"><net_src comp="370" pin="0"/><net_sink comp="656" pin=0"/></net>

<net id="663"><net_src comp="370" pin="0"/><net_sink comp="660" pin=0"/></net>

<net id="667"><net_src comp="370" pin="0"/><net_sink comp="664" pin=0"/></net>

<net id="671"><net_src comp="370" pin="0"/><net_sink comp="668" pin=0"/></net>

<net id="675"><net_src comp="370" pin="0"/><net_sink comp="672" pin=0"/></net>

<net id="679"><net_src comp="370" pin="0"/><net_sink comp="676" pin=0"/></net>

<net id="683"><net_src comp="370" pin="0"/><net_sink comp="680" pin=0"/></net>

<net id="687"><net_src comp="370" pin="0"/><net_sink comp="684" pin=0"/></net>

<net id="691"><net_src comp="370" pin="0"/><net_sink comp="688" pin=0"/></net>

<net id="695"><net_src comp="370" pin="0"/><net_sink comp="692" pin=0"/></net>

<net id="699"><net_src comp="370" pin="0"/><net_sink comp="696" pin=0"/></net>

<net id="703"><net_src comp="370" pin="0"/><net_sink comp="700" pin=0"/></net>

<net id="707"><net_src comp="370" pin="0"/><net_sink comp="704" pin=0"/></net>

<net id="711"><net_src comp="370" pin="0"/><net_sink comp="708" pin=0"/></net>

<net id="715"><net_src comp="370" pin="0"/><net_sink comp="712" pin=0"/></net>

<net id="719"><net_src comp="370" pin="0"/><net_sink comp="716" pin=0"/></net>

<net id="723"><net_src comp="370" pin="0"/><net_sink comp="720" pin=0"/></net>

<net id="727"><net_src comp="370" pin="0"/><net_sink comp="724" pin=0"/></net>

<net id="731"><net_src comp="376" pin="0"/><net_sink comp="728" pin=0"/></net>

<net id="735"><net_src comp="376" pin="0"/><net_sink comp="732" pin=0"/></net>

<net id="739"><net_src comp="376" pin="0"/><net_sink comp="736" pin=0"/></net>

<net id="743"><net_src comp="376" pin="0"/><net_sink comp="740" pin=0"/></net>

<net id="747"><net_src comp="376" pin="0"/><net_sink comp="744" pin=0"/></net>

<net id="751"><net_src comp="376" pin="0"/><net_sink comp="748" pin=0"/></net>

<net id="755"><net_src comp="376" pin="0"/><net_sink comp="752" pin=0"/></net>

<net id="759"><net_src comp="376" pin="0"/><net_sink comp="756" pin=0"/></net>

<net id="763"><net_src comp="376" pin="0"/><net_sink comp="760" pin=0"/></net>

<net id="767"><net_src comp="376" pin="0"/><net_sink comp="764" pin=0"/></net>

<net id="771"><net_src comp="376" pin="0"/><net_sink comp="768" pin=0"/></net>

<net id="775"><net_src comp="376" pin="0"/><net_sink comp="772" pin=0"/></net>

<net id="779"><net_src comp="376" pin="0"/><net_sink comp="776" pin=0"/></net>

<net id="783"><net_src comp="376" pin="0"/><net_sink comp="780" pin=0"/></net>

<net id="787"><net_src comp="376" pin="0"/><net_sink comp="784" pin=0"/></net>

<net id="791"><net_src comp="376" pin="0"/><net_sink comp="788" pin=0"/></net>

<net id="795"><net_src comp="376" pin="0"/><net_sink comp="792" pin=0"/></net>

<net id="799"><net_src comp="376" pin="0"/><net_sink comp="796" pin=0"/></net>

<net id="803"><net_src comp="376" pin="0"/><net_sink comp="800" pin=0"/></net>

<net id="807"><net_src comp="376" pin="0"/><net_sink comp="804" pin=0"/></net>

<net id="811"><net_src comp="376" pin="0"/><net_sink comp="808" pin=0"/></net>

<net id="815"><net_src comp="376" pin="0"/><net_sink comp="812" pin=0"/></net>

<net id="819"><net_src comp="376" pin="0"/><net_sink comp="816" pin=0"/></net>

<net id="823"><net_src comp="376" pin="0"/><net_sink comp="820" pin=0"/></net>

<net id="827"><net_src comp="376" pin="0"/><net_sink comp="824" pin=0"/></net>

<net id="831"><net_src comp="376" pin="0"/><net_sink comp="828" pin=0"/></net>

<net id="835"><net_src comp="376" pin="0"/><net_sink comp="832" pin=0"/></net>

<net id="839"><net_src comp="376" pin="0"/><net_sink comp="836" pin=0"/></net>

<net id="843"><net_src comp="376" pin="0"/><net_sink comp="840" pin=0"/></net>

<net id="847"><net_src comp="376" pin="0"/><net_sink comp="844" pin=0"/></net>

<net id="851"><net_src comp="376" pin="0"/><net_sink comp="848" pin=0"/></net>

<net id="855"><net_src comp="376" pin="0"/><net_sink comp="852" pin=0"/></net>

<net id="859"><net_src comp="376" pin="0"/><net_sink comp="856" pin=0"/></net>

<net id="863"><net_src comp="376" pin="0"/><net_sink comp="860" pin=0"/></net>

<net id="867"><net_src comp="376" pin="0"/><net_sink comp="864" pin=0"/></net>

<net id="871"><net_src comp="376" pin="0"/><net_sink comp="868" pin=0"/></net>

<net id="875"><net_src comp="376" pin="0"/><net_sink comp="872" pin=0"/></net>

<net id="879"><net_src comp="376" pin="0"/><net_sink comp="876" pin=0"/></net>

<net id="883"><net_src comp="376" pin="0"/><net_sink comp="880" pin=0"/></net>

<net id="887"><net_src comp="376" pin="0"/><net_sink comp="884" pin=0"/></net>

<net id="891"><net_src comp="376" pin="0"/><net_sink comp="888" pin=0"/></net>

<net id="895"><net_src comp="376" pin="0"/><net_sink comp="892" pin=0"/></net>

<net id="899"><net_src comp="376" pin="0"/><net_sink comp="896" pin=0"/></net>

<net id="903"><net_src comp="376" pin="0"/><net_sink comp="900" pin=0"/></net>

<net id="907"><net_src comp="376" pin="0"/><net_sink comp="904" pin=0"/></net>

<net id="911"><net_src comp="376" pin="0"/><net_sink comp="908" pin=0"/></net>

<net id="915"><net_src comp="376" pin="0"/><net_sink comp="912" pin=0"/></net>

<net id="919"><net_src comp="376" pin="0"/><net_sink comp="916" pin=0"/></net>

<net id="923"><net_src comp="376" pin="0"/><net_sink comp="920" pin=0"/></net>

<net id="927"><net_src comp="376" pin="0"/><net_sink comp="924" pin=0"/></net>

<net id="931"><net_src comp="376" pin="0"/><net_sink comp="928" pin=0"/></net>

<net id="935"><net_src comp="376" pin="0"/><net_sink comp="932" pin=0"/></net>

<net id="939"><net_src comp="376" pin="0"/><net_sink comp="936" pin=0"/></net>

<net id="943"><net_src comp="376" pin="0"/><net_sink comp="940" pin=0"/></net>

<net id="947"><net_src comp="376" pin="0"/><net_sink comp="944" pin=0"/></net>

<net id="951"><net_src comp="376" pin="0"/><net_sink comp="948" pin=0"/></net>

<net id="955"><net_src comp="376" pin="0"/><net_sink comp="952" pin=0"/></net>

<net id="959"><net_src comp="376" pin="0"/><net_sink comp="956" pin=0"/></net>

<net id="963"><net_src comp="376" pin="0"/><net_sink comp="960" pin=0"/></net>

<net id="967"><net_src comp="376" pin="0"/><net_sink comp="964" pin=0"/></net>

<net id="971"><net_src comp="376" pin="0"/><net_sink comp="968" pin=0"/></net>

<net id="975"><net_src comp="376" pin="0"/><net_sink comp="972" pin=0"/></net>

<net id="979"><net_src comp="376" pin="0"/><net_sink comp="976" pin=0"/></net>

<net id="983"><net_src comp="376" pin="0"/><net_sink comp="980" pin=0"/></net>

<net id="987"><net_src comp="376" pin="0"/><net_sink comp="984" pin=0"/></net>

<net id="992"><net_src comp="372" pin="0"/><net_sink comp="988" pin=0"/></net>

<net id="993"><net_src comp="16" pin="0"/><net_sink comp="988" pin=1"/></net>

<net id="998"><net_src comp="374" pin="0"/><net_sink comp="994" pin=0"/></net>

<net id="999"><net_src comp="14" pin="0"/><net_sink comp="994" pin=1"/></net>

<net id="1004"><net_src comp="372" pin="0"/><net_sink comp="1000" pin=0"/></net>

<net id="1005"><net_src comp="12" pin="0"/><net_sink comp="1000" pin=1"/></net>

<net id="1010"><net_src comp="374" pin="0"/><net_sink comp="1006" pin=0"/></net>

<net id="1011"><net_src comp="10" pin="0"/><net_sink comp="1006" pin=1"/></net>

<net id="1016"><net_src comp="372" pin="0"/><net_sink comp="1012" pin=0"/></net>

<net id="1017"><net_src comp="8" pin="0"/><net_sink comp="1012" pin=1"/></net>

<net id="1022"><net_src comp="374" pin="0"/><net_sink comp="1018" pin=0"/></net>

<net id="1023"><net_src comp="6" pin="0"/><net_sink comp="1018" pin=1"/></net>

<net id="1027"><net_src comp="380" pin="0"/><net_sink comp="1024" pin=0"/></net>

<net id="1034"><net_src comp="1024" pin="1"/><net_sink comp="1028" pin=0"/></net>

<net id="1286"><net_src comp="484" pin="0"/><net_sink comp="1035" pin=0"/></net>

<net id="1287"><net_src comp="0" pin="0"/><net_sink comp="1035" pin=57"/></net>

<net id="1288"><net_src comp="130" pin="0"/><net_sink comp="1035" pin=129"/></net>

<net id="1289"><net_src comp="132" pin="0"/><net_sink comp="1035" pin=130"/></net>

<net id="1290"><net_src comp="134" pin="0"/><net_sink comp="1035" pin=131"/></net>

<net id="1291"><net_src comp="136" pin="0"/><net_sink comp="1035" pin=132"/></net>

<net id="1292"><net_src comp="138" pin="0"/><net_sink comp="1035" pin=133"/></net>

<net id="1293"><net_src comp="140" pin="0"/><net_sink comp="1035" pin=134"/></net>

<net id="1294"><net_src comp="142" pin="0"/><net_sink comp="1035" pin=135"/></net>

<net id="1295"><net_src comp="144" pin="0"/><net_sink comp="1035" pin=136"/></net>

<net id="1296"><net_src comp="18" pin="0"/><net_sink comp="1035" pin=137"/></net>

<net id="1297"><net_src comp="20" pin="0"/><net_sink comp="1035" pin=138"/></net>

<net id="1298"><net_src comp="22" pin="0"/><net_sink comp="1035" pin=139"/></net>

<net id="1299"><net_src comp="24" pin="0"/><net_sink comp="1035" pin=140"/></net>

<net id="1300"><net_src comp="26" pin="0"/><net_sink comp="1035" pin=141"/></net>

<net id="1301"><net_src comp="28" pin="0"/><net_sink comp="1035" pin=142"/></net>

<net id="1302"><net_src comp="30" pin="0"/><net_sink comp="1035" pin=143"/></net>

<net id="1303"><net_src comp="32" pin="0"/><net_sink comp="1035" pin=144"/></net>

<net id="1304"><net_src comp="146" pin="0"/><net_sink comp="1035" pin=145"/></net>

<net id="1305"><net_src comp="148" pin="0"/><net_sink comp="1035" pin=146"/></net>

<net id="1306"><net_src comp="150" pin="0"/><net_sink comp="1035" pin=147"/></net>

<net id="1307"><net_src comp="152" pin="0"/><net_sink comp="1035" pin=148"/></net>

<net id="1308"><net_src comp="154" pin="0"/><net_sink comp="1035" pin=149"/></net>

<net id="1309"><net_src comp="156" pin="0"/><net_sink comp="1035" pin=150"/></net>

<net id="1310"><net_src comp="158" pin="0"/><net_sink comp="1035" pin=151"/></net>

<net id="1311"><net_src comp="160" pin="0"/><net_sink comp="1035" pin=152"/></net>

<net id="1312"><net_src comp="34" pin="0"/><net_sink comp="1035" pin=153"/></net>

<net id="1313"><net_src comp="36" pin="0"/><net_sink comp="1035" pin=154"/></net>

<net id="1314"><net_src comp="38" pin="0"/><net_sink comp="1035" pin=155"/></net>

<net id="1315"><net_src comp="40" pin="0"/><net_sink comp="1035" pin=156"/></net>

<net id="1316"><net_src comp="42" pin="0"/><net_sink comp="1035" pin=157"/></net>

<net id="1317"><net_src comp="44" pin="0"/><net_sink comp="1035" pin=158"/></net>

<net id="1318"><net_src comp="46" pin="0"/><net_sink comp="1035" pin=159"/></net>

<net id="1319"><net_src comp="48" pin="0"/><net_sink comp="1035" pin=160"/></net>

<net id="1320"><net_src comp="162" pin="0"/><net_sink comp="1035" pin=161"/></net>

<net id="1321"><net_src comp="164" pin="0"/><net_sink comp="1035" pin=162"/></net>

<net id="1322"><net_src comp="166" pin="0"/><net_sink comp="1035" pin=163"/></net>

<net id="1323"><net_src comp="168" pin="0"/><net_sink comp="1035" pin=164"/></net>

<net id="1324"><net_src comp="170" pin="0"/><net_sink comp="1035" pin=165"/></net>

<net id="1325"><net_src comp="172" pin="0"/><net_sink comp="1035" pin=166"/></net>

<net id="1326"><net_src comp="174" pin="0"/><net_sink comp="1035" pin=167"/></net>

<net id="1327"><net_src comp="176" pin="0"/><net_sink comp="1035" pin=168"/></net>

<net id="1328"><net_src comp="50" pin="0"/><net_sink comp="1035" pin=169"/></net>

<net id="1329"><net_src comp="52" pin="0"/><net_sink comp="1035" pin=170"/></net>

<net id="1330"><net_src comp="54" pin="0"/><net_sink comp="1035" pin=171"/></net>

<net id="1331"><net_src comp="56" pin="0"/><net_sink comp="1035" pin=172"/></net>

<net id="1332"><net_src comp="58" pin="0"/><net_sink comp="1035" pin=173"/></net>

<net id="1333"><net_src comp="60" pin="0"/><net_sink comp="1035" pin=174"/></net>

<net id="1334"><net_src comp="62" pin="0"/><net_sink comp="1035" pin=175"/></net>

<net id="1335"><net_src comp="64" pin="0"/><net_sink comp="1035" pin=176"/></net>

<net id="1336"><net_src comp="178" pin="0"/><net_sink comp="1035" pin=177"/></net>

<net id="1337"><net_src comp="180" pin="0"/><net_sink comp="1035" pin=178"/></net>

<net id="1338"><net_src comp="182" pin="0"/><net_sink comp="1035" pin=179"/></net>

<net id="1339"><net_src comp="184" pin="0"/><net_sink comp="1035" pin=180"/></net>

<net id="1340"><net_src comp="186" pin="0"/><net_sink comp="1035" pin=181"/></net>

<net id="1341"><net_src comp="188" pin="0"/><net_sink comp="1035" pin=182"/></net>

<net id="1342"><net_src comp="190" pin="0"/><net_sink comp="1035" pin=183"/></net>

<net id="1343"><net_src comp="192" pin="0"/><net_sink comp="1035" pin=184"/></net>

<net id="1344"><net_src comp="66" pin="0"/><net_sink comp="1035" pin=185"/></net>

<net id="1345"><net_src comp="68" pin="0"/><net_sink comp="1035" pin=186"/></net>

<net id="1346"><net_src comp="70" pin="0"/><net_sink comp="1035" pin=187"/></net>

<net id="1347"><net_src comp="72" pin="0"/><net_sink comp="1035" pin=188"/></net>

<net id="1348"><net_src comp="74" pin="0"/><net_sink comp="1035" pin=189"/></net>

<net id="1349"><net_src comp="76" pin="0"/><net_sink comp="1035" pin=190"/></net>

<net id="1350"><net_src comp="78" pin="0"/><net_sink comp="1035" pin=191"/></net>

<net id="1351"><net_src comp="80" pin="0"/><net_sink comp="1035" pin=192"/></net>

<net id="1352"><net_src comp="194" pin="0"/><net_sink comp="1035" pin=193"/></net>

<net id="1353"><net_src comp="196" pin="0"/><net_sink comp="1035" pin=194"/></net>

<net id="1354"><net_src comp="198" pin="0"/><net_sink comp="1035" pin=195"/></net>

<net id="1355"><net_src comp="200" pin="0"/><net_sink comp="1035" pin=196"/></net>

<net id="1356"><net_src comp="202" pin="0"/><net_sink comp="1035" pin=197"/></net>

<net id="1357"><net_src comp="204" pin="0"/><net_sink comp="1035" pin=198"/></net>

<net id="1358"><net_src comp="206" pin="0"/><net_sink comp="1035" pin=199"/></net>

<net id="1359"><net_src comp="208" pin="0"/><net_sink comp="1035" pin=200"/></net>

<net id="1360"><net_src comp="82" pin="0"/><net_sink comp="1035" pin=201"/></net>

<net id="1361"><net_src comp="84" pin="0"/><net_sink comp="1035" pin=202"/></net>

<net id="1362"><net_src comp="86" pin="0"/><net_sink comp="1035" pin=203"/></net>

<net id="1363"><net_src comp="88" pin="0"/><net_sink comp="1035" pin=204"/></net>

<net id="1364"><net_src comp="90" pin="0"/><net_sink comp="1035" pin=205"/></net>

<net id="1365"><net_src comp="92" pin="0"/><net_sink comp="1035" pin=206"/></net>

<net id="1366"><net_src comp="94" pin="0"/><net_sink comp="1035" pin=207"/></net>

<net id="1367"><net_src comp="96" pin="0"/><net_sink comp="1035" pin=208"/></net>

<net id="1368"><net_src comp="210" pin="0"/><net_sink comp="1035" pin=209"/></net>

<net id="1369"><net_src comp="212" pin="0"/><net_sink comp="1035" pin=210"/></net>

<net id="1370"><net_src comp="214" pin="0"/><net_sink comp="1035" pin=211"/></net>

<net id="1371"><net_src comp="216" pin="0"/><net_sink comp="1035" pin=212"/></net>

<net id="1372"><net_src comp="218" pin="0"/><net_sink comp="1035" pin=213"/></net>

<net id="1373"><net_src comp="220" pin="0"/><net_sink comp="1035" pin=214"/></net>

<net id="1374"><net_src comp="222" pin="0"/><net_sink comp="1035" pin=215"/></net>

<net id="1375"><net_src comp="224" pin="0"/><net_sink comp="1035" pin=216"/></net>

<net id="1376"><net_src comp="98" pin="0"/><net_sink comp="1035" pin=217"/></net>

<net id="1377"><net_src comp="100" pin="0"/><net_sink comp="1035" pin=218"/></net>

<net id="1378"><net_src comp="102" pin="0"/><net_sink comp="1035" pin=219"/></net>

<net id="1379"><net_src comp="104" pin="0"/><net_sink comp="1035" pin=220"/></net>

<net id="1380"><net_src comp="106" pin="0"/><net_sink comp="1035" pin=221"/></net>

<net id="1381"><net_src comp="108" pin="0"/><net_sink comp="1035" pin=222"/></net>

<net id="1382"><net_src comp="110" pin="0"/><net_sink comp="1035" pin=223"/></net>

<net id="1383"><net_src comp="112" pin="0"/><net_sink comp="1035" pin=224"/></net>

<net id="1384"><net_src comp="226" pin="0"/><net_sink comp="1035" pin=225"/></net>

<net id="1385"><net_src comp="228" pin="0"/><net_sink comp="1035" pin=226"/></net>

<net id="1386"><net_src comp="230" pin="0"/><net_sink comp="1035" pin=227"/></net>

<net id="1387"><net_src comp="232" pin="0"/><net_sink comp="1035" pin=228"/></net>

<net id="1388"><net_src comp="234" pin="0"/><net_sink comp="1035" pin=229"/></net>

<net id="1389"><net_src comp="236" pin="0"/><net_sink comp="1035" pin=230"/></net>

<net id="1390"><net_src comp="238" pin="0"/><net_sink comp="1035" pin=231"/></net>

<net id="1391"><net_src comp="240" pin="0"/><net_sink comp="1035" pin=232"/></net>

<net id="1392"><net_src comp="114" pin="0"/><net_sink comp="1035" pin=233"/></net>

<net id="1393"><net_src comp="116" pin="0"/><net_sink comp="1035" pin=234"/></net>

<net id="1394"><net_src comp="118" pin="0"/><net_sink comp="1035" pin=235"/></net>

<net id="1395"><net_src comp="120" pin="0"/><net_sink comp="1035" pin=236"/></net>

<net id="1396"><net_src comp="122" pin="0"/><net_sink comp="1035" pin=237"/></net>

<net id="1397"><net_src comp="124" pin="0"/><net_sink comp="1035" pin=238"/></net>

<net id="1398"><net_src comp="126" pin="0"/><net_sink comp="1035" pin=239"/></net>

<net id="1399"><net_src comp="128" pin="0"/><net_sink comp="1035" pin=240"/></net>

<net id="1400"><net_src comp="242" pin="0"/><net_sink comp="1035" pin=241"/></net>

<net id="1401"><net_src comp="244" pin="0"/><net_sink comp="1035" pin=242"/></net>

<net id="1402"><net_src comp="246" pin="0"/><net_sink comp="1035" pin=243"/></net>

<net id="1403"><net_src comp="248" pin="0"/><net_sink comp="1035" pin=244"/></net>

<net id="1404"><net_src comp="250" pin="0"/><net_sink comp="1035" pin=245"/></net>

<net id="1405"><net_src comp="252" pin="0"/><net_sink comp="1035" pin=246"/></net>

<net id="1406"><net_src comp="254" pin="0"/><net_sink comp="1035" pin=247"/></net>

<net id="1407"><net_src comp="256" pin="0"/><net_sink comp="1035" pin=248"/></net>

<net id="1717"><net_src comp="486" pin="0"/><net_sink comp="1408" pin=0"/></net>

<net id="1718"><net_src comp="2" pin="0"/><net_sink comp="1408" pin=57"/></net>

<net id="1719"><net_src comp="32" pin="0"/><net_sink comp="1408" pin=195"/></net>

<net id="1720"><net_src comp="258" pin="0"/><net_sink comp="1408" pin=196"/></net>

<net id="1721"><net_src comp="260" pin="0"/><net_sink comp="1408" pin=197"/></net>

<net id="1722"><net_src comp="262" pin="0"/><net_sink comp="1408" pin=198"/></net>

<net id="1723"><net_src comp="264" pin="0"/><net_sink comp="1408" pin=199"/></net>

<net id="1724"><net_src comp="266" pin="0"/><net_sink comp="1408" pin=200"/></net>

<net id="1725"><net_src comp="268" pin="0"/><net_sink comp="1408" pin=201"/></net>

<net id="1726"><net_src comp="270" pin="0"/><net_sink comp="1408" pin=202"/></net>

<net id="1727"><net_src comp="272" pin="0"/><net_sink comp="1408" pin=203"/></net>

<net id="1728"><net_src comp="274" pin="0"/><net_sink comp="1408" pin=204"/></net>

<net id="1729"><net_src comp="276" pin="0"/><net_sink comp="1408" pin=205"/></net>

<net id="1730"><net_src comp="278" pin="0"/><net_sink comp="1408" pin=206"/></net>

<net id="1731"><net_src comp="280" pin="0"/><net_sink comp="1408" pin=207"/></net>

<net id="1732"><net_src comp="282" pin="0"/><net_sink comp="1408" pin=208"/></net>

<net id="1733"><net_src comp="284" pin="0"/><net_sink comp="1408" pin=209"/></net>

<net id="1734"><net_src comp="286" pin="0"/><net_sink comp="1408" pin=210"/></net>

<net id="1735"><net_src comp="288" pin="0"/><net_sink comp="1408" pin=211"/></net>

<net id="1736"><net_src comp="290" pin="0"/><net_sink comp="1408" pin=212"/></net>

<net id="1737"><net_src comp="292" pin="0"/><net_sink comp="1408" pin=213"/></net>

<net id="1738"><net_src comp="294" pin="0"/><net_sink comp="1408" pin=214"/></net>

<net id="1739"><net_src comp="296" pin="0"/><net_sink comp="1408" pin=215"/></net>

<net id="1740"><net_src comp="298" pin="0"/><net_sink comp="1408" pin=216"/></net>

<net id="1741"><net_src comp="300" pin="0"/><net_sink comp="1408" pin=217"/></net>

<net id="1742"><net_src comp="302" pin="0"/><net_sink comp="1408" pin=218"/></net>

<net id="1743"><net_src comp="304" pin="0"/><net_sink comp="1408" pin=219"/></net>

<net id="1744"><net_src comp="306" pin="0"/><net_sink comp="1408" pin=220"/></net>

<net id="1745"><net_src comp="308" pin="0"/><net_sink comp="1408" pin=221"/></net>

<net id="1746"><net_src comp="310" pin="0"/><net_sink comp="1408" pin=222"/></net>

<net id="1747"><net_src comp="312" pin="0"/><net_sink comp="1408" pin=223"/></net>

<net id="1748"><net_src comp="314" pin="0"/><net_sink comp="1408" pin=224"/></net>

<net id="1749"><net_src comp="316" pin="0"/><net_sink comp="1408" pin=225"/></net>

<net id="1750"><net_src comp="318" pin="0"/><net_sink comp="1408" pin=226"/></net>

<net id="1751"><net_src comp="320" pin="0"/><net_sink comp="1408" pin=227"/></net>

<net id="1752"><net_src comp="322" pin="0"/><net_sink comp="1408" pin=228"/></net>

<net id="1753"><net_src comp="324" pin="0"/><net_sink comp="1408" pin=229"/></net>

<net id="1754"><net_src comp="326" pin="0"/><net_sink comp="1408" pin=230"/></net>

<net id="1755"><net_src comp="328" pin="0"/><net_sink comp="1408" pin=231"/></net>

<net id="1756"><net_src comp="330" pin="0"/><net_sink comp="1408" pin=232"/></net>

<net id="1757"><net_src comp="332" pin="0"/><net_sink comp="1408" pin=233"/></net>

<net id="1758"><net_src comp="334" pin="0"/><net_sink comp="1408" pin=234"/></net>

<net id="1759"><net_src comp="336" pin="0"/><net_sink comp="1408" pin=235"/></net>

<net id="1760"><net_src comp="338" pin="0"/><net_sink comp="1408" pin=236"/></net>

<net id="1761"><net_src comp="340" pin="0"/><net_sink comp="1408" pin=237"/></net>

<net id="1762"><net_src comp="342" pin="0"/><net_sink comp="1408" pin=238"/></net>

<net id="1763"><net_src comp="344" pin="0"/><net_sink comp="1408" pin=239"/></net>

<net id="1764"><net_src comp="346" pin="0"/><net_sink comp="1408" pin=240"/></net>

<net id="1765"><net_src comp="348" pin="0"/><net_sink comp="1408" pin=241"/></net>

<net id="1766"><net_src comp="350" pin="0"/><net_sink comp="1408" pin=242"/></net>

<net id="1767"><net_src comp="352" pin="0"/><net_sink comp="1408" pin=243"/></net>

<net id="1768"><net_src comp="354" pin="0"/><net_sink comp="1408" pin=244"/></net>

<net id="1769"><net_src comp="356" pin="0"/><net_sink comp="1408" pin=245"/></net>

<net id="1770"><net_src comp="358" pin="0"/><net_sink comp="1408" pin=246"/></net>

<net id="1771"><net_src comp="360" pin="0"/><net_sink comp="1408" pin=247"/></net>

<net id="1772"><net_src comp="362" pin="0"/><net_sink comp="1408" pin=248"/></net>

<net id="1773"><net_src comp="364" pin="0"/><net_sink comp="1408" pin=249"/></net>

<net id="1774"><net_src comp="366" pin="0"/><net_sink comp="1408" pin=250"/></net>

<net id="1775"><net_src comp="368" pin="0"/><net_sink comp="1408" pin=251"/></net>

<net id="1776"><net_src comp="18" pin="0"/><net_sink comp="1408" pin=252"/></net>

<net id="1777"><net_src comp="20" pin="0"/><net_sink comp="1408" pin=253"/></net>

<net id="1778"><net_src comp="22" pin="0"/><net_sink comp="1408" pin=254"/></net>

<net id="1779"><net_src comp="24" pin="0"/><net_sink comp="1408" pin=255"/></net>

<net id="1780"><net_src comp="26" pin="0"/><net_sink comp="1408" pin=256"/></net>

<net id="1781"><net_src comp="28" pin="0"/><net_sink comp="1408" pin=257"/></net>

<net id="1782"><net_src comp="30" pin="0"/><net_sink comp="1408" pin=258"/></net>

<net id="1783"><net_src comp="34" pin="0"/><net_sink comp="1408" pin=259"/></net>

<net id="1784"><net_src comp="36" pin="0"/><net_sink comp="1408" pin=260"/></net>

<net id="1785"><net_src comp="38" pin="0"/><net_sink comp="1408" pin=261"/></net>

<net id="1786"><net_src comp="40" pin="0"/><net_sink comp="1408" pin=262"/></net>

<net id="1787"><net_src comp="42" pin="0"/><net_sink comp="1408" pin=263"/></net>

<net id="1788"><net_src comp="44" pin="0"/><net_sink comp="1408" pin=264"/></net>

<net id="1789"><net_src comp="46" pin="0"/><net_sink comp="1408" pin=265"/></net>

<net id="1790"><net_src comp="48" pin="0"/><net_sink comp="1408" pin=266"/></net>

<net id="1791"><net_src comp="50" pin="0"/><net_sink comp="1408" pin=267"/></net>

<net id="1792"><net_src comp="52" pin="0"/><net_sink comp="1408" pin=268"/></net>

<net id="1793"><net_src comp="54" pin="0"/><net_sink comp="1408" pin=269"/></net>

<net id="1794"><net_src comp="56" pin="0"/><net_sink comp="1408" pin=270"/></net>

<net id="1795"><net_src comp="58" pin="0"/><net_sink comp="1408" pin=271"/></net>

<net id="1796"><net_src comp="60" pin="0"/><net_sink comp="1408" pin=272"/></net>

<net id="1797"><net_src comp="62" pin="0"/><net_sink comp="1408" pin=273"/></net>

<net id="1798"><net_src comp="64" pin="0"/><net_sink comp="1408" pin=274"/></net>

<net id="1799"><net_src comp="66" pin="0"/><net_sink comp="1408" pin=275"/></net>

<net id="1800"><net_src comp="68" pin="0"/><net_sink comp="1408" pin=276"/></net>

<net id="1801"><net_src comp="70" pin="0"/><net_sink comp="1408" pin=277"/></net>

<net id="1802"><net_src comp="72" pin="0"/><net_sink comp="1408" pin=278"/></net>

<net id="1803"><net_src comp="74" pin="0"/><net_sink comp="1408" pin=279"/></net>

<net id="1804"><net_src comp="76" pin="0"/><net_sink comp="1408" pin=280"/></net>

<net id="1805"><net_src comp="78" pin="0"/><net_sink comp="1408" pin=281"/></net>

<net id="1806"><net_src comp="80" pin="0"/><net_sink comp="1408" pin=282"/></net>

<net id="1807"><net_src comp="82" pin="0"/><net_sink comp="1408" pin=283"/></net>

<net id="1808"><net_src comp="84" pin="0"/><net_sink comp="1408" pin=284"/></net>

<net id="1809"><net_src comp="86" pin="0"/><net_sink comp="1408" pin=285"/></net>

<net id="1810"><net_src comp="88" pin="0"/><net_sink comp="1408" pin=286"/></net>

<net id="1811"><net_src comp="90" pin="0"/><net_sink comp="1408" pin=287"/></net>

<net id="1812"><net_src comp="92" pin="0"/><net_sink comp="1408" pin=288"/></net>

<net id="1813"><net_src comp="94" pin="0"/><net_sink comp="1408" pin=289"/></net>

<net id="1814"><net_src comp="96" pin="0"/><net_sink comp="1408" pin=290"/></net>

<net id="1815"><net_src comp="98" pin="0"/><net_sink comp="1408" pin=291"/></net>

<net id="1816"><net_src comp="100" pin="0"/><net_sink comp="1408" pin=292"/></net>

<net id="1817"><net_src comp="102" pin="0"/><net_sink comp="1408" pin=293"/></net>

<net id="1818"><net_src comp="104" pin="0"/><net_sink comp="1408" pin=294"/></net>

<net id="1819"><net_src comp="106" pin="0"/><net_sink comp="1408" pin=295"/></net>

<net id="1820"><net_src comp="108" pin="0"/><net_sink comp="1408" pin=296"/></net>

<net id="1821"><net_src comp="110" pin="0"/><net_sink comp="1408" pin=297"/></net>

<net id="1822"><net_src comp="112" pin="0"/><net_sink comp="1408" pin=298"/></net>

<net id="1823"><net_src comp="114" pin="0"/><net_sink comp="1408" pin=299"/></net>

<net id="1824"><net_src comp="116" pin="0"/><net_sink comp="1408" pin=300"/></net>

<net id="1825"><net_src comp="118" pin="0"/><net_sink comp="1408" pin=301"/></net>

<net id="1826"><net_src comp="120" pin="0"/><net_sink comp="1408" pin=302"/></net>

<net id="1827"><net_src comp="122" pin="0"/><net_sink comp="1408" pin=303"/></net>

<net id="1828"><net_src comp="124" pin="0"/><net_sink comp="1408" pin=304"/></net>

<net id="1829"><net_src comp="126" pin="0"/><net_sink comp="1408" pin=305"/></net>

<net id="1830"><net_src comp="128" pin="0"/><net_sink comp="1408" pin=306"/></net>

<net id="1856"><net_src comp="490" pin="0"/><net_sink comp="1831" pin=0"/></net>

<net id="1857"><net_src comp="4" pin="0"/><net_sink comp="1831" pin=1"/></net>

<net id="1861"><net_src comp="18" pin="0"/><net_sink comp="1858" pin=0"/></net>

<net id="1865"><net_src comp="20" pin="0"/><net_sink comp="1862" pin=0"/></net>

<net id="1869"><net_src comp="22" pin="0"/><net_sink comp="1866" pin=0"/></net>

<net id="1873"><net_src comp="24" pin="0"/><net_sink comp="1870" pin=0"/></net>

<net id="1877"><net_src comp="26" pin="0"/><net_sink comp="1874" pin=0"/></net>

<net id="1881"><net_src comp="28" pin="0"/><net_sink comp="1878" pin=0"/></net>

<net id="1885"><net_src comp="30" pin="0"/><net_sink comp="1882" pin=0"/></net>

<net id="1889"><net_src comp="32" pin="0"/><net_sink comp="1886" pin=0"/></net>

<net id="1893"><net_src comp="34" pin="0"/><net_sink comp="1890" pin=0"/></net>

<net id="1897"><net_src comp="36" pin="0"/><net_sink comp="1894" pin=0"/></net>

<net id="1901"><net_src comp="38" pin="0"/><net_sink comp="1898" pin=0"/></net>

<net id="1905"><net_src comp="40" pin="0"/><net_sink comp="1902" pin=0"/></net>

<net id="1909"><net_src comp="42" pin="0"/><net_sink comp="1906" pin=0"/></net>

<net id="1913"><net_src comp="44" pin="0"/><net_sink comp="1910" pin=0"/></net>

<net id="1917"><net_src comp="46" pin="0"/><net_sink comp="1914" pin=0"/></net>

<net id="1921"><net_src comp="48" pin="0"/><net_sink comp="1918" pin=0"/></net>

<net id="1925"><net_src comp="50" pin="0"/><net_sink comp="1922" pin=0"/></net>

<net id="1929"><net_src comp="52" pin="0"/><net_sink comp="1926" pin=0"/></net>

<net id="1933"><net_src comp="54" pin="0"/><net_sink comp="1930" pin=0"/></net>

<net id="1937"><net_src comp="56" pin="0"/><net_sink comp="1934" pin=0"/></net>

<net id="1941"><net_src comp="58" pin="0"/><net_sink comp="1938" pin=0"/></net>

<net id="1945"><net_src comp="60" pin="0"/><net_sink comp="1942" pin=0"/></net>

<net id="1949"><net_src comp="62" pin="0"/><net_sink comp="1946" pin=0"/></net>

<net id="1953"><net_src comp="64" pin="0"/><net_sink comp="1950" pin=0"/></net>

<net id="1957"><net_src comp="66" pin="0"/><net_sink comp="1954" pin=0"/></net>

<net id="1961"><net_src comp="68" pin="0"/><net_sink comp="1958" pin=0"/></net>

<net id="1965"><net_src comp="70" pin="0"/><net_sink comp="1962" pin=0"/></net>

<net id="1969"><net_src comp="72" pin="0"/><net_sink comp="1966" pin=0"/></net>

<net id="1973"><net_src comp="74" pin="0"/><net_sink comp="1970" pin=0"/></net>

<net id="1977"><net_src comp="76" pin="0"/><net_sink comp="1974" pin=0"/></net>

<net id="1981"><net_src comp="78" pin="0"/><net_sink comp="1978" pin=0"/></net>

<net id="1985"><net_src comp="80" pin="0"/><net_sink comp="1982" pin=0"/></net>

<net id="1989"><net_src comp="82" pin="0"/><net_sink comp="1986" pin=0"/></net>

<net id="1993"><net_src comp="84" pin="0"/><net_sink comp="1990" pin=0"/></net>

<net id="1997"><net_src comp="86" pin="0"/><net_sink comp="1994" pin=0"/></net>

<net id="2001"><net_src comp="88" pin="0"/><net_sink comp="1998" pin=0"/></net>

<net id="2005"><net_src comp="90" pin="0"/><net_sink comp="2002" pin=0"/></net>

<net id="2009"><net_src comp="92" pin="0"/><net_sink comp="2006" pin=0"/></net>

<net id="2013"><net_src comp="94" pin="0"/><net_sink comp="2010" pin=0"/></net>

<net id="2017"><net_src comp="96" pin="0"/><net_sink comp="2014" pin=0"/></net>

<net id="2021"><net_src comp="98" pin="0"/><net_sink comp="2018" pin=0"/></net>

<net id="2025"><net_src comp="100" pin="0"/><net_sink comp="2022" pin=0"/></net>

<net id="2029"><net_src comp="102" pin="0"/><net_sink comp="2026" pin=0"/></net>

<net id="2033"><net_src comp="104" pin="0"/><net_sink comp="2030" pin=0"/></net>

<net id="2037"><net_src comp="106" pin="0"/><net_sink comp="2034" pin=0"/></net>

<net id="2041"><net_src comp="108" pin="0"/><net_sink comp="2038" pin=0"/></net>

<net id="2045"><net_src comp="110" pin="0"/><net_sink comp="2042" pin=0"/></net>

<net id="2049"><net_src comp="112" pin="0"/><net_sink comp="2046" pin=0"/></net>

<net id="2053"><net_src comp="114" pin="0"/><net_sink comp="2050" pin=0"/></net>

<net id="2057"><net_src comp="116" pin="0"/><net_sink comp="2054" pin=0"/></net>

<net id="2061"><net_src comp="118" pin="0"/><net_sink comp="2058" pin=0"/></net>

<net id="2065"><net_src comp="120" pin="0"/><net_sink comp="2062" pin=0"/></net>

<net id="2069"><net_src comp="122" pin="0"/><net_sink comp="2066" pin=0"/></net>

<net id="2073"><net_src comp="124" pin="0"/><net_sink comp="2070" pin=0"/></net>

<net id="2077"><net_src comp="126" pin="0"/><net_sink comp="2074" pin=0"/></net>

<net id="2081"><net_src comp="128" pin="0"/><net_sink comp="2078" pin=0"/></net>

<net id="2086"><net_src comp="1858" pin="1"/><net_sink comp="2082" pin=0"/></net>

<net id="2091"><net_src comp="1862" pin="1"/><net_sink comp="2087" pin=0"/></net>

<net id="2096"><net_src comp="1866" pin="1"/><net_sink comp="2092" pin=0"/></net>

<net id="2101"><net_src comp="1870" pin="1"/><net_sink comp="2097" pin=0"/></net>

<net id="2106"><net_src comp="1874" pin="1"/><net_sink comp="2102" pin=0"/></net>

<net id="2111"><net_src comp="1878" pin="1"/><net_sink comp="2107" pin=0"/></net>

<net id="2116"><net_src comp="1882" pin="1"/><net_sink comp="2112" pin=0"/></net>

<net id="2121"><net_src comp="1886" pin="1"/><net_sink comp="2117" pin=0"/></net>

<net id="2126"><net_src comp="1890" pin="1"/><net_sink comp="2122" pin=0"/></net>

<net id="2131"><net_src comp="1894" pin="1"/><net_sink comp="2127" pin=0"/></net>

<net id="2136"><net_src comp="1898" pin="1"/><net_sink comp="2132" pin=0"/></net>

<net id="2141"><net_src comp="1902" pin="1"/><net_sink comp="2137" pin=0"/></net>

<net id="2146"><net_src comp="1906" pin="1"/><net_sink comp="2142" pin=0"/></net>

<net id="2151"><net_src comp="1910" pin="1"/><net_sink comp="2147" pin=0"/></net>

<net id="2156"><net_src comp="1914" pin="1"/><net_sink comp="2152" pin=0"/></net>

<net id="2161"><net_src comp="1918" pin="1"/><net_sink comp="2157" pin=0"/></net>

<net id="2166"><net_src comp="1922" pin="1"/><net_sink comp="2162" pin=0"/></net>

<net id="2171"><net_src comp="1926" pin="1"/><net_sink comp="2167" pin=0"/></net>

<net id="2176"><net_src comp="1930" pin="1"/><net_sink comp="2172" pin=0"/></net>

<net id="2181"><net_src comp="1934" pin="1"/><net_sink comp="2177" pin=0"/></net>

<net id="2186"><net_src comp="1938" pin="1"/><net_sink comp="2182" pin=0"/></net>

<net id="2191"><net_src comp="1942" pin="1"/><net_sink comp="2187" pin=0"/></net>

<net id="2196"><net_src comp="1946" pin="1"/><net_sink comp="2192" pin=0"/></net>

<net id="2201"><net_src comp="1950" pin="1"/><net_sink comp="2197" pin=0"/></net>

<net id="2206"><net_src comp="1954" pin="1"/><net_sink comp="2202" pin=0"/></net>

<net id="2211"><net_src comp="1958" pin="1"/><net_sink comp="2207" pin=0"/></net>

<net id="2216"><net_src comp="1962" pin="1"/><net_sink comp="2212" pin=0"/></net>

<net id="2221"><net_src comp="1966" pin="1"/><net_sink comp="2217" pin=0"/></net>

<net id="2226"><net_src comp="1970" pin="1"/><net_sink comp="2222" pin=0"/></net>

<net id="2231"><net_src comp="1974" pin="1"/><net_sink comp="2227" pin=0"/></net>

<net id="2236"><net_src comp="1978" pin="1"/><net_sink comp="2232" pin=0"/></net>

<net id="2241"><net_src comp="1982" pin="1"/><net_sink comp="2237" pin=0"/></net>

<net id="2246"><net_src comp="1986" pin="1"/><net_sink comp="2242" pin=0"/></net>

<net id="2251"><net_src comp="1990" pin="1"/><net_sink comp="2247" pin=0"/></net>

<net id="2256"><net_src comp="1994" pin="1"/><net_sink comp="2252" pin=0"/></net>

<net id="2261"><net_src comp="1998" pin="1"/><net_sink comp="2257" pin=0"/></net>

<net id="2266"><net_src comp="2002" pin="1"/><net_sink comp="2262" pin=0"/></net>

<net id="2271"><net_src comp="2006" pin="1"/><net_sink comp="2267" pin=0"/></net>

<net id="2276"><net_src comp="2010" pin="1"/><net_sink comp="2272" pin=0"/></net>

<net id="2281"><net_src comp="2014" pin="1"/><net_sink comp="2277" pin=0"/></net>

<net id="2286"><net_src comp="2018" pin="1"/><net_sink comp="2282" pin=0"/></net>

<net id="2291"><net_src comp="2022" pin="1"/><net_sink comp="2287" pin=0"/></net>

<net id="2296"><net_src comp="2026" pin="1"/><net_sink comp="2292" pin=0"/></net>

<net id="2301"><net_src comp="2030" pin="1"/><net_sink comp="2297" pin=0"/></net>

<net id="2306"><net_src comp="2034" pin="1"/><net_sink comp="2302" pin=0"/></net>

<net id="2311"><net_src comp="2038" pin="1"/><net_sink comp="2307" pin=0"/></net>

<net id="2316"><net_src comp="2042" pin="1"/><net_sink comp="2312" pin=0"/></net>

<net id="2321"><net_src comp="2046" pin="1"/><net_sink comp="2317" pin=0"/></net>

<net id="2326"><net_src comp="2050" pin="1"/><net_sink comp="2322" pin=0"/></net>

<net id="2331"><net_src comp="2054" pin="1"/><net_sink comp="2327" pin=0"/></net>

<net id="2336"><net_src comp="2058" pin="1"/><net_sink comp="2332" pin=0"/></net>

<net id="2341"><net_src comp="2062" pin="1"/><net_sink comp="2337" pin=0"/></net>

<net id="2346"><net_src comp="2066" pin="1"/><net_sink comp="2342" pin=0"/></net>

<net id="2351"><net_src comp="2070" pin="1"/><net_sink comp="2347" pin=0"/></net>

<net id="2356"><net_src comp="2074" pin="1"/><net_sink comp="2352" pin=0"/></net>

<net id="2361"><net_src comp="2078" pin="1"/><net_sink comp="2357" pin=0"/></net>

<net id="2366"><net_src comp="378" pin="0"/><net_sink comp="2362" pin=0"/></net>

<net id="2371"><net_src comp="380" pin="0"/><net_sink comp="2367" pin=0"/></net>

<net id="2376"><net_src comp="380" pin="0"/><net_sink comp="2372" pin=0"/></net>

<net id="2380"><net_src comp="1012" pin="2"/><net_sink comp="2377" pin=0"/></net>

<net id="2385"><net_src comp="2377" pin="1"/><net_sink comp="2381" pin=0"/></net>

<net id="2386"><net_src comp="382" pin="0"/><net_sink comp="2381" pin=1"/></net>

<net id="2390"><net_src comp="1000" pin="2"/><net_sink comp="2387" pin=0"/></net>

<net id="2395"><net_src comp="2387" pin="1"/><net_sink comp="2391" pin=0"/></net>

<net id="2396"><net_src comp="382" pin="0"/><net_sink comp="2391" pin=1"/></net>

<net id="2403"><net_src comp="384" pin="0"/><net_sink comp="2397" pin=0"/></net>

<net id="2404"><net_src comp="2391" pin="2"/><net_sink comp="2397" pin=1"/></net>

<net id="2405"><net_src comp="386" pin="0"/><net_sink comp="2397" pin=2"/></net>

<net id="2406"><net_src comp="388" pin="0"/><net_sink comp="2397" pin=3"/></net>

<net id="2413"><net_src comp="384" pin="0"/><net_sink comp="2407" pin=0"/></net>

<net id="2414"><net_src comp="2381" pin="2"/><net_sink comp="2407" pin=1"/></net>

<net id="2415"><net_src comp="386" pin="0"/><net_sink comp="2407" pin=2"/></net>

<net id="2416"><net_src comp="388" pin="0"/><net_sink comp="2407" pin=3"/></net>

<net id="2424"><net_src comp="2417" pin="1"/><net_sink comp="2420" pin=0"/></net>

<net id="2425"><net_src comp="382" pin="0"/><net_sink comp="2420" pin=1"/></net>

<net id="2432"><net_src comp="384" pin="0"/><net_sink comp="2426" pin=0"/></net>

<net id="2433"><net_src comp="2420" pin="2"/><net_sink comp="2426" pin=1"/></net>

<net id="2434"><net_src comp="386" pin="0"/><net_sink comp="2426" pin=2"/></net>

<net id="2435"><net_src comp="388" pin="0"/><net_sink comp="2426" pin=3"/></net>

<net id="2452"><net_src comp="2442" pin="1"/><net_sink comp="2448" pin=0"/></net>

<net id="2453"><net_src comp="2445" pin="1"/><net_sink comp="2448" pin=1"/></net>

<net id="2460"><net_src comp="2454" pin="1"/><net_sink comp="2457" pin=0"/></net>

<net id="2465"><net_src comp="2457" pin="1"/><net_sink comp="2461" pin=0"/></net>

<net id="2470"><net_src comp="2454" pin="1"/><net_sink comp="2466" pin=0"/></net>

<net id="2471"><net_src comp="444" pin="0"/><net_sink comp="2466" pin=1"/></net>

<net id="2482"><net_src comp="2475" pin="1"/><net_sink comp="2478" pin=0"/></net>

<net id="2483"><net_src comp="446" pin="0"/><net_sink comp="2478" pin=1"/></net>

<net id="2488"><net_src comp="2472" pin="1"/><net_sink comp="2484" pin=0"/></net>

<net id="2494"><net_src comp="2484" pin="2"/><net_sink comp="2489" pin=0"/></net>

<net id="2495"><net_src comp="2478" pin="2"/><net_sink comp="2489" pin=1"/></net>

<net id="2496"><net_src comp="2475" pin="1"/><net_sink comp="2489" pin=2"/></net>

<net id="2500"><net_src comp="2489" pin="3"/><net_sink comp="2497" pin=0"/></net>

<net id="2506"><net_src comp="380" pin="0"/><net_sink comp="2501" pin=1"/></net>

<net id="2514"><net_src comp="2507" pin="1"/><net_sink comp="2510" pin=0"/></net>

<net id="2520"><net_src comp="460" pin="0"/><net_sink comp="2515" pin=0"/></net>

<net id="2521"><net_src comp="2510" pin="2"/><net_sink comp="2515" pin=1"/></net>

<net id="2522"><net_src comp="462" pin="0"/><net_sink comp="2515" pin=2"/></net>

<net id="2526"><net_src comp="2501" pin="3"/><net_sink comp="2523" pin=0"/></net>

<net id="2532"><net_src comp="464" pin="0"/><net_sink comp="2527" pin=0"/></net>

<net id="2533"><net_src comp="2523" pin="1"/><net_sink comp="2527" pin=1"/></net>

<net id="2534"><net_src comp="462" pin="0"/><net_sink comp="2527" pin=2"/></net>

<net id="2538"><net_src comp="2527" pin="3"/><net_sink comp="2535" pin=0"/></net>

<net id="2543"><net_src comp="1028" pin="4"/><net_sink comp="2539" pin=0"/></net>

<net id="2548"><net_src comp="1028" pin="4"/><net_sink comp="2544" pin=0"/></net>

<net id="2549"><net_src comp="446" pin="0"/><net_sink comp="2544" pin=1"/></net>

<net id="2553"><net_src comp="1028" pin="4"/><net_sink comp="2550" pin=0"/></net>

<net id="2559"><net_src comp="464" pin="0"/><net_sink comp="2554" pin=0"/></net>

<net id="2560"><net_src comp="2550" pin="1"/><net_sink comp="2554" pin=1"/></net>

<net id="2561"><net_src comp="462" pin="0"/><net_sink comp="2554" pin=2"/></net>

<net id="2565"><net_src comp="2554" pin="3"/><net_sink comp="2562" pin=0"/></net>

<net id="2570"><net_src comp="2562" pin="1"/><net_sink comp="2566" pin=0"/></net>

<net id="2574"><net_src comp="2550" pin="1"/><net_sink comp="2571" pin=0"/></net>

<net id="2579"><net_src comp="2571" pin="1"/><net_sink comp="2575" pin=0"/></net>

<net id="2588"><net_src comp="470" pin="0"/><net_sink comp="2584" pin=1"/></net>

<net id="2593"><net_src comp="2584" pin="2"/><net_sink comp="2589" pin=0"/></net>

<net id="2598"><net_src comp="472" pin="0"/><net_sink comp="2594" pin=1"/></net>

<net id="2603"><net_src comp="2594" pin="2"/><net_sink comp="2599" pin=0"/></net>

<net id="2608"><net_src comp="474" pin="0"/><net_sink comp="2604" pin=1"/></net>

<net id="2613"><net_src comp="2604" pin="2"/><net_sink comp="2609" pin=0"/></net>

<net id="2618"><net_src comp="476" pin="0"/><net_sink comp="2614" pin=1"/></net>

<net id="2623"><net_src comp="2614" pin="2"/><net_sink comp="2619" pin=0"/></net>

<net id="2628"><net_src comp="478" pin="0"/><net_sink comp="2624" pin=1"/></net>

<net id="2633"><net_src comp="2624" pin="2"/><net_sink comp="2629" pin=0"/></net>

<net id="2638"><net_src comp="480" pin="0"/><net_sink comp="2634" pin=1"/></net>

<net id="2643"><net_src comp="2634" pin="2"/><net_sink comp="2639" pin=0"/></net>

<net id="2648"><net_src comp="482" pin="0"/><net_sink comp="2644" pin=1"/></net>

<net id="2653"><net_src comp="2644" pin="2"/><net_sink comp="2649" pin=0"/></net>

<net id="2658"><net_src comp="446" pin="0"/><net_sink comp="2654" pin=1"/></net>

<net id="2671"><net_src comp="2654" pin="2"/><net_sink comp="2667" pin=0"/></net>

<net id="2675"><net_src comp="2672" pin="1"/><net_sink comp="1035" pin=56"/></net>

<net id="2679"><net_src comp="2676" pin="1"/><net_sink comp="1035" pin=55"/></net>

<net id="2683"><net_src comp="2680" pin="1"/><net_sink comp="1035" pin=54"/></net>

<net id="2687"><net_src comp="2684" pin="1"/><net_sink comp="1035" pin=53"/></net>

<net id="2691"><net_src comp="2688" pin="1"/><net_sink comp="1035" pin=52"/></net>

<net id="2695"><net_src comp="2692" pin="1"/><net_sink comp="1035" pin=51"/></net>

<net id="2699"><net_src comp="2696" pin="1"/><net_sink comp="1035" pin=50"/></net>

<net id="2703"><net_src comp="2700" pin="1"/><net_sink comp="1035" pin=49"/></net>

<net id="2707"><net_src comp="2704" pin="1"/><net_sink comp="1035" pin=48"/></net>

<net id="2711"><net_src comp="2708" pin="1"/><net_sink comp="1035" pin=47"/></net>

<net id="2715"><net_src comp="2712" pin="1"/><net_sink comp="1035" pin=46"/></net>

<net id="2719"><net_src comp="2716" pin="1"/><net_sink comp="1035" pin=45"/></net>

<net id="2723"><net_src comp="2720" pin="1"/><net_sink comp="1035" pin=44"/></net>

<net id="2727"><net_src comp="2724" pin="1"/><net_sink comp="1035" pin=43"/></net>

<net id="2731"><net_src comp="2728" pin="1"/><net_sink comp="1035" pin=42"/></net>

<net id="2735"><net_src comp="2732" pin="1"/><net_sink comp="1035" pin=41"/></net>

<net id="2739"><net_src comp="2736" pin="1"/><net_sink comp="1035" pin=40"/></net>

<net id="2743"><net_src comp="2740" pin="1"/><net_sink comp="1035" pin=39"/></net>

<net id="2747"><net_src comp="2744" pin="1"/><net_sink comp="1035" pin=38"/></net>

<net id="2751"><net_src comp="2748" pin="1"/><net_sink comp="1035" pin=37"/></net>

<net id="2755"><net_src comp="2752" pin="1"/><net_sink comp="1035" pin=36"/></net>

<net id="2759"><net_src comp="2756" pin="1"/><net_sink comp="1035" pin=35"/></net>

<net id="2763"><net_src comp="2760" pin="1"/><net_sink comp="1035" pin=34"/></net>

<net id="2767"><net_src comp="2764" pin="1"/><net_sink comp="1035" pin=33"/></net>

<net id="2771"><net_src comp="2768" pin="1"/><net_sink comp="1035" pin=32"/></net>

<net id="2775"><net_src comp="2772" pin="1"/><net_sink comp="1035" pin=31"/></net>

<net id="2779"><net_src comp="2776" pin="1"/><net_sink comp="1035" pin=30"/></net>

<net id="2783"><net_src comp="2780" pin="1"/><net_sink comp="1035" pin=29"/></net>

<net id="2787"><net_src comp="2784" pin="1"/><net_sink comp="1035" pin=28"/></net>

<net id="2791"><net_src comp="2788" pin="1"/><net_sink comp="1035" pin=27"/></net>

<net id="2795"><net_src comp="2792" pin="1"/><net_sink comp="1035" pin=26"/></net>

<net id="2799"><net_src comp="2796" pin="1"/><net_sink comp="1035" pin=25"/></net>

<net id="2803"><net_src comp="2800" pin="1"/><net_sink comp="1035" pin=24"/></net>

<net id="2807"><net_src comp="2804" pin="1"/><net_sink comp="1035" pin=23"/></net>

<net id="2811"><net_src comp="2808" pin="1"/><net_sink comp="1035" pin=22"/></net>

<net id="2815"><net_src comp="2812" pin="1"/><net_sink comp="1035" pin=21"/></net>

<net id="2819"><net_src comp="2816" pin="1"/><net_sink comp="1035" pin=20"/></net>

<net id="2823"><net_src comp="2820" pin="1"/><net_sink comp="1035" pin=19"/></net>

<net id="2827"><net_src comp="2824" pin="1"/><net_sink comp="1035" pin=18"/></net>

<net id="2831"><net_src comp="2828" pin="1"/><net_sink comp="1035" pin=17"/></net>

<net id="2835"><net_src comp="2832" pin="1"/><net_sink comp="1035" pin=16"/></net>

<net id="2839"><net_src comp="2836" pin="1"/><net_sink comp="1035" pin=15"/></net>

<net id="2843"><net_src comp="2840" pin="1"/><net_sink comp="1035" pin=14"/></net>

<net id="2847"><net_src comp="2844" pin="1"/><net_sink comp="1035" pin=13"/></net>

<net id="2851"><net_src comp="2848" pin="1"/><net_sink comp="1035" pin=12"/></net>

<net id="2855"><net_src comp="2852" pin="1"/><net_sink comp="1035" pin=11"/></net>

<net id="2859"><net_src comp="2856" pin="1"/><net_sink comp="1035" pin=10"/></net>

<net id="2863"><net_src comp="2860" pin="1"/><net_sink comp="1035" pin=9"/></net>

<net id="2867"><net_src comp="2864" pin="1"/><net_sink comp="1035" pin=8"/></net>

<net id="2871"><net_src comp="2868" pin="1"/><net_sink comp="1035" pin=7"/></net>

<net id="2875"><net_src comp="2872" pin="1"/><net_sink comp="1035" pin=6"/></net>

<net id="2879"><net_src comp="2876" pin="1"/><net_sink comp="1035" pin=5"/></net>

<net id="2883"><net_src comp="2880" pin="1"/><net_sink comp="1035" pin=4"/></net>

<net id="2887"><net_src comp="2884" pin="1"/><net_sink comp="1035" pin=3"/></net>

<net id="2891"><net_src comp="2888" pin="1"/><net_sink comp="1035" pin=2"/></net>

<net id="2895"><net_src comp="2892" pin="1"/><net_sink comp="1035" pin=1"/></net>

<net id="2901"><net_src comp="460" pin="0"/><net_sink comp="2896" pin=0"/></net>

<net id="2902"><net_src comp="462" pin="0"/><net_sink comp="2896" pin=2"/></net>

<net id="2907"><net_src comp="2896" pin="3"/><net_sink comp="2903" pin=0"/></net>

<net id="2911"><net_src comp="2908" pin="1"/><net_sink comp="1408" pin=1"/></net>

<net id="2915"><net_src comp="2912" pin="1"/><net_sink comp="1408" pin=2"/></net>

<net id="2919"><net_src comp="2916" pin="1"/><net_sink comp="1408" pin=3"/></net>

<net id="2923"><net_src comp="2920" pin="1"/><net_sink comp="1408" pin=4"/></net>

<net id="2927"><net_src comp="2924" pin="1"/><net_sink comp="1408" pin=5"/></net>

<net id="2931"><net_src comp="2928" pin="1"/><net_sink comp="1408" pin=6"/></net>

<net id="2935"><net_src comp="2932" pin="1"/><net_sink comp="1408" pin=7"/></net>

<net id="2939"><net_src comp="2936" pin="1"/><net_sink comp="1408" pin=8"/></net>

<net id="2943"><net_src comp="2940" pin="1"/><net_sink comp="1408" pin=9"/></net>

<net id="2947"><net_src comp="2944" pin="1"/><net_sink comp="1408" pin=10"/></net>

<net id="2951"><net_src comp="2948" pin="1"/><net_sink comp="1408" pin=11"/></net>

<net id="2955"><net_src comp="2952" pin="1"/><net_sink comp="1408" pin=12"/></net>

<net id="2959"><net_src comp="2956" pin="1"/><net_sink comp="1408" pin=13"/></net>

<net id="2963"><net_src comp="2960" pin="1"/><net_sink comp="1408" pin=14"/></net>

<net id="2967"><net_src comp="2964" pin="1"/><net_sink comp="1408" pin=15"/></net>

<net id="2971"><net_src comp="2968" pin="1"/><net_sink comp="1408" pin=16"/></net>

<net id="2975"><net_src comp="2972" pin="1"/><net_sink comp="1408" pin=17"/></net>

<net id="2979"><net_src comp="2976" pin="1"/><net_sink comp="1408" pin=18"/></net>

<net id="2983"><net_src comp="2980" pin="1"/><net_sink comp="1408" pin=19"/></net>

<net id="2987"><net_src comp="2984" pin="1"/><net_sink comp="1408" pin=20"/></net>

<net id="2991"><net_src comp="2988" pin="1"/><net_sink comp="1408" pin=21"/></net>

<net id="2995"><net_src comp="2992" pin="1"/><net_sink comp="1408" pin=22"/></net>

<net id="2999"><net_src comp="2996" pin="1"/><net_sink comp="1408" pin=23"/></net>

<net id="3003"><net_src comp="3000" pin="1"/><net_sink comp="1408" pin=24"/></net>

<net id="3007"><net_src comp="3004" pin="1"/><net_sink comp="1408" pin=25"/></net>

<net id="3011"><net_src comp="3008" pin="1"/><net_sink comp="1408" pin=26"/></net>

<net id="3015"><net_src comp="3012" pin="1"/><net_sink comp="1408" pin=27"/></net>

<net id="3019"><net_src comp="3016" pin="1"/><net_sink comp="1408" pin=28"/></net>

<net id="3023"><net_src comp="3020" pin="1"/><net_sink comp="1408" pin=29"/></net>

<net id="3027"><net_src comp="3024" pin="1"/><net_sink comp="1408" pin=30"/></net>

<net id="3031"><net_src comp="3028" pin="1"/><net_sink comp="1408" pin=31"/></net>

<net id="3035"><net_src comp="3032" pin="1"/><net_sink comp="1408" pin=32"/></net>

<net id="3039"><net_src comp="3036" pin="1"/><net_sink comp="1408" pin=33"/></net>

<net id="3043"><net_src comp="3040" pin="1"/><net_sink comp="1408" pin=34"/></net>

<net id="3047"><net_src comp="3044" pin="1"/><net_sink comp="1408" pin=35"/></net>

<net id="3051"><net_src comp="3048" pin="1"/><net_sink comp="1408" pin=36"/></net>

<net id="3055"><net_src comp="3052" pin="1"/><net_sink comp="1408" pin=37"/></net>

<net id="3059"><net_src comp="3056" pin="1"/><net_sink comp="1408" pin=38"/></net>

<net id="3063"><net_src comp="3060" pin="1"/><net_sink comp="1408" pin=39"/></net>

<net id="3067"><net_src comp="3064" pin="1"/><net_sink comp="1408" pin=40"/></net>

<net id="3071"><net_src comp="3068" pin="1"/><net_sink comp="1408" pin=41"/></net>

<net id="3075"><net_src comp="3072" pin="1"/><net_sink comp="1408" pin=42"/></net>

<net id="3079"><net_src comp="3076" pin="1"/><net_sink comp="1408" pin=43"/></net>

<net id="3083"><net_src comp="3080" pin="1"/><net_sink comp="1408" pin=44"/></net>

<net id="3087"><net_src comp="3084" pin="1"/><net_sink comp="1408" pin=45"/></net>

<net id="3091"><net_src comp="3088" pin="1"/><net_sink comp="1408" pin=46"/></net>

<net id="3095"><net_src comp="3092" pin="1"/><net_sink comp="1408" pin=47"/></net>

<net id="3099"><net_src comp="3096" pin="1"/><net_sink comp="1408" pin=48"/></net>

<net id="3103"><net_src comp="3100" pin="1"/><net_sink comp="1408" pin=49"/></net>

<net id="3107"><net_src comp="3104" pin="1"/><net_sink comp="1408" pin=50"/></net>

<net id="3111"><net_src comp="3108" pin="1"/><net_sink comp="1408" pin=51"/></net>

<net id="3115"><net_src comp="3112" pin="1"/><net_sink comp="1408" pin=52"/></net>

<net id="3119"><net_src comp="3116" pin="1"/><net_sink comp="1408" pin=53"/></net>

<net id="3123"><net_src comp="3120" pin="1"/><net_sink comp="1408" pin=54"/></net>

<net id="3127"><net_src comp="3124" pin="1"/><net_sink comp="1408" pin=55"/></net>

<net id="3131"><net_src comp="3128" pin="1"/><net_sink comp="1408" pin=56"/></net>

<net id="3135"><net_src comp="3132" pin="1"/><net_sink comp="1408" pin=137"/></net>

<net id="3139"><net_src comp="3136" pin="1"/><net_sink comp="1408" pin=135"/></net>

<net id="3143"><net_src comp="3140" pin="1"/><net_sink comp="1408" pin=134"/></net>

<net id="3147"><net_src comp="3144" pin="1"/><net_sink comp="1408" pin=133"/></net>

<net id="3151"><net_src comp="3148" pin="1"/><net_sink comp="1408" pin=131"/></net>

<net id="3155"><net_src comp="3152" pin="1"/><net_sink comp="1408" pin=130"/></net>

<net id="3159"><net_src comp="3156" pin="1"/><net_sink comp="1408" pin=128"/></net>

<net id="3163"><net_src comp="3160" pin="1"/><net_sink comp="1408" pin=125"/></net>

<net id="3167"><net_src comp="130" pin="0"/><net_sink comp="3164" pin=0"/></net>

<net id="3168"><net_src comp="3164" pin="1"/><net_sink comp="1408" pin=75"/></net>

<net id="3172"><net_src comp="132" pin="0"/><net_sink comp="3169" pin=0"/></net>

<net id="3173"><net_src comp="3169" pin="1"/><net_sink comp="1408" pin=76"/></net>

<net id="3177"><net_src comp="134" pin="0"/><net_sink comp="3174" pin=0"/></net>

<net id="3178"><net_src comp="3174" pin="1"/><net_sink comp="1408" pin=77"/></net>

<net id="3182"><net_src comp="136" pin="0"/><net_sink comp="3179" pin=0"/></net>

<net id="3183"><net_src comp="3179" pin="1"/><net_sink comp="1408" pin=78"/></net>

<net id="3187"><net_src comp="138" pin="0"/><net_sink comp="3184" pin=0"/></net>

<net id="3188"><net_src comp="3184" pin="1"/><net_sink comp="1408" pin=79"/></net>

<net id="3192"><net_src comp="140" pin="0"/><net_sink comp="3189" pin=0"/></net>

<net id="3193"><net_src comp="3189" pin="1"/><net_sink comp="1408" pin=80"/></net>

<net id="3197"><net_src comp="142" pin="0"/><net_sink comp="3194" pin=0"/></net>

<net id="3198"><net_src comp="3194" pin="1"/><net_sink comp="1408" pin=81"/></net>

<net id="3202"><net_src comp="144" pin="0"/><net_sink comp="3199" pin=0"/></net>

<net id="3203"><net_src comp="3199" pin="1"/><net_sink comp="1408" pin=136"/></net>

<net id="3207"><net_src comp="146" pin="0"/><net_sink comp="3204" pin=0"/></net>

<net id="3208"><net_src comp="3204" pin="1"/><net_sink comp="1408" pin=82"/></net>

<net id="3212"><net_src comp="148" pin="0"/><net_sink comp="3209" pin=0"/></net>

<net id="3213"><net_src comp="3209" pin="1"/><net_sink comp="1408" pin=83"/></net>

<net id="3217"><net_src comp="150" pin="0"/><net_sink comp="3214" pin=0"/></net>

<net id="3218"><net_src comp="3214" pin="1"/><net_sink comp="1408" pin=84"/></net>

<net id="3222"><net_src comp="152" pin="0"/><net_sink comp="3219" pin=0"/></net>

<net id="3223"><net_src comp="3219" pin="1"/><net_sink comp="1408" pin=85"/></net>

<net id="3227"><net_src comp="154" pin="0"/><net_sink comp="3224" pin=0"/></net>

<net id="3228"><net_src comp="3224" pin="1"/><net_sink comp="1408" pin=86"/></net>

<net id="3232"><net_src comp="156" pin="0"/><net_sink comp="3229" pin=0"/></net>

<net id="3233"><net_src comp="3229" pin="1"/><net_sink comp="1408" pin=87"/></net>

<net id="3237"><net_src comp="158" pin="0"/><net_sink comp="3234" pin=0"/></net>

<net id="3238"><net_src comp="3234" pin="1"/><net_sink comp="1408" pin=88"/></net>

<net id="3242"><net_src comp="160" pin="0"/><net_sink comp="3239" pin=0"/></net>

<net id="3243"><net_src comp="3239" pin="1"/><net_sink comp="1408" pin=89"/></net>

<net id="3247"><net_src comp="162" pin="0"/><net_sink comp="3244" pin=0"/></net>

<net id="3248"><net_src comp="3244" pin="1"/><net_sink comp="1408" pin=90"/></net>

<net id="3252"><net_src comp="164" pin="0"/><net_sink comp="3249" pin=0"/></net>

<net id="3253"><net_src comp="3249" pin="1"/><net_sink comp="1408" pin=91"/></net>

<net id="3257"><net_src comp="166" pin="0"/><net_sink comp="3254" pin=0"/></net>

<net id="3258"><net_src comp="3254" pin="1"/><net_sink comp="1408" pin=92"/></net>

<net id="3262"><net_src comp="168" pin="0"/><net_sink comp="3259" pin=0"/></net>

<net id="3263"><net_src comp="3259" pin="1"/><net_sink comp="1408" pin=93"/></net>

<net id="3267"><net_src comp="170" pin="0"/><net_sink comp="3264" pin=0"/></net>

<net id="3268"><net_src comp="3264" pin="1"/><net_sink comp="1408" pin=94"/></net>

<net id="3272"><net_src comp="172" pin="0"/><net_sink comp="3269" pin=0"/></net>

<net id="3273"><net_src comp="3269" pin="1"/><net_sink comp="1408" pin=95"/></net>

<net id="3277"><net_src comp="174" pin="0"/><net_sink comp="3274" pin=0"/></net>

<net id="3278"><net_src comp="3274" pin="1"/><net_sink comp="1408" pin=96"/></net>

<net id="3282"><net_src comp="176" pin="0"/><net_sink comp="3279" pin=0"/></net>

<net id="3283"><net_src comp="3279" pin="1"/><net_sink comp="1408" pin=97"/></net>

<net id="3287"><net_src comp="178" pin="0"/><net_sink comp="3284" pin=0"/></net>

<net id="3288"><net_src comp="3284" pin="1"/><net_sink comp="1408" pin=98"/></net>

<net id="3292"><net_src comp="180" pin="0"/><net_sink comp="3289" pin=0"/></net>

<net id="3293"><net_src comp="3289" pin="1"/><net_sink comp="1408" pin=99"/></net>

<net id="3297"><net_src comp="182" pin="0"/><net_sink comp="3294" pin=0"/></net>

<net id="3298"><net_src comp="3294" pin="1"/><net_sink comp="1408" pin=100"/></net>

<net id="3302"><net_src comp="184" pin="0"/><net_sink comp="3299" pin=0"/></net>

<net id="3303"><net_src comp="3299" pin="1"/><net_sink comp="1408" pin=101"/></net>

<net id="3307"><net_src comp="186" pin="0"/><net_sink comp="3304" pin=0"/></net>

<net id="3308"><net_src comp="3304" pin="1"/><net_sink comp="1408" pin=102"/></net>

<net id="3312"><net_src comp="188" pin="0"/><net_sink comp="3309" pin=0"/></net>

<net id="3313"><net_src comp="3309" pin="1"/><net_sink comp="1408" pin=103"/></net>

<net id="3317"><net_src comp="190" pin="0"/><net_sink comp="3314" pin=0"/></net>

<net id="3318"><net_src comp="3314" pin="1"/><net_sink comp="1408" pin=104"/></net>

<net id="3322"><net_src comp="192" pin="0"/><net_sink comp="3319" pin=0"/></net>

<net id="3323"><net_src comp="3319" pin="1"/><net_sink comp="1408" pin=105"/></net>

<net id="3327"><net_src comp="194" pin="0"/><net_sink comp="3324" pin=0"/></net>

<net id="3328"><net_src comp="3324" pin="1"/><net_sink comp="1408" pin=106"/></net>

<net id="3332"><net_src comp="196" pin="0"/><net_sink comp="3329" pin=0"/></net>

<net id="3333"><net_src comp="3329" pin="1"/><net_sink comp="1408" pin=107"/></net>

<net id="3337"><net_src comp="198" pin="0"/><net_sink comp="3334" pin=0"/></net>

<net id="3338"><net_src comp="3334" pin="1"/><net_sink comp="1408" pin=108"/></net>

<net id="3342"><net_src comp="200" pin="0"/><net_sink comp="3339" pin=0"/></net>

<net id="3343"><net_src comp="3339" pin="1"/><net_sink comp="1408" pin=109"/></net>

<net id="3347"><net_src comp="202" pin="0"/><net_sink comp="3344" pin=0"/></net>

<net id="3348"><net_src comp="3344" pin="1"/><net_sink comp="1408" pin=110"/></net>

<net id="3352"><net_src comp="204" pin="0"/><net_sink comp="3349" pin=0"/></net>

<net id="3353"><net_src comp="3349" pin="1"/><net_sink comp="1408" pin=111"/></net>

<net id="3357"><net_src comp="206" pin="0"/><net_sink comp="3354" pin=0"/></net>

<net id="3358"><net_src comp="3354" pin="1"/><net_sink comp="1408" pin=112"/></net>

<net id="3362"><net_src comp="208" pin="0"/><net_sink comp="3359" pin=0"/></net>

<net id="3363"><net_src comp="3359" pin="1"/><net_sink comp="1408" pin=113"/></net>

<net id="3367"><net_src comp="210" pin="0"/><net_sink comp="3364" pin=0"/></net>

<net id="3368"><net_src comp="3364" pin="1"/><net_sink comp="1408" pin=114"/></net>

<net id="3372"><net_src comp="212" pin="0"/><net_sink comp="3369" pin=0"/></net>

<net id="3373"><net_src comp="3369" pin="1"/><net_sink comp="1408" pin=115"/></net>

<net id="3377"><net_src comp="214" pin="0"/><net_sink comp="3374" pin=0"/></net>

<net id="3378"><net_src comp="3374" pin="1"/><net_sink comp="1408" pin=116"/></net>

<net id="3382"><net_src comp="216" pin="0"/><net_sink comp="3379" pin=0"/></net>

<net id="3383"><net_src comp="3379" pin="1"/><net_sink comp="1408" pin=117"/></net>

<net id="3387"><net_src comp="218" pin="0"/><net_sink comp="3384" pin=0"/></net>

<net id="3388"><net_src comp="3384" pin="1"/><net_sink comp="1408" pin=118"/></net>

<net id="3392"><net_src comp="220" pin="0"/><net_sink comp="3389" pin=0"/></net>

<net id="3393"><net_src comp="3389" pin="1"/><net_sink comp="1408" pin=119"/></net>

<net id="3397"><net_src comp="222" pin="0"/><net_sink comp="3394" pin=0"/></net>

<net id="3398"><net_src comp="3394" pin="1"/><net_sink comp="1408" pin=120"/></net>

<net id="3402"><net_src comp="224" pin="0"/><net_sink comp="3399" pin=0"/></net>

<net id="3403"><net_src comp="3399" pin="1"/><net_sink comp="1408" pin=58"/></net>

<net id="3407"><net_src comp="226" pin="0"/><net_sink comp="3404" pin=0"/></net>

<net id="3408"><net_src comp="3404" pin="1"/><net_sink comp="1408" pin=59"/></net>

<net id="3412"><net_src comp="228" pin="0"/><net_sink comp="3409" pin=0"/></net>

<net id="3413"><net_src comp="3409" pin="1"/><net_sink comp="1408" pin=60"/></net>

<net id="3417"><net_src comp="230" pin="0"/><net_sink comp="3414" pin=0"/></net>

<net id="3418"><net_src comp="3414" pin="1"/><net_sink comp="1408" pin=61"/></net>

<net id="3422"><net_src comp="232" pin="0"/><net_sink comp="3419" pin=0"/></net>

<net id="3423"><net_src comp="3419" pin="1"/><net_sink comp="1408" pin=62"/></net>

<net id="3427"><net_src comp="234" pin="0"/><net_sink comp="3424" pin=0"/></net>

<net id="3428"><net_src comp="3424" pin="1"/><net_sink comp="1408" pin=63"/></net>

<net id="3432"><net_src comp="236" pin="0"/><net_sink comp="3429" pin=0"/></net>

<net id="3433"><net_src comp="3429" pin="1"/><net_sink comp="1408" pin=64"/></net>

<net id="3437"><net_src comp="238" pin="0"/><net_sink comp="3434" pin=0"/></net>

<net id="3438"><net_src comp="3434" pin="1"/><net_sink comp="1408" pin=65"/></net>

<net id="3442"><net_src comp="240" pin="0"/><net_sink comp="3439" pin=0"/></net>

<net id="3443"><net_src comp="3439" pin="1"/><net_sink comp="1408" pin=66"/></net>

<net id="3447"><net_src comp="242" pin="0"/><net_sink comp="3444" pin=0"/></net>

<net id="3448"><net_src comp="3444" pin="1"/><net_sink comp="1408" pin=67"/></net>

<net id="3452"><net_src comp="244" pin="0"/><net_sink comp="3449" pin=0"/></net>

<net id="3453"><net_src comp="3449" pin="1"/><net_sink comp="1408" pin=68"/></net>

<net id="3457"><net_src comp="246" pin="0"/><net_sink comp="3454" pin=0"/></net>

<net id="3458"><net_src comp="3454" pin="1"/><net_sink comp="1408" pin=69"/></net>

<net id="3462"><net_src comp="248" pin="0"/><net_sink comp="3459" pin=0"/></net>

<net id="3463"><net_src comp="3459" pin="1"/><net_sink comp="1408" pin=70"/></net>

<net id="3467"><net_src comp="250" pin="0"/><net_sink comp="3464" pin=0"/></net>

<net id="3468"><net_src comp="3464" pin="1"/><net_sink comp="1408" pin=71"/></net>

<net id="3472"><net_src comp="252" pin="0"/><net_sink comp="3469" pin=0"/></net>

<net id="3473"><net_src comp="3469" pin="1"/><net_sink comp="1408" pin=72"/></net>

<net id="3477"><net_src comp="254" pin="0"/><net_sink comp="3474" pin=0"/></net>

<net id="3478"><net_src comp="3474" pin="1"/><net_sink comp="1408" pin=73"/></net>

<net id="3482"><net_src comp="256" pin="0"/><net_sink comp="3479" pin=0"/></net>

<net id="3483"><net_src comp="3479" pin="1"/><net_sink comp="1408" pin=74"/></net>

<net id="3487"><net_src comp="492" pin="1"/><net_sink comp="3484" pin=0"/></net>

<net id="3488"><net_src comp="3484" pin="1"/><net_sink comp="2372" pin=1"/></net>

<net id="3489"><net_src comp="3484" pin="1"/><net_sink comp="2472" pin=0"/></net>

<net id="3490"><net_src comp="3484" pin="1"/><net_sink comp="2667" pin=1"/></net>

<net id="3494"><net_src comp="496" pin="1"/><net_sink comp="3491" pin=0"/></net>

<net id="3495"><net_src comp="3491" pin="1"/><net_sink comp="2367" pin=1"/></net>

<net id="3496"><net_src comp="3491" pin="1"/><net_sink comp="2475" pin=0"/></net>

<net id="3497"><net_src comp="3491" pin="1"/><net_sink comp="2663" pin=1"/></net>

<net id="3501"><net_src comp="500" pin="1"/><net_sink comp="3498" pin=0"/></net>

<net id="3502"><net_src comp="3498" pin="1"/><net_sink comp="2362" pin=1"/></net>

<net id="3503"><net_src comp="3498" pin="1"/><net_sink comp="2454" pin=0"/></net>

<net id="3504"><net_src comp="3498" pin="1"/><net_sink comp="2659" pin=1"/></net>

<net id="3508"><net_src comp="504" pin="1"/><net_sink comp="3505" pin=0"/></net>

<net id="3509"><net_src comp="3505" pin="1"/><net_sink comp="2357" pin=1"/></net>

<net id="3510"><net_src comp="3505" pin="1"/><net_sink comp="2672" pin=0"/></net>

<net id="3511"><net_src comp="3505" pin="1"/><net_sink comp="1408" pin=194"/></net>

<net id="3515"><net_src comp="508" pin="1"/><net_sink comp="3512" pin=0"/></net>

<net id="3516"><net_src comp="3512" pin="1"/><net_sink comp="2352" pin=1"/></net>

<net id="3517"><net_src comp="3512" pin="1"/><net_sink comp="2676" pin=0"/></net>

<net id="3518"><net_src comp="3512" pin="1"/><net_sink comp="1408" pin=193"/></net>

<net id="3522"><net_src comp="512" pin="1"/><net_sink comp="3519" pin=0"/></net>

<net id="3523"><net_src comp="3519" pin="1"/><net_sink comp="2347" pin=1"/></net>

<net id="3524"><net_src comp="3519" pin="1"/><net_sink comp="2680" pin=0"/></net>

<net id="3525"><net_src comp="3519" pin="1"/><net_sink comp="1408" pin=192"/></net>

<net id="3529"><net_src comp="516" pin="1"/><net_sink comp="3526" pin=0"/></net>

<net id="3530"><net_src comp="3526" pin="1"/><net_sink comp="2342" pin=1"/></net>

<net id="3531"><net_src comp="3526" pin="1"/><net_sink comp="2684" pin=0"/></net>

<net id="3532"><net_src comp="3526" pin="1"/><net_sink comp="1408" pin=191"/></net>

<net id="3536"><net_src comp="520" pin="1"/><net_sink comp="3533" pin=0"/></net>

<net id="3537"><net_src comp="3533" pin="1"/><net_sink comp="2337" pin=1"/></net>

<net id="3538"><net_src comp="3533" pin="1"/><net_sink comp="2688" pin=0"/></net>

<net id="3539"><net_src comp="3533" pin="1"/><net_sink comp="1408" pin=190"/></net>

<net id="3543"><net_src comp="524" pin="1"/><net_sink comp="3540" pin=0"/></net>

<net id="3544"><net_src comp="3540" pin="1"/><net_sink comp="2332" pin=1"/></net>

<net id="3545"><net_src comp="3540" pin="1"/><net_sink comp="2692" pin=0"/></net>

<net id="3546"><net_src comp="3540" pin="1"/><net_sink comp="1408" pin=189"/></net>

<net id="3550"><net_src comp="528" pin="1"/><net_sink comp="3547" pin=0"/></net>

<net id="3551"><net_src comp="3547" pin="1"/><net_sink comp="2327" pin=1"/></net>

<net id="3552"><net_src comp="3547" pin="1"/><net_sink comp="2696" pin=0"/></net>

<net id="3553"><net_src comp="3547" pin="1"/><net_sink comp="1408" pin=188"/></net>

<net id="3557"><net_src comp="532" pin="1"/><net_sink comp="3554" pin=0"/></net>

<net id="3558"><net_src comp="3554" pin="1"/><net_sink comp="2322" pin=1"/></net>

<net id="3559"><net_src comp="3554" pin="1"/><net_sink comp="2700" pin=0"/></net>

<net id="3560"><net_src comp="3554" pin="1"/><net_sink comp="1408" pin=187"/></net>

<net id="3564"><net_src comp="536" pin="1"/><net_sink comp="3561" pin=0"/></net>

<net id="3565"><net_src comp="3561" pin="1"/><net_sink comp="2317" pin=1"/></net>

<net id="3566"><net_src comp="3561" pin="1"/><net_sink comp="2704" pin=0"/></net>

<net id="3567"><net_src comp="3561" pin="1"/><net_sink comp="1408" pin=186"/></net>

<net id="3571"><net_src comp="540" pin="1"/><net_sink comp="3568" pin=0"/></net>

<net id="3572"><net_src comp="3568" pin="1"/><net_sink comp="2312" pin=1"/></net>

<net id="3573"><net_src comp="3568" pin="1"/><net_sink comp="2708" pin=0"/></net>

<net id="3574"><net_src comp="3568" pin="1"/><net_sink comp="1408" pin=185"/></net>

<net id="3578"><net_src comp="544" pin="1"/><net_sink comp="3575" pin=0"/></net>

<net id="3579"><net_src comp="3575" pin="1"/><net_sink comp="2307" pin=1"/></net>

<net id="3580"><net_src comp="3575" pin="1"/><net_sink comp="2712" pin=0"/></net>

<net id="3581"><net_src comp="3575" pin="1"/><net_sink comp="1408" pin=184"/></net>

<net id="3585"><net_src comp="548" pin="1"/><net_sink comp="3582" pin=0"/></net>

<net id="3586"><net_src comp="3582" pin="1"/><net_sink comp="2302" pin=1"/></net>

<net id="3587"><net_src comp="3582" pin="1"/><net_sink comp="2716" pin=0"/></net>

<net id="3588"><net_src comp="3582" pin="1"/><net_sink comp="1408" pin=183"/></net>

<net id="3592"><net_src comp="552" pin="1"/><net_sink comp="3589" pin=0"/></net>

<net id="3593"><net_src comp="3589" pin="1"/><net_sink comp="2297" pin=1"/></net>

<net id="3594"><net_src comp="3589" pin="1"/><net_sink comp="2720" pin=0"/></net>

<net id="3595"><net_src comp="3589" pin="1"/><net_sink comp="1408" pin=182"/></net>

<net id="3599"><net_src comp="556" pin="1"/><net_sink comp="3596" pin=0"/></net>

<net id="3600"><net_src comp="3596" pin="1"/><net_sink comp="2292" pin=1"/></net>

<net id="3601"><net_src comp="3596" pin="1"/><net_sink comp="2724" pin=0"/></net>

<net id="3602"><net_src comp="3596" pin="1"/><net_sink comp="1408" pin=181"/></net>

<net id="3606"><net_src comp="560" pin="1"/><net_sink comp="3603" pin=0"/></net>

<net id="3607"><net_src comp="3603" pin="1"/><net_sink comp="2287" pin=1"/></net>

<net id="3608"><net_src comp="3603" pin="1"/><net_sink comp="2728" pin=0"/></net>

<net id="3609"><net_src comp="3603" pin="1"/><net_sink comp="1408" pin=180"/></net>

<net id="3613"><net_src comp="564" pin="1"/><net_sink comp="3610" pin=0"/></net>

<net id="3614"><net_src comp="3610" pin="1"/><net_sink comp="2282" pin=1"/></net>

<net id="3615"><net_src comp="3610" pin="1"/><net_sink comp="2732" pin=0"/></net>

<net id="3616"><net_src comp="3610" pin="1"/><net_sink comp="1408" pin=179"/></net>

<net id="3620"><net_src comp="568" pin="1"/><net_sink comp="3617" pin=0"/></net>

<net id="3621"><net_src comp="3617" pin="1"/><net_sink comp="2277" pin=1"/></net>

<net id="3622"><net_src comp="3617" pin="1"/><net_sink comp="2736" pin=0"/></net>

<net id="3623"><net_src comp="3617" pin="1"/><net_sink comp="1408" pin=178"/></net>

<net id="3627"><net_src comp="572" pin="1"/><net_sink comp="3624" pin=0"/></net>

<net id="3628"><net_src comp="3624" pin="1"/><net_sink comp="2272" pin=1"/></net>

<net id="3629"><net_src comp="3624" pin="1"/><net_sink comp="2740" pin=0"/></net>

<net id="3630"><net_src comp="3624" pin="1"/><net_sink comp="1408" pin=177"/></net>

<net id="3634"><net_src comp="576" pin="1"/><net_sink comp="3631" pin=0"/></net>

<net id="3635"><net_src comp="3631" pin="1"/><net_sink comp="2267" pin=1"/></net>

<net id="3636"><net_src comp="3631" pin="1"/><net_sink comp="2744" pin=0"/></net>

<net id="3637"><net_src comp="3631" pin="1"/><net_sink comp="1408" pin=176"/></net>

<net id="3641"><net_src comp="580" pin="1"/><net_sink comp="3638" pin=0"/></net>

<net id="3642"><net_src comp="3638" pin="1"/><net_sink comp="2262" pin=1"/></net>

<net id="3643"><net_src comp="3638" pin="1"/><net_sink comp="2748" pin=0"/></net>

<net id="3644"><net_src comp="3638" pin="1"/><net_sink comp="1408" pin=175"/></net>

<net id="3648"><net_src comp="584" pin="1"/><net_sink comp="3645" pin=0"/></net>

<net id="3649"><net_src comp="3645" pin="1"/><net_sink comp="2257" pin=1"/></net>

<net id="3650"><net_src comp="3645" pin="1"/><net_sink comp="2752" pin=0"/></net>

<net id="3651"><net_src comp="3645" pin="1"/><net_sink comp="1408" pin=174"/></net>

<net id="3655"><net_src comp="588" pin="1"/><net_sink comp="3652" pin=0"/></net>

<net id="3656"><net_src comp="3652" pin="1"/><net_sink comp="2252" pin=1"/></net>

<net id="3657"><net_src comp="3652" pin="1"/><net_sink comp="2756" pin=0"/></net>

<net id="3658"><net_src comp="3652" pin="1"/><net_sink comp="1408" pin=173"/></net>

<net id="3662"><net_src comp="592" pin="1"/><net_sink comp="3659" pin=0"/></net>

<net id="3663"><net_src comp="3659" pin="1"/><net_sink comp="2247" pin=1"/></net>

<net id="3664"><net_src comp="3659" pin="1"/><net_sink comp="2760" pin=0"/></net>

<net id="3665"><net_src comp="3659" pin="1"/><net_sink comp="1408" pin=172"/></net>

<net id="3669"><net_src comp="596" pin="1"/><net_sink comp="3666" pin=0"/></net>

<net id="3670"><net_src comp="3666" pin="1"/><net_sink comp="2242" pin=1"/></net>

<net id="3671"><net_src comp="3666" pin="1"/><net_sink comp="2764" pin=0"/></net>

<net id="3672"><net_src comp="3666" pin="1"/><net_sink comp="1408" pin=171"/></net>

<net id="3676"><net_src comp="600" pin="1"/><net_sink comp="3673" pin=0"/></net>

<net id="3677"><net_src comp="3673" pin="1"/><net_sink comp="2237" pin=1"/></net>

<net id="3678"><net_src comp="3673" pin="1"/><net_sink comp="2768" pin=0"/></net>

<net id="3679"><net_src comp="3673" pin="1"/><net_sink comp="1408" pin=170"/></net>

<net id="3683"><net_src comp="604" pin="1"/><net_sink comp="3680" pin=0"/></net>

<net id="3684"><net_src comp="3680" pin="1"/><net_sink comp="2232" pin=1"/></net>

<net id="3685"><net_src comp="3680" pin="1"/><net_sink comp="2772" pin=0"/></net>

<net id="3686"><net_src comp="3680" pin="1"/><net_sink comp="1408" pin=169"/></net>

<net id="3690"><net_src comp="608" pin="1"/><net_sink comp="3687" pin=0"/></net>

<net id="3691"><net_src comp="3687" pin="1"/><net_sink comp="2227" pin=1"/></net>

<net id="3692"><net_src comp="3687" pin="1"/><net_sink comp="2776" pin=0"/></net>

<net id="3693"><net_src comp="3687" pin="1"/><net_sink comp="1408" pin=168"/></net>

<net id="3697"><net_src comp="612" pin="1"/><net_sink comp="3694" pin=0"/></net>

<net id="3698"><net_src comp="3694" pin="1"/><net_sink comp="2222" pin=1"/></net>

<net id="3699"><net_src comp="3694" pin="1"/><net_sink comp="2780" pin=0"/></net>

<net id="3700"><net_src comp="3694" pin="1"/><net_sink comp="1408" pin=167"/></net>

<net id="3704"><net_src comp="616" pin="1"/><net_sink comp="3701" pin=0"/></net>

<net id="3705"><net_src comp="3701" pin="1"/><net_sink comp="2217" pin=1"/></net>

<net id="3706"><net_src comp="3701" pin="1"/><net_sink comp="2784" pin=0"/></net>

<net id="3707"><net_src comp="3701" pin="1"/><net_sink comp="1408" pin=166"/></net>

<net id="3711"><net_src comp="620" pin="1"/><net_sink comp="3708" pin=0"/></net>

<net id="3712"><net_src comp="3708" pin="1"/><net_sink comp="2212" pin=1"/></net>

<net id="3713"><net_src comp="3708" pin="1"/><net_sink comp="2788" pin=0"/></net>

<net id="3714"><net_src comp="3708" pin="1"/><net_sink comp="1408" pin=165"/></net>

<net id="3718"><net_src comp="624" pin="1"/><net_sink comp="3715" pin=0"/></net>

<net id="3719"><net_src comp="3715" pin="1"/><net_sink comp="2207" pin=1"/></net>

<net id="3720"><net_src comp="3715" pin="1"/><net_sink comp="2792" pin=0"/></net>

<net id="3721"><net_src comp="3715" pin="1"/><net_sink comp="1408" pin=164"/></net>

<net id="3725"><net_src comp="628" pin="1"/><net_sink comp="3722" pin=0"/></net>

<net id="3726"><net_src comp="3722" pin="1"/><net_sink comp="2202" pin=1"/></net>

<net id="3727"><net_src comp="3722" pin="1"/><net_sink comp="2796" pin=0"/></net>

<net id="3728"><net_src comp="3722" pin="1"/><net_sink comp="1408" pin=163"/></net>

<net id="3732"><net_src comp="632" pin="1"/><net_sink comp="3729" pin=0"/></net>

<net id="3733"><net_src comp="3729" pin="1"/><net_sink comp="2197" pin=1"/></net>

<net id="3734"><net_src comp="3729" pin="1"/><net_sink comp="2800" pin=0"/></net>

<net id="3735"><net_src comp="3729" pin="1"/><net_sink comp="1408" pin=162"/></net>

<net id="3739"><net_src comp="636" pin="1"/><net_sink comp="3736" pin=0"/></net>

<net id="3740"><net_src comp="3736" pin="1"/><net_sink comp="2192" pin=1"/></net>

<net id="3741"><net_src comp="3736" pin="1"/><net_sink comp="2804" pin=0"/></net>

<net id="3742"><net_src comp="3736" pin="1"/><net_sink comp="1408" pin=161"/></net>

<net id="3746"><net_src comp="640" pin="1"/><net_sink comp="3743" pin=0"/></net>

<net id="3747"><net_src comp="3743" pin="1"/><net_sink comp="2187" pin=1"/></net>

<net id="3748"><net_src comp="3743" pin="1"/><net_sink comp="2808" pin=0"/></net>

<net id="3749"><net_src comp="3743" pin="1"/><net_sink comp="1408" pin=160"/></net>

<net id="3753"><net_src comp="644" pin="1"/><net_sink comp="3750" pin=0"/></net>

<net id="3754"><net_src comp="3750" pin="1"/><net_sink comp="2182" pin=1"/></net>

<net id="3755"><net_src comp="3750" pin="1"/><net_sink comp="2812" pin=0"/></net>

<net id="3756"><net_src comp="3750" pin="1"/><net_sink comp="1408" pin=159"/></net>

<net id="3760"><net_src comp="648" pin="1"/><net_sink comp="3757" pin=0"/></net>

<net id="3761"><net_src comp="3757" pin="1"/><net_sink comp="2177" pin=1"/></net>

<net id="3762"><net_src comp="3757" pin="1"/><net_sink comp="2816" pin=0"/></net>

<net id="3763"><net_src comp="3757" pin="1"/><net_sink comp="1408" pin=158"/></net>

<net id="3767"><net_src comp="652" pin="1"/><net_sink comp="3764" pin=0"/></net>

<net id="3768"><net_src comp="3764" pin="1"/><net_sink comp="2172" pin=1"/></net>

<net id="3769"><net_src comp="3764" pin="1"/><net_sink comp="2820" pin=0"/></net>

<net id="3770"><net_src comp="3764" pin="1"/><net_sink comp="1408" pin=157"/></net>

<net id="3774"><net_src comp="656" pin="1"/><net_sink comp="3771" pin=0"/></net>

<net id="3775"><net_src comp="3771" pin="1"/><net_sink comp="2167" pin=1"/></net>

<net id="3776"><net_src comp="3771" pin="1"/><net_sink comp="2824" pin=0"/></net>

<net id="3777"><net_src comp="3771" pin="1"/><net_sink comp="1408" pin=156"/></net>

<net id="3781"><net_src comp="660" pin="1"/><net_sink comp="3778" pin=0"/></net>

<net id="3782"><net_src comp="3778" pin="1"/><net_sink comp="2162" pin=1"/></net>

<net id="3783"><net_src comp="3778" pin="1"/><net_sink comp="2828" pin=0"/></net>

<net id="3784"><net_src comp="3778" pin="1"/><net_sink comp="1408" pin=155"/></net>

<net id="3788"><net_src comp="664" pin="1"/><net_sink comp="3785" pin=0"/></net>

<net id="3789"><net_src comp="3785" pin="1"/><net_sink comp="2157" pin=1"/></net>

<net id="3790"><net_src comp="3785" pin="1"/><net_sink comp="2832" pin=0"/></net>

<net id="3791"><net_src comp="3785" pin="1"/><net_sink comp="1408" pin=154"/></net>

<net id="3795"><net_src comp="668" pin="1"/><net_sink comp="3792" pin=0"/></net>

<net id="3796"><net_src comp="3792" pin="1"/><net_sink comp="2152" pin=1"/></net>

<net id="3797"><net_src comp="3792" pin="1"/><net_sink comp="2836" pin=0"/></net>

<net id="3798"><net_src comp="3792" pin="1"/><net_sink comp="1408" pin=153"/></net>

<net id="3802"><net_src comp="672" pin="1"/><net_sink comp="3799" pin=0"/></net>

<net id="3803"><net_src comp="3799" pin="1"/><net_sink comp="2147" pin=1"/></net>

<net id="3804"><net_src comp="3799" pin="1"/><net_sink comp="2840" pin=0"/></net>

<net id="3805"><net_src comp="3799" pin="1"/><net_sink comp="1408" pin=152"/></net>

<net id="3809"><net_src comp="676" pin="1"/><net_sink comp="3806" pin=0"/></net>

<net id="3810"><net_src comp="3806" pin="1"/><net_sink comp="2142" pin=1"/></net>

<net id="3811"><net_src comp="3806" pin="1"/><net_sink comp="2844" pin=0"/></net>

<net id="3812"><net_src comp="3806" pin="1"/><net_sink comp="1408" pin=151"/></net>

<net id="3816"><net_src comp="680" pin="1"/><net_sink comp="3813" pin=0"/></net>

<net id="3817"><net_src comp="3813" pin="1"/><net_sink comp="2137" pin=1"/></net>

<net id="3818"><net_src comp="3813" pin="1"/><net_sink comp="2848" pin=0"/></net>

<net id="3819"><net_src comp="3813" pin="1"/><net_sink comp="1408" pin=150"/></net>

<net id="3823"><net_src comp="684" pin="1"/><net_sink comp="3820" pin=0"/></net>

<net id="3824"><net_src comp="3820" pin="1"/><net_sink comp="2132" pin=1"/></net>

<net id="3825"><net_src comp="3820" pin="1"/><net_sink comp="2852" pin=0"/></net>

<net id="3826"><net_src comp="3820" pin="1"/><net_sink comp="1408" pin=149"/></net>

<net id="3830"><net_src comp="688" pin="1"/><net_sink comp="3827" pin=0"/></net>

<net id="3831"><net_src comp="3827" pin="1"/><net_sink comp="2127" pin=1"/></net>

<net id="3832"><net_src comp="3827" pin="1"/><net_sink comp="2856" pin=0"/></net>

<net id="3833"><net_src comp="3827" pin="1"/><net_sink comp="1408" pin=148"/></net>

<net id="3837"><net_src comp="692" pin="1"/><net_sink comp="3834" pin=0"/></net>

<net id="3838"><net_src comp="3834" pin="1"/><net_sink comp="2122" pin=1"/></net>

<net id="3839"><net_src comp="3834" pin="1"/><net_sink comp="2860" pin=0"/></net>

<net id="3840"><net_src comp="3834" pin="1"/><net_sink comp="1408" pin=147"/></net>

<net id="3844"><net_src comp="696" pin="1"/><net_sink comp="3841" pin=0"/></net>

<net id="3845"><net_src comp="3841" pin="1"/><net_sink comp="2117" pin=1"/></net>

<net id="3846"><net_src comp="3841" pin="1"/><net_sink comp="2864" pin=0"/></net>

<net id="3847"><net_src comp="3841" pin="1"/><net_sink comp="1408" pin=146"/></net>

<net id="3851"><net_src comp="700" pin="1"/><net_sink comp="3848" pin=0"/></net>

<net id="3852"><net_src comp="3848" pin="1"/><net_sink comp="2112" pin=1"/></net>

<net id="3853"><net_src comp="3848" pin="1"/><net_sink comp="2868" pin=0"/></net>

<net id="3854"><net_src comp="3848" pin="1"/><net_sink comp="1408" pin=145"/></net>

<net id="3858"><net_src comp="704" pin="1"/><net_sink comp="3855" pin=0"/></net>

<net id="3859"><net_src comp="3855" pin="1"/><net_sink comp="2107" pin=1"/></net>

<net id="3860"><net_src comp="3855" pin="1"/><net_sink comp="2872" pin=0"/></net>

<net id="3861"><net_src comp="3855" pin="1"/><net_sink comp="1408" pin=144"/></net>

<net id="3865"><net_src comp="708" pin="1"/><net_sink comp="3862" pin=0"/></net>

<net id="3866"><net_src comp="3862" pin="1"/><net_sink comp="2102" pin=1"/></net>

<net id="3867"><net_src comp="3862" pin="1"/><net_sink comp="2876" pin=0"/></net>

<net id="3868"><net_src comp="3862" pin="1"/><net_sink comp="1408" pin=143"/></net>

<net id="3872"><net_src comp="712" pin="1"/><net_sink comp="3869" pin=0"/></net>

<net id="3873"><net_src comp="3869" pin="1"/><net_sink comp="2097" pin=1"/></net>

<net id="3874"><net_src comp="3869" pin="1"/><net_sink comp="2880" pin=0"/></net>

<net id="3875"><net_src comp="3869" pin="1"/><net_sink comp="1408" pin=142"/></net>

<net id="3879"><net_src comp="716" pin="1"/><net_sink comp="3876" pin=0"/></net>

<net id="3880"><net_src comp="3876" pin="1"/><net_sink comp="2092" pin=1"/></net>

<net id="3881"><net_src comp="3876" pin="1"/><net_sink comp="2884" pin=0"/></net>

<net id="3882"><net_src comp="3876" pin="1"/><net_sink comp="1408" pin=141"/></net>

<net id="3886"><net_src comp="720" pin="1"/><net_sink comp="3883" pin=0"/></net>

<net id="3887"><net_src comp="3883" pin="1"/><net_sink comp="2087" pin=1"/></net>

<net id="3888"><net_src comp="3883" pin="1"/><net_sink comp="2888" pin=0"/></net>

<net id="3889"><net_src comp="3883" pin="1"/><net_sink comp="1408" pin=140"/></net>

<net id="3893"><net_src comp="724" pin="1"/><net_sink comp="3890" pin=0"/></net>

<net id="3894"><net_src comp="3890" pin="1"/><net_sink comp="2082" pin=1"/></net>

<net id="3895"><net_src comp="3890" pin="1"/><net_sink comp="2892" pin=0"/></net>

<net id="3896"><net_src comp="3890" pin="1"/><net_sink comp="1408" pin=139"/></net>

<net id="3900"><net_src comp="994" pin="2"/><net_sink comp="3897" pin=0"/></net>

<net id="3901"><net_src comp="3897" pin="1"/><net_sink comp="1831" pin=15"/></net>

<net id="3905"><net_src comp="1006" pin="2"/><net_sink comp="3902" pin=0"/></net>

<net id="3906"><net_src comp="3902" pin="1"/><net_sink comp="1408" pin=126"/></net>

<net id="3910"><net_src comp="1018" pin="2"/><net_sink comp="3907" pin=0"/></net>

<net id="3911"><net_src comp="3907" pin="1"/><net_sink comp="1035" pin=63"/></net>

<net id="3915"><net_src comp="728" pin="1"/><net_sink comp="3912" pin=0"/></net>

<net id="3916"><net_src comp="3912" pin="1"/><net_sink comp="1035" pin=128"/></net>

<net id="3917"><net_src comp="3912" pin="1"/><net_sink comp="3160" pin=0"/></net>

<net id="3921"><net_src comp="732" pin="1"/><net_sink comp="3918" pin=0"/></net>

<net id="3922"><net_src comp="3918" pin="1"/><net_sink comp="1035" pin=127"/></net>

<net id="3923"><net_src comp="3918" pin="1"/><net_sink comp="3156" pin=0"/></net>

<net id="3927"><net_src comp="736" pin="1"/><net_sink comp="3924" pin=0"/></net>

<net id="3928"><net_src comp="3924" pin="1"/><net_sink comp="1035" pin=126"/></net>

<net id="3929"><net_src comp="3924" pin="1"/><net_sink comp="3152" pin=0"/></net>

<net id="3933"><net_src comp="740" pin="1"/><net_sink comp="3930" pin=0"/></net>

<net id="3934"><net_src comp="3930" pin="1"/><net_sink comp="1035" pin=125"/></net>

<net id="3935"><net_src comp="3930" pin="1"/><net_sink comp="3148" pin=0"/></net>

<net id="3939"><net_src comp="744" pin="1"/><net_sink comp="3936" pin=0"/></net>

<net id="3940"><net_src comp="3936" pin="1"/><net_sink comp="1035" pin=124"/></net>

<net id="3941"><net_src comp="3936" pin="1"/><net_sink comp="3144" pin=0"/></net>

<net id="3945"><net_src comp="748" pin="1"/><net_sink comp="3942" pin=0"/></net>

<net id="3946"><net_src comp="3942" pin="1"/><net_sink comp="1035" pin=123"/></net>

<net id="3947"><net_src comp="3942" pin="1"/><net_sink comp="3140" pin=0"/></net>

<net id="3951"><net_src comp="752" pin="1"/><net_sink comp="3948" pin=0"/></net>

<net id="3952"><net_src comp="3948" pin="1"/><net_sink comp="1035" pin=122"/></net>

<net id="3953"><net_src comp="3948" pin="1"/><net_sink comp="3136" pin=0"/></net>

<net id="3957"><net_src comp="756" pin="1"/><net_sink comp="3954" pin=0"/></net>

<net id="3958"><net_src comp="3954" pin="1"/><net_sink comp="1035" pin=121"/></net>

<net id="3959"><net_src comp="3954" pin="1"/><net_sink comp="3132" pin=0"/></net>

<net id="3963"><net_src comp="760" pin="1"/><net_sink comp="3960" pin=0"/></net>

<net id="3964"><net_src comp="3960" pin="1"/><net_sink comp="1035" pin=120"/></net>

<net id="3965"><net_src comp="3960" pin="1"/><net_sink comp="3128" pin=0"/></net>

<net id="3969"><net_src comp="764" pin="1"/><net_sink comp="3966" pin=0"/></net>

<net id="3970"><net_src comp="3966" pin="1"/><net_sink comp="1035" pin=119"/></net>

<net id="3971"><net_src comp="3966" pin="1"/><net_sink comp="3124" pin=0"/></net>

<net id="3975"><net_src comp="768" pin="1"/><net_sink comp="3972" pin=0"/></net>

<net id="3976"><net_src comp="3972" pin="1"/><net_sink comp="1035" pin=118"/></net>

<net id="3977"><net_src comp="3972" pin="1"/><net_sink comp="3120" pin=0"/></net>

<net id="3981"><net_src comp="772" pin="1"/><net_sink comp="3978" pin=0"/></net>

<net id="3982"><net_src comp="3978" pin="1"/><net_sink comp="1035" pin=117"/></net>

<net id="3983"><net_src comp="3978" pin="1"/><net_sink comp="3116" pin=0"/></net>

<net id="3987"><net_src comp="776" pin="1"/><net_sink comp="3984" pin=0"/></net>

<net id="3988"><net_src comp="3984" pin="1"/><net_sink comp="1035" pin=116"/></net>

<net id="3989"><net_src comp="3984" pin="1"/><net_sink comp="3112" pin=0"/></net>

<net id="3993"><net_src comp="780" pin="1"/><net_sink comp="3990" pin=0"/></net>

<net id="3994"><net_src comp="3990" pin="1"/><net_sink comp="1035" pin=115"/></net>

<net id="3995"><net_src comp="3990" pin="1"/><net_sink comp="3108" pin=0"/></net>

<net id="3999"><net_src comp="784" pin="1"/><net_sink comp="3996" pin=0"/></net>

<net id="4000"><net_src comp="3996" pin="1"/><net_sink comp="1035" pin=114"/></net>

<net id="4001"><net_src comp="3996" pin="1"/><net_sink comp="3104" pin=0"/></net>

<net id="4005"><net_src comp="788" pin="1"/><net_sink comp="4002" pin=0"/></net>

<net id="4006"><net_src comp="4002" pin="1"/><net_sink comp="1035" pin=113"/></net>

<net id="4007"><net_src comp="4002" pin="1"/><net_sink comp="3100" pin=0"/></net>

<net id="4011"><net_src comp="792" pin="1"/><net_sink comp="4008" pin=0"/></net>

<net id="4012"><net_src comp="4008" pin="1"/><net_sink comp="1035" pin=112"/></net>

<net id="4013"><net_src comp="4008" pin="1"/><net_sink comp="3096" pin=0"/></net>

<net id="4017"><net_src comp="796" pin="1"/><net_sink comp="4014" pin=0"/></net>

<net id="4018"><net_src comp="4014" pin="1"/><net_sink comp="1035" pin=111"/></net>

<net id="4019"><net_src comp="4014" pin="1"/><net_sink comp="3092" pin=0"/></net>

<net id="4023"><net_src comp="800" pin="1"/><net_sink comp="4020" pin=0"/></net>

<net id="4024"><net_src comp="4020" pin="1"/><net_sink comp="1035" pin=110"/></net>

<net id="4025"><net_src comp="4020" pin="1"/><net_sink comp="3088" pin=0"/></net>

<net id="4029"><net_src comp="804" pin="1"/><net_sink comp="4026" pin=0"/></net>

<net id="4030"><net_src comp="4026" pin="1"/><net_sink comp="1035" pin=109"/></net>

<net id="4031"><net_src comp="4026" pin="1"/><net_sink comp="3084" pin=0"/></net>

<net id="4035"><net_src comp="808" pin="1"/><net_sink comp="4032" pin=0"/></net>

<net id="4036"><net_src comp="4032" pin="1"/><net_sink comp="1035" pin=108"/></net>

<net id="4037"><net_src comp="4032" pin="1"/><net_sink comp="3080" pin=0"/></net>

<net id="4041"><net_src comp="812" pin="1"/><net_sink comp="4038" pin=0"/></net>

<net id="4042"><net_src comp="4038" pin="1"/><net_sink comp="1035" pin=107"/></net>

<net id="4043"><net_src comp="4038" pin="1"/><net_sink comp="3076" pin=0"/></net>

<net id="4047"><net_src comp="816" pin="1"/><net_sink comp="4044" pin=0"/></net>

<net id="4048"><net_src comp="4044" pin="1"/><net_sink comp="1035" pin=106"/></net>

<net id="4049"><net_src comp="4044" pin="1"/><net_sink comp="3072" pin=0"/></net>

<net id="4053"><net_src comp="820" pin="1"/><net_sink comp="4050" pin=0"/></net>

<net id="4054"><net_src comp="4050" pin="1"/><net_sink comp="1035" pin=105"/></net>

<net id="4055"><net_src comp="4050" pin="1"/><net_sink comp="3068" pin=0"/></net>

<net id="4059"><net_src comp="824" pin="1"/><net_sink comp="4056" pin=0"/></net>

<net id="4060"><net_src comp="4056" pin="1"/><net_sink comp="1035" pin=104"/></net>

<net id="4061"><net_src comp="4056" pin="1"/><net_sink comp="3064" pin=0"/></net>

<net id="4065"><net_src comp="828" pin="1"/><net_sink comp="4062" pin=0"/></net>

<net id="4066"><net_src comp="4062" pin="1"/><net_sink comp="1035" pin=103"/></net>

<net id="4067"><net_src comp="4062" pin="1"/><net_sink comp="3060" pin=0"/></net>

<net id="4071"><net_src comp="832" pin="1"/><net_sink comp="4068" pin=0"/></net>

<net id="4072"><net_src comp="4068" pin="1"/><net_sink comp="1035" pin=102"/></net>

<net id="4073"><net_src comp="4068" pin="1"/><net_sink comp="3056" pin=0"/></net>

<net id="4077"><net_src comp="836" pin="1"/><net_sink comp="4074" pin=0"/></net>

<net id="4078"><net_src comp="4074" pin="1"/><net_sink comp="1035" pin=101"/></net>

<net id="4079"><net_src comp="4074" pin="1"/><net_sink comp="3052" pin=0"/></net>

<net id="4083"><net_src comp="840" pin="1"/><net_sink comp="4080" pin=0"/></net>

<net id="4084"><net_src comp="4080" pin="1"/><net_sink comp="1035" pin=100"/></net>

<net id="4085"><net_src comp="4080" pin="1"/><net_sink comp="3048" pin=0"/></net>

<net id="4089"><net_src comp="844" pin="1"/><net_sink comp="4086" pin=0"/></net>

<net id="4090"><net_src comp="4086" pin="1"/><net_sink comp="1035" pin=99"/></net>

<net id="4091"><net_src comp="4086" pin="1"/><net_sink comp="3044" pin=0"/></net>

<net id="4095"><net_src comp="848" pin="1"/><net_sink comp="4092" pin=0"/></net>

<net id="4096"><net_src comp="4092" pin="1"/><net_sink comp="1035" pin=98"/></net>

<net id="4097"><net_src comp="4092" pin="1"/><net_sink comp="3040" pin=0"/></net>

<net id="4101"><net_src comp="852" pin="1"/><net_sink comp="4098" pin=0"/></net>

<net id="4102"><net_src comp="4098" pin="1"/><net_sink comp="1035" pin=97"/></net>

<net id="4103"><net_src comp="4098" pin="1"/><net_sink comp="3036" pin=0"/></net>

<net id="4107"><net_src comp="856" pin="1"/><net_sink comp="4104" pin=0"/></net>

<net id="4108"><net_src comp="4104" pin="1"/><net_sink comp="1035" pin=96"/></net>

<net id="4109"><net_src comp="4104" pin="1"/><net_sink comp="3032" pin=0"/></net>

<net id="4113"><net_src comp="860" pin="1"/><net_sink comp="4110" pin=0"/></net>

<net id="4114"><net_src comp="4110" pin="1"/><net_sink comp="1035" pin=95"/></net>

<net id="4115"><net_src comp="4110" pin="1"/><net_sink comp="3028" pin=0"/></net>

<net id="4119"><net_src comp="864" pin="1"/><net_sink comp="4116" pin=0"/></net>

<net id="4120"><net_src comp="4116" pin="1"/><net_sink comp="1035" pin=94"/></net>

<net id="4121"><net_src comp="4116" pin="1"/><net_sink comp="3024" pin=0"/></net>

<net id="4125"><net_src comp="868" pin="1"/><net_sink comp="4122" pin=0"/></net>

<net id="4126"><net_src comp="4122" pin="1"/><net_sink comp="1035" pin=93"/></net>

<net id="4127"><net_src comp="4122" pin="1"/><net_sink comp="3020" pin=0"/></net>

<net id="4131"><net_src comp="872" pin="1"/><net_sink comp="4128" pin=0"/></net>

<net id="4132"><net_src comp="4128" pin="1"/><net_sink comp="1035" pin=92"/></net>

<net id="4133"><net_src comp="4128" pin="1"/><net_sink comp="3016" pin=0"/></net>

<net id="4137"><net_src comp="876" pin="1"/><net_sink comp="4134" pin=0"/></net>

<net id="4138"><net_src comp="4134" pin="1"/><net_sink comp="1035" pin=91"/></net>

<net id="4139"><net_src comp="4134" pin="1"/><net_sink comp="3012" pin=0"/></net>

<net id="4143"><net_src comp="880" pin="1"/><net_sink comp="4140" pin=0"/></net>

<net id="4144"><net_src comp="4140" pin="1"/><net_sink comp="1035" pin=90"/></net>

<net id="4145"><net_src comp="4140" pin="1"/><net_sink comp="3008" pin=0"/></net>

<net id="4149"><net_src comp="884" pin="1"/><net_sink comp="4146" pin=0"/></net>

<net id="4150"><net_src comp="4146" pin="1"/><net_sink comp="1035" pin=89"/></net>

<net id="4151"><net_src comp="4146" pin="1"/><net_sink comp="3004" pin=0"/></net>

<net id="4155"><net_src comp="888" pin="1"/><net_sink comp="4152" pin=0"/></net>

<net id="4156"><net_src comp="4152" pin="1"/><net_sink comp="1035" pin=88"/></net>

<net id="4157"><net_src comp="4152" pin="1"/><net_sink comp="3000" pin=0"/></net>

<net id="4161"><net_src comp="892" pin="1"/><net_sink comp="4158" pin=0"/></net>

<net id="4162"><net_src comp="4158" pin="1"/><net_sink comp="1035" pin=87"/></net>

<net id="4163"><net_src comp="4158" pin="1"/><net_sink comp="2996" pin=0"/></net>

<net id="4167"><net_src comp="896" pin="1"/><net_sink comp="4164" pin=0"/></net>

<net id="4168"><net_src comp="4164" pin="1"/><net_sink comp="1035" pin=86"/></net>

<net id="4169"><net_src comp="4164" pin="1"/><net_sink comp="2992" pin=0"/></net>

<net id="4173"><net_src comp="900" pin="1"/><net_sink comp="4170" pin=0"/></net>

<net id="4174"><net_src comp="4170" pin="1"/><net_sink comp="1035" pin=85"/></net>

<net id="4175"><net_src comp="4170" pin="1"/><net_sink comp="2988" pin=0"/></net>

<net id="4179"><net_src comp="904" pin="1"/><net_sink comp="4176" pin=0"/></net>

<net id="4180"><net_src comp="4176" pin="1"/><net_sink comp="1035" pin=84"/></net>

<net id="4181"><net_src comp="4176" pin="1"/><net_sink comp="2984" pin=0"/></net>

<net id="4185"><net_src comp="908" pin="1"/><net_sink comp="4182" pin=0"/></net>

<net id="4186"><net_src comp="4182" pin="1"/><net_sink comp="1035" pin=83"/></net>

<net id="4187"><net_src comp="4182" pin="1"/><net_sink comp="2980" pin=0"/></net>

<net id="4191"><net_src comp="912" pin="1"/><net_sink comp="4188" pin=0"/></net>

<net id="4192"><net_src comp="4188" pin="1"/><net_sink comp="1035" pin=82"/></net>

<net id="4193"><net_src comp="4188" pin="1"/><net_sink comp="2976" pin=0"/></net>

<net id="4197"><net_src comp="916" pin="1"/><net_sink comp="4194" pin=0"/></net>

<net id="4198"><net_src comp="4194" pin="1"/><net_sink comp="1035" pin=81"/></net>

<net id="4199"><net_src comp="4194" pin="1"/><net_sink comp="2972" pin=0"/></net>

<net id="4203"><net_src comp="920" pin="1"/><net_sink comp="4200" pin=0"/></net>

<net id="4204"><net_src comp="4200" pin="1"/><net_sink comp="1035" pin=80"/></net>

<net id="4205"><net_src comp="4200" pin="1"/><net_sink comp="2968" pin=0"/></net>

<net id="4209"><net_src comp="924" pin="1"/><net_sink comp="4206" pin=0"/></net>

<net id="4210"><net_src comp="4206" pin="1"/><net_sink comp="1035" pin=79"/></net>

<net id="4211"><net_src comp="4206" pin="1"/><net_sink comp="2964" pin=0"/></net>

<net id="4215"><net_src comp="928" pin="1"/><net_sink comp="4212" pin=0"/></net>

<net id="4216"><net_src comp="4212" pin="1"/><net_sink comp="1035" pin=78"/></net>

<net id="4217"><net_src comp="4212" pin="1"/><net_sink comp="2960" pin=0"/></net>

<net id="4221"><net_src comp="932" pin="1"/><net_sink comp="4218" pin=0"/></net>

<net id="4222"><net_src comp="4218" pin="1"/><net_sink comp="1035" pin=77"/></net>

<net id="4223"><net_src comp="4218" pin="1"/><net_sink comp="2956" pin=0"/></net>

<net id="4227"><net_src comp="936" pin="1"/><net_sink comp="4224" pin=0"/></net>

<net id="4228"><net_src comp="4224" pin="1"/><net_sink comp="1035" pin=76"/></net>

<net id="4229"><net_src comp="4224" pin="1"/><net_sink comp="2952" pin=0"/></net>

<net id="4233"><net_src comp="940" pin="1"/><net_sink comp="4230" pin=0"/></net>

<net id="4234"><net_src comp="4230" pin="1"/><net_sink comp="1035" pin=75"/></net>

<net id="4235"><net_src comp="4230" pin="1"/><net_sink comp="2948" pin=0"/></net>

<net id="4239"><net_src comp="944" pin="1"/><net_sink comp="4236" pin=0"/></net>

<net id="4240"><net_src comp="4236" pin="1"/><net_sink comp="1035" pin=74"/></net>

<net id="4241"><net_src comp="4236" pin="1"/><net_sink comp="2944" pin=0"/></net>

<net id="4245"><net_src comp="948" pin="1"/><net_sink comp="4242" pin=0"/></net>

<net id="4246"><net_src comp="4242" pin="1"/><net_sink comp="1035" pin=73"/></net>

<net id="4247"><net_src comp="4242" pin="1"/><net_sink comp="2940" pin=0"/></net>

<net id="4251"><net_src comp="952" pin="1"/><net_sink comp="4248" pin=0"/></net>

<net id="4252"><net_src comp="4248" pin="1"/><net_sink comp="1035" pin=72"/></net>

<net id="4253"><net_src comp="4248" pin="1"/><net_sink comp="2936" pin=0"/></net>

<net id="4257"><net_src comp="956" pin="1"/><net_sink comp="4254" pin=0"/></net>

<net id="4258"><net_src comp="4254" pin="1"/><net_sink comp="1035" pin=71"/></net>

<net id="4259"><net_src comp="4254" pin="1"/><net_sink comp="2932" pin=0"/></net>

<net id="4263"><net_src comp="960" pin="1"/><net_sink comp="4260" pin=0"/></net>

<net id="4264"><net_src comp="4260" pin="1"/><net_sink comp="1035" pin=70"/></net>

<net id="4265"><net_src comp="4260" pin="1"/><net_sink comp="2928" pin=0"/></net>

<net id="4269"><net_src comp="964" pin="1"/><net_sink comp="4266" pin=0"/></net>

<net id="4270"><net_src comp="4266" pin="1"/><net_sink comp="1035" pin=69"/></net>

<net id="4271"><net_src comp="4266" pin="1"/><net_sink comp="2924" pin=0"/></net>

<net id="4275"><net_src comp="968" pin="1"/><net_sink comp="4272" pin=0"/></net>

<net id="4276"><net_src comp="4272" pin="1"/><net_sink comp="1035" pin=68"/></net>

<net id="4277"><net_src comp="4272" pin="1"/><net_sink comp="2920" pin=0"/></net>

<net id="4281"><net_src comp="972" pin="1"/><net_sink comp="4278" pin=0"/></net>

<net id="4282"><net_src comp="4278" pin="1"/><net_sink comp="1035" pin=67"/></net>

<net id="4283"><net_src comp="4278" pin="1"/><net_sink comp="2916" pin=0"/></net>

<net id="4287"><net_src comp="976" pin="1"/><net_sink comp="4284" pin=0"/></net>

<net id="4288"><net_src comp="4284" pin="1"/><net_sink comp="1035" pin=66"/></net>

<net id="4289"><net_src comp="4284" pin="1"/><net_sink comp="2912" pin=0"/></net>

<net id="4293"><net_src comp="980" pin="1"/><net_sink comp="4290" pin=0"/></net>

<net id="4294"><net_src comp="4290" pin="1"/><net_sink comp="1035" pin=65"/></net>

<net id="4295"><net_src comp="4290" pin="1"/><net_sink comp="2908" pin=0"/></net>

<net id="4299"><net_src comp="988" pin="2"/><net_sink comp="4296" pin=0"/></net>

<net id="4300"><net_src comp="4296" pin="1"/><net_sink comp="2417" pin=0"/></net>

<net id="4301"><net_src comp="4296" pin="1"/><net_sink comp="2436" pin=0"/></net>

<net id="4302"><net_src comp="4296" pin="1"/><net_sink comp="1035" pin=59"/></net>

<net id="4303"><net_src comp="4296" pin="1"/><net_sink comp="1035" pin=62"/></net>

<net id="4307"><net_src comp="1000" pin="2"/><net_sink comp="4304" pin=0"/></net>

<net id="4308"><net_src comp="4304" pin="1"/><net_sink comp="2439" pin=0"/></net>

<net id="4309"><net_src comp="4304" pin="1"/><net_sink comp="2580" pin=1"/></net>

<net id="4310"><net_src comp="4304" pin="1"/><net_sink comp="2589" pin=1"/></net>

<net id="4311"><net_src comp="4304" pin="1"/><net_sink comp="2599" pin=1"/></net>

<net id="4312"><net_src comp="4304" pin="1"/><net_sink comp="2609" pin=1"/></net>

<net id="4313"><net_src comp="4304" pin="1"/><net_sink comp="2619" pin=1"/></net>

<net id="4314"><net_src comp="4304" pin="1"/><net_sink comp="2629" pin=1"/></net>

<net id="4315"><net_src comp="4304" pin="1"/><net_sink comp="2639" pin=1"/></net>

<net id="4316"><net_src comp="4304" pin="1"/><net_sink comp="2649" pin=1"/></net>

<net id="4317"><net_src comp="4304" pin="1"/><net_sink comp="1408" pin=124"/></net>

<net id="4318"><net_src comp="4304" pin="1"/><net_sink comp="1408" pin=129"/></net>

<net id="4319"><net_src comp="4304" pin="1"/><net_sink comp="1408" pin=132"/></net>

<net id="4320"><net_src comp="4304" pin="1"/><net_sink comp="1408" pin=138"/></net>

<net id="4321"><net_src comp="4304" pin="1"/><net_sink comp="1831" pin=12"/></net>

<net id="4325"><net_src comp="1012" pin="2"/><net_sink comp="4322" pin=0"/></net>

<net id="4326"><net_src comp="4322" pin="1"/><net_sink comp="1035" pin=61"/></net>

<net id="4327"><net_src comp="4322" pin="1"/><net_sink comp="1831" pin=11"/></net>

<net id="4331"><net_src comp="2397" pin="4"/><net_sink comp="4328" pin=0"/></net>

<net id="4332"><net_src comp="4328" pin="1"/><net_sink comp="2445" pin=0"/></net>

<net id="4333"><net_src comp="4328" pin="1"/><net_sink comp="2484" pin=1"/></net>

<net id="4337"><net_src comp="2407" pin="4"/><net_sink comp="4334" pin=0"/></net>

<net id="4338"><net_src comp="4334" pin="1"/><net_sink comp="2442" pin=0"/></net>

<net id="4342"><net_src comp="2426" pin="4"/><net_sink comp="4339" pin=0"/></net>

<net id="4343"><net_src comp="4339" pin="1"/><net_sink comp="2539" pin=1"/></net>

<net id="4347"><net_src comp="2436" pin="1"/><net_sink comp="4344" pin=0"/></net>

<net id="4348"><net_src comp="4344" pin="1"/><net_sink comp="2510" pin=1"/></net>

<net id="4352"><net_src comp="2439" pin="1"/><net_sink comp="4349" pin=0"/></net>

<net id="4353"><net_src comp="4349" pin="1"/><net_sink comp="2575" pin=1"/></net>

<net id="4357"><net_src comp="2448" pin="2"/><net_sink comp="4354" pin=0"/></net>

<net id="4358"><net_src comp="4354" pin="1"/><net_sink comp="2461" pin=1"/></net>

<net id="4365"><net_src comp="2466" pin="2"/><net_sink comp="4362" pin=0"/></net>

<net id="4366"><net_src comp="4362" pin="1"/><net_sink comp="2659" pin=0"/></net>

<net id="4373"><net_src comp="2484" pin="2"/><net_sink comp="4370" pin=0"/></net>

<net id="4374"><net_src comp="4370" pin="1"/><net_sink comp="2501" pin=0"/></net>

<net id="4378"><net_src comp="2489" pin="3"/><net_sink comp="4375" pin=0"/></net>

<net id="4379"><net_src comp="4375" pin="1"/><net_sink comp="2663" pin=0"/></net>

<net id="4383"><net_src comp="2497" pin="1"/><net_sink comp="4380" pin=0"/></net>

<net id="4384"><net_src comp="4380" pin="1"/><net_sink comp="2507" pin=0"/></net>

<net id="4385"><net_src comp="4380" pin="1"/><net_sink comp="1035" pin=60"/></net>

<net id="4386"><net_src comp="4380" pin="1"/><net_sink comp="1831" pin=10"/></net>

<net id="4390"><net_src comp="2501" pin="3"/><net_sink comp="4387" pin=0"/></net>

<net id="4391"><net_src comp="4387" pin="1"/><net_sink comp="2654" pin=0"/></net>

<net id="4395"><net_src comp="2515" pin="3"/><net_sink comp="4392" pin=0"/></net>

<net id="4396"><net_src comp="4392" pin="1"/><net_sink comp="2566" pin=1"/></net>

<net id="4400"><net_src comp="2527" pin="3"/><net_sink comp="4397" pin=0"/></net>

<net id="4401"><net_src comp="4397" pin="1"/><net_sink comp="2580" pin=0"/></net>

<net id="4402"><net_src comp="4397" pin="1"/><net_sink comp="2584" pin=0"/></net>

<net id="4403"><net_src comp="4397" pin="1"/><net_sink comp="2594" pin=0"/></net>

<net id="4404"><net_src comp="4397" pin="1"/><net_sink comp="2604" pin=0"/></net>

<net id="4405"><net_src comp="4397" pin="1"/><net_sink comp="2614" pin=0"/></net>

<net id="4406"><net_src comp="4397" pin="1"/><net_sink comp="2624" pin=0"/></net>

<net id="4407"><net_src comp="4397" pin="1"/><net_sink comp="2634" pin=0"/></net>

<net id="4408"><net_src comp="4397" pin="1"/><net_sink comp="2644" pin=0"/></net>

<net id="4409"><net_src comp="4397" pin="1"/><net_sink comp="1408" pin=123"/></net>

<net id="4410"><net_src comp="4397" pin="1"/><net_sink comp="1831" pin=14"/></net>

<net id="4414"><net_src comp="2535" pin="1"/><net_sink comp="4411" pin=0"/></net>

<net id="4415"><net_src comp="4411" pin="1"/><net_sink comp="2903" pin=1"/></net>

<net id="4422"><net_src comp="2544" pin="2"/><net_sink comp="4419" pin=0"/></net>

<net id="4423"><net_src comp="4419" pin="1"/><net_sink comp="1028" pin=2"/></net>

<net id="4427"><net_src comp="2550" pin="1"/><net_sink comp="4424" pin=0"/></net>

<net id="4428"><net_src comp="4424" pin="1"/><net_sink comp="1408" pin=122"/></net>

<net id="4432"><net_src comp="2554" pin="3"/><net_sink comp="4429" pin=0"/></net>

<net id="4433"><net_src comp="4429" pin="1"/><net_sink comp="1035" pin=58"/></net>

<net id="4437"><net_src comp="2566" pin="2"/><net_sink comp="4434" pin=0"/></net>

<net id="4438"><net_src comp="4434" pin="1"/><net_sink comp="1035" pin=64"/></net>

<net id="4442"><net_src comp="2575" pin="2"/><net_sink comp="4439" pin=0"/></net>

<net id="4443"><net_src comp="4439" pin="1"/><net_sink comp="2896" pin=1"/></net>

<net id="4447"><net_src comp="2580" pin="2"/><net_sink comp="4444" pin=0"/></net>

<net id="4448"><net_src comp="4444" pin="1"/><net_sink comp="1831" pin=13"/></net>

<net id="4452"><net_src comp="2584" pin="2"/><net_sink comp="4449" pin=0"/></net>

<net id="4453"><net_src comp="4449" pin="1"/><net_sink comp="1831" pin=16"/></net>

<net id="4457"><net_src comp="2589" pin="2"/><net_sink comp="4454" pin=0"/></net>

<net id="4458"><net_src comp="4454" pin="1"/><net_sink comp="1831" pin=8"/></net>

<net id="4462"><net_src comp="2594" pin="2"/><net_sink comp="4459" pin=0"/></net>

<net id="4463"><net_src comp="4459" pin="1"/><net_sink comp="1831" pin=17"/></net>

<net id="4467"><net_src comp="2599" pin="2"/><net_sink comp="4464" pin=0"/></net>

<net id="4468"><net_src comp="4464" pin="1"/><net_sink comp="1831" pin=7"/></net>

<net id="4472"><net_src comp="2604" pin="2"/><net_sink comp="4469" pin=0"/></net>

<net id="4473"><net_src comp="4469" pin="1"/><net_sink comp="1831" pin=18"/></net>

<net id="4477"><net_src comp="2609" pin="2"/><net_sink comp="4474" pin=0"/></net>

<net id="4478"><net_src comp="4474" pin="1"/><net_sink comp="1831" pin=6"/></net>

<net id="4482"><net_src comp="2614" pin="2"/><net_sink comp="4479" pin=0"/></net>

<net id="4483"><net_src comp="4479" pin="1"/><net_sink comp="1831" pin=19"/></net>

<net id="4487"><net_src comp="2619" pin="2"/><net_sink comp="4484" pin=0"/></net>

<net id="4488"><net_src comp="4484" pin="1"/><net_sink comp="1831" pin=5"/></net>

<net id="4492"><net_src comp="2624" pin="2"/><net_sink comp="4489" pin=0"/></net>

<net id="4493"><net_src comp="4489" pin="1"/><net_sink comp="1831" pin=20"/></net>

<net id="4497"><net_src comp="2629" pin="2"/><net_sink comp="4494" pin=0"/></net>

<net id="4498"><net_src comp="4494" pin="1"/><net_sink comp="1831" pin=4"/></net>

<net id="4502"><net_src comp="2634" pin="2"/><net_sink comp="4499" pin=0"/></net>

<net id="4503"><net_src comp="4499" pin="1"/><net_sink comp="1831" pin=21"/></net>

<net id="4507"><net_src comp="2639" pin="2"/><net_sink comp="4504" pin=0"/></net>

<net id="4508"><net_src comp="4504" pin="1"/><net_sink comp="1831" pin=3"/></net>

<net id="4512"><net_src comp="2644" pin="2"/><net_sink comp="4509" pin=0"/></net>

<net id="4513"><net_src comp="4509" pin="1"/><net_sink comp="1831" pin=22"/></net>

<net id="4517"><net_src comp="2649" pin="2"/><net_sink comp="4514" pin=0"/></net>

<net id="4518"><net_src comp="4514" pin="1"/><net_sink comp="1831" pin=2"/></net>

<net id="4690"><net_src comp="2903" pin="2"/><net_sink comp="4687" pin=0"/></net>

<net id="4691"><net_src comp="4687" pin="1"/><net_sink comp="1408" pin=127"/></net>

</net_list>

</model> 
---------------- Datapath Model END ------------------

* FSMD analyzer results:
  - Output states:
	Port: ca | {11 12 }
	Port: mxm_execute_ursa_signed_char_unsigned_short_unsigned_char_unsigned_short_i_234 | {7 8 9 10 }
	Port: mxm_execute_ursa_signed_char_unsigned_short_unsigned_char_unsigned_short_i_233 | {7 8 9 10 }
	Port: mxm_execute_ursa_signed_char_unsigned_short_unsigned_char_unsigned_short_i_231 | {7 8 9 10 }
	Port: mxm_execute_ursa_signed_char_unsigned_short_unsigned_char_unsigned_short_i_230 | {7 8 9 10 }
	Port: mxm_execute_ursa_signed_char_unsigned_short_unsigned_char_unsigned_short_i_229 | {7 8 9 10 }
	Port: mxm_execute_ursa_signed_char_unsigned_short_unsigned_char_unsigned_short_i_228 | {7 8 9 10 }
	Port: mxm_execute_ursa_signed_char_unsigned_short_unsigned_char_unsigned_short_i_227 | {7 8 9 10 }
	Port: mxm_execute_ursa_signed_char_unsigned_short_unsigned_char_unsigned_short_i_226 | {7 8 9 10 }
	Port: mxm_execute_ursa_signed_char_unsigned_short_unsigned_char_unsigned_short_i_225 | {7 8 9 10 }
	Port: mxm_execute_ursa_signed_char_unsigned_short_unsigned_char_unsigned_short_i_224 | {7 8 9 10 }
	Port: mxm_execute_ursa_signed_char_unsigned_short_unsigned_char_unsigned_short_i_223 | {7 8 9 10 }
	Port: mxm_execute_ursa_signed_char_unsigned_short_unsigned_char_unsigned_short_i_222 | {7 8 9 10 }
	Port: mxm_execute_ursa_signed_char_unsigned_short_unsigned_char_unsigned_short_i_220 | {7 8 9 10 }
	Port: mxm_execute_ursa_signed_char_unsigned_short_unsigned_char_unsigned_short_i_219 | {7 8 9 10 }
	Port: mxm_execute_ursa_signed_char_unsigned_short_unsigned_char_unsigned_short_i_218 | {7 8 9 10 }
	Port: mxm_execute_ursa_signed_char_unsigned_short_unsigned_char_unsigned_short_i_217 | {7 8 9 10 }
	Port: mxm_execute_ursa_signed_char_unsigned_short_unsigned_char_unsigned_short_i_216 | {7 8 9 10 }
	Port: mxm_execute_ursa_signed_char_unsigned_short_unsigned_char_unsigned_short_i_215 | {7 8 9 10 }
	Port: mxm_execute_ursa_signed_char_unsigned_short_unsigned_char_unsigned_short_i_214 | {7 8 9 10 }
	Port: mxm_execute_ursa_signed_char_unsigned_short_unsigned_char_unsigned_short_i_213 | {7 8 9 10 }
	Port: mxm_execute_ursa_signed_char_unsigned_short_unsigned_char_unsigned_short_i_212 | {7 8 9 10 }
	Port: mxm_execute_ursa_signed_char_unsigned_short_unsigned_char_unsigned_short_i_211 | {7 8 9 10 }
	Port: mxm_execute_ursa_signed_char_unsigned_short_unsigned_char_unsigned_short_i_209 | {7 8 9 10 }
	Port: mxm_execute_ursa_signed_char_unsigned_short_unsigned_char_unsigned_short_i_208 | {7 8 9 10 }
	Port: mxm_execute_ursa_signed_char_unsigned_short_unsigned_char_unsigned_short_i_207 | {7 8 9 10 }
	Port: mxm_execute_ursa_signed_char_unsigned_short_unsigned_char_unsigned_short_i_206 | {7 8 9 10 }
	Port: mxm_execute_ursa_signed_char_unsigned_short_unsigned_char_unsigned_short_i_205 | {7 8 9 10 }
	Port: mxm_execute_ursa_signed_char_unsigned_short_unsigned_char_unsigned_short_i_204 | {7 8 9 10 }
	Port: mxm_execute_ursa_signed_char_unsigned_short_unsigned_char_unsigned_short_i_203 | {7 8 9 10 }
	Port: mxm_execute_ursa_signed_char_unsigned_short_unsigned_char_unsigned_short_i_202 | {7 8 9 10 }
	Port: mxm_execute_ursa_signed_char_unsigned_short_unsigned_char_unsigned_short_i_201 | {7 8 9 10 }
	Port: mxm_execute_ursa_signed_char_unsigned_short_unsigned_char_unsigned_short_i_200 | {7 8 9 10 }
	Port: mxm_execute_ursa_signed_char_unsigned_short_unsigned_char_unsigned_short_i_198 | {7 8 9 10 }
	Port: mxm_execute_ursa_signed_char_unsigned_short_unsigned_char_unsigned_short_i_197 | {7 8 9 10 }
	Port: mxm_execute_ursa_signed_char_unsigned_short_unsigned_char_unsigned_short_i_196 | {7 8 9 10 }
	Port: mxm_execute_ursa_signed_char_unsigned_short_unsigned_char_unsigned_short_i_195 | {7 8 9 10 }
	Port: mxm_execute_ursa_signed_char_unsigned_short_unsigned_char_unsigned_short_i_194 | {7 8 9 10 }
	Port: mxm_execute_ursa_signed_char_unsigned_short_unsigned_char_unsigned_short_i_193 | {7 8 9 10 }
	Port: mxm_execute_ursa_signed_char_unsigned_short_unsigned_char_unsigned_short_i_192 | {7 8 9 10 }
	Port: mxm_execute_ursa_signed_char_unsigned_short_unsigned_char_unsigned_short_i_191 | {7 8 9 10 }
	Port: mxm_execute_ursa_signed_char_unsigned_short_unsigned_char_unsigned_short_i_190 | {7 8 9 10 }
	Port: mxm_execute_ursa_signed_char_unsigned_short_unsigned_char_unsigned_short_i_189 | {7 8 9 10 }
	Port: mxm_execute_ursa_signed_char_unsigned_short_unsigned_char_unsigned_short_i_187 | {7 8 9 10 }
	Port: mxm_execute_ursa_signed_char_unsigned_short_unsigned_char_unsigned_short_i_186 | {7 8 9 10 }
	Port: mxm_execute_ursa_signed_char_unsigned_short_unsigned_char_unsigned_short_i_185 | {7 8 9 10 }
	Port: mxm_execute_ursa_signed_char_unsigned_short_unsigned_char_unsigned_short_i_184 | {7 8 9 10 }
	Port: mxm_execute_ursa_signed_char_unsigned_short_unsigned_char_unsigned_short_i_183 | {7 8 9 10 }
	Port: mxm_execute_ursa_signed_char_unsigned_short_unsigned_char_unsigned_short_i_182 | {7 8 9 10 }
	Port: mxm_execute_ursa_signed_char_unsigned_short_unsigned_char_unsigned_short_i_181 | {7 8 9 10 }
	Port: mxm_execute_ursa_signed_char_unsigned_short_unsigned_char_unsigned_short_i_180 | {7 8 9 10 }
	Port: mxm_execute_ursa_signed_char_unsigned_short_unsigned_char_unsigned_short_i_179 | {7 8 9 10 }
	Port: mxm_execute_ursa_signed_char_unsigned_short_unsigned_char_unsigned_short_i_178 | {7 8 9 10 }
	Port: mxm_execute_ursa_signed_char_unsigned_short_unsigned_char_unsigned_short_i_4 | {7 8 9 10 }
	Port: mxm_execute_ursa_signed_char_unsigned_short_unsigned_char_unsigned_short_i_13 | {7 8 9 10 }
	Port: mxm_execute_ursa_signed_char_unsigned_short_unsigned_char_unsigned_short_i_22 | {7 8 9 10 }
	Port: mxm_execute_ursa_signed_char_unsigned_short_unsigned_char_unsigned_short_i_30 | {7 8 9 10 }
	Port: mxm_execute_ursa_signed_char_unsigned_short_unsigned_char_unsigned_short_i_39 | {7 8 }
	Port: mxm_execute_ursa_signed_char_unsigned_short_unsigned_char_unsigned_short_i_40 | {7 8 }
	Port: mxm_execute_ursa_signed_char_unsigned_short_unsigned_char_unsigned_short_i_41 | {7 8 }
	Port: mxm_execute_ursa_signed_char_unsigned_short_unsigned_char_unsigned_short_i_42 | {7 8 }
	Port: mxm_execute_ursa_signed_char_unsigned_short_unsigned_char_unsigned_short_i_44 | {7 8 }
	Port: mxm_execute_ursa_signed_char_unsigned_short_unsigned_char_unsigned_short_i_45 | {7 8 }
	Port: mxm_execute_ursa_signed_char_unsigned_short_unsigned_char_unsigned_short_i_46 | {7 8 }
	Port: mxm_execute_ursa_signed_char_unsigned_short_unsigned_char_unsigned_short_i_47 | {7 8 }
	Port: mxm_execute_ursa_signed_char_unsigned_short_unsigned_char_unsigned_short_i_48 | {7 8 }
	Port: mxm_execute_ursa_signed_char_unsigned_short_unsigned_char_unsigned_short_i_49 | {7 8 }
	Port: mxm_execute_ursa_signed_char_unsigned_short_unsigned_char_unsigned_short_i_50 | {7 8 }
	Port: mxm_execute_ursa_signed_char_unsigned_short_unsigned_char_unsigned_short_i_51 | {7 8 }
	Port: mxm_execute_ursa_signed_char_unsigned_short_unsigned_char_unsigned_short_i_52 | {7 8 }
	Port: mxm_execute_ursa_signed_char_unsigned_short_unsigned_char_unsigned_short_i_53 | {7 8 }
	Port: mxm_execute_ursa_signed_char_unsigned_short_unsigned_char_unsigned_short_i_55 | {7 8 }
	Port: mxm_execute_ursa_signed_char_unsigned_short_unsigned_char_unsigned_short_i_56 | {7 8 }
	Port: mxm_execute_ursa_signed_char_unsigned_short_unsigned_char_unsigned_short_i_57 | {7 8 }
	Port: mxm_execute_ursa_signed_char_unsigned_short_unsigned_char_unsigned_short_i_58 | {7 8 }
	Port: mxm_execute_ursa_signed_char_unsigned_short_unsigned_char_unsigned_short_i_59 | {7 8 }
	Port: mxm_execute_ursa_signed_char_unsigned_short_unsigned_char_unsigned_short_i_60 | {7 8 }
	Port: mxm_execute_ursa_signed_char_unsigned_short_unsigned_char_unsigned_short_i_61 | {7 8 }
	Port: mxm_execute_ursa_signed_char_unsigned_short_unsigned_char_unsigned_short_i_62 | {7 8 }
	Port: mxm_execute_ursa_signed_char_unsigned_short_unsigned_char_unsigned_short_i_63 | {7 8 }
	Port: mxm_execute_ursa_signed_char_unsigned_short_unsigned_char_unsigned_short_i_64 | {7 8 }
	Port: mxm_execute_ursa_signed_char_unsigned_short_unsigned_char_unsigned_short_i_66 | {7 8 }
	Port: mxm_execute_ursa_signed_char_unsigned_short_unsigned_char_unsigned_short_i_67 | {7 8 }
	Port: mxm_execute_ursa_signed_char_unsigned_short_unsigned_char_unsigned_short_i_68 | {7 8 }
	Port: mxm_execute_ursa_signed_char_unsigned_short_unsigned_char_unsigned_short_i_69 | {7 8 }
	Port: mxm_execute_ursa_signed_char_unsigned_short_unsigned_char_unsigned_short_i_70 | {7 8 }
	Port: mxm_execute_ursa_signed_char_unsigned_short_unsigned_char_unsigned_short_i_71 | {7 8 }
	Port: mxm_execute_ursa_signed_char_unsigned_short_unsigned_char_unsigned_short_i_72 | {7 8 }
	Port: mxm_execute_ursa_signed_char_unsigned_short_unsigned_char_unsigned_short_i_73 | {7 8 }
	Port: mxm_execute_ursa_signed_char_unsigned_short_unsigned_char_unsigned_short_i_74 | {7 8 }
	Port: mxm_execute_ursa_signed_char_unsigned_short_unsigned_char_unsigned_short_i_75 | {7 8 }
	Port: mxm_execute_ursa_signed_char_unsigned_short_unsigned_char_unsigned_short_i_77 | {7 8 }
	Port: mxm_execute_ursa_signed_char_unsigned_short_unsigned_char_unsigned_short_i_78 | {7 8 }
	Port: mxm_execute_ursa_signed_char_unsigned_short_unsigned_char_unsigned_short_i_79 | {7 8 }
	Port: mxm_execute_ursa_signed_char_unsigned_short_unsigned_char_unsigned_short_i_80 | {7 8 }
	Port: mxm_execute_ursa_signed_char_unsigned_short_unsigned_char_unsigned_short_i_81 | {7 8 }
	Port: mxm_execute_ursa_signed_char_unsigned_short_unsigned_char_unsigned_short_i_82 | {7 8 }
	Port: mxm_execute_ursa_signed_char_unsigned_short_unsigned_char_unsigned_short_i_83 | {7 8 }
	Port: mxm_execute_ursa_signed_char_unsigned_short_unsigned_char_unsigned_short_i_84 | {7 8 }
	Port: mxm_execute_ursa_signed_char_unsigned_short_unsigned_char_unsigned_short_i_85 | {7 8 }
	Port: mxm_execute_ursa_signed_char_unsigned_short_unsigned_char_unsigned_short_i_86 | {7 8 }
	Port: mxm_execute_ursa_signed_char_unsigned_short_unsigned_char_unsigned_short_i_88 | {7 8 }
	Port: mxm_execute_ursa_signed_char_unsigned_short_unsigned_char_unsigned_short_i_89 | {7 8 }
	Port: mxm_execute_ursa_signed_char_unsigned_short_unsigned_char_unsigned_short_i_96 | {7 8 }
	Port: mxm_execute_ursa_signed_char_unsigned_short_unsigned_char_unsigned_short_i_243 | {7 8 }
	Port: mxm_execute_ursa_signed_char_unsigned_short_unsigned_char_unsigned_short_i_232 | {7 8 }
	Port: mxm_execute_ursa_signed_char_unsigned_short_unsigned_char_unsigned_short_i_221 | {7 8 }
	Port: mxm_execute_ursa_signed_char_unsigned_short_unsigned_char_unsigned_short_i_210 | {7 8 }
	Port: mxm_execute_ursa_signed_char_unsigned_short_unsigned_char_unsigned_short_i_199 | {7 8 }
	Port: mxm_execute_ursa_signed_char_unsigned_short_unsigned_char_unsigned_short_i_188 | {7 8 }
	Port: mxm_execute_ursa_signed_char_unsigned_short_unsigned_char_unsigned_short_i_177 | {7 8 }
	Port: mxm_execute_ursa_signed_char_unsigned_short_unsigned_char_unsigned_short_i_10 | {7 8 }
	Port: mxm_execute_ursa_signed_char_unsigned_short_unsigned_char_unsigned_short_i_21 | {7 8 }
	Port: mxm_execute_ursa_signed_char_unsigned_short_unsigned_char_unsigned_short_i_32 | {7 8 }
	Port: mxm_execute_ursa_signed_char_unsigned_short_unsigned_char_unsigned_short_i_43 | {7 8 }
	Port: mxm_execute_ursa_signed_char_unsigned_short_unsigned_char_unsigned_short_i_54 | {7 8 }
	Port: mxm_execute_ursa_signed_char_unsigned_short_unsigned_char_unsigned_short_i_65 | {7 8 }
	Port: mxm_execute_ursa_signed_char_unsigned_short_unsigned_char_unsigned_short_i_76 | {7 8 }
	Port: mxm_execute_ursa_signed_char_unsigned_short_unsigned_char_unsigned_short_i_87 | {7 8 }
	Port: mxm_execute_ursa_signed_char_unsigned_short_unsigned_char_unsigned_short_i_176 | {7 8 }
	Port: mxm_execute_ursa_signed_char_unsigned_short_unsigned_char_unsigned_short_i_175 | {7 8 }
	Port: mxm_execute_ursa_signed_char_unsigned_short_unsigned_char_unsigned_short_i_249 | {9 10 }
	Port: mxm_execute_ursa_signed_char_unsigned_short_unsigned_char_unsigned_short_i_248 | {9 10 }
	Port: mxm_execute_ursa_signed_char_unsigned_short_unsigned_char_unsigned_short_i_247 | {9 10 }
	Port: mxm_execute_ursa_signed_char_unsigned_short_unsigned_char_unsigned_short_i_246 | {9 10 }
	Port: mxm_execute_ursa_signed_char_unsigned_short_unsigned_char_unsigned_short_i_245 | {9 10 }
	Port: mxm_execute_ursa_signed_char_unsigned_short_unsigned_char_unsigned_short_i_244 | {9 10 }
	Port: mxm_execute_ursa_signed_char_unsigned_short_unsigned_char_unsigned_short_i_242 | {9 10 }
	Port: mxm_execute_ursa_signed_char_unsigned_short_unsigned_char_unsigned_short_i_241 | {9 10 }
	Port: mxm_execute_ursa_signed_char_unsigned_short_unsigned_char_unsigned_short_i_240 | {9 10 }
	Port: mxm_execute_ursa_signed_char_unsigned_short_unsigned_char_unsigned_short_i_239 | {9 10 }
	Port: mxm_execute_ursa_signed_char_unsigned_short_unsigned_char_unsigned_short_i_238 | {9 10 }
	Port: mxm_execute_ursa_signed_char_unsigned_short_unsigned_char_unsigned_short_i_237 | {9 10 }
	Port: mxm_execute_ursa_signed_char_unsigned_short_unsigned_char_unsigned_short_i_236 | {9 10 }
	Port: mxm_execute_ursa_signed_char_unsigned_short_unsigned_char_unsigned_short_i_235 | {9 10 }
	Port: mxm_execute_ursa_signed_char_unsigned_short_unsigned_char_unsigned_short_i_38 | {9 10 }
	Port: mxm_execute_ursa_signed_char_unsigned_short_unsigned_char_unsigned_short_i_29 | {9 10 }
	Port: mxm_execute_ursa_signed_char_unsigned_short_unsigned_char_unsigned_short_i_20 | {9 10 }
	Port: mxm_execute_ursa_signed_char_unsigned_short_unsigned_char_unsigned_short_i_12 | {9 10 }
	Port: mxm_execute_ursa_signed_char_unsigned_short_unsigned_char_unsigned_short_i_3 | {9 10 }
	Port: mxm_execute_ursa_signed_char_unsigned_short_unsigned_char_unsigned_short_i_93 | {9 10 }
	Port: mxm_execute_ursa_signed_char_unsigned_short_unsigned_char_unsigned_short_i_37 | {9 10 }
	Port: mxm_execute_ursa_signed_char_unsigned_short_unsigned_char_unsigned_short_i_28 | {9 10 }
	Port: mxm_execute_ursa_signed_char_unsigned_short_unsigned_char_unsigned_short_i_19 | {9 10 }
	Port: mxm_execute_ursa_signed_char_unsigned_short_unsigned_char_unsigned_short_i_11 | {9 10 }
	Port: mxm_execute_ursa_signed_char_unsigned_short_unsigned_char_unsigned_short_i_2 | {9 10 }
	Port: mxm_execute_ursa_signed_char_unsigned_short_unsigned_char_unsigned_short_i_94 | {9 10 }
	Port: mxm_execute_ursa_signed_char_unsigned_short_unsigned_char_unsigned_short_i_36 | {9 10 }
	Port: mxm_execute_ursa_signed_char_unsigned_short_unsigned_char_unsigned_short_i_27 | {9 10 }
	Port: mxm_execute_ursa_signed_char_unsigned_short_unsigned_char_unsigned_short_i_18 | {9 10 }
	Port: mxm_execute_ursa_signed_char_unsigned_short_unsigned_char_unsigned_short_i_9 | {9 10 }
	Port: mxm_execute_ursa_signed_char_unsigned_short_unsigned_char_unsigned_short_i_1 | {9 10 }
	Port: mxm_execute_ursa_signed_char_unsigned_short_unsigned_char_unsigned_short_i_95 | {9 10 }
	Port: mxm_execute_ursa_signed_char_unsigned_short_unsigned_char_unsigned_short_i_35 | {9 10 }
	Port: mxm_execute_ursa_signed_char_unsigned_short_unsigned_char_unsigned_short_i_26 | {9 10 }
	Port: mxm_execute_ursa_signed_char_unsigned_short_unsigned_char_unsigned_short_i_17 | {9 10 }
	Port: mxm_execute_ursa_signed_char_unsigned_short_unsigned_char_unsigned_short_i_8 | {9 10 }
	Port: mxm_execute_ursa_signed_char_unsigned_short_unsigned_char_unsigned_short_i | {9 10 }
	Port: mxm_execute_ursa_signed_char_unsigned_short_unsigned_char_unsigned_short_i_97 | {9 10 }
	Port: mxm_execute_ursa_signed_char_unsigned_short_unsigned_char_unsigned_short_i_34 | {9 10 }
	Port: mxm_execute_ursa_signed_char_unsigned_short_unsigned_char_unsigned_short_i_25 | {9 10 }
	Port: mxm_execute_ursa_signed_char_unsigned_short_unsigned_char_unsigned_short_i_16 | {9 10 }
	Port: mxm_execute_ursa_signed_char_unsigned_short_unsigned_char_unsigned_short_i_7 | {9 10 }
	Port: mxm_execute_ursa_signed_char_unsigned_short_unsigned_char_unsigned_short_i_90 | {9 10 }
	Port: mxm_execute_ursa_signed_char_unsigned_short_unsigned_char_unsigned_short_i_98 | {9 10 }
	Port: mxm_execute_ursa_signed_char_unsigned_short_unsigned_char_unsigned_short_i_33 | {9 10 }
	Port: mxm_execute_ursa_signed_char_unsigned_short_unsigned_char_unsigned_short_i_24 | {9 10 }
	Port: mxm_execute_ursa_signed_char_unsigned_short_unsigned_char_unsigned_short_i_15 | {9 10 }
	Port: mxm_execute_ursa_signed_char_unsigned_short_unsigned_char_unsigned_short_i_6 | {9 10 }
	Port: mxm_execute_ursa_signed_char_unsigned_short_unsigned_char_unsigned_short_i_91 | {9 10 }
	Port: mxm_execute_ursa_signed_char_unsigned_short_unsigned_char_unsigned_short_i_99 | {9 10 }
	Port: mxm_execute_ursa_signed_char_unsigned_short_unsigned_char_unsigned_short_i_31 | {9 10 }
	Port: mxm_execute_ursa_signed_char_unsigned_short_unsigned_char_unsigned_short_i_23 | {9 10 }
	Port: mxm_execute_ursa_signed_char_unsigned_short_unsigned_char_unsigned_short_i_14 | {9 10 }
	Port: mxm_execute_ursa_signed_char_unsigned_short_unsigned_char_unsigned_short_i_5 | {9 10 }
	Port: mxm_execute_ursa_signed_char_unsigned_short_unsigned_char_unsigned_short_i_92 | {9 10 }
	Port: mxm_execute_ursa_signed_char_unsigned_short_unsigned_char_unsigned_short_i_250 | {9 10 }
 - Input state : 
	Port: mxm_execute_ursa : aw | {7 8 }
	Port: mxm_execute_ursa : bi | {9 10 }
	Port: mxm_execute_ursa : addr_a0 | {1 }
	Port: mxm_execute_ursa : a0_p | {1 }
	Port: mxm_execute_ursa : addr_b0 | {1 }
	Port: mxm_execute_ursa : b0_q | {1 }
	Port: mxm_execute_ursa : addr_c0 | {1 }
	Port: mxm_execute_ursa : m | {1 }
	Port: mxm_execute_ursa : mxm_execute_ursa_signed_char_unsigned_short_unsigned_char_unsigned_short_i_234 | {1 }
	Port: mxm_execute_ursa : mxm_execute_ursa_signed_char_unsigned_short_unsigned_char_unsigned_short_i_233 | {1 }
	Port: mxm_execute_ursa : mxm_execute_ursa_signed_char_unsigned_short_unsigned_char_unsigned_short_i_231 | {1 }
	Port: mxm_execute_ursa : mxm_execute_ursa_signed_char_unsigned_short_unsigned_char_unsigned_short_i_230 | {1 }
	Port: mxm_execute_ursa : mxm_execute_ursa_signed_char_unsigned_short_unsigned_char_unsigned_short_i_229 | {1 }
	Port: mxm_execute_ursa : mxm_execute_ursa_signed_char_unsigned_short_unsigned_char_unsigned_short_i_228 | {1 }
	Port: mxm_execute_ursa : mxm_execute_ursa_signed_char_unsigned_short_unsigned_char_unsigned_short_i_227 | {1 }
	Port: mxm_execute_ursa : mxm_execute_ursa_signed_char_unsigned_short_unsigned_char_unsigned_short_i_226 | {1 }
	Port: mxm_execute_ursa : mxm_execute_ursa_signed_char_unsigned_short_unsigned_char_unsigned_short_i_225 | {1 }
	Port: mxm_execute_ursa : mxm_execute_ursa_signed_char_unsigned_short_unsigned_char_unsigned_short_i_224 | {1 }
	Port: mxm_execute_ursa : mxm_execute_ursa_signed_char_unsigned_short_unsigned_char_unsigned_short_i_223 | {1 }
	Port: mxm_execute_ursa : mxm_execute_ursa_signed_char_unsigned_short_unsigned_char_unsigned_short_i_222 | {1 }
	Port: mxm_execute_ursa : mxm_execute_ursa_signed_char_unsigned_short_unsigned_char_unsigned_short_i_220 | {1 }
	Port: mxm_execute_ursa : mxm_execute_ursa_signed_char_unsigned_short_unsigned_char_unsigned_short_i_219 | {1 }
	Port: mxm_execute_ursa : mxm_execute_ursa_signed_char_unsigned_short_unsigned_char_unsigned_short_i_218 | {1 }
	Port: mxm_execute_ursa : mxm_execute_ursa_signed_char_unsigned_short_unsigned_char_unsigned_short_i_217 | {1 }
	Port: mxm_execute_ursa : mxm_execute_ursa_signed_char_unsigned_short_unsigned_char_unsigned_short_i_216 | {1 }
	Port: mxm_execute_ursa : mxm_execute_ursa_signed_char_unsigned_short_unsigned_char_unsigned_short_i_215 | {1 }
	Port: mxm_execute_ursa : mxm_execute_ursa_signed_char_unsigned_short_unsigned_char_unsigned_short_i_214 | {1 }
	Port: mxm_execute_ursa : mxm_execute_ursa_signed_char_unsigned_short_unsigned_char_unsigned_short_i_213 | {1 }
	Port: mxm_execute_ursa : mxm_execute_ursa_signed_char_unsigned_short_unsigned_char_unsigned_short_i_212 | {1 }
	Port: mxm_execute_ursa : mxm_execute_ursa_signed_char_unsigned_short_unsigned_char_unsigned_short_i_211 | {1 }
	Port: mxm_execute_ursa : mxm_execute_ursa_signed_char_unsigned_short_unsigned_char_unsigned_short_i_209 | {1 }
	Port: mxm_execute_ursa : mxm_execute_ursa_signed_char_unsigned_short_unsigned_char_unsigned_short_i_208 | {1 }
	Port: mxm_execute_ursa : mxm_execute_ursa_signed_char_unsigned_short_unsigned_char_unsigned_short_i_207 | {1 }
	Port: mxm_execute_ursa : mxm_execute_ursa_signed_char_unsigned_short_unsigned_char_unsigned_short_i_206 | {1 }
	Port: mxm_execute_ursa : mxm_execute_ursa_signed_char_unsigned_short_unsigned_char_unsigned_short_i_205 | {1 }
	Port: mxm_execute_ursa : mxm_execute_ursa_signed_char_unsigned_short_unsigned_char_unsigned_short_i_204 | {1 }
	Port: mxm_execute_ursa : mxm_execute_ursa_signed_char_unsigned_short_unsigned_char_unsigned_short_i_203 | {1 }
	Port: mxm_execute_ursa : mxm_execute_ursa_signed_char_unsigned_short_unsigned_char_unsigned_short_i_202 | {1 }
	Port: mxm_execute_ursa : mxm_execute_ursa_signed_char_unsigned_short_unsigned_char_unsigned_short_i_201 | {1 }
	Port: mxm_execute_ursa : mxm_execute_ursa_signed_char_unsigned_short_unsigned_char_unsigned_short_i_200 | {1 }
	Port: mxm_execute_ursa : mxm_execute_ursa_signed_char_unsigned_short_unsigned_char_unsigned_short_i_198 | {1 }
	Port: mxm_execute_ursa : mxm_execute_ursa_signed_char_unsigned_short_unsigned_char_unsigned_short_i_197 | {1 }
	Port: mxm_execute_ursa : mxm_execute_ursa_signed_char_unsigned_short_unsigned_char_unsigned_short_i_196 | {1 }
	Port: mxm_execute_ursa : mxm_execute_ursa_signed_char_unsigned_short_unsigned_char_unsigned_short_i_195 | {1 }
	Port: mxm_execute_ursa : mxm_execute_ursa_signed_char_unsigned_short_unsigned_char_unsigned_short_i_194 | {1 }
	Port: mxm_execute_ursa : mxm_execute_ursa_signed_char_unsigned_short_unsigned_char_unsigned_short_i_193 | {1 }
	Port: mxm_execute_ursa : mxm_execute_ursa_signed_char_unsigned_short_unsigned_char_unsigned_short_i_192 | {1 }
	Port: mxm_execute_ursa : mxm_execute_ursa_signed_char_unsigned_short_unsigned_char_unsigned_short_i_191 | {1 }
	Port: mxm_execute_ursa : mxm_execute_ursa_signed_char_unsigned_short_unsigned_char_unsigned_short_i_190 | {1 }
	Port: mxm_execute_ursa : mxm_execute_ursa_signed_char_unsigned_short_unsigned_char_unsigned_short_i_189 | {1 }
	Port: mxm_execute_ursa : mxm_execute_ursa_signed_char_unsigned_short_unsigned_char_unsigned_short_i_187 | {1 }
	Port: mxm_execute_ursa : mxm_execute_ursa_signed_char_unsigned_short_unsigned_char_unsigned_short_i_186 | {1 }
	Port: mxm_execute_ursa : mxm_execute_ursa_signed_char_unsigned_short_unsigned_char_unsigned_short_i_185 | {1 }
	Port: mxm_execute_ursa : mxm_execute_ursa_signed_char_unsigned_short_unsigned_char_unsigned_short_i_184 | {1 }
	Port: mxm_execute_ursa : mxm_execute_ursa_signed_char_unsigned_short_unsigned_char_unsigned_short_i_183 | {1 }
	Port: mxm_execute_ursa : mxm_execute_ursa_signed_char_unsigned_short_unsigned_char_unsigned_short_i_182 | {1 }
	Port: mxm_execute_ursa : mxm_execute_ursa_signed_char_unsigned_short_unsigned_char_unsigned_short_i_181 | {1 }
	Port: mxm_execute_ursa : mxm_execute_ursa_signed_char_unsigned_short_unsigned_char_unsigned_short_i_180 | {1 }
	Port: mxm_execute_ursa : mxm_execute_ursa_signed_char_unsigned_short_unsigned_char_unsigned_short_i_179 | {1 }
	Port: mxm_execute_ursa : mxm_execute_ursa_signed_char_unsigned_short_unsigned_char_unsigned_short_i_178 | {1 }
	Port: mxm_execute_ursa : mxm_execute_ursa_signed_char_unsigned_short_unsigned_char_unsigned_short_i_4 | {1 }
	Port: mxm_execute_ursa : mxm_execute_ursa_signed_char_unsigned_short_unsigned_char_unsigned_short_i_13 | {1 }
	Port: mxm_execute_ursa : mxm_execute_ursa_signed_char_unsigned_short_unsigned_char_unsigned_short_i_22 | {1 }
	Port: mxm_execute_ursa : mxm_execute_ursa_signed_char_unsigned_short_unsigned_char_unsigned_short_i_30 | {1 }
	Port: mxm_execute_ursa : mxm_execute_ursa_signed_char_unsigned_short_unsigned_char_unsigned_short_i_39 | {9 }
	Port: mxm_execute_ursa : mxm_execute_ursa_signed_char_unsigned_short_unsigned_char_unsigned_short_i_40 | {9 }
	Port: mxm_execute_ursa : mxm_execute_ursa_signed_char_unsigned_short_unsigned_char_unsigned_short_i_41 | {9 }
	Port: mxm_execute_ursa : mxm_execute_ursa_signed_char_unsigned_short_unsigned_char_unsigned_short_i_42 | {9 }
	Port: mxm_execute_ursa : mxm_execute_ursa_signed_char_unsigned_short_unsigned_char_unsigned_short_i_44 | {9 }
	Port: mxm_execute_ursa : mxm_execute_ursa_signed_char_unsigned_short_unsigned_char_unsigned_short_i_45 | {9 }
	Port: mxm_execute_ursa : mxm_execute_ursa_signed_char_unsigned_short_unsigned_char_unsigned_short_i_46 | {9 }
	Port: mxm_execute_ursa : mxm_execute_ursa_signed_char_unsigned_short_unsigned_char_unsigned_short_i_47 | {9 }
	Port: mxm_execute_ursa : mxm_execute_ursa_signed_char_unsigned_short_unsigned_char_unsigned_short_i_48 | {9 }
	Port: mxm_execute_ursa : mxm_execute_ursa_signed_char_unsigned_short_unsigned_char_unsigned_short_i_49 | {9 }
	Port: mxm_execute_ursa : mxm_execute_ursa_signed_char_unsigned_short_unsigned_char_unsigned_short_i_50 | {9 }
	Port: mxm_execute_ursa : mxm_execute_ursa_signed_char_unsigned_short_unsigned_char_unsigned_short_i_51 | {9 }
	Port: mxm_execute_ursa : mxm_execute_ursa_signed_char_unsigned_short_unsigned_char_unsigned_short_i_52 | {9 }
	Port: mxm_execute_ursa : mxm_execute_ursa_signed_char_unsigned_short_unsigned_char_unsigned_short_i_53 | {9 }
	Port: mxm_execute_ursa : mxm_execute_ursa_signed_char_unsigned_short_unsigned_char_unsigned_short_i_55 | {9 }
	Port: mxm_execute_ursa : mxm_execute_ursa_signed_char_unsigned_short_unsigned_char_unsigned_short_i_56 | {9 }
	Port: mxm_execute_ursa : mxm_execute_ursa_signed_char_unsigned_short_unsigned_char_unsigned_short_i_57 | {9 }
	Port: mxm_execute_ursa : mxm_execute_ursa_signed_char_unsigned_short_unsigned_char_unsigned_short_i_58 | {9 }
	Port: mxm_execute_ursa : mxm_execute_ursa_signed_char_unsigned_short_unsigned_char_unsigned_short_i_59 | {9 }
	Port: mxm_execute_ursa : mxm_execute_ursa_signed_char_unsigned_short_unsigned_char_unsigned_short_i_60 | {9 }
	Port: mxm_execute_ursa : mxm_execute_ursa_signed_char_unsigned_short_unsigned_char_unsigned_short_i_61 | {9 }
	Port: mxm_execute_ursa : mxm_execute_ursa_signed_char_unsigned_short_unsigned_char_unsigned_short_i_62 | {9 }
	Port: mxm_execute_ursa : mxm_execute_ursa_signed_char_unsigned_short_unsigned_char_unsigned_short_i_63 | {9 }
	Port: mxm_execute_ursa : mxm_execute_ursa_signed_char_unsigned_short_unsigned_char_unsigned_short_i_64 | {9 }
	Port: mxm_execute_ursa : mxm_execute_ursa_signed_char_unsigned_short_unsigned_char_unsigned_short_i_66 | {9 }
	Port: mxm_execute_ursa : mxm_execute_ursa_signed_char_unsigned_short_unsigned_char_unsigned_short_i_67 | {9 }
	Port: mxm_execute_ursa : mxm_execute_ursa_signed_char_unsigned_short_unsigned_char_unsigned_short_i_68 | {9 }
	Port: mxm_execute_ursa : mxm_execute_ursa_signed_char_unsigned_short_unsigned_char_unsigned_short_i_69 | {9 }
	Port: mxm_execute_ursa : mxm_execute_ursa_signed_char_unsigned_short_unsigned_char_unsigned_short_i_70 | {9 }
	Port: mxm_execute_ursa : mxm_execute_ursa_signed_char_unsigned_short_unsigned_char_unsigned_short_i_71 | {9 }
	Port: mxm_execute_ursa : mxm_execute_ursa_signed_char_unsigned_short_unsigned_char_unsigned_short_i_72 | {9 }
	Port: mxm_execute_ursa : mxm_execute_ursa_signed_char_unsigned_short_unsigned_char_unsigned_short_i_73 | {9 }
	Port: mxm_execute_ursa : mxm_execute_ursa_signed_char_unsigned_short_unsigned_char_unsigned_short_i_74 | {9 }
	Port: mxm_execute_ursa : mxm_execute_ursa_signed_char_unsigned_short_unsigned_char_unsigned_short_i_75 | {9 }
	Port: mxm_execute_ursa : mxm_execute_ursa_signed_char_unsigned_short_unsigned_char_unsigned_short_i_77 | {9 }
	Port: mxm_execute_ursa : mxm_execute_ursa_signed_char_unsigned_short_unsigned_char_unsigned_short_i_78 | {9 }
	Port: mxm_execute_ursa : mxm_execute_ursa_signed_char_unsigned_short_unsigned_char_unsigned_short_i_79 | {9 }
	Port: mxm_execute_ursa : mxm_execute_ursa_signed_char_unsigned_short_unsigned_char_unsigned_short_i_80 | {9 }
	Port: mxm_execute_ursa : mxm_execute_ursa_signed_char_unsigned_short_unsigned_char_unsigned_short_i_81 | {9 }
	Port: mxm_execute_ursa : mxm_execute_ursa_signed_char_unsigned_short_unsigned_char_unsigned_short_i_82 | {9 }
	Port: mxm_execute_ursa : mxm_execute_ursa_signed_char_unsigned_short_unsigned_char_unsigned_short_i_83 | {9 }
	Port: mxm_execute_ursa : mxm_execute_ursa_signed_char_unsigned_short_unsigned_char_unsigned_short_i_84 | {9 }
	Port: mxm_execute_ursa : mxm_execute_ursa_signed_char_unsigned_short_unsigned_char_unsigned_short_i_85 | {9 }
	Port: mxm_execute_ursa : mxm_execute_ursa_signed_char_unsigned_short_unsigned_char_unsigned_short_i_86 | {9 }
	Port: mxm_execute_ursa : mxm_execute_ursa_signed_char_unsigned_short_unsigned_char_unsigned_short_i_88 | {9 }
	Port: mxm_execute_ursa : mxm_execute_ursa_signed_char_unsigned_short_unsigned_char_unsigned_short_i_89 | {9 }
	Port: mxm_execute_ursa : mxm_execute_ursa_signed_char_unsigned_short_unsigned_char_unsigned_short_i_96 | {9 }
	Port: mxm_execute_ursa : mxm_execute_ursa_signed_char_unsigned_short_unsigned_char_unsigned_short_i_243 | {9 }
	Port: mxm_execute_ursa : mxm_execute_ursa_signed_char_unsigned_short_unsigned_char_unsigned_short_i_232 | {9 }
	Port: mxm_execute_ursa : mxm_execute_ursa_signed_char_unsigned_short_unsigned_char_unsigned_short_i_221 | {9 }
	Port: mxm_execute_ursa : mxm_execute_ursa_signed_char_unsigned_short_unsigned_char_unsigned_short_i_210 | {9 }
	Port: mxm_execute_ursa : mxm_execute_ursa_signed_char_unsigned_short_unsigned_char_unsigned_short_i_199 | {9 }
	Port: mxm_execute_ursa : mxm_execute_ursa_signed_char_unsigned_short_unsigned_char_unsigned_short_i_188 | {9 }
	Port: mxm_execute_ursa : mxm_execute_ursa_signed_char_unsigned_short_unsigned_char_unsigned_short_i_177 | {9 }
	Port: mxm_execute_ursa : mxm_execute_ursa_signed_char_unsigned_short_unsigned_char_unsigned_short_i_10 | {9 }
	Port: mxm_execute_ursa : mxm_execute_ursa_signed_char_unsigned_short_unsigned_char_unsigned_short_i_21 | {9 }
	Port: mxm_execute_ursa : mxm_execute_ursa_signed_char_unsigned_short_unsigned_char_unsigned_short_i_32 | {9 }
	Port: mxm_execute_ursa : mxm_execute_ursa_signed_char_unsigned_short_unsigned_char_unsigned_short_i_43 | {9 }
	Port: mxm_execute_ursa : mxm_execute_ursa_signed_char_unsigned_short_unsigned_char_unsigned_short_i_54 | {9 }
	Port: mxm_execute_ursa : mxm_execute_ursa_signed_char_unsigned_short_unsigned_char_unsigned_short_i_65 | {9 }
	Port: mxm_execute_ursa : mxm_execute_ursa_signed_char_unsigned_short_unsigned_char_unsigned_short_i_76 | {9 }
	Port: mxm_execute_ursa : mxm_execute_ursa_signed_char_unsigned_short_unsigned_char_unsigned_short_i_87 | {9 }
	Port: mxm_execute_ursa : mxm_execute_ursa_signed_char_unsigned_short_unsigned_char_unsigned_short_i_176 | {9 }
	Port: mxm_execute_ursa : mxm_execute_ursa_signed_char_unsigned_short_unsigned_char_unsigned_short_i_175 | {9 }
	Port: mxm_execute_ursa : mxm_execute_ursa_signed_char_unsigned_short_unsigned_char_unsigned_short_i_249 | {9 10 }
	Port: mxm_execute_ursa : mxm_execute_ursa_signed_char_unsigned_short_unsigned_char_unsigned_short_i_248 | {9 10 }
	Port: mxm_execute_ursa : mxm_execute_ursa_signed_char_unsigned_short_unsigned_char_unsigned_short_i_247 | {9 10 }
	Port: mxm_execute_ursa : mxm_execute_ursa_signed_char_unsigned_short_unsigned_char_unsigned_short_i_246 | {9 10 }
	Port: mxm_execute_ursa : mxm_execute_ursa_signed_char_unsigned_short_unsigned_char_unsigned_short_i_245 | {9 10 }
	Port: mxm_execute_ursa : mxm_execute_ursa_signed_char_unsigned_short_unsigned_char_unsigned_short_i_244 | {9 10 }
	Port: mxm_execute_ursa : mxm_execute_ursa_signed_char_unsigned_short_unsigned_char_unsigned_short_i_242 | {9 10 }
	Port: mxm_execute_ursa : mxm_execute_ursa_signed_char_unsigned_short_unsigned_char_unsigned_short_i_241 | {9 10 }
	Port: mxm_execute_ursa : mxm_execute_ursa_signed_char_unsigned_short_unsigned_char_unsigned_short_i_240 | {9 10 }
	Port: mxm_execute_ursa : mxm_execute_ursa_signed_char_unsigned_short_unsigned_char_unsigned_short_i_239 | {9 10 }
	Port: mxm_execute_ursa : mxm_execute_ursa_signed_char_unsigned_short_unsigned_char_unsigned_short_i_238 | {9 10 }
	Port: mxm_execute_ursa : mxm_execute_ursa_signed_char_unsigned_short_unsigned_char_unsigned_short_i_237 | {9 10 }
	Port: mxm_execute_ursa : mxm_execute_ursa_signed_char_unsigned_short_unsigned_char_unsigned_short_i_236 | {9 10 }
	Port: mxm_execute_ursa : mxm_execute_ursa_signed_char_unsigned_short_unsigned_char_unsigned_short_i_235 | {9 10 }
	Port: mxm_execute_ursa : mxm_execute_ursa_signed_char_unsigned_short_unsigned_char_unsigned_short_i_38 | {9 10 }
	Port: mxm_execute_ursa : mxm_execute_ursa_signed_char_unsigned_short_unsigned_char_unsigned_short_i_29 | {9 10 }
	Port: mxm_execute_ursa : mxm_execute_ursa_signed_char_unsigned_short_unsigned_char_unsigned_short_i_20 | {9 10 }
	Port: mxm_execute_ursa : mxm_execute_ursa_signed_char_unsigned_short_unsigned_char_unsigned_short_i_12 | {9 10 }
	Port: mxm_execute_ursa : mxm_execute_ursa_signed_char_unsigned_short_unsigned_char_unsigned_short_i_3 | {9 10 }
	Port: mxm_execute_ursa : mxm_execute_ursa_signed_char_unsigned_short_unsigned_char_unsigned_short_i_93 | {9 10 }
	Port: mxm_execute_ursa : mxm_execute_ursa_signed_char_unsigned_short_unsigned_char_unsigned_short_i_37 | {9 10 }
	Port: mxm_execute_ursa : mxm_execute_ursa_signed_char_unsigned_short_unsigned_char_unsigned_short_i_28 | {9 10 }
	Port: mxm_execute_ursa : mxm_execute_ursa_signed_char_unsigned_short_unsigned_char_unsigned_short_i_19 | {9 10 }
	Port: mxm_execute_ursa : mxm_execute_ursa_signed_char_unsigned_short_unsigned_char_unsigned_short_i_11 | {9 10 }
	Port: mxm_execute_ursa : mxm_execute_ursa_signed_char_unsigned_short_unsigned_char_unsigned_short_i_2 | {9 10 }
	Port: mxm_execute_ursa : mxm_execute_ursa_signed_char_unsigned_short_unsigned_char_unsigned_short_i_94 | {9 10 }
	Port: mxm_execute_ursa : mxm_execute_ursa_signed_char_unsigned_short_unsigned_char_unsigned_short_i_36 | {9 10 }
	Port: mxm_execute_ursa : mxm_execute_ursa_signed_char_unsigned_short_unsigned_char_unsigned_short_i_27 | {9 10 }
	Port: mxm_execute_ursa : mxm_execute_ursa_signed_char_unsigned_short_unsigned_char_unsigned_short_i_18 | {9 10 }
	Port: mxm_execute_ursa : mxm_execute_ursa_signed_char_unsigned_short_unsigned_char_unsigned_short_i_9 | {9 10 }
	Port: mxm_execute_ursa : mxm_execute_ursa_signed_char_unsigned_short_unsigned_char_unsigned_short_i_1 | {9 10 }
	Port: mxm_execute_ursa : mxm_execute_ursa_signed_char_unsigned_short_unsigned_char_unsigned_short_i_95 | {9 10 }
	Port: mxm_execute_ursa : mxm_execute_ursa_signed_char_unsigned_short_unsigned_char_unsigned_short_i_35 | {9 10 }
	Port: mxm_execute_ursa : mxm_execute_ursa_signed_char_unsigned_short_unsigned_char_unsigned_short_i_26 | {9 10 }
	Port: mxm_execute_ursa : mxm_execute_ursa_signed_char_unsigned_short_unsigned_char_unsigned_short_i_17 | {9 10 }
	Port: mxm_execute_ursa : mxm_execute_ursa_signed_char_unsigned_short_unsigned_char_unsigned_short_i_8 | {9 10 }
	Port: mxm_execute_ursa : mxm_execute_ursa_signed_char_unsigned_short_unsigned_char_unsigned_short_i | {9 10 }
	Port: mxm_execute_ursa : mxm_execute_ursa_signed_char_unsigned_short_unsigned_char_unsigned_short_i_97 | {9 10 }
	Port: mxm_execute_ursa : mxm_execute_ursa_signed_char_unsigned_short_unsigned_char_unsigned_short_i_34 | {9 10 }
	Port: mxm_execute_ursa : mxm_execute_ursa_signed_char_unsigned_short_unsigned_char_unsigned_short_i_25 | {9 10 }
	Port: mxm_execute_ursa : mxm_execute_ursa_signed_char_unsigned_short_unsigned_char_unsigned_short_i_16 | {9 10 }
	Port: mxm_execute_ursa : mxm_execute_ursa_signed_char_unsigned_short_unsigned_char_unsigned_short_i_7 | {9 10 }
	Port: mxm_execute_ursa : mxm_execute_ursa_signed_char_unsigned_short_unsigned_char_unsigned_short_i_90 | {9 10 }
	Port: mxm_execute_ursa : mxm_execute_ursa_signed_char_unsigned_short_unsigned_char_unsigned_short_i_98 | {9 10 }
	Port: mxm_execute_ursa : mxm_execute_ursa_signed_char_unsigned_short_unsigned_char_unsigned_short_i_33 | {9 10 }
	Port: mxm_execute_ursa : mxm_execute_ursa_signed_char_unsigned_short_unsigned_char_unsigned_short_i_24 | {9 10 }
	Port: mxm_execute_ursa : mxm_execute_ursa_signed_char_unsigned_short_unsigned_char_unsigned_short_i_15 | {9 10 }
	Port: mxm_execute_ursa : mxm_execute_ursa_signed_char_unsigned_short_unsigned_char_unsigned_short_i_6 | {9 10 }
	Port: mxm_execute_ursa : mxm_execute_ursa_signed_char_unsigned_short_unsigned_char_unsigned_short_i_91 | {9 10 }
	Port: mxm_execute_ursa : mxm_execute_ursa_signed_char_unsigned_short_unsigned_char_unsigned_short_i_99 | {9 10 }
	Port: mxm_execute_ursa : mxm_execute_ursa_signed_char_unsigned_short_unsigned_char_unsigned_short_i_31 | {9 10 }
	Port: mxm_execute_ursa : mxm_execute_ursa_signed_char_unsigned_short_unsigned_char_unsigned_short_i_23 | {9 10 }
	Port: mxm_execute_ursa : mxm_execute_ursa_signed_char_unsigned_short_unsigned_char_unsigned_short_i_14 | {9 10 }
	Port: mxm_execute_ursa : mxm_execute_ursa_signed_char_unsigned_short_unsigned_char_unsigned_short_i_5 | {9 10 }
	Port: mxm_execute_ursa : mxm_execute_ursa_signed_char_unsigned_short_unsigned_char_unsigned_short_i_92 | {9 10 }
	Port: mxm_execute_ursa : mxm_execute_ursa_signed_char_unsigned_short_unsigned_char_unsigned_short_i_250 | {9 10 }
  - Chain level:
	State 1
		store_ln60 : 1
		store_ln60 : 1
		store_ln60 : 1
		store_ln60 : 1
		store_ln60 : 1
		store_ln60 : 1
		store_ln60 : 1
		store_ln60 : 1
		store_ln60 : 1
		store_ln60 : 1
		store_ln60 : 1
		store_ln60 : 1
		store_ln60 : 1
		store_ln60 : 1
		store_ln60 : 1
		store_ln60 : 1
		store_ln60 : 1
		store_ln60 : 1
		store_ln60 : 1
		store_ln60 : 1
		store_ln60 : 1
		store_ln60 : 1
		store_ln60 : 1
		store_ln60 : 1
		store_ln60 : 1
		store_ln60 : 1
		store_ln60 : 1
		store_ln60 : 1
		store_ln60 : 1
		store_ln60 : 1
		store_ln60 : 1
		store_ln60 : 1
		store_ln60 : 1
		store_ln60 : 1
		store_ln60 : 1
		store_ln60 : 1
		store_ln60 : 1
		store_ln60 : 1
		store_ln60 : 1
		store_ln60 : 1
		store_ln60 : 1
		store_ln60 : 1
		store_ln60 : 1
		store_ln60 : 1
		store_ln60 : 1
		store_ln60 : 1
		store_ln60 : 1
		store_ln60 : 1
		store_ln60 : 1
		store_ln60 : 1
		store_ln60 : 1
		store_ln60 : 1
		store_ln60 : 1
		store_ln60 : 1
		store_ln60 : 1
		store_ln60 : 1
		store_ln0 : 1
		store_ln312 : 1
		store_ln313 : 1
	State 2
		add_ln308 : 1
		add_ln309 : 1
		lshr_ln309_cast : 2
		trunc_ln : 2
	State 3
		add_ln310 : 1
		lshr_ln310_cast : 2
		bound : 1
	State 4
		zext_ln312_2 : 1
		icmp_ln312 : 2
		add_ln312_1 : 1
		br_ln312 : 3
		add_ln312 : 1
		icmp_ln313 : 1
		select_ln312_1 : 2
		trunc_ln312 : 3
	State 5
		mul_ln312 : 1
		p_mid : 2
		empty : 1
		base_col_B : 2
		base_col_B_cast : 3
	State 6
		icmp_ln328 : 1
		add_ln328 : 1
		br_ln328 : 2
		trunc_ln334 : 1
		base_col_A : 2
		zext_ln330 : 3
		add_ln330 : 4
		zext_ln331_1 : 2
		mul_ln331 : 3
		store_ln313 : 1
	State 7
		call_ln334 : 1
		add_ln331 : 1
	State 8
	State 9
		call_ln18 : 1
	State 10
	State 11
	State 12


============================================================
+ Verbose Summary: Datapath Resource usage 
============================================================

* Functional unit list:
|----------|--------------------------------------------------------|---------|---------|---------|---------|
| Operation|                     Functional Unit                    |   DSP   |  Delay  |    FF   |   LUT   |
|----------|--------------------------------------------------------|---------|---------|---------|---------|
|          | grp_mxm_execute_ursa_Pipeline_VITIS_LOOP_341_4_fu_1035 |    0    |    0    |   941   |   1464  |
|   call   | grp_mxm_execute_ursa_Pipeline_VITIS_LOOP_361_6_fu_1408 |    64   |  121.36 |   5715  |   3940  |
|          | grp_mxm_execute_ursa_Pipeline_VITIS_LOOP_382_7_fu_1831 |    1    | 18.8996 |   867   |   1044  |
|----------|--------------------------------------------------------|---------|---------|---------|---------|
|          |                   icmp_ln312_fu_2461                   |    0    |    0    |    0    |    35   |
|          |                   icmp_ln313_fu_2484                   |    0    |    0    |    0    |    17   |
|          |                   icmp_ln328_fu_2539                   |    0    |    0    |    0    |    17   |
|          |                     cmp124_fu_2580                     |    0    |    0    |    0    |    23   |
|          |                    cmp124_1_fu_2589                    |    0    |    0    |    0    |    23   |
|   icmp   |                    cmp124_2_fu_2599                    |    0    |    0    |    0    |    23   |
|          |                    cmp124_3_fu_2609                    |    0    |    0    |    0    |    23   |
|          |                    cmp124_4_fu_2619                    |    0    |    0    |    0    |    23   |
|          |                    cmp124_5_fu_2629                    |    0    |    0    |    0    |    23   |
|          |                    cmp124_6_fu_2639                    |    0    |    0    |    0    |    23   |
|          |                    cmp124_7_fu_2649                    |    0    |    0    |    0    |    23   |
|----------|--------------------------------------------------------|---------|---------|---------|---------|
|          |                    add_ln308_fu_2381                   |    0    |    0    |    0    |    23   |
|          |                    add_ln309_fu_2391                   |    0    |    0    |    0    |    23   |
|          |                    add_ln310_fu_2420                   |    0    |    0    |    0    |    23   |
|          |                   add_ln312_1_fu_2466                  |    0    |    0    |    0    |    34   |
|    add   |                    add_ln312_fu_2478                   |    0    |    0    |    0    |    17   |
|          |                    add_ln328_fu_2544                   |    0    |    0    |    0    |    17   |
|          |                    add_ln330_fu_2566                   |    0    |    0    |    0    |    39   |
|          |                    add_ln313_fu_2654                   |    0    |    0    |    0    |    17   |
|          |                    add_ln331_fu_2903                   |    0    |    0    |    0    |    39   |
|----------|--------------------------------------------------------|---------|---------|---------|---------|
|  select  |                 select_ln312_1_fu_2489                 |    0    |    0    |    0    |    14   |
|          |                  select_ln312_fu_2501                  |    0    |    0    |    0    |    14   |
|----------|--------------------------------------------------------|---------|---------|---------|---------|
|          |                      bound_fu_2448                     |    1    |    0    |    0    |    6    |
|    mul   |                    mul_ln312_fu_2510                   |    1    |    0    |    0    |    6    |
|          |                    mul_ln331_fu_2575                   |    1    |    0    |    0    |    6    |
|----------|--------------------------------------------------------|---------|---------|---------|---------|
|          |                     grp_read_fu_988                    |    0    |    0    |    0    |    0    |
|          |                addr_c0_read_read_fu_994                |    0    |    0    |    0    |    0    |
|   read   |                    grp_read_fu_1000                    |    0    |    0    |    0    |    0    |
|          |                addr_b0_read_read_fu_1006               |    0    |    0    |    0    |    0    |
|          |                    grp_read_fu_1012                    |    0    |    0    |    0    |    0    |
|          |                addr_a0_read_read_fu_1018               |    0    |    0    |    0    |    0    |
|----------|--------------------------------------------------------|---------|---------|---------|---------|
|          |                   zext_ln308_fu_2377                   |    0    |    0    |    0    |    0    |
|          |                   zext_ln309_fu_2387                   |    0    |    0    |    0    |    0    |
|          |                   zext_ln310_fu_2417                   |    0    |    0    |    0    |    0    |
|          |                   zext_ln331_fu_2436                   |    0    |    0    |    0    |    0    |
|          |                   zext_ln312_fu_2439                   |    0    |    0    |    0    |    0    |
|   zext   |                      cast_fu_2442                      |    0    |    0    |    0    |    0    |
|          |                     cast29_fu_2445                     |    0    |    0    |    0    |    0    |
|          |                  zext_ln312_2_fu_2457                  |    0    |    0    |    0    |    0    |
|          |                  zext_ln312_1_fu_2507                  |    0    |    0    |    0    |    0    |
|          |                 base_col_B_cast_fu_2535                |    0    |    0    |    0    |    0    |
|          |                   zext_ln330_fu_2562                   |    0    |    0    |    0    |    0    |
|          |                  zext_ln331_1_fu_2571                  |    0    |    0    |    0    |    0    |
|----------|--------------------------------------------------------|---------|---------|---------|---------|
|          |                 lshr_ln309_cast_fu_2397                |    0    |    0    |    0    |    0    |
|partselect|                    trunc_ln_fu_2407                    |    0    |    0    |    0    |    0    |
|          |                 lshr_ln310_cast_fu_2426                |    0    |    0    |    0    |    0    |
|----------|--------------------------------------------------------|---------|---------|---------|---------|
|          |                   trunc_ln312_fu_2497                  |    0    |    0    |    0    |    0    |
|   trunc  |                      empty_fu_2523                     |    0    |    0    |    0    |    0    |
|          |                   trunc_ln334_fu_2550                  |    0    |    0    |    0    |    0    |
|----------|--------------------------------------------------------|---------|---------|---------|---------|
|          |                      p_mid_fu_2515                     |    0    |    0    |    0    |    0    |
|bitconcatenate|                   base_col_B_fu_2527                   |    0    |    0    |    0    |    0    |
|          |                   base_col_A_fu_2554                   |    0    |    0    |    0    |    0    |
|          |                     shl_ln_fu_2896                     |    0    |    0    |    0    |    0    |
|----------|--------------------------------------------------------|---------|---------|---------|---------|
|          |                  global_col_2_fu_2584                  |    0    |    0    |    0    |    0    |
|          |                  global_col_4_fu_2594                  |    0    |    0    |    0    |    0    |
|          |                  global_col_6_fu_2604                  |    0    |    0    |    0    |    0    |
|    or    |                  global_col_8_fu_2614                  |    0    |    0    |    0    |    0    |
|          |                  global_col_10_fu_2624                 |    0    |    0    |    0    |    0    |
|          |                  global_col_12_fu_2634                 |    0    |    0    |    0    |    0    |
|          |                  global_col_14_fu_2644                 |    0    |    0    |    0    |    0    |
|----------|--------------------------------------------------------|---------|---------|---------|---------|
|   Total  |                                                        |    68   | 140.259 |   7523  |   6979  |
|----------|--------------------------------------------------------|---------|---------|---------|---------|

Memories:
+----------+--------+--------+--------+--------+
|          |  BRAM  |   FF   |   LUT  |  URAM  |
+----------+--------+--------+--------+--------+
|c_tile_acc|    2   |    0   |    0   |    0   |
+----------+--------+--------+--------+--------+
|   Total  |    2   |    0   |    0   |    0   |
+----------+--------+--------+--------+--------+

* Register list:
+---------------------------------------------------------------------------------------+--------+
|                                                                                       |   FF   |
+---------------------------------------------------------------------------------------+--------+
|                                   a0_p_read_reg_4322                                  |   16   |
|                                  add_ln312_1_reg_4362                                 |   27   |
|                                   add_ln328_reg_4419                                  |   14   |
|                                   add_ln330_reg_4434                                  |   32   |
|                                   add_ln331_reg_4687                                  |   32   |
|                                 addr_a0_read_reg_3907                                 |   64   |
|                                 addr_b0_read_reg_3902                                 |   64   |
|                                 addr_c0_read_reg_3897                                 |   64   |
|                                   b0_q_read_reg_4304                                  |   16   |
|                                  base_col_A_reg_4429                                  |   16   |
|                                base_col_B_cast_reg_4411                               |   32   |
|                                  base_col_B_reg_4397                                  |   16   |
|                                     bound_reg_4354                                    |   28   |
|                                   cmp124_1_reg_4454                                   |    1   |
|                                   cmp124_2_reg_4464                                   |    1   |
|                                   cmp124_3_reg_4474                                   |    1   |
|                                   cmp124_4_reg_4484                                   |    1   |
|                                   cmp124_5_reg_4494                                   |    1   |
|                                   cmp124_6_reg_4504                                   |    1   |
|                                   cmp124_7_reg_4514                                   |    1   |
|                                    cmp124_reg_4444                                    |    1   |
|                               cmp15_1_i_phi_loc_reg_3918                              |    1   |
|                               cmp15_2_i_phi_loc_reg_3924                              |    1   |
|                               cmp15_3_i_phi_loc_reg_3930                              |    1   |
|                               cmp15_4_i_phi_loc_reg_3936                              |    1   |
|                               cmp15_5_i_phi_loc_reg_3942                              |    1   |
|                               cmp15_6_i_phi_loc_reg_3948                              |    1   |
|                               cmp15_7_i_phi_loc_reg_3954                              |    1   |
|                                cmp15_i_phi_loc_reg_3912                               |    1   |
|                                 global_col_10_reg_4489                                |   16   |
|                                 global_col_12_reg_4499                                |   16   |
|                                 global_col_14_reg_4509                                |   16   |
|                                 global_col_2_reg_4449                                 |   16   |
|                                 global_col_4_reg_4459                                 |   16   |
|                                 global_col_6_reg_4469                                 |   16   |
|                                 global_col_8_reg_4479                                 |   16   |
|                                       i_reg_3491                                      |   14   |
|                                  icmp_ln313_reg_4370                                  |    1   |
|                                indvar_flatten_reg_3498                                |   27   |
|                                       j_reg_3484                                      |   14   |
|                                       k_reg_1024                                      |   14   |
|                                lshr_ln309_cast_reg_4328                               |   14   |
|                                lshr_ln310_cast_reg_4339                               |   14   |
|                                    m_read_reg_4296                                    |   16   |
|                                   mul_ln331_reg_4439                                  |   29   |
|mxm_execute_ursa_signed_char_unsigned_short_unsigned_char_unsigned_short_i_251_reg_3757|    8   |
|mxm_execute_ursa_signed_char_unsigned_short_unsigned_char_unsigned_short_i_252_reg_3750|    8   |
|mxm_execute_ursa_signed_char_unsigned_short_unsigned_char_unsigned_short_i_253_reg_3743|    8   |
|mxm_execute_ursa_signed_char_unsigned_short_unsigned_char_unsigned_short_i_254_reg_3736|    8   |
|mxm_execute_ursa_signed_char_unsigned_short_unsigned_char_unsigned_short_i_255_reg_3729|    8   |
|mxm_execute_ursa_signed_char_unsigned_short_unsigned_char_unsigned_short_i_256_reg_3722|    8   |
|mxm_execute_ursa_signed_char_unsigned_short_unsigned_char_unsigned_short_i_257_reg_3715|    8   |
|mxm_execute_ursa_signed_char_unsigned_short_unsigned_char_unsigned_short_i_258_reg_3708|    8   |
|mxm_execute_ursa_signed_char_unsigned_short_unsigned_char_unsigned_short_i_259_reg_3701|    8   |
|mxm_execute_ursa_signed_char_unsigned_short_unsigned_char_unsigned_short_i_260_reg_3694|    8   |
|mxm_execute_ursa_signed_char_unsigned_short_unsigned_char_unsigned_short_i_261_reg_3687|    8   |
|mxm_execute_ursa_signed_char_unsigned_short_unsigned_char_unsigned_short_i_262_reg_3680|    8   |
|mxm_execute_ursa_signed_char_unsigned_short_unsigned_char_unsigned_short_i_263_reg_3673|    8   |
|mxm_execute_ursa_signed_char_unsigned_short_unsigned_char_unsigned_short_i_264_reg_3666|    8   |
|mxm_execute_ursa_signed_char_unsigned_short_unsigned_char_unsigned_short_i_265_reg_3659|    8   |
|mxm_execute_ursa_signed_char_unsigned_short_unsigned_char_unsigned_short_i_266_reg_3652|    8   |
|mxm_execute_ursa_signed_char_unsigned_short_unsigned_char_unsigned_short_i_267_reg_3645|    8   |
|mxm_execute_ursa_signed_char_unsigned_short_unsigned_char_unsigned_short_i_268_reg_3638|    8   |
|mxm_execute_ursa_signed_char_unsigned_short_unsigned_char_unsigned_short_i_269_reg_3631|    8   |
|mxm_execute_ursa_signed_char_unsigned_short_unsigned_char_unsigned_short_i_270_reg_3624|    8   |
|mxm_execute_ursa_signed_char_unsigned_short_unsigned_char_unsigned_short_i_271_reg_3617|    8   |
|mxm_execute_ursa_signed_char_unsigned_short_unsigned_char_unsigned_short_i_272_reg_3610|    8   |
|mxm_execute_ursa_signed_char_unsigned_short_unsigned_char_unsigned_short_i_273_reg_3603|    8   |
|mxm_execute_ursa_signed_char_unsigned_short_unsigned_char_unsigned_short_i_274_reg_3596|    8   |
|mxm_execute_ursa_signed_char_unsigned_short_unsigned_char_unsigned_short_i_275_reg_3589|    8   |
|mxm_execute_ursa_signed_char_unsigned_short_unsigned_char_unsigned_short_i_276_reg_3582|    8   |
|mxm_execute_ursa_signed_char_unsigned_short_unsigned_char_unsigned_short_i_277_reg_3575|    8   |
|mxm_execute_ursa_signed_char_unsigned_short_unsigned_char_unsigned_short_i_278_reg_3568|    8   |
|mxm_execute_ursa_signed_char_unsigned_short_unsigned_char_unsigned_short_i_279_reg_3561|    8   |
|mxm_execute_ursa_signed_char_unsigned_short_unsigned_char_unsigned_short_i_280_reg_3554|    8   |
|mxm_execute_ursa_signed_char_unsigned_short_unsigned_char_unsigned_short_i_281_reg_3547|    8   |
|mxm_execute_ursa_signed_char_unsigned_short_unsigned_char_unsigned_short_i_282_reg_3540|    8   |
|mxm_execute_ursa_signed_char_unsigned_short_unsigned_char_unsigned_short_i_283_reg_3533|    8   |
|mxm_execute_ursa_signed_char_unsigned_short_unsigned_char_unsigned_short_i_284_reg_3526|    8   |
|mxm_execute_ursa_signed_char_unsigned_short_unsigned_char_unsigned_short_i_285_reg_3519|    8   |
|mxm_execute_ursa_signed_char_unsigned_short_unsigned_char_unsigned_short_i_286_reg_3512|    8   |
|mxm_execute_ursa_signed_char_unsigned_short_unsigned_char_unsigned_short_i_287_reg_3505|    8   |
|mxm_execute_ursa_signed_char_unsigned_short_unsigned_char_unsigned_short_i_539_reg_3764|    8   |
|mxm_execute_ursa_signed_char_unsigned_short_unsigned_char_unsigned_short_i_540_reg_3771|    8   |
|mxm_execute_ursa_signed_char_unsigned_short_unsigned_char_unsigned_short_i_541_reg_3778|    8   |
|mxm_execute_ursa_signed_char_unsigned_short_unsigned_char_unsigned_short_i_542_reg_3785|    8   |
|mxm_execute_ursa_signed_char_unsigned_short_unsigned_char_unsigned_short_i_543_reg_3792|    8   |
|mxm_execute_ursa_signed_char_unsigned_short_unsigned_char_unsigned_short_i_544_reg_3799|    8   |
|mxm_execute_ursa_signed_char_unsigned_short_unsigned_char_unsigned_short_i_545_reg_3806|    8   |
|mxm_execute_ursa_signed_char_unsigned_short_unsigned_char_unsigned_short_i_546_reg_3813|    8   |
|mxm_execute_ursa_signed_char_unsigned_short_unsigned_char_unsigned_short_i_547_reg_3820|    8   |
|mxm_execute_ursa_signed_char_unsigned_short_unsigned_char_unsigned_short_i_548_reg_3827|    8   |
|mxm_execute_ursa_signed_char_unsigned_short_unsigned_char_unsigned_short_i_549_reg_3834|    8   |
|mxm_execute_ursa_signed_char_unsigned_short_unsigned_char_unsigned_short_i_550_reg_3841|    8   |
|mxm_execute_ursa_signed_char_unsigned_short_unsigned_char_unsigned_short_i_551_reg_3848|    8   |
|mxm_execute_ursa_signed_char_unsigned_short_unsigned_char_unsigned_short_i_552_reg_3855|    8   |
|mxm_execute_ursa_signed_char_unsigned_short_unsigned_char_unsigned_short_i_553_reg_3862|    8   |
|mxm_execute_ursa_signed_char_unsigned_short_unsigned_char_unsigned_short_i_554_reg_3869|    8   |
|mxm_execute_ursa_signed_char_unsigned_short_unsigned_char_unsigned_short_i_555_reg_3876|    8   |
|mxm_execute_ursa_signed_char_unsigned_short_unsigned_char_unsigned_short_i_556_reg_3883|    8   |
|mxm_execute_ursa_signed_char_unsigned_short_unsigned_char_unsigned_short_i_557_reg_3890|    8   |
|mxm_execute_ursa_signed_char_unsigned_short_unsigned_char_unsigned_short_i_558_reg_3960|    8   |
|mxm_execute_ursa_signed_char_unsigned_short_unsigned_char_unsigned_short_i_559_reg_3966|    8   |
|mxm_execute_ursa_signed_char_unsigned_short_unsigned_char_unsigned_short_i_560_reg_3972|    8   |
|mxm_execute_ursa_signed_char_unsigned_short_unsigned_char_unsigned_short_i_561_reg_3978|    8   |
|mxm_execute_ursa_signed_char_unsigned_short_unsigned_char_unsigned_short_i_562_reg_3984|    8   |
|mxm_execute_ursa_signed_char_unsigned_short_unsigned_char_unsigned_short_i_563_reg_3990|    8   |
|mxm_execute_ursa_signed_char_unsigned_short_unsigned_char_unsigned_short_i_564_reg_3996|    8   |
|mxm_execute_ursa_signed_char_unsigned_short_unsigned_char_unsigned_short_i_565_reg_4002|    8   |
|mxm_execute_ursa_signed_char_unsigned_short_unsigned_char_unsigned_short_i_566_reg_4008|    8   |
|mxm_execute_ursa_signed_char_unsigned_short_unsigned_char_unsigned_short_i_567_reg_4014|    8   |
|mxm_execute_ursa_signed_char_unsigned_short_unsigned_char_unsigned_short_i_568_reg_4020|    8   |
|mxm_execute_ursa_signed_char_unsigned_short_unsigned_char_unsigned_short_i_569_reg_4026|    8   |
|mxm_execute_ursa_signed_char_unsigned_short_unsigned_char_unsigned_short_i_570_reg_4032|    8   |
|mxm_execute_ursa_signed_char_unsigned_short_unsigned_char_unsigned_short_i_571_reg_4038|    8   |
|mxm_execute_ursa_signed_char_unsigned_short_unsigned_char_unsigned_short_i_572_reg_4044|    8   |
|mxm_execute_ursa_signed_char_unsigned_short_unsigned_char_unsigned_short_i_573_reg_4050|    8   |
|mxm_execute_ursa_signed_char_unsigned_short_unsigned_char_unsigned_short_i_574_reg_4056|    8   |
|mxm_execute_ursa_signed_char_unsigned_short_unsigned_char_unsigned_short_i_575_reg_4062|    8   |
|mxm_execute_ursa_signed_char_unsigned_short_unsigned_char_unsigned_short_i_576_reg_4068|    8   |
|mxm_execute_ursa_signed_char_unsigned_short_unsigned_char_unsigned_short_i_577_reg_4074|    8   |
|mxm_execute_ursa_signed_char_unsigned_short_unsigned_char_unsigned_short_i_578_reg_4080|    8   |
|mxm_execute_ursa_signed_char_unsigned_short_unsigned_char_unsigned_short_i_579_reg_4086|    8   |
|mxm_execute_ursa_signed_char_unsigned_short_unsigned_char_unsigned_short_i_580_reg_4092|    8   |
|mxm_execute_ursa_signed_char_unsigned_short_unsigned_char_unsigned_short_i_581_reg_4098|    8   |
|mxm_execute_ursa_signed_char_unsigned_short_unsigned_char_unsigned_short_i_582_reg_4104|    8   |
|mxm_execute_ursa_signed_char_unsigned_short_unsigned_char_unsigned_short_i_583_reg_4110|    8   |
|mxm_execute_ursa_signed_char_unsigned_short_unsigned_char_unsigned_short_i_584_reg_4116|    8   |
|mxm_execute_ursa_signed_char_unsigned_short_unsigned_char_unsigned_short_i_585_reg_4122|    8   |
|mxm_execute_ursa_signed_char_unsigned_short_unsigned_char_unsigned_short_i_586_reg_4128|    8   |
|mxm_execute_ursa_signed_char_unsigned_short_unsigned_char_unsigned_short_i_587_reg_4134|    8   |
|mxm_execute_ursa_signed_char_unsigned_short_unsigned_char_unsigned_short_i_588_reg_4140|    8   |
|mxm_execute_ursa_signed_char_unsigned_short_unsigned_char_unsigned_short_i_589_reg_4146|    8   |
|mxm_execute_ursa_signed_char_unsigned_short_unsigned_char_unsigned_short_i_590_reg_4152|    8   |
|mxm_execute_ursa_signed_char_unsigned_short_unsigned_char_unsigned_short_i_591_reg_4158|    8   |
|mxm_execute_ursa_signed_char_unsigned_short_unsigned_char_unsigned_short_i_592_reg_4164|    8   |
|mxm_execute_ursa_signed_char_unsigned_short_unsigned_char_unsigned_short_i_593_reg_4170|    8   |
|mxm_execute_ursa_signed_char_unsigned_short_unsigned_char_unsigned_short_i_594_reg_4176|    8   |
|mxm_execute_ursa_signed_char_unsigned_short_unsigned_char_unsigned_short_i_595_reg_4182|    8   |
|mxm_execute_ursa_signed_char_unsigned_short_unsigned_char_unsigned_short_i_596_reg_4188|    8   |
|mxm_execute_ursa_signed_char_unsigned_short_unsigned_char_unsigned_short_i_597_reg_4194|    8   |
|mxm_execute_ursa_signed_char_unsigned_short_unsigned_char_unsigned_short_i_598_reg_4200|    8   |
|mxm_execute_ursa_signed_char_unsigned_short_unsigned_char_unsigned_short_i_599_reg_4206|    8   |
|mxm_execute_ursa_signed_char_unsigned_short_unsigned_char_unsigned_short_i_600_reg_4212|    8   |
|mxm_execute_ursa_signed_char_unsigned_short_unsigned_char_unsigned_short_i_601_reg_4218|    8   |
|mxm_execute_ursa_signed_char_unsigned_short_unsigned_char_unsigned_short_i_602_reg_4224|    8   |
|mxm_execute_ursa_signed_char_unsigned_short_unsigned_char_unsigned_short_i_603_reg_4230|    8   |
|mxm_execute_ursa_signed_char_unsigned_short_unsigned_char_unsigned_short_i_604_reg_4236|    8   |
|mxm_execute_ursa_signed_char_unsigned_short_unsigned_char_unsigned_short_i_605_reg_4242|    8   |
|mxm_execute_ursa_signed_char_unsigned_short_unsigned_char_unsigned_short_i_606_reg_4248|    8   |
|mxm_execute_ursa_signed_char_unsigned_short_unsigned_char_unsigned_short_i_607_reg_4254|    8   |
|mxm_execute_ursa_signed_char_unsigned_short_unsigned_char_unsigned_short_i_608_reg_4260|    8   |
|mxm_execute_ursa_signed_char_unsigned_short_unsigned_char_unsigned_short_i_609_reg_4266|    8   |
|mxm_execute_ursa_signed_char_unsigned_short_unsigned_char_unsigned_short_i_610_reg_4272|    8   |
|mxm_execute_ursa_signed_char_unsigned_short_unsigned_char_unsigned_short_i_611_reg_4278|    8   |
|mxm_execute_ursa_signed_char_unsigned_short_unsigned_char_unsigned_short_i_612_reg_4284|    8   |
|mxm_execute_ursa_signed_char_unsigned_short_unsigned_char_unsigned_short_i_613_reg_4290|    8   |
|                                     p_mid_reg_4392                                    |   32   |
|                                select_ln312_1_reg_4375                                |   14   |
|                                 select_ln312_reg_4387                                 |   14   |
|                                  trunc_ln312_reg_4380                                 |   13   |
|                                  trunc_ln334_reg_4424                                 |   13   |
|                                   trunc_ln_reg_4334                                   |   14   |
|                                  zext_ln312_reg_4349                                  |   29   |
|                                  zext_ln331_reg_4344                                  |   29   |
+---------------------------------------------------------------------------------------+--------+
|                                         Total                                         |  1746  |
+---------------------------------------------------------------------------------------+--------+

* Multiplexer (MUX) list: 
|--------|------|------|------|--------|
|  Comp  |  Pin | Size |  BW  | S x BW |
|--------|------|------|------|--------|
|  Total |      |      |      |    0   |
|--------|------|------|------|--------|



* Summary:
+-----------+--------+--------+--------+--------+--------+--------+
|           |  BRAM  |   DSP  |  Delay |   FF   |   LUT  |  URAM  |
+-----------+--------+--------+--------+--------+--------+--------+
|  Function |    -   |   68   |   140  |  7523  |  6979  |    -   |
|   Memory  |    2   |    -   |    -   |    0   |    0   |    0   |
|Multiplexer|    -   |    -   |    -   |    -   |    -   |    -   |
|  Register |    -   |    -   |    -   |  1746  |    -   |    -   |
+-----------+--------+--------+--------+--------+--------+--------+
|   Total   |    2   |   68   |   140  |  9269  |  6979  |    0   |
+-----------+--------+--------+--------+--------+--------+--------+
