Copyright 1986-2022 Xilinx, Inc. All Rights Reserved. Copyright 2022-2023 Advanced Micro Devices, Inc. All Rights Reserved.
---------------------------------------------------------------------------------------------------------------------------------------------------------------------------
| Tool Version : Vivado v.2023.2 (lin64) Build 4029153 Fri Oct 13 20:13:54 MDT 2023
| Date         : Fri Sep 25 16:57:29 2026
| Host         : ulisses-desktop running 64-bit Ubuntu 26.04.1 LTS
| Command      : report_utilization -hierarchical -file /home/ulisses/Projects/ursa/exp/output-stationary-v2/bitstreams/ursa_vanilla_16x16_acc20_bram_utilization_hier.rpt
| Design       : ursa_vanilla_bram_wrapper
| Device       : xc7z020clg484-1
| Speed File   : -1
| Design State : Routed
---------------------------------------------------------------------------------------------------------------------------------------------------------------------------

Utilization Design Information

Table of Contents
-----------------
1. Utilization by Hierarchy

1. Utilization by Hierarchy
---------------------------

+-----------------------------------------------------------------------------------+----------------------------------------------------------------------------------------------------+------------+------------+---------+------+-------+--------+--------+------------+
|                                      Instance                                     |                                               Module                                               | Total LUTs | Logic LUTs | LUTRAMs | SRLs |  FFs  | RAMB36 | RAMB18 | DSP Blocks |
+-----------------------------------------------------------------------------------+----------------------------------------------------------------------------------------------------+------------+------------+---------+------+-------+--------+--------+------------+
| ursa_vanilla_bram_wrapper                                                         |                                                                                              (top) |      22731 |      19740 |    2692 |  299 | 27202 |     14 |      1 |        220 |
|   ursa_vanilla_bram_i                                                             |                                                                                  ursa_vanilla_bram |      22731 |      19740 |    2692 |  299 | 27202 |     14 |      1 |        220 |
|     axi_bram_ctrl_0                                                               |                                                                ursa_vanilla_bram_axi_bram_ctrl_0_0 |        237 |        237 |       0 |    0 |   494 |      0 |      0 |          0 |
|       U0                                                                          |                                                  ursa_vanilla_bram_axi_bram_ctrl_0_0_axi_bram_ctrl |        237 |        237 |       0 |    0 |   494 |      0 |      0 |          0 |
|         gext_inst.abcv4_0_ext_inst                                                |                                              ursa_vanilla_bram_axi_bram_ctrl_0_0_axi_bram_ctrl_top |        237 |        237 |       0 |    0 |   494 |      0 |      0 |          0 |
|           GEN_AXI4.I_FULL_AXI                                                     |                                                       ursa_vanilla_bram_axi_bram_ctrl_0_0_full_axi |        237 |        237 |       0 |    0 |   494 |      0 |      0 |          0 |
|             (GEN_AXI4.I_FULL_AXI)                                                 |                                                       ursa_vanilla_bram_axi_bram_ctrl_0_0_full_axi |          5 |          5 |       0 |    0 |     9 |      0 |      0 |          0 |
|             GEN_ARB.I_SNG_PORT                                                    |                                                   ursa_vanilla_bram_axi_bram_ctrl_0_0_sng_port_arb |         23 |         23 |       0 |    0 |     7 |      0 |      0 |          0 |
|             I_RD_CHNL                                                             |                                                        ursa_vanilla_bram_axi_bram_ctrl_0_0_rd_chnl |        176 |        176 |       0 |    0 |   308 |      0 |      0 |          0 |
|               (I_RD_CHNL)                                                         |                                                        ursa_vanilla_bram_axi_bram_ctrl_0_0_rd_chnl |        147 |        147 |       0 |    0 |   297 |      0 |      0 |          0 |
|               GEN_NO_RD_CMD_OPT.I_WRAP_BRST                                       |                                                    ursa_vanilla_bram_axi_bram_ctrl_0_0_wrap_brst_0 |         30 |         30 |       0 |    0 |    11 |      0 |      0 |          0 |
|             I_WR_CHNL                                                             |                                                        ursa_vanilla_bram_axi_bram_ctrl_0_0_wr_chnl |         35 |         35 |       0 |    0 |   170 |      0 |      0 |          0 |
|               (I_WR_CHNL)                                                         |                                                        ursa_vanilla_bram_axi_bram_ctrl_0_0_wr_chnl |         17 |         17 |       0 |    0 |   159 |      0 |      0 |          0 |
|               BID_FIFO                                                            |                                                       ursa_vanilla_bram_axi_bram_ctrl_0_0_SRL_FIFO |          2 |          2 |       0 |    0 |     0 |      0 |      0 |          0 |
|               I_WRAP_BRST                                                         |                                                      ursa_vanilla_bram_axi_bram_ctrl_0_0_wrap_brst |         16 |         16 |       0 |    0 |    11 |      0 |      0 |          0 |
|     axi_bram_ctrl_1                                                               |                                                                ursa_vanilla_bram_axi_bram_ctrl_1_0 |        240 |        240 |       0 |    0 |   497 |      0 |      0 |          0 |
|       U0                                                                          |                                                  ursa_vanilla_bram_axi_bram_ctrl_1_0_axi_bram_ctrl |        240 |        240 |       0 |    0 |   497 |      0 |      0 |          0 |
|         gext_inst.abcv4_0_ext_inst                                                |                                              ursa_vanilla_bram_axi_bram_ctrl_1_0_axi_bram_ctrl_top |        240 |        240 |       0 |    0 |   497 |      0 |      0 |          0 |
|           GEN_AXI4.I_FULL_AXI                                                     |                                                       ursa_vanilla_bram_axi_bram_ctrl_1_0_full_axi |        240 |        240 |       0 |    0 |   497 |      0 |      0 |          0 |
|             (GEN_AXI4.I_FULL_AXI)                                                 |                                                       ursa_vanilla_bram_axi_bram_ctrl_1_0_full_axi |          6 |          6 |       0 |    0 |    10 |      0 |      0 |          0 |
|             GEN_ARB.I_SNG_PORT                                                    |                                                   ursa_vanilla_bram_axi_bram_ctrl_1_0_sng_port_arb |         22 |         22 |       0 |    0 |     7 |      0 |      0 |          0 |
|             I_RD_CHNL                                                             |                                                        ursa_vanilla_bram_axi_bram_ctrl_1_0_rd_chnl |        176 |        176 |       0 |    0 |   309 |      0 |      0 |          0 |
|               (I_RD_CHNL)                                                         |                                                        ursa_vanilla_bram_axi_bram_ctrl_1_0_rd_chnl |        146 |        146 |       0 |    0 |   297 |      0 |      0 |          0 |
|               GEN_NO_RD_CMD_OPT.I_WRAP_BRST                                       |                                                    ursa_vanilla_bram_axi_bram_ctrl_1_0_wrap_brst_0 |         30 |         30 |       0 |    0 |    12 |      0 |      0 |          0 |
|             I_WR_CHNL                                                             |                                                        ursa_vanilla_bram_axi_bram_ctrl_1_0_wr_chnl |         38 |         38 |       0 |    0 |   171 |      0 |      0 |          0 |
|               (I_WR_CHNL)                                                         |                                                        ursa_vanilla_bram_axi_bram_ctrl_1_0_wr_chnl |         20 |         20 |       0 |    0 |   159 |      0 |      0 |          0 |
|               BID_FIFO                                                            |                                                       ursa_vanilla_bram_axi_bram_ctrl_1_0_SRL_FIFO |          2 |          2 |       0 |    0 |     0 |      0 |      0 |          0 |
|               I_WRAP_BRST                                                         |                                                      ursa_vanilla_bram_axi_bram_ctrl_1_0_wrap_brst |         16 |         16 |       0 |    0 |    12 |      0 |      0 |          0 |
|     axi_bram_ctrl_2                                                               |                                                                ursa_vanilla_bram_axi_bram_ctrl_2_0 |        191 |        191 |       0 |    0 |   200 |      0 |      0 |          0 |
|       U0                                                                          |                                                  ursa_vanilla_bram_axi_bram_ctrl_2_0_axi_bram_ctrl |        191 |        191 |       0 |    0 |   200 |      0 |      0 |          0 |
|         gext_inst.abcv4_0_ext_inst                                                |                                              ursa_vanilla_bram_axi_bram_ctrl_2_0_axi_bram_ctrl_top |        191 |        191 |       0 |    0 |   200 |      0 |      0 |          0 |
|           GEN_AXI4.I_FULL_AXI                                                     |                                                       ursa_vanilla_bram_axi_bram_ctrl_2_0_full_axi |        191 |        191 |       0 |    0 |   200 |      0 |      0 |          0 |
|             (GEN_AXI4.I_FULL_AXI)                                                 |                                                       ursa_vanilla_bram_axi_bram_ctrl_2_0_full_axi |          7 |          7 |       0 |    0 |    12 |      0 |      0 |          0 |
|             GEN_ARB.I_SNG_PORT                                                    |                                                   ursa_vanilla_bram_axi_bram_ctrl_2_0_sng_port_arb |         16 |         16 |       0 |    0 |     7 |      0 |      0 |          0 |
|             I_RD_CHNL                                                             |                                                        ursa_vanilla_bram_axi_bram_ctrl_2_0_rd_chnl |        130 |        130 |       0 |    0 |   116 |      0 |      0 |          0 |
|               (I_RD_CHNL)                                                         |                                                        ursa_vanilla_bram_axi_bram_ctrl_2_0_rd_chnl |         97 |         97 |       0 |    0 |   102 |      0 |      0 |          0 |
|               GEN_NO_RD_CMD_OPT.I_WRAP_BRST                                       |                                                    ursa_vanilla_bram_axi_bram_ctrl_2_0_wrap_brst_0 |         34 |         34 |       0 |    0 |    14 |      0 |      0 |          0 |
|             I_WR_CHNL                                                             |                                                        ursa_vanilla_bram_axi_bram_ctrl_2_0_wr_chnl |         39 |         39 |       0 |    0 |    65 |      0 |      0 |          0 |
|               (I_WR_CHNL)                                                         |                                                        ursa_vanilla_bram_axi_bram_ctrl_2_0_wr_chnl |         23 |         23 |       0 |    0 |    51 |      0 |      0 |          0 |
|               I_WRAP_BRST                                                         |                                                      ursa_vanilla_bram_axi_bram_ctrl_2_0_wrap_brst |         16 |         16 |       0 |    0 |    14 |      0 |      0 |          0 |
|     axi_interconnect_0                                                            |                                                             ursa_vanilla_bram_axi_interconnect_0_0 |       3343 |       3107 |      88 |  148 |  4105 |      0 |      0 |          0 |
|       m00_couplers                                                                |                                                                           m00_couplers_imp_11DIUMT |        877 |        810 |      44 |   23 |   822 |      0 |      0 |          0 |
|         auto_ds                                                                   |                                                                        ursa_vanilla_bram_auto_ds_0 |        574 |        530 |      44 |    0 |   538 |      0 |      0 |          0 |
|           inst                                                                    |                                       ursa_vanilla_bram_auto_ds_0_axi_dwidth_converter_v2_1_29_top |        574 |        530 |      44 |    0 |   538 |      0 |      0 |          0 |
|             gen_downsizer.gen_simple_downsizer.axi_downsizer_inst                 |                             ursa_vanilla_bram_auto_ds_0_axi_dwidth_converter_v2_1_29_axi_downsizer |        574 |        530 |      44 |    0 |   538 |      0 |      0 |          0 |
|               USE_READ.read_addr_inst                                             |               ursa_vanilla_bram_auto_ds_0_axi_dwidth_converter_v2_1_29_a_downsizer__parameterized0 |        244 |        224 |      20 |    0 |   193 |      0 |      0 |          0 |
|                 (USE_READ.read_addr_inst)                                         |               ursa_vanilla_bram_auto_ds_0_axi_dwidth_converter_v2_1_29_a_downsizer__parameterized0 |         89 |         89 |       0 |    0 |    99 |      0 |      0 |          0 |
|                 cmd_queue                                                         |                        ursa_vanilla_bram_auto_ds_0_axi_data_fifo_v2_1_28_axic_fifo__parameterized0 |        155 |        135 |      20 |    0 |    94 |      0 |      0 |          0 |
|                   inst                                                            |                         ursa_vanilla_bram_auto_ds_0_axi_data_fifo_v2_1_28_fifo_gen__parameterized0 |        155 |        135 |      20 |    0 |    94 |      0 |      0 |          0 |
|                     (inst)                                                        |                         ursa_vanilla_bram_auto_ds_0_axi_data_fifo_v2_1_28_fifo_gen__parameterized0 |        110 |        110 |       0 |    0 |     0 |      0 |      0 |          0 |
|                     fifo_gen_inst                                                 |                                 ursa_vanilla_bram_auto_ds_0_fifo_generator_v13_2_9__parameterized0 |         45 |         25 |      20 |    0 |    94 |      0 |      0 |          0 |
|                       inst_fifo_gen                                               |                           ursa_vanilla_bram_auto_ds_0_fifo_generator_v13_2_9_synth__parameterized0 |         45 |         25 |      20 |    0 |    94 |      0 |      0 |          0 |
|                         gconvfifo.rf                                              |                                     ursa_vanilla_bram_auto_ds_0_fifo_generator_top__parameterized0 |         45 |         25 |      20 |    0 |    94 |      0 |      0 |          0 |
|                           grf.rf                                                  |                                 ursa_vanilla_bram_auto_ds_0_fifo_generator_ramfifo__parameterized0 |         45 |         25 |      20 |    0 |    94 |      0 |      0 |          0 |
|                             gntv_or_sync_fifo.gl0.rd                              |                                                             ursa_vanilla_bram_auto_ds_0_rd_logic_7 |          8 |          8 |       0 |    0 |    20 |      0 |      0 |          0 |
|                               gr1.gr1_int.rfwft                                   |                                                             ursa_vanilla_bram_auto_ds_0_rd_fwft_13 |          5 |          5 |       0 |    0 |     8 |      0 |      0 |          0 |
|                               grss.rsts                                           |                                                  ursa_vanilla_bram_auto_ds_0_rd_status_flags_ss_14 |          0 |          0 |       0 |    0 |     2 |      0 |      0 |          0 |
|                               rpntr                                               |                                                         ursa_vanilla_bram_auto_ds_0_rd_bin_cntr_15 |          3 |          3 |       0 |    0 |    10 |      0 |      0 |          0 |
|                             gntv_or_sync_fifo.gl0.wr                              |                                                             ursa_vanilla_bram_auto_ds_0_wr_logic_8 |         12 |         12 |       0 |    0 |    12 |      0 |      0 |          0 |
|                               gwss.wsts                                           |                                                  ursa_vanilla_bram_auto_ds_0_wr_status_flags_ss_11 |          2 |          2 |       0 |    0 |     2 |      0 |      0 |          0 |
|                               wpntr                                               |                                                         ursa_vanilla_bram_auto_ds_0_wr_bin_cntr_12 |         11 |         11 |       0 |    0 |    10 |      0 |      0 |          0 |
|                             gntv_or_sync_fifo.mem                                 |                                               ursa_vanilla_bram_auto_ds_0_memory__parameterized0_9 |         20 |          0 |      20 |    0 |    58 |      0 |      0 |          0 |
|                               (gntv_or_sync_fifo.mem)                             |                                               ursa_vanilla_bram_auto_ds_0_memory__parameterized0_9 |          0 |          0 |       0 |    0 |    29 |      0 |      0 |          0 |
|                               gdm.dm_gen.dm                                       |                                                ursa_vanilla_bram_auto_ds_0_dmem__parameterized0_10 |         20 |          0 |      20 |    0 |    29 |      0 |      0 |          0 |
|                             rstblk                                                |                                                      ursa_vanilla_bram_auto_ds_0_reset_blk_ramfifo |          5 |          5 |       0 |    0 |     4 |      0 |      0 |          0 |
|                               (rstblk)                                            |                                                      ursa_vanilla_bram_auto_ds_0_reset_blk_ramfifo |          5 |          5 |       0 |    0 |     2 |      0 |      0 |          0 |
|                               ngwrdrst.grst.g7serrst.gnsckt_wrst.rst_wr_reg2_inst |                                                      ursa_vanilla_bram_auto_ds_0_xpm_cdc_async_rst |          0 |          0 |       0 |    0 |     2 |      0 |      0 |          0 |
|               USE_READ.read_data_inst                                             |                               ursa_vanilla_bram_auto_ds_0_axi_dwidth_converter_v2_1_29_r_downsizer |         45 |         45 |       0 |    0 |    79 |      0 |      0 |          0 |
|               USE_WRITE.USE_SPLIT.write_resp_inst                                 |                               ursa_vanilla_bram_auto_ds_0_axi_dwidth_converter_v2_1_29_b_downsizer |         16 |         16 |       0 |    0 |    11 |      0 |      0 |          0 |
|               USE_WRITE.write_addr_inst                                           |                               ursa_vanilla_bram_auto_ds_0_axi_dwidth_converter_v2_1_29_a_downsizer |        243 |        219 |      24 |    0 |   242 |      0 |      0 |          0 |
|                 (USE_WRITE.write_addr_inst)                                       |                               ursa_vanilla_bram_auto_ds_0_axi_dwidth_converter_v2_1_29_a_downsizer |         94 |         94 |       0 |    0 |   104 |      0 |      0 |          0 |
|                 USE_B_CHANNEL.cmd_b_queue                                         |                                        ursa_vanilla_bram_auto_ds_0_axi_data_fifo_v2_1_28_axic_fifo |         43 |         39 |       4 |    0 |    46 |      0 |      0 |          0 |
|                   inst                                                            |                                         ursa_vanilla_bram_auto_ds_0_axi_data_fifo_v2_1_28_fifo_gen |         43 |         39 |       4 |    0 |    46 |      0 |      0 |          0 |
|                     (inst)                                                        |                                         ursa_vanilla_bram_auto_ds_0_axi_data_fifo_v2_1_28_fifo_gen |         13 |         13 |       0 |    0 |     0 |      0 |      0 |          0 |
|                     fifo_gen_inst                                                 |                                                 ursa_vanilla_bram_auto_ds_0_fifo_generator_v13_2_9 |         30 |         26 |       4 |    0 |    46 |      0 |      0 |          0 |
|                       inst_fifo_gen                                               |                                           ursa_vanilla_bram_auto_ds_0_fifo_generator_v13_2_9_synth |         30 |         26 |       4 |    0 |    46 |      0 |      0 |          0 |
|                         gconvfifo.rf                                              |                                                     ursa_vanilla_bram_auto_ds_0_fifo_generator_top |         30 |         26 |       4 |    0 |    46 |      0 |      0 |          0 |
|                           grf.rf                                                  |                                                 ursa_vanilla_bram_auto_ds_0_fifo_generator_ramfifo |         30 |         26 |       4 |    0 |    46 |      0 |      0 |          0 |
|                             gntv_or_sync_fifo.gl0.rd                              |                                                             ursa_vanilla_bram_auto_ds_0_rd_logic_0 |          9 |          9 |       0 |    0 |    20 |      0 |      0 |          0 |
|                               gr1.gr1_int.rfwft                                   |                                                              ursa_vanilla_bram_auto_ds_0_rd_fwft_4 |          6 |          6 |       0 |    0 |     8 |      0 |      0 |          0 |
|                               grss.rsts                                           |                                                   ursa_vanilla_bram_auto_ds_0_rd_status_flags_ss_5 |          0 |          0 |       0 |    0 |     2 |      0 |      0 |          0 |
|                               rpntr                                               |                                                          ursa_vanilla_bram_auto_ds_0_rd_bin_cntr_6 |          3 |          3 |       0 |    0 |    10 |      0 |      0 |          0 |
|                             gntv_or_sync_fifo.gl0.wr                              |                                                             ursa_vanilla_bram_auto_ds_0_wr_logic_1 |         12 |         12 |       0 |    0 |    12 |      0 |      0 |          0 |
|                               gwss.wsts                                           |                                                   ursa_vanilla_bram_auto_ds_0_wr_status_flags_ss_2 |          2 |          2 |       0 |    0 |     2 |      0 |      0 |          0 |
|                               wpntr                                               |                                                          ursa_vanilla_bram_auto_ds_0_wr_bin_cntr_3 |         11 |         11 |       0 |    0 |    10 |      0 |      0 |          0 |
|                             gntv_or_sync_fifo.mem                                 |                                                                 ursa_vanilla_bram_auto_ds_0_memory |          4 |          0 |       4 |    0 |    10 |      0 |      0 |          0 |
|                               (gntv_or_sync_fifo.mem)                             |                                                                 ursa_vanilla_bram_auto_ds_0_memory |          0 |          0 |       0 |    0 |     5 |      0 |      0 |          0 |
|                               gdm.dm_gen.dm                                       |                                                                   ursa_vanilla_bram_auto_ds_0_dmem |          4 |          0 |       4 |    0 |     5 |      0 |      0 |          0 |
|                             rstblk                                                |                                           ursa_vanilla_bram_auto_ds_0_reset_blk_ramfifo__xdcDup__1 |          5 |          5 |       0 |    0 |     4 |      0 |      0 |          0 |
|                               (rstblk)                                            |                                           ursa_vanilla_bram_auto_ds_0_reset_blk_ramfifo__xdcDup__1 |          5 |          5 |       0 |    0 |     2 |      0 |      0 |          0 |
|                               ngwrdrst.grst.g7serrst.gnsckt_wrst.rst_wr_reg2_inst |                                                   ursa_vanilla_bram_auto_ds_0_xpm_cdc_async_rst__3 |          0 |          0 |       0 |    0 |     2 |      0 |      0 |          0 |
|                 cmd_queue                                                         |             ursa_vanilla_bram_auto_ds_0_axi_data_fifo_v2_1_28_axic_fifo__parameterized0__xdcDup__1 |        107 |         87 |      20 |    0 |    92 |      0 |      0 |          0 |
|                   inst                                                            |              ursa_vanilla_bram_auto_ds_0_axi_data_fifo_v2_1_28_fifo_gen__parameterized0__xdcDup__1 |        107 |         87 |      20 |    0 |    92 |      0 |      0 |          0 |
|                     (inst)                                                        |              ursa_vanilla_bram_auto_ds_0_axi_data_fifo_v2_1_28_fifo_gen__parameterized0__xdcDup__1 |         61 |         61 |       0 |    0 |     0 |      0 |      0 |          0 |
|                     fifo_gen_inst                                                 |                      ursa_vanilla_bram_auto_ds_0_fifo_generator_v13_2_9__parameterized0__xdcDup__1 |         46 |         26 |      20 |    0 |    92 |      0 |      0 |          0 |
|                       inst_fifo_gen                                               |                ursa_vanilla_bram_auto_ds_0_fifo_generator_v13_2_9_synth__parameterized0__xdcDup__1 |         46 |         26 |      20 |    0 |    92 |      0 |      0 |          0 |
|                         gconvfifo.rf                                              |                          ursa_vanilla_bram_auto_ds_0_fifo_generator_top__parameterized0__xdcDup__1 |         46 |         26 |      20 |    0 |    92 |      0 |      0 |          0 |
|                           grf.rf                                                  |                      ursa_vanilla_bram_auto_ds_0_fifo_generator_ramfifo__parameterized0__xdcDup__1 |         46 |         26 |      20 |    0 |    92 |      0 |      0 |          0 |
|                             gntv_or_sync_fifo.gl0.rd                              |                                                               ursa_vanilla_bram_auto_ds_0_rd_logic |          9 |          9 |       0 |    0 |    20 |      0 |      0 |          0 |
|                               gr1.gr1_int.rfwft                                   |                                                                ursa_vanilla_bram_auto_ds_0_rd_fwft |          6 |          6 |       0 |    0 |     8 |      0 |      0 |          0 |
|                               grss.rsts                                           |                                                     ursa_vanilla_bram_auto_ds_0_rd_status_flags_ss |          0 |          0 |       0 |    0 |     2 |      0 |      0 |          0 |
|                               rpntr                                               |                                                            ursa_vanilla_bram_auto_ds_0_rd_bin_cntr |          3 |          3 |       0 |    0 |    10 |      0 |      0 |          0 |
|                             gntv_or_sync_fifo.gl0.wr                              |                                                               ursa_vanilla_bram_auto_ds_0_wr_logic |         12 |         12 |       0 |    0 |    12 |      0 |      0 |          0 |
|                               gwss.wsts                                           |                                                     ursa_vanilla_bram_auto_ds_0_wr_status_flags_ss |          2 |          2 |       0 |    0 |     2 |      0 |      0 |          0 |
|                               wpntr                                               |                                                            ursa_vanilla_bram_auto_ds_0_wr_bin_cntr |         11 |         11 |       0 |    0 |    10 |      0 |      0 |          0 |
|                             gntv_or_sync_fifo.mem                                 |                                                 ursa_vanilla_bram_auto_ds_0_memory__parameterized0 |         20 |          0 |      20 |    0 |    56 |      0 |      0 |          0 |
|                               (gntv_or_sync_fifo.mem)                             |                                                 ursa_vanilla_bram_auto_ds_0_memory__parameterized0 |          0 |          0 |       0 |    0 |    28 |      0 |      0 |          0 |
|                               gdm.dm_gen.dm                                       |                                                   ursa_vanilla_bram_auto_ds_0_dmem__parameterized0 |         20 |          0 |      20 |    0 |    28 |      0 |      0 |          0 |
|                             rstblk                                                |                                           ursa_vanilla_bram_auto_ds_0_reset_blk_ramfifo__xdcDup__2 |          5 |          5 |       0 |    0 |     4 |      0 |      0 |          0 |
|                               (rstblk)                                            |                                           ursa_vanilla_bram_auto_ds_0_reset_blk_ramfifo__xdcDup__2 |          5 |          5 |       0 |    0 |     2 |      0 |      0 |          0 |
|                               ngwrdrst.grst.g7serrst.gnsckt_wrst.rst_wr_reg2_inst |                                                   ursa_vanilla_bram_auto_ds_0_xpm_cdc_async_rst__4 |          0 |          0 |       0 |    0 |     2 |      0 |      0 |          0 |
|               USE_WRITE.write_data_inst                                           |                               ursa_vanilla_bram_auto_ds_0_axi_dwidth_converter_v2_1_29_w_downsizer |         27 |         27 |       0 |    0 |    13 |      0 |      0 |          0 |
|         auto_pc                                                                   |                                                                        ursa_vanilla_bram_auto_pc_0 |        304 |        281 |       0 |   23 |   284 |      0 |      0 |          0 |
|           inst                                                                    |                  ursa_vanilla_bram_auto_pc_0_axi_protocol_converter_v2_1_29_axi_protocol_converter |        304 |        281 |       0 |   23 |   284 |      0 |      0 |          0 |
|             gen_axilite.gen_b2s_conv.axilite_b2s                                  |                                     ursa_vanilla_bram_auto_pc_0_axi_protocol_converter_v2_1_29_b2s |        304 |        281 |       0 |   23 |   284 |      0 |      0 |          0 |
|               (gen_axilite.gen_b2s_conv.axilite_b2s)                              |                                     ursa_vanilla_bram_auto_pc_0_axi_protocol_converter_v2_1_29_b2s |          1 |          1 |       0 |    0 |     1 |      0 |      0 |          0 |
|               RD.ar_channel_0                                                     |                          ursa_vanilla_bram_auto_pc_0_axi_protocol_converter_v2_1_29_b2s_ar_channel |         60 |         60 |       0 |    0 |    59 |      0 |      0 |          0 |
|                 ar_cmd_fsm_0                                                      |                          ursa_vanilla_bram_auto_pc_0_axi_protocol_converter_v2_1_29_b2s_rd_cmd_fsm |         19 |         19 |       0 |    0 |     2 |      0 |      0 |          0 |
|                 cmd_translator_0                                                  |                    ursa_vanilla_bram_auto_pc_0_axi_protocol_converter_v2_1_29_b2s_cmd_translator_1 |         41 |         41 |       0 |    0 |    57 |      0 |      0 |          0 |
|                   (cmd_translator_0)                                              |                    ursa_vanilla_bram_auto_pc_0_axi_protocol_converter_v2_1_29_b2s_cmd_translator_1 |          1 |          1 |       0 |    0 |     3 |      0 |      0 |          0 |
|                   incr_cmd_0                                                      |                          ursa_vanilla_bram_auto_pc_0_axi_protocol_converter_v2_1_29_b2s_incr_cmd_2 |         25 |         25 |       0 |    0 |    19 |      0 |      0 |          0 |
|                   wrap_cmd_0                                                      |                          ursa_vanilla_bram_auto_pc_0_axi_protocol_converter_v2_1_29_b2s_wrap_cmd_3 |         15 |         15 |       0 |    0 |    35 |      0 |      0 |          0 |
|               RD.r_channel_0                                                      |                           ursa_vanilla_bram_auto_pc_0_axi_protocol_converter_v2_1_29_b2s_r_channel |         31 |         14 |       0 |   17 |    12 |      0 |      0 |          0 |
|                 (RD.r_channel_0)                                                  |                           ursa_vanilla_bram_auto_pc_0_axi_protocol_converter_v2_1_29_b2s_r_channel |          0 |          0 |       0 |    0 |     2 |      0 |      0 |          0 |
|                 rd_data_fifo_0                                                    |         ursa_vanilla_bram_auto_pc_0_axi_protocol_converter_v2_1_29_b2s_simple_fifo__parameterized1 |         24 |          8 |       0 |   16 |     5 |      0 |      0 |          0 |
|                 transaction_fifo_0                                                |         ursa_vanilla_bram_auto_pc_0_axi_protocol_converter_v2_1_29_b2s_simple_fifo__parameterized2 |          8 |          7 |       0 |    1 |     5 |      0 |      0 |          0 |
|               SI_REG                                                              |                          ursa_vanilla_bram_auto_pc_0_axi_register_slice_v2_1_29_axi_register_slice |        126 |        126 |       0 |    0 |   128 |      0 |      0 |          0 |
|                 ar.ar_pipe                                                        |                         ursa_vanilla_bram_auto_pc_0_axi_register_slice_v2_1_29_axic_register_slice |         52 |         52 |       0 |    0 |    43 |      0 |      0 |          0 |
|                 aw.aw_pipe                                                        |                       ursa_vanilla_bram_auto_pc_0_axi_register_slice_v2_1_29_axic_register_slice_0 |         56 |         56 |       0 |    0 |    43 |      0 |      0 |          0 |
|                 b.b_pipe                                                          |         ursa_vanilla_bram_auto_pc_0_axi_register_slice_v2_1_29_axic_register_slice__parameterized1 |          5 |          5 |       0 |    0 |     6 |      0 |      0 |          0 |
|                 r.r_pipe                                                          |         ursa_vanilla_bram_auto_pc_0_axi_register_slice_v2_1_29_axic_register_slice__parameterized2 |         13 |         13 |       0 |    0 |    36 |      0 |      0 |          0 |
|               WR.aw_channel_0                                                     |                          ursa_vanilla_bram_auto_pc_0_axi_protocol_converter_v2_1_29_b2s_aw_channel |         59 |         59 |       0 |    0 |    67 |      0 |      0 |          0 |
|                 (WR.aw_channel_0)                                                 |                          ursa_vanilla_bram_auto_pc_0_axi_protocol_converter_v2_1_29_b2s_aw_channel |          0 |          0 |       0 |    0 |     8 |      0 |      0 |          0 |
|                 aw_cmd_fsm_0                                                      |                          ursa_vanilla_bram_auto_pc_0_axi_protocol_converter_v2_1_29_b2s_wr_cmd_fsm |         14 |         14 |       0 |    0 |     2 |      0 |      0 |          0 |
|                 cmd_translator_0                                                  |                      ursa_vanilla_bram_auto_pc_0_axi_protocol_converter_v2_1_29_b2s_cmd_translator |         45 |         45 |       0 |    0 |    57 |      0 |      0 |          0 |
|                   (cmd_translator_0)                                              |                      ursa_vanilla_bram_auto_pc_0_axi_protocol_converter_v2_1_29_b2s_cmd_translator |          0 |          0 |       0 |    0 |     3 |      0 |      0 |          0 |
|                   incr_cmd_0                                                      |                            ursa_vanilla_bram_auto_pc_0_axi_protocol_converter_v2_1_29_b2s_incr_cmd |         24 |         24 |       0 |    0 |    19 |      0 |      0 |          0 |
|                   wrap_cmd_0                                                      |                            ursa_vanilla_bram_auto_pc_0_axi_protocol_converter_v2_1_29_b2s_wrap_cmd |         22 |         22 |       0 |    0 |    35 |      0 |      0 |          0 |
|               WR.b_channel_0                                                      |                           ursa_vanilla_bram_auto_pc_0_axi_protocol_converter_v2_1_29_b2s_b_channel |         30 |         24 |       0 |    6 |    17 |      0 |      0 |          0 |
|                 (WR.b_channel_0)                                                  |                           ursa_vanilla_bram_auto_pc_0_axi_protocol_converter_v2_1_29_b2s_b_channel |          8 |          8 |       0 |    0 |    13 |      0 |      0 |          0 |
|                 bid_fifo_0                                                        |                         ursa_vanilla_bram_auto_pc_0_axi_protocol_converter_v2_1_29_b2s_simple_fifo |         16 |         12 |       0 |    4 |     2 |      0 |      0 |          0 |
|                 bresp_fifo_0                                                      |         ursa_vanilla_bram_auto_pc_0_axi_protocol_converter_v2_1_29_b2s_simple_fifo__parameterized0 |          6 |          4 |       0 |    2 |     2 |      0 |      0 |          0 |
|       m01_couplers                                                                |                                                                           m01_couplers_imp_1SFKXXW |        983 |        900 |      44 |   39 |   918 |      0 |      0 |          0 |
|         auto_ds                                                                   |                                                                        ursa_vanilla_bram_auto_ds_1 |        656 |        612 |      44 |    0 |   602 |      0 |      0 |          0 |
|           inst                                                                    |                                       ursa_vanilla_bram_auto_ds_1_axi_dwidth_converter_v2_1_29_top |        656 |        612 |      44 |    0 |   602 |      0 |      0 |          0 |
|             gen_downsizer.gen_simple_downsizer.axi_downsizer_inst                 |                             ursa_vanilla_bram_auto_ds_1_axi_dwidth_converter_v2_1_29_axi_downsizer |        656 |        612 |      44 |    0 |   602 |      0 |      0 |          0 |
|               USE_READ.read_addr_inst                                             |               ursa_vanilla_bram_auto_ds_1_axi_dwidth_converter_v2_1_29_a_downsizer__parameterized0 |        292 |        272 |      20 |    0 |   193 |      0 |      0 |          0 |
|                 (USE_READ.read_addr_inst)                                         |               ursa_vanilla_bram_auto_ds_1_axi_dwidth_converter_v2_1_29_a_downsizer__parameterized0 |         89 |         89 |       0 |    0 |    99 |      0 |      0 |          0 |
|                 cmd_queue                                                         |                        ursa_vanilla_bram_auto_ds_1_axi_data_fifo_v2_1_28_axic_fifo__parameterized0 |        203 |        183 |      20 |    0 |    94 |      0 |      0 |          0 |
|                   inst                                                            |                         ursa_vanilla_bram_auto_ds_1_axi_data_fifo_v2_1_28_fifo_gen__parameterized0 |        203 |        183 |      20 |    0 |    94 |      0 |      0 |          0 |
|                     (inst)                                                        |                         ursa_vanilla_bram_auto_ds_1_axi_data_fifo_v2_1_28_fifo_gen__parameterized0 |        158 |        158 |       0 |    0 |     0 |      0 |      0 |          0 |
|                     fifo_gen_inst                                                 |                                 ursa_vanilla_bram_auto_ds_1_fifo_generator_v13_2_9__parameterized0 |         45 |         25 |      20 |    0 |    94 |      0 |      0 |          0 |
|                       inst_fifo_gen                                               |                           ursa_vanilla_bram_auto_ds_1_fifo_generator_v13_2_9_synth__parameterized0 |         45 |         25 |      20 |    0 |    94 |      0 |      0 |          0 |
|                         gconvfifo.rf                                              |                                     ursa_vanilla_bram_auto_ds_1_fifo_generator_top__parameterized0 |         45 |         25 |      20 |    0 |    94 |      0 |      0 |          0 |
|                           grf.rf                                                  |                                 ursa_vanilla_bram_auto_ds_1_fifo_generator_ramfifo__parameterized0 |         45 |         25 |      20 |    0 |    94 |      0 |      0 |          0 |
|                             gntv_or_sync_fifo.gl0.rd                              |                                                             ursa_vanilla_bram_auto_ds_1_rd_logic_7 |          8 |          8 |       0 |    0 |    20 |      0 |      0 |          0 |
|                               gr1.gr1_int.rfwft                                   |                                                             ursa_vanilla_bram_auto_ds_1_rd_fwft_13 |          5 |          5 |       0 |    0 |     8 |      0 |      0 |          0 |
|                               grss.rsts                                           |                                                  ursa_vanilla_bram_auto_ds_1_rd_status_flags_ss_14 |          0 |          0 |       0 |    0 |     2 |      0 |      0 |          0 |
|                               rpntr                                               |                                                         ursa_vanilla_bram_auto_ds_1_rd_bin_cntr_15 |          3 |          3 |       0 |    0 |    10 |      0 |      0 |          0 |
|                             gntv_or_sync_fifo.gl0.wr                              |                                                             ursa_vanilla_bram_auto_ds_1_wr_logic_8 |         12 |         12 |       0 |    0 |    12 |      0 |      0 |          0 |
|                               gwss.wsts                                           |                                                  ursa_vanilla_bram_auto_ds_1_wr_status_flags_ss_11 |          2 |          2 |       0 |    0 |     2 |      0 |      0 |          0 |
|                               wpntr                                               |                                                         ursa_vanilla_bram_auto_ds_1_wr_bin_cntr_12 |         11 |         11 |       0 |    0 |    10 |      0 |      0 |          0 |
|                             gntv_or_sync_fifo.mem                                 |                                               ursa_vanilla_bram_auto_ds_1_memory__parameterized0_9 |         20 |          0 |      20 |    0 |    58 |      0 |      0 |          0 |
|                               (gntv_or_sync_fifo.mem)                             |                                               ursa_vanilla_bram_auto_ds_1_memory__parameterized0_9 |          0 |          0 |       0 |    0 |    29 |      0 |      0 |          0 |
|                               gdm.dm_gen.dm                                       |                                                ursa_vanilla_bram_auto_ds_1_dmem__parameterized0_10 |         20 |          0 |      20 |    0 |    29 |      0 |      0 |          0 |
|                             rstblk                                                |                                                      ursa_vanilla_bram_auto_ds_1_reset_blk_ramfifo |          5 |          5 |       0 |    0 |     4 |      0 |      0 |          0 |
|                               (rstblk)                                            |                                                      ursa_vanilla_bram_auto_ds_1_reset_blk_ramfifo |          5 |          5 |       0 |    0 |     2 |      0 |      0 |          0 |
|                               ngwrdrst.grst.g7serrst.gnsckt_wrst.rst_wr_reg2_inst |                                                      ursa_vanilla_bram_auto_ds_1_xpm_cdc_async_rst |          0 |          0 |       0 |    0 |     2 |      0 |      0 |          0 |
|               USE_READ.read_data_inst                                             |                               ursa_vanilla_bram_auto_ds_1_axi_dwidth_converter_v2_1_29_r_downsizer |         61 |         61 |       0 |    0 |   143 |      0 |      0 |          0 |
|               USE_WRITE.USE_SPLIT.write_resp_inst                                 |                               ursa_vanilla_bram_auto_ds_1_axi_dwidth_converter_v2_1_29_b_downsizer |         16 |         16 |       0 |    0 |    11 |      0 |      0 |          0 |
|               USE_WRITE.write_addr_inst                                           |                               ursa_vanilla_bram_auto_ds_1_axi_dwidth_converter_v2_1_29_a_downsizer |        261 |        237 |      24 |    0 |   242 |      0 |      0 |          0 |
|                 (USE_WRITE.write_addr_inst)                                       |                               ursa_vanilla_bram_auto_ds_1_axi_dwidth_converter_v2_1_29_a_downsizer |         94 |         94 |       0 |    0 |   104 |      0 |      0 |          0 |
|                 USE_B_CHANNEL.cmd_b_queue                                         |                                        ursa_vanilla_bram_auto_ds_1_axi_data_fifo_v2_1_28_axic_fifo |         43 |         39 |       4 |    0 |    46 |      0 |      0 |          0 |
|                   inst                                                            |                                         ursa_vanilla_bram_auto_ds_1_axi_data_fifo_v2_1_28_fifo_gen |         43 |         39 |       4 |    0 |    46 |      0 |      0 |          0 |
|                     (inst)                                                        |                                         ursa_vanilla_bram_auto_ds_1_axi_data_fifo_v2_1_28_fifo_gen |         13 |         13 |       0 |    0 |     0 |      0 |      0 |          0 |
|                     fifo_gen_inst                                                 |                                                 ursa_vanilla_bram_auto_ds_1_fifo_generator_v13_2_9 |         30 |         26 |       4 |    0 |    46 |      0 |      0 |          0 |
|                       inst_fifo_gen                                               |                                           ursa_vanilla_bram_auto_ds_1_fifo_generator_v13_2_9_synth |         30 |         26 |       4 |    0 |    46 |      0 |      0 |          0 |
|                         gconvfifo.rf                                              |                                                     ursa_vanilla_bram_auto_ds_1_fifo_generator_top |         30 |         26 |       4 |    0 |    46 |      0 |      0 |          0 |
|                           grf.rf                                                  |                                                 ursa_vanilla_bram_auto_ds_1_fifo_generator_ramfifo |         30 |         26 |       4 |    0 |    46 |      0 |      0 |          0 |
|                             gntv_or_sync_fifo.gl0.rd                              |                                                             ursa_vanilla_bram_auto_ds_1_rd_logic_0 |          9 |          9 |       0 |    0 |    20 |      0 |      0 |          0 |
|                               gr1.gr1_int.rfwft                                   |                                                              ursa_vanilla_bram_auto_ds_1_rd_fwft_4 |          6 |          6 |       0 |    0 |     8 |      0 |      0 |          0 |
|                               grss.rsts                                           |                                                   ursa_vanilla_bram_auto_ds_1_rd_status_flags_ss_5 |          0 |          0 |       0 |    0 |     2 |      0 |      0 |          0 |
|                               rpntr                                               |                                                          ursa_vanilla_bram_auto_ds_1_rd_bin_cntr_6 |          3 |          3 |       0 |    0 |    10 |      0 |      0 |          0 |
|                             gntv_or_sync_fifo.gl0.wr                              |                                                             ursa_vanilla_bram_auto_ds_1_wr_logic_1 |         12 |         12 |       0 |    0 |    12 |      0 |      0 |          0 |
|                               gwss.wsts                                           |                                                   ursa_vanilla_bram_auto_ds_1_wr_status_flags_ss_2 |          2 |          2 |       0 |    0 |     2 |      0 |      0 |          0 |
|                               wpntr                                               |                                                          ursa_vanilla_bram_auto_ds_1_wr_bin_cntr_3 |         11 |         11 |       0 |    0 |    10 |      0 |      0 |          0 |
|                             gntv_or_sync_fifo.mem                                 |                                                                 ursa_vanilla_bram_auto_ds_1_memory |          4 |          0 |       4 |    0 |    10 |      0 |      0 |          0 |
|                               (gntv_or_sync_fifo.mem)                             |                                                                 ursa_vanilla_bram_auto_ds_1_memory |          0 |          0 |       0 |    0 |     5 |      0 |      0 |          0 |
|                               gdm.dm_gen.dm                                       |                                                                   ursa_vanilla_bram_auto_ds_1_dmem |          4 |          0 |       4 |    0 |     5 |      0 |      0 |          0 |
|                             rstblk                                                |                                           ursa_vanilla_bram_auto_ds_1_reset_blk_ramfifo__xdcDup__1 |          5 |          5 |       0 |    0 |     4 |      0 |      0 |          0 |
|                               (rstblk)                                            |                                           ursa_vanilla_bram_auto_ds_1_reset_blk_ramfifo__xdcDup__1 |          5 |          5 |       0 |    0 |     2 |      0 |      0 |          0 |
|                               ngwrdrst.grst.g7serrst.gnsckt_wrst.rst_wr_reg2_inst |                                                   ursa_vanilla_bram_auto_ds_1_xpm_cdc_async_rst__3 |          0 |          0 |       0 |    0 |     2 |      0 |      0 |          0 |
|                 cmd_queue                                                         |             ursa_vanilla_bram_auto_ds_1_axi_data_fifo_v2_1_28_axic_fifo__parameterized0__xdcDup__1 |        125 |        105 |      20 |    0 |    92 |      0 |      0 |          0 |
|                   inst                                                            |              ursa_vanilla_bram_auto_ds_1_axi_data_fifo_v2_1_28_fifo_gen__parameterized0__xdcDup__1 |        125 |        105 |      20 |    0 |    92 |      0 |      0 |          0 |
|                     (inst)                                                        |              ursa_vanilla_bram_auto_ds_1_axi_data_fifo_v2_1_28_fifo_gen__parameterized0__xdcDup__1 |         79 |         79 |       0 |    0 |     0 |      0 |      0 |          0 |
|                     fifo_gen_inst                                                 |                      ursa_vanilla_bram_auto_ds_1_fifo_generator_v13_2_9__parameterized0__xdcDup__1 |         46 |         26 |      20 |    0 |    92 |      0 |      0 |          0 |
|                       inst_fifo_gen                                               |                ursa_vanilla_bram_auto_ds_1_fifo_generator_v13_2_9_synth__parameterized0__xdcDup__1 |         46 |         26 |      20 |    0 |    92 |      0 |      0 |          0 |
|                         gconvfifo.rf                                              |                          ursa_vanilla_bram_auto_ds_1_fifo_generator_top__parameterized0__xdcDup__1 |         46 |         26 |      20 |    0 |    92 |      0 |      0 |          0 |
|                           grf.rf                                                  |                      ursa_vanilla_bram_auto_ds_1_fifo_generator_ramfifo__parameterized0__xdcDup__1 |         46 |         26 |      20 |    0 |    92 |      0 |      0 |          0 |
|                             gntv_or_sync_fifo.gl0.rd                              |                                                               ursa_vanilla_bram_auto_ds_1_rd_logic |          9 |          9 |       0 |    0 |    20 |      0 |      0 |          0 |
|                               gr1.gr1_int.rfwft                                   |                                                                ursa_vanilla_bram_auto_ds_1_rd_fwft |          6 |          6 |       0 |    0 |     8 |      0 |      0 |          0 |
|                               grss.rsts                                           |                                                     ursa_vanilla_bram_auto_ds_1_rd_status_flags_ss |          0 |          0 |       0 |    0 |     2 |      0 |      0 |          0 |
|                               rpntr                                               |                                                            ursa_vanilla_bram_auto_ds_1_rd_bin_cntr |          3 |          3 |       0 |    0 |    10 |      0 |      0 |          0 |
|                             gntv_or_sync_fifo.gl0.wr                              |                                                               ursa_vanilla_bram_auto_ds_1_wr_logic |         12 |         12 |       0 |    0 |    12 |      0 |      0 |          0 |
|                               gwss.wsts                                           |                                                     ursa_vanilla_bram_auto_ds_1_wr_status_flags_ss |          2 |          2 |       0 |    0 |     2 |      0 |      0 |          0 |
|                               wpntr                                               |                                                            ursa_vanilla_bram_auto_ds_1_wr_bin_cntr |         11 |         11 |       0 |    0 |    10 |      0 |      0 |          0 |
|                             gntv_or_sync_fifo.mem                                 |                                                 ursa_vanilla_bram_auto_ds_1_memory__parameterized0 |         20 |          0 |      20 |    0 |    56 |      0 |      0 |          0 |
|                               (gntv_or_sync_fifo.mem)                             |                                                 ursa_vanilla_bram_auto_ds_1_memory__parameterized0 |          0 |          0 |       0 |    0 |    28 |      0 |      0 |          0 |
|                               gdm.dm_gen.dm                                       |                                                   ursa_vanilla_bram_auto_ds_1_dmem__parameterized0 |         20 |          0 |      20 |    0 |    28 |      0 |      0 |          0 |
|                             rstblk                                                |                                           ursa_vanilla_bram_auto_ds_1_reset_blk_ramfifo__xdcDup__2 |          5 |          5 |       0 |    0 |     4 |      0 |      0 |          0 |
|                               (rstblk)                                            |                                           ursa_vanilla_bram_auto_ds_1_reset_blk_ramfifo__xdcDup__2 |          5 |          5 |       0 |    0 |     2 |      0 |      0 |          0 |
|                               ngwrdrst.grst.g7serrst.gnsckt_wrst.rst_wr_reg2_inst |                                                   ursa_vanilla_bram_auto_ds_1_xpm_cdc_async_rst__4 |          0 |          0 |       0 |    0 |     2 |      0 |      0 |          0 |
|               USE_WRITE.write_data_inst                                           |                               ursa_vanilla_bram_auto_ds_1_axi_dwidth_converter_v2_1_29_w_downsizer |         27 |         27 |       0 |    0 |    13 |      0 |      0 |          0 |
|         auto_pc                                                                   |                                                                        ursa_vanilla_bram_auto_pc_1 |        328 |        289 |       0 |   39 |   316 |      0 |      0 |          0 |
|           inst                                                                    |                  ursa_vanilla_bram_auto_pc_1_axi_protocol_converter_v2_1_29_axi_protocol_converter |        328 |        289 |       0 |   39 |   316 |      0 |      0 |          0 |
|             gen_axilite.gen_b2s_conv.axilite_b2s                                  |                                     ursa_vanilla_bram_auto_pc_1_axi_protocol_converter_v2_1_29_b2s |        328 |        289 |       0 |   39 |   316 |      0 |      0 |          0 |
|               (gen_axilite.gen_b2s_conv.axilite_b2s)                              |                                     ursa_vanilla_bram_auto_pc_1_axi_protocol_converter_v2_1_29_b2s |          1 |          1 |       0 |    0 |     1 |      0 |      0 |          0 |
|               RD.ar_channel_0                                                     |                          ursa_vanilla_bram_auto_pc_1_axi_protocol_converter_v2_1_29_b2s_ar_channel |         60 |         60 |       0 |    0 |    59 |      0 |      0 |          0 |
|                 ar_cmd_fsm_0                                                      |                          ursa_vanilla_bram_auto_pc_1_axi_protocol_converter_v2_1_29_b2s_rd_cmd_fsm |         19 |         19 |       0 |    0 |     2 |      0 |      0 |          0 |
|                 cmd_translator_0                                                  |                    ursa_vanilla_bram_auto_pc_1_axi_protocol_converter_v2_1_29_b2s_cmd_translator_1 |         41 |         41 |       0 |    0 |    57 |      0 |      0 |          0 |
|                   (cmd_translator_0)                                              |                    ursa_vanilla_bram_auto_pc_1_axi_protocol_converter_v2_1_29_b2s_cmd_translator_1 |          1 |          1 |       0 |    0 |     3 |      0 |      0 |          0 |
|                   incr_cmd_0                                                      |                          ursa_vanilla_bram_auto_pc_1_axi_protocol_converter_v2_1_29_b2s_incr_cmd_2 |         25 |         25 |       0 |    0 |    19 |      0 |      0 |          0 |
|                   wrap_cmd_0                                                      |                          ursa_vanilla_bram_auto_pc_1_axi_protocol_converter_v2_1_29_b2s_wrap_cmd_3 |         15 |         15 |       0 |    0 |    35 |      0 |      0 |          0 |
|               RD.r_channel_0                                                      |                           ursa_vanilla_bram_auto_pc_1_axi_protocol_converter_v2_1_29_b2s_r_channel |         47 |         14 |       0 |   33 |    12 |      0 |      0 |          0 |
|                 (RD.r_channel_0)                                                  |                           ursa_vanilla_bram_auto_pc_1_axi_protocol_converter_v2_1_29_b2s_r_channel |          0 |          0 |       0 |    0 |     2 |      0 |      0 |          0 |
|                 rd_data_fifo_0                                                    |         ursa_vanilla_bram_auto_pc_1_axi_protocol_converter_v2_1_29_b2s_simple_fifo__parameterized1 |         40 |          8 |       0 |   32 |     5 |      0 |      0 |          0 |
|                 transaction_fifo_0                                                |         ursa_vanilla_bram_auto_pc_1_axi_protocol_converter_v2_1_29_b2s_simple_fifo__parameterized2 |          8 |          7 |       0 |    1 |     5 |      0 |      0 |          0 |
|               SI_REG                                                              |                          ursa_vanilla_bram_auto_pc_1_axi_register_slice_v2_1_29_axi_register_slice |        134 |        134 |       0 |    0 |   160 |      0 |      0 |          0 |
|                 ar.ar_pipe                                                        |                         ursa_vanilla_bram_auto_pc_1_axi_register_slice_v2_1_29_axic_register_slice |         52 |         52 |       0 |    0 |    43 |      0 |      0 |          0 |
|                 aw.aw_pipe                                                        |                       ursa_vanilla_bram_auto_pc_1_axi_register_slice_v2_1_29_axic_register_slice_0 |         56 |         56 |       0 |    0 |    43 |      0 |      0 |          0 |
|                 b.b_pipe                                                          |         ursa_vanilla_bram_auto_pc_1_axi_register_slice_v2_1_29_axic_register_slice__parameterized1 |          5 |          5 |       0 |    0 |     6 |      0 |      0 |          0 |
|                 r.r_pipe                                                          |         ursa_vanilla_bram_auto_pc_1_axi_register_slice_v2_1_29_axic_register_slice__parameterized2 |         21 |         21 |       0 |    0 |    68 |      0 |      0 |          0 |
|               WR.aw_channel_0                                                     |                          ursa_vanilla_bram_auto_pc_1_axi_protocol_converter_v2_1_29_b2s_aw_channel |         59 |         59 |       0 |    0 |    67 |      0 |      0 |          0 |
|                 (WR.aw_channel_0)                                                 |                          ursa_vanilla_bram_auto_pc_1_axi_protocol_converter_v2_1_29_b2s_aw_channel |          0 |          0 |       0 |    0 |     8 |      0 |      0 |          0 |
|                 aw_cmd_fsm_0                                                      |                          ursa_vanilla_bram_auto_pc_1_axi_protocol_converter_v2_1_29_b2s_wr_cmd_fsm |         14 |         14 |       0 |    0 |     2 |      0 |      0 |          0 |
|                 cmd_translator_0                                                  |                      ursa_vanilla_bram_auto_pc_1_axi_protocol_converter_v2_1_29_b2s_cmd_translator |         45 |         45 |       0 |    0 |    57 |      0 |      0 |          0 |
|                   (cmd_translator_0)                                              |                      ursa_vanilla_bram_auto_pc_1_axi_protocol_converter_v2_1_29_b2s_cmd_translator |          0 |          0 |       0 |    0 |     3 |      0 |      0 |          0 |
|                   incr_cmd_0                                                      |                            ursa_vanilla_bram_auto_pc_1_axi_protocol_converter_v2_1_29_b2s_incr_cmd |         24 |         24 |       0 |    0 |    19 |      0 |      0 |          0 |
|                   wrap_cmd_0                                                      |                            ursa_vanilla_bram_auto_pc_1_axi_protocol_converter_v2_1_29_b2s_wrap_cmd |         22 |         22 |       0 |    0 |    35 |      0 |      0 |          0 |
|               WR.b_channel_0                                                      |                           ursa_vanilla_bram_auto_pc_1_axi_protocol_converter_v2_1_29_b2s_b_channel |         30 |         24 |       0 |    6 |    17 |      0 |      0 |          0 |
|                 (WR.b_channel_0)                                                  |                           ursa_vanilla_bram_auto_pc_1_axi_protocol_converter_v2_1_29_b2s_b_channel |          8 |          8 |       0 |    0 |    13 |      0 |      0 |          0 |
|                 bid_fifo_0                                                        |                         ursa_vanilla_bram_auto_pc_1_axi_protocol_converter_v2_1_29_b2s_simple_fifo |         16 |         12 |       0 |    4 |     2 |      0 |      0 |          0 |
|                 bresp_fifo_0                                                      |         ursa_vanilla_bram_auto_pc_1_axi_protocol_converter_v2_1_29_b2s_simple_fifo__parameterized0 |          6 |          4 |       0 |    2 |     2 |      0 |      0 |          0 |
|       s00_couplers                                                                |                                                                            s00_couplers_imp_HOUOQ3 |        683 |        600 |       0 |   83 |   952 |      0 |      0 |          0 |
|         auto_pc                                                                   |                                                                        ursa_vanilla_bram_auto_pc_2 |          0 |          0 |       0 |    0 |     0 |      0 |      0 |          0 |
|           inst                                                                    |                  ursa_vanilla_bram_auto_pc_2_axi_protocol_converter_v2_1_29_axi_protocol_converter |          0 |          0 |       0 |    0 |     0 |      0 |      0 |          0 |
|         auto_us                                                                   |                                                                        ursa_vanilla_bram_auto_us_0 |        683 |        600 |       0 |   83 |   952 |      0 |      0 |          0 |
|           inst                                                                    |                                       ursa_vanilla_bram_auto_us_0_axi_dwidth_converter_v2_1_29_top |        683 |        600 |       0 |   83 |   952 |      0 |      0 |          0 |
|             gen_upsizer.gen_full_upsizer.axi_upsizer_inst                         |                               ursa_vanilla_bram_auto_us_0_axi_dwidth_converter_v2_1_29_axi_upsizer |        683 |        600 |       0 |   83 |   952 |      0 |      0 |          0 |
|               USE_READ.gen_non_fifo_r_upsizer.mi_register_slice_inst              |                          ursa_vanilla_bram_auto_us_0_axi_register_slice_v2_1_29_axi_register_slice |        100 |        100 |       0 |    0 |   264 |      0 |      0 |          0 |
|                 r.r_pipe                                                          |         ursa_vanilla_bram_auto_us_0_axi_register_slice_v2_1_29_axic_register_slice__parameterized2 |        100 |        100 |       0 |    0 |   264 |      0 |      0 |          0 |
|               USE_READ.gen_non_fifo_r_upsizer.read_data_inst                      |                                 ursa_vanilla_bram_auto_us_0_axi_dwidth_converter_v2_1_29_r_upsizer |         59 |         59 |       0 |    0 |   150 |      0 |      0 |          0 |
|               USE_READ.read_addr_inst                                             |                 ursa_vanilla_bram_auto_us_0_axi_dwidth_converter_v2_1_29_a_upsizer__parameterized0 |         80 |         39 |       0 |   41 |    58 |      0 |      0 |          0 |
|                 (USE_READ.read_addr_inst)                                         |                 ursa_vanilla_bram_auto_us_0_axi_dwidth_converter_v2_1_29_a_upsizer__parameterized0 |          0 |          0 |       0 |    0 |     1 |      0 |      0 |          0 |
|                 GEN_CMD_QUEUE.cmd_queue                                           |               ursa_vanilla_bram_auto_us_0_generic_baseblocks_v2_1_1_command_fifo__parameterized0_1 |         59 |         30 |       0 |   29 |    37 |      0 |      0 |          0 |
|                 gen_id_queue.id_queue                                             |                               ursa_vanilla_bram_auto_us_0_generic_baseblocks_v2_1_1_command_fifo_2 |         22 |         10 |       0 |   12 |    20 |      0 |      0 |          0 |
|               USE_WRITE.gen_non_fifo_w_upsizer.write_data_inst                    |                                 ursa_vanilla_bram_auto_us_0_axi_dwidth_converter_v2_1_29_w_upsizer |         68 |         68 |       0 |    0 |   309 |      0 |      0 |          0 |
|               USE_WRITE.write_addr_inst                                           |                                 ursa_vanilla_bram_auto_us_0_axi_dwidth_converter_v2_1_29_a_upsizer |        260 |        218 |       0 |   42 |    59 |      0 |      0 |          0 |
|                 (USE_WRITE.write_addr_inst)                                       |                                 ursa_vanilla_bram_auto_us_0_axi_dwidth_converter_v2_1_29_a_upsizer |          0 |          0 |       0 |    0 |     1 |      0 |      0 |          0 |
|                 GEN_CMD_QUEUE.cmd_queue                                           |                 ursa_vanilla_bram_auto_us_0_generic_baseblocks_v2_1_1_command_fifo__parameterized0 |        237 |        207 |       0 |   30 |    38 |      0 |      0 |          0 |
|                 gen_id_queue.id_queue                                             |                                 ursa_vanilla_bram_auto_us_0_generic_baseblocks_v2_1_1_command_fifo |         25 |         13 |       0 |   12 |    20 |      0 |      0 |          0 |
|               si_register_slice_inst                                              |          ursa_vanilla_bram_auto_us_0_axi_register_slice_v2_1_29_axi_register_slice__parameterized0 |        122 |        122 |       0 |    0 |   112 |      0 |      0 |          0 |
|                 ar.ar_pipe                                                        |         ursa_vanilla_bram_auto_us_0_axi_register_slice_v2_1_29_axic_register_slice__parameterized3 |         68 |         68 |       0 |    0 |    56 |      0 |      0 |          0 |
|                 aw.aw_pipe                                                        |       ursa_vanilla_bram_auto_us_0_axi_register_slice_v2_1_29_axic_register_slice__parameterized3_0 |         54 |         54 |       0 |    0 |    56 |      0 |      0 |          0 |
|       xbar                                                                        |                                                                           ursa_vanilla_bram_xbar_0 |        805 |        802 |       0 |    3 |  1413 |      0 |      0 |          0 |
|         inst                                                                      |                                         ursa_vanilla_bram_xbar_0_axi_crossbar_v2_1_30_axi_crossbar |        805 |        802 |       0 |    3 |  1413 |      0 |      0 |          0 |
|           gen_samd.crossbar_samd                                                  |                                             ursa_vanilla_bram_xbar_0_axi_crossbar_v2_1_30_crossbar |        805 |        802 |       0 |    3 |  1413 |      0 |      0 |          0 |
|             (gen_samd.crossbar_samd)                                              |                                             ursa_vanilla_bram_xbar_0_axi_crossbar_v2_1_30_crossbar |          6 |          6 |       0 |    0 |    35 |      0 |      0 |          0 |
|             addr_arbiter_ar                                                       |                                         ursa_vanilla_bram_xbar_0_axi_crossbar_v2_1_30_addr_arbiter |         42 |         42 |       0 |    0 |    49 |      0 |      0 |          0 |
|             addr_arbiter_aw                                                       |                                       ursa_vanilla_bram_xbar_0_axi_crossbar_v2_1_30_addr_arbiter_0 |         30 |         30 |       0 |    0 |    50 |      0 |      0 |          0 |
|             gen_decerr_slave.decerr_slave_inst                                    |                                         ursa_vanilla_bram_xbar_0_axi_crossbar_v2_1_30_decerr_slave |         22 |         22 |       0 |    0 |    17 |      0 |      0 |          0 |
|             gen_master_slots[0].reg_slice_mi                                      |                             ursa_vanilla_bram_xbar_0_axi_register_slice_v2_1_29_axi_register_slice |         44 |         44 |       0 |    0 |   140 |      0 |      0 |          0 |
|               b.b_pipe                                                            |         ursa_vanilla_bram_xbar_0_axi_register_slice_v2_1_29_axic_register_slice__parameterized1_18 |          2 |          2 |       0 |    0 |     4 |      0 |      0 |          0 |
|               r.r_pipe                                                            |         ursa_vanilla_bram_xbar_0_axi_register_slice_v2_1_29_axic_register_slice__parameterized2_19 |         42 |         42 |       0 |    0 |   136 |      0 |      0 |          0 |
|             gen_master_slots[1].reg_slice_mi                                      |                           ursa_vanilla_bram_xbar_0_axi_register_slice_v2_1_29_axi_register_slice_1 |         75 |         75 |       0 |    0 |   268 |      0 |      0 |          0 |
|               b.b_pipe                                                            |         ursa_vanilla_bram_xbar_0_axi_register_slice_v2_1_29_axic_register_slice__parameterized1_16 |          4 |          4 |       0 |    0 |     4 |      0 |      0 |          0 |
|               r.r_pipe                                                            |         ursa_vanilla_bram_xbar_0_axi_register_slice_v2_1_29_axic_register_slice__parameterized2_17 |         71 |         71 |       0 |    0 |   264 |      0 |      0 |          0 |
|             gen_master_slots[2].reg_slice_mi                                      |                           ursa_vanilla_bram_xbar_0_axi_register_slice_v2_1_29_axi_register_slice_2 |         72 |         72 |       0 |    0 |   268 |      0 |      0 |          0 |
|               b.b_pipe                                                            |         ursa_vanilla_bram_xbar_0_axi_register_slice_v2_1_29_axic_register_slice__parameterized1_14 |          1 |          1 |       0 |    0 |     4 |      0 |      0 |          0 |
|               r.r_pipe                                                            |         ursa_vanilla_bram_xbar_0_axi_register_slice_v2_1_29_axic_register_slice__parameterized2_15 |         71 |         71 |       0 |    0 |   264 |      0 |      0 |          0 |
|             gen_master_slots[3].reg_slice_mi                                      |                           ursa_vanilla_bram_xbar_0_axi_register_slice_v2_1_29_axi_register_slice_3 |         72 |         72 |       0 |    0 |   268 |      0 |      0 |          0 |
|               b.b_pipe                                                            |         ursa_vanilla_bram_xbar_0_axi_register_slice_v2_1_29_axic_register_slice__parameterized1_12 |          2 |          2 |       0 |    0 |     4 |      0 |      0 |          0 |
|               r.r_pipe                                                            |         ursa_vanilla_bram_xbar_0_axi_register_slice_v2_1_29_axic_register_slice__parameterized2_13 |         70 |         70 |       0 |    0 |   264 |      0 |      0 |          0 |
|             gen_master_slots[4].reg_slice_mi                                      |                           ursa_vanilla_bram_xbar_0_axi_register_slice_v2_1_29_axi_register_slice_4 |        136 |        136 |       0 |    0 |   269 |      0 |      0 |          0 |
|               b.b_pipe                                                            |         ursa_vanilla_bram_xbar_0_axi_register_slice_v2_1_29_axic_register_slice__parameterized1_10 |          5 |          5 |       0 |    0 |     5 |      0 |      0 |          0 |
|               r.r_pipe                                                            |         ursa_vanilla_bram_xbar_0_axi_register_slice_v2_1_29_axic_register_slice__parameterized2_11 |        131 |        131 |       0 |    0 |   264 |      0 |      0 |          0 |
|             gen_master_slots[5].reg_slice_mi                                      |                           ursa_vanilla_bram_xbar_0_axi_register_slice_v2_1_29_axi_register_slice_5 |          9 |          9 |       0 |    0 |     7 |      0 |      0 |          0 |
|               b.b_pipe                                                            |            ursa_vanilla_bram_xbar_0_axi_register_slice_v2_1_29_axic_register_slice__parameterized1 |          2 |          2 |       0 |    0 |     3 |      0 |      0 |          0 |
|               r.r_pipe                                                            |            ursa_vanilla_bram_xbar_0_axi_register_slice_v2_1_29_axic_register_slice__parameterized2 |          7 |          7 |       0 |    0 |     4 |      0 |      0 |          0 |
|             gen_slave_slots[0].gen_si_read.si_transactor_ar                       |                                        ursa_vanilla_bram_xbar_0_axi_crossbar_v2_1_30_si_transactor |        215 |        215 |       0 |    0 |    13 |      0 |      0 |          0 |
|               (gen_slave_slots[0].gen_si_read.si_transactor_ar)                   |                                        ursa_vanilla_bram_xbar_0_axi_crossbar_v2_1_30_si_transactor |         13 |         13 |       0 |    0 |    13 |      0 |      0 |          0 |
|               gen_single_thread.mux_resp_single_thread                            |                                         ursa_vanilla_bram_xbar_0_generic_baseblocks_v2_1_1_mux_enc |        203 |        203 |       0 |    0 |     0 |      0 |      0 |          0 |
|             gen_slave_slots[0].gen_si_write.si_transactor_aw                      |                        ursa_vanilla_bram_xbar_0_axi_crossbar_v2_1_30_si_transactor__parameterized0 |         33 |         33 |       0 |    0 |    13 |      0 |      0 |          0 |
|               (gen_slave_slots[0].gen_si_write.si_transactor_aw)                  |                        ursa_vanilla_bram_xbar_0_axi_crossbar_v2_1_30_si_transactor__parameterized0 |         25 |         25 |       0 |    0 |    13 |      0 |      0 |          0 |
|               gen_single_thread.mux_resp_single_thread                            |                         ursa_vanilla_bram_xbar_0_generic_baseblocks_v2_1_1_mux_enc__parameterized0 |          8 |          8 |       0 |    0 |     0 |      0 |      0 |          0 |
|             gen_slave_slots[0].gen_si_write.splitter_aw_si                        |                                             ursa_vanilla_bram_xbar_0_axi_crossbar_v2_1_30_splitter |          5 |          5 |       0 |    0 |     2 |      0 |      0 |          0 |
|             gen_slave_slots[0].gen_si_write.wdata_router_w                        |                                         ursa_vanilla_bram_xbar_0_axi_crossbar_v2_1_30_wdata_router |         39 |         36 |       0 |    3 |    12 |      0 |      0 |          0 |
|               wrouter_aw_fifo                                                     |                                   ursa_vanilla_bram_xbar_0_axi_data_fifo_v2_1_28_axic_reg_srl_fifo |         39 |         36 |       0 |    3 |    12 |      0 |      0 |          0 |
|                 (wrouter_aw_fifo)                                                 |                                   ursa_vanilla_bram_xbar_0_axi_data_fifo_v2_1_28_axic_reg_srl_fifo |         23 |         23 |       0 |    0 |    12 |      0 |      0 |          0 |
|                 gen_srls[0].gen_rep[0].srl_nx1                                    |                           ursa_vanilla_bram_xbar_0_axi_data_fifo_v2_1_28_ndeep_srl__parameterized0 |          7 |          6 |       0 |    1 |     0 |      0 |      0 |          0 |
|                 gen_srls[0].gen_rep[1].srl_nx1                                    |                         ursa_vanilla_bram_xbar_0_axi_data_fifo_v2_1_28_ndeep_srl__parameterized0_7 |          2 |          1 |       0 |    1 |     0 |      0 |      0 |          0 |
|                 gen_srls[0].gen_rep[2].srl_nx1                                    |                         ursa_vanilla_bram_xbar_0_axi_data_fifo_v2_1_28_ndeep_srl__parameterized0_8 |          2 |          1 |       0 |    1 |     0 |      0 |      0 |          0 |
|                 gen_srls[0].gen_rep[3].srl_nx1                                    |                         ursa_vanilla_bram_xbar_0_axi_data_fifo_v2_1_28_ndeep_srl__parameterized0_9 |          6 |          6 |       0 |    0 |     0 |      0 |      0 |          0 |
|             splitter_aw_mi                                                        |                                           ursa_vanilla_bram_xbar_0_axi_crossbar_v2_1_30_splitter_6 |          8 |          8 |       0 |    0 |     2 |      0 |      0 |          0 |
|     axi_interconnect_1                                                            |                                                             ursa_vanilla_bram_axi_interconnect_1_0 |        492 |        491 |       0 |    1 |   427 |      0 |      0 |          0 |
|       xbar                                                                        |                                                                           ursa_vanilla_bram_xbar_1 |        492 |        491 |       0 |    1 |   427 |      0 |      0 |          0 |
|         inst                                                                      |                                         ursa_vanilla_bram_xbar_1_axi_crossbar_v2_1_30_axi_crossbar |        492 |        491 |       0 |    1 |   427 |      0 |      0 |          0 |
|           gen_samd.crossbar_samd                                                  |                                             ursa_vanilla_bram_xbar_1_axi_crossbar_v2_1_30_crossbar |        492 |        491 |       0 |    1 |   427 |      0 |      0 |          0 |
|             (gen_samd.crossbar_samd)                                              |                                             ursa_vanilla_bram_xbar_1_axi_crossbar_v2_1_30_crossbar |          2 |          2 |       0 |    0 |    11 |      0 |      0 |          0 |
|             addr_arbiter_ar                                                       |                                         ursa_vanilla_bram_xbar_1_axi_crossbar_v2_1_30_addr_arbiter |         41 |         41 |       0 |    0 |    31 |      0 |      0 |          0 |
|             addr_arbiter_aw                                                       |                                       ursa_vanilla_bram_xbar_1_axi_crossbar_v2_1_30_addr_arbiter_0 |         20 |         20 |       0 |    0 |    24 |      0 |      0 |          0 |
|             gen_decerr_slave.decerr_slave_inst                                    |                                         ursa_vanilla_bram_xbar_1_axi_crossbar_v2_1_30_decerr_slave |         23 |         23 |       0 |    0 |    19 |      0 |      0 |          0 |
|             gen_master_slots[0].gen_mi_write.wdata_mux_w                          |                                            ursa_vanilla_bram_xbar_1_axi_crossbar_v2_1_30_wdata_mux |         89 |         89 |       0 |    0 |     8 |      0 |      0 |          0 |
|               gen_wmux.wmux_aw_fifo                                               |                   ursa_vanilla_bram_xbar_1_axi_data_fifo_v2_1_28_axic_reg_srl_fifo__parameterized0 |         89 |         89 |       0 |    0 |     8 |      0 |      0 |          0 |
|                 (gen_wmux.wmux_aw_fifo)                                           |                   ursa_vanilla_bram_xbar_1_axi_data_fifo_v2_1_28_axic_reg_srl_fifo__parameterized0 |         86 |         86 |       0 |    0 |     8 |      0 |      0 |          0 |
|                 gen_srls[0].gen_rep[0].srl_nx1                                    |                         ursa_vanilla_bram_xbar_1_axi_data_fifo_v2_1_28_ndeep_srl__parameterized0_5 |          3 |          3 |       0 |    0 |     0 |      0 |      0 |          0 |
|             gen_master_slots[0].reg_slice_mi                                      |                             ursa_vanilla_bram_xbar_1_axi_register_slice_v2_1_29_axi_register_slice |        186 |        186 |       0 |    0 |   269 |      0 |      0 |          0 |
|               b.b_pipe                                                            |          ursa_vanilla_bram_xbar_1_axi_register_slice_v2_1_29_axic_register_slice__parameterized1_3 |          7 |          7 |       0 |    0 |     5 |      0 |      0 |          0 |
|               r.r_pipe                                                            |          ursa_vanilla_bram_xbar_1_axi_register_slice_v2_1_29_axic_register_slice__parameterized2_4 |        179 |        179 |       0 |    0 |   264 |      0 |      0 |          0 |
|             gen_master_slots[1].gen_mi_write.wdata_mux_w                          |                            ursa_vanilla_bram_xbar_1_axi_crossbar_v2_1_30_wdata_mux__parameterized0 |         12 |         12 |       0 |    0 |     7 |      0 |      0 |          0 |
|               gen_wmux.wmux_aw_fifo                                               |                   ursa_vanilla_bram_xbar_1_axi_data_fifo_v2_1_28_axic_reg_srl_fifo__parameterized1 |         12 |         12 |       0 |    0 |     7 |      0 |      0 |          0 |
|                 (gen_wmux.wmux_aw_fifo)                                           |                   ursa_vanilla_bram_xbar_1_axi_data_fifo_v2_1_28_axic_reg_srl_fifo__parameterized1 |         10 |         10 |       0 |    0 |     7 |      0 |      0 |          0 |
|                 gen_srls[0].gen_rep[0].srl_nx1                                    |                           ursa_vanilla_bram_xbar_1_axi_data_fifo_v2_1_28_ndeep_srl__parameterized1 |          2 |          2 |       0 |    0 |     0 |      0 |      0 |          0 |
|             gen_master_slots[1].reg_slice_mi                                      |                           ursa_vanilla_bram_xbar_1_axi_register_slice_v2_1_29_axi_register_slice_1 |         53 |         53 |       0 |    0 |    12 |      0 |      0 |          0 |
|               b.b_pipe                                                            |            ursa_vanilla_bram_xbar_1_axi_register_slice_v2_1_29_axic_register_slice__parameterized1 |          2 |          2 |       0 |    0 |     3 |      0 |      0 |          0 |
|               r.r_pipe                                                            |            ursa_vanilla_bram_xbar_1_axi_register_slice_v2_1_29_axic_register_slice__parameterized2 |         51 |         51 |       0 |    0 |     9 |      0 |      0 |          0 |
|             gen_slave_slots[0].gen_si_read.si_transactor_ar                       |                                        ursa_vanilla_bram_xbar_1_axi_crossbar_v2_1_30_si_transactor |         11 |         11 |       0 |    0 |     6 |      0 |      0 |          0 |
|             gen_slave_slots[0].gen_si_write.si_transactor_aw                      |                        ursa_vanilla_bram_xbar_1_axi_crossbar_v2_1_30_si_transactor__parameterized0 |          9 |          9 |       0 |    0 |     6 |      0 |      0 |          0 |
|             gen_slave_slots[0].gen_si_write.splitter_aw_si                        |                                             ursa_vanilla_bram_xbar_1_axi_crossbar_v2_1_30_splitter |          5 |          5 |       0 |    0 |     2 |      0 |      0 |          0 |
|             gen_slave_slots[0].gen_si_write.wdata_router_w                        |                                         ursa_vanilla_bram_xbar_1_axi_crossbar_v2_1_30_wdata_router |         19 |         18 |       0 |    1 |    10 |      0 |      0 |          0 |
|               wrouter_aw_fifo                                                     |                                   ursa_vanilla_bram_xbar_1_axi_data_fifo_v2_1_28_axic_reg_srl_fifo |         19 |         18 |       0 |    1 |    10 |      0 |      0 |          0 |
|                 (wrouter_aw_fifo)                                                 |                                   ursa_vanilla_bram_xbar_1_axi_data_fifo_v2_1_28_axic_reg_srl_fifo |         15 |         15 |       0 |    0 |    10 |      0 |      0 |          0 |
|                 gen_srls[0].gen_rep[0].srl_nx1                                    |                           ursa_vanilla_bram_xbar_1_axi_data_fifo_v2_1_28_ndeep_srl__parameterized0 |          4 |          3 |       0 |    1 |     0 |      0 |      0 |          0 |
|             gen_slave_slots[1].gen_si_read.si_transactor_ar                       |                        ursa_vanilla_bram_xbar_1_axi_crossbar_v2_1_30_si_transactor__parameterized1 |         22 |         22 |       0 |    0 |    20 |      0 |      0 |          0 |
|               (gen_slave_slots[1].gen_si_read.si_transactor_ar)                   |                        ursa_vanilla_bram_xbar_1_axi_crossbar_v2_1_30_si_transactor__parameterized1 |         22 |         22 |       0 |    0 |    16 |      0 |      0 |          0 |
|               gen_multi_thread.arbiter_resp_inst                                  |                                         ursa_vanilla_bram_xbar_1_axi_crossbar_v2_1_30_arbiter_resp |          0 |          0 |       0 |    0 |     4 |      0 |      0 |          0 |
|             splitter_aw_mi                                                        |                                           ursa_vanilla_bram_xbar_1_axi_crossbar_v2_1_30_splitter_2 |          3 |          3 |       0 |    0 |     2 |      0 |      0 |          0 |
|     axi_interconnect_2                                                            |                                                             ursa_vanilla_bram_axi_interconnect_2_0 |        493 |        492 |       0 |    1 |   429 |      0 |      0 |          0 |
|       xbar                                                                        |                                                                           ursa_vanilla_bram_xbar_2 |        493 |        492 |       0 |    1 |   429 |      0 |      0 |          0 |
|         inst                                                                      |                                         ursa_vanilla_bram_xbar_2_axi_crossbar_v2_1_30_axi_crossbar |        493 |        492 |       0 |    1 |   429 |      0 |      0 |          0 |
|           gen_samd.crossbar_samd                                                  |                                             ursa_vanilla_bram_xbar_2_axi_crossbar_v2_1_30_crossbar |        493 |        492 |       0 |    1 |   429 |      0 |      0 |          0 |
|             (gen_samd.crossbar_samd)                                              |                                             ursa_vanilla_bram_xbar_2_axi_crossbar_v2_1_30_crossbar |          2 |          2 |       0 |    0 |    11 |      0 |      0 |          0 |
|             addr_arbiter_ar                                                       |                                         ursa_vanilla_bram_xbar_2_axi_crossbar_v2_1_30_addr_arbiter |         42 |         42 |       0 |    0 |    32 |      0 |      0 |          0 |
|             addr_arbiter_aw                                                       |                                       ursa_vanilla_bram_xbar_2_axi_crossbar_v2_1_30_addr_arbiter_0 |         20 |         20 |       0 |    0 |    25 |      0 |      0 |          0 |
|             gen_decerr_slave.decerr_slave_inst                                    |                                         ursa_vanilla_bram_xbar_2_axi_crossbar_v2_1_30_decerr_slave |         23 |         23 |       0 |    0 |    19 |      0 |      0 |          0 |
|             gen_master_slots[0].gen_mi_write.wdata_mux_w                          |                                            ursa_vanilla_bram_xbar_2_axi_crossbar_v2_1_30_wdata_mux |         89 |         89 |       0 |    0 |     8 |      0 |      0 |          0 |
|               gen_wmux.wmux_aw_fifo                                               |                   ursa_vanilla_bram_xbar_2_axi_data_fifo_v2_1_28_axic_reg_srl_fifo__parameterized0 |         89 |         89 |       0 |    0 |     8 |      0 |      0 |          0 |
|                 (gen_wmux.wmux_aw_fifo)                                           |                   ursa_vanilla_bram_xbar_2_axi_data_fifo_v2_1_28_axic_reg_srl_fifo__parameterized0 |         86 |         86 |       0 |    0 |     8 |      0 |      0 |          0 |
|                 gen_srls[0].gen_rep[0].srl_nx1                                    |                         ursa_vanilla_bram_xbar_2_axi_data_fifo_v2_1_28_ndeep_srl__parameterized0_5 |          3 |          3 |       0 |    0 |     0 |      0 |      0 |          0 |
|             gen_master_slots[0].reg_slice_mi                                      |                             ursa_vanilla_bram_xbar_2_axi_register_slice_v2_1_29_axi_register_slice |        186 |        186 |       0 |    0 |   269 |      0 |      0 |          0 |
|               b.b_pipe                                                            |          ursa_vanilla_bram_xbar_2_axi_register_slice_v2_1_29_axic_register_slice__parameterized1_3 |          7 |          7 |       0 |    0 |     5 |      0 |      0 |          0 |
|               r.r_pipe                                                            |          ursa_vanilla_bram_xbar_2_axi_register_slice_v2_1_29_axic_register_slice__parameterized2_4 |        179 |        179 |       0 |    0 |   264 |      0 |      0 |          0 |
|             gen_master_slots[1].gen_mi_write.wdata_mux_w                          |                            ursa_vanilla_bram_xbar_2_axi_crossbar_v2_1_30_wdata_mux__parameterized0 |         12 |         12 |       0 |    0 |     7 |      0 |      0 |          0 |
|               gen_wmux.wmux_aw_fifo                                               |                   ursa_vanilla_bram_xbar_2_axi_data_fifo_v2_1_28_axic_reg_srl_fifo__parameterized1 |         12 |         12 |       0 |    0 |     7 |      0 |      0 |          0 |
|                 (gen_wmux.wmux_aw_fifo)                                           |                   ursa_vanilla_bram_xbar_2_axi_data_fifo_v2_1_28_axic_reg_srl_fifo__parameterized1 |         10 |         10 |       0 |    0 |     7 |      0 |      0 |          0 |
|                 gen_srls[0].gen_rep[0].srl_nx1                                    |                           ursa_vanilla_bram_xbar_2_axi_data_fifo_v2_1_28_ndeep_srl__parameterized1 |          2 |          2 |       0 |    0 |     0 |      0 |      0 |          0 |
|             gen_master_slots[1].reg_slice_mi                                      |                           ursa_vanilla_bram_xbar_2_axi_register_slice_v2_1_29_axi_register_slice_1 |         53 |         53 |       0 |    0 |    12 |      0 |      0 |          0 |
|               b.b_pipe                                                            |            ursa_vanilla_bram_xbar_2_axi_register_slice_v2_1_29_axic_register_slice__parameterized1 |          2 |          2 |       0 |    0 |     3 |      0 |      0 |          0 |
|               r.r_pipe                                                            |            ursa_vanilla_bram_xbar_2_axi_register_slice_v2_1_29_axic_register_slice__parameterized2 |         51 |         51 |       0 |    0 |     9 |      0 |      0 |          0 |
|             gen_slave_slots[0].gen_si_read.si_transactor_ar                       |                                        ursa_vanilla_bram_xbar_2_axi_crossbar_v2_1_30_si_transactor |         11 |         11 |       0 |    0 |     6 |      0 |      0 |          0 |
|             gen_slave_slots[0].gen_si_write.si_transactor_aw                      |                        ursa_vanilla_bram_xbar_2_axi_crossbar_v2_1_30_si_transactor__parameterized0 |          9 |          9 |       0 |    0 |     6 |      0 |      0 |          0 |
|             gen_slave_slots[0].gen_si_write.splitter_aw_si                        |                                             ursa_vanilla_bram_xbar_2_axi_crossbar_v2_1_30_splitter |          5 |          5 |       0 |    0 |     2 |      0 |      0 |          0 |
|             gen_slave_slots[0].gen_si_write.wdata_router_w                        |                                         ursa_vanilla_bram_xbar_2_axi_crossbar_v2_1_30_wdata_router |         19 |         18 |       0 |    1 |    10 |      0 |      0 |          0 |
|               wrouter_aw_fifo                                                     |                                   ursa_vanilla_bram_xbar_2_axi_data_fifo_v2_1_28_axic_reg_srl_fifo |         19 |         18 |       0 |    1 |    10 |      0 |      0 |          0 |
|                 (wrouter_aw_fifo)                                                 |                                   ursa_vanilla_bram_xbar_2_axi_data_fifo_v2_1_28_axic_reg_srl_fifo |         15 |         15 |       0 |    0 |    10 |      0 |      0 |          0 |
|                 gen_srls[0].gen_rep[0].srl_nx1                                    |                           ursa_vanilla_bram_xbar_2_axi_data_fifo_v2_1_28_ndeep_srl__parameterized0 |          4 |          3 |       0 |    1 |     0 |      0 |      0 |          0 |
|             gen_slave_slots[1].gen_si_read.si_transactor_ar                       |                        ursa_vanilla_bram_xbar_2_axi_crossbar_v2_1_30_si_transactor__parameterized1 |         22 |         22 |       0 |    0 |    20 |      0 |      0 |          0 |
|               (gen_slave_slots[1].gen_si_read.si_transactor_ar)                   |                        ursa_vanilla_bram_xbar_2_axi_crossbar_v2_1_30_si_transactor__parameterized1 |         22 |         22 |       0 |    0 |    16 |      0 |      0 |          0 |
|               gen_multi_thread.arbiter_resp_inst                                  |                                         ursa_vanilla_bram_xbar_2_axi_crossbar_v2_1_30_arbiter_resp |          0 |          0 |       0 |    0 |     4 |      0 |      0 |          0 |
|             splitter_aw_mi                                                        |                                           ursa_vanilla_bram_xbar_2_axi_crossbar_v2_1_30_splitter_2 |          3 |          3 |       0 |    0 |     2 |      0 |      0 |          0 |
|     axi_interconnect_3                                                            |                                                             ursa_vanilla_bram_axi_interconnect_3_0 |       1430 |       1360 |      44 |   26 |  1331 |      0 |      0 |          0 |
|       m00_couplers                                                                |                                                                           m00_couplers_imp_15IF9WM |        725 |        681 |      44 |    0 |   651 |      0 |      0 |          0 |
|         auto_ds                                                                   |                                                                        ursa_vanilla_bram_auto_ds_2 |        725 |        681 |      44 |    0 |   651 |      0 |      0 |          0 |
|           inst                                                                    |                                       ursa_vanilla_bram_auto_ds_2_axi_dwidth_converter_v2_1_29_top |        725 |        681 |      44 |    0 |   651 |      0 |      0 |          0 |
|             gen_downsizer.gen_simple_downsizer.axi_downsizer_inst                 |                             ursa_vanilla_bram_auto_ds_2_axi_dwidth_converter_v2_1_29_axi_downsizer |        725 |        681 |      44 |    0 |   651 |      0 |      0 |          0 |
|               USE_READ.read_addr_inst                                             |               ursa_vanilla_bram_auto_ds_2_axi_dwidth_converter_v2_1_29_a_downsizer__parameterized0 |        388 |        368 |      20 |    0 |   217 |      0 |      0 |          0 |
|                 (USE_READ.read_addr_inst)                                         |               ursa_vanilla_bram_auto_ds_2_axi_dwidth_converter_v2_1_29_a_downsizer__parameterized0 |        116 |        116 |       0 |    0 |   123 |      0 |      0 |          0 |
|                 cmd_queue                                                         |                        ursa_vanilla_bram_auto_ds_2_axi_data_fifo_v2_1_28_axic_fifo__parameterized0 |        272 |        252 |      20 |    0 |    94 |      0 |      0 |          0 |
|                   inst                                                            |                         ursa_vanilla_bram_auto_ds_2_axi_data_fifo_v2_1_28_fifo_gen__parameterized0 |        272 |        252 |      20 |    0 |    94 |      0 |      0 |          0 |
|                     (inst)                                                        |                         ursa_vanilla_bram_auto_ds_2_axi_data_fifo_v2_1_28_fifo_gen__parameterized0 |        226 |        226 |       0 |    0 |     0 |      0 |      0 |          0 |
|                     fifo_gen_inst                                                 |                                 ursa_vanilla_bram_auto_ds_2_fifo_generator_v13_2_9__parameterized0 |         46 |         26 |      20 |    0 |    94 |      0 |      0 |          0 |
|                       inst_fifo_gen                                               |                           ursa_vanilla_bram_auto_ds_2_fifo_generator_v13_2_9_synth__parameterized0 |         46 |         26 |      20 |    0 |    94 |      0 |      0 |          0 |
|                         gconvfifo.rf                                              |                                     ursa_vanilla_bram_auto_ds_2_fifo_generator_top__parameterized0 |         46 |         26 |      20 |    0 |    94 |      0 |      0 |          0 |
|                           grf.rf                                                  |                                 ursa_vanilla_bram_auto_ds_2_fifo_generator_ramfifo__parameterized0 |         46 |         26 |      20 |    0 |    94 |      0 |      0 |          0 |
|                             gntv_or_sync_fifo.gl0.rd                              |                                                             ursa_vanilla_bram_auto_ds_2_rd_logic_7 |          9 |          9 |       0 |    0 |    20 |      0 |      0 |          0 |
|                               gr1.gr1_int.rfwft                                   |                                                             ursa_vanilla_bram_auto_ds_2_rd_fwft_13 |          6 |          6 |       0 |    0 |     8 |      0 |      0 |          0 |
|                               grss.rsts                                           |                                                  ursa_vanilla_bram_auto_ds_2_rd_status_flags_ss_14 |          0 |          0 |       0 |    0 |     2 |      0 |      0 |          0 |
|                               rpntr                                               |                                                         ursa_vanilla_bram_auto_ds_2_rd_bin_cntr_15 |          3 |          3 |       0 |    0 |    10 |      0 |      0 |          0 |
|                             gntv_or_sync_fifo.gl0.wr                              |                                                             ursa_vanilla_bram_auto_ds_2_wr_logic_8 |         12 |         12 |       0 |    0 |    12 |      0 |      0 |          0 |
|                               gwss.wsts                                           |                                                  ursa_vanilla_bram_auto_ds_2_wr_status_flags_ss_11 |          2 |          2 |       0 |    0 |     2 |      0 |      0 |          0 |
|                               wpntr                                               |                                                         ursa_vanilla_bram_auto_ds_2_wr_bin_cntr_12 |         11 |         11 |       0 |    0 |    10 |      0 |      0 |          0 |
|                             gntv_or_sync_fifo.mem                                 |                                               ursa_vanilla_bram_auto_ds_2_memory__parameterized0_9 |         20 |          0 |      20 |    0 |    58 |      0 |      0 |          0 |
|                               (gntv_or_sync_fifo.mem)                             |                                               ursa_vanilla_bram_auto_ds_2_memory__parameterized0_9 |          0 |          0 |       0 |    0 |    29 |      0 |      0 |          0 |
|                               gdm.dm_gen.dm                                       |                                                ursa_vanilla_bram_auto_ds_2_dmem__parameterized0_10 |         20 |          0 |      20 |    0 |    29 |      0 |      0 |          0 |
|                             rstblk                                                |                                                      ursa_vanilla_bram_auto_ds_2_reset_blk_ramfifo |          5 |          5 |       0 |    0 |     4 |      0 |      0 |          0 |
|                               (rstblk)                                            |                                                      ursa_vanilla_bram_auto_ds_2_reset_blk_ramfifo |          5 |          5 |       0 |    0 |     2 |      0 |      0 |          0 |
|                               ngwrdrst.grst.g7serrst.gnsckt_wrst.rst_wr_reg2_inst |                                                      ursa_vanilla_bram_auto_ds_2_xpm_cdc_async_rst |          0 |          0 |       0 |    0 |     2 |      0 |      0 |          0 |
|               USE_READ.read_data_inst                                             |                               ursa_vanilla_bram_auto_ds_2_axi_dwidth_converter_v2_1_29_r_downsizer |         12 |         12 |       0 |    0 |   143 |      0 |      0 |          0 |
|               USE_WRITE.USE_SPLIT.write_resp_inst                                 |                               ursa_vanilla_bram_auto_ds_2_axi_dwidth_converter_v2_1_29_b_downsizer |         12 |         12 |       0 |    0 |    11 |      0 |      0 |          0 |
|               USE_WRITE.write_addr_inst                                           |                               ursa_vanilla_bram_auto_ds_2_axi_dwidth_converter_v2_1_29_a_downsizer |        303 |        279 |      24 |    0 |   267 |      0 |      0 |          0 |
|                 (USE_WRITE.write_addr_inst)                                       |                               ursa_vanilla_bram_auto_ds_2_axi_dwidth_converter_v2_1_29_a_downsizer |        114 |        114 |       0 |    0 |   129 |      0 |      0 |          0 |
|                 USE_B_CHANNEL.cmd_b_queue                                         |                                        ursa_vanilla_bram_auto_ds_2_axi_data_fifo_v2_1_28_axic_fifo |         39 |         35 |       4 |    0 |    46 |      0 |      0 |          0 |
|                   inst                                                            |                                         ursa_vanilla_bram_auto_ds_2_axi_data_fifo_v2_1_28_fifo_gen |         39 |         35 |       4 |    0 |    46 |      0 |      0 |          0 |
|                     (inst)                                                        |                                         ursa_vanilla_bram_auto_ds_2_axi_data_fifo_v2_1_28_fifo_gen |          9 |          9 |       0 |    0 |     0 |      0 |      0 |          0 |
|                     fifo_gen_inst                                                 |                                                 ursa_vanilla_bram_auto_ds_2_fifo_generator_v13_2_9 |         30 |         26 |       4 |    0 |    46 |      0 |      0 |          0 |
|                       inst_fifo_gen                                               |                                           ursa_vanilla_bram_auto_ds_2_fifo_generator_v13_2_9_synth |         30 |         26 |       4 |    0 |    46 |      0 |      0 |          0 |
|                         gconvfifo.rf                                              |                                                     ursa_vanilla_bram_auto_ds_2_fifo_generator_top |         30 |         26 |       4 |    0 |    46 |      0 |      0 |          0 |
|                           grf.rf                                                  |                                                 ursa_vanilla_bram_auto_ds_2_fifo_generator_ramfifo |         30 |         26 |       4 |    0 |    46 |      0 |      0 |          0 |
|                             gntv_or_sync_fifo.gl0.rd                              |                                                             ursa_vanilla_bram_auto_ds_2_rd_logic_0 |          9 |          9 |       0 |    0 |    20 |      0 |      0 |          0 |
|                               gr1.gr1_int.rfwft                                   |                                                              ursa_vanilla_bram_auto_ds_2_rd_fwft_4 |          6 |          6 |       0 |    0 |     8 |      0 |      0 |          0 |
|                               grss.rsts                                           |                                                   ursa_vanilla_bram_auto_ds_2_rd_status_flags_ss_5 |          0 |          0 |       0 |    0 |     2 |      0 |      0 |          0 |
|                               rpntr                                               |                                                          ursa_vanilla_bram_auto_ds_2_rd_bin_cntr_6 |          3 |          3 |       0 |    0 |    10 |      0 |      0 |          0 |
|                             gntv_or_sync_fifo.gl0.wr                              |                                                             ursa_vanilla_bram_auto_ds_2_wr_logic_1 |         12 |         12 |       0 |    0 |    12 |      0 |      0 |          0 |
|                               gwss.wsts                                           |                                                   ursa_vanilla_bram_auto_ds_2_wr_status_flags_ss_2 |          2 |          2 |       0 |    0 |     2 |      0 |      0 |          0 |
|                               wpntr                                               |                                                          ursa_vanilla_bram_auto_ds_2_wr_bin_cntr_3 |         11 |         11 |       0 |    0 |    10 |      0 |      0 |          0 |
|                             gntv_or_sync_fifo.mem                                 |                                                                 ursa_vanilla_bram_auto_ds_2_memory |          4 |          0 |       4 |    0 |    10 |      0 |      0 |          0 |
|                               (gntv_or_sync_fifo.mem)                             |                                                                 ursa_vanilla_bram_auto_ds_2_memory |          0 |          0 |       0 |    0 |     5 |      0 |      0 |          0 |
|                               gdm.dm_gen.dm                                       |                                                                   ursa_vanilla_bram_auto_ds_2_dmem |          4 |          0 |       4 |    0 |     5 |      0 |      0 |          0 |
|                             rstblk                                                |                                           ursa_vanilla_bram_auto_ds_2_reset_blk_ramfifo__xdcDup__1 |          5 |          5 |       0 |    0 |     4 |      0 |      0 |          0 |
|                               (rstblk)                                            |                                           ursa_vanilla_bram_auto_ds_2_reset_blk_ramfifo__xdcDup__1 |          5 |          5 |       0 |    0 |     2 |      0 |      0 |          0 |
|                               ngwrdrst.grst.g7serrst.gnsckt_wrst.rst_wr_reg2_inst |                                                   ursa_vanilla_bram_auto_ds_2_xpm_cdc_async_rst__3 |          0 |          0 |       0 |    0 |     2 |      0 |      0 |          0 |
|                 cmd_queue                                                         |             ursa_vanilla_bram_auto_ds_2_axi_data_fifo_v2_1_28_axic_fifo__parameterized0__xdcDup__1 |        150 |        130 |      20 |    0 |    92 |      0 |      0 |          0 |
|                   inst                                                            |              ursa_vanilla_bram_auto_ds_2_axi_data_fifo_v2_1_28_fifo_gen__parameterized0__xdcDup__1 |        150 |        130 |      20 |    0 |    92 |      0 |      0 |          0 |
|                     (inst)                                                        |              ursa_vanilla_bram_auto_ds_2_axi_data_fifo_v2_1_28_fifo_gen__parameterized0__xdcDup__1 |        104 |        104 |       0 |    0 |     0 |      0 |      0 |          0 |
|                     fifo_gen_inst                                                 |                      ursa_vanilla_bram_auto_ds_2_fifo_generator_v13_2_9__parameterized0__xdcDup__1 |         46 |         26 |      20 |    0 |    92 |      0 |      0 |          0 |
|                       inst_fifo_gen                                               |                ursa_vanilla_bram_auto_ds_2_fifo_generator_v13_2_9_synth__parameterized0__xdcDup__1 |         46 |         26 |      20 |    0 |    92 |      0 |      0 |          0 |
|                         gconvfifo.rf                                              |                          ursa_vanilla_bram_auto_ds_2_fifo_generator_top__parameterized0__xdcDup__1 |         46 |         26 |      20 |    0 |    92 |      0 |      0 |          0 |
|                           grf.rf                                                  |                      ursa_vanilla_bram_auto_ds_2_fifo_generator_ramfifo__parameterized0__xdcDup__1 |         46 |         26 |      20 |    0 |    92 |      0 |      0 |          0 |
|                             gntv_or_sync_fifo.gl0.rd                              |                                                               ursa_vanilla_bram_auto_ds_2_rd_logic |          9 |          9 |       0 |    0 |    20 |      0 |      0 |          0 |
|                               gr1.gr1_int.rfwft                                   |                                                                ursa_vanilla_bram_auto_ds_2_rd_fwft |          6 |          6 |       0 |    0 |     8 |      0 |      0 |          0 |
|                               grss.rsts                                           |                                                     ursa_vanilla_bram_auto_ds_2_rd_status_flags_ss |          0 |          0 |       0 |    0 |     2 |      0 |      0 |          0 |
|                               rpntr                                               |                                                            ursa_vanilla_bram_auto_ds_2_rd_bin_cntr |          3 |          3 |       0 |    0 |    10 |      0 |      0 |          0 |
|                             gntv_or_sync_fifo.gl0.wr                              |                                                               ursa_vanilla_bram_auto_ds_2_wr_logic |         12 |         12 |       0 |    0 |    12 |      0 |      0 |          0 |
|                               gwss.wsts                                           |                                                     ursa_vanilla_bram_auto_ds_2_wr_status_flags_ss |          2 |          2 |       0 |    0 |     2 |      0 |      0 |          0 |
|                               wpntr                                               |                                                            ursa_vanilla_bram_auto_ds_2_wr_bin_cntr |         11 |         11 |       0 |    0 |    10 |      0 |      0 |          0 |
|                             gntv_or_sync_fifo.mem                                 |                                                 ursa_vanilla_bram_auto_ds_2_memory__parameterized0 |         20 |          0 |      20 |    0 |    56 |      0 |      0 |          0 |
|                               (gntv_or_sync_fifo.mem)                             |                                                 ursa_vanilla_bram_auto_ds_2_memory__parameterized0 |          0 |          0 |       0 |    0 |    28 |      0 |      0 |          0 |
|                               gdm.dm_gen.dm                                       |                                                   ursa_vanilla_bram_auto_ds_2_dmem__parameterized0 |         20 |          0 |      20 |    0 |    28 |      0 |      0 |          0 |
|                             rstblk                                                |                                           ursa_vanilla_bram_auto_ds_2_reset_blk_ramfifo__xdcDup__2 |          5 |          5 |       0 |    0 |     4 |      0 |      0 |          0 |
|                               (rstblk)                                            |                                           ursa_vanilla_bram_auto_ds_2_reset_blk_ramfifo__xdcDup__2 |          5 |          5 |       0 |    0 |     2 |      0 |      0 |          0 |
|                               ngwrdrst.grst.g7serrst.gnsckt_wrst.rst_wr_reg2_inst |                                                   ursa_vanilla_bram_auto_ds_2_xpm_cdc_async_rst__4 |          0 |          0 |       0 |    0 |     2 |      0 |      0 |          0 |
|               USE_WRITE.write_data_inst                                           |                               ursa_vanilla_bram_auto_ds_2_axi_dwidth_converter_v2_1_29_w_downsizer |         12 |         12 |       0 |    0 |    13 |      0 |      0 |          0 |
|       s01_couplers                                                                |                                                                            s01_couplers_imp_IF8FBT |        277 |        255 |       0 |   22 |   244 |      0 |      0 |          0 |
|         auto_us                                                                   |                                                                        ursa_vanilla_bram_auto_us_1 |        277 |        255 |       0 |   22 |   244 |      0 |      0 |          0 |
|           inst                                                                    |                                       ursa_vanilla_bram_auto_us_1_axi_dwidth_converter_v2_1_29_top |        277 |        255 |       0 |   22 |   244 |      0 |      0 |          0 |
|             gen_upsizer.gen_full_upsizer.axi_upsizer_inst                         |                               ursa_vanilla_bram_auto_us_1_axi_dwidth_converter_v2_1_29_axi_upsizer |        277 |        255 |       0 |   22 |   244 |      0 |      0 |          0 |
|               USE_WRITE.gen_non_fifo_w_upsizer.write_data_inst                    |                                 ursa_vanilla_bram_auto_us_1_axi_dwidth_converter_v2_1_29_w_upsizer |         52 |         52 |       0 |    0 |   164 |      0 |      0 |          0 |
|               USE_WRITE.write_addr_inst                                           |                                 ursa_vanilla_bram_auto_us_1_axi_dwidth_converter_v2_1_29_a_upsizer |        211 |        189 |       0 |   22 |    39 |      0 |      0 |          0 |
|                 (USE_WRITE.write_addr_inst)                                       |                                 ursa_vanilla_bram_auto_us_1_axi_dwidth_converter_v2_1_29_a_upsizer |          0 |          0 |       0 |    0 |     1 |      0 |      0 |          0 |
|                 GEN_CMD_QUEUE.cmd_queue                                           |                 ursa_vanilla_bram_auto_us_1_generic_baseblocks_v2_1_1_command_fifo__parameterized0 |        199 |        177 |       0 |   22 |    30 |      0 |      0 |          0 |
|                 gen_id_queue.id_queue                                             |                                 ursa_vanilla_bram_auto_us_1_generic_baseblocks_v2_1_1_command_fifo |         12 |         12 |       0 |    0 |     8 |      0 |      0 |          0 |
|               si_register_slice_inst                                              |                          ursa_vanilla_bram_auto_us_1_axi_register_slice_v2_1_29_axi_register_slice |         20 |         20 |       0 |    0 |    41 |      0 |      0 |          0 |
|                 aw.aw_pipe                                                        |                         ursa_vanilla_bram_auto_us_1_axi_register_slice_v2_1_29_axic_register_slice |         20 |         20 |       0 |    0 |    41 |      0 |      0 |          0 |
|       xbar                                                                        |                                                                           ursa_vanilla_bram_xbar_3 |        428 |        424 |       0 |    4 |   436 |      0 |      0 |          0 |
|         inst                                                                      |                                         ursa_vanilla_bram_xbar_3_axi_crossbar_v2_1_30_axi_crossbar |        428 |        424 |       0 |    4 |   436 |      0 |      0 |          0 |
|           gen_samd.crossbar_samd                                                  |                                             ursa_vanilla_bram_xbar_3_axi_crossbar_v2_1_30_crossbar |        428 |        424 |       0 |    4 |   436 |      0 |      0 |          0 |
|             (gen_samd.crossbar_samd)                                              |                                             ursa_vanilla_bram_xbar_3_axi_crossbar_v2_1_30_crossbar |          2 |          2 |       0 |    0 |    11 |      0 |      0 |          0 |
|             addr_arbiter_ar                                                       |                                         ursa_vanilla_bram_xbar_3_axi_crossbar_v2_1_30_addr_arbiter |         19 |         19 |       0 |    0 |    32 |      0 |      0 |          0 |
|             addr_arbiter_aw                                                       |                                       ursa_vanilla_bram_xbar_3_axi_crossbar_v2_1_30_addr_arbiter_0 |         48 |         48 |       0 |    0 |    38 |      0 |      0 |          0 |
|             gen_decerr_slave.decerr_slave_inst                                    |                                         ursa_vanilla_bram_xbar_3_axi_crossbar_v2_1_30_decerr_slave |         23 |         23 |       0 |    0 |    18 |      0 |      0 |          0 |
|             gen_master_slots[0].gen_mi_write.wdata_mux_w                          |                                            ursa_vanilla_bram_xbar_3_axi_crossbar_v2_1_30_wdata_mux |         85 |         84 |       0 |    1 |     8 |      0 |      0 |          0 |
|               gen_wmux.wmux_aw_fifo                                               |                   ursa_vanilla_bram_xbar_3_axi_data_fifo_v2_1_28_axic_reg_srl_fifo__parameterized0 |         85 |         84 |       0 |    1 |     8 |      0 |      0 |          0 |
|                 (gen_wmux.wmux_aw_fifo)                                           |                   ursa_vanilla_bram_xbar_3_axi_data_fifo_v2_1_28_axic_reg_srl_fifo__parameterized0 |         82 |         82 |       0 |    0 |     8 |      0 |      0 |          0 |
|                 gen_srls[0].gen_rep[0].srl_nx1                                    |                         ursa_vanilla_bram_xbar_3_axi_data_fifo_v2_1_28_ndeep_srl__parameterized0_9 |          3 |          2 |       0 |    1 |     0 |      0 |      0 |          0 |
|             gen_master_slots[0].reg_slice_mi                                      |                             ursa_vanilla_bram_xbar_3_axi_register_slice_v2_1_29_axi_register_slice |        150 |        150 |       0 |    0 |   270 |      0 |      0 |          0 |
|               b.b_pipe                                                            |          ursa_vanilla_bram_xbar_3_axi_register_slice_v2_1_29_axic_register_slice__parameterized1_7 |         13 |         13 |       0 |    0 |     6 |      0 |      0 |          0 |
|               r.r_pipe                                                            |          ursa_vanilla_bram_xbar_3_axi_register_slice_v2_1_29_axic_register_slice__parameterized2_8 |        137 |        137 |       0 |    0 |   264 |      0 |      0 |          0 |
|             gen_master_slots[1].gen_mi_write.wdata_mux_w                          |                            ursa_vanilla_bram_xbar_3_axi_crossbar_v2_1_30_wdata_mux__parameterized0 |         11 |         10 |       0 |    1 |     7 |      0 |      0 |          0 |
|               gen_wmux.wmux_aw_fifo                                               |                   ursa_vanilla_bram_xbar_3_axi_data_fifo_v2_1_28_axic_reg_srl_fifo__parameterized1 |         11 |         10 |       0 |    1 |     7 |      0 |      0 |          0 |
|                 (gen_wmux.wmux_aw_fifo)                                           |                   ursa_vanilla_bram_xbar_3_axi_data_fifo_v2_1_28_axic_reg_srl_fifo__parameterized1 |          8 |          8 |       0 |    0 |     7 |      0 |      0 |          0 |
|                 gen_srls[0].gen_rep[0].srl_nx1                                    |                           ursa_vanilla_bram_xbar_3_axi_data_fifo_v2_1_28_ndeep_srl__parameterized1 |          3 |          2 |       0 |    1 |     0 |      0 |      0 |          0 |
|             gen_master_slots[1].reg_slice_mi                                      |                           ursa_vanilla_bram_xbar_3_axi_register_slice_v2_1_29_axi_register_slice_1 |         12 |         12 |       0 |    0 |     9 |      0 |      0 |          0 |
|               b.b_pipe                                                            |            ursa_vanilla_bram_xbar_3_axi_register_slice_v2_1_29_axic_register_slice__parameterized1 |          5 |          5 |       0 |    0 |     4 |      0 |      0 |          0 |
|               r.r_pipe                                                            |            ursa_vanilla_bram_xbar_3_axi_register_slice_v2_1_29_axic_register_slice__parameterized2 |          7 |          7 |       0 |    0 |     5 |      0 |      0 |          0 |
|             gen_slave_slots[0].gen_si_read.si_transactor_ar                       |                                        ursa_vanilla_bram_xbar_3_axi_crossbar_v2_1_30_si_transactor |         10 |         10 |       0 |    0 |     6 |      0 |      0 |          0 |
|             gen_slave_slots[0].gen_si_write.si_transactor_aw                      |                        ursa_vanilla_bram_xbar_3_axi_crossbar_v2_1_30_si_transactor__parameterized0 |          9 |          9 |       0 |    0 |     6 |      0 |      0 |          0 |
|             gen_slave_slots[0].gen_si_write.splitter_aw_si                        |                                             ursa_vanilla_bram_xbar_3_axi_crossbar_v2_1_30_splitter |          5 |          5 |       0 |    0 |     2 |      0 |      0 |          0 |
|             gen_slave_slots[0].gen_si_write.wdata_router_w                        |                                         ursa_vanilla_bram_xbar_3_axi_crossbar_v2_1_30_wdata_router |         19 |         18 |       0 |    1 |     9 |      0 |      0 |          0 |
|               wrouter_aw_fifo                                                     |                                 ursa_vanilla_bram_xbar_3_axi_data_fifo_v2_1_28_axic_reg_srl_fifo_5 |         19 |         18 |       0 |    1 |     9 |      0 |      0 |          0 |
|                 (wrouter_aw_fifo)                                                 |                                 ursa_vanilla_bram_xbar_3_axi_data_fifo_v2_1_28_axic_reg_srl_fifo_5 |         15 |         15 |       0 |    0 |     9 |      0 |      0 |          0 |
|                 gen_srls[0].gen_rep[0].srl_nx1                                    |                         ursa_vanilla_bram_xbar_3_axi_data_fifo_v2_1_28_ndeep_srl__parameterized0_6 |          4 |          3 |       0 |    1 |     0 |      0 |      0 |          0 |
|             gen_slave_slots[1].gen_si_write.si_transactor_aw                      |                        ursa_vanilla_bram_xbar_3_axi_crossbar_v2_1_30_si_transactor__parameterized1 |          7 |          7 |       0 |    0 |     6 |      0 |      0 |          0 |
|             gen_slave_slots[1].gen_si_write.splitter_aw_si                        |                                           ursa_vanilla_bram_xbar_3_axi_crossbar_v2_1_30_splitter_2 |          5 |          5 |       0 |    0 |     2 |      0 |      0 |          0 |
|             gen_slave_slots[1].gen_si_write.wdata_router_w                        |                                       ursa_vanilla_bram_xbar_3_axi_crossbar_v2_1_30_wdata_router_3 |         23 |         22 |       0 |    1 |    10 |      0 |      0 |          0 |
|               wrouter_aw_fifo                                                     |                                   ursa_vanilla_bram_xbar_3_axi_data_fifo_v2_1_28_axic_reg_srl_fifo |         23 |         22 |       0 |    1 |    10 |      0 |      0 |          0 |
|                 (wrouter_aw_fifo)                                                 |                                   ursa_vanilla_bram_xbar_3_axi_data_fifo_v2_1_28_axic_reg_srl_fifo |         19 |         19 |       0 |    0 |    10 |      0 |      0 |          0 |
|                 gen_srls[0].gen_rep[0].srl_nx1                                    |                           ursa_vanilla_bram_xbar_3_axi_data_fifo_v2_1_28_ndeep_srl__parameterized0 |          4 |          3 |       0 |    1 |     0 |      0 |      0 |          0 |
|             splitter_aw_mi                                                        |                                           ursa_vanilla_bram_xbar_3_axi_crossbar_v2_1_30_splitter_4 |          3 |          3 |       0 |    0 |     2 |      0 |      0 |          0 |
|     blk_mem_gen_0                                                                 |                                                                  ursa_vanilla_bram_blk_mem_gen_0_0 |          4 |          3 |       0 |    1 |     5 |      2 |      0 |          0 |
|       U0                                                                          |                                               ursa_vanilla_bram_blk_mem_gen_0_0_blk_mem_gen_v8_4_7 |          4 |          3 |       0 |    1 |     5 |      2 |      0 |          0 |
|         inst_blk_mem_gen                                                          |                                         ursa_vanilla_bram_blk_mem_gen_0_0_blk_mem_gen_v8_4_7_synth |          4 |          3 |       0 |    1 |     5 |      2 |      0 |          0 |
|           gnbram.gnative_mem_map_bmg.native_mem_map_blk_mem_gen                   |                                                  ursa_vanilla_bram_blk_mem_gen_0_0_blk_mem_gen_top |          4 |          3 |       0 |    1 |     5 |      2 |      0 |          0 |
|             valid.cstr                                                            |                                         ursa_vanilla_bram_blk_mem_gen_0_0_blk_mem_gen_generic_cstr |          4 |          3 |       0 |    1 |     5 |      2 |      0 |          0 |
|               ramloop[0].ram.r                                                    |                                           ursa_vanilla_bram_blk_mem_gen_0_0_blk_mem_gen_prim_width |          0 |          0 |       0 |    0 |     0 |      1 |      0 |          0 |
|                 prim_noinit.ram                                                   |                                         ursa_vanilla_bram_blk_mem_gen_0_0_blk_mem_gen_prim_wrapper |          0 |          0 |       0 |    0 |     0 |      1 |      0 |          0 |
|               ramloop[1].ram.r                                                    |                           ursa_vanilla_bram_blk_mem_gen_0_0_blk_mem_gen_prim_width__parameterized0 |          4 |          3 |       0 |    1 |     5 |      1 |      0 |          0 |
|                 (ramloop[1].ram.r)                                                |                           ursa_vanilla_bram_blk_mem_gen_0_0_blk_mem_gen_prim_width__parameterized0 |          2 |          1 |       0 |    1 |     5 |      0 |      0 |          0 |
|                 prim_noinit.ram                                                   |                         ursa_vanilla_bram_blk_mem_gen_0_0_blk_mem_gen_prim_wrapper__parameterized0 |          2 |          2 |       0 |    0 |     0 |      1 |      0 |          0 |
|     blk_mem_gen_1                                                                 |                                                                  ursa_vanilla_bram_blk_mem_gen_1_0 |          4 |          3 |       0 |    1 |     5 |      4 |      0 |          0 |
|       U0                                                                          |                                               ursa_vanilla_bram_blk_mem_gen_1_0_blk_mem_gen_v8_4_7 |          4 |          3 |       0 |    1 |     5 |      4 |      0 |          0 |
|         inst_blk_mem_gen                                                          |                                         ursa_vanilla_bram_blk_mem_gen_1_0_blk_mem_gen_v8_4_7_synth |          4 |          3 |       0 |    1 |     5 |      4 |      0 |          0 |
|           gnbram.gnative_mem_map_bmg.native_mem_map_blk_mem_gen                   |                                                  ursa_vanilla_bram_blk_mem_gen_1_0_blk_mem_gen_top |          4 |          3 |       0 |    1 |     5 |      4 |      0 |          0 |
|             valid.cstr                                                            |                                         ursa_vanilla_bram_blk_mem_gen_1_0_blk_mem_gen_generic_cstr |          4 |          3 |       0 |    1 |     5 |      4 |      0 |          0 |
|               ramloop[0].ram.r                                                    |                                           ursa_vanilla_bram_blk_mem_gen_1_0_blk_mem_gen_prim_width |          0 |          0 |       0 |    0 |     0 |      1 |      0 |          0 |
|                 prim_noinit.ram                                                   |                                         ursa_vanilla_bram_blk_mem_gen_1_0_blk_mem_gen_prim_wrapper |          0 |          0 |       0 |    0 |     0 |      1 |      0 |          0 |
|               ramloop[1].ram.r                                                    |                           ursa_vanilla_bram_blk_mem_gen_1_0_blk_mem_gen_prim_width__parameterized0 |          0 |          0 |       0 |    0 |     0 |      1 |      0 |          0 |
|                 prim_noinit.ram                                                   |                         ursa_vanilla_bram_blk_mem_gen_1_0_blk_mem_gen_prim_wrapper__parameterized0 |          0 |          0 |       0 |    0 |     0 |      1 |      0 |          0 |
|               ramloop[2].ram.r                                                    |                           ursa_vanilla_bram_blk_mem_gen_1_0_blk_mem_gen_prim_width__parameterized1 |          0 |          0 |       0 |    0 |     0 |      1 |      0 |          0 |
|                 prim_noinit.ram                                                   |                         ursa_vanilla_bram_blk_mem_gen_1_0_blk_mem_gen_prim_wrapper__parameterized1 |          0 |          0 |       0 |    0 |     0 |      1 |      0 |          0 |
|               ramloop[3].ram.r                                                    |                           ursa_vanilla_bram_blk_mem_gen_1_0_blk_mem_gen_prim_width__parameterized2 |          4 |          3 |       0 |    1 |     5 |      1 |      0 |          0 |
|                 (ramloop[3].ram.r)                                                |                           ursa_vanilla_bram_blk_mem_gen_1_0_blk_mem_gen_prim_width__parameterized2 |          2 |          1 |       0 |    1 |     5 |      0 |      0 |          0 |
|                 prim_noinit.ram                                                   |                         ursa_vanilla_bram_blk_mem_gen_1_0_blk_mem_gen_prim_wrapper__parameterized2 |          2 |          2 |       0 |    0 |     0 |      1 |      0 |          0 |
|     blk_mem_gen_2                                                                 |                                                                  ursa_vanilla_bram_blk_mem_gen_2_0 |          4 |          3 |       0 |    1 |     5 |      4 |      0 |          0 |
|       U0                                                                          |                                               ursa_vanilla_bram_blk_mem_gen_2_0_blk_mem_gen_v8_4_7 |          4 |          3 |       0 |    1 |     5 |      4 |      0 |          0 |
|         inst_blk_mem_gen                                                          |                                         ursa_vanilla_bram_blk_mem_gen_2_0_blk_mem_gen_v8_4_7_synth |          4 |          3 |       0 |    1 |     5 |      4 |      0 |          0 |
|           gnbram.gnative_mem_map_bmg.native_mem_map_blk_mem_gen                   |                                                  ursa_vanilla_bram_blk_mem_gen_2_0_blk_mem_gen_top |          4 |          3 |       0 |    1 |     5 |      4 |      0 |          0 |
|             valid.cstr                                                            |                                         ursa_vanilla_bram_blk_mem_gen_2_0_blk_mem_gen_generic_cstr |          4 |          3 |       0 |    1 |     5 |      4 |      0 |          0 |
|               ramloop[0].ram.r                                                    |                                           ursa_vanilla_bram_blk_mem_gen_2_0_blk_mem_gen_prim_width |          0 |          0 |       0 |    0 |     0 |      1 |      0 |          0 |
|                 prim_noinit.ram                                                   |                                         ursa_vanilla_bram_blk_mem_gen_2_0_blk_mem_gen_prim_wrapper |          0 |          0 |       0 |    0 |     0 |      1 |      0 |          0 |
|               ramloop[1].ram.r                                                    |                           ursa_vanilla_bram_blk_mem_gen_2_0_blk_mem_gen_prim_width__parameterized0 |          0 |          0 |       0 |    0 |     0 |      1 |      0 |          0 |
|                 prim_noinit.ram                                                   |                         ursa_vanilla_bram_blk_mem_gen_2_0_blk_mem_gen_prim_wrapper__parameterized0 |          0 |          0 |       0 |    0 |     0 |      1 |      0 |          0 |
|               ramloop[2].ram.r                                                    |                           ursa_vanilla_bram_blk_mem_gen_2_0_blk_mem_gen_prim_width__parameterized1 |          0 |          0 |       0 |    0 |     0 |      1 |      0 |          0 |
|                 prim_noinit.ram                                                   |                         ursa_vanilla_bram_blk_mem_gen_2_0_blk_mem_gen_prim_wrapper__parameterized1 |          0 |          0 |       0 |    0 |     0 |      1 |      0 |          0 |
|               ramloop[3].ram.r                                                    |                           ursa_vanilla_bram_blk_mem_gen_2_0_blk_mem_gen_prim_width__parameterized2 |          4 |          3 |       0 |    1 |     5 |      1 |      0 |          0 |
|                 (ramloop[3].ram.r)                                                |                           ursa_vanilla_bram_blk_mem_gen_2_0_blk_mem_gen_prim_width__parameterized2 |          2 |          1 |       0 |    1 |     5 |      0 |      0 |          0 |
|                 prim_noinit.ram                                                   |                         ursa_vanilla_bram_blk_mem_gen_2_0_blk_mem_gen_prim_wrapper__parameterized2 |          2 |          2 |       0 |    0 |     0 |      1 |      0 |          0 |
|     mxm_execute_ursa_0                                                            |                                                             ursa_vanilla_bram_mxm_execute_ursa_0_0 |      16289 |      13610 |    2560 |  119 | 19671 |      4 |      1 |        220 |
|       (mxm_execute_ursa_0)                                                        |                                                             ursa_vanilla_bram_mxm_execute_ursa_0_0 |          0 |          0 |       0 |    0 |     0 |      0 |      0 |          0 |
|       inst                                                                        |                                            ursa_vanilla_bram_mxm_execute_ursa_0_0_mxm_execute_ursa |      16289 |      13610 |    2560 |  119 | 19671 |      4 |      1 |        220 |
|         (inst)                                                                    |                                            ursa_vanilla_bram_mxm_execute_ursa_0_0_mxm_execute_ursa |       1000 |        989 |       0 |   11 |  6337 |      0 |      0 |          0 |
|         a_buf_10_U                                                                |                   ursa_vanilla_bram_mxm_execute_ursa_0_0_mxm_execute_ursa_a_buf_RAM_1P_LUTRAM_1R1W |        160 |         32 |     128 |    0 |   128 |      0 |      0 |          0 |
|         a_buf_11_U                                                                |                 ursa_vanilla_bram_mxm_execute_ursa_0_0_mxm_execute_ursa_a_buf_RAM_1P_LUTRAM_1R1W_0 |        160 |         32 |     128 |    0 |   128 |      0 |      0 |          0 |
|         a_buf_12_U                                                                |                 ursa_vanilla_bram_mxm_execute_ursa_0_0_mxm_execute_ursa_a_buf_RAM_1P_LUTRAM_1R1W_1 |        160 |         32 |     128 |    0 |   128 |      0 |      0 |          0 |
|         a_buf_13_U                                                                |                 ursa_vanilla_bram_mxm_execute_ursa_0_0_mxm_execute_ursa_a_buf_RAM_1P_LUTRAM_1R1W_2 |        160 |         32 |     128 |    0 |   128 |      0 |      0 |          0 |
|         a_buf_14_U                                                                |                 ursa_vanilla_bram_mxm_execute_ursa_0_0_mxm_execute_ursa_a_buf_RAM_1P_LUTRAM_1R1W_3 |        160 |         32 |     128 |    0 |   128 |      0 |      0 |          0 |
|         a_buf_15_U                                                                |                 ursa_vanilla_bram_mxm_execute_ursa_0_0_mxm_execute_ursa_a_buf_RAM_1P_LUTRAM_1R1W_4 |        160 |         32 |     128 |    0 |   128 |      0 |      0 |          0 |
|         a_buf_1_U                                                                 |                 ursa_vanilla_bram_mxm_execute_ursa_0_0_mxm_execute_ursa_a_buf_RAM_1P_LUTRAM_1R1W_5 |        160 |         32 |     128 |    0 |   128 |      0 |      0 |          0 |
|         a_buf_2_U                                                                 |                 ursa_vanilla_bram_mxm_execute_ursa_0_0_mxm_execute_ursa_a_buf_RAM_1P_LUTRAM_1R1W_6 |        160 |         32 |     128 |    0 |   128 |      0 |      0 |          0 |
|         a_buf_3_U                                                                 |                 ursa_vanilla_bram_mxm_execute_ursa_0_0_mxm_execute_ursa_a_buf_RAM_1P_LUTRAM_1R1W_7 |        160 |         32 |     128 |    0 |   128 |      0 |      0 |          0 |
|         a_buf_4_U                                                                 |                 ursa_vanilla_bram_mxm_execute_ursa_0_0_mxm_execute_ursa_a_buf_RAM_1P_LUTRAM_1R1W_8 |        160 |         32 |     128 |    0 |   128 |      0 |      0 |          0 |
|         a_buf_5_U                                                                 |                 ursa_vanilla_bram_mxm_execute_ursa_0_0_mxm_execute_ursa_a_buf_RAM_1P_LUTRAM_1R1W_9 |        160 |         32 |     128 |    0 |   128 |      0 |      0 |          0 |
|         a_buf_6_U                                                                 |                ursa_vanilla_bram_mxm_execute_ursa_0_0_mxm_execute_ursa_a_buf_RAM_1P_LUTRAM_1R1W_10 |        160 |         32 |     128 |    0 |   128 |      0 |      0 |          0 |
|         a_buf_7_U                                                                 |                ursa_vanilla_bram_mxm_execute_ursa_0_0_mxm_execute_ursa_a_buf_RAM_1P_LUTRAM_1R1W_11 |        160 |         32 |     128 |    0 |   128 |      0 |      0 |          0 |
|         a_buf_8_U                                                                 |                ursa_vanilla_bram_mxm_execute_ursa_0_0_mxm_execute_ursa_a_buf_RAM_1P_LUTRAM_1R1W_12 |        160 |         32 |     128 |    0 |   128 |      0 |      0 |          0 |
|         a_buf_9_U                                                                 |                ursa_vanilla_bram_mxm_execute_ursa_0_0_mxm_execute_ursa_a_buf_RAM_1P_LUTRAM_1R1W_13 |        160 |         32 |     128 |    0 |   128 |      0 |      0 |          0 |
|         a_buf_U                                                                   |                ursa_vanilla_bram_mxm_execute_ursa_0_0_mxm_execute_ursa_a_buf_RAM_1P_LUTRAM_1R1W_14 |        160 |         32 |     128 |    0 |   128 |      0 |      0 |          0 |
|         ap_s_axi_U                                                                |                                   ursa_vanilla_bram_mxm_execute_ursa_0_0_mxm_execute_ursa_ap_s_axi |         77 |         77 |       0 |    0 |    88 |      0 |      0 |          0 |
|         aw_m_axi_U                                                                |                                   ursa_vanilla_bram_mxm_execute_ursa_0_0_mxm_execute_ursa_aw_m_axi |        473 |        449 |       0 |   24 |   702 |      2 |      0 |          0 |
|           bus_read                                                                |                              ursa_vanilla_bram_mxm_execute_ursa_0_0_mxm_execute_ursa_aw_m_axi_read |        345 |        345 |       0 |    0 |   566 |      0 |      0 |          0 |
|             fifo_burst                                                            |              ursa_vanilla_bram_mxm_execute_ursa_0_0_mxm_execute_ursa_aw_m_axi_fifo__parameterized1 |         13 |         13 |       0 |    0 |    11 |      0 |      0 |          0 |
|               (fifo_burst)                                                        |              ursa_vanilla_bram_mxm_execute_ursa_0_0_mxm_execute_ursa_aw_m_axi_fifo__parameterized1 |         11 |         11 |       0 |    0 |    10 |      0 |      0 |          0 |
|               U_fifo_srl                                                          |               ursa_vanilla_bram_mxm_execute_ursa_0_0_mxm_execute_ursa_aw_m_axi_srl__parameterized0 |          2 |          2 |       0 |    0 |     1 |      0 |      0 |          0 |
|             fifo_rctl                                                             |          ursa_vanilla_bram_mxm_execute_ursa_0_0_mxm_execute_ursa_aw_m_axi_fifo__parameterized1_545 |          8 |          8 |       0 |    0 |     7 |      0 |      0 |          0 |
|             rreq_burst_conv                                                       |   ursa_vanilla_bram_mxm_execute_ursa_0_0_mxm_execute_ursa_aw_m_axi_burst_converter__parameterized0 |        189 |        189 |       0 |    0 |   285 |      0 |      0 |          0 |
|               (rreq_burst_conv)                                                   |   ursa_vanilla_bram_mxm_execute_ursa_0_0_mxm_execute_ursa_aw_m_axi_burst_converter__parameterized0 |        115 |        115 |       0 |    0 |   194 |      0 |      0 |          0 |
|               rs_req                                                              |                         ursa_vanilla_bram_mxm_execute_ursa_0_0_mxm_execute_ursa_aw_m_axi_reg_slice |         74 |         74 |       0 |    0 |    91 |      0 |      0 |          0 |
|             rs_rdata                                                              |         ursa_vanilla_bram_mxm_execute_ursa_0_0_mxm_execute_ursa_aw_m_axi_reg_slice__parameterized2 |        135 |        135 |       0 |    0 |   263 |      0 |      0 |          0 |
|           load_unit                                                               |                              ursa_vanilla_bram_mxm_execute_ursa_0_0_mxm_execute_ursa_aw_m_axi_load |        128 |        104 |       0 |   24 |   136 |      2 |      0 |          0 |
|             (load_unit)                                                           |                              ursa_vanilla_bram_mxm_execute_ursa_0_0_mxm_execute_ursa_aw_m_axi_load |          1 |          1 |       0 |    0 |    45 |      0 |      0 |          0 |
|             buff_rdata                                                            |              ursa_vanilla_bram_mxm_execute_ursa_0_0_mxm_execute_ursa_aw_m_axi_fifo__parameterized3 |         50 |         50 |       0 |    0 |    40 |      2 |      0 |          0 |
|               (buff_rdata)                                                        |              ursa_vanilla_bram_mxm_execute_ursa_0_0_mxm_execute_ursa_aw_m_axi_fifo__parameterized3 |         36 |         36 |       0 |    0 |    31 |      0 |      0 |          0 |
|               U_fifo_mem                                                          |               ursa_vanilla_bram_mxm_execute_ursa_0_0_mxm_execute_ursa_aw_m_axi_mem__parameterized0 |         14 |         14 |       0 |    0 |     9 |      2 |      0 |          0 |
|             fifo_rreq                                                             |                              ursa_vanilla_bram_mxm_execute_ursa_0_0_mxm_execute_ursa_aw_m_axi_fifo |         78 |         54 |       0 |   24 |    51 |      0 |      0 |          0 |
|               (fifo_rreq)                                                         |                              ursa_vanilla_bram_mxm_execute_ursa_0_0_mxm_execute_ursa_aw_m_axi_fifo |         16 |         16 |       0 |    0 |    10 |      0 |      0 |          0 |
|               U_fifo_srl                                                          |                               ursa_vanilla_bram_mxm_execute_ursa_0_0_mxm_execute_ursa_aw_m_axi_srl |         62 |         38 |       0 |   24 |    41 |      0 |      0 |          0 |
|         b_buf_10_U                                                                |                   ursa_vanilla_bram_mxm_execute_ursa_0_0_mxm_execute_ursa_b_buf_RAM_1P_LUTRAM_1R1W |         32 |          0 |      32 |    0 |     8 |      0 |      0 |          0 |
|         b_buf_11_U                                                                |                ursa_vanilla_bram_mxm_execute_ursa_0_0_mxm_execute_ursa_b_buf_RAM_1P_LUTRAM_1R1W_15 |         32 |          0 |      32 |    0 |     8 |      0 |      0 |          0 |
|         b_buf_12_U                                                                |                ursa_vanilla_bram_mxm_execute_ursa_0_0_mxm_execute_ursa_b_buf_RAM_1P_LUTRAM_1R1W_16 |         32 |          0 |      32 |    0 |     8 |      0 |      0 |          0 |
|         b_buf_13_U                                                                |                ursa_vanilla_bram_mxm_execute_ursa_0_0_mxm_execute_ursa_b_buf_RAM_1P_LUTRAM_1R1W_17 |         32 |          0 |      32 |    0 |     8 |      0 |      0 |          0 |
|         b_buf_14_U                                                                |                ursa_vanilla_bram_mxm_execute_ursa_0_0_mxm_execute_ursa_b_buf_RAM_1P_LUTRAM_1R1W_18 |         32 |          0 |      32 |    0 |     8 |      0 |      0 |          0 |
|         b_buf_15_U                                                                |                ursa_vanilla_bram_mxm_execute_ursa_0_0_mxm_execute_ursa_b_buf_RAM_1P_LUTRAM_1R1W_19 |         32 |          0 |      32 |    0 |     8 |      0 |      0 |          0 |
|         b_buf_1_U                                                                 |                ursa_vanilla_bram_mxm_execute_ursa_0_0_mxm_execute_ursa_b_buf_RAM_1P_LUTRAM_1R1W_20 |         32 |          0 |      32 |    0 |     8 |      0 |      0 |          0 |
|         b_buf_2_U                                                                 |                ursa_vanilla_bram_mxm_execute_ursa_0_0_mxm_execute_ursa_b_buf_RAM_1P_LUTRAM_1R1W_21 |         32 |          0 |      32 |    0 |     8 |      0 |      0 |          0 |
|         b_buf_3_U                                                                 |                ursa_vanilla_bram_mxm_execute_ursa_0_0_mxm_execute_ursa_b_buf_RAM_1P_LUTRAM_1R1W_22 |         32 |          0 |      32 |    0 |     8 |      0 |      0 |          0 |
|         b_buf_4_U                                                                 |                ursa_vanilla_bram_mxm_execute_ursa_0_0_mxm_execute_ursa_b_buf_RAM_1P_LUTRAM_1R1W_23 |         32 |          0 |      32 |    0 |     8 |      0 |      0 |          0 |
|         b_buf_5_U                                                                 |                ursa_vanilla_bram_mxm_execute_ursa_0_0_mxm_execute_ursa_b_buf_RAM_1P_LUTRAM_1R1W_24 |         32 |          0 |      32 |    0 |     8 |      0 |      0 |          0 |
|         b_buf_6_U                                                                 |                ursa_vanilla_bram_mxm_execute_ursa_0_0_mxm_execute_ursa_b_buf_RAM_1P_LUTRAM_1R1W_25 |         32 |          0 |      32 |    0 |     8 |      0 |      0 |          0 |
|         b_buf_7_U                                                                 |                ursa_vanilla_bram_mxm_execute_ursa_0_0_mxm_execute_ursa_b_buf_RAM_1P_LUTRAM_1R1W_26 |         32 |          0 |      32 |    0 |     8 |      0 |      0 |          0 |
|         b_buf_8_U                                                                 |                ursa_vanilla_bram_mxm_execute_ursa_0_0_mxm_execute_ursa_b_buf_RAM_1P_LUTRAM_1R1W_27 |         32 |          0 |      32 |    0 |     8 |      0 |      0 |          0 |
|         b_buf_9_U                                                                 |                ursa_vanilla_bram_mxm_execute_ursa_0_0_mxm_execute_ursa_b_buf_RAM_1P_LUTRAM_1R1W_28 |         32 |          0 |      32 |    0 |     8 |      0 |      0 |          0 |
|         b_buf_U                                                                   |                ursa_vanilla_bram_mxm_execute_ursa_0_0_mxm_execute_ursa_b_buf_RAM_1P_LUTRAM_1R1W_29 |         32 |          0 |      32 |    0 |     8 |      0 |      0 |          0 |
|         bi_m_axi_U                                                                |                                   ursa_vanilla_bram_mxm_execute_ursa_0_0_mxm_execute_ursa_bi_m_axi |        423 |        406 |       0 |   17 |   648 |      2 |      0 |          0 |
|           bus_read                                                                |                              ursa_vanilla_bram_mxm_execute_ursa_0_0_mxm_execute_ursa_bi_m_axi_read |        331 |        331 |       0 |    0 |   537 |      0 |      0 |          0 |
|             fifo_burst                                                            |              ursa_vanilla_bram_mxm_execute_ursa_0_0_mxm_execute_ursa_bi_m_axi_fifo__parameterized1 |         13 |         13 |       0 |    0 |    11 |      0 |      0 |          0 |
|               (fifo_burst)                                                        |              ursa_vanilla_bram_mxm_execute_ursa_0_0_mxm_execute_ursa_bi_m_axi_fifo__parameterized1 |         11 |         11 |       0 |    0 |    10 |      0 |      0 |          0 |
|               U_fifo_srl                                                          |               ursa_vanilla_bram_mxm_execute_ursa_0_0_mxm_execute_ursa_bi_m_axi_srl__parameterized0 |          2 |          2 |       0 |    0 |     1 |      0 |      0 |          0 |
|             fifo_rctl                                                             |          ursa_vanilla_bram_mxm_execute_ursa_0_0_mxm_execute_ursa_bi_m_axi_fifo__parameterized1_544 |          8 |          8 |       0 |    0 |     7 |      0 |      0 |          0 |
|             rreq_burst_conv                                                       |   ursa_vanilla_bram_mxm_execute_ursa_0_0_mxm_execute_ursa_bi_m_axi_burst_converter__parameterized0 |        175 |        175 |       0 |    0 |   256 |      0 |      0 |          0 |
|               (rreq_burst_conv)                                                   |   ursa_vanilla_bram_mxm_execute_ursa_0_0_mxm_execute_ursa_bi_m_axi_burst_converter__parameterized0 |        114 |        114 |       0 |    0 |   191 |      0 |      0 |          0 |
|               rs_req                                                              |                         ursa_vanilla_bram_mxm_execute_ursa_0_0_mxm_execute_ursa_bi_m_axi_reg_slice |         61 |         61 |       0 |    0 |    65 |      0 |      0 |          0 |
|             rs_rdata                                                              |         ursa_vanilla_bram_mxm_execute_ursa_0_0_mxm_execute_ursa_bi_m_axi_reg_slice__parameterized2 |        135 |        135 |       0 |    0 |   263 |      0 |      0 |          0 |
|           load_unit                                                               |                              ursa_vanilla_bram_mxm_execute_ursa_0_0_mxm_execute_ursa_bi_m_axi_load |         94 |         77 |       0 |   17 |   111 |      2 |      0 |          0 |
|             (load_unit)                                                           |                              ursa_vanilla_bram_mxm_execute_ursa_0_0_mxm_execute_ursa_bi_m_axi_load |          1 |          1 |       0 |    0 |    32 |      0 |      0 |          0 |
|             buff_rdata                                                            |              ursa_vanilla_bram_mxm_execute_ursa_0_0_mxm_execute_ursa_bi_m_axi_fifo__parameterized3 |         57 |         57 |       0 |    0 |    40 |      2 |      0 |          0 |
|               (buff_rdata)                                                        |              ursa_vanilla_bram_mxm_execute_ursa_0_0_mxm_execute_ursa_bi_m_axi_fifo__parameterized3 |         39 |         39 |       0 |    0 |    31 |      0 |      0 |          0 |
|               U_fifo_mem                                                          |               ursa_vanilla_bram_mxm_execute_ursa_0_0_mxm_execute_ursa_bi_m_axi_mem__parameterized0 |         18 |         18 |       0 |    0 |     9 |      2 |      0 |          0 |
|             fifo_rreq                                                             |                              ursa_vanilla_bram_mxm_execute_ursa_0_0_mxm_execute_ursa_bi_m_axi_fifo |         36 |         19 |       0 |   17 |    39 |      0 |      0 |          0 |
|               (fifo_rreq)                                                         |                              ursa_vanilla_bram_mxm_execute_ursa_0_0_mxm_execute_ursa_bi_m_axi_fifo |         11 |         11 |       0 |    0 |    10 |      0 |      0 |          0 |
|               U_fifo_srl                                                          |                               ursa_vanilla_bram_mxm_execute_ursa_0_0_mxm_execute_ursa_bi_m_axi_srl |         25 |          8 |       0 |   17 |    29 |      0 |      0 |          0 |
|         ca_m_axi_U                                                                |                                   ursa_vanilla_bram_mxm_execute_ursa_0_0_mxm_execute_ursa_ca_m_axi |        512 |        451 |       0 |   61 |   589 |      0 |      1 |          0 |
|           bus_write                                                               |                             ursa_vanilla_bram_mxm_execute_ursa_0_0_mxm_execute_ursa_ca_m_axi_write |        358 |        315 |       0 |   43 |   480 |      0 |      0 |          0 |
|             (bus_write)                                                           |                             ursa_vanilla_bram_mxm_execute_ursa_0_0_mxm_execute_ursa_ca_m_axi_write |          6 |          6 |       0 |    0 |    10 |      0 |      0 |          0 |
|             fifo_burst                                                            |              ursa_vanilla_bram_mxm_execute_ursa_0_0_mxm_execute_ursa_ca_m_axi_fifo__parameterized4 |         22 |         18 |       0 |    4 |    14 |      0 |      0 |          0 |
|               (fifo_burst)                                                        |              ursa_vanilla_bram_mxm_execute_ursa_0_0_mxm_execute_ursa_ca_m_axi_fifo__parameterized4 |          9 |          9 |       0 |    0 |    10 |      0 |      0 |          0 |
|               U_fifo_srl                                                          |               ursa_vanilla_bram_mxm_execute_ursa_0_0_mxm_execute_ursa_ca_m_axi_srl__parameterized2 |         13 |          9 |       0 |    4 |     4 |      0 |      0 |          0 |
|             fifo_resp                                                             |          ursa_vanilla_bram_mxm_execute_ursa_0_0_mxm_execute_ursa_ca_m_axi_fifo__parameterized1_542 |         14 |         13 |       0 |    1 |    11 |      0 |      0 |          0 |
|               (fifo_resp)                                                         |          ursa_vanilla_bram_mxm_execute_ursa_0_0_mxm_execute_ursa_ca_m_axi_fifo__parameterized1_542 |         10 |         10 |       0 |    0 |    10 |      0 |      0 |          0 |
|               U_fifo_srl                                                          |           ursa_vanilla_bram_mxm_execute_ursa_0_0_mxm_execute_ursa_ca_m_axi_srl__parameterized0_543 |          4 |          3 |       0 |    1 |     1 |      0 |      0 |          0 |
|             rs_resp                                                               |         ursa_vanilla_bram_mxm_execute_ursa_0_0_mxm_execute_ursa_ca_m_axi_reg_slice__parameterized1 |          4 |          4 |       0 |    0 |     5 |      0 |      0 |          0 |
|             wreq_burst_conv                                                       |                   ursa_vanilla_bram_mxm_execute_ursa_0_0_mxm_execute_ursa_ca_m_axi_burst_converter |        194 |        194 |       0 |    0 |   268 |      0 |      0 |          0 |
|               (wreq_burst_conv)                                                   |                   ursa_vanilla_bram_mxm_execute_ursa_0_0_mxm_execute_ursa_ca_m_axi_burst_converter |        129 |        129 |       0 |    0 |   199 |      0 |      0 |          0 |
|               rs_req                                                              |                         ursa_vanilla_bram_mxm_execute_ursa_0_0_mxm_execute_ursa_ca_m_axi_reg_slice |         65 |         65 |       0 |    0 |    69 |      0 |      0 |          0 |
|             wreq_throttle                                                         |                          ursa_vanilla_bram_mxm_execute_ursa_0_0_mxm_execute_ursa_ca_m_axi_throttle |        118 |         80 |       0 |   38 |   172 |      0 |      0 |          0 |
|               (wreq_throttle)                                                     |                          ursa_vanilla_bram_mxm_execute_ursa_0_0_mxm_execute_ursa_ca_m_axi_throttle |          1 |          1 |       0 |    0 |     6 |      0 |      0 |          0 |
|               data_fifo                                                           |              ursa_vanilla_bram_mxm_execute_ursa_0_0_mxm_execute_ursa_ca_m_axi_fifo__parameterized6 |         47 |         27 |       0 |   20 |    49 |      0 |      0 |          0 |
|                 (data_fifo)                                                       |              ursa_vanilla_bram_mxm_execute_ursa_0_0_mxm_execute_ursa_ca_m_axi_fifo__parameterized6 |         17 |         17 |       0 |    0 |    12 |      0 |      0 |          0 |
|                 U_fifo_srl                                                        |               ursa_vanilla_bram_mxm_execute_ursa_0_0_mxm_execute_ursa_ca_m_axi_srl__parameterized4 |         30 |         10 |       0 |   20 |    37 |      0 |      0 |          0 |
|               req_fifo                                                            |              ursa_vanilla_bram_mxm_execute_ursa_0_0_mxm_execute_ursa_ca_m_axi_fifo__parameterized5 |         30 |         12 |       0 |   18 |    44 |      0 |      0 |          0 |
|                 (req_fifo)                                                        |              ursa_vanilla_bram_mxm_execute_ursa_0_0_mxm_execute_ursa_ca_m_axi_fifo__parameterized5 |         11 |         11 |       0 |    0 |    10 |      0 |      0 |          0 |
|                 U_fifo_srl                                                        |               ursa_vanilla_bram_mxm_execute_ursa_0_0_mxm_execute_ursa_ca_m_axi_srl__parameterized3 |         20 |          2 |       0 |   18 |    34 |      0 |      0 |          0 |
|               rs_req                                                              |         ursa_vanilla_bram_mxm_execute_ursa_0_0_mxm_execute_ursa_ca_m_axi_reg_slice__parameterized0 |         41 |         41 |       0 |    0 |    73 |      0 |      0 |          0 |
|           store_unit                                                              |                             ursa_vanilla_bram_mxm_execute_ursa_0_0_mxm_execute_ursa_ca_m_axi_store |        154 |        136 |       0 |   18 |   109 |      0 |      1 |          0 |
|             (store_unit)                                                          |                             ursa_vanilla_bram_mxm_execute_ursa_0_0_mxm_execute_ursa_ca_m_axi_store |          1 |          1 |       0 |    0 |    33 |      0 |      0 |          0 |
|             buff_wdata                                                            |              ursa_vanilla_bram_mxm_execute_ursa_0_0_mxm_execute_ursa_ca_m_axi_fifo__parameterized0 |         17 |         17 |       0 |    0 |    20 |      0 |      1 |          0 |
|               (buff_wdata)                                                        |              ursa_vanilla_bram_mxm_execute_ursa_0_0_mxm_execute_ursa_ca_m_axi_fifo__parameterized0 |         13 |         13 |       0 |    0 |    16 |      0 |      0 |          0 |
|               U_fifo_mem                                                          |                               ursa_vanilla_bram_mxm_execute_ursa_0_0_mxm_execute_ursa_ca_m_axi_mem |          4 |          4 |       0 |    0 |     4 |      0 |      1 |          0 |
|             fifo_wreq                                                             |                              ursa_vanilla_bram_mxm_execute_ursa_0_0_mxm_execute_ursa_ca_m_axi_fifo |         29 |         12 |       0 |   17 |    39 |      0 |      0 |          0 |
|               (fifo_wreq)                                                         |                              ursa_vanilla_bram_mxm_execute_ursa_0_0_mxm_execute_ursa_ca_m_axi_fifo |          8 |          8 |       0 |    0 |     8 |      0 |      0 |          0 |
|               U_fifo_srl                                                          |                               ursa_vanilla_bram_mxm_execute_ursa_0_0_mxm_execute_ursa_ca_m_axi_srl |         21 |          4 |       0 |   17 |    31 |      0 |      0 |          0 |
|             fifo_wrsp                                                             |              ursa_vanilla_bram_mxm_execute_ursa_0_0_mxm_execute_ursa_ca_m_axi_fifo__parameterized1 |         16 |         15 |       0 |    1 |    11 |      0 |      0 |          0 |
|               (fifo_wrsp)                                                         |              ursa_vanilla_bram_mxm_execute_ursa_0_0_mxm_execute_ursa_ca_m_axi_fifo__parameterized1 |          7 |          7 |       0 |    0 |    10 |      0 |      0 |          0 |
|               U_fifo_srl                                                          |               ursa_vanilla_bram_mxm_execute_ursa_0_0_mxm_execute_ursa_ca_m_axi_srl__parameterized0 |          9 |          8 |       0 |    1 |     1 |      0 |      0 |          0 |
|             user_resp                                                             |              ursa_vanilla_bram_mxm_execute_ursa_0_0_mxm_execute_ursa_ca_m_axi_fifo__parameterized2 |         92 |         92 |       0 |    0 |     6 |      0 |      0 |          0 |
|         control_s_axi_U                                                           |                              ursa_vanilla_bram_mxm_execute_ursa_0_0_mxm_execute_ursa_control_s_axi |         92 |         92 |       0 |    0 |   139 |      0 |      0 |          0 |
|         grp_mxm_execute_ursa_Pipeline_LOAD_A_fu_2212                              |           ursa_vanilla_bram_mxm_execute_ursa_0_0_mxm_execute_ursa_mxm_execute_ursa_Pipeline_LOAD_A |         95 |         95 |       0 |    0 |   120 |      0 |      0 |          0 |
|           (grp_mxm_execute_ursa_Pipeline_LOAD_A_fu_2212)                          |           ursa_vanilla_bram_mxm_execute_ursa_0_0_mxm_execute_ursa_mxm_execute_ursa_Pipeline_LOAD_A |         35 |         35 |       0 |    0 |   118 |      0 |      0 |          0 |
|           flow_control_loop_pipe_sequential_init_U                                | ursa_vanilla_bram_mxm_execute_ursa_0_0_mxm_execute_ursa_flow_control_loop_pipe_sequential_init_541 |         62 |         62 |       0 |    0 |     2 |      0 |      0 |          0 |
|         grp_mxm_execute_ursa_Pipeline_LOAD_B_fu_2237                              |           ursa_vanilla_bram_mxm_execute_ursa_0_0_mxm_execute_ursa_mxm_execute_ursa_Pipeline_LOAD_B |         81 |         76 |       0 |    5 |   162 |      0 |      0 |          0 |
|           (grp_mxm_execute_ursa_Pipeline_LOAD_B_fu_2237)                          |           ursa_vanilla_bram_mxm_execute_ursa_0_0_mxm_execute_ursa_mxm_execute_ursa_Pipeline_LOAD_B |         48 |         43 |       0 |    5 |   160 |      0 |      0 |          0 |
|           flow_control_loop_pipe_sequential_init_U                                | ursa_vanilla_bram_mxm_execute_ursa_0_0_mxm_execute_ursa_flow_control_loop_pipe_sequential_init_540 |         33 |         33 |       0 |    0 |     2 |      0 |      0 |          0 |
|         grp_mxm_execute_ursa_Pipeline_STREAM_K_fu_2264                            |         ursa_vanilla_bram_mxm_execute_ursa_0_0_mxm_execute_ursa_mxm_execute_ursa_Pipeline_STREAM_K |       6821 |       6820 |       0 |    1 |  7660 |      0 |      0 |        220 |
|           (grp_mxm_execute_ursa_Pipeline_STREAM_K_fu_2264)                        |         ursa_vanilla_bram_mxm_execute_ursa_0_0_mxm_execute_ursa_mxm_execute_ursa_Pipeline_STREAM_K |         42 |         41 |       0 |    1 |  5349 |      0 |      0 |          0 |
|           flow_control_loop_pipe_sequential_init_U                                |     ursa_vanilla_bram_mxm_execute_ursa_0_0_mxm_execute_ursa_flow_control_loop_pipe_sequential_init |        657 |        657 |       0 |    0 |     7 |      0 |      0 |          0 |
|           mac_muladd_8ns_8s_20s_20_4_1_U100                                       |               ursa_vanilla_bram_mxm_execute_ursa_0_0_mxm_execute_ursa_mac_muladd_8ns_8s_20s_20_4_1 |         17 |         17 |       0 |    0 |     0 |      0 |      0 |          1 |
|             mxm_execute_ursa_mac_muladd_8ns_8s_20s_20_4_1_DSP48_0_U               |   ursa_vanilla_bram_mxm_execute_ursa_0_0_mxm_execute_ursa_mac_muladd_8ns_8s_20s_20_4_1_DSP48_0_539 |         17 |         17 |       0 |    0 |     0 |      0 |      0 |          1 |
|           mac_muladd_8ns_8s_20s_20_4_1_U101                                       |            ursa_vanilla_bram_mxm_execute_ursa_0_0_mxm_execute_ursa_mac_muladd_8ns_8s_20s_20_4_1_32 |         18 |         18 |       0 |    0 |     0 |      0 |      0 |          1 |
|             mxm_execute_ursa_mac_muladd_8ns_8s_20s_20_4_1_DSP48_0_U               |   ursa_vanilla_bram_mxm_execute_ursa_0_0_mxm_execute_ursa_mac_muladd_8ns_8s_20s_20_4_1_DSP48_0_538 |         18 |         18 |       0 |    0 |     0 |      0 |      0 |          1 |
|           mac_muladd_8ns_8s_20s_20_4_1_U102                                       |            ursa_vanilla_bram_mxm_execute_ursa_0_0_mxm_execute_ursa_mac_muladd_8ns_8s_20s_20_4_1_33 |         20 |         20 |       0 |    0 |     0 |      0 |      0 |          1 |
|             mxm_execute_ursa_mac_muladd_8ns_8s_20s_20_4_1_DSP48_0_U               |   ursa_vanilla_bram_mxm_execute_ursa_0_0_mxm_execute_ursa_mac_muladd_8ns_8s_20s_20_4_1_DSP48_0_537 |         20 |         20 |       0 |    0 |     0 |      0 |      0 |          1 |
|           mac_muladd_8ns_8s_20s_20_4_1_U103                                       |            ursa_vanilla_bram_mxm_execute_ursa_0_0_mxm_execute_ursa_mac_muladd_8ns_8s_20s_20_4_1_34 |         16 |         16 |       0 |    0 |     0 |      0 |      0 |          1 |
|             mxm_execute_ursa_mac_muladd_8ns_8s_20s_20_4_1_DSP48_0_U               |   ursa_vanilla_bram_mxm_execute_ursa_0_0_mxm_execute_ursa_mac_muladd_8ns_8s_20s_20_4_1_DSP48_0_536 |         16 |         16 |       0 |    0 |     0 |      0 |      0 |          1 |
|           mac_muladd_8ns_8s_20s_20_4_1_U104                                       |            ursa_vanilla_bram_mxm_execute_ursa_0_0_mxm_execute_ursa_mac_muladd_8ns_8s_20s_20_4_1_35 |         16 |         16 |       0 |    0 |     0 |      0 |      0 |          1 |
|             mxm_execute_ursa_mac_muladd_8ns_8s_20s_20_4_1_DSP48_0_U               |   ursa_vanilla_bram_mxm_execute_ursa_0_0_mxm_execute_ursa_mac_muladd_8ns_8s_20s_20_4_1_DSP48_0_535 |         16 |         16 |       0 |    0 |     0 |      0 |      0 |          1 |
|           mac_muladd_8ns_8s_20s_20_4_1_U105                                       |            ursa_vanilla_bram_mxm_execute_ursa_0_0_mxm_execute_ursa_mac_muladd_8ns_8s_20s_20_4_1_36 |         14 |         14 |       0 |    0 |     0 |      0 |      0 |          1 |
|             mxm_execute_ursa_mac_muladd_8ns_8s_20s_20_4_1_DSP48_0_U               |   ursa_vanilla_bram_mxm_execute_ursa_0_0_mxm_execute_ursa_mac_muladd_8ns_8s_20s_20_4_1_DSP48_0_534 |         14 |         14 |       0 |    0 |     0 |      0 |      0 |          1 |
|           mac_muladd_8ns_8s_20s_20_4_1_U113                                       |            ursa_vanilla_bram_mxm_execute_ursa_0_0_mxm_execute_ursa_mac_muladd_8ns_8s_20s_20_4_1_37 |         25 |         25 |       0 |    0 |     0 |      0 |      0 |          1 |
|             mxm_execute_ursa_mac_muladd_8ns_8s_20s_20_4_1_DSP48_0_U               |   ursa_vanilla_bram_mxm_execute_ursa_0_0_mxm_execute_ursa_mac_muladd_8ns_8s_20s_20_4_1_DSP48_0_533 |         25 |         25 |       0 |    0 |     0 |      0 |      0 |          1 |
|           mac_muladd_8ns_8s_20s_20_4_1_U114                                       |            ursa_vanilla_bram_mxm_execute_ursa_0_0_mxm_execute_ursa_mac_muladd_8ns_8s_20s_20_4_1_38 |         16 |         16 |       0 |    0 |     0 |      0 |      0 |          1 |
|             mxm_execute_ursa_mac_muladd_8ns_8s_20s_20_4_1_DSP48_0_U               |   ursa_vanilla_bram_mxm_execute_ursa_0_0_mxm_execute_ursa_mac_muladd_8ns_8s_20s_20_4_1_DSP48_0_532 |         16 |         16 |       0 |    0 |     0 |      0 |      0 |          1 |
|           mac_muladd_8ns_8s_20s_20_4_1_U115                                       |            ursa_vanilla_bram_mxm_execute_ursa_0_0_mxm_execute_ursa_mac_muladd_8ns_8s_20s_20_4_1_39 |         18 |         18 |       0 |    0 |     0 |      0 |      0 |          1 |
|             mxm_execute_ursa_mac_muladd_8ns_8s_20s_20_4_1_DSP48_0_U               |   ursa_vanilla_bram_mxm_execute_ursa_0_0_mxm_execute_ursa_mac_muladd_8ns_8s_20s_20_4_1_DSP48_0_531 |         18 |         18 |       0 |    0 |     0 |      0 |      0 |          1 |
|           mac_muladd_8ns_8s_20s_20_4_1_U116                                       |            ursa_vanilla_bram_mxm_execute_ursa_0_0_mxm_execute_ursa_mac_muladd_8ns_8s_20s_20_4_1_40 |         15 |         15 |       0 |    0 |     0 |      0 |      0 |          1 |
|             mxm_execute_ursa_mac_muladd_8ns_8s_20s_20_4_1_DSP48_0_U               |   ursa_vanilla_bram_mxm_execute_ursa_0_0_mxm_execute_ursa_mac_muladd_8ns_8s_20s_20_4_1_DSP48_0_530 |         15 |         15 |       0 |    0 |     0 |      0 |      0 |          1 |
|           mac_muladd_8ns_8s_20s_20_4_1_U117                                       |            ursa_vanilla_bram_mxm_execute_ursa_0_0_mxm_execute_ursa_mac_muladd_8ns_8s_20s_20_4_1_41 |         14 |         14 |       0 |    0 |     0 |      0 |      0 |          1 |
|             mxm_execute_ursa_mac_muladd_8ns_8s_20s_20_4_1_DSP48_0_U               |   ursa_vanilla_bram_mxm_execute_ursa_0_0_mxm_execute_ursa_mac_muladd_8ns_8s_20s_20_4_1_DSP48_0_529 |         14 |         14 |       0 |    0 |     0 |      0 |      0 |          1 |
|           mac_muladd_8ns_8s_20s_20_4_1_U118                                       |            ursa_vanilla_bram_mxm_execute_ursa_0_0_mxm_execute_ursa_mac_muladd_8ns_8s_20s_20_4_1_42 |         16 |         16 |       0 |    0 |     0 |      0 |      0 |          1 |
|             mxm_execute_ursa_mac_muladd_8ns_8s_20s_20_4_1_DSP48_0_U               |   ursa_vanilla_bram_mxm_execute_ursa_0_0_mxm_execute_ursa_mac_muladd_8ns_8s_20s_20_4_1_DSP48_0_528 |         16 |         16 |       0 |    0 |     0 |      0 |      0 |          1 |
|           mac_muladd_8ns_8s_20s_20_4_1_U119                                       |            ursa_vanilla_bram_mxm_execute_ursa_0_0_mxm_execute_ursa_mac_muladd_8ns_8s_20s_20_4_1_43 |         16 |         16 |       0 |    0 |     0 |      0 |      0 |          1 |
|             mxm_execute_ursa_mac_muladd_8ns_8s_20s_20_4_1_DSP48_0_U               |   ursa_vanilla_bram_mxm_execute_ursa_0_0_mxm_execute_ursa_mac_muladd_8ns_8s_20s_20_4_1_DSP48_0_527 |         16 |         16 |       0 |    0 |     0 |      0 |      0 |          1 |
|           mac_muladd_8ns_8s_20s_20_4_1_U120                                       |            ursa_vanilla_bram_mxm_execute_ursa_0_0_mxm_execute_ursa_mac_muladd_8ns_8s_20s_20_4_1_44 |         15 |         15 |       0 |    0 |     0 |      0 |      0 |          1 |
|             mxm_execute_ursa_mac_muladd_8ns_8s_20s_20_4_1_DSP48_0_U               |   ursa_vanilla_bram_mxm_execute_ursa_0_0_mxm_execute_ursa_mac_muladd_8ns_8s_20s_20_4_1_DSP48_0_526 |         15 |         15 |       0 |    0 |     0 |      0 |      0 |          1 |
|           mac_muladd_8ns_8s_20s_20_4_1_U121                                       |            ursa_vanilla_bram_mxm_execute_ursa_0_0_mxm_execute_ursa_mac_muladd_8ns_8s_20s_20_4_1_45 |         15 |         15 |       0 |    0 |     0 |      0 |      0 |          1 |
|             mxm_execute_ursa_mac_muladd_8ns_8s_20s_20_4_1_DSP48_0_U               |   ursa_vanilla_bram_mxm_execute_ursa_0_0_mxm_execute_ursa_mac_muladd_8ns_8s_20s_20_4_1_DSP48_0_525 |         15 |         15 |       0 |    0 |     0 |      0 |      0 |          1 |
|           mac_muladd_8ns_8s_20s_20_4_1_U130                                       |            ursa_vanilla_bram_mxm_execute_ursa_0_0_mxm_execute_ursa_mac_muladd_8ns_8s_20s_20_4_1_46 |         21 |         21 |       0 |    0 |     0 |      0 |      0 |          1 |
|             mxm_execute_ursa_mac_muladd_8ns_8s_20s_20_4_1_DSP48_0_U               |   ursa_vanilla_bram_mxm_execute_ursa_0_0_mxm_execute_ursa_mac_muladd_8ns_8s_20s_20_4_1_DSP48_0_524 |         21 |         21 |       0 |    0 |     0 |      0 |      0 |          1 |
|           mac_muladd_8ns_8s_20s_20_4_1_U131                                       |            ursa_vanilla_bram_mxm_execute_ursa_0_0_mxm_execute_ursa_mac_muladd_8ns_8s_20s_20_4_1_47 |         14 |         14 |       0 |    0 |     0 |      0 |      0 |          1 |
|             mxm_execute_ursa_mac_muladd_8ns_8s_20s_20_4_1_DSP48_0_U               |   ursa_vanilla_bram_mxm_execute_ursa_0_0_mxm_execute_ursa_mac_muladd_8ns_8s_20s_20_4_1_DSP48_0_523 |         14 |         14 |       0 |    0 |     0 |      0 |      0 |          1 |
|           mac_muladd_8ns_8s_20s_20_4_1_U132                                       |            ursa_vanilla_bram_mxm_execute_ursa_0_0_mxm_execute_ursa_mac_muladd_8ns_8s_20s_20_4_1_48 |         15 |         15 |       0 |    0 |     0 |      0 |      0 |          1 |
|             mxm_execute_ursa_mac_muladd_8ns_8s_20s_20_4_1_DSP48_0_U               |   ursa_vanilla_bram_mxm_execute_ursa_0_0_mxm_execute_ursa_mac_muladd_8ns_8s_20s_20_4_1_DSP48_0_522 |         15 |         15 |       0 |    0 |     0 |      0 |      0 |          1 |
|           mac_muladd_8ns_8s_20s_20_4_1_U133                                       |            ursa_vanilla_bram_mxm_execute_ursa_0_0_mxm_execute_ursa_mac_muladd_8ns_8s_20s_20_4_1_49 |         10 |         10 |       0 |    0 |     0 |      0 |      0 |          1 |
|             mxm_execute_ursa_mac_muladd_8ns_8s_20s_20_4_1_DSP48_0_U               |   ursa_vanilla_bram_mxm_execute_ursa_0_0_mxm_execute_ursa_mac_muladd_8ns_8s_20s_20_4_1_DSP48_0_521 |         10 |         10 |       0 |    0 |     0 |      0 |      0 |          1 |
|           mac_muladd_8ns_8s_20s_20_4_1_U134                                       |            ursa_vanilla_bram_mxm_execute_ursa_0_0_mxm_execute_ursa_mac_muladd_8ns_8s_20s_20_4_1_50 |         16 |         16 |       0 |    0 |     0 |      0 |      0 |          1 |
|             mxm_execute_ursa_mac_muladd_8ns_8s_20s_20_4_1_DSP48_0_U               |   ursa_vanilla_bram_mxm_execute_ursa_0_0_mxm_execute_ursa_mac_muladd_8ns_8s_20s_20_4_1_DSP48_0_520 |         16 |         16 |       0 |    0 |     0 |      0 |      0 |          1 |
|           mac_muladd_8ns_8s_20s_20_4_1_U135                                       |            ursa_vanilla_bram_mxm_execute_ursa_0_0_mxm_execute_ursa_mac_muladd_8ns_8s_20s_20_4_1_51 |         17 |         17 |       0 |    0 |     0 |      0 |      0 |          1 |
|             mxm_execute_ursa_mac_muladd_8ns_8s_20s_20_4_1_DSP48_0_U               |   ursa_vanilla_bram_mxm_execute_ursa_0_0_mxm_execute_ursa_mac_muladd_8ns_8s_20s_20_4_1_DSP48_0_519 |         17 |         17 |       0 |    0 |     0 |      0 |      0 |          1 |
|           mac_muladd_8ns_8s_20s_20_4_1_U136                                       |            ursa_vanilla_bram_mxm_execute_ursa_0_0_mxm_execute_ursa_mac_muladd_8ns_8s_20s_20_4_1_52 |         18 |         18 |       0 |    0 |     0 |      0 |      0 |          1 |
|             mxm_execute_ursa_mac_muladd_8ns_8s_20s_20_4_1_DSP48_0_U               |   ursa_vanilla_bram_mxm_execute_ursa_0_0_mxm_execute_ursa_mac_muladd_8ns_8s_20s_20_4_1_DSP48_0_518 |         18 |         18 |       0 |    0 |     0 |      0 |      0 |          1 |
|           mac_muladd_8ns_8s_20s_20_4_1_U137                                       |            ursa_vanilla_bram_mxm_execute_ursa_0_0_mxm_execute_ursa_mac_muladd_8ns_8s_20s_20_4_1_53 |         15 |         15 |       0 |    0 |     0 |      0 |      0 |          1 |
|             mxm_execute_ursa_mac_muladd_8ns_8s_20s_20_4_1_DSP48_0_U               |   ursa_vanilla_bram_mxm_execute_ursa_0_0_mxm_execute_ursa_mac_muladd_8ns_8s_20s_20_4_1_DSP48_0_517 |         15 |         15 |       0 |    0 |     0 |      0 |      0 |          1 |
|           mac_muladd_8ns_8s_20s_20_4_1_U148                                       |            ursa_vanilla_bram_mxm_execute_ursa_0_0_mxm_execute_ursa_mac_muladd_8ns_8s_20s_20_4_1_54 |         20 |         20 |       0 |    0 |     0 |      0 |      0 |          1 |
|             mxm_execute_ursa_mac_muladd_8ns_8s_20s_20_4_1_DSP48_0_U               |   ursa_vanilla_bram_mxm_execute_ursa_0_0_mxm_execute_ursa_mac_muladd_8ns_8s_20s_20_4_1_DSP48_0_516 |         20 |         20 |       0 |    0 |     0 |      0 |      0 |          1 |
|           mac_muladd_8ns_8s_20s_20_4_1_U149                                       |            ursa_vanilla_bram_mxm_execute_ursa_0_0_mxm_execute_ursa_mac_muladd_8ns_8s_20s_20_4_1_55 |         14 |         14 |       0 |    0 |     0 |      0 |      0 |          1 |
|             mxm_execute_ursa_mac_muladd_8ns_8s_20s_20_4_1_DSP48_0_U               |   ursa_vanilla_bram_mxm_execute_ursa_0_0_mxm_execute_ursa_mac_muladd_8ns_8s_20s_20_4_1_DSP48_0_515 |         14 |         14 |       0 |    0 |     0 |      0 |      0 |          1 |
|           mac_muladd_8ns_8s_20s_20_4_1_U150                                       |            ursa_vanilla_bram_mxm_execute_ursa_0_0_mxm_execute_ursa_mac_muladd_8ns_8s_20s_20_4_1_56 |         17 |         17 |       0 |    0 |     0 |      0 |      0 |          1 |
|             mxm_execute_ursa_mac_muladd_8ns_8s_20s_20_4_1_DSP48_0_U               |   ursa_vanilla_bram_mxm_execute_ursa_0_0_mxm_execute_ursa_mac_muladd_8ns_8s_20s_20_4_1_DSP48_0_514 |         17 |         17 |       0 |    0 |     0 |      0 |      0 |          1 |
|           mac_muladd_8ns_8s_20s_20_4_1_U151                                       |            ursa_vanilla_bram_mxm_execute_ursa_0_0_mxm_execute_ursa_mac_muladd_8ns_8s_20s_20_4_1_57 |         15 |         15 |       0 |    0 |     0 |      0 |      0 |          1 |
|             mxm_execute_ursa_mac_muladd_8ns_8s_20s_20_4_1_DSP48_0_U               |   ursa_vanilla_bram_mxm_execute_ursa_0_0_mxm_execute_ursa_mac_muladd_8ns_8s_20s_20_4_1_DSP48_0_513 |         15 |         15 |       0 |    0 |     0 |      0 |      0 |          1 |
|           mac_muladd_8ns_8s_20s_20_4_1_U152                                       |            ursa_vanilla_bram_mxm_execute_ursa_0_0_mxm_execute_ursa_mac_muladd_8ns_8s_20s_20_4_1_58 |         18 |         18 |       0 |    0 |     0 |      0 |      0 |          1 |
|             mxm_execute_ursa_mac_muladd_8ns_8s_20s_20_4_1_DSP48_0_U               |   ursa_vanilla_bram_mxm_execute_ursa_0_0_mxm_execute_ursa_mac_muladd_8ns_8s_20s_20_4_1_DSP48_0_512 |         18 |         18 |       0 |    0 |     0 |      0 |      0 |          1 |
|           mac_muladd_8ns_8s_20s_20_4_1_U153                                       |            ursa_vanilla_bram_mxm_execute_ursa_0_0_mxm_execute_ursa_mac_muladd_8ns_8s_20s_20_4_1_59 |         18 |         18 |       0 |    0 |     0 |      0 |      0 |          1 |
|             mxm_execute_ursa_mac_muladd_8ns_8s_20s_20_4_1_DSP48_0_U               |   ursa_vanilla_bram_mxm_execute_ursa_0_0_mxm_execute_ursa_mac_muladd_8ns_8s_20s_20_4_1_DSP48_0_511 |         18 |         18 |       0 |    0 |     0 |      0 |      0 |          1 |
|           mac_muladd_8ns_8s_20s_20_4_1_U165                                       |            ursa_vanilla_bram_mxm_execute_ursa_0_0_mxm_execute_ursa_mac_muladd_8ns_8s_20s_20_4_1_60 |         23 |         23 |       0 |    0 |     0 |      0 |      0 |          1 |
|             mxm_execute_ursa_mac_muladd_8ns_8s_20s_20_4_1_DSP48_0_U               |   ursa_vanilla_bram_mxm_execute_ursa_0_0_mxm_execute_ursa_mac_muladd_8ns_8s_20s_20_4_1_DSP48_0_510 |         23 |         23 |       0 |    0 |     0 |      0 |      0 |          1 |
|           mac_muladd_8ns_8s_20s_20_4_1_U166                                       |            ursa_vanilla_bram_mxm_execute_ursa_0_0_mxm_execute_ursa_mac_muladd_8ns_8s_20s_20_4_1_61 |         13 |         13 |       0 |    0 |     0 |      0 |      0 |          1 |
|             mxm_execute_ursa_mac_muladd_8ns_8s_20s_20_4_1_DSP48_0_U               |   ursa_vanilla_bram_mxm_execute_ursa_0_0_mxm_execute_ursa_mac_muladd_8ns_8s_20s_20_4_1_DSP48_0_509 |         13 |         13 |       0 |    0 |     0 |      0 |      0 |          1 |
|           mac_muladd_8ns_8s_20s_20_4_1_U167                                       |            ursa_vanilla_bram_mxm_execute_ursa_0_0_mxm_execute_ursa_mac_muladd_8ns_8s_20s_20_4_1_62 |         15 |         15 |       0 |    0 |     0 |      0 |      0 |          1 |
|             mxm_execute_ursa_mac_muladd_8ns_8s_20s_20_4_1_DSP48_0_U               |   ursa_vanilla_bram_mxm_execute_ursa_0_0_mxm_execute_ursa_mac_muladd_8ns_8s_20s_20_4_1_DSP48_0_508 |         15 |         15 |       0 |    0 |     0 |      0 |      0 |          1 |
|           mac_muladd_8ns_8s_20s_20_4_1_U168                                       |            ursa_vanilla_bram_mxm_execute_ursa_0_0_mxm_execute_ursa_mac_muladd_8ns_8s_20s_20_4_1_63 |         14 |         14 |       0 |    0 |     0 |      0 |      0 |          1 |
|             mxm_execute_ursa_mac_muladd_8ns_8s_20s_20_4_1_DSP48_0_U               |   ursa_vanilla_bram_mxm_execute_ursa_0_0_mxm_execute_ursa_mac_muladd_8ns_8s_20s_20_4_1_DSP48_0_507 |         14 |         14 |       0 |    0 |     0 |      0 |      0 |          1 |
|           mac_muladd_8ns_8s_20s_20_4_1_U169                                       |            ursa_vanilla_bram_mxm_execute_ursa_0_0_mxm_execute_ursa_mac_muladd_8ns_8s_20s_20_4_1_64 |         17 |         17 |       0 |    0 |     0 |      0 |      0 |          1 |
|             mxm_execute_ursa_mac_muladd_8ns_8s_20s_20_4_1_DSP48_0_U               |   ursa_vanilla_bram_mxm_execute_ursa_0_0_mxm_execute_ursa_mac_muladd_8ns_8s_20s_20_4_1_DSP48_0_506 |         17 |         17 |       0 |    0 |     0 |      0 |      0 |          1 |
|           mac_muladd_8ns_8s_20s_20_4_1_U183                                       |            ursa_vanilla_bram_mxm_execute_ursa_0_0_mxm_execute_ursa_mac_muladd_8ns_8s_20s_20_4_1_65 |         19 |         19 |       0 |    0 |     0 |      0 |      0 |          1 |
|             mxm_execute_ursa_mac_muladd_8ns_8s_20s_20_4_1_DSP48_0_U               |   ursa_vanilla_bram_mxm_execute_ursa_0_0_mxm_execute_ursa_mac_muladd_8ns_8s_20s_20_4_1_DSP48_0_505 |         19 |         19 |       0 |    0 |     0 |      0 |      0 |          1 |
|           mac_muladd_8ns_8s_20s_20_4_1_U184                                       |            ursa_vanilla_bram_mxm_execute_ursa_0_0_mxm_execute_ursa_mac_muladd_8ns_8s_20s_20_4_1_66 |         12 |         12 |       0 |    0 |     0 |      0 |      0 |          1 |
|             mxm_execute_ursa_mac_muladd_8ns_8s_20s_20_4_1_DSP48_0_U               |   ursa_vanilla_bram_mxm_execute_ursa_0_0_mxm_execute_ursa_mac_muladd_8ns_8s_20s_20_4_1_DSP48_0_504 |         12 |         12 |       0 |    0 |     0 |      0 |      0 |          1 |
|           mac_muladd_8ns_8s_20s_20_4_1_U185                                       |            ursa_vanilla_bram_mxm_execute_ursa_0_0_mxm_execute_ursa_mac_muladd_8ns_8s_20s_20_4_1_67 |         12 |         12 |       0 |    0 |     0 |      0 |      0 |          1 |
|             mxm_execute_ursa_mac_muladd_8ns_8s_20s_20_4_1_DSP48_0_U               |   ursa_vanilla_bram_mxm_execute_ursa_0_0_mxm_execute_ursa_mac_muladd_8ns_8s_20s_20_4_1_DSP48_0_503 |         12 |         12 |       0 |    0 |     0 |      0 |      0 |          1 |
|           mac_muladd_8ns_8s_20s_20_4_1_U200                                       |            ursa_vanilla_bram_mxm_execute_ursa_0_0_mxm_execute_ursa_mac_muladd_8ns_8s_20s_20_4_1_68 |         16 |         16 |       0 |    0 |     0 |      0 |      0 |          1 |
|             mxm_execute_ursa_mac_muladd_8ns_8s_20s_20_4_1_DSP48_0_U               |   ursa_vanilla_bram_mxm_execute_ursa_0_0_mxm_execute_ursa_mac_muladd_8ns_8s_20s_20_4_1_DSP48_0_502 |         16 |         16 |       0 |    0 |     0 |      0 |      0 |          1 |
|           mac_muladd_8ns_8s_20s_20_4_1_U201                                       |            ursa_vanilla_bram_mxm_execute_ursa_0_0_mxm_execute_ursa_mac_muladd_8ns_8s_20s_20_4_1_69 |         11 |         11 |       0 |    0 |     0 |      0 |      0 |          1 |
|             mxm_execute_ursa_mac_muladd_8ns_8s_20s_20_4_1_DSP48_0_U               |   ursa_vanilla_bram_mxm_execute_ursa_0_0_mxm_execute_ursa_mac_muladd_8ns_8s_20s_20_4_1_DSP48_0_501 |         11 |         11 |       0 |    0 |     0 |      0 |      0 |          1 |
|           mac_muladd_8ns_8s_20s_20_4_1_U42                                        |            ursa_vanilla_bram_mxm_execute_ursa_0_0_mxm_execute_ursa_mac_muladd_8ns_8s_20s_20_4_1_70 |         21 |         21 |       0 |    0 |     0 |      0 |      0 |          1 |
|             mxm_execute_ursa_mac_muladd_8ns_8s_20s_20_4_1_DSP48_0_U               |   ursa_vanilla_bram_mxm_execute_ursa_0_0_mxm_execute_ursa_mac_muladd_8ns_8s_20s_20_4_1_DSP48_0_500 |         21 |         21 |       0 |    0 |     0 |      0 |      0 |          1 |
|           mac_muladd_8ns_8s_20s_20_4_1_U58                                        |            ursa_vanilla_bram_mxm_execute_ursa_0_0_mxm_execute_ursa_mac_muladd_8ns_8s_20s_20_4_1_71 |         18 |         18 |       0 |    0 |     0 |      0 |      0 |          1 |
|             mxm_execute_ursa_mac_muladd_8ns_8s_20s_20_4_1_DSP48_0_U               |   ursa_vanilla_bram_mxm_execute_ursa_0_0_mxm_execute_ursa_mac_muladd_8ns_8s_20s_20_4_1_DSP48_0_499 |         18 |         18 |       0 |    0 |     0 |      0 |      0 |          1 |
|           mac_muladd_8ns_8s_20s_20_4_1_U59                                        |            ursa_vanilla_bram_mxm_execute_ursa_0_0_mxm_execute_ursa_mac_muladd_8ns_8s_20s_20_4_1_72 |         22 |         22 |       0 |    0 |     0 |      0 |      0 |          1 |
|             mxm_execute_ursa_mac_muladd_8ns_8s_20s_20_4_1_DSP48_0_U               |   ursa_vanilla_bram_mxm_execute_ursa_0_0_mxm_execute_ursa_mac_muladd_8ns_8s_20s_20_4_1_DSP48_0_498 |         22 |         22 |       0 |    0 |     0 |      0 |      0 |          1 |
|           mac_muladd_8ns_8s_20s_20_4_1_U60                                        |            ursa_vanilla_bram_mxm_execute_ursa_0_0_mxm_execute_ursa_mac_muladd_8ns_8s_20s_20_4_1_73 |         19 |         19 |       0 |    0 |     0 |      0 |      0 |          1 |
|             mxm_execute_ursa_mac_muladd_8ns_8s_20s_20_4_1_DSP48_0_U               |   ursa_vanilla_bram_mxm_execute_ursa_0_0_mxm_execute_ursa_mac_muladd_8ns_8s_20s_20_4_1_DSP48_0_497 |         19 |         19 |       0 |    0 |     0 |      0 |      0 |          1 |
|           mac_muladd_8ns_8s_20s_20_4_1_U61                                        |            ursa_vanilla_bram_mxm_execute_ursa_0_0_mxm_execute_ursa_mac_muladd_8ns_8s_20s_20_4_1_74 |         17 |         17 |       0 |    0 |     0 |      0 |      0 |          1 |
|             mxm_execute_ursa_mac_muladd_8ns_8s_20s_20_4_1_DSP48_0_U               |   ursa_vanilla_bram_mxm_execute_ursa_0_0_mxm_execute_ursa_mac_muladd_8ns_8s_20s_20_4_1_DSP48_0_496 |         17 |         17 |       0 |    0 |     0 |      0 |      0 |          1 |
|           mac_muladd_8ns_8s_20s_20_4_1_U62                                        |            ursa_vanilla_bram_mxm_execute_ursa_0_0_mxm_execute_ursa_mac_muladd_8ns_8s_20s_20_4_1_75 |         20 |         20 |       0 |    0 |     0 |      0 |      0 |          1 |
|             mxm_execute_ursa_mac_muladd_8ns_8s_20s_20_4_1_DSP48_0_U               |   ursa_vanilla_bram_mxm_execute_ursa_0_0_mxm_execute_ursa_mac_muladd_8ns_8s_20s_20_4_1_DSP48_0_495 |         20 |         20 |       0 |    0 |     0 |      0 |      0 |          1 |
|           mac_muladd_8ns_8s_20s_20_4_1_U63                                        |            ursa_vanilla_bram_mxm_execute_ursa_0_0_mxm_execute_ursa_mac_muladd_8ns_8s_20s_20_4_1_76 |         17 |         17 |       0 |    0 |     0 |      0 |      0 |          1 |
|             mxm_execute_ursa_mac_muladd_8ns_8s_20s_20_4_1_DSP48_0_U               |   ursa_vanilla_bram_mxm_execute_ursa_0_0_mxm_execute_ursa_mac_muladd_8ns_8s_20s_20_4_1_DSP48_0_494 |         17 |         17 |       0 |    0 |     0 |      0 |      0 |          1 |
|           mac_muladd_8ns_8s_20s_20_4_1_U64                                        |            ursa_vanilla_bram_mxm_execute_ursa_0_0_mxm_execute_ursa_mac_muladd_8ns_8s_20s_20_4_1_77 |         16 |         16 |       0 |    0 |     0 |      0 |      0 |          1 |
|             mxm_execute_ursa_mac_muladd_8ns_8s_20s_20_4_1_DSP48_0_U               |   ursa_vanilla_bram_mxm_execute_ursa_0_0_mxm_execute_ursa_mac_muladd_8ns_8s_20s_20_4_1_DSP48_0_493 |         16 |         16 |       0 |    0 |     0 |      0 |      0 |          1 |
|           mac_muladd_8ns_8s_20s_20_4_1_U65                                        |            ursa_vanilla_bram_mxm_execute_ursa_0_0_mxm_execute_ursa_mac_muladd_8ns_8s_20s_20_4_1_78 |         19 |         19 |       0 |    0 |     0 |      0 |      0 |          1 |
|             mxm_execute_ursa_mac_muladd_8ns_8s_20s_20_4_1_DSP48_0_U               |   ursa_vanilla_bram_mxm_execute_ursa_0_0_mxm_execute_ursa_mac_muladd_8ns_8s_20s_20_4_1_DSP48_0_492 |         19 |         19 |       0 |    0 |     0 |      0 |      0 |          1 |
|           mac_muladd_8ns_8s_20s_20_4_1_U66                                        |            ursa_vanilla_bram_mxm_execute_ursa_0_0_mxm_execute_ursa_mac_muladd_8ns_8s_20s_20_4_1_79 |         15 |         15 |       0 |    0 |     0 |      0 |      0 |          1 |
|             mxm_execute_ursa_mac_muladd_8ns_8s_20s_20_4_1_DSP48_0_U               |   ursa_vanilla_bram_mxm_execute_ursa_0_0_mxm_execute_ursa_mac_muladd_8ns_8s_20s_20_4_1_DSP48_0_491 |         15 |         15 |       0 |    0 |     0 |      0 |      0 |          1 |
|           mac_muladd_8ns_8s_20s_20_4_1_U67                                        |            ursa_vanilla_bram_mxm_execute_ursa_0_0_mxm_execute_ursa_mac_muladd_8ns_8s_20s_20_4_1_80 |         22 |         22 |       0 |    0 |     0 |      0 |      0 |          1 |
|             mxm_execute_ursa_mac_muladd_8ns_8s_20s_20_4_1_DSP48_0_U               |   ursa_vanilla_bram_mxm_execute_ursa_0_0_mxm_execute_ursa_mac_muladd_8ns_8s_20s_20_4_1_DSP48_0_490 |         22 |         22 |       0 |    0 |     0 |      0 |      0 |          1 |
|           mac_muladd_8ns_8s_20s_20_4_1_U68                                        |            ursa_vanilla_bram_mxm_execute_ursa_0_0_mxm_execute_ursa_mac_muladd_8ns_8s_20s_20_4_1_81 |         22 |         22 |       0 |    0 |     0 |      0 |      0 |          1 |
|             mxm_execute_ursa_mac_muladd_8ns_8s_20s_20_4_1_DSP48_0_U               |   ursa_vanilla_bram_mxm_execute_ursa_0_0_mxm_execute_ursa_mac_muladd_8ns_8s_20s_20_4_1_DSP48_0_489 |         22 |         22 |       0 |    0 |     0 |      0 |      0 |          1 |
|           mac_muladd_8ns_8s_20s_20_4_1_U69                                        |            ursa_vanilla_bram_mxm_execute_ursa_0_0_mxm_execute_ursa_mac_muladd_8ns_8s_20s_20_4_1_82 |         17 |         17 |       0 |    0 |     0 |      0 |      0 |          1 |
|             mxm_execute_ursa_mac_muladd_8ns_8s_20s_20_4_1_DSP48_0_U               |   ursa_vanilla_bram_mxm_execute_ursa_0_0_mxm_execute_ursa_mac_muladd_8ns_8s_20s_20_4_1_DSP48_0_488 |         17 |         17 |       0 |    0 |     0 |      0 |      0 |          1 |
|           mac_muladd_8ns_8s_20s_20_4_1_U70                                        |            ursa_vanilla_bram_mxm_execute_ursa_0_0_mxm_execute_ursa_mac_muladd_8ns_8s_20s_20_4_1_83 |         21 |         21 |       0 |    0 |     0 |      0 |      0 |          1 |
|             mxm_execute_ursa_mac_muladd_8ns_8s_20s_20_4_1_DSP48_0_U               |   ursa_vanilla_bram_mxm_execute_ursa_0_0_mxm_execute_ursa_mac_muladd_8ns_8s_20s_20_4_1_DSP48_0_487 |         21 |         21 |       0 |    0 |     0 |      0 |      0 |          1 |
|           mac_muladd_8ns_8s_20s_20_4_1_U71                                        |            ursa_vanilla_bram_mxm_execute_ursa_0_0_mxm_execute_ursa_mac_muladd_8ns_8s_20s_20_4_1_84 |         23 |         23 |       0 |    0 |     0 |      0 |      0 |          1 |
|             mxm_execute_ursa_mac_muladd_8ns_8s_20s_20_4_1_DSP48_0_U               |   ursa_vanilla_bram_mxm_execute_ursa_0_0_mxm_execute_ursa_mac_muladd_8ns_8s_20s_20_4_1_DSP48_0_486 |         23 |         23 |       0 |    0 |     0 |      0 |      0 |          1 |
|           mac_muladd_8ns_8s_20s_20_4_1_U72                                        |            ursa_vanilla_bram_mxm_execute_ursa_0_0_mxm_execute_ursa_mac_muladd_8ns_8s_20s_20_4_1_85 |         21 |         21 |       0 |    0 |     0 |      0 |      0 |          1 |
|             mxm_execute_ursa_mac_muladd_8ns_8s_20s_20_4_1_DSP48_0_U               |   ursa_vanilla_bram_mxm_execute_ursa_0_0_mxm_execute_ursa_mac_muladd_8ns_8s_20s_20_4_1_DSP48_0_485 |         21 |         21 |       0 |    0 |     0 |      0 |      0 |          1 |
|           mac_muladd_8ns_8s_20s_20_4_1_U73                                        |            ursa_vanilla_bram_mxm_execute_ursa_0_0_mxm_execute_ursa_mac_muladd_8ns_8s_20s_20_4_1_86 |         20 |         20 |       0 |    0 |     0 |      0 |      0 |          1 |
|             mxm_execute_ursa_mac_muladd_8ns_8s_20s_20_4_1_DSP48_0_U               |   ursa_vanilla_bram_mxm_execute_ursa_0_0_mxm_execute_ursa_mac_muladd_8ns_8s_20s_20_4_1_DSP48_0_484 |         20 |         20 |       0 |    0 |     0 |      0 |      0 |          1 |
|           mac_muladd_8ns_8s_20s_20_4_1_U74                                        |            ursa_vanilla_bram_mxm_execute_ursa_0_0_mxm_execute_ursa_mac_muladd_8ns_8s_20s_20_4_1_87 |         19 |         19 |       0 |    0 |     0 |      0 |      0 |          1 |
|             mxm_execute_ursa_mac_muladd_8ns_8s_20s_20_4_1_DSP48_0_U               |   ursa_vanilla_bram_mxm_execute_ursa_0_0_mxm_execute_ursa_mac_muladd_8ns_8s_20s_20_4_1_DSP48_0_483 |         19 |         19 |       0 |    0 |     0 |      0 |      0 |          1 |
|           mac_muladd_8ns_8s_20s_20_4_1_U75                                        |            ursa_vanilla_bram_mxm_execute_ursa_0_0_mxm_execute_ursa_mac_muladd_8ns_8s_20s_20_4_1_88 |         19 |         19 |       0 |    0 |     0 |      0 |      0 |          1 |
|             mxm_execute_ursa_mac_muladd_8ns_8s_20s_20_4_1_DSP48_0_U               |   ursa_vanilla_bram_mxm_execute_ursa_0_0_mxm_execute_ursa_mac_muladd_8ns_8s_20s_20_4_1_DSP48_0_482 |         19 |         19 |       0 |    0 |     0 |      0 |      0 |          1 |
|           mac_muladd_8ns_8s_20s_20_4_1_U76                                        |            ursa_vanilla_bram_mxm_execute_ursa_0_0_mxm_execute_ursa_mac_muladd_8ns_8s_20s_20_4_1_89 |         18 |         18 |       0 |    0 |     0 |      0 |      0 |          1 |
|             mxm_execute_ursa_mac_muladd_8ns_8s_20s_20_4_1_DSP48_0_U               |   ursa_vanilla_bram_mxm_execute_ursa_0_0_mxm_execute_ursa_mac_muladd_8ns_8s_20s_20_4_1_DSP48_0_481 |         18 |         18 |       0 |    0 |     0 |      0 |      0 |          1 |
|           mac_muladd_8ns_8s_20s_20_4_1_U77                                        |            ursa_vanilla_bram_mxm_execute_ursa_0_0_mxm_execute_ursa_mac_muladd_8ns_8s_20s_20_4_1_90 |         18 |         18 |       0 |    0 |     0 |      0 |      0 |          1 |
|             mxm_execute_ursa_mac_muladd_8ns_8s_20s_20_4_1_DSP48_0_U               |   ursa_vanilla_bram_mxm_execute_ursa_0_0_mxm_execute_ursa_mac_muladd_8ns_8s_20s_20_4_1_DSP48_0_480 |         18 |         18 |       0 |    0 |     0 |      0 |      0 |          1 |
|           mac_muladd_8ns_8s_20s_20_4_1_U78                                        |            ursa_vanilla_bram_mxm_execute_ursa_0_0_mxm_execute_ursa_mac_muladd_8ns_8s_20s_20_4_1_91 |         20 |         20 |       0 |    0 |     0 |      0 |      0 |          1 |
|             mxm_execute_ursa_mac_muladd_8ns_8s_20s_20_4_1_DSP48_0_U               |   ursa_vanilla_bram_mxm_execute_ursa_0_0_mxm_execute_ursa_mac_muladd_8ns_8s_20s_20_4_1_DSP48_0_479 |         20 |         20 |       0 |    0 |     0 |      0 |      0 |          1 |
|           mac_muladd_8ns_8s_20s_20_4_1_U79                                        |            ursa_vanilla_bram_mxm_execute_ursa_0_0_mxm_execute_ursa_mac_muladd_8ns_8s_20s_20_4_1_92 |         17 |         17 |       0 |    0 |     0 |      0 |      0 |          1 |
|             mxm_execute_ursa_mac_muladd_8ns_8s_20s_20_4_1_DSP48_0_U               |   ursa_vanilla_bram_mxm_execute_ursa_0_0_mxm_execute_ursa_mac_muladd_8ns_8s_20s_20_4_1_DSP48_0_478 |         17 |         17 |       0 |    0 |     0 |      0 |      0 |          1 |
|           mac_muladd_8ns_8s_20s_20_4_1_U80                                        |            ursa_vanilla_bram_mxm_execute_ursa_0_0_mxm_execute_ursa_mac_muladd_8ns_8s_20s_20_4_1_93 |         18 |         18 |       0 |    0 |     0 |      0 |      0 |          1 |
|             mxm_execute_ursa_mac_muladd_8ns_8s_20s_20_4_1_DSP48_0_U               |   ursa_vanilla_bram_mxm_execute_ursa_0_0_mxm_execute_ursa_mac_muladd_8ns_8s_20s_20_4_1_DSP48_0_477 |         18 |         18 |       0 |    0 |     0 |      0 |      0 |          1 |
|           mac_muladd_8ns_8s_20s_20_4_1_U81                                        |            ursa_vanilla_bram_mxm_execute_ursa_0_0_mxm_execute_ursa_mac_muladd_8ns_8s_20s_20_4_1_94 |         18 |         18 |       0 |    0 |     0 |      0 |      0 |          1 |
|             mxm_execute_ursa_mac_muladd_8ns_8s_20s_20_4_1_DSP48_0_U               |   ursa_vanilla_bram_mxm_execute_ursa_0_0_mxm_execute_ursa_mac_muladd_8ns_8s_20s_20_4_1_DSP48_0_476 |         18 |         18 |       0 |    0 |     0 |      0 |      0 |          1 |
|           mac_muladd_8ns_8s_20s_20_4_1_U82                                        |            ursa_vanilla_bram_mxm_execute_ursa_0_0_mxm_execute_ursa_mac_muladd_8ns_8s_20s_20_4_1_95 |         17 |         17 |       0 |    0 |     0 |      0 |      0 |          1 |
|             mxm_execute_ursa_mac_muladd_8ns_8s_20s_20_4_1_DSP48_0_U               |   ursa_vanilla_bram_mxm_execute_ursa_0_0_mxm_execute_ursa_mac_muladd_8ns_8s_20s_20_4_1_DSP48_0_475 |         17 |         17 |       0 |    0 |     0 |      0 |      0 |          1 |
|           mac_muladd_8ns_8s_20s_20_4_1_U83                                        |            ursa_vanilla_bram_mxm_execute_ursa_0_0_mxm_execute_ursa_mac_muladd_8ns_8s_20s_20_4_1_96 |         13 |         13 |       0 |    0 |     0 |      0 |      0 |          1 |
|             mxm_execute_ursa_mac_muladd_8ns_8s_20s_20_4_1_DSP48_0_U               |   ursa_vanilla_bram_mxm_execute_ursa_0_0_mxm_execute_ursa_mac_muladd_8ns_8s_20s_20_4_1_DSP48_0_474 |         13 |         13 |       0 |    0 |     0 |      0 |      0 |          1 |
|           mac_muladd_8ns_8s_20s_20_4_1_U84                                        |            ursa_vanilla_bram_mxm_execute_ursa_0_0_mxm_execute_ursa_mac_muladd_8ns_8s_20s_20_4_1_97 |         16 |         16 |       0 |    0 |     0 |      0 |      0 |          1 |
|             mxm_execute_ursa_mac_muladd_8ns_8s_20s_20_4_1_DSP48_0_U               |   ursa_vanilla_bram_mxm_execute_ursa_0_0_mxm_execute_ursa_mac_muladd_8ns_8s_20s_20_4_1_DSP48_0_473 |         16 |         16 |       0 |    0 |     0 |      0 |      0 |          1 |
|           mac_muladd_8ns_8s_20s_20_4_1_U85                                        |            ursa_vanilla_bram_mxm_execute_ursa_0_0_mxm_execute_ursa_mac_muladd_8ns_8s_20s_20_4_1_98 |         17 |         17 |       0 |    0 |     0 |      0 |      0 |          1 |
|             mxm_execute_ursa_mac_muladd_8ns_8s_20s_20_4_1_DSP48_0_U               |   ursa_vanilla_bram_mxm_execute_ursa_0_0_mxm_execute_ursa_mac_muladd_8ns_8s_20s_20_4_1_DSP48_0_472 |         17 |         17 |       0 |    0 |     0 |      0 |      0 |          1 |
|           mac_muladd_8ns_8s_20s_20_4_1_U86                                        |            ursa_vanilla_bram_mxm_execute_ursa_0_0_mxm_execute_ursa_mac_muladd_8ns_8s_20s_20_4_1_99 |         17 |         17 |       0 |    0 |     0 |      0 |      0 |          1 |
|             mxm_execute_ursa_mac_muladd_8ns_8s_20s_20_4_1_DSP48_0_U               |   ursa_vanilla_bram_mxm_execute_ursa_0_0_mxm_execute_ursa_mac_muladd_8ns_8s_20s_20_4_1_DSP48_0_471 |         17 |         17 |       0 |    0 |     0 |      0 |      0 |          1 |
|           mac_muladd_8ns_8s_20s_20_4_1_U87                                        |           ursa_vanilla_bram_mxm_execute_ursa_0_0_mxm_execute_ursa_mac_muladd_8ns_8s_20s_20_4_1_100 |         17 |         17 |       0 |    0 |     0 |      0 |      0 |          1 |
|             mxm_execute_ursa_mac_muladd_8ns_8s_20s_20_4_1_DSP48_0_U               |   ursa_vanilla_bram_mxm_execute_ursa_0_0_mxm_execute_ursa_mac_muladd_8ns_8s_20s_20_4_1_DSP48_0_470 |         17 |         17 |       0 |    0 |     0 |      0 |      0 |          1 |
|           mac_muladd_8ns_8s_20s_20_4_1_U88                                        |           ursa_vanilla_bram_mxm_execute_ursa_0_0_mxm_execute_ursa_mac_muladd_8ns_8s_20s_20_4_1_101 |         18 |         18 |       0 |    0 |     0 |      0 |      0 |          1 |
|             mxm_execute_ursa_mac_muladd_8ns_8s_20s_20_4_1_DSP48_0_U               |   ursa_vanilla_bram_mxm_execute_ursa_0_0_mxm_execute_ursa_mac_muladd_8ns_8s_20s_20_4_1_DSP48_0_469 |         18 |         18 |       0 |    0 |     0 |      0 |      0 |          1 |
|           mac_muladd_8ns_8s_20s_20_4_1_U89                                        |           ursa_vanilla_bram_mxm_execute_ursa_0_0_mxm_execute_ursa_mac_muladd_8ns_8s_20s_20_4_1_102 |         17 |         17 |       0 |    0 |     0 |      0 |      0 |          1 |
|             mxm_execute_ursa_mac_muladd_8ns_8s_20s_20_4_1_DSP48_0_U               |   ursa_vanilla_bram_mxm_execute_ursa_0_0_mxm_execute_ursa_mac_muladd_8ns_8s_20s_20_4_1_DSP48_0_468 |         17 |         17 |       0 |    0 |     0 |      0 |      0 |          1 |
|           mac_muladd_8ns_8s_20s_20_4_1_U95                                        |           ursa_vanilla_bram_mxm_execute_ursa_0_0_mxm_execute_ursa_mac_muladd_8ns_8s_20s_20_4_1_103 |         18 |         18 |       0 |    0 |     0 |      0 |      0 |          1 |
|             mxm_execute_ursa_mac_muladd_8ns_8s_20s_20_4_1_DSP48_0_U               |   ursa_vanilla_bram_mxm_execute_ursa_0_0_mxm_execute_ursa_mac_muladd_8ns_8s_20s_20_4_1_DSP48_0_467 |         18 |         18 |       0 |    0 |     0 |      0 |      0 |          1 |
|           mac_muladd_8ns_8s_20s_20_4_1_U96                                        |           ursa_vanilla_bram_mxm_execute_ursa_0_0_mxm_execute_ursa_mac_muladd_8ns_8s_20s_20_4_1_104 |         17 |         17 |       0 |    0 |     0 |      0 |      0 |          1 |
|             mxm_execute_ursa_mac_muladd_8ns_8s_20s_20_4_1_DSP48_0_U               |   ursa_vanilla_bram_mxm_execute_ursa_0_0_mxm_execute_ursa_mac_muladd_8ns_8s_20s_20_4_1_DSP48_0_466 |         17 |         17 |       0 |    0 |     0 |      0 |      0 |          1 |
|           mac_muladd_8ns_8s_20s_20_4_1_U97                                        |           ursa_vanilla_bram_mxm_execute_ursa_0_0_mxm_execute_ursa_mac_muladd_8ns_8s_20s_20_4_1_105 |         16 |         16 |       0 |    0 |     0 |      0 |      0 |          1 |
|             mxm_execute_ursa_mac_muladd_8ns_8s_20s_20_4_1_DSP48_0_U               |   ursa_vanilla_bram_mxm_execute_ursa_0_0_mxm_execute_ursa_mac_muladd_8ns_8s_20s_20_4_1_DSP48_0_465 |         16 |         16 |       0 |    0 |     0 |      0 |      0 |          1 |
|           mac_muladd_8ns_8s_20s_20_4_1_U98                                        |           ursa_vanilla_bram_mxm_execute_ursa_0_0_mxm_execute_ursa_mac_muladd_8ns_8s_20s_20_4_1_106 |         15 |         15 |       0 |    0 |     0 |      0 |      0 |          1 |
|             mxm_execute_ursa_mac_muladd_8ns_8s_20s_20_4_1_DSP48_0_U               |   ursa_vanilla_bram_mxm_execute_ursa_0_0_mxm_execute_ursa_mac_muladd_8ns_8s_20s_20_4_1_DSP48_0_464 |         15 |         15 |       0 |    0 |     0 |      0 |      0 |          1 |
|           mac_muladd_8ns_8s_20s_20_4_1_U99                                        |           ursa_vanilla_bram_mxm_execute_ursa_0_0_mxm_execute_ursa_mac_muladd_8ns_8s_20s_20_4_1_107 |         17 |         17 |       0 |    0 |     0 |      0 |      0 |          1 |
|             mxm_execute_ursa_mac_muladd_8ns_8s_20s_20_4_1_DSP48_0_U               |       ursa_vanilla_bram_mxm_execute_ursa_0_0_mxm_execute_ursa_mac_muladd_8ns_8s_20s_20_4_1_DSP48_0 |         17 |         17 |       0 |    0 |     0 |      0 |      0 |          1 |
|           mac_muladd_8s_8ns_20s_20_4_1_U106                                       |               ursa_vanilla_bram_mxm_execute_ursa_0_0_mxm_execute_ursa_mac_muladd_8s_8ns_20s_20_4_1 |         24 |         24 |       0 |    0 |     0 |      0 |      0 |          1 |
|             mxm_execute_ursa_mac_muladd_8s_8ns_20s_20_4_1_DSP48_1_U               |   ursa_vanilla_bram_mxm_execute_ursa_0_0_mxm_execute_ursa_mac_muladd_8s_8ns_20s_20_4_1_DSP48_1_463 |         24 |         24 |       0 |    0 |     0 |      0 |      0 |          1 |
|           mac_muladd_8s_8ns_20s_20_4_1_U107                                       |           ursa_vanilla_bram_mxm_execute_ursa_0_0_mxm_execute_ursa_mac_muladd_8s_8ns_20s_20_4_1_108 |         21 |         21 |       0 |    0 |     0 |      0 |      0 |          1 |
|             mxm_execute_ursa_mac_muladd_8s_8ns_20s_20_4_1_DSP48_1_U               |   ursa_vanilla_bram_mxm_execute_ursa_0_0_mxm_execute_ursa_mac_muladd_8s_8ns_20s_20_4_1_DSP48_1_462 |         21 |         21 |       0 |    0 |     0 |      0 |      0 |          1 |
|           mac_muladd_8s_8ns_20s_20_4_1_U108                                       |           ursa_vanilla_bram_mxm_execute_ursa_0_0_mxm_execute_ursa_mac_muladd_8s_8ns_20s_20_4_1_109 |         19 |         19 |       0 |    0 |     0 |      0 |      0 |          1 |
|             mxm_execute_ursa_mac_muladd_8s_8ns_20s_20_4_1_DSP48_1_U               |   ursa_vanilla_bram_mxm_execute_ursa_0_0_mxm_execute_ursa_mac_muladd_8s_8ns_20s_20_4_1_DSP48_1_461 |         19 |         19 |       0 |    0 |     0 |      0 |      0 |          1 |
|           mac_muladd_8s_8ns_20s_20_4_1_U109                                       |           ursa_vanilla_bram_mxm_execute_ursa_0_0_mxm_execute_ursa_mac_muladd_8s_8ns_20s_20_4_1_110 |         22 |         22 |       0 |    0 |     0 |      0 |      0 |          1 |
|             mxm_execute_ursa_mac_muladd_8s_8ns_20s_20_4_1_DSP48_1_U               |   ursa_vanilla_bram_mxm_execute_ursa_0_0_mxm_execute_ursa_mac_muladd_8s_8ns_20s_20_4_1_DSP48_1_460 |         22 |         22 |       0 |    0 |     0 |      0 |      0 |          1 |
|           mac_muladd_8s_8ns_20s_20_4_1_U110                                       |           ursa_vanilla_bram_mxm_execute_ursa_0_0_mxm_execute_ursa_mac_muladd_8s_8ns_20s_20_4_1_111 |         20 |         20 |       0 |    0 |     0 |      0 |      0 |          1 |
|             mxm_execute_ursa_mac_muladd_8s_8ns_20s_20_4_1_DSP48_1_U               |   ursa_vanilla_bram_mxm_execute_ursa_0_0_mxm_execute_ursa_mac_muladd_8s_8ns_20s_20_4_1_DSP48_1_459 |         20 |         20 |       0 |    0 |     0 |      0 |      0 |          1 |
|           mac_muladd_8s_8ns_20s_20_4_1_U111                                       |           ursa_vanilla_bram_mxm_execute_ursa_0_0_mxm_execute_ursa_mac_muladd_8s_8ns_20s_20_4_1_112 |         19 |         19 |       0 |    0 |     0 |      0 |      0 |          1 |
|             mxm_execute_ursa_mac_muladd_8s_8ns_20s_20_4_1_DSP48_1_U               |   ursa_vanilla_bram_mxm_execute_ursa_0_0_mxm_execute_ursa_mac_muladd_8s_8ns_20s_20_4_1_DSP48_1_458 |         19 |         19 |       0 |    0 |     0 |      0 |      0 |          1 |
|           mac_muladd_8s_8ns_20s_20_4_1_U112                                       |           ursa_vanilla_bram_mxm_execute_ursa_0_0_mxm_execute_ursa_mac_muladd_8s_8ns_20s_20_4_1_113 |         17 |         17 |       0 |    0 |     0 |      0 |      0 |          1 |
|             mxm_execute_ursa_mac_muladd_8s_8ns_20s_20_4_1_DSP48_1_U               |   ursa_vanilla_bram_mxm_execute_ursa_0_0_mxm_execute_ursa_mac_muladd_8s_8ns_20s_20_4_1_DSP48_1_457 |         17 |         17 |       0 |    0 |     0 |      0 |      0 |          1 |
|           mac_muladd_8s_8ns_20s_20_4_1_U122                                       |           ursa_vanilla_bram_mxm_execute_ursa_0_0_mxm_execute_ursa_mac_muladd_8s_8ns_20s_20_4_1_114 |         24 |         24 |       0 |    0 |     0 |      0 |      0 |          1 |
|             mxm_execute_ursa_mac_muladd_8s_8ns_20s_20_4_1_DSP48_1_U               |   ursa_vanilla_bram_mxm_execute_ursa_0_0_mxm_execute_ursa_mac_muladd_8s_8ns_20s_20_4_1_DSP48_1_456 |         24 |         24 |       0 |    0 |     0 |      0 |      0 |          1 |
|           mac_muladd_8s_8ns_20s_20_4_1_U123                                       |           ursa_vanilla_bram_mxm_execute_ursa_0_0_mxm_execute_ursa_mac_muladd_8s_8ns_20s_20_4_1_115 |         25 |         25 |       0 |    0 |     0 |      0 |      0 |          1 |
|             mxm_execute_ursa_mac_muladd_8s_8ns_20s_20_4_1_DSP48_1_U               |   ursa_vanilla_bram_mxm_execute_ursa_0_0_mxm_execute_ursa_mac_muladd_8s_8ns_20s_20_4_1_DSP48_1_455 |         25 |         25 |       0 |    0 |     0 |      0 |      0 |          1 |
|           mac_muladd_8s_8ns_20s_20_4_1_U124                                       |           ursa_vanilla_bram_mxm_execute_ursa_0_0_mxm_execute_ursa_mac_muladd_8s_8ns_20s_20_4_1_116 |         22 |         22 |       0 |    0 |     0 |      0 |      0 |          1 |
|             mxm_execute_ursa_mac_muladd_8s_8ns_20s_20_4_1_DSP48_1_U               |   ursa_vanilla_bram_mxm_execute_ursa_0_0_mxm_execute_ursa_mac_muladd_8s_8ns_20s_20_4_1_DSP48_1_454 |         22 |         22 |       0 |    0 |     0 |      0 |      0 |          1 |
|           mac_muladd_8s_8ns_20s_20_4_1_U125                                       |           ursa_vanilla_bram_mxm_execute_ursa_0_0_mxm_execute_ursa_mac_muladd_8s_8ns_20s_20_4_1_117 |         23 |         23 |       0 |    0 |     0 |      0 |      0 |          1 |
|             mxm_execute_ursa_mac_muladd_8s_8ns_20s_20_4_1_DSP48_1_U               |   ursa_vanilla_bram_mxm_execute_ursa_0_0_mxm_execute_ursa_mac_muladd_8s_8ns_20s_20_4_1_DSP48_1_453 |         23 |         23 |       0 |    0 |     0 |      0 |      0 |          1 |
|           mac_muladd_8s_8ns_20s_20_4_1_U126                                       |           ursa_vanilla_bram_mxm_execute_ursa_0_0_mxm_execute_ursa_mac_muladd_8s_8ns_20s_20_4_1_118 |         23 |         23 |       0 |    0 |     0 |      0 |      0 |          1 |
|             mxm_execute_ursa_mac_muladd_8s_8ns_20s_20_4_1_DSP48_1_U               |   ursa_vanilla_bram_mxm_execute_ursa_0_0_mxm_execute_ursa_mac_muladd_8s_8ns_20s_20_4_1_DSP48_1_452 |         23 |         23 |       0 |    0 |     0 |      0 |      0 |          1 |
|           mac_muladd_8s_8ns_20s_20_4_1_U127                                       |           ursa_vanilla_bram_mxm_execute_ursa_0_0_mxm_execute_ursa_mac_muladd_8s_8ns_20s_20_4_1_119 |         24 |         24 |       0 |    0 |     0 |      0 |      0 |          1 |
|             mxm_execute_ursa_mac_muladd_8s_8ns_20s_20_4_1_DSP48_1_U               |   ursa_vanilla_bram_mxm_execute_ursa_0_0_mxm_execute_ursa_mac_muladd_8s_8ns_20s_20_4_1_DSP48_1_451 |         24 |         24 |       0 |    0 |     0 |      0 |      0 |          1 |
|           mac_muladd_8s_8ns_20s_20_4_1_U128                                       |           ursa_vanilla_bram_mxm_execute_ursa_0_0_mxm_execute_ursa_mac_muladd_8s_8ns_20s_20_4_1_120 |         25 |         25 |       0 |    0 |     0 |      0 |      0 |          1 |
|             mxm_execute_ursa_mac_muladd_8s_8ns_20s_20_4_1_DSP48_1_U               |   ursa_vanilla_bram_mxm_execute_ursa_0_0_mxm_execute_ursa_mac_muladd_8s_8ns_20s_20_4_1_DSP48_1_450 |         25 |         25 |       0 |    0 |     0 |      0 |      0 |          1 |
|           mac_muladd_8s_8ns_20s_20_4_1_U129                                       |           ursa_vanilla_bram_mxm_execute_ursa_0_0_mxm_execute_ursa_mac_muladd_8s_8ns_20s_20_4_1_121 |         15 |         15 |       0 |    0 |     0 |      0 |      0 |          1 |
|             mxm_execute_ursa_mac_muladd_8s_8ns_20s_20_4_1_DSP48_1_U               |   ursa_vanilla_bram_mxm_execute_ursa_0_0_mxm_execute_ursa_mac_muladd_8s_8ns_20s_20_4_1_DSP48_1_449 |         15 |         15 |       0 |    0 |     0 |      0 |      0 |          1 |
|           mac_muladd_8s_8ns_20s_20_4_1_U138                                       |           ursa_vanilla_bram_mxm_execute_ursa_0_0_mxm_execute_ursa_mac_muladd_8s_8ns_20s_20_4_1_122 |         20 |         20 |       0 |    0 |     0 |      0 |      0 |          1 |
|             mxm_execute_ursa_mac_muladd_8s_8ns_20s_20_4_1_DSP48_1_U               |   ursa_vanilla_bram_mxm_execute_ursa_0_0_mxm_execute_ursa_mac_muladd_8s_8ns_20s_20_4_1_DSP48_1_448 |         20 |         20 |       0 |    0 |     0 |      0 |      0 |          1 |
|           mac_muladd_8s_8ns_20s_20_4_1_U139                                       |           ursa_vanilla_bram_mxm_execute_ursa_0_0_mxm_execute_ursa_mac_muladd_8s_8ns_20s_20_4_1_123 |         21 |         21 |       0 |    0 |     0 |      0 |      0 |          1 |
|             mxm_execute_ursa_mac_muladd_8s_8ns_20s_20_4_1_DSP48_1_U               |   ursa_vanilla_bram_mxm_execute_ursa_0_0_mxm_execute_ursa_mac_muladd_8s_8ns_20s_20_4_1_DSP48_1_447 |         21 |         21 |       0 |    0 |     0 |      0 |      0 |          1 |
|           mac_muladd_8s_8ns_20s_20_4_1_U140                                       |           ursa_vanilla_bram_mxm_execute_ursa_0_0_mxm_execute_ursa_mac_muladd_8s_8ns_20s_20_4_1_124 |         20 |         20 |       0 |    0 |     0 |      0 |      0 |          1 |
|             mxm_execute_ursa_mac_muladd_8s_8ns_20s_20_4_1_DSP48_1_U               |   ursa_vanilla_bram_mxm_execute_ursa_0_0_mxm_execute_ursa_mac_muladd_8s_8ns_20s_20_4_1_DSP48_1_446 |         20 |         20 |       0 |    0 |     0 |      0 |      0 |          1 |
|           mac_muladd_8s_8ns_20s_20_4_1_U141                                       |           ursa_vanilla_bram_mxm_execute_ursa_0_0_mxm_execute_ursa_mac_muladd_8s_8ns_20s_20_4_1_125 |         23 |         23 |       0 |    0 |     0 |      0 |      0 |          1 |
|             mxm_execute_ursa_mac_muladd_8s_8ns_20s_20_4_1_DSP48_1_U               |   ursa_vanilla_bram_mxm_execute_ursa_0_0_mxm_execute_ursa_mac_muladd_8s_8ns_20s_20_4_1_DSP48_1_445 |         23 |         23 |       0 |    0 |     0 |      0 |      0 |          1 |
|           mac_muladd_8s_8ns_20s_20_4_1_U142                                       |           ursa_vanilla_bram_mxm_execute_ursa_0_0_mxm_execute_ursa_mac_muladd_8s_8ns_20s_20_4_1_126 |         26 |         26 |       0 |    0 |     0 |      0 |      0 |          1 |
|             mxm_execute_ursa_mac_muladd_8s_8ns_20s_20_4_1_DSP48_1_U               |   ursa_vanilla_bram_mxm_execute_ursa_0_0_mxm_execute_ursa_mac_muladd_8s_8ns_20s_20_4_1_DSP48_1_444 |         26 |         26 |       0 |    0 |     0 |      0 |      0 |          1 |
|           mac_muladd_8s_8ns_20s_20_4_1_U143                                       |           ursa_vanilla_bram_mxm_execute_ursa_0_0_mxm_execute_ursa_mac_muladd_8s_8ns_20s_20_4_1_127 |         22 |         22 |       0 |    0 |     0 |      0 |      0 |          1 |
|             mxm_execute_ursa_mac_muladd_8s_8ns_20s_20_4_1_DSP48_1_U               |   ursa_vanilla_bram_mxm_execute_ursa_0_0_mxm_execute_ursa_mac_muladd_8s_8ns_20s_20_4_1_DSP48_1_443 |         22 |         22 |       0 |    0 |     0 |      0 |      0 |          1 |
|           mac_muladd_8s_8ns_20s_20_4_1_U144                                       |           ursa_vanilla_bram_mxm_execute_ursa_0_0_mxm_execute_ursa_mac_muladd_8s_8ns_20s_20_4_1_128 |         24 |         24 |       0 |    0 |     0 |      0 |      0 |          1 |
|             mxm_execute_ursa_mac_muladd_8s_8ns_20s_20_4_1_DSP48_1_U               |   ursa_vanilla_bram_mxm_execute_ursa_0_0_mxm_execute_ursa_mac_muladd_8s_8ns_20s_20_4_1_DSP48_1_442 |         24 |         24 |       0 |    0 |     0 |      0 |      0 |          1 |
|           mac_muladd_8s_8ns_20s_20_4_1_U145                                       |           ursa_vanilla_bram_mxm_execute_ursa_0_0_mxm_execute_ursa_mac_muladd_8s_8ns_20s_20_4_1_129 |         24 |         24 |       0 |    0 |     0 |      0 |      0 |          1 |
|             mxm_execute_ursa_mac_muladd_8s_8ns_20s_20_4_1_DSP48_1_U               |   ursa_vanilla_bram_mxm_execute_ursa_0_0_mxm_execute_ursa_mac_muladd_8s_8ns_20s_20_4_1_DSP48_1_441 |         24 |         24 |       0 |    0 |     0 |      0 |      0 |          1 |
|           mac_muladd_8s_8ns_20s_20_4_1_U146                                       |           ursa_vanilla_bram_mxm_execute_ursa_0_0_mxm_execute_ursa_mac_muladd_8s_8ns_20s_20_4_1_130 |         22 |         22 |       0 |    0 |     0 |      0 |      0 |          1 |
|             mxm_execute_ursa_mac_muladd_8s_8ns_20s_20_4_1_DSP48_1_U               |   ursa_vanilla_bram_mxm_execute_ursa_0_0_mxm_execute_ursa_mac_muladd_8s_8ns_20s_20_4_1_DSP48_1_440 |         22 |         22 |       0 |    0 |     0 |      0 |      0 |          1 |
|           mac_muladd_8s_8ns_20s_20_4_1_U147                                       |           ursa_vanilla_bram_mxm_execute_ursa_0_0_mxm_execute_ursa_mac_muladd_8s_8ns_20s_20_4_1_131 |         14 |         14 |       0 |    0 |     0 |      0 |      0 |          1 |
|             mxm_execute_ursa_mac_muladd_8s_8ns_20s_20_4_1_DSP48_1_U               |   ursa_vanilla_bram_mxm_execute_ursa_0_0_mxm_execute_ursa_mac_muladd_8s_8ns_20s_20_4_1_DSP48_1_439 |         14 |         14 |       0 |    0 |     0 |      0 |      0 |          1 |
|           mac_muladd_8s_8ns_20s_20_4_1_U154                                       |           ursa_vanilla_bram_mxm_execute_ursa_0_0_mxm_execute_ursa_mac_muladd_8s_8ns_20s_20_4_1_132 |         26 |         26 |       0 |    0 |     0 |      0 |      0 |          1 |
|             mxm_execute_ursa_mac_muladd_8s_8ns_20s_20_4_1_DSP48_1_U               |   ursa_vanilla_bram_mxm_execute_ursa_0_0_mxm_execute_ursa_mac_muladd_8s_8ns_20s_20_4_1_DSP48_1_438 |         26 |         26 |       0 |    0 |     0 |      0 |      0 |          1 |
|           mac_muladd_8s_8ns_20s_20_4_1_U155                                       |           ursa_vanilla_bram_mxm_execute_ursa_0_0_mxm_execute_ursa_mac_muladd_8s_8ns_20s_20_4_1_133 |         26 |         26 |       0 |    0 |     0 |      0 |      0 |          1 |
|             mxm_execute_ursa_mac_muladd_8s_8ns_20s_20_4_1_DSP48_1_U               |   ursa_vanilla_bram_mxm_execute_ursa_0_0_mxm_execute_ursa_mac_muladd_8s_8ns_20s_20_4_1_DSP48_1_437 |         26 |         26 |       0 |    0 |     0 |      0 |      0 |          1 |
|           mac_muladd_8s_8ns_20s_20_4_1_U156                                       |           ursa_vanilla_bram_mxm_execute_ursa_0_0_mxm_execute_ursa_mac_muladd_8s_8ns_20s_20_4_1_134 |         24 |         24 |       0 |    0 |     0 |      0 |      0 |          1 |
|             mxm_execute_ursa_mac_muladd_8s_8ns_20s_20_4_1_DSP48_1_U               |   ursa_vanilla_bram_mxm_execute_ursa_0_0_mxm_execute_ursa_mac_muladd_8s_8ns_20s_20_4_1_DSP48_1_436 |         24 |         24 |       0 |    0 |     0 |      0 |      0 |          1 |
|           mac_muladd_8s_8ns_20s_20_4_1_U157                                       |           ursa_vanilla_bram_mxm_execute_ursa_0_0_mxm_execute_ursa_mac_muladd_8s_8ns_20s_20_4_1_135 |         22 |         22 |       0 |    0 |     0 |      0 |      0 |          1 |
|             mxm_execute_ursa_mac_muladd_8s_8ns_20s_20_4_1_DSP48_1_U               |   ursa_vanilla_bram_mxm_execute_ursa_0_0_mxm_execute_ursa_mac_muladd_8s_8ns_20s_20_4_1_DSP48_1_435 |         22 |         22 |       0 |    0 |     0 |      0 |      0 |          1 |
|           mac_muladd_8s_8ns_20s_20_4_1_U158                                       |           ursa_vanilla_bram_mxm_execute_ursa_0_0_mxm_execute_ursa_mac_muladd_8s_8ns_20s_20_4_1_136 |         26 |         26 |       0 |    0 |     0 |      0 |      0 |          1 |
|             mxm_execute_ursa_mac_muladd_8s_8ns_20s_20_4_1_DSP48_1_U               |   ursa_vanilla_bram_mxm_execute_ursa_0_0_mxm_execute_ursa_mac_muladd_8s_8ns_20s_20_4_1_DSP48_1_434 |         26 |         26 |       0 |    0 |     0 |      0 |      0 |          1 |
|           mac_muladd_8s_8ns_20s_20_4_1_U159                                       |           ursa_vanilla_bram_mxm_execute_ursa_0_0_mxm_execute_ursa_mac_muladd_8s_8ns_20s_20_4_1_137 |         23 |         23 |       0 |    0 |     0 |      0 |      0 |          1 |
|             mxm_execute_ursa_mac_muladd_8s_8ns_20s_20_4_1_DSP48_1_U               |   ursa_vanilla_bram_mxm_execute_ursa_0_0_mxm_execute_ursa_mac_muladd_8s_8ns_20s_20_4_1_DSP48_1_433 |         23 |         23 |       0 |    0 |     0 |      0 |      0 |          1 |
|           mac_muladd_8s_8ns_20s_20_4_1_U160                                       |           ursa_vanilla_bram_mxm_execute_ursa_0_0_mxm_execute_ursa_mac_muladd_8s_8ns_20s_20_4_1_138 |         25 |         25 |       0 |    0 |     0 |      0 |      0 |          1 |
|             mxm_execute_ursa_mac_muladd_8s_8ns_20s_20_4_1_DSP48_1_U               |   ursa_vanilla_bram_mxm_execute_ursa_0_0_mxm_execute_ursa_mac_muladd_8s_8ns_20s_20_4_1_DSP48_1_432 |         25 |         25 |       0 |    0 |     0 |      0 |      0 |          1 |
|           mac_muladd_8s_8ns_20s_20_4_1_U161                                       |           ursa_vanilla_bram_mxm_execute_ursa_0_0_mxm_execute_ursa_mac_muladd_8s_8ns_20s_20_4_1_139 |         22 |         22 |       0 |    0 |     0 |      0 |      0 |          1 |
|             mxm_execute_ursa_mac_muladd_8s_8ns_20s_20_4_1_DSP48_1_U               |   ursa_vanilla_bram_mxm_execute_ursa_0_0_mxm_execute_ursa_mac_muladd_8s_8ns_20s_20_4_1_DSP48_1_431 |         22 |         22 |       0 |    0 |     0 |      0 |      0 |          1 |
|           mac_muladd_8s_8ns_20s_20_4_1_U162                                       |           ursa_vanilla_bram_mxm_execute_ursa_0_0_mxm_execute_ursa_mac_muladd_8s_8ns_20s_20_4_1_140 |         20 |         20 |       0 |    0 |     0 |      0 |      0 |          1 |
|             mxm_execute_ursa_mac_muladd_8s_8ns_20s_20_4_1_DSP48_1_U               |   ursa_vanilla_bram_mxm_execute_ursa_0_0_mxm_execute_ursa_mac_muladd_8s_8ns_20s_20_4_1_DSP48_1_430 |         20 |         20 |       0 |    0 |     0 |      0 |      0 |          1 |
|           mac_muladd_8s_8ns_20s_20_4_1_U163                                       |           ursa_vanilla_bram_mxm_execute_ursa_0_0_mxm_execute_ursa_mac_muladd_8s_8ns_20s_20_4_1_141 |         17 |         17 |       0 |    0 |     0 |      0 |      0 |          1 |
|             mxm_execute_ursa_mac_muladd_8s_8ns_20s_20_4_1_DSP48_1_U               |   ursa_vanilla_bram_mxm_execute_ursa_0_0_mxm_execute_ursa_mac_muladd_8s_8ns_20s_20_4_1_DSP48_1_429 |         17 |         17 |       0 |    0 |     0 |      0 |      0 |          1 |
|           mac_muladd_8s_8ns_20s_20_4_1_U164                                       |           ursa_vanilla_bram_mxm_execute_ursa_0_0_mxm_execute_ursa_mac_muladd_8s_8ns_20s_20_4_1_142 |         14 |         14 |       0 |    0 |     0 |      0 |      0 |          1 |
|             mxm_execute_ursa_mac_muladd_8s_8ns_20s_20_4_1_DSP48_1_U               |   ursa_vanilla_bram_mxm_execute_ursa_0_0_mxm_execute_ursa_mac_muladd_8s_8ns_20s_20_4_1_DSP48_1_428 |         14 |         14 |       0 |    0 |     0 |      0 |      0 |          1 |
|           mac_muladd_8s_8ns_20s_20_4_1_U170                                       |           ursa_vanilla_bram_mxm_execute_ursa_0_0_mxm_execute_ursa_mac_muladd_8s_8ns_20s_20_4_1_143 |         24 |         24 |       0 |    0 |     0 |      0 |      0 |          1 |
|             mxm_execute_ursa_mac_muladd_8s_8ns_20s_20_4_1_DSP48_1_U               |   ursa_vanilla_bram_mxm_execute_ursa_0_0_mxm_execute_ursa_mac_muladd_8s_8ns_20s_20_4_1_DSP48_1_427 |         24 |         24 |       0 |    0 |     0 |      0 |      0 |          1 |
|           mac_muladd_8s_8ns_20s_20_4_1_U171                                       |           ursa_vanilla_bram_mxm_execute_ursa_0_0_mxm_execute_ursa_mac_muladd_8s_8ns_20s_20_4_1_144 |         24 |         24 |       0 |    0 |     0 |      0 |      0 |          1 |
|             mxm_execute_ursa_mac_muladd_8s_8ns_20s_20_4_1_DSP48_1_U               |   ursa_vanilla_bram_mxm_execute_ursa_0_0_mxm_execute_ursa_mac_muladd_8s_8ns_20s_20_4_1_DSP48_1_426 |         24 |         24 |       0 |    0 |     0 |      0 |      0 |          1 |
|           mac_muladd_8s_8ns_20s_20_4_1_U172                                       |           ursa_vanilla_bram_mxm_execute_ursa_0_0_mxm_execute_ursa_mac_muladd_8s_8ns_20s_20_4_1_145 |         22 |         22 |       0 |    0 |     0 |      0 |      0 |          1 |
|             mxm_execute_ursa_mac_muladd_8s_8ns_20s_20_4_1_DSP48_1_U               |   ursa_vanilla_bram_mxm_execute_ursa_0_0_mxm_execute_ursa_mac_muladd_8s_8ns_20s_20_4_1_DSP48_1_425 |         22 |         22 |       0 |    0 |     0 |      0 |      0 |          1 |
|           mac_muladd_8s_8ns_20s_20_4_1_U173                                       |           ursa_vanilla_bram_mxm_execute_ursa_0_0_mxm_execute_ursa_mac_muladd_8s_8ns_20s_20_4_1_146 |         21 |         21 |       0 |    0 |     0 |      0 |      0 |          1 |
|             mxm_execute_ursa_mac_muladd_8s_8ns_20s_20_4_1_DSP48_1_U               |   ursa_vanilla_bram_mxm_execute_ursa_0_0_mxm_execute_ursa_mac_muladd_8s_8ns_20s_20_4_1_DSP48_1_424 |         21 |         21 |       0 |    0 |     0 |      0 |      0 |          1 |
|           mac_muladd_8s_8ns_20s_20_4_1_U174                                       |           ursa_vanilla_bram_mxm_execute_ursa_0_0_mxm_execute_ursa_mac_muladd_8s_8ns_20s_20_4_1_147 |         19 |         19 |       0 |    0 |     0 |      0 |      0 |          1 |
|             mxm_execute_ursa_mac_muladd_8s_8ns_20s_20_4_1_DSP48_1_U               |   ursa_vanilla_bram_mxm_execute_ursa_0_0_mxm_execute_ursa_mac_muladd_8s_8ns_20s_20_4_1_DSP48_1_423 |         19 |         19 |       0 |    0 |     0 |      0 |      0 |          1 |
|           mac_muladd_8s_8ns_20s_20_4_1_U175                                       |           ursa_vanilla_bram_mxm_execute_ursa_0_0_mxm_execute_ursa_mac_muladd_8s_8ns_20s_20_4_1_148 |         20 |         20 |       0 |    0 |     0 |      0 |      0 |          1 |
|             mxm_execute_ursa_mac_muladd_8s_8ns_20s_20_4_1_DSP48_1_U               |   ursa_vanilla_bram_mxm_execute_ursa_0_0_mxm_execute_ursa_mac_muladd_8s_8ns_20s_20_4_1_DSP48_1_422 |         20 |         20 |       0 |    0 |     0 |      0 |      0 |          1 |
|           mac_muladd_8s_8ns_20s_20_4_1_U176                                       |           ursa_vanilla_bram_mxm_execute_ursa_0_0_mxm_execute_ursa_mac_muladd_8s_8ns_20s_20_4_1_149 |         21 |         21 |       0 |    0 |     0 |      0 |      0 |          1 |
|             mxm_execute_ursa_mac_muladd_8s_8ns_20s_20_4_1_DSP48_1_U               |   ursa_vanilla_bram_mxm_execute_ursa_0_0_mxm_execute_ursa_mac_muladd_8s_8ns_20s_20_4_1_DSP48_1_421 |         21 |         21 |       0 |    0 |     0 |      0 |      0 |          1 |
|           mac_muladd_8s_8ns_20s_20_4_1_U177                                       |           ursa_vanilla_bram_mxm_execute_ursa_0_0_mxm_execute_ursa_mac_muladd_8s_8ns_20s_20_4_1_150 |         20 |         20 |       0 |    0 |     0 |      0 |      0 |          1 |
|             mxm_execute_ursa_mac_muladd_8s_8ns_20s_20_4_1_DSP48_1_U               |   ursa_vanilla_bram_mxm_execute_ursa_0_0_mxm_execute_ursa_mac_muladd_8s_8ns_20s_20_4_1_DSP48_1_420 |         20 |         20 |       0 |    0 |     0 |      0 |      0 |          1 |
|           mac_muladd_8s_8ns_20s_20_4_1_U178                                       |           ursa_vanilla_bram_mxm_execute_ursa_0_0_mxm_execute_ursa_mac_muladd_8s_8ns_20s_20_4_1_151 |         21 |         21 |       0 |    0 |     0 |      0 |      0 |          1 |
|             mxm_execute_ursa_mac_muladd_8s_8ns_20s_20_4_1_DSP48_1_U               |   ursa_vanilla_bram_mxm_execute_ursa_0_0_mxm_execute_ursa_mac_muladd_8s_8ns_20s_20_4_1_DSP48_1_419 |         21 |         21 |       0 |    0 |     0 |      0 |      0 |          1 |
|           mac_muladd_8s_8ns_20s_20_4_1_U179                                       |           ursa_vanilla_bram_mxm_execute_ursa_0_0_mxm_execute_ursa_mac_muladd_8s_8ns_20s_20_4_1_152 |         21 |         21 |       0 |    0 |     0 |      0 |      0 |          1 |
|             mxm_execute_ursa_mac_muladd_8s_8ns_20s_20_4_1_DSP48_1_U               |   ursa_vanilla_bram_mxm_execute_ursa_0_0_mxm_execute_ursa_mac_muladd_8s_8ns_20s_20_4_1_DSP48_1_418 |         21 |         21 |       0 |    0 |     0 |      0 |      0 |          1 |
|           mac_muladd_8s_8ns_20s_20_4_1_U180                                       |           ursa_vanilla_bram_mxm_execute_ursa_0_0_mxm_execute_ursa_mac_muladd_8s_8ns_20s_20_4_1_153 |         20 |         20 |       0 |    0 |     0 |      0 |      0 |          1 |
|             mxm_execute_ursa_mac_muladd_8s_8ns_20s_20_4_1_DSP48_1_U               |   ursa_vanilla_bram_mxm_execute_ursa_0_0_mxm_execute_ursa_mac_muladd_8s_8ns_20s_20_4_1_DSP48_1_417 |         20 |         20 |       0 |    0 |     0 |      0 |      0 |          1 |
|           mac_muladd_8s_8ns_20s_20_4_1_U181                                       |           ursa_vanilla_bram_mxm_execute_ursa_0_0_mxm_execute_ursa_mac_muladd_8s_8ns_20s_20_4_1_154 |         25 |         25 |       0 |    0 |     0 |      0 |      0 |          1 |
|             mxm_execute_ursa_mac_muladd_8s_8ns_20s_20_4_1_DSP48_1_U               |   ursa_vanilla_bram_mxm_execute_ursa_0_0_mxm_execute_ursa_mac_muladd_8s_8ns_20s_20_4_1_DSP48_1_416 |         25 |         25 |       0 |    0 |     0 |      0 |      0 |          1 |
|           mac_muladd_8s_8ns_20s_20_4_1_U182                                       |           ursa_vanilla_bram_mxm_execute_ursa_0_0_mxm_execute_ursa_mac_muladd_8s_8ns_20s_20_4_1_155 |         16 |         16 |       0 |    0 |     0 |      0 |      0 |          1 |
|             mxm_execute_ursa_mac_muladd_8s_8ns_20s_20_4_1_DSP48_1_U               |   ursa_vanilla_bram_mxm_execute_ursa_0_0_mxm_execute_ursa_mac_muladd_8s_8ns_20s_20_4_1_DSP48_1_415 |         16 |         16 |       0 |    0 |     0 |      0 |      0 |          1 |
|           mac_muladd_8s_8ns_20s_20_4_1_U186                                       |           ursa_vanilla_bram_mxm_execute_ursa_0_0_mxm_execute_ursa_mac_muladd_8s_8ns_20s_20_4_1_156 |         24 |         24 |       0 |    0 |     0 |      0 |      0 |          1 |
|             mxm_execute_ursa_mac_muladd_8s_8ns_20s_20_4_1_DSP48_1_U               |   ursa_vanilla_bram_mxm_execute_ursa_0_0_mxm_execute_ursa_mac_muladd_8s_8ns_20s_20_4_1_DSP48_1_414 |         24 |         24 |       0 |    0 |     0 |      0 |      0 |          1 |
|           mac_muladd_8s_8ns_20s_20_4_1_U187                                       |           ursa_vanilla_bram_mxm_execute_ursa_0_0_mxm_execute_ursa_mac_muladd_8s_8ns_20s_20_4_1_157 |         21 |         21 |       0 |    0 |     0 |      0 |      0 |          1 |
|             mxm_execute_ursa_mac_muladd_8s_8ns_20s_20_4_1_DSP48_1_U               |   ursa_vanilla_bram_mxm_execute_ursa_0_0_mxm_execute_ursa_mac_muladd_8s_8ns_20s_20_4_1_DSP48_1_413 |         21 |         21 |       0 |    0 |     0 |      0 |      0 |          1 |
|           mac_muladd_8s_8ns_20s_20_4_1_U188                                       |           ursa_vanilla_bram_mxm_execute_ursa_0_0_mxm_execute_ursa_mac_muladd_8s_8ns_20s_20_4_1_158 |         20 |         20 |       0 |    0 |     0 |      0 |      0 |          1 |
|             mxm_execute_ursa_mac_muladd_8s_8ns_20s_20_4_1_DSP48_1_U               |   ursa_vanilla_bram_mxm_execute_ursa_0_0_mxm_execute_ursa_mac_muladd_8s_8ns_20s_20_4_1_DSP48_1_412 |         20 |         20 |       0 |    0 |     0 |      0 |      0 |          1 |
|           mac_muladd_8s_8ns_20s_20_4_1_U189                                       |           ursa_vanilla_bram_mxm_execute_ursa_0_0_mxm_execute_ursa_mac_muladd_8s_8ns_20s_20_4_1_159 |         18 |         18 |       0 |    0 |     0 |      0 |      0 |          1 |
|             mxm_execute_ursa_mac_muladd_8s_8ns_20s_20_4_1_DSP48_1_U               |   ursa_vanilla_bram_mxm_execute_ursa_0_0_mxm_execute_ursa_mac_muladd_8s_8ns_20s_20_4_1_DSP48_1_411 |         18 |         18 |       0 |    0 |     0 |      0 |      0 |          1 |
|           mac_muladd_8s_8ns_20s_20_4_1_U190                                       |           ursa_vanilla_bram_mxm_execute_ursa_0_0_mxm_execute_ursa_mac_muladd_8s_8ns_20s_20_4_1_160 |         22 |         22 |       0 |    0 |     0 |      0 |      0 |          1 |
|             mxm_execute_ursa_mac_muladd_8s_8ns_20s_20_4_1_DSP48_1_U               |   ursa_vanilla_bram_mxm_execute_ursa_0_0_mxm_execute_ursa_mac_muladd_8s_8ns_20s_20_4_1_DSP48_1_410 |         22 |         22 |       0 |    0 |     0 |      0 |      0 |          1 |
|           mac_muladd_8s_8ns_20s_20_4_1_U191                                       |           ursa_vanilla_bram_mxm_execute_ursa_0_0_mxm_execute_ursa_mac_muladd_8s_8ns_20s_20_4_1_161 |         20 |         20 |       0 |    0 |     0 |      0 |      0 |          1 |
|             mxm_execute_ursa_mac_muladd_8s_8ns_20s_20_4_1_DSP48_1_U               |   ursa_vanilla_bram_mxm_execute_ursa_0_0_mxm_execute_ursa_mac_muladd_8s_8ns_20s_20_4_1_DSP48_1_409 |         20 |         20 |       0 |    0 |     0 |      0 |      0 |          1 |
|           mac_muladd_8s_8ns_20s_20_4_1_U192                                       |           ursa_vanilla_bram_mxm_execute_ursa_0_0_mxm_execute_ursa_mac_muladd_8s_8ns_20s_20_4_1_162 |         18 |         18 |       0 |    0 |     0 |      0 |      0 |          1 |
|             mxm_execute_ursa_mac_muladd_8s_8ns_20s_20_4_1_DSP48_1_U               |   ursa_vanilla_bram_mxm_execute_ursa_0_0_mxm_execute_ursa_mac_muladd_8s_8ns_20s_20_4_1_DSP48_1_408 |         18 |         18 |       0 |    0 |     0 |      0 |      0 |          1 |
|           mac_muladd_8s_8ns_20s_20_4_1_U193                                       |           ursa_vanilla_bram_mxm_execute_ursa_0_0_mxm_execute_ursa_mac_muladd_8s_8ns_20s_20_4_1_163 |         20 |         20 |       0 |    0 |     0 |      0 |      0 |          1 |
|             mxm_execute_ursa_mac_muladd_8s_8ns_20s_20_4_1_DSP48_1_U               |   ursa_vanilla_bram_mxm_execute_ursa_0_0_mxm_execute_ursa_mac_muladd_8s_8ns_20s_20_4_1_DSP48_1_407 |         20 |         20 |       0 |    0 |     0 |      0 |      0 |          1 |
|           mac_muladd_8s_8ns_20s_20_4_1_U194                                       |           ursa_vanilla_bram_mxm_execute_ursa_0_0_mxm_execute_ursa_mac_muladd_8s_8ns_20s_20_4_1_164 |         19 |         19 |       0 |    0 |     0 |      0 |      0 |          1 |
|             mxm_execute_ursa_mac_muladd_8s_8ns_20s_20_4_1_DSP48_1_U               |   ursa_vanilla_bram_mxm_execute_ursa_0_0_mxm_execute_ursa_mac_muladd_8s_8ns_20s_20_4_1_DSP48_1_406 |         19 |         19 |       0 |    0 |     0 |      0 |      0 |          1 |
|           mac_muladd_8s_8ns_20s_20_4_1_U195                                       |           ursa_vanilla_bram_mxm_execute_ursa_0_0_mxm_execute_ursa_mac_muladd_8s_8ns_20s_20_4_1_165 |         21 |         21 |       0 |    0 |     0 |      0 |      0 |          1 |
|             mxm_execute_ursa_mac_muladd_8s_8ns_20s_20_4_1_DSP48_1_U               |   ursa_vanilla_bram_mxm_execute_ursa_0_0_mxm_execute_ursa_mac_muladd_8s_8ns_20s_20_4_1_DSP48_1_405 |         21 |         21 |       0 |    0 |     0 |      0 |      0 |          1 |
|           mac_muladd_8s_8ns_20s_20_4_1_U196                                       |           ursa_vanilla_bram_mxm_execute_ursa_0_0_mxm_execute_ursa_mac_muladd_8s_8ns_20s_20_4_1_166 |         22 |         22 |       0 |    0 |     0 |      0 |      0 |          1 |
|             mxm_execute_ursa_mac_muladd_8s_8ns_20s_20_4_1_DSP48_1_U               |   ursa_vanilla_bram_mxm_execute_ursa_0_0_mxm_execute_ursa_mac_muladd_8s_8ns_20s_20_4_1_DSP48_1_404 |         22 |         22 |       0 |    0 |     0 |      0 |      0 |          1 |
|           mac_muladd_8s_8ns_20s_20_4_1_U197                                       |           ursa_vanilla_bram_mxm_execute_ursa_0_0_mxm_execute_ursa_mac_muladd_8s_8ns_20s_20_4_1_167 |         17 |         17 |       0 |    0 |     0 |      0 |      0 |          1 |
|             mxm_execute_ursa_mac_muladd_8s_8ns_20s_20_4_1_DSP48_1_U               |   ursa_vanilla_bram_mxm_execute_ursa_0_0_mxm_execute_ursa_mac_muladd_8s_8ns_20s_20_4_1_DSP48_1_403 |         17 |         17 |       0 |    0 |     0 |      0 |      0 |          1 |
|           mac_muladd_8s_8ns_20s_20_4_1_U198                                       |           ursa_vanilla_bram_mxm_execute_ursa_0_0_mxm_execute_ursa_mac_muladd_8s_8ns_20s_20_4_1_168 |         16 |         16 |       0 |    0 |     0 |      0 |      0 |          1 |
|             mxm_execute_ursa_mac_muladd_8s_8ns_20s_20_4_1_DSP48_1_U               |   ursa_vanilla_bram_mxm_execute_ursa_0_0_mxm_execute_ursa_mac_muladd_8s_8ns_20s_20_4_1_DSP48_1_402 |         16 |         16 |       0 |    0 |     0 |      0 |      0 |          1 |
|           mac_muladd_8s_8ns_20s_20_4_1_U199                                       |           ursa_vanilla_bram_mxm_execute_ursa_0_0_mxm_execute_ursa_mac_muladd_8s_8ns_20s_20_4_1_169 |         13 |         13 |       0 |    0 |     0 |      0 |      0 |          1 |
|             mxm_execute_ursa_mac_muladd_8s_8ns_20s_20_4_1_DSP48_1_U               |   ursa_vanilla_bram_mxm_execute_ursa_0_0_mxm_execute_ursa_mac_muladd_8s_8ns_20s_20_4_1_DSP48_1_401 |         13 |         13 |       0 |    0 |     0 |      0 |      0 |          1 |
|           mac_muladd_8s_8ns_20s_20_4_1_U202                                       |           ursa_vanilla_bram_mxm_execute_ursa_0_0_mxm_execute_ursa_mac_muladd_8s_8ns_20s_20_4_1_170 |         20 |         20 |       0 |    0 |     0 |      0 |      0 |          1 |
|             mxm_execute_ursa_mac_muladd_8s_8ns_20s_20_4_1_DSP48_1_U               |   ursa_vanilla_bram_mxm_execute_ursa_0_0_mxm_execute_ursa_mac_muladd_8s_8ns_20s_20_4_1_DSP48_1_400 |         20 |         20 |       0 |    0 |     0 |      0 |      0 |          1 |
|           mac_muladd_8s_8ns_20s_20_4_1_U203                                       |           ursa_vanilla_bram_mxm_execute_ursa_0_0_mxm_execute_ursa_mac_muladd_8s_8ns_20s_20_4_1_171 |         21 |         21 |       0 |    0 |     0 |      0 |      0 |          1 |
|             mxm_execute_ursa_mac_muladd_8s_8ns_20s_20_4_1_DSP48_1_U               |   ursa_vanilla_bram_mxm_execute_ursa_0_0_mxm_execute_ursa_mac_muladd_8s_8ns_20s_20_4_1_DSP48_1_399 |         21 |         21 |       0 |    0 |     0 |      0 |      0 |          1 |
|           mac_muladd_8s_8ns_20s_20_4_1_U204                                       |           ursa_vanilla_bram_mxm_execute_ursa_0_0_mxm_execute_ursa_mac_muladd_8s_8ns_20s_20_4_1_172 |         20 |         20 |       0 |    0 |     0 |      0 |      0 |          1 |
|             mxm_execute_ursa_mac_muladd_8s_8ns_20s_20_4_1_DSP48_1_U               |   ursa_vanilla_bram_mxm_execute_ursa_0_0_mxm_execute_ursa_mac_muladd_8s_8ns_20s_20_4_1_DSP48_1_398 |         20 |         20 |       0 |    0 |     0 |      0 |      0 |          1 |
|           mac_muladd_8s_8ns_20s_20_4_1_U205                                       |           ursa_vanilla_bram_mxm_execute_ursa_0_0_mxm_execute_ursa_mac_muladd_8s_8ns_20s_20_4_1_173 |         20 |         20 |       0 |    0 |     0 |      0 |      0 |          1 |
|             mxm_execute_ursa_mac_muladd_8s_8ns_20s_20_4_1_DSP48_1_U               |   ursa_vanilla_bram_mxm_execute_ursa_0_0_mxm_execute_ursa_mac_muladd_8s_8ns_20s_20_4_1_DSP48_1_397 |         20 |         20 |       0 |    0 |     0 |      0 |      0 |          1 |
|           mac_muladd_8s_8ns_20s_20_4_1_U206                                       |           ursa_vanilla_bram_mxm_execute_ursa_0_0_mxm_execute_ursa_mac_muladd_8s_8ns_20s_20_4_1_174 |         18 |         18 |       0 |    0 |     0 |      0 |      0 |          1 |
|             mxm_execute_ursa_mac_muladd_8s_8ns_20s_20_4_1_DSP48_1_U               |   ursa_vanilla_bram_mxm_execute_ursa_0_0_mxm_execute_ursa_mac_muladd_8s_8ns_20s_20_4_1_DSP48_1_396 |         18 |         18 |       0 |    0 |     0 |      0 |      0 |          1 |
|           mac_muladd_8s_8ns_20s_20_4_1_U207                                       |           ursa_vanilla_bram_mxm_execute_ursa_0_0_mxm_execute_ursa_mac_muladd_8s_8ns_20s_20_4_1_175 |         16 |         16 |       0 |    0 |     0 |      0 |      0 |          1 |
|             mxm_execute_ursa_mac_muladd_8s_8ns_20s_20_4_1_DSP48_1_U               |   ursa_vanilla_bram_mxm_execute_ursa_0_0_mxm_execute_ursa_mac_muladd_8s_8ns_20s_20_4_1_DSP48_1_395 |         16 |         16 |       0 |    0 |     0 |      0 |      0 |          1 |
|           mac_muladd_8s_8ns_20s_20_4_1_U208                                       |           ursa_vanilla_bram_mxm_execute_ursa_0_0_mxm_execute_ursa_mac_muladd_8s_8ns_20s_20_4_1_176 |         21 |         21 |       0 |    0 |     0 |      0 |      0 |          1 |
|             mxm_execute_ursa_mac_muladd_8s_8ns_20s_20_4_1_DSP48_1_U               |   ursa_vanilla_bram_mxm_execute_ursa_0_0_mxm_execute_ursa_mac_muladd_8s_8ns_20s_20_4_1_DSP48_1_394 |         21 |         21 |       0 |    0 |     0 |      0 |      0 |          1 |
|           mac_muladd_8s_8ns_20s_20_4_1_U209                                       |           ursa_vanilla_bram_mxm_execute_ursa_0_0_mxm_execute_ursa_mac_muladd_8s_8ns_20s_20_4_1_177 |         24 |         24 |       0 |    0 |     0 |      0 |      0 |          1 |
|             mxm_execute_ursa_mac_muladd_8s_8ns_20s_20_4_1_DSP48_1_U               |   ursa_vanilla_bram_mxm_execute_ursa_0_0_mxm_execute_ursa_mac_muladd_8s_8ns_20s_20_4_1_DSP48_1_393 |         24 |         24 |       0 |    0 |     0 |      0 |      0 |          1 |
|           mac_muladd_8s_8ns_20s_20_4_1_U210                                       |           ursa_vanilla_bram_mxm_execute_ursa_0_0_mxm_execute_ursa_mac_muladd_8s_8ns_20s_20_4_1_178 |         19 |         19 |       0 |    0 |     0 |      0 |      0 |          1 |
|             mxm_execute_ursa_mac_muladd_8s_8ns_20s_20_4_1_DSP48_1_U               |   ursa_vanilla_bram_mxm_execute_ursa_0_0_mxm_execute_ursa_mac_muladd_8s_8ns_20s_20_4_1_DSP48_1_392 |         19 |         19 |       0 |    0 |     0 |      0 |      0 |          1 |
|           mac_muladd_8s_8ns_20s_20_4_1_U211                                       |           ursa_vanilla_bram_mxm_execute_ursa_0_0_mxm_execute_ursa_mac_muladd_8s_8ns_20s_20_4_1_179 |         16 |         16 |       0 |    0 |     0 |      0 |      0 |          1 |
|             mxm_execute_ursa_mac_muladd_8s_8ns_20s_20_4_1_DSP48_1_U               |   ursa_vanilla_bram_mxm_execute_ursa_0_0_mxm_execute_ursa_mac_muladd_8s_8ns_20s_20_4_1_DSP48_1_391 |         16 |         16 |       0 |    0 |     0 |      0 |      0 |          1 |
|           mac_muladd_8s_8ns_20s_20_4_1_U212                                       |           ursa_vanilla_bram_mxm_execute_ursa_0_0_mxm_execute_ursa_mac_muladd_8s_8ns_20s_20_4_1_180 |         18 |         18 |       0 |    0 |     0 |      0 |      0 |          1 |
|             mxm_execute_ursa_mac_muladd_8s_8ns_20s_20_4_1_DSP48_1_U               |   ursa_vanilla_bram_mxm_execute_ursa_0_0_mxm_execute_ursa_mac_muladd_8s_8ns_20s_20_4_1_DSP48_1_390 |         18 |         18 |       0 |    0 |     0 |      0 |      0 |          1 |
|           mac_muladd_8s_8ns_20s_20_4_1_U213                                       |           ursa_vanilla_bram_mxm_execute_ursa_0_0_mxm_execute_ursa_mac_muladd_8s_8ns_20s_20_4_1_181 |         18 |         18 |       0 |    0 |     0 |      0 |      0 |          1 |
|             mxm_execute_ursa_mac_muladd_8s_8ns_20s_20_4_1_DSP48_1_U               |   ursa_vanilla_bram_mxm_execute_ursa_0_0_mxm_execute_ursa_mac_muladd_8s_8ns_20s_20_4_1_DSP48_1_389 |         18 |         18 |       0 |    0 |     0 |      0 |      0 |          1 |
|           mac_muladd_8s_8ns_20s_20_4_1_U214                                       |           ursa_vanilla_bram_mxm_execute_ursa_0_0_mxm_execute_ursa_mac_muladd_8s_8ns_20s_20_4_1_182 |         20 |         20 |       0 |    0 |     0 |      0 |      0 |          1 |
|             mxm_execute_ursa_mac_muladd_8s_8ns_20s_20_4_1_DSP48_1_U               |   ursa_vanilla_bram_mxm_execute_ursa_0_0_mxm_execute_ursa_mac_muladd_8s_8ns_20s_20_4_1_DSP48_1_388 |         20 |         20 |       0 |    0 |     0 |      0 |      0 |          1 |
|           mac_muladd_8s_8ns_20s_20_4_1_U215                                       |           ursa_vanilla_bram_mxm_execute_ursa_0_0_mxm_execute_ursa_mac_muladd_8s_8ns_20s_20_4_1_183 |         20 |         20 |       0 |    0 |     0 |      0 |      0 |          1 |
|             mxm_execute_ursa_mac_muladd_8s_8ns_20s_20_4_1_DSP48_1_U               |   ursa_vanilla_bram_mxm_execute_ursa_0_0_mxm_execute_ursa_mac_muladd_8s_8ns_20s_20_4_1_DSP48_1_387 |         20 |         20 |       0 |    0 |     0 |      0 |      0 |          1 |
|           mac_muladd_8s_8ns_20s_20_4_1_U216                                       |           ursa_vanilla_bram_mxm_execute_ursa_0_0_mxm_execute_ursa_mac_muladd_8s_8ns_20s_20_4_1_184 |         19 |         19 |       0 |    0 |     0 |      0 |      0 |          1 |
|             mxm_execute_ursa_mac_muladd_8s_8ns_20s_20_4_1_DSP48_1_U               |   ursa_vanilla_bram_mxm_execute_ursa_0_0_mxm_execute_ursa_mac_muladd_8s_8ns_20s_20_4_1_DSP48_1_386 |         19 |         19 |       0 |    0 |     0 |      0 |      0 |          1 |
|           mac_muladd_8s_8ns_20s_20_4_1_U217                                       |           ursa_vanilla_bram_mxm_execute_ursa_0_0_mxm_execute_ursa_mac_muladd_8s_8ns_20s_20_4_1_185 |         22 |         22 |       0 |    0 |     0 |      0 |      0 |          1 |
|             mxm_execute_ursa_mac_muladd_8s_8ns_20s_20_4_1_DSP48_1_U               |   ursa_vanilla_bram_mxm_execute_ursa_0_0_mxm_execute_ursa_mac_muladd_8s_8ns_20s_20_4_1_DSP48_1_385 |         22 |         22 |       0 |    0 |     0 |      0 |      0 |          1 |
|           mac_muladd_8s_8ns_20s_20_4_1_U218                                       |           ursa_vanilla_bram_mxm_execute_ursa_0_0_mxm_execute_ursa_mac_muladd_8s_8ns_20s_20_4_1_186 |         22 |         22 |       0 |    0 |     0 |      0 |      0 |          1 |
|             mxm_execute_ursa_mac_muladd_8s_8ns_20s_20_4_1_DSP48_1_U               |   ursa_vanilla_bram_mxm_execute_ursa_0_0_mxm_execute_ursa_mac_muladd_8s_8ns_20s_20_4_1_DSP48_1_384 |         22 |         22 |       0 |    0 |     0 |      0 |      0 |          1 |
|           mac_muladd_8s_8ns_20s_20_4_1_U219                                       |           ursa_vanilla_bram_mxm_execute_ursa_0_0_mxm_execute_ursa_mac_muladd_8s_8ns_20s_20_4_1_187 |         19 |         19 |       0 |    0 |     0 |      0 |      0 |          1 |
|             mxm_execute_ursa_mac_muladd_8s_8ns_20s_20_4_1_DSP48_1_U               |   ursa_vanilla_bram_mxm_execute_ursa_0_0_mxm_execute_ursa_mac_muladd_8s_8ns_20s_20_4_1_DSP48_1_383 |         19 |         19 |       0 |    0 |     0 |      0 |      0 |          1 |
|           mac_muladd_8s_8ns_20s_20_4_1_U220                                       |           ursa_vanilla_bram_mxm_execute_ursa_0_0_mxm_execute_ursa_mac_muladd_8s_8ns_20s_20_4_1_188 |         20 |         20 |       0 |    0 |     0 |      0 |      0 |          1 |
|             mxm_execute_ursa_mac_muladd_8s_8ns_20s_20_4_1_DSP48_1_U               |   ursa_vanilla_bram_mxm_execute_ursa_0_0_mxm_execute_ursa_mac_muladd_8s_8ns_20s_20_4_1_DSP48_1_382 |         20 |         20 |       0 |    0 |     0 |      0 |      0 |          1 |
|           mac_muladd_8s_8ns_20s_20_4_1_U221                                       |           ursa_vanilla_bram_mxm_execute_ursa_0_0_mxm_execute_ursa_mac_muladd_8s_8ns_20s_20_4_1_189 |         23 |         23 |       0 |    0 |     0 |      0 |      0 |          1 |
|             mxm_execute_ursa_mac_muladd_8s_8ns_20s_20_4_1_DSP48_1_U               |   ursa_vanilla_bram_mxm_execute_ursa_0_0_mxm_execute_ursa_mac_muladd_8s_8ns_20s_20_4_1_DSP48_1_381 |         23 |         23 |       0 |    0 |     0 |      0 |      0 |          1 |
|           mac_muladd_8s_8ns_20s_20_4_1_U222                                       |           ursa_vanilla_bram_mxm_execute_ursa_0_0_mxm_execute_ursa_mac_muladd_8s_8ns_20s_20_4_1_190 |         25 |         25 |       0 |    0 |     0 |      0 |      0 |          1 |
|             mxm_execute_ursa_mac_muladd_8s_8ns_20s_20_4_1_DSP48_1_U               |   ursa_vanilla_bram_mxm_execute_ursa_0_0_mxm_execute_ursa_mac_muladd_8s_8ns_20s_20_4_1_DSP48_1_380 |         25 |         25 |       0 |    0 |     0 |      0 |      0 |          1 |
|           mac_muladd_8s_8ns_20s_20_4_1_U223                                       |           ursa_vanilla_bram_mxm_execute_ursa_0_0_mxm_execute_ursa_mac_muladd_8s_8ns_20s_20_4_1_191 |         22 |         22 |       0 |    0 |     0 |      0 |      0 |          1 |
|             mxm_execute_ursa_mac_muladd_8s_8ns_20s_20_4_1_DSP48_1_U               |   ursa_vanilla_bram_mxm_execute_ursa_0_0_mxm_execute_ursa_mac_muladd_8s_8ns_20s_20_4_1_DSP48_1_379 |         22 |         22 |       0 |    0 |     0 |      0 |      0 |          1 |
|           mac_muladd_8s_8ns_20s_20_4_1_U224                                       |           ursa_vanilla_bram_mxm_execute_ursa_0_0_mxm_execute_ursa_mac_muladd_8s_8ns_20s_20_4_1_192 |         25 |         25 |       0 |    0 |     0 |      0 |      0 |          1 |
|             mxm_execute_ursa_mac_muladd_8s_8ns_20s_20_4_1_DSP48_1_U               |   ursa_vanilla_bram_mxm_execute_ursa_0_0_mxm_execute_ursa_mac_muladd_8s_8ns_20s_20_4_1_DSP48_1_378 |         25 |         25 |       0 |    0 |     0 |      0 |      0 |          1 |
|           mac_muladd_8s_8ns_20s_20_4_1_U225                                       |           ursa_vanilla_bram_mxm_execute_ursa_0_0_mxm_execute_ursa_mac_muladd_8s_8ns_20s_20_4_1_193 |         22 |         22 |       0 |    0 |     0 |      0 |      0 |          1 |
|             mxm_execute_ursa_mac_muladd_8s_8ns_20s_20_4_1_DSP48_1_U               |   ursa_vanilla_bram_mxm_execute_ursa_0_0_mxm_execute_ursa_mac_muladd_8s_8ns_20s_20_4_1_DSP48_1_377 |         22 |         22 |       0 |    0 |     0 |      0 |      0 |          1 |
|           mac_muladd_8s_8ns_20s_20_4_1_U226                                       |           ursa_vanilla_bram_mxm_execute_ursa_0_0_mxm_execute_ursa_mac_muladd_8s_8ns_20s_20_4_1_194 |         21 |         21 |       0 |    0 |     0 |      0 |      0 |          1 |
|             mxm_execute_ursa_mac_muladd_8s_8ns_20s_20_4_1_DSP48_1_U               |   ursa_vanilla_bram_mxm_execute_ursa_0_0_mxm_execute_ursa_mac_muladd_8s_8ns_20s_20_4_1_DSP48_1_376 |         21 |         21 |       0 |    0 |     0 |      0 |      0 |          1 |
|           mac_muladd_8s_8ns_20s_20_4_1_U227                                       |           ursa_vanilla_bram_mxm_execute_ursa_0_0_mxm_execute_ursa_mac_muladd_8s_8ns_20s_20_4_1_195 |         27 |         27 |       0 |    0 |     0 |      0 |      0 |          1 |
|             mxm_execute_ursa_mac_muladd_8s_8ns_20s_20_4_1_DSP48_1_U               |   ursa_vanilla_bram_mxm_execute_ursa_0_0_mxm_execute_ursa_mac_muladd_8s_8ns_20s_20_4_1_DSP48_1_375 |         27 |         27 |       0 |    0 |     0 |      0 |      0 |          1 |
|           mac_muladd_8s_8ns_20s_20_4_1_U228                                       |           ursa_vanilla_bram_mxm_execute_ursa_0_0_mxm_execute_ursa_mac_muladd_8s_8ns_20s_20_4_1_196 |         23 |         23 |       0 |    0 |     0 |      0 |      0 |          1 |
|             mxm_execute_ursa_mac_muladd_8s_8ns_20s_20_4_1_DSP48_1_U               |   ursa_vanilla_bram_mxm_execute_ursa_0_0_mxm_execute_ursa_mac_muladd_8s_8ns_20s_20_4_1_DSP48_1_374 |         23 |         23 |       0 |    0 |     0 |      0 |      0 |          1 |
|           mac_muladd_8s_8ns_20s_20_4_1_U229                                       |           ursa_vanilla_bram_mxm_execute_ursa_0_0_mxm_execute_ursa_mac_muladd_8s_8ns_20s_20_4_1_197 |         25 |         25 |       0 |    0 |     0 |      0 |      0 |          1 |
|             mxm_execute_ursa_mac_muladd_8s_8ns_20s_20_4_1_DSP48_1_U               |   ursa_vanilla_bram_mxm_execute_ursa_0_0_mxm_execute_ursa_mac_muladd_8s_8ns_20s_20_4_1_DSP48_1_373 |         25 |         25 |       0 |    0 |     0 |      0 |      0 |          1 |
|           mac_muladd_8s_8ns_20s_20_4_1_U230                                       |           ursa_vanilla_bram_mxm_execute_ursa_0_0_mxm_execute_ursa_mac_muladd_8s_8ns_20s_20_4_1_198 |         23 |         23 |       0 |    0 |     0 |      0 |      0 |          1 |
|             mxm_execute_ursa_mac_muladd_8s_8ns_20s_20_4_1_DSP48_1_U               |   ursa_vanilla_bram_mxm_execute_ursa_0_0_mxm_execute_ursa_mac_muladd_8s_8ns_20s_20_4_1_DSP48_1_372 |         23 |         23 |       0 |    0 |     0 |      0 |      0 |          1 |
|           mac_muladd_8s_8ns_20s_20_4_1_U231                                       |           ursa_vanilla_bram_mxm_execute_ursa_0_0_mxm_execute_ursa_mac_muladd_8s_8ns_20s_20_4_1_199 |         24 |         24 |       0 |    0 |     0 |      0 |      0 |          1 |
|             mxm_execute_ursa_mac_muladd_8s_8ns_20s_20_4_1_DSP48_1_U               |   ursa_vanilla_bram_mxm_execute_ursa_0_0_mxm_execute_ursa_mac_muladd_8s_8ns_20s_20_4_1_DSP48_1_371 |         24 |         24 |       0 |    0 |     0 |      0 |      0 |          1 |
|           mac_muladd_8s_8ns_20s_20_4_1_U232                                       |           ursa_vanilla_bram_mxm_execute_ursa_0_0_mxm_execute_ursa_mac_muladd_8s_8ns_20s_20_4_1_200 |         23 |         23 |       0 |    0 |     0 |      0 |      0 |          1 |
|             mxm_execute_ursa_mac_muladd_8s_8ns_20s_20_4_1_DSP48_1_U               |   ursa_vanilla_bram_mxm_execute_ursa_0_0_mxm_execute_ursa_mac_muladd_8s_8ns_20s_20_4_1_DSP48_1_370 |         23 |         23 |       0 |    0 |     0 |      0 |      0 |          1 |
|           mac_muladd_8s_8ns_20s_20_4_1_U233                                       |           ursa_vanilla_bram_mxm_execute_ursa_0_0_mxm_execute_ursa_mac_muladd_8s_8ns_20s_20_4_1_201 |         21 |         21 |       0 |    0 |     0 |      0 |      0 |          1 |
|             mxm_execute_ursa_mac_muladd_8s_8ns_20s_20_4_1_DSP48_1_U               |   ursa_vanilla_bram_mxm_execute_ursa_0_0_mxm_execute_ursa_mac_muladd_8s_8ns_20s_20_4_1_DSP48_1_369 |         21 |         21 |       0 |    0 |     0 |      0 |      0 |          1 |
|           mac_muladd_8s_8ns_20s_20_4_1_U234                                       |           ursa_vanilla_bram_mxm_execute_ursa_0_0_mxm_execute_ursa_mac_muladd_8s_8ns_20s_20_4_1_202 |         22 |         22 |       0 |    0 |     0 |      0 |      0 |          1 |
|             mxm_execute_ursa_mac_muladd_8s_8ns_20s_20_4_1_DSP48_1_U               |   ursa_vanilla_bram_mxm_execute_ursa_0_0_mxm_execute_ursa_mac_muladd_8s_8ns_20s_20_4_1_DSP48_1_368 |         22 |         22 |       0 |    0 |     0 |      0 |      0 |          1 |
|           mac_muladd_8s_8ns_20s_20_4_1_U235                                       |           ursa_vanilla_bram_mxm_execute_ursa_0_0_mxm_execute_ursa_mac_muladd_8s_8ns_20s_20_4_1_203 |         25 |         25 |       0 |    0 |     0 |      0 |      0 |          1 |
|             mxm_execute_ursa_mac_muladd_8s_8ns_20s_20_4_1_DSP48_1_U               |   ursa_vanilla_bram_mxm_execute_ursa_0_0_mxm_execute_ursa_mac_muladd_8s_8ns_20s_20_4_1_DSP48_1_367 |         25 |         25 |       0 |    0 |     0 |      0 |      0 |          1 |
|           mac_muladd_8s_8ns_20s_20_4_1_U236                                       |           ursa_vanilla_bram_mxm_execute_ursa_0_0_mxm_execute_ursa_mac_muladd_8s_8ns_20s_20_4_1_204 |         22 |         22 |       0 |    0 |     0 |      0 |      0 |          1 |
|             mxm_execute_ursa_mac_muladd_8s_8ns_20s_20_4_1_DSP48_1_U               |   ursa_vanilla_bram_mxm_execute_ursa_0_0_mxm_execute_ursa_mac_muladd_8s_8ns_20s_20_4_1_DSP48_1_366 |         22 |         22 |       0 |    0 |     0 |      0 |      0 |          1 |
|           mac_muladd_8s_8ns_20s_20_4_1_U237                                       |           ursa_vanilla_bram_mxm_execute_ursa_0_0_mxm_execute_ursa_mac_muladd_8s_8ns_20s_20_4_1_205 |         22 |         22 |       0 |    0 |     0 |      0 |      0 |          1 |
|             mxm_execute_ursa_mac_muladd_8s_8ns_20s_20_4_1_DSP48_1_U               |   ursa_vanilla_bram_mxm_execute_ursa_0_0_mxm_execute_ursa_mac_muladd_8s_8ns_20s_20_4_1_DSP48_1_365 |         22 |         22 |       0 |    0 |     0 |      0 |      0 |          1 |
|           mac_muladd_8s_8ns_20s_20_4_1_U238                                       |           ursa_vanilla_bram_mxm_execute_ursa_0_0_mxm_execute_ursa_mac_muladd_8s_8ns_20s_20_4_1_206 |         23 |         23 |       0 |    0 |     0 |      0 |      0 |          1 |
|             mxm_execute_ursa_mac_muladd_8s_8ns_20s_20_4_1_DSP48_1_U               |   ursa_vanilla_bram_mxm_execute_ursa_0_0_mxm_execute_ursa_mac_muladd_8s_8ns_20s_20_4_1_DSP48_1_364 |         23 |         23 |       0 |    0 |     0 |      0 |      0 |          1 |
|           mac_muladd_8s_8ns_20s_20_4_1_U239                                       |           ursa_vanilla_bram_mxm_execute_ursa_0_0_mxm_execute_ursa_mac_muladd_8s_8ns_20s_20_4_1_207 |         25 |         25 |       0 |    0 |     0 |      0 |      0 |          1 |
|             mxm_execute_ursa_mac_muladd_8s_8ns_20s_20_4_1_DSP48_1_U               |   ursa_vanilla_bram_mxm_execute_ursa_0_0_mxm_execute_ursa_mac_muladd_8s_8ns_20s_20_4_1_DSP48_1_363 |         25 |         25 |       0 |    0 |     0 |      0 |      0 |          1 |
|           mac_muladd_8s_8ns_20s_20_4_1_U240                                       |           ursa_vanilla_bram_mxm_execute_ursa_0_0_mxm_execute_ursa_mac_muladd_8s_8ns_20s_20_4_1_208 |         26 |         26 |       0 |    0 |     0 |      0 |      0 |          1 |
|             mxm_execute_ursa_mac_muladd_8s_8ns_20s_20_4_1_DSP48_1_U               |   ursa_vanilla_bram_mxm_execute_ursa_0_0_mxm_execute_ursa_mac_muladd_8s_8ns_20s_20_4_1_DSP48_1_362 |         26 |         26 |       0 |    0 |     0 |      0 |      0 |          1 |
|           mac_muladd_8s_8ns_20s_20_4_1_U241                                       |           ursa_vanilla_bram_mxm_execute_ursa_0_0_mxm_execute_ursa_mac_muladd_8s_8ns_20s_20_4_1_209 |         21 |         21 |       0 |    0 |     0 |      0 |      0 |          1 |
|             mxm_execute_ursa_mac_muladd_8s_8ns_20s_20_4_1_DSP48_1_U               |   ursa_vanilla_bram_mxm_execute_ursa_0_0_mxm_execute_ursa_mac_muladd_8s_8ns_20s_20_4_1_DSP48_1_361 |         21 |         21 |       0 |    0 |     0 |      0 |      0 |          1 |
|           mac_muladd_8s_8ns_20s_20_4_1_U242                                       |           ursa_vanilla_bram_mxm_execute_ursa_0_0_mxm_execute_ursa_mac_muladd_8s_8ns_20s_20_4_1_210 |         18 |         18 |       0 |    0 |     0 |      0 |      0 |          1 |
|             mxm_execute_ursa_mac_muladd_8s_8ns_20s_20_4_1_DSP48_1_U               |   ursa_vanilla_bram_mxm_execute_ursa_0_0_mxm_execute_ursa_mac_muladd_8s_8ns_20s_20_4_1_DSP48_1_360 |         18 |         18 |       0 |    0 |     0 |      0 |      0 |          1 |
|           mac_muladd_8s_8ns_20s_20_4_1_U243                                       |           ursa_vanilla_bram_mxm_execute_ursa_0_0_mxm_execute_ursa_mac_muladd_8s_8ns_20s_20_4_1_211 |         25 |         25 |       0 |    0 |     0 |      0 |      0 |          1 |
|             mxm_execute_ursa_mac_muladd_8s_8ns_20s_20_4_1_DSP48_1_U               |   ursa_vanilla_bram_mxm_execute_ursa_0_0_mxm_execute_ursa_mac_muladd_8s_8ns_20s_20_4_1_DSP48_1_359 |         25 |         25 |       0 |    0 |     0 |      0 |      0 |          1 |
|           mac_muladd_8s_8ns_20s_20_4_1_U244                                       |           ursa_vanilla_bram_mxm_execute_ursa_0_0_mxm_execute_ursa_mac_muladd_8s_8ns_20s_20_4_1_212 |         18 |         18 |       0 |    0 |     0 |      0 |      0 |          1 |
|             mxm_execute_ursa_mac_muladd_8s_8ns_20s_20_4_1_DSP48_1_U               |   ursa_vanilla_bram_mxm_execute_ursa_0_0_mxm_execute_ursa_mac_muladd_8s_8ns_20s_20_4_1_DSP48_1_358 |         18 |         18 |       0 |    0 |     0 |      0 |      0 |          1 |
|           mac_muladd_8s_8ns_20s_20_4_1_U245                                       |           ursa_vanilla_bram_mxm_execute_ursa_0_0_mxm_execute_ursa_mac_muladd_8s_8ns_20s_20_4_1_213 |         19 |         19 |       0 |    0 |     0 |      0 |      0 |          1 |
|             mxm_execute_ursa_mac_muladd_8s_8ns_20s_20_4_1_DSP48_1_U               |   ursa_vanilla_bram_mxm_execute_ursa_0_0_mxm_execute_ursa_mac_muladd_8s_8ns_20s_20_4_1_DSP48_1_357 |         19 |         19 |       0 |    0 |     0 |      0 |      0 |          1 |
|           mac_muladd_8s_8ns_20s_20_4_1_U246                                       |           ursa_vanilla_bram_mxm_execute_ursa_0_0_mxm_execute_ursa_mac_muladd_8s_8ns_20s_20_4_1_214 |         19 |         19 |       0 |    0 |     0 |      0 |      0 |          1 |
|             mxm_execute_ursa_mac_muladd_8s_8ns_20s_20_4_1_DSP48_1_U               |   ursa_vanilla_bram_mxm_execute_ursa_0_0_mxm_execute_ursa_mac_muladd_8s_8ns_20s_20_4_1_DSP48_1_356 |         19 |         19 |       0 |    0 |     0 |      0 |      0 |          1 |
|           mac_muladd_8s_8ns_20s_20_4_1_U247                                       |           ursa_vanilla_bram_mxm_execute_ursa_0_0_mxm_execute_ursa_mac_muladd_8s_8ns_20s_20_4_1_215 |         18 |         18 |       0 |    0 |     0 |      0 |      0 |          1 |
|             mxm_execute_ursa_mac_muladd_8s_8ns_20s_20_4_1_DSP48_1_U               |   ursa_vanilla_bram_mxm_execute_ursa_0_0_mxm_execute_ursa_mac_muladd_8s_8ns_20s_20_4_1_DSP48_1_355 |         18 |         18 |       0 |    0 |     0 |      0 |      0 |          1 |
|           mac_muladd_8s_8ns_20s_20_4_1_U248                                       |           ursa_vanilla_bram_mxm_execute_ursa_0_0_mxm_execute_ursa_mac_muladd_8s_8ns_20s_20_4_1_216 |         21 |         21 |       0 |    0 |     0 |      0 |      0 |          1 |
|             mxm_execute_ursa_mac_muladd_8s_8ns_20s_20_4_1_DSP48_1_U               |   ursa_vanilla_bram_mxm_execute_ursa_0_0_mxm_execute_ursa_mac_muladd_8s_8ns_20s_20_4_1_DSP48_1_354 |         21 |         21 |       0 |    0 |     0 |      0 |      0 |          1 |
|           mac_muladd_8s_8ns_20s_20_4_1_U249                                       |           ursa_vanilla_bram_mxm_execute_ursa_0_0_mxm_execute_ursa_mac_muladd_8s_8ns_20s_20_4_1_217 |         22 |         22 |       0 |    0 |     0 |      0 |      0 |          1 |
|             mxm_execute_ursa_mac_muladd_8s_8ns_20s_20_4_1_DSP48_1_U               |   ursa_vanilla_bram_mxm_execute_ursa_0_0_mxm_execute_ursa_mac_muladd_8s_8ns_20s_20_4_1_DSP48_1_353 |         22 |         22 |       0 |    0 |     0 |      0 |      0 |          1 |
|           mac_muladd_8s_8ns_20s_20_4_1_U250                                       |           ursa_vanilla_bram_mxm_execute_ursa_0_0_mxm_execute_ursa_mac_muladd_8s_8ns_20s_20_4_1_218 |         23 |         23 |       0 |    0 |     0 |      0 |      0 |          1 |
|             mxm_execute_ursa_mac_muladd_8s_8ns_20s_20_4_1_DSP48_1_U               |   ursa_vanilla_bram_mxm_execute_ursa_0_0_mxm_execute_ursa_mac_muladd_8s_8ns_20s_20_4_1_DSP48_1_352 |         23 |         23 |       0 |    0 |     0 |      0 |      0 |          1 |
|           mac_muladd_8s_8ns_20s_20_4_1_U251                                       |           ursa_vanilla_bram_mxm_execute_ursa_0_0_mxm_execute_ursa_mac_muladd_8s_8ns_20s_20_4_1_219 |         21 |         21 |       0 |    0 |     0 |      0 |      0 |          1 |
|             mxm_execute_ursa_mac_muladd_8s_8ns_20s_20_4_1_DSP48_1_U               |   ursa_vanilla_bram_mxm_execute_ursa_0_0_mxm_execute_ursa_mac_muladd_8s_8ns_20s_20_4_1_DSP48_1_351 |         21 |         21 |       0 |    0 |     0 |      0 |      0 |          1 |
|           mac_muladd_8s_8ns_20s_20_4_1_U252                                       |           ursa_vanilla_bram_mxm_execute_ursa_0_0_mxm_execute_ursa_mac_muladd_8s_8ns_20s_20_4_1_220 |         20 |         20 |       0 |    0 |     0 |      0 |      0 |          1 |
|             mxm_execute_ursa_mac_muladd_8s_8ns_20s_20_4_1_DSP48_1_U               |   ursa_vanilla_bram_mxm_execute_ursa_0_0_mxm_execute_ursa_mac_muladd_8s_8ns_20s_20_4_1_DSP48_1_350 |         20 |         20 |       0 |    0 |     0 |      0 |      0 |          1 |
|           mac_muladd_8s_8ns_20s_20_4_1_U253                                       |           ursa_vanilla_bram_mxm_execute_ursa_0_0_mxm_execute_ursa_mac_muladd_8s_8ns_20s_20_4_1_221 |         17 |         17 |       0 |    0 |     0 |      0 |      0 |          1 |
|             mxm_execute_ursa_mac_muladd_8s_8ns_20s_20_4_1_DSP48_1_U               |   ursa_vanilla_bram_mxm_execute_ursa_0_0_mxm_execute_ursa_mac_muladd_8s_8ns_20s_20_4_1_DSP48_1_349 |         17 |         17 |       0 |    0 |     0 |      0 |      0 |          1 |
|           mac_muladd_8s_8ns_20s_20_4_1_U254                                       |           ursa_vanilla_bram_mxm_execute_ursa_0_0_mxm_execute_ursa_mac_muladd_8s_8ns_20s_20_4_1_222 |         20 |         20 |       0 |    0 |     0 |      0 |      0 |          1 |
|             mxm_execute_ursa_mac_muladd_8s_8ns_20s_20_4_1_DSP48_1_U               |   ursa_vanilla_bram_mxm_execute_ursa_0_0_mxm_execute_ursa_mac_muladd_8s_8ns_20s_20_4_1_DSP48_1_348 |         20 |         20 |       0 |    0 |     0 |      0 |      0 |          1 |
|           mac_muladd_8s_8ns_20s_20_4_1_U255                                       |           ursa_vanilla_bram_mxm_execute_ursa_0_0_mxm_execute_ursa_mac_muladd_8s_8ns_20s_20_4_1_223 |         21 |         21 |       0 |    0 |     0 |      0 |      0 |          1 |
|             mxm_execute_ursa_mac_muladd_8s_8ns_20s_20_4_1_DSP48_1_U               |   ursa_vanilla_bram_mxm_execute_ursa_0_0_mxm_execute_ursa_mac_muladd_8s_8ns_20s_20_4_1_DSP48_1_347 |         21 |         21 |       0 |    0 |     0 |      0 |      0 |          1 |
|           mac_muladd_8s_8ns_20s_20_4_1_U256                                       |           ursa_vanilla_bram_mxm_execute_ursa_0_0_mxm_execute_ursa_mac_muladd_8s_8ns_20s_20_4_1_224 |         22 |         22 |       0 |    0 |     0 |      0 |      0 |          1 |
|             mxm_execute_ursa_mac_muladd_8s_8ns_20s_20_4_1_DSP48_1_U               |   ursa_vanilla_bram_mxm_execute_ursa_0_0_mxm_execute_ursa_mac_muladd_8s_8ns_20s_20_4_1_DSP48_1_346 |         22 |         22 |       0 |    0 |     0 |      0 |      0 |          1 |
|           mac_muladd_8s_8ns_20s_20_4_1_U257                                       |           ursa_vanilla_bram_mxm_execute_ursa_0_0_mxm_execute_ursa_mac_muladd_8s_8ns_20s_20_4_1_225 |         21 |         21 |       0 |    0 |     0 |      0 |      0 |          1 |
|             mxm_execute_ursa_mac_muladd_8s_8ns_20s_20_4_1_DSP48_1_U               |   ursa_vanilla_bram_mxm_execute_ursa_0_0_mxm_execute_ursa_mac_muladd_8s_8ns_20s_20_4_1_DSP48_1_345 |         21 |         21 |       0 |    0 |     0 |      0 |      0 |          1 |
|           mac_muladd_8s_8ns_20s_20_4_1_U258                                       |           ursa_vanilla_bram_mxm_execute_ursa_0_0_mxm_execute_ursa_mac_muladd_8s_8ns_20s_20_4_1_226 |         19 |         19 |       0 |    0 |     0 |      0 |      0 |          1 |
|             mxm_execute_ursa_mac_muladd_8s_8ns_20s_20_4_1_DSP48_1_U               |   ursa_vanilla_bram_mxm_execute_ursa_0_0_mxm_execute_ursa_mac_muladd_8s_8ns_20s_20_4_1_DSP48_1_344 |         19 |         19 |       0 |    0 |     0 |      0 |      0 |          1 |
|           mac_muladd_8s_8ns_20s_20_4_1_U259                                       |           ursa_vanilla_bram_mxm_execute_ursa_0_0_mxm_execute_ursa_mac_muladd_8s_8ns_20s_20_4_1_227 |         21 |         21 |       0 |    0 |     0 |      0 |      0 |          1 |
|             mxm_execute_ursa_mac_muladd_8s_8ns_20s_20_4_1_DSP48_1_U               |   ursa_vanilla_bram_mxm_execute_ursa_0_0_mxm_execute_ursa_mac_muladd_8s_8ns_20s_20_4_1_DSP48_1_343 |         21 |         21 |       0 |    0 |     0 |      0 |      0 |          1 |
|           mac_muladd_8s_8ns_20s_20_4_1_U260                                       |           ursa_vanilla_bram_mxm_execute_ursa_0_0_mxm_execute_ursa_mac_muladd_8s_8ns_20s_20_4_1_228 |         19 |         19 |       0 |    0 |     0 |      0 |      0 |          1 |
|             mxm_execute_ursa_mac_muladd_8s_8ns_20s_20_4_1_DSP48_1_U               |   ursa_vanilla_bram_mxm_execute_ursa_0_0_mxm_execute_ursa_mac_muladd_8s_8ns_20s_20_4_1_DSP48_1_342 |         19 |         19 |       0 |    0 |     0 |      0 |      0 |          1 |
|           mac_muladd_8s_8ns_20s_20_4_1_U261                                       |           ursa_vanilla_bram_mxm_execute_ursa_0_0_mxm_execute_ursa_mac_muladd_8s_8ns_20s_20_4_1_229 |         21 |         21 |       0 |    0 |     0 |      0 |      0 |          1 |
|             mxm_execute_ursa_mac_muladd_8s_8ns_20s_20_4_1_DSP48_1_U               |   ursa_vanilla_bram_mxm_execute_ursa_0_0_mxm_execute_ursa_mac_muladd_8s_8ns_20s_20_4_1_DSP48_1_341 |         21 |         21 |       0 |    0 |     0 |      0 |      0 |          1 |
|           mac_muladd_8s_8ns_20s_20_4_1_U262                                       |           ursa_vanilla_bram_mxm_execute_ursa_0_0_mxm_execute_ursa_mac_muladd_8s_8ns_20s_20_4_1_230 |         20 |         20 |       0 |    0 |     0 |      0 |      0 |          1 |
|             mxm_execute_ursa_mac_muladd_8s_8ns_20s_20_4_1_DSP48_1_U               |   ursa_vanilla_bram_mxm_execute_ursa_0_0_mxm_execute_ursa_mac_muladd_8s_8ns_20s_20_4_1_DSP48_1_340 |         20 |         20 |       0 |    0 |     0 |      0 |      0 |          1 |
|           mac_muladd_8s_8ns_20s_20_4_1_U263                                       |           ursa_vanilla_bram_mxm_execute_ursa_0_0_mxm_execute_ursa_mac_muladd_8s_8ns_20s_20_4_1_231 |         25 |         25 |       0 |    0 |     0 |      0 |      0 |          1 |
|             mxm_execute_ursa_mac_muladd_8s_8ns_20s_20_4_1_DSP48_1_U               |   ursa_vanilla_bram_mxm_execute_ursa_0_0_mxm_execute_ursa_mac_muladd_8s_8ns_20s_20_4_1_DSP48_1_339 |         25 |         25 |       0 |    0 |     0 |      0 |      0 |          1 |
|           mac_muladd_8s_8ns_20s_20_4_1_U264                                       |           ursa_vanilla_bram_mxm_execute_ursa_0_0_mxm_execute_ursa_mac_muladd_8s_8ns_20s_20_4_1_232 |         21 |         21 |       0 |    0 |     0 |      0 |      0 |          1 |
|             mxm_execute_ursa_mac_muladd_8s_8ns_20s_20_4_1_DSP48_1_U               |   ursa_vanilla_bram_mxm_execute_ursa_0_0_mxm_execute_ursa_mac_muladd_8s_8ns_20s_20_4_1_DSP48_1_338 |         21 |         21 |       0 |    0 |     0 |      0 |      0 |          1 |
|           mac_muladd_8s_8ns_20s_20_4_1_U265                                       |           ursa_vanilla_bram_mxm_execute_ursa_0_0_mxm_execute_ursa_mac_muladd_8s_8ns_20s_20_4_1_233 |         22 |         22 |       0 |    0 |     0 |      0 |      0 |          1 |
|             mxm_execute_ursa_mac_muladd_8s_8ns_20s_20_4_1_DSP48_1_U               |   ursa_vanilla_bram_mxm_execute_ursa_0_0_mxm_execute_ursa_mac_muladd_8s_8ns_20s_20_4_1_DSP48_1_337 |         22 |         22 |       0 |    0 |     0 |      0 |      0 |          1 |
|           mac_muladd_8s_8ns_20s_20_4_1_U266                                       |           ursa_vanilla_bram_mxm_execute_ursa_0_0_mxm_execute_ursa_mac_muladd_8s_8ns_20s_20_4_1_234 |         25 |         25 |       0 |    0 |     0 |      0 |      0 |          1 |
|             mxm_execute_ursa_mac_muladd_8s_8ns_20s_20_4_1_DSP48_1_U               |   ursa_vanilla_bram_mxm_execute_ursa_0_0_mxm_execute_ursa_mac_muladd_8s_8ns_20s_20_4_1_DSP48_1_336 |         25 |         25 |       0 |    0 |     0 |      0 |      0 |          1 |
|           mac_muladd_8s_8ns_20s_20_4_1_U267                                       |           ursa_vanilla_bram_mxm_execute_ursa_0_0_mxm_execute_ursa_mac_muladd_8s_8ns_20s_20_4_1_235 |         23 |         23 |       0 |    0 |     0 |      0 |      0 |          1 |
|             mxm_execute_ursa_mac_muladd_8s_8ns_20s_20_4_1_DSP48_1_U               |   ursa_vanilla_bram_mxm_execute_ursa_0_0_mxm_execute_ursa_mac_muladd_8s_8ns_20s_20_4_1_DSP48_1_335 |         23 |         23 |       0 |    0 |     0 |      0 |      0 |          1 |
|           mac_muladd_8s_8ns_20s_20_4_1_U268                                       |           ursa_vanilla_bram_mxm_execute_ursa_0_0_mxm_execute_ursa_mac_muladd_8s_8ns_20s_20_4_1_236 |         25 |         25 |       0 |    0 |     0 |      0 |      0 |          1 |
|             mxm_execute_ursa_mac_muladd_8s_8ns_20s_20_4_1_DSP48_1_U               |   ursa_vanilla_bram_mxm_execute_ursa_0_0_mxm_execute_ursa_mac_muladd_8s_8ns_20s_20_4_1_DSP48_1_334 |         25 |         25 |       0 |    0 |     0 |      0 |      0 |          1 |
|           mac_muladd_8s_8ns_20s_20_4_1_U269                                       |           ursa_vanilla_bram_mxm_execute_ursa_0_0_mxm_execute_ursa_mac_muladd_8s_8ns_20s_20_4_1_237 |         22 |         22 |       0 |    0 |     0 |      0 |      0 |          1 |
|             mxm_execute_ursa_mac_muladd_8s_8ns_20s_20_4_1_DSP48_1_U               |   ursa_vanilla_bram_mxm_execute_ursa_0_0_mxm_execute_ursa_mac_muladd_8s_8ns_20s_20_4_1_DSP48_1_333 |         22 |         22 |       0 |    0 |     0 |      0 |      0 |          1 |
|           mac_muladd_8s_8ns_20s_20_4_1_U270                                       |           ursa_vanilla_bram_mxm_execute_ursa_0_0_mxm_execute_ursa_mac_muladd_8s_8ns_20s_20_4_1_238 |         23 |         23 |       0 |    0 |     0 |      0 |      0 |          1 |
|             mxm_execute_ursa_mac_muladd_8s_8ns_20s_20_4_1_DSP48_1_U               |   ursa_vanilla_bram_mxm_execute_ursa_0_0_mxm_execute_ursa_mac_muladd_8s_8ns_20s_20_4_1_DSP48_1_332 |         23 |         23 |       0 |    0 |     0 |      0 |      0 |          1 |
|           mac_muladd_8s_8ns_20s_20_4_1_U271                                       |           ursa_vanilla_bram_mxm_execute_ursa_0_0_mxm_execute_ursa_mac_muladd_8s_8ns_20s_20_4_1_239 |         21 |         21 |       0 |    0 |     0 |      0 |      0 |          1 |
|             mxm_execute_ursa_mac_muladd_8s_8ns_20s_20_4_1_DSP48_1_U               |   ursa_vanilla_bram_mxm_execute_ursa_0_0_mxm_execute_ursa_mac_muladd_8s_8ns_20s_20_4_1_DSP48_1_331 |         21 |         21 |       0 |    0 |     0 |      0 |      0 |          1 |
|           mac_muladd_8s_8ns_20s_20_4_1_U272                                       |           ursa_vanilla_bram_mxm_execute_ursa_0_0_mxm_execute_ursa_mac_muladd_8s_8ns_20s_20_4_1_240 |         24 |         24 |       0 |    0 |     0 |      0 |      0 |          1 |
|             mxm_execute_ursa_mac_muladd_8s_8ns_20s_20_4_1_DSP48_1_U               |   ursa_vanilla_bram_mxm_execute_ursa_0_0_mxm_execute_ursa_mac_muladd_8s_8ns_20s_20_4_1_DSP48_1_330 |         24 |         24 |       0 |    0 |     0 |      0 |      0 |          1 |
|           mac_muladd_8s_8ns_20s_20_4_1_U273                                       |           ursa_vanilla_bram_mxm_execute_ursa_0_0_mxm_execute_ursa_mac_muladd_8s_8ns_20s_20_4_1_241 |         26 |         26 |       0 |    0 |     0 |      0 |      0 |          1 |
|             mxm_execute_ursa_mac_muladd_8s_8ns_20s_20_4_1_DSP48_1_U               |   ursa_vanilla_bram_mxm_execute_ursa_0_0_mxm_execute_ursa_mac_muladd_8s_8ns_20s_20_4_1_DSP48_1_329 |         26 |         26 |       0 |    0 |     0 |      0 |      0 |          1 |
|           mac_muladd_8s_8ns_20s_20_4_1_U274                                       |           ursa_vanilla_bram_mxm_execute_ursa_0_0_mxm_execute_ursa_mac_muladd_8s_8ns_20s_20_4_1_242 |         91 |         91 |       0 |    0 |    64 |      0 |      0 |          0 |
|             mxm_execute_ursa_mac_muladd_8s_8ns_20s_20_4_1_DSP48_1_U               |   ursa_vanilla_bram_mxm_execute_ursa_0_0_mxm_execute_ursa_mac_muladd_8s_8ns_20s_20_4_1_DSP48_1_328 |         91 |         91 |       0 |    0 |    64 |      0 |      0 |          0 |
|           mac_muladd_8s_8ns_20s_20_4_1_U275                                       |           ursa_vanilla_bram_mxm_execute_ursa_0_0_mxm_execute_ursa_mac_muladd_8s_8ns_20s_20_4_1_243 |         91 |         91 |       0 |    0 |    64 |      0 |      0 |          0 |
|             mxm_execute_ursa_mac_muladd_8s_8ns_20s_20_4_1_DSP48_1_U               |   ursa_vanilla_bram_mxm_execute_ursa_0_0_mxm_execute_ursa_mac_muladd_8s_8ns_20s_20_4_1_DSP48_1_327 |         91 |         91 |       0 |    0 |    64 |      0 |      0 |          0 |
|           mac_muladd_8s_8ns_20s_20_4_1_U276                                       |           ursa_vanilla_bram_mxm_execute_ursa_0_0_mxm_execute_ursa_mac_muladd_8s_8ns_20s_20_4_1_244 |         91 |         91 |       0 |    0 |    64 |      0 |      0 |          0 |
|             mxm_execute_ursa_mac_muladd_8s_8ns_20s_20_4_1_DSP48_1_U               |   ursa_vanilla_bram_mxm_execute_ursa_0_0_mxm_execute_ursa_mac_muladd_8s_8ns_20s_20_4_1_DSP48_1_326 |         91 |         91 |       0 |    0 |    64 |      0 |      0 |          0 |
|           mac_muladd_8s_8ns_20s_20_4_1_U277                                       |           ursa_vanilla_bram_mxm_execute_ursa_0_0_mxm_execute_ursa_mac_muladd_8s_8ns_20s_20_4_1_245 |         91 |         91 |       0 |    0 |    64 |      0 |      0 |          0 |
|             mxm_execute_ursa_mac_muladd_8s_8ns_20s_20_4_1_DSP48_1_U               |   ursa_vanilla_bram_mxm_execute_ursa_0_0_mxm_execute_ursa_mac_muladd_8s_8ns_20s_20_4_1_DSP48_1_325 |         91 |         91 |       0 |    0 |    64 |      0 |      0 |          0 |
|           mac_muladd_8s_8ns_20s_20_4_1_U278                                       |           ursa_vanilla_bram_mxm_execute_ursa_0_0_mxm_execute_ursa_mac_muladd_8s_8ns_20s_20_4_1_246 |         91 |         91 |       0 |    0 |    64 |      0 |      0 |          0 |
|             mxm_execute_ursa_mac_muladd_8s_8ns_20s_20_4_1_DSP48_1_U               |   ursa_vanilla_bram_mxm_execute_ursa_0_0_mxm_execute_ursa_mac_muladd_8s_8ns_20s_20_4_1_DSP48_1_324 |         91 |         91 |       0 |    0 |    64 |      0 |      0 |          0 |
|           mac_muladd_8s_8ns_20s_20_4_1_U279                                       |           ursa_vanilla_bram_mxm_execute_ursa_0_0_mxm_execute_ursa_mac_muladd_8s_8ns_20s_20_4_1_247 |         91 |         91 |       0 |    0 |    64 |      0 |      0 |          0 |
|             mxm_execute_ursa_mac_muladd_8s_8ns_20s_20_4_1_DSP48_1_U               |   ursa_vanilla_bram_mxm_execute_ursa_0_0_mxm_execute_ursa_mac_muladd_8s_8ns_20s_20_4_1_DSP48_1_323 |         91 |         91 |       0 |    0 |    64 |      0 |      0 |          0 |
|           mac_muladd_8s_8ns_20s_20_4_1_U280                                       |           ursa_vanilla_bram_mxm_execute_ursa_0_0_mxm_execute_ursa_mac_muladd_8s_8ns_20s_20_4_1_248 |         91 |         91 |       0 |    0 |    64 |      0 |      0 |          0 |
|             mxm_execute_ursa_mac_muladd_8s_8ns_20s_20_4_1_DSP48_1_U               |   ursa_vanilla_bram_mxm_execute_ursa_0_0_mxm_execute_ursa_mac_muladd_8s_8ns_20s_20_4_1_DSP48_1_322 |         91 |         91 |       0 |    0 |    64 |      0 |      0 |          0 |
|           mac_muladd_8s_8ns_20s_20_4_1_U281                                       |           ursa_vanilla_bram_mxm_execute_ursa_0_0_mxm_execute_ursa_mac_muladd_8s_8ns_20s_20_4_1_249 |         91 |         91 |       0 |    0 |    64 |      0 |      0 |          0 |
|             mxm_execute_ursa_mac_muladd_8s_8ns_20s_20_4_1_DSP48_1_U               |   ursa_vanilla_bram_mxm_execute_ursa_0_0_mxm_execute_ursa_mac_muladd_8s_8ns_20s_20_4_1_DSP48_1_321 |         91 |         91 |       0 |    0 |    64 |      0 |      0 |          0 |
|           mac_muladd_8s_8ns_20s_20_4_1_U282                                       |           ursa_vanilla_bram_mxm_execute_ursa_0_0_mxm_execute_ursa_mac_muladd_8s_8ns_20s_20_4_1_250 |         95 |         95 |       0 |    0 |    64 |      0 |      0 |          0 |
|             mxm_execute_ursa_mac_muladd_8s_8ns_20s_20_4_1_DSP48_1_U               |   ursa_vanilla_bram_mxm_execute_ursa_0_0_mxm_execute_ursa_mac_muladd_8s_8ns_20s_20_4_1_DSP48_1_320 |         95 |         95 |       0 |    0 |    64 |      0 |      0 |          0 |
|           mac_muladd_8s_8ns_20s_20_4_1_U283                                       |           ursa_vanilla_bram_mxm_execute_ursa_0_0_mxm_execute_ursa_mac_muladd_8s_8ns_20s_20_4_1_251 |         91 |         91 |       0 |    0 |    64 |      0 |      0 |          0 |
|             mxm_execute_ursa_mac_muladd_8s_8ns_20s_20_4_1_DSP48_1_U               |   ursa_vanilla_bram_mxm_execute_ursa_0_0_mxm_execute_ursa_mac_muladd_8s_8ns_20s_20_4_1_DSP48_1_319 |         91 |         91 |       0 |    0 |    64 |      0 |      0 |          0 |
|           mac_muladd_8s_8ns_20s_20_4_1_U284                                       |           ursa_vanilla_bram_mxm_execute_ursa_0_0_mxm_execute_ursa_mac_muladd_8s_8ns_20s_20_4_1_252 |         91 |         91 |       0 |    0 |    64 |      0 |      0 |          0 |
|             mxm_execute_ursa_mac_muladd_8s_8ns_20s_20_4_1_DSP48_1_U               |   ursa_vanilla_bram_mxm_execute_ursa_0_0_mxm_execute_ursa_mac_muladd_8s_8ns_20s_20_4_1_DSP48_1_318 |         91 |         91 |       0 |    0 |    64 |      0 |      0 |          0 |
|           mac_muladd_8s_8ns_20s_20_4_1_U285                                       |           ursa_vanilla_bram_mxm_execute_ursa_0_0_mxm_execute_ursa_mac_muladd_8s_8ns_20s_20_4_1_253 |         91 |         91 |       0 |    0 |    64 |      0 |      0 |          0 |
|             mxm_execute_ursa_mac_muladd_8s_8ns_20s_20_4_1_DSP48_1_U               |   ursa_vanilla_bram_mxm_execute_ursa_0_0_mxm_execute_ursa_mac_muladd_8s_8ns_20s_20_4_1_DSP48_1_317 |         91 |         91 |       0 |    0 |    64 |      0 |      0 |          0 |
|           mac_muladd_8s_8ns_20s_20_4_1_U286                                       |           ursa_vanilla_bram_mxm_execute_ursa_0_0_mxm_execute_ursa_mac_muladd_8s_8ns_20s_20_4_1_254 |         91 |         91 |       0 |    0 |    64 |      0 |      0 |          0 |
|             mxm_execute_ursa_mac_muladd_8s_8ns_20s_20_4_1_DSP48_1_U               |   ursa_vanilla_bram_mxm_execute_ursa_0_0_mxm_execute_ursa_mac_muladd_8s_8ns_20s_20_4_1_DSP48_1_316 |         91 |         91 |       0 |    0 |    64 |      0 |      0 |          0 |
|           mac_muladd_8s_8ns_20s_20_4_1_U287                                       |           ursa_vanilla_bram_mxm_execute_ursa_0_0_mxm_execute_ursa_mac_muladd_8s_8ns_20s_20_4_1_255 |         91 |         91 |       0 |    0 |    64 |      0 |      0 |          0 |
|             mxm_execute_ursa_mac_muladd_8s_8ns_20s_20_4_1_DSP48_1_U               |   ursa_vanilla_bram_mxm_execute_ursa_0_0_mxm_execute_ursa_mac_muladd_8s_8ns_20s_20_4_1_DSP48_1_315 |         91 |         91 |       0 |    0 |    64 |      0 |      0 |          0 |
|           mac_muladd_8s_8ns_20s_20_4_1_U288                                       |           ursa_vanilla_bram_mxm_execute_ursa_0_0_mxm_execute_ursa_mac_muladd_8s_8ns_20s_20_4_1_256 |         91 |         91 |       0 |    0 |    64 |      0 |      0 |          0 |
|             mxm_execute_ursa_mac_muladd_8s_8ns_20s_20_4_1_DSP48_1_U               |   ursa_vanilla_bram_mxm_execute_ursa_0_0_mxm_execute_ursa_mac_muladd_8s_8ns_20s_20_4_1_DSP48_1_314 |         91 |         91 |       0 |    0 |    64 |      0 |      0 |          0 |
|           mac_muladd_8s_8ns_20s_20_4_1_U289                                       |           ursa_vanilla_bram_mxm_execute_ursa_0_0_mxm_execute_ursa_mac_muladd_8s_8ns_20s_20_4_1_257 |         91 |         91 |       0 |    0 |    64 |      0 |      0 |          0 |
|             mxm_execute_ursa_mac_muladd_8s_8ns_20s_20_4_1_DSP48_1_U               |   ursa_vanilla_bram_mxm_execute_ursa_0_0_mxm_execute_ursa_mac_muladd_8s_8ns_20s_20_4_1_DSP48_1_313 |         91 |         91 |       0 |    0 |    64 |      0 |      0 |          0 |
|           mac_muladd_8s_8ns_20s_20_4_1_U290                                       |           ursa_vanilla_bram_mxm_execute_ursa_0_0_mxm_execute_ursa_mac_muladd_8s_8ns_20s_20_4_1_258 |         91 |         91 |       0 |    0 |    64 |      0 |      0 |          0 |
|             mxm_execute_ursa_mac_muladd_8s_8ns_20s_20_4_1_DSP48_1_U               |   ursa_vanilla_bram_mxm_execute_ursa_0_0_mxm_execute_ursa_mac_muladd_8s_8ns_20s_20_4_1_DSP48_1_312 |         91 |         91 |       0 |    0 |    64 |      0 |      0 |          0 |
|           mac_muladd_8s_8ns_20s_20_4_1_U291                                       |           ursa_vanilla_bram_mxm_execute_ursa_0_0_mxm_execute_ursa_mac_muladd_8s_8ns_20s_20_4_1_259 |         91 |         91 |       0 |    0 |    64 |      0 |      0 |          0 |
|             mxm_execute_ursa_mac_muladd_8s_8ns_20s_20_4_1_DSP48_1_U               |   ursa_vanilla_bram_mxm_execute_ursa_0_0_mxm_execute_ursa_mac_muladd_8s_8ns_20s_20_4_1_DSP48_1_311 |         91 |         91 |       0 |    0 |    64 |      0 |      0 |          0 |
|           mac_muladd_8s_8ns_20s_20_4_1_U292                                       |           ursa_vanilla_bram_mxm_execute_ursa_0_0_mxm_execute_ursa_mac_muladd_8s_8ns_20s_20_4_1_260 |         91 |         91 |       0 |    0 |    64 |      0 |      0 |          0 |
|             mxm_execute_ursa_mac_muladd_8s_8ns_20s_20_4_1_DSP48_1_U               |   ursa_vanilla_bram_mxm_execute_ursa_0_0_mxm_execute_ursa_mac_muladd_8s_8ns_20s_20_4_1_DSP48_1_310 |         91 |         91 |       0 |    0 |    64 |      0 |      0 |          0 |
|           mac_muladd_8s_8ns_20s_20_4_1_U293                                       |           ursa_vanilla_bram_mxm_execute_ursa_0_0_mxm_execute_ursa_mac_muladd_8s_8ns_20s_20_4_1_261 |         91 |         91 |       0 |    0 |    64 |      0 |      0 |          0 |
|             mxm_execute_ursa_mac_muladd_8s_8ns_20s_20_4_1_DSP48_1_U               |   ursa_vanilla_bram_mxm_execute_ursa_0_0_mxm_execute_ursa_mac_muladd_8s_8ns_20s_20_4_1_DSP48_1_309 |         91 |         91 |       0 |    0 |    64 |      0 |      0 |          0 |
|           mac_muladd_8s_8ns_20s_20_4_1_U294                                       |           ursa_vanilla_bram_mxm_execute_ursa_0_0_mxm_execute_ursa_mac_muladd_8s_8ns_20s_20_4_1_262 |         91 |         91 |       0 |    0 |    64 |      0 |      0 |          0 |
|             mxm_execute_ursa_mac_muladd_8s_8ns_20s_20_4_1_DSP48_1_U               |   ursa_vanilla_bram_mxm_execute_ursa_0_0_mxm_execute_ursa_mac_muladd_8s_8ns_20s_20_4_1_DSP48_1_308 |         91 |         91 |       0 |    0 |    64 |      0 |      0 |          0 |
|           mac_muladd_8s_8ns_20s_20_4_1_U295                                       |           ursa_vanilla_bram_mxm_execute_ursa_0_0_mxm_execute_ursa_mac_muladd_8s_8ns_20s_20_4_1_263 |         91 |         91 |       0 |    0 |    64 |      0 |      0 |          0 |
|             mxm_execute_ursa_mac_muladd_8s_8ns_20s_20_4_1_DSP48_1_U               |   ursa_vanilla_bram_mxm_execute_ursa_0_0_mxm_execute_ursa_mac_muladd_8s_8ns_20s_20_4_1_DSP48_1_307 |         91 |         91 |       0 |    0 |    64 |      0 |      0 |          0 |
|           mac_muladd_8s_8ns_20s_20_4_1_U296                                       |           ursa_vanilla_bram_mxm_execute_ursa_0_0_mxm_execute_ursa_mac_muladd_8s_8ns_20s_20_4_1_264 |         91 |         91 |       0 |    0 |    64 |      0 |      0 |          0 |
|             mxm_execute_ursa_mac_muladd_8s_8ns_20s_20_4_1_DSP48_1_U               |   ursa_vanilla_bram_mxm_execute_ursa_0_0_mxm_execute_ursa_mac_muladd_8s_8ns_20s_20_4_1_DSP48_1_306 |         91 |         91 |       0 |    0 |    64 |      0 |      0 |          0 |
|           mac_muladd_8s_8ns_20s_20_4_1_U297                                       |           ursa_vanilla_bram_mxm_execute_ursa_0_0_mxm_execute_ursa_mac_muladd_8s_8ns_20s_20_4_1_265 |         91 |         91 |       0 |    0 |    64 |      0 |      0 |          0 |
|             mxm_execute_ursa_mac_muladd_8s_8ns_20s_20_4_1_DSP48_1_U               |   ursa_vanilla_bram_mxm_execute_ursa_0_0_mxm_execute_ursa_mac_muladd_8s_8ns_20s_20_4_1_DSP48_1_305 |         91 |         91 |       0 |    0 |    64 |      0 |      0 |          0 |
|           mac_muladd_8s_8ns_20s_20_4_1_U43                                        |           ursa_vanilla_bram_mxm_execute_ursa_0_0_mxm_execute_ursa_mac_muladd_8s_8ns_20s_20_4_1_266 |         26 |         26 |       0 |    0 |     0 |      0 |      0 |          1 |
|             mxm_execute_ursa_mac_muladd_8s_8ns_20s_20_4_1_DSP48_1_U               |   ursa_vanilla_bram_mxm_execute_ursa_0_0_mxm_execute_ursa_mac_muladd_8s_8ns_20s_20_4_1_DSP48_1_304 |         26 |         26 |       0 |    0 |     0 |      0 |      0 |          1 |
|           mac_muladd_8s_8ns_20s_20_4_1_U44                                        |           ursa_vanilla_bram_mxm_execute_ursa_0_0_mxm_execute_ursa_mac_muladd_8s_8ns_20s_20_4_1_267 |         19 |         19 |       0 |    0 |     0 |      0 |      0 |          1 |
|             mxm_execute_ursa_mac_muladd_8s_8ns_20s_20_4_1_DSP48_1_U               |   ursa_vanilla_bram_mxm_execute_ursa_0_0_mxm_execute_ursa_mac_muladd_8s_8ns_20s_20_4_1_DSP48_1_303 |         19 |         19 |       0 |    0 |     0 |      0 |      0 |          1 |
|           mac_muladd_8s_8ns_20s_20_4_1_U45                                        |           ursa_vanilla_bram_mxm_execute_ursa_0_0_mxm_execute_ursa_mac_muladd_8s_8ns_20s_20_4_1_268 |         23 |         23 |       0 |    0 |     0 |      0 |      0 |          1 |
|             mxm_execute_ursa_mac_muladd_8s_8ns_20s_20_4_1_DSP48_1_U               |   ursa_vanilla_bram_mxm_execute_ursa_0_0_mxm_execute_ursa_mac_muladd_8s_8ns_20s_20_4_1_DSP48_1_302 |         23 |         23 |       0 |    0 |     0 |      0 |      0 |          1 |
|           mac_muladd_8s_8ns_20s_20_4_1_U46                                        |           ursa_vanilla_bram_mxm_execute_ursa_0_0_mxm_execute_ursa_mac_muladd_8s_8ns_20s_20_4_1_269 |         19 |         19 |       0 |    0 |     0 |      0 |      0 |          1 |
|             mxm_execute_ursa_mac_muladd_8s_8ns_20s_20_4_1_DSP48_1_U               |   ursa_vanilla_bram_mxm_execute_ursa_0_0_mxm_execute_ursa_mac_muladd_8s_8ns_20s_20_4_1_DSP48_1_301 |         19 |         19 |       0 |    0 |     0 |      0 |      0 |          1 |
|           mac_muladd_8s_8ns_20s_20_4_1_U47                                        |           ursa_vanilla_bram_mxm_execute_ursa_0_0_mxm_execute_ursa_mac_muladd_8s_8ns_20s_20_4_1_270 |         21 |         21 |       0 |    0 |     0 |      0 |      0 |          1 |
|             mxm_execute_ursa_mac_muladd_8s_8ns_20s_20_4_1_DSP48_1_U               |   ursa_vanilla_bram_mxm_execute_ursa_0_0_mxm_execute_ursa_mac_muladd_8s_8ns_20s_20_4_1_DSP48_1_300 |         21 |         21 |       0 |    0 |     0 |      0 |      0 |          1 |
|           mac_muladd_8s_8ns_20s_20_4_1_U48                                        |           ursa_vanilla_bram_mxm_execute_ursa_0_0_mxm_execute_ursa_mac_muladd_8s_8ns_20s_20_4_1_271 |         21 |         21 |       0 |    0 |     0 |      0 |      0 |          1 |
|             mxm_execute_ursa_mac_muladd_8s_8ns_20s_20_4_1_DSP48_1_U               |   ursa_vanilla_bram_mxm_execute_ursa_0_0_mxm_execute_ursa_mac_muladd_8s_8ns_20s_20_4_1_DSP48_1_299 |         21 |         21 |       0 |    0 |     0 |      0 |      0 |          1 |
|           mac_muladd_8s_8ns_20s_20_4_1_U49                                        |           ursa_vanilla_bram_mxm_execute_ursa_0_0_mxm_execute_ursa_mac_muladd_8s_8ns_20s_20_4_1_272 |         22 |         22 |       0 |    0 |     0 |      0 |      0 |          1 |
|             mxm_execute_ursa_mac_muladd_8s_8ns_20s_20_4_1_DSP48_1_U               |   ursa_vanilla_bram_mxm_execute_ursa_0_0_mxm_execute_ursa_mac_muladd_8s_8ns_20s_20_4_1_DSP48_1_298 |         22 |         22 |       0 |    0 |     0 |      0 |      0 |          1 |
|           mac_muladd_8s_8ns_20s_20_4_1_U50                                        |           ursa_vanilla_bram_mxm_execute_ursa_0_0_mxm_execute_ursa_mac_muladd_8s_8ns_20s_20_4_1_273 |         22 |         22 |       0 |    0 |     0 |      0 |      0 |          1 |
|             mxm_execute_ursa_mac_muladd_8s_8ns_20s_20_4_1_DSP48_1_U               |   ursa_vanilla_bram_mxm_execute_ursa_0_0_mxm_execute_ursa_mac_muladd_8s_8ns_20s_20_4_1_DSP48_1_297 |         22 |         22 |       0 |    0 |     0 |      0 |      0 |          1 |
|           mac_muladd_8s_8ns_20s_20_4_1_U51                                        |           ursa_vanilla_bram_mxm_execute_ursa_0_0_mxm_execute_ursa_mac_muladd_8s_8ns_20s_20_4_1_274 |         88 |         88 |       0 |    0 |    64 |      0 |      0 |          0 |
|             mxm_execute_ursa_mac_muladd_8s_8ns_20s_20_4_1_DSP48_1_U               |   ursa_vanilla_bram_mxm_execute_ursa_0_0_mxm_execute_ursa_mac_muladd_8s_8ns_20s_20_4_1_DSP48_1_296 |         88 |         88 |       0 |    0 |    64 |      0 |      0 |          0 |
|           mac_muladd_8s_8ns_20s_20_4_1_U52                                        |           ursa_vanilla_bram_mxm_execute_ursa_0_0_mxm_execute_ursa_mac_muladd_8s_8ns_20s_20_4_1_275 |         88 |         88 |       0 |    0 |    64 |      0 |      0 |          0 |
|             mxm_execute_ursa_mac_muladd_8s_8ns_20s_20_4_1_DSP48_1_U               |   ursa_vanilla_bram_mxm_execute_ursa_0_0_mxm_execute_ursa_mac_muladd_8s_8ns_20s_20_4_1_DSP48_1_295 |         88 |         88 |       0 |    0 |    64 |      0 |      0 |          0 |
|           mac_muladd_8s_8ns_20s_20_4_1_U53                                        |           ursa_vanilla_bram_mxm_execute_ursa_0_0_mxm_execute_ursa_mac_muladd_8s_8ns_20s_20_4_1_276 |         88 |         88 |       0 |    0 |    64 |      0 |      0 |          0 |
|             mxm_execute_ursa_mac_muladd_8s_8ns_20s_20_4_1_DSP48_1_U               |   ursa_vanilla_bram_mxm_execute_ursa_0_0_mxm_execute_ursa_mac_muladd_8s_8ns_20s_20_4_1_DSP48_1_294 |         88 |         88 |       0 |    0 |    64 |      0 |      0 |          0 |
|           mac_muladd_8s_8ns_20s_20_4_1_U54                                        |           ursa_vanilla_bram_mxm_execute_ursa_0_0_mxm_execute_ursa_mac_muladd_8s_8ns_20s_20_4_1_277 |         88 |         88 |       0 |    0 |    64 |      0 |      0 |          0 |
|             mxm_execute_ursa_mac_muladd_8s_8ns_20s_20_4_1_DSP48_1_U               |   ursa_vanilla_bram_mxm_execute_ursa_0_0_mxm_execute_ursa_mac_muladd_8s_8ns_20s_20_4_1_DSP48_1_293 |         88 |         88 |       0 |    0 |    64 |      0 |      0 |          0 |
|           mac_muladd_8s_8ns_20s_20_4_1_U55                                        |           ursa_vanilla_bram_mxm_execute_ursa_0_0_mxm_execute_ursa_mac_muladd_8s_8ns_20s_20_4_1_278 |         88 |         88 |       0 |    0 |    64 |      0 |      0 |          0 |
|             mxm_execute_ursa_mac_muladd_8s_8ns_20s_20_4_1_DSP48_1_U               |   ursa_vanilla_bram_mxm_execute_ursa_0_0_mxm_execute_ursa_mac_muladd_8s_8ns_20s_20_4_1_DSP48_1_292 |         88 |         88 |       0 |    0 |    64 |      0 |      0 |          0 |
|           mac_muladd_8s_8ns_20s_20_4_1_U56                                        |           ursa_vanilla_bram_mxm_execute_ursa_0_0_mxm_execute_ursa_mac_muladd_8s_8ns_20s_20_4_1_279 |         88 |         88 |       0 |    0 |    64 |      0 |      0 |          0 |
|             mxm_execute_ursa_mac_muladd_8s_8ns_20s_20_4_1_DSP48_1_U               |   ursa_vanilla_bram_mxm_execute_ursa_0_0_mxm_execute_ursa_mac_muladd_8s_8ns_20s_20_4_1_DSP48_1_291 |         88 |         88 |       0 |    0 |    64 |      0 |      0 |          0 |
|           mac_muladd_8s_8ns_20s_20_4_1_U57                                        |           ursa_vanilla_bram_mxm_execute_ursa_0_0_mxm_execute_ursa_mac_muladd_8s_8ns_20s_20_4_1_280 |         88 |         88 |       0 |    0 |    64 |      0 |      0 |          0 |
|             mxm_execute_ursa_mac_muladd_8s_8ns_20s_20_4_1_DSP48_1_U               |   ursa_vanilla_bram_mxm_execute_ursa_0_0_mxm_execute_ursa_mac_muladd_8s_8ns_20s_20_4_1_DSP48_1_290 |         88 |         88 |       0 |    0 |    64 |      0 |      0 |          0 |
|           mac_muladd_8s_8ns_20s_20_4_1_U90                                        |           ursa_vanilla_bram_mxm_execute_ursa_0_0_mxm_execute_ursa_mac_muladd_8s_8ns_20s_20_4_1_281 |         95 |         95 |       0 |    0 |    64 |      0 |      0 |          0 |
|             mxm_execute_ursa_mac_muladd_8s_8ns_20s_20_4_1_DSP48_1_U               |   ursa_vanilla_bram_mxm_execute_ursa_0_0_mxm_execute_ursa_mac_muladd_8s_8ns_20s_20_4_1_DSP48_1_289 |         95 |         95 |       0 |    0 |    64 |      0 |      0 |          0 |
|           mac_muladd_8s_8ns_20s_20_4_1_U91                                        |           ursa_vanilla_bram_mxm_execute_ursa_0_0_mxm_execute_ursa_mac_muladd_8s_8ns_20s_20_4_1_282 |         91 |         91 |       0 |    0 |    64 |      0 |      0 |          0 |
|             mxm_execute_ursa_mac_muladd_8s_8ns_20s_20_4_1_DSP48_1_U               |   ursa_vanilla_bram_mxm_execute_ursa_0_0_mxm_execute_ursa_mac_muladd_8s_8ns_20s_20_4_1_DSP48_1_288 |         91 |         91 |       0 |    0 |    64 |      0 |      0 |          0 |
|           mac_muladd_8s_8ns_20s_20_4_1_U92                                        |           ursa_vanilla_bram_mxm_execute_ursa_0_0_mxm_execute_ursa_mac_muladd_8s_8ns_20s_20_4_1_283 |         91 |         91 |       0 |    0 |    64 |      0 |      0 |          0 |
|             mxm_execute_ursa_mac_muladd_8s_8ns_20s_20_4_1_DSP48_1_U               |   ursa_vanilla_bram_mxm_execute_ursa_0_0_mxm_execute_ursa_mac_muladd_8s_8ns_20s_20_4_1_DSP48_1_287 |         91 |         91 |       0 |    0 |    64 |      0 |      0 |          0 |
|           mac_muladd_8s_8ns_20s_20_4_1_U93                                        |           ursa_vanilla_bram_mxm_execute_ursa_0_0_mxm_execute_ursa_mac_muladd_8s_8ns_20s_20_4_1_284 |         91 |         91 |       0 |    0 |    64 |      0 |      0 |          0 |
|             mxm_execute_ursa_mac_muladd_8s_8ns_20s_20_4_1_DSP48_1_U               |   ursa_vanilla_bram_mxm_execute_ursa_0_0_mxm_execute_ursa_mac_muladd_8s_8ns_20s_20_4_1_DSP48_1_286 |         91 |         91 |       0 |    0 |    64 |      0 |      0 |          0 |
|           mac_muladd_8s_8ns_20s_20_4_1_U94                                        |           ursa_vanilla_bram_mxm_execute_ursa_0_0_mxm_execute_ursa_mac_muladd_8s_8ns_20s_20_4_1_285 |         93 |         93 |       0 |    0 |    64 |      0 |      0 |          0 |
|             mxm_execute_ursa_mac_muladd_8s_8ns_20s_20_4_1_DSP48_1_U               |       ursa_vanilla_bram_mxm_execute_ursa_0_0_mxm_execute_ursa_mac_muladd_8s_8ns_20s_20_4_1_DSP48_1 |         93 |         93 |       0 |    0 |    64 |      0 |      0 |          0 |
|         grp_sa_store_fu_4133                                                      |                                   ursa_vanilla_bram_mxm_execute_ursa_0_0_mxm_execute_ursa_sa_store |       3649 |       3649 |       0 |    0 |  1050 |      0 |      0 |          0 |
|           (grp_sa_store_fu_4133)                                                  |                                   ursa_vanilla_bram_mxm_execute_ursa_0_0_mxm_execute_ursa_sa_store |       3541 |       3541 |       0 |    0 |   896 |      0 |      0 |          0 |
|           mac_muladd_16ns_6ns_32s_32_4_1_U621                                     |             ursa_vanilla_bram_mxm_execute_ursa_0_0_mxm_execute_ursa_mac_muladd_16ns_6ns_32s_32_4_1 |         55 |         55 |       0 |    0 |    77 |      0 |      0 |          0 |
|             mxm_execute_ursa_mac_muladd_16ns_6ns_32s_32_4_1_DSP48_2_U             |  ursa_vanilla_bram_mxm_execute_ursa_0_0_mxm_execute_ursa_mac_muladd_16ns_6ns_32s_32_4_1_DSP48_2_31 |         55 |         55 |       0 |    0 |    77 |      0 |      0 |          0 |
|           mac_muladd_16ns_6ns_32s_32_4_1_U622                                     |          ursa_vanilla_bram_mxm_execute_ursa_0_0_mxm_execute_ursa_mac_muladd_16ns_6ns_32s_32_4_1_30 |         54 |         54 |       0 |    0 |    77 |      0 |      0 |          0 |
|             mxm_execute_ursa_mac_muladd_16ns_6ns_32s_32_4_1_DSP48_2_U             |     ursa_vanilla_bram_mxm_execute_ursa_0_0_mxm_execute_ursa_mac_muladd_16ns_6ns_32s_32_4_1_DSP48_2 |         54 |         54 |       0 |    0 |    77 |      0 |      0 |          0 |
|     proc_sys_reset_0                                                              |                                                               ursa_vanilla_bram_proc_sys_reset_0_0 |         17 |         16 |       0 |    1 |    33 |      0 |      0 |          0 |
|       U0                                                                          |                                                ursa_vanilla_bram_proc_sys_reset_0_0_proc_sys_reset |         17 |         16 |       0 |    1 |    33 |      0 |      0 |          0 |
|         (U0)                                                                      |                                                ursa_vanilla_bram_proc_sys_reset_0_0_proc_sys_reset |          0 |          0 |       0 |    0 |     1 |      0 |      0 |          0 |
|         EXT_LPF                                                                   |                                                           ursa_vanilla_bram_proc_sys_reset_0_0_lpf |          5 |          4 |       0 |    1 |    17 |      0 |      0 |          0 |
|           (EXT_LPF)                                                               |                                                           ursa_vanilla_bram_proc_sys_reset_0_0_lpf |          2 |          1 |       0 |    1 |     9 |      0 |      0 |          0 |
|           ACTIVE_LOW_AUX.ACT_LO_AUX                                               |                                                      ursa_vanilla_bram_proc_sys_reset_0_0_cdc_sync |          1 |          1 |       0 |    0 |     4 |      0 |      0 |          0 |
|           ACTIVE_LOW_EXT.ACT_LO_EXT                                               |                                                    ursa_vanilla_bram_proc_sys_reset_0_0_cdc_sync_0 |          2 |          2 |       0 |    0 |     4 |      0 |      0 |          0 |
|         SEQ                                                                       |                                                  ursa_vanilla_bram_proc_sys_reset_0_0_sequence_psr |         12 |         12 |       0 |    0 |    15 |      0 |      0 |          0 |
|           (SEQ)                                                                   |                                                  ursa_vanilla_bram_proc_sys_reset_0_0_sequence_psr |          7 |          7 |       0 |    0 |     9 |      0 |      0 |          0 |
|           SEQ_COUNTER                                                             |                                                       ursa_vanilla_bram_proc_sys_reset_0_0_upcnt_n |          5 |          5 |       0 |    0 |     6 |      0 |      0 |          0 |
|     processing_system7_0                                                          |                                                           ursa_vanilla_bram_processing_system7_0_0 |          0 |          0 |       0 |    0 |     0 |      0 |      0 |          0 |
|       (processing_system7_0)                                                      |                                                           ursa_vanilla_bram_processing_system7_0_0 |          0 |          0 |       0 |    0 |     0 |      0 |      0 |          0 |
|       inst                                                                        |                ursa_vanilla_bram_processing_system7_0_0_processing_system7_v5_5_processing_system7 |          0 |          0 |       0 |    0 |     0 |      0 |      0 |          0 |
+-----------------------------------------------------------------------------------+----------------------------------------------------------------------------------------------------+------------+------------+---------+------+-------+--------+--------+------------+
* Note: The sum of lower-level cells may be larger than their parent cells total, due to cross-hierarchy LUT combining


