

================================================================
== Vitis HLS Report for 'mxm_execute_ursa_Pipeline_STREAM_K'
================================================================
* Date:           Thu Sep 24 17:27:11 2026

* Version:        2023.2 (Build 4023990 on Oct 11 2023)
* Project:        mxm_execute_ursa
* Solution:       hls (Vivado IP Flow Target)
* Product family: zynq
* Target device:  xc7z020-clg484-1


================================================================
== Performance Estimates
================================================================
+ Timing: 
    * Summary: 
    +--------+----------+----------+------------+
    |  Clock |  Target  | Estimated| Uncertainty|
    +--------+----------+----------+------------+
    |ap_clk  |  10.00 ns|  8.511 ns|     2.70 ns|
    +--------+----------+----------+------------+

+ Latency: 
    * Summary: 
    +---------+---------+----------+----------+-----+-----+---------+
    |  Latency (cycles) |  Latency (absolute) |  Interval | Pipeline|
    |   min   |   max   |    min   |    max   | min | max |   Type  |
    +---------+---------+----------+----------+-----+-----+---------+
    |       48|      156|  0.480 us|  1.560 us|   48|  156|       no|
    +---------+---------+----------+----------+-----+-----+---------+

    + Detail: 
        * Instance: 
        N/A

        * Loop: 
        +------------+---------+---------+----------+-----------+-----------+----------+----------+
        |            |  Latency (cycles) | Iteration|  Initiation Interval  |   Trip   |          |
        |  Loop Name |   min   |   max   |  Latency |  achieved |   target  |   Count  | Pipelined|
        +------------+---------+---------+----------+-----------+-----------+----------+----------+
        |- STREAM_K  |       46|      154|         6|          1|          1|  42 ~ 150|       yes|
        +------------+---------+---------+----------+-----------+-----------+----------+----------+



================================================================
== Utilization Estimates
================================================================
* Summary: 
+-----------------+---------+-----+--------+-------+-----+
|       Name      | BRAM_18K| DSP |   FF   |  LUT  | URAM|
+-----------------+---------+-----+--------+-------+-----+
|DSP              |        -|   64|       -|      -|    -|
|Expression       |        -|    -|       0|   2206|    -|
|FIFO             |        -|    -|       -|      -|    -|
|Instance         |        -|    -|       -|      -|    -|
|Memory           |        -|    -|       -|      -|    -|
|Multiplexer      |        -|    -|       -|   1188|    -|
|Register         |        -|    -|    1523|      -|    -|
+-----------------+---------+-----+--------+-------+-----+
|Total            |        0|   64|    1523|   3394|    0|
+-----------------+---------+-----+--------+-------+-----+
|Available        |      280|  220|  106400|  53200|    0|
+-----------------+---------+-----+--------+-------+-----+
|Utilization (%)  |        0|   29|       1|      6|    0|
+-----------------+---------+-----+--------+-------+-----+

+ Detail: 
    * Instance: 
    N/A

    * DSP: 
    +----------------------------------+------------------------------+--------------+
    |             Instance             |            Module            |  Expression  |
    +----------------------------------+------------------------------+--------------+
    |mac_muladd_8ns_8s_20s_20_4_1_U26  |mac_muladd_8ns_8s_20s_20_4_1  |  i0 + i1 * i2|
    |mac_muladd_8ns_8s_20s_20_4_1_U34  |mac_muladd_8ns_8s_20s_20_4_1  |  i0 + i1 * i2|
    |mac_muladd_8ns_8s_20s_20_4_1_U35  |mac_muladd_8ns_8s_20s_20_4_1  |  i0 + i1 * i2|
    |mac_muladd_8ns_8s_20s_20_4_1_U36  |mac_muladd_8ns_8s_20s_20_4_1  |  i0 + i1 * i2|
    |mac_muladd_8ns_8s_20s_20_4_1_U37  |mac_muladd_8ns_8s_20s_20_4_1  |  i0 + i1 * i2|
    |mac_muladd_8ns_8s_20s_20_4_1_U38  |mac_muladd_8ns_8s_20s_20_4_1  |  i0 + i1 * i2|
    |mac_muladd_8ns_8s_20s_20_4_1_U39  |mac_muladd_8ns_8s_20s_20_4_1  |  i0 + i1 * i2|
    |mac_muladd_8ns_8s_20s_20_4_1_U40  |mac_muladd_8ns_8s_20s_20_4_1  |  i0 + i1 * i2|
    |mac_muladd_8ns_8s_20s_20_4_1_U41  |mac_muladd_8ns_8s_20s_20_4_1  |  i0 + i1 * i2|
    |mac_muladd_8ns_8s_20s_20_4_1_U42  |mac_muladd_8ns_8s_20s_20_4_1  |  i0 + i1 * i2|
    |mac_muladd_8ns_8s_20s_20_4_1_U43  |mac_muladd_8ns_8s_20s_20_4_1  |  i0 + i1 * i2|
    |mac_muladd_8ns_8s_20s_20_4_1_U44  |mac_muladd_8ns_8s_20s_20_4_1  |  i0 + i1 * i2|
    |mac_muladd_8ns_8s_20s_20_4_1_U45  |mac_muladd_8ns_8s_20s_20_4_1  |  i0 + i1 * i2|
    |mac_muladd_8ns_8s_20s_20_4_1_U46  |mac_muladd_8ns_8s_20s_20_4_1  |  i0 + i1 * i2|
    |mac_muladd_8ns_8s_20s_20_4_1_U47  |mac_muladd_8ns_8s_20s_20_4_1  |  i0 + i1 * i2|
    |mac_muladd_8ns_8s_20s_20_4_1_U48  |mac_muladd_8ns_8s_20s_20_4_1  |  i0 + i1 * i2|
    |mac_muladd_8ns_8s_20s_20_4_1_U49  |mac_muladd_8ns_8s_20s_20_4_1  |  i0 + i1 * i2|
    |mac_muladd_8ns_8s_20s_20_4_1_U50  |mac_muladd_8ns_8s_20s_20_4_1  |  i0 + i1 * i2|
    |mac_muladd_8ns_8s_20s_20_4_1_U51  |mac_muladd_8ns_8s_20s_20_4_1  |  i0 + i1 * i2|
    |mac_muladd_8ns_8s_20s_20_4_1_U52  |mac_muladd_8ns_8s_20s_20_4_1  |  i0 + i1 * i2|
    |mac_muladd_8ns_8s_20s_20_4_1_U53  |mac_muladd_8ns_8s_20s_20_4_1  |  i0 + i1 * i2|
    |mac_muladd_8ns_8s_20s_20_4_1_U54  |mac_muladd_8ns_8s_20s_20_4_1  |  i0 + i1 * i2|
    |mac_muladd_8ns_8s_20s_20_4_1_U55  |mac_muladd_8ns_8s_20s_20_4_1  |  i0 + i1 * i2|
    |mac_muladd_8ns_8s_20s_20_4_1_U56  |mac_muladd_8ns_8s_20s_20_4_1  |  i0 + i1 * i2|
    |mac_muladd_8ns_8s_20s_20_4_1_U57  |mac_muladd_8ns_8s_20s_20_4_1  |  i0 + i1 * i2|
    |mac_muladd_8ns_8s_20s_20_4_1_U58  |mac_muladd_8ns_8s_20s_20_4_1  |  i0 + i1 * i2|
    |mac_muladd_8ns_8s_20s_20_4_1_U59  |mac_muladd_8ns_8s_20s_20_4_1  |  i0 + i1 * i2|
    |mac_muladd_8ns_8s_20s_20_4_1_U60  |mac_muladd_8ns_8s_20s_20_4_1  |  i0 + i1 * i2|
    |mac_muladd_8ns_8s_20s_20_4_1_U61  |mac_muladd_8ns_8s_20s_20_4_1  |  i0 + i1 * i2|
    |mac_muladd_8ns_8s_20s_20_4_1_U62  |mac_muladd_8ns_8s_20s_20_4_1  |  i0 + i1 * i2|
    |mac_muladd_8ns_8s_20s_20_4_1_U63  |mac_muladd_8ns_8s_20s_20_4_1  |  i0 + i1 * i2|
    |mac_muladd_8ns_8s_20s_20_4_1_U64  |mac_muladd_8ns_8s_20s_20_4_1  |  i0 + i1 * i2|
    |mac_muladd_8ns_8s_20s_20_4_1_U65  |mac_muladd_8ns_8s_20s_20_4_1  |  i0 + i1 * i2|
    |mac_muladd_8ns_8s_20s_20_4_1_U66  |mac_muladd_8ns_8s_20s_20_4_1  |  i0 + i1 * i2|
    |mac_muladd_8ns_8s_20s_20_4_1_U67  |mac_muladd_8ns_8s_20s_20_4_1  |  i0 + i1 * i2|
    |mac_muladd_8ns_8s_20s_20_4_1_U68  |mac_muladd_8ns_8s_20s_20_4_1  |  i0 + i1 * i2|
    |mac_muladd_8ns_8s_20s_20_4_1_U69  |mac_muladd_8ns_8s_20s_20_4_1  |  i0 + i1 * i2|
    |mac_muladd_8ns_8s_20s_20_4_1_U70  |mac_muladd_8ns_8s_20s_20_4_1  |  i0 + i1 * i2|
    |mac_muladd_8ns_8s_20s_20_4_1_U71  |mac_muladd_8ns_8s_20s_20_4_1  |  i0 + i1 * i2|
    |mac_muladd_8ns_8s_20s_20_4_1_U72  |mac_muladd_8ns_8s_20s_20_4_1  |  i0 + i1 * i2|
    |mac_muladd_8ns_8s_20s_20_4_1_U73  |mac_muladd_8ns_8s_20s_20_4_1  |  i0 + i1 * i2|
    |mac_muladd_8ns_8s_20s_20_4_1_U74  |mac_muladd_8ns_8s_20s_20_4_1  |  i0 + i1 * i2|
    |mac_muladd_8ns_8s_20s_20_4_1_U75  |mac_muladd_8ns_8s_20s_20_4_1  |  i0 + i1 * i2|
    |mac_muladd_8ns_8s_20s_20_4_1_U76  |mac_muladd_8ns_8s_20s_20_4_1  |  i0 + i1 * i2|
    |mac_muladd_8ns_8s_20s_20_4_1_U77  |mac_muladd_8ns_8s_20s_20_4_1  |  i0 + i1 * i2|
    |mac_muladd_8ns_8s_20s_20_4_1_U78  |mac_muladd_8ns_8s_20s_20_4_1  |  i0 + i1 * i2|
    |mac_muladd_8ns_8s_20s_20_4_1_U79  |mac_muladd_8ns_8s_20s_20_4_1  |  i0 + i1 * i2|
    |mac_muladd_8ns_8s_20s_20_4_1_U80  |mac_muladd_8ns_8s_20s_20_4_1  |  i0 + i1 * i2|
    |mac_muladd_8ns_8s_20s_20_4_1_U81  |mac_muladd_8ns_8s_20s_20_4_1  |  i0 + i1 * i2|
    |mac_muladd_8ns_8s_20s_20_4_1_U82  |mac_muladd_8ns_8s_20s_20_4_1  |  i0 + i1 * i2|
    |mac_muladd_8ns_8s_20s_20_4_1_U83  |mac_muladd_8ns_8s_20s_20_4_1  |  i0 + i1 * i2|
    |mac_muladd_8ns_8s_20s_20_4_1_U84  |mac_muladd_8ns_8s_20s_20_4_1  |  i0 + i1 * i2|
    |mac_muladd_8ns_8s_20s_20_4_1_U85  |mac_muladd_8ns_8s_20s_20_4_1  |  i0 + i1 * i2|
    |mac_muladd_8ns_8s_20s_20_4_1_U86  |mac_muladd_8ns_8s_20s_20_4_1  |  i0 + i1 * i2|
    |mac_muladd_8ns_8s_20s_20_4_1_U87  |mac_muladd_8ns_8s_20s_20_4_1  |  i0 + i1 * i2|
    |mac_muladd_8ns_8s_20s_20_4_1_U88  |mac_muladd_8ns_8s_20s_20_4_1  |  i0 + i1 * i2|
    |mac_muladd_8ns_8s_20s_20_4_1_U89  |mac_muladd_8ns_8s_20s_20_4_1  |  i0 + i1 * i2|
    |mac_muladd_8s_8ns_20s_20_4_1_U27  |mac_muladd_8s_8ns_20s_20_4_1  |  i0 + i1 * i2|
    |mac_muladd_8s_8ns_20s_20_4_1_U28  |mac_muladd_8s_8ns_20s_20_4_1  |  i0 + i1 * i2|
    |mac_muladd_8s_8ns_20s_20_4_1_U29  |mac_muladd_8s_8ns_20s_20_4_1  |  i0 + i1 * i2|
    |mac_muladd_8s_8ns_20s_20_4_1_U30  |mac_muladd_8s_8ns_20s_20_4_1  |  i0 + i1 * i2|
    |mac_muladd_8s_8ns_20s_20_4_1_U31  |mac_muladd_8s_8ns_20s_20_4_1  |  i0 + i1 * i2|
    |mac_muladd_8s_8ns_20s_20_4_1_U32  |mac_muladd_8s_8ns_20s_20_4_1  |  i0 + i1 * i2|
    |mac_muladd_8s_8ns_20s_20_4_1_U33  |mac_muladd_8s_8ns_20s_20_4_1  |  i0 + i1 * i2|
    +----------------------------------+------------------------------+--------------+

    * Memory: 
    N/A

    * FIFO: 
    N/A

    * Expression: 
    +-------------------------+----------+----+---+-----+------------+------------+
    |      Variable Name      | Operation| DSP| FF| LUT | Bitwidth P0| Bitwidth P1|
    +-------------------------+----------+----+---+-----+------------+------------+
    |add_ln53_1_fu_983_p2     |         +|   0|  0|    8|           8|           2|
    |add_ln53_2_fu_1042_p2    |         +|   0|  0|    8|           8|           2|
    |add_ln53_3_fu_1091_p2    |         +|   0|  0|    8|           8|           3|
    |add_ln53_4_fu_1140_p2    |         +|   0|  0|    8|           8|           3|
    |add_ln53_5_fu_1189_p2    |         +|   0|  0|    8|           8|           3|
    |add_ln53_fu_934_p2       |         +|   0|  0|    8|           8|           1|
    |t_2_fu_822_p2            |         +|   0|  0|   23|          16|           1|
    |k_1_fu_881_p2            |         -|   0|  0|   15|           8|           8|
    |k_2_fu_940_p2            |         -|   0|  0|    8|           8|           8|
    |k_3_fu_989_p2            |         -|   0|  0|    8|           8|           8|
    |k_4_fu_1048_p2           |         -|   0|  0|    8|           8|           8|
    |k_5_fu_1097_p2           |         -|   0|  0|    8|           8|           8|
    |k_6_fu_1146_p2           |         -|   0|  0|    8|           8|           8|
    |k_7_fu_1195_p2           |         -|   0|  0|    8|           8|           8|
    |k_fu_838_p2              |         -|   0|  0|   15|           8|           8|
    |sub_ln73_1_fu_1242_p2    |         -|   0|  0|   15|           8|           8|
    |sub_ln73_2_fu_1251_p2    |         -|   0|  0|   15|           8|           8|
    |sub_ln73_3_fu_1260_p2    |         -|   0|  0|   15|           8|           8|
    |sub_ln73_4_fu_1269_p2    |         -|   0|  0|   15|           8|           8|
    |sub_ln73_5_fu_1278_p2    |         -|   0|  0|   15|           8|           8|
    |sub_ln73_fu_1233_p2      |         -|   0|  0|   15|           8|           8|
    |and_ln52_1_fu_928_p2     |       and|   0|  0|    2|           1|           1|
    |and_ln52_2_fu_977_p2     |       and|   0|  0|    2|           1|           1|
    |and_ln52_3_fu_1036_p2    |       and|   0|  0|    2|           1|           1|
    |and_ln52_4_fu_1085_p2    |       and|   0|  0|    2|           1|           1|
    |and_ln52_5_fu_1134_p2    |       and|   0|  0|    2|           1|           1|
    |and_ln52_6_fu_1183_p2    |       and|   0|  0|    2|           1|           1|
    |and_ln52_fu_875_p2       |       and|   0|  0|    2|           1|           1|
    |icmp_ln220_fu_816_p2     |      icmp|   0|  0|   24|          17|          17|
    |icmp_ln52_10_fu_1079_p2  |      icmp|   0|  0|   24|          17|          17|
    |icmp_ln52_11_fu_1122_p2  |      icmp|   0|  0|   23|          16|           3|
    |icmp_ln52_12_fu_1128_p2  |      icmp|   0|  0|   24|          17|          17|
    |icmp_ln52_13_fu_1171_p2  |      icmp|   0|  0|   23|          16|           3|
    |icmp_ln52_14_fu_1177_p2  |      icmp|   0|  0|   24|          17|          17|
    |icmp_ln52_1_fu_863_p2    |      icmp|   0|  0|   23|          16|           1|
    |icmp_ln52_2_fu_869_p2    |      icmp|   0|  0|   24|          17|          17|
    |icmp_ln52_3_fu_916_p2    |      icmp|   0|  0|   20|          15|           1|
    |icmp_ln52_4_fu_922_p2    |      icmp|   0|  0|   24|          17|          17|
    |icmp_ln52_5_fu_965_p2    |      icmp|   0|  0|   23|          16|           2|
    |icmp_ln52_6_fu_971_p2    |      icmp|   0|  0|   24|          17|          17|
    |icmp_ln52_7_fu_1024_p2   |      icmp|   0|  0|   17|          14|           1|
    |icmp_ln52_8_fu_1030_p2   |      icmp|   0|  0|   24|          17|          17|
    |icmp_ln52_9_fu_1073_p2   |      icmp|   0|  0|   23|          16|           3|
    |icmp_ln52_fu_832_p2      |      icmp|   0|  0|   23|          16|          16|
    |lshr_ln58_1_fu_1325_p2   |      lshr|   0|  0|  182|          64|          64|
    |lshr_ln58_2_fu_1352_p2   |      lshr|   0|  0|  182|          64|          64|
    |lshr_ln58_3_fu_1379_p2   |      lshr|   0|  0|  182|          64|          64|
    |lshr_ln58_4_fu_1406_p2   |      lshr|   0|  0|  182|          64|          64|
    |lshr_ln58_5_fu_1433_p2   |      lshr|   0|  0|  182|          64|          64|
    |lshr_ln58_6_fu_1460_p2   |      lshr|   0|  0|  182|          64|          64|
    |lshr_ln58_7_fu_1487_p2   |      lshr|   0|  0|  182|          64|          64|
    |lshr_ln58_fu_1298_p2     |      lshr|   0|  0|  182|          64|          64|
    |in_a_1_fu_1334_p3        |    select|   0|  0|    8|           1|           8|
    |in_a_2_fu_1361_p3        |    select|   0|  0|    8|           1|           8|
    |in_a_3_fu_1388_p3        |    select|   0|  0|    8|           1|           8|
    |in_a_4_fu_1415_p3        |    select|   0|  0|    8|           1|           8|
    |in_a_5_fu_1442_p3        |    select|   0|  0|    8|           1|           8|
    |in_a_6_fu_1469_p3        |    select|   0|  0|    8|           1|           8|
    |in_a_7_fu_1496_p3        |    select|   0|  0|    8|           1|           8|
    |in_a_fu_1307_p3          |    select|   0|  0|    8|           1|           8|
    |in_b_1_fu_1510_p3        |    select|   0|  0|    8|           1|           8|
    |in_b_2_fu_1517_p3        |    select|   0|  0|    8|           1|           8|
    |in_b_3_fu_1524_p3        |    select|   0|  0|    8|           1|           8|
    |in_b_4_fu_1531_p3        |    select|   0|  0|    8|           1|           8|
    |in_b_5_fu_1538_p3        |    select|   0|  0|    8|           1|           8|
    |in_b_6_fu_1545_p3        |    select|   0|  0|    8|           1|           8|
    |in_b_7_fu_1552_p3        |    select|   0|  0|    8|           1|           8|
    |in_b_fu_1503_p3          |    select|   0|  0|    8|           1|           8|
    |ap_enable_pp0            |       xor|   0|  0|    2|           1|           2|
    +-------------------------+----------+----+---+-----+------------+------------+
    |Total                    |          |   0|  0| 2206|         973|         942|
    +-------------------------+----------+----+---+-----+------------+------------+

    * Multiplexer: 
    +----------------------------------------------------------------------------------------------------+----+-----------+-----+-----------+
    |                                                Name                                                | LUT| Input Size| Bits| Total Bits|
    +----------------------------------------------------------------------------------------------------+----+-----------+-----+-----------+
    |ap_done_int                                                                                         |   9|          2|    1|          2|
    |ap_enable_reg_pp0_iter1                                                                             |   9|          2|    1|          2|
    |ap_sig_allocacmp_mxm_execute_ursa_ap_uint_unsigned_short_ap_uint_unsigned_short_int_unsigned_s_427  |   9|          2|   20|         40|
    |ap_sig_allocacmp_mxm_execute_ursa_ap_uint_unsigned_short_ap_uint_unsigned_short_int_unsigned_s_428  |   9|          2|   20|         40|
    |ap_sig_allocacmp_mxm_execute_ursa_ap_uint_unsigned_short_ap_uint_unsigned_short_int_unsigned_s_429  |   9|          2|   20|         40|
    |ap_sig_allocacmp_mxm_execute_ursa_ap_uint_unsigned_short_ap_uint_unsigned_short_int_unsigned_s_430  |   9|          2|   20|         40|
    |ap_sig_allocacmp_mxm_execute_ursa_ap_uint_unsigned_short_ap_uint_unsigned_short_int_unsigned_s_431  |   9|          2|   20|         40|
    |ap_sig_allocacmp_mxm_execute_ursa_ap_uint_unsigned_short_ap_uint_unsigned_short_int_unsigned_s_432  |   9|          2|   20|         40|
    |ap_sig_allocacmp_mxm_execute_ursa_ap_uint_unsigned_short_ap_uint_unsigned_short_int_unsigned_s_433  |   9|          2|   20|         40|
    |ap_sig_allocacmp_mxm_execute_ursa_ap_uint_unsigned_short_ap_uint_unsigned_short_int_unsigned_s_434  |   9|          2|   20|         40|
    |ap_sig_allocacmp_mxm_execute_ursa_ap_uint_unsigned_short_ap_uint_unsigned_short_int_unsigned_s_435  |   9|          2|   20|         40|
    |ap_sig_allocacmp_mxm_execute_ursa_ap_uint_unsigned_short_ap_uint_unsigned_short_int_unsigned_s_436  |   9|          2|   20|         40|
    |ap_sig_allocacmp_mxm_execute_ursa_ap_uint_unsigned_short_ap_uint_unsigned_short_int_unsigned_s_437  |   9|          2|   20|         40|
    |ap_sig_allocacmp_mxm_execute_ursa_ap_uint_unsigned_short_ap_uint_unsigned_short_int_unsigned_s_438  |   9|          2|   20|         40|
    |ap_sig_allocacmp_mxm_execute_ursa_ap_uint_unsigned_short_ap_uint_unsigned_short_int_unsigned_s_439  |   9|          2|   20|         40|
    |ap_sig_allocacmp_mxm_execute_ursa_ap_uint_unsigned_short_ap_uint_unsigned_short_int_unsigned_s_440  |   9|          2|   20|         40|
    |ap_sig_allocacmp_mxm_execute_ursa_ap_uint_unsigned_short_ap_uint_unsigned_short_int_unsigned_s_441  |   9|          2|   20|         40|
    |ap_sig_allocacmp_mxm_execute_ursa_ap_uint_unsigned_short_ap_uint_unsigned_short_int_unsigned_s_442  |   9|          2|   20|         40|
    |ap_sig_allocacmp_mxm_execute_ursa_ap_uint_unsigned_short_ap_uint_unsigned_short_int_unsigned_s_443  |   9|          2|   20|         40|
    |ap_sig_allocacmp_mxm_execute_ursa_ap_uint_unsigned_short_ap_uint_unsigned_short_int_unsigned_s_444  |   9|          2|   20|         40|
    |ap_sig_allocacmp_mxm_execute_ursa_ap_uint_unsigned_short_ap_uint_unsigned_short_int_unsigned_s_445  |   9|          2|   20|         40|
    |ap_sig_allocacmp_mxm_execute_ursa_ap_uint_unsigned_short_ap_uint_unsigned_short_int_unsigned_s_446  |   9|          2|   20|         40|
    |ap_sig_allocacmp_mxm_execute_ursa_ap_uint_unsigned_short_ap_uint_unsigned_short_int_unsigned_s_447  |   9|          2|   20|         40|
    |ap_sig_allocacmp_mxm_execute_ursa_ap_uint_unsigned_short_ap_uint_unsigned_short_int_unsigned_s_448  |   9|          2|   20|         40|
    |ap_sig_allocacmp_mxm_execute_ursa_ap_uint_unsigned_short_ap_uint_unsigned_short_int_unsigned_s_449  |   9|          2|   20|         40|
    |ap_sig_allocacmp_mxm_execute_ursa_ap_uint_unsigned_short_ap_uint_unsigned_short_int_unsigned_s_450  |   9|          2|   20|         40|
    |ap_sig_allocacmp_mxm_execute_ursa_ap_uint_unsigned_short_ap_uint_unsigned_short_int_unsigned_s_451  |   9|          2|   20|         40|
    |ap_sig_allocacmp_mxm_execute_ursa_ap_uint_unsigned_short_ap_uint_unsigned_short_int_unsigned_s_452  |   9|          2|   20|         40|
    |ap_sig_allocacmp_mxm_execute_ursa_ap_uint_unsigned_short_ap_uint_unsigned_short_int_unsigned_s_453  |   9|          2|   20|         40|
    |ap_sig_allocacmp_mxm_execute_ursa_ap_uint_unsigned_short_ap_uint_unsigned_short_int_unsigned_s_454  |   9|          2|   20|         40|
    |ap_sig_allocacmp_mxm_execute_ursa_ap_uint_unsigned_short_ap_uint_unsigned_short_int_unsigned_s_455  |   9|          2|   20|         40|
    |ap_sig_allocacmp_mxm_execute_ursa_ap_uint_unsigned_short_ap_uint_unsigned_short_int_unsigned_s_456  |   9|          2|   20|         40|
    |ap_sig_allocacmp_mxm_execute_ursa_ap_uint_unsigned_short_ap_uint_unsigned_short_int_unsigned_s_457  |   9|          2|   20|         40|
    |ap_sig_allocacmp_mxm_execute_ursa_ap_uint_unsigned_short_ap_uint_unsigned_short_int_unsigned_s_458  |   9|          2|   20|         40|
    |ap_sig_allocacmp_mxm_execute_ursa_ap_uint_unsigned_short_ap_uint_unsigned_short_int_unsigned_s_459  |   9|          2|   20|         40|
    |ap_sig_allocacmp_mxm_execute_ursa_ap_uint_unsigned_short_ap_uint_unsigned_short_int_unsigned_s_460  |   9|          2|   20|         40|
    |ap_sig_allocacmp_mxm_execute_ursa_ap_uint_unsigned_short_ap_uint_unsigned_short_int_unsigned_s_461  |   9|          2|   20|         40|
    |ap_sig_allocacmp_mxm_execute_ursa_ap_uint_unsigned_short_ap_uint_unsigned_short_int_unsigned_s_462  |   9|          2|   20|         40|
    |ap_sig_allocacmp_mxm_execute_ursa_ap_uint_unsigned_short_ap_uint_unsigned_short_int_unsigned_s_463  |   9|          2|   20|         40|
    |ap_sig_allocacmp_mxm_execute_ursa_ap_uint_unsigned_short_ap_uint_unsigned_short_int_unsigned_s_464  |   9|          2|   20|         40|
    |ap_sig_allocacmp_mxm_execute_ursa_ap_uint_unsigned_short_ap_uint_unsigned_short_int_unsigned_s_465  |   9|          2|   20|         40|
    |ap_sig_allocacmp_mxm_execute_ursa_ap_uint_unsigned_short_ap_uint_unsigned_short_int_unsigned_s_466  |   9|          2|   20|         40|
    |ap_sig_allocacmp_mxm_execute_ursa_ap_uint_unsigned_short_ap_uint_unsigned_short_int_unsigned_s_467  |   9|          2|   20|         40|
    |ap_sig_allocacmp_mxm_execute_ursa_ap_uint_unsigned_short_ap_uint_unsigned_short_int_unsigned_s_468  |   9|          2|   20|         40|
    |ap_sig_allocacmp_mxm_execute_ursa_ap_uint_unsigned_short_ap_uint_unsigned_short_int_unsigned_s_469  |   9|          2|   20|         40|
    |ap_sig_allocacmp_mxm_execute_ursa_ap_uint_unsigned_short_ap_uint_unsigned_short_int_unsigned_s_470  |   9|          2|   20|         40|
    |ap_sig_allocacmp_mxm_execute_ursa_ap_uint_unsigned_short_ap_uint_unsigned_short_int_unsigned_s_471  |   9|          2|   20|         40|
    |ap_sig_allocacmp_mxm_execute_ursa_ap_uint_unsigned_short_ap_uint_unsigned_short_int_unsigned_s_472  |   9|          2|   20|         40|
    |ap_sig_allocacmp_mxm_execute_ursa_ap_uint_unsigned_short_ap_uint_unsigned_short_int_unsigned_s_473  |   9|          2|   20|         40|
    |ap_sig_allocacmp_mxm_execute_ursa_ap_uint_unsigned_short_ap_uint_unsigned_short_int_unsigned_s_474  |   9|          2|   20|         40|
    |ap_sig_allocacmp_mxm_execute_ursa_ap_uint_unsigned_short_ap_uint_unsigned_short_int_unsigned_s_475  |   9|          2|   20|         40|
    |ap_sig_allocacmp_mxm_execute_ursa_ap_uint_unsigned_short_ap_uint_unsigned_short_int_unsigned_s_476  |   9|          2|   20|         40|
    |ap_sig_allocacmp_mxm_execute_ursa_ap_uint_unsigned_short_ap_uint_unsigned_short_int_unsigned_s_477  |   9|          2|   20|         40|
    |ap_sig_allocacmp_mxm_execute_ursa_ap_uint_unsigned_short_ap_uint_unsigned_short_int_unsigned_s_478  |   9|          2|   20|         40|
    |ap_sig_allocacmp_mxm_execute_ursa_ap_uint_unsigned_short_ap_uint_unsigned_short_int_unsigned_s_479  |   9|          2|   20|         40|
    |ap_sig_allocacmp_mxm_execute_ursa_ap_uint_unsigned_short_ap_uint_unsigned_short_int_unsigned_s_480  |   9|          2|   20|         40|
    |ap_sig_allocacmp_mxm_execute_ursa_ap_uint_unsigned_short_ap_uint_unsigned_short_int_unsigned_s_481  |   9|          2|   20|         40|
    |ap_sig_allocacmp_mxm_execute_ursa_ap_uint_unsigned_short_ap_uint_unsigned_short_int_unsigned_s_482  |   9|          2|   20|         40|
    |ap_sig_allocacmp_mxm_execute_ursa_ap_uint_unsigned_short_ap_uint_unsigned_short_int_unsigned_s_483  |   9|          2|   20|         40|
    |ap_sig_allocacmp_mxm_execute_ursa_ap_uint_unsigned_short_ap_uint_unsigned_short_int_unsigned_s_484  |   9|          2|   20|         40|
    |ap_sig_allocacmp_mxm_execute_ursa_ap_uint_unsigned_short_ap_uint_unsigned_short_int_unsigned_s_485  |   9|          2|   20|         40|
    |ap_sig_allocacmp_mxm_execute_ursa_ap_uint_unsigned_short_ap_uint_unsigned_short_int_unsigned_s_486  |   9|          2|   20|         40|
    |ap_sig_allocacmp_mxm_execute_ursa_ap_uint_unsigned_short_ap_uint_unsigned_short_int_unsigned_s_487  |   9|          2|   20|         40|
    |ap_sig_allocacmp_mxm_execute_ursa_ap_uint_unsigned_short_ap_uint_unsigned_short_int_unsigned_s_488  |   9|          2|   20|         40|
    |ap_sig_allocacmp_mxm_execute_ursa_ap_uint_unsigned_short_ap_uint_unsigned_short_int_unsigned_s_489  |   9|          2|   20|         40|
    |ap_sig_allocacmp_mxm_execute_ursa_ap_uint_unsigned_short_ap_uint_unsigned_short_int_unsigned_s_490  |   9|          2|   20|         40|
    |ap_sig_allocacmp_t                                                                                  |   9|          2|   16|         32|
    |mxm_execute_ursa_ap_uint_unsigned_short_ap_uint_unsigned_short_int_unsigned_s_10_o                  |   9|          2|   20|         40|
    |mxm_execute_ursa_ap_uint_unsigned_short_ap_uint_unsigned_short_int_unsigned_s_175_o                 |   9|          2|   20|         40|
    |mxm_execute_ursa_ap_uint_unsigned_short_ap_uint_unsigned_short_int_unsigned_s_176_o                 |   9|          2|   20|         40|
    |mxm_execute_ursa_ap_uint_unsigned_short_ap_uint_unsigned_short_int_unsigned_s_177_o                 |   9|          2|   20|         40|
    |mxm_execute_ursa_ap_uint_unsigned_short_ap_uint_unsigned_short_int_unsigned_s_188_o                 |   9|          2|   20|         40|
    |mxm_execute_ursa_ap_uint_unsigned_short_ap_uint_unsigned_short_int_unsigned_s_199_o                 |   9|          2|   20|         40|
    |mxm_execute_ursa_ap_uint_unsigned_short_ap_uint_unsigned_short_int_unsigned_s_210_o                 |   9|          2|   20|         40|
    |mxm_execute_ursa_ap_uint_unsigned_short_ap_uint_unsigned_short_int_unsigned_s_21_o                  |   9|          2|   20|         40|
    |mxm_execute_ursa_ap_uint_unsigned_short_ap_uint_unsigned_short_int_unsigned_s_221_o                 |   9|          2|   20|         40|
    |mxm_execute_ursa_ap_uint_unsigned_short_ap_uint_unsigned_short_int_unsigned_s_232_o                 |   9|          2|   20|         40|
    |mxm_execute_ursa_ap_uint_unsigned_short_ap_uint_unsigned_short_int_unsigned_s_243_o                 |   9|          2|   20|         40|
    |mxm_execute_ursa_ap_uint_unsigned_short_ap_uint_unsigned_short_int_unsigned_s_32_o                  |   9|          2|   20|         40|
    |mxm_execute_ursa_ap_uint_unsigned_short_ap_uint_unsigned_short_int_unsigned_s_39_o                  |   9|          2|   20|         40|
    |mxm_execute_ursa_ap_uint_unsigned_short_ap_uint_unsigned_short_int_unsigned_s_40_o                  |   9|          2|   20|         40|
    |mxm_execute_ursa_ap_uint_unsigned_short_ap_uint_unsigned_short_int_unsigned_s_41_o                  |   9|          2|   20|         40|
    |mxm_execute_ursa_ap_uint_unsigned_short_ap_uint_unsigned_short_int_unsigned_s_42_o                  |   9|          2|   20|         40|
    |mxm_execute_ursa_ap_uint_unsigned_short_ap_uint_unsigned_short_int_unsigned_s_43_o                  |   9|          2|   20|         40|
    |mxm_execute_ursa_ap_uint_unsigned_short_ap_uint_unsigned_short_int_unsigned_s_44_o                  |   9|          2|   20|         40|
    |mxm_execute_ursa_ap_uint_unsigned_short_ap_uint_unsigned_short_int_unsigned_s_45_o                  |   9|          2|   20|         40|
    |mxm_execute_ursa_ap_uint_unsigned_short_ap_uint_unsigned_short_int_unsigned_s_46_o                  |   9|          2|   20|         40|
    |mxm_execute_ursa_ap_uint_unsigned_short_ap_uint_unsigned_short_int_unsigned_s_47_o                  |   9|          2|   20|         40|
    |mxm_execute_ursa_ap_uint_unsigned_short_ap_uint_unsigned_short_int_unsigned_s_48_o                  |   9|          2|   20|         40|
    |mxm_execute_ursa_ap_uint_unsigned_short_ap_uint_unsigned_short_int_unsigned_s_49_o                  |   9|          2|   20|         40|
    |mxm_execute_ursa_ap_uint_unsigned_short_ap_uint_unsigned_short_int_unsigned_s_50_o                  |   9|          2|   20|         40|
    |mxm_execute_ursa_ap_uint_unsigned_short_ap_uint_unsigned_short_int_unsigned_s_51_o                  |   9|          2|   20|         40|
    |mxm_execute_ursa_ap_uint_unsigned_short_ap_uint_unsigned_short_int_unsigned_s_52_o                  |   9|          2|   20|         40|
    |mxm_execute_ursa_ap_uint_unsigned_short_ap_uint_unsigned_short_int_unsigned_s_53_o                  |   9|          2|   20|         40|
    |mxm_execute_ursa_ap_uint_unsigned_short_ap_uint_unsigned_short_int_unsigned_s_54_o                  |   9|          2|   20|         40|
    |mxm_execute_ursa_ap_uint_unsigned_short_ap_uint_unsigned_short_int_unsigned_s_55_o                  |   9|          2|   20|         40|
    |mxm_execute_ursa_ap_uint_unsigned_short_ap_uint_unsigned_short_int_unsigned_s_56_o                  |   9|          2|   20|         40|
    |mxm_execute_ursa_ap_uint_unsigned_short_ap_uint_unsigned_short_int_unsigned_s_57_o                  |   9|          2|   20|         40|
    |mxm_execute_ursa_ap_uint_unsigned_short_ap_uint_unsigned_short_int_unsigned_s_58_o                  |   9|          2|   20|         40|
    |mxm_execute_ursa_ap_uint_unsigned_short_ap_uint_unsigned_short_int_unsigned_s_59_o                  |   9|          2|   20|         40|
    |mxm_execute_ursa_ap_uint_unsigned_short_ap_uint_unsigned_short_int_unsigned_s_60_o                  |   9|          2|   20|         40|
    |mxm_execute_ursa_ap_uint_unsigned_short_ap_uint_unsigned_short_int_unsigned_s_61_o                  |   9|          2|   20|         40|
    |mxm_execute_ursa_ap_uint_unsigned_short_ap_uint_unsigned_short_int_unsigned_s_62_o                  |   9|          2|   20|         40|
    |mxm_execute_ursa_ap_uint_unsigned_short_ap_uint_unsigned_short_int_unsigned_s_63_o                  |   9|          2|   20|         40|
    |mxm_execute_ursa_ap_uint_unsigned_short_ap_uint_unsigned_short_int_unsigned_s_64_o                  |   9|          2|   20|         40|
    |mxm_execute_ursa_ap_uint_unsigned_short_ap_uint_unsigned_short_int_unsigned_s_65_o                  |   9|          2|   20|         40|
    |mxm_execute_ursa_ap_uint_unsigned_short_ap_uint_unsigned_short_int_unsigned_s_66_o                  |   9|          2|   20|         40|
    |mxm_execute_ursa_ap_uint_unsigned_short_ap_uint_unsigned_short_int_unsigned_s_67_o                  |   9|          2|   20|         40|
    |mxm_execute_ursa_ap_uint_unsigned_short_ap_uint_unsigned_short_int_unsigned_s_68_o                  |   9|          2|   20|         40|
    |mxm_execute_ursa_ap_uint_unsigned_short_ap_uint_unsigned_short_int_unsigned_s_69_o                  |   9|          2|   20|         40|
    |mxm_execute_ursa_ap_uint_unsigned_short_ap_uint_unsigned_short_int_unsigned_s_70_o                  |   9|          2|   20|         40|
    |mxm_execute_ursa_ap_uint_unsigned_short_ap_uint_unsigned_short_int_unsigned_s_71_o                  |   9|          2|   20|         40|
    |mxm_execute_ursa_ap_uint_unsigned_short_ap_uint_unsigned_short_int_unsigned_s_72_o                  |   9|          2|   20|         40|
    |mxm_execute_ursa_ap_uint_unsigned_short_ap_uint_unsigned_short_int_unsigned_s_73_o                  |   9|          2|   20|         40|
    |mxm_execute_ursa_ap_uint_unsigned_short_ap_uint_unsigned_short_int_unsigned_s_74_o                  |   9|          2|   20|         40|
    |mxm_execute_ursa_ap_uint_unsigned_short_ap_uint_unsigned_short_int_unsigned_s_75_o                  |   9|          2|   20|         40|
    |mxm_execute_ursa_ap_uint_unsigned_short_ap_uint_unsigned_short_int_unsigned_s_76_o                  |   9|          2|   20|         40|
    |mxm_execute_ursa_ap_uint_unsigned_short_ap_uint_unsigned_short_int_unsigned_s_77_o                  |   9|          2|   20|         40|
    |mxm_execute_ursa_ap_uint_unsigned_short_ap_uint_unsigned_short_int_unsigned_s_78_o                  |   9|          2|   20|         40|
    |mxm_execute_ursa_ap_uint_unsigned_short_ap_uint_unsigned_short_int_unsigned_s_79_o                  |   9|          2|   20|         40|
    |mxm_execute_ursa_ap_uint_unsigned_short_ap_uint_unsigned_short_int_unsigned_s_80_o                  |   9|          2|   20|         40|
    |mxm_execute_ursa_ap_uint_unsigned_short_ap_uint_unsigned_short_int_unsigned_s_81_o                  |   9|          2|   20|         40|
    |mxm_execute_ursa_ap_uint_unsigned_short_ap_uint_unsigned_short_int_unsigned_s_82_o                  |   9|          2|   20|         40|
    |mxm_execute_ursa_ap_uint_unsigned_short_ap_uint_unsigned_short_int_unsigned_s_83_o                  |   9|          2|   20|         40|
    |mxm_execute_ursa_ap_uint_unsigned_short_ap_uint_unsigned_short_int_unsigned_s_84_o                  |   9|          2|   20|         40|
    |mxm_execute_ursa_ap_uint_unsigned_short_ap_uint_unsigned_short_int_unsigned_s_85_o                  |   9|          2|   20|         40|
    |mxm_execute_ursa_ap_uint_unsigned_short_ap_uint_unsigned_short_int_unsigned_s_86_o                  |   9|          2|   20|         40|
    |mxm_execute_ursa_ap_uint_unsigned_short_ap_uint_unsigned_short_int_unsigned_s_87_o                  |   9|          2|   20|         40|
    |mxm_execute_ursa_ap_uint_unsigned_short_ap_uint_unsigned_short_int_unsigned_s_88_o                  |   9|          2|   20|         40|
    |mxm_execute_ursa_ap_uint_unsigned_short_ap_uint_unsigned_short_int_unsigned_s_89_o                  |   9|          2|   20|         40|
    |mxm_execute_ursa_ap_uint_unsigned_short_ap_uint_unsigned_short_int_unsigned_s_96_o                  |   9|          2|   20|         40|
    |t_1_fu_490                                                                                          |   9|          2|   16|         32|
    +----------------------------------------------------------------------------------------------------+----+-----------+-----+-----------+
    |Total                                                                                               |1188|        264| 2594|       5188|
    +----------------------------------------------------------------------------------------------------+----+-----------+-----+-----------+

    * Register: 
    +-----------------------------------------------------------------------------------+----+----+-----+-----------+
    |                                        Name                                       | FF | LUT| Bits| Const Bits|
    +-----------------------------------------------------------------------------------+----+----+-----+-----------+
    |a_buf_1_load_reg_4537                                                              |  64|   0|   64|          0|
    |a_buf_2_load_reg_4542                                                              |  64|   0|   64|          0|
    |a_buf_3_load_reg_4547                                                              |  64|   0|   64|          0|
    |a_buf_4_load_reg_4552                                                              |  64|   0|   64|          0|
    |a_buf_5_load_reg_4557                                                              |  64|   0|   64|          0|
    |a_buf_6_load_reg_4562                                                              |  64|   0|   64|          0|
    |a_buf_7_load_reg_4567                                                              |  64|   0|   64|          0|
    |a_buf_load_reg_4532                                                                |  64|   0|   64|          0|
    |and_ln52_1_reg_4436                                                                |   1|   0|    1|          0|
    |and_ln52_1_reg_4436_pp0_iter1_reg                                                  |   1|   0|    1|          0|
    |and_ln52_2_reg_4452                                                                |   1|   0|    1|          0|
    |and_ln52_2_reg_4452_pp0_iter1_reg                                                  |   1|   0|    1|          0|
    |and_ln52_3_reg_4468                                                                |   1|   0|    1|          0|
    |and_ln52_3_reg_4468_pp0_iter1_reg                                                  |   1|   0|    1|          0|
    |and_ln52_4_reg_4484                                                                |   1|   0|    1|          0|
    |and_ln52_4_reg_4484_pp0_iter1_reg                                                  |   1|   0|    1|          0|
    |and_ln52_5_reg_4500                                                                |   1|   0|    1|          0|
    |and_ln52_5_reg_4500_pp0_iter1_reg                                                  |   1|   0|    1|          0|
    |and_ln52_6_reg_4516                                                                |   1|   0|    1|          0|
    |and_ln52_6_reg_4516_pp0_iter1_reg                                                  |   1|   0|    1|          0|
    |and_ln52_reg_4415                                                                  |   1|   0|    1|          0|
    |and_ln52_reg_4415_pp0_iter1_reg                                                    |   1|   0|    1|          0|
    |ap_CS_fsm                                                                          |   1|   0|    1|          0|
    |ap_done_reg                                                                        |   1|   0|    1|          0|
    |ap_enable_reg_pp0_iter1                                                            |   1|   0|    1|          0|
    |ap_enable_reg_pp0_iter2                                                            |   1|   0|    1|          0|
    |ap_enable_reg_pp0_iter3                                                            |   1|   0|    1|          0|
    |ap_enable_reg_pp0_iter4                                                            |   1|   0|    1|          0|
    |ap_enable_reg_pp0_iter5                                                            |   1|   0|    1|          0|
    |ap_loop_exit_ready_pp0_iter1_reg                                                   |   1|   0|    1|          0|
    |ap_loop_exit_ready_pp0_iter2_reg                                                   |   1|   0|    1|          0|
    |ap_loop_exit_ready_pp0_iter3_reg                                                   |   1|   0|    1|          0|
    |ap_loop_exit_ready_pp0_iter4_reg                                                   |   1|   0|    1|          0|
    |icmp_ln52_reg_4394                                                                 |   1|   0|    1|          0|
    |icmp_ln52_reg_4394_pp0_iter1_reg                                                   |   1|   0|    1|          0|
    |k_1_reg_4421                                                                       |   8|   0|    8|          0|
    |k_reg_4400                                                                         |   8|   0|    8|          0|
    |mxm_execute_ursa_ap_uint_unsigned_short_ap_uint_unsigned_short_int_unsigned_s      |   8|   0|    8|          0|
    |mxm_execute_ursa_ap_uint_unsigned_short_ap_uint_unsigned_short_int_unsigned_s_1    |   8|   0|    8|          0|
    |mxm_execute_ursa_ap_uint_unsigned_short_ap_uint_unsigned_short_int_unsigned_s_11   |   8|   0|    8|          0|
    |mxm_execute_ursa_ap_uint_unsigned_short_ap_uint_unsigned_short_int_unsigned_s_12   |   8|   0|    8|          0|
    |mxm_execute_ursa_ap_uint_unsigned_short_ap_uint_unsigned_short_int_unsigned_s_13   |   8|   0|    8|          0|
    |mxm_execute_ursa_ap_uint_unsigned_short_ap_uint_unsigned_short_int_unsigned_s_14   |   8|   0|    8|          0|
    |mxm_execute_ursa_ap_uint_unsigned_short_ap_uint_unsigned_short_int_unsigned_s_15   |   8|   0|    8|          0|
    |mxm_execute_ursa_ap_uint_unsigned_short_ap_uint_unsigned_short_int_unsigned_s_16   |   8|   0|    8|          0|
    |mxm_execute_ursa_ap_uint_unsigned_short_ap_uint_unsigned_short_int_unsigned_s_17   |   8|   0|    8|          0|
    |mxm_execute_ursa_ap_uint_unsigned_short_ap_uint_unsigned_short_int_unsigned_s_178  |   8|   0|    8|          0|
    |mxm_execute_ursa_ap_uint_unsigned_short_ap_uint_unsigned_short_int_unsigned_s_179  |   8|   0|    8|          0|
    |mxm_execute_ursa_ap_uint_unsigned_short_ap_uint_unsigned_short_int_unsigned_s_18   |   8|   0|    8|          0|
    |mxm_execute_ursa_ap_uint_unsigned_short_ap_uint_unsigned_short_int_unsigned_s_180  |   8|   0|    8|          0|
    |mxm_execute_ursa_ap_uint_unsigned_short_ap_uint_unsigned_short_int_unsigned_s_181  |   8|   0|    8|          0|
    |mxm_execute_ursa_ap_uint_unsigned_short_ap_uint_unsigned_short_int_unsigned_s_182  |   8|   0|    8|          0|
    |mxm_execute_ursa_ap_uint_unsigned_short_ap_uint_unsigned_short_int_unsigned_s_183  |   8|   0|    8|          0|
    |mxm_execute_ursa_ap_uint_unsigned_short_ap_uint_unsigned_short_int_unsigned_s_184  |   8|   0|    8|          0|
    |mxm_execute_ursa_ap_uint_unsigned_short_ap_uint_unsigned_short_int_unsigned_s_185  |   8|   0|    8|          0|
    |mxm_execute_ursa_ap_uint_unsigned_short_ap_uint_unsigned_short_int_unsigned_s_186  |   8|   0|    8|          0|
    |mxm_execute_ursa_ap_uint_unsigned_short_ap_uint_unsigned_short_int_unsigned_s_187  |   8|   0|    8|          0|
    |mxm_execute_ursa_ap_uint_unsigned_short_ap_uint_unsigned_short_int_unsigned_s_189  |   8|   0|    8|          0|
    |mxm_execute_ursa_ap_uint_unsigned_short_ap_uint_unsigned_short_int_unsigned_s_19   |   8|   0|    8|          0|
    |mxm_execute_ursa_ap_uint_unsigned_short_ap_uint_unsigned_short_int_unsigned_s_190  |   8|   0|    8|          0|
    |mxm_execute_ursa_ap_uint_unsigned_short_ap_uint_unsigned_short_int_unsigned_s_191  |   8|   0|    8|          0|
    |mxm_execute_ursa_ap_uint_unsigned_short_ap_uint_unsigned_short_int_unsigned_s_192  |   8|   0|    8|          0|
    |mxm_execute_ursa_ap_uint_unsigned_short_ap_uint_unsigned_short_int_unsigned_s_193  |   8|   0|    8|          0|
    |mxm_execute_ursa_ap_uint_unsigned_short_ap_uint_unsigned_short_int_unsigned_s_194  |   8|   0|    8|          0|
    |mxm_execute_ursa_ap_uint_unsigned_short_ap_uint_unsigned_short_int_unsigned_s_195  |   8|   0|    8|          0|
    |mxm_execute_ursa_ap_uint_unsigned_short_ap_uint_unsigned_short_int_unsigned_s_196  |   8|   0|    8|          0|
    |mxm_execute_ursa_ap_uint_unsigned_short_ap_uint_unsigned_short_int_unsigned_s_197  |   8|   0|    8|          0|
    |mxm_execute_ursa_ap_uint_unsigned_short_ap_uint_unsigned_short_int_unsigned_s_198  |   8|   0|    8|          0|
    |mxm_execute_ursa_ap_uint_unsigned_short_ap_uint_unsigned_short_int_unsigned_s_2    |   8|   0|    8|          0|
    |mxm_execute_ursa_ap_uint_unsigned_short_ap_uint_unsigned_short_int_unsigned_s_20   |   8|   0|    8|          0|
    |mxm_execute_ursa_ap_uint_unsigned_short_ap_uint_unsigned_short_int_unsigned_s_200  |   8|   0|    8|          0|
    |mxm_execute_ursa_ap_uint_unsigned_short_ap_uint_unsigned_short_int_unsigned_s_201  |   8|   0|    8|          0|
    |mxm_execute_ursa_ap_uint_unsigned_short_ap_uint_unsigned_short_int_unsigned_s_202  |   8|   0|    8|          0|
    |mxm_execute_ursa_ap_uint_unsigned_short_ap_uint_unsigned_short_int_unsigned_s_203  |   8|   0|    8|          0|
    |mxm_execute_ursa_ap_uint_unsigned_short_ap_uint_unsigned_short_int_unsigned_s_204  |   8|   0|    8|          0|
    |mxm_execute_ursa_ap_uint_unsigned_short_ap_uint_unsigned_short_int_unsigned_s_205  |   8|   0|    8|          0|
    |mxm_execute_ursa_ap_uint_unsigned_short_ap_uint_unsigned_short_int_unsigned_s_206  |   8|   0|    8|          0|
    |mxm_execute_ursa_ap_uint_unsigned_short_ap_uint_unsigned_short_int_unsigned_s_207  |   8|   0|    8|          0|
    |mxm_execute_ursa_ap_uint_unsigned_short_ap_uint_unsigned_short_int_unsigned_s_208  |   8|   0|    8|          0|
    |mxm_execute_ursa_ap_uint_unsigned_short_ap_uint_unsigned_short_int_unsigned_s_209  |   8|   0|    8|          0|
    |mxm_execute_ursa_ap_uint_unsigned_short_ap_uint_unsigned_short_int_unsigned_s_211  |   8|   0|    8|          0|
    |mxm_execute_ursa_ap_uint_unsigned_short_ap_uint_unsigned_short_int_unsigned_s_212  |   8|   0|    8|          0|
    |mxm_execute_ursa_ap_uint_unsigned_short_ap_uint_unsigned_short_int_unsigned_s_213  |   8|   0|    8|          0|
    |mxm_execute_ursa_ap_uint_unsigned_short_ap_uint_unsigned_short_int_unsigned_s_214  |   8|   0|    8|          0|
    |mxm_execute_ursa_ap_uint_unsigned_short_ap_uint_unsigned_short_int_unsigned_s_215  |   8|   0|    8|          0|
    |mxm_execute_ursa_ap_uint_unsigned_short_ap_uint_unsigned_short_int_unsigned_s_216  |   8|   0|    8|          0|
    |mxm_execute_ursa_ap_uint_unsigned_short_ap_uint_unsigned_short_int_unsigned_s_217  |   8|   0|    8|          0|
    |mxm_execute_ursa_ap_uint_unsigned_short_ap_uint_unsigned_short_int_unsigned_s_218  |   8|   0|    8|          0|
    |mxm_execute_ursa_ap_uint_unsigned_short_ap_uint_unsigned_short_int_unsigned_s_219  |   8|   0|    8|          0|
    |mxm_execute_ursa_ap_uint_unsigned_short_ap_uint_unsigned_short_int_unsigned_s_22   |   8|   0|    8|          0|
    |mxm_execute_ursa_ap_uint_unsigned_short_ap_uint_unsigned_short_int_unsigned_s_220  |   8|   0|    8|          0|
    |mxm_execute_ursa_ap_uint_unsigned_short_ap_uint_unsigned_short_int_unsigned_s_222  |   8|   0|    8|          0|
    |mxm_execute_ursa_ap_uint_unsigned_short_ap_uint_unsigned_short_int_unsigned_s_223  |   8|   0|    8|          0|
    |mxm_execute_ursa_ap_uint_unsigned_short_ap_uint_unsigned_short_int_unsigned_s_224  |   8|   0|    8|          0|
    |mxm_execute_ursa_ap_uint_unsigned_short_ap_uint_unsigned_short_int_unsigned_s_225  |   8|   0|    8|          0|
    |mxm_execute_ursa_ap_uint_unsigned_short_ap_uint_unsigned_short_int_unsigned_s_226  |   8|   0|    8|          0|
    |mxm_execute_ursa_ap_uint_unsigned_short_ap_uint_unsigned_short_int_unsigned_s_227  |   8|   0|    8|          0|
    |mxm_execute_ursa_ap_uint_unsigned_short_ap_uint_unsigned_short_int_unsigned_s_228  |   8|   0|    8|          0|
    |mxm_execute_ursa_ap_uint_unsigned_short_ap_uint_unsigned_short_int_unsigned_s_229  |   8|   0|    8|          0|
    |mxm_execute_ursa_ap_uint_unsigned_short_ap_uint_unsigned_short_int_unsigned_s_23   |   8|   0|    8|          0|
    |mxm_execute_ursa_ap_uint_unsigned_short_ap_uint_unsigned_short_int_unsigned_s_230  |   8|   0|    8|          0|
    |mxm_execute_ursa_ap_uint_unsigned_short_ap_uint_unsigned_short_int_unsigned_s_231  |   8|   0|    8|          0|
    |mxm_execute_ursa_ap_uint_unsigned_short_ap_uint_unsigned_short_int_unsigned_s_233  |   8|   0|    8|          0|
    |mxm_execute_ursa_ap_uint_unsigned_short_ap_uint_unsigned_short_int_unsigned_s_234  |   8|   0|    8|          0|
    |mxm_execute_ursa_ap_uint_unsigned_short_ap_uint_unsigned_short_int_unsigned_s_235  |   8|   0|    8|          0|
    |mxm_execute_ursa_ap_uint_unsigned_short_ap_uint_unsigned_short_int_unsigned_s_236  |   8|   0|    8|          0|
    |mxm_execute_ursa_ap_uint_unsigned_short_ap_uint_unsigned_short_int_unsigned_s_237  |   8|   0|    8|          0|
    |mxm_execute_ursa_ap_uint_unsigned_short_ap_uint_unsigned_short_int_unsigned_s_238  |   8|   0|    8|          0|
    |mxm_execute_ursa_ap_uint_unsigned_short_ap_uint_unsigned_short_int_unsigned_s_239  |   8|   0|    8|          0|
    |mxm_execute_ursa_ap_uint_unsigned_short_ap_uint_unsigned_short_int_unsigned_s_24   |   8|   0|    8|          0|
    |mxm_execute_ursa_ap_uint_unsigned_short_ap_uint_unsigned_short_int_unsigned_s_240  |   8|   0|    8|          0|
    |mxm_execute_ursa_ap_uint_unsigned_short_ap_uint_unsigned_short_int_unsigned_s_241  |   8|   0|    8|          0|
    |mxm_execute_ursa_ap_uint_unsigned_short_ap_uint_unsigned_short_int_unsigned_s_242  |   8|   0|    8|          0|
    |mxm_execute_ursa_ap_uint_unsigned_short_ap_uint_unsigned_short_int_unsigned_s_244  |   8|   0|    8|          0|
    |mxm_execute_ursa_ap_uint_unsigned_short_ap_uint_unsigned_short_int_unsigned_s_245  |   8|   0|    8|          0|
    |mxm_execute_ursa_ap_uint_unsigned_short_ap_uint_unsigned_short_int_unsigned_s_246  |   8|   0|    8|          0|
    |mxm_execute_ursa_ap_uint_unsigned_short_ap_uint_unsigned_short_int_unsigned_s_247  |   8|   0|    8|          0|
    |mxm_execute_ursa_ap_uint_unsigned_short_ap_uint_unsigned_short_int_unsigned_s_248  |   8|   0|    8|          0|
    |mxm_execute_ursa_ap_uint_unsigned_short_ap_uint_unsigned_short_int_unsigned_s_249  |   8|   0|    8|          0|
    |mxm_execute_ursa_ap_uint_unsigned_short_ap_uint_unsigned_short_int_unsigned_s_25   |   8|   0|    8|          0|
    |mxm_execute_ursa_ap_uint_unsigned_short_ap_uint_unsigned_short_int_unsigned_s_250  |   8|   0|    8|          0|
    |mxm_execute_ursa_ap_uint_unsigned_short_ap_uint_unsigned_short_int_unsigned_s_26   |   8|   0|    8|          0|
    |mxm_execute_ursa_ap_uint_unsigned_short_ap_uint_unsigned_short_int_unsigned_s_27   |   8|   0|    8|          0|
    |mxm_execute_ursa_ap_uint_unsigned_short_ap_uint_unsigned_short_int_unsigned_s_28   |   8|   0|    8|          0|
    |mxm_execute_ursa_ap_uint_unsigned_short_ap_uint_unsigned_short_int_unsigned_s_29   |   8|   0|    8|          0|
    |mxm_execute_ursa_ap_uint_unsigned_short_ap_uint_unsigned_short_int_unsigned_s_3    |   8|   0|    8|          0|
    |mxm_execute_ursa_ap_uint_unsigned_short_ap_uint_unsigned_short_int_unsigned_s_30   |   8|   0|    8|          0|
    |mxm_execute_ursa_ap_uint_unsigned_short_ap_uint_unsigned_short_int_unsigned_s_31   |   8|   0|    8|          0|
    |mxm_execute_ursa_ap_uint_unsigned_short_ap_uint_unsigned_short_int_unsigned_s_33   |   8|   0|    8|          0|
    |mxm_execute_ursa_ap_uint_unsigned_short_ap_uint_unsigned_short_int_unsigned_s_34   |   8|   0|    8|          0|
    |mxm_execute_ursa_ap_uint_unsigned_short_ap_uint_unsigned_short_int_unsigned_s_35   |   8|   0|    8|          0|
    |mxm_execute_ursa_ap_uint_unsigned_short_ap_uint_unsigned_short_int_unsigned_s_36   |   8|   0|    8|          0|
    |mxm_execute_ursa_ap_uint_unsigned_short_ap_uint_unsigned_short_int_unsigned_s_37   |   8|   0|    8|          0|
    |mxm_execute_ursa_ap_uint_unsigned_short_ap_uint_unsigned_short_int_unsigned_s_38   |   8|   0|    8|          0|
    |mxm_execute_ursa_ap_uint_unsigned_short_ap_uint_unsigned_short_int_unsigned_s_4    |   8|   0|    8|          0|
    |mxm_execute_ursa_ap_uint_unsigned_short_ap_uint_unsigned_short_int_unsigned_s_5    |   8|   0|    8|          0|
    |mxm_execute_ursa_ap_uint_unsigned_short_ap_uint_unsigned_short_int_unsigned_s_6    |   8|   0|    8|          0|
    |mxm_execute_ursa_ap_uint_unsigned_short_ap_uint_unsigned_short_int_unsigned_s_7    |   8|   0|    8|          0|
    |mxm_execute_ursa_ap_uint_unsigned_short_ap_uint_unsigned_short_int_unsigned_s_8    |   8|   0|    8|          0|
    |mxm_execute_ursa_ap_uint_unsigned_short_ap_uint_unsigned_short_int_unsigned_s_9    |   8|   0|    8|          0|
    |mxm_execute_ursa_ap_uint_unsigned_short_ap_uint_unsigned_short_int_unsigned_s_90   |   8|   0|    8|          0|
    |mxm_execute_ursa_ap_uint_unsigned_short_ap_uint_unsigned_short_int_unsigned_s_91   |   8|   0|    8|          0|
    |mxm_execute_ursa_ap_uint_unsigned_short_ap_uint_unsigned_short_int_unsigned_s_92   |   8|   0|    8|          0|
    |mxm_execute_ursa_ap_uint_unsigned_short_ap_uint_unsigned_short_int_unsigned_s_93   |   8|   0|    8|          0|
    |mxm_execute_ursa_ap_uint_unsigned_short_ap_uint_unsigned_short_int_unsigned_s_94   |   8|   0|    8|          0|
    |mxm_execute_ursa_ap_uint_unsigned_short_ap_uint_unsigned_short_int_unsigned_s_95   |   8|   0|    8|          0|
    |mxm_execute_ursa_ap_uint_unsigned_short_ap_uint_unsigned_short_int_unsigned_s_97   |   8|   0|    8|          0|
    |mxm_execute_ursa_ap_uint_unsigned_short_ap_uint_unsigned_short_int_unsigned_s_98   |   8|   0|    8|          0|
    |mxm_execute_ursa_ap_uint_unsigned_short_ap_uint_unsigned_short_int_unsigned_s_99   |   8|   0|    8|          0|
    |t_1_fu_490                                                                         |  16|   0|   16|          0|
    |trunc_ln220_reg_4384                                                               |   8|   0|    8|          0|
    |trunc_ln58_10_reg_4490                                                             |   3|   0|    3|          0|
    |trunc_ln58_10_reg_4490_pp0_iter1_reg                                               |   3|   0|    3|          0|
    |trunc_ln58_12_reg_4506                                                             |   3|   0|    3|          0|
    |trunc_ln58_12_reg_4506_pp0_iter1_reg                                               |   3|   0|    3|          0|
    |trunc_ln58_14_reg_4522                                                             |   3|   0|    3|          0|
    |trunc_ln58_14_reg_4522_pp0_iter1_reg                                               |   3|   0|    3|          0|
    |trunc_ln58_2_reg_4426                                                              |   3|   0|    3|          0|
    |trunc_ln58_2_reg_4426_pp0_iter1_reg                                                |   3|   0|    3|          0|
    |trunc_ln58_4_reg_4442                                                              |   3|   0|    3|          0|
    |trunc_ln58_4_reg_4442_pp0_iter1_reg                                                |   3|   0|    3|          0|
    |trunc_ln58_6_reg_4458                                                              |   3|   0|    3|          0|
    |trunc_ln58_6_reg_4458_pp0_iter1_reg                                                |   3|   0|    3|          0|
    |trunc_ln58_8_reg_4474                                                              |   3|   0|    3|          0|
    |trunc_ln58_8_reg_4474_pp0_iter1_reg                                                |   3|   0|    3|          0|
    |trunc_ln58_reg_4405                                                                |   3|   0|    3|          0|
    |trunc_ln58_reg_4405_pp0_iter1_reg                                                  |   3|   0|    3|          0|
    +-----------------------------------------------------------------------------------+----+----+-----+-----------+
    |Total                                                                              |1523|   0| 1523|          0|
    +-----------------------------------------------------------------------------------+----+----+-----+-----------+



================================================================
== Interface
================================================================
* Summary: 
+--------------------------------------------------------------------------------------------+-----+-----+------------+-----------------------------------------------------------------------------------+--------------+
|                                          RTL Ports                                         | Dir | Bits|  Protocol  |                                   Source Object                                   |    C Type    |
+--------------------------------------------------------------------------------------------+-----+-----+------------+-----------------------------------------------------------------------------------+--------------+
|ap_clk                                                                                      |   in|    1|  ap_ctrl_hs|                                                 mxm_execute_ursa_Pipeline_STREAM_K|  return value|
|ap_rst                                                                                      |   in|    1|  ap_ctrl_hs|                                                 mxm_execute_ursa_Pipeline_STREAM_K|  return value|
|ap_start                                                                                    |   in|    1|  ap_ctrl_hs|                                                 mxm_execute_ursa_Pipeline_STREAM_K|  return value|
|ap_done                                                                                     |  out|    1|  ap_ctrl_hs|                                                 mxm_execute_ursa_Pipeline_STREAM_K|  return value|
|ap_idle                                                                                     |  out|    1|  ap_ctrl_hs|                                                 mxm_execute_ursa_Pipeline_STREAM_K|  return value|
|ap_ready                                                                                    |  out|    1|  ap_ctrl_hs|                                                 mxm_execute_ursa_Pipeline_STREAM_K|  return value|
|add30                                                                                       |   in|   17|     ap_none|                                                                              add30|        scalar|
|m                                                                                           |   in|   16|     ap_none|                                                                                  m|        scalar|
|add_ln53_6                                                                                  |   in|    8|     ap_none|                                                                         add_ln53_6|        scalar|
|a_buf_address0                                                                              |  out|    5|   ap_memory|                                                                              a_buf|         array|
|a_buf_ce0                                                                                   |  out|    1|   ap_memory|                                                                              a_buf|         array|
|a_buf_q0                                                                                    |   in|   64|   ap_memory|                                                                              a_buf|         array|
|add_i_1                                                                                     |   in|   17|     ap_none|                                                                            add_i_1|        scalar|
|empty_21                                                                                    |   in|    8|     ap_none|                                                                           empty_21|        scalar|
|a_buf_1_address0                                                                            |  out|    5|   ap_memory|                                                                            a_buf_1|         array|
|a_buf_1_ce0                                                                                 |  out|    1|   ap_memory|                                                                            a_buf_1|         array|
|a_buf_1_q0                                                                                  |   in|   64|   ap_memory|                                                                            a_buf_1|         array|
|add_i_2                                                                                     |   in|   17|     ap_none|                                                                            add_i_2|        scalar|
|a_buf_2_address0                                                                            |  out|    5|   ap_memory|                                                                            a_buf_2|         array|
|a_buf_2_ce0                                                                                 |  out|    1|   ap_memory|                                                                            a_buf_2|         array|
|a_buf_2_q0                                                                                  |   in|   64|   ap_memory|                                                                            a_buf_2|         array|
|add_i_3                                                                                     |   in|   17|     ap_none|                                                                            add_i_3|        scalar|
|a_buf_3_address0                                                                            |  out|    5|   ap_memory|                                                                            a_buf_3|         array|
|a_buf_3_ce0                                                                                 |  out|    1|   ap_memory|                                                                            a_buf_3|         array|
|a_buf_3_q0                                                                                  |   in|   64|   ap_memory|                                                                            a_buf_3|         array|
|add_i_4                                                                                     |   in|   17|     ap_none|                                                                            add_i_4|        scalar|
|a_buf_4_address0                                                                            |  out|    5|   ap_memory|                                                                            a_buf_4|         array|
|a_buf_4_ce0                                                                                 |  out|    1|   ap_memory|                                                                            a_buf_4|         array|
|a_buf_4_q0                                                                                  |   in|   64|   ap_memory|                                                                            a_buf_4|         array|
|add_i_5                                                                                     |   in|   17|     ap_none|                                                                            add_i_5|        scalar|
|a_buf_5_address0                                                                            |  out|    5|   ap_memory|                                                                            a_buf_5|         array|
|a_buf_5_ce0                                                                                 |  out|    1|   ap_memory|                                                                            a_buf_5|         array|
|a_buf_5_q0                                                                                  |   in|   64|   ap_memory|                                                                            a_buf_5|         array|
|add_i_6                                                                                     |   in|   17|     ap_none|                                                                            add_i_6|        scalar|
|a_buf_6_address0                                                                            |  out|    5|   ap_memory|                                                                            a_buf_6|         array|
|a_buf_6_ce0                                                                                 |  out|    1|   ap_memory|                                                                            a_buf_6|         array|
|a_buf_6_q0                                                                                  |   in|   64|   ap_memory|                                                                            a_buf_6|         array|
|add_ln198                                                                                   |   in|   17|     ap_none|                                                                          add_ln198|        scalar|
|a_buf_7_address0                                                                            |  out|    5|   ap_memory|                                                                            a_buf_7|         array|
|a_buf_7_ce0                                                                                 |  out|    1|   ap_memory|                                                                            a_buf_7|         array|
|a_buf_7_q0                                                                                  |   in|   64|   ap_memory|                                                                            a_buf_7|         array|
|b_buf_address0                                                                              |  out|    8|   ap_memory|                                                                              b_buf|         array|
|b_buf_ce0                                                                                   |  out|    1|   ap_memory|                                                                              b_buf|         array|
|b_buf_q0                                                                                    |   in|    8|   ap_memory|                                                                              b_buf|         array|
|b_buf_1_address0                                                                            |  out|    8|   ap_memory|                                                                            b_buf_1|         array|
|b_buf_1_ce0                                                                                 |  out|    1|   ap_memory|                                                                            b_buf_1|         array|
|b_buf_1_q0                                                                                  |   in|    8|   ap_memory|                                                                            b_buf_1|         array|
|empty_22                                                                                    |   in|    8|     ap_none|                                                                           empty_22|        scalar|
|b_buf_2_address0                                                                            |  out|    8|   ap_memory|                                                                            b_buf_2|         array|
|b_buf_2_ce0                                                                                 |  out|    1|   ap_memory|                                                                            b_buf_2|         array|
|b_buf_2_q0                                                                                  |   in|    8|   ap_memory|                                                                            b_buf_2|         array|
|empty_23                                                                                    |   in|    8|     ap_none|                                                                           empty_23|        scalar|
|b_buf_3_address0                                                                            |  out|    8|   ap_memory|                                                                            b_buf_3|         array|
|b_buf_3_ce0                                                                                 |  out|    1|   ap_memory|                                                                            b_buf_3|         array|
|b_buf_3_q0                                                                                  |   in|    8|   ap_memory|                                                                            b_buf_3|         array|
|empty_24                                                                                    |   in|    8|     ap_none|                                                                           empty_24|        scalar|
|b_buf_4_address0                                                                            |  out|    8|   ap_memory|                                                                            b_buf_4|         array|
|b_buf_4_ce0                                                                                 |  out|    1|   ap_memory|                                                                            b_buf_4|         array|
|b_buf_4_q0                                                                                  |   in|    8|   ap_memory|                                                                            b_buf_4|         array|
|empty_25                                                                                    |   in|    8|     ap_none|                                                                           empty_25|        scalar|
|b_buf_5_address0                                                                            |  out|    8|   ap_memory|                                                                            b_buf_5|         array|
|b_buf_5_ce0                                                                                 |  out|    1|   ap_memory|                                                                            b_buf_5|         array|
|b_buf_5_q0                                                                                  |   in|    8|   ap_memory|                                                                            b_buf_5|         array|
|empty_26                                                                                    |   in|    8|     ap_none|                                                                           empty_26|        scalar|
|b_buf_6_address0                                                                            |  out|    8|   ap_memory|                                                                            b_buf_6|         array|
|b_buf_6_ce0                                                                                 |  out|    1|   ap_memory|                                                                            b_buf_6|         array|
|b_buf_6_q0                                                                                  |   in|    8|   ap_memory|                                                                            b_buf_6|         array|
|empty                                                                                       |   in|    8|     ap_none|                                                                              empty|        scalar|
|b_buf_7_address0                                                                            |  out|    8|   ap_memory|                                                                            b_buf_7|         array|
|b_buf_7_ce0                                                                                 |  out|    1|   ap_memory|                                                                            b_buf_7|         array|
|b_buf_7_q0                                                                                  |   in|    8|   ap_memory|                                                                            b_buf_7|         array|
|mxm_execute_ursa_ap_uint_unsigned_short_ap_uint_unsigned_short_int_unsigned_s_39_i          |   in|   20|     ap_ovld|   mxm_execute_ursa_ap_uint_unsigned_short_ap_uint_unsigned_short_int_unsigned_s_39|       pointer|
|mxm_execute_ursa_ap_uint_unsigned_short_ap_uint_unsigned_short_int_unsigned_s_39_o          |  out|   20|     ap_ovld|   mxm_execute_ursa_ap_uint_unsigned_short_ap_uint_unsigned_short_int_unsigned_s_39|       pointer|
|mxm_execute_ursa_ap_uint_unsigned_short_ap_uint_unsigned_short_int_unsigned_s_39_o_ap_vld   |  out|    1|     ap_ovld|   mxm_execute_ursa_ap_uint_unsigned_short_ap_uint_unsigned_short_int_unsigned_s_39|       pointer|
|mxm_execute_ursa_ap_uint_unsigned_short_ap_uint_unsigned_short_int_unsigned_s_40_i          |   in|   20|     ap_ovld|   mxm_execute_ursa_ap_uint_unsigned_short_ap_uint_unsigned_short_int_unsigned_s_40|       pointer|
|mxm_execute_ursa_ap_uint_unsigned_short_ap_uint_unsigned_short_int_unsigned_s_40_o          |  out|   20|     ap_ovld|   mxm_execute_ursa_ap_uint_unsigned_short_ap_uint_unsigned_short_int_unsigned_s_40|       pointer|
|mxm_execute_ursa_ap_uint_unsigned_short_ap_uint_unsigned_short_int_unsigned_s_40_o_ap_vld   |  out|    1|     ap_ovld|   mxm_execute_ursa_ap_uint_unsigned_short_ap_uint_unsigned_short_int_unsigned_s_40|       pointer|
|mxm_execute_ursa_ap_uint_unsigned_short_ap_uint_unsigned_short_int_unsigned_s_41_i          |   in|   20|     ap_ovld|   mxm_execute_ursa_ap_uint_unsigned_short_ap_uint_unsigned_short_int_unsigned_s_41|       pointer|
|mxm_execute_ursa_ap_uint_unsigned_short_ap_uint_unsigned_short_int_unsigned_s_41_o          |  out|   20|     ap_ovld|   mxm_execute_ursa_ap_uint_unsigned_short_ap_uint_unsigned_short_int_unsigned_s_41|       pointer|
|mxm_execute_ursa_ap_uint_unsigned_short_ap_uint_unsigned_short_int_unsigned_s_41_o_ap_vld   |  out|    1|     ap_ovld|   mxm_execute_ursa_ap_uint_unsigned_short_ap_uint_unsigned_short_int_unsigned_s_41|       pointer|
|mxm_execute_ursa_ap_uint_unsigned_short_ap_uint_unsigned_short_int_unsigned_s_42_i          |   in|   20|     ap_ovld|   mxm_execute_ursa_ap_uint_unsigned_short_ap_uint_unsigned_short_int_unsigned_s_42|       pointer|
|mxm_execute_ursa_ap_uint_unsigned_short_ap_uint_unsigned_short_int_unsigned_s_42_o          |  out|   20|     ap_ovld|   mxm_execute_ursa_ap_uint_unsigned_short_ap_uint_unsigned_short_int_unsigned_s_42|       pointer|
|mxm_execute_ursa_ap_uint_unsigned_short_ap_uint_unsigned_short_int_unsigned_s_42_o_ap_vld   |  out|    1|     ap_ovld|   mxm_execute_ursa_ap_uint_unsigned_short_ap_uint_unsigned_short_int_unsigned_s_42|       pointer|
|mxm_execute_ursa_ap_uint_unsigned_short_ap_uint_unsigned_short_int_unsigned_s_44_i          |   in|   20|     ap_ovld|   mxm_execute_ursa_ap_uint_unsigned_short_ap_uint_unsigned_short_int_unsigned_s_44|       pointer|
|mxm_execute_ursa_ap_uint_unsigned_short_ap_uint_unsigned_short_int_unsigned_s_44_o          |  out|   20|     ap_ovld|   mxm_execute_ursa_ap_uint_unsigned_short_ap_uint_unsigned_short_int_unsigned_s_44|       pointer|
|mxm_execute_ursa_ap_uint_unsigned_short_ap_uint_unsigned_short_int_unsigned_s_44_o_ap_vld   |  out|    1|     ap_ovld|   mxm_execute_ursa_ap_uint_unsigned_short_ap_uint_unsigned_short_int_unsigned_s_44|       pointer|
|mxm_execute_ursa_ap_uint_unsigned_short_ap_uint_unsigned_short_int_unsigned_s_45_i          |   in|   20|     ap_ovld|   mxm_execute_ursa_ap_uint_unsigned_short_ap_uint_unsigned_short_int_unsigned_s_45|       pointer|
|mxm_execute_ursa_ap_uint_unsigned_short_ap_uint_unsigned_short_int_unsigned_s_45_o          |  out|   20|     ap_ovld|   mxm_execute_ursa_ap_uint_unsigned_short_ap_uint_unsigned_short_int_unsigned_s_45|       pointer|
|mxm_execute_ursa_ap_uint_unsigned_short_ap_uint_unsigned_short_int_unsigned_s_45_o_ap_vld   |  out|    1|     ap_ovld|   mxm_execute_ursa_ap_uint_unsigned_short_ap_uint_unsigned_short_int_unsigned_s_45|       pointer|
|mxm_execute_ursa_ap_uint_unsigned_short_ap_uint_unsigned_short_int_unsigned_s_46_i          |   in|   20|     ap_ovld|   mxm_execute_ursa_ap_uint_unsigned_short_ap_uint_unsigned_short_int_unsigned_s_46|       pointer|
|mxm_execute_ursa_ap_uint_unsigned_short_ap_uint_unsigned_short_int_unsigned_s_46_o          |  out|   20|     ap_ovld|   mxm_execute_ursa_ap_uint_unsigned_short_ap_uint_unsigned_short_int_unsigned_s_46|       pointer|
|mxm_execute_ursa_ap_uint_unsigned_short_ap_uint_unsigned_short_int_unsigned_s_46_o_ap_vld   |  out|    1|     ap_ovld|   mxm_execute_ursa_ap_uint_unsigned_short_ap_uint_unsigned_short_int_unsigned_s_46|       pointer|
|mxm_execute_ursa_ap_uint_unsigned_short_ap_uint_unsigned_short_int_unsigned_s_47_i          |   in|   20|     ap_ovld|   mxm_execute_ursa_ap_uint_unsigned_short_ap_uint_unsigned_short_int_unsigned_s_47|       pointer|
|mxm_execute_ursa_ap_uint_unsigned_short_ap_uint_unsigned_short_int_unsigned_s_47_o          |  out|   20|     ap_ovld|   mxm_execute_ursa_ap_uint_unsigned_short_ap_uint_unsigned_short_int_unsigned_s_47|       pointer|
|mxm_execute_ursa_ap_uint_unsigned_short_ap_uint_unsigned_short_int_unsigned_s_47_o_ap_vld   |  out|    1|     ap_ovld|   mxm_execute_ursa_ap_uint_unsigned_short_ap_uint_unsigned_short_int_unsigned_s_47|       pointer|
|mxm_execute_ursa_ap_uint_unsigned_short_ap_uint_unsigned_short_int_unsigned_s_48_i          |   in|   20|     ap_ovld|   mxm_execute_ursa_ap_uint_unsigned_short_ap_uint_unsigned_short_int_unsigned_s_48|       pointer|
|mxm_execute_ursa_ap_uint_unsigned_short_ap_uint_unsigned_short_int_unsigned_s_48_o          |  out|   20|     ap_ovld|   mxm_execute_ursa_ap_uint_unsigned_short_ap_uint_unsigned_short_int_unsigned_s_48|       pointer|
|mxm_execute_ursa_ap_uint_unsigned_short_ap_uint_unsigned_short_int_unsigned_s_48_o_ap_vld   |  out|    1|     ap_ovld|   mxm_execute_ursa_ap_uint_unsigned_short_ap_uint_unsigned_short_int_unsigned_s_48|       pointer|
|mxm_execute_ursa_ap_uint_unsigned_short_ap_uint_unsigned_short_int_unsigned_s_49_i          |   in|   20|     ap_ovld|   mxm_execute_ursa_ap_uint_unsigned_short_ap_uint_unsigned_short_int_unsigned_s_49|       pointer|
|mxm_execute_ursa_ap_uint_unsigned_short_ap_uint_unsigned_short_int_unsigned_s_49_o          |  out|   20|     ap_ovld|   mxm_execute_ursa_ap_uint_unsigned_short_ap_uint_unsigned_short_int_unsigned_s_49|       pointer|
|mxm_execute_ursa_ap_uint_unsigned_short_ap_uint_unsigned_short_int_unsigned_s_49_o_ap_vld   |  out|    1|     ap_ovld|   mxm_execute_ursa_ap_uint_unsigned_short_ap_uint_unsigned_short_int_unsigned_s_49|       pointer|
|mxm_execute_ursa_ap_uint_unsigned_short_ap_uint_unsigned_short_int_unsigned_s_50_i          |   in|   20|     ap_ovld|   mxm_execute_ursa_ap_uint_unsigned_short_ap_uint_unsigned_short_int_unsigned_s_50|       pointer|
|mxm_execute_ursa_ap_uint_unsigned_short_ap_uint_unsigned_short_int_unsigned_s_50_o          |  out|   20|     ap_ovld|   mxm_execute_ursa_ap_uint_unsigned_short_ap_uint_unsigned_short_int_unsigned_s_50|       pointer|
|mxm_execute_ursa_ap_uint_unsigned_short_ap_uint_unsigned_short_int_unsigned_s_50_o_ap_vld   |  out|    1|     ap_ovld|   mxm_execute_ursa_ap_uint_unsigned_short_ap_uint_unsigned_short_int_unsigned_s_50|       pointer|
|mxm_execute_ursa_ap_uint_unsigned_short_ap_uint_unsigned_short_int_unsigned_s_51_i          |   in|   20|     ap_ovld|   mxm_execute_ursa_ap_uint_unsigned_short_ap_uint_unsigned_short_int_unsigned_s_51|       pointer|
|mxm_execute_ursa_ap_uint_unsigned_short_ap_uint_unsigned_short_int_unsigned_s_51_o          |  out|   20|     ap_ovld|   mxm_execute_ursa_ap_uint_unsigned_short_ap_uint_unsigned_short_int_unsigned_s_51|       pointer|
|mxm_execute_ursa_ap_uint_unsigned_short_ap_uint_unsigned_short_int_unsigned_s_51_o_ap_vld   |  out|    1|     ap_ovld|   mxm_execute_ursa_ap_uint_unsigned_short_ap_uint_unsigned_short_int_unsigned_s_51|       pointer|
|mxm_execute_ursa_ap_uint_unsigned_short_ap_uint_unsigned_short_int_unsigned_s_52_i          |   in|   20|     ap_ovld|   mxm_execute_ursa_ap_uint_unsigned_short_ap_uint_unsigned_short_int_unsigned_s_52|       pointer|
|mxm_execute_ursa_ap_uint_unsigned_short_ap_uint_unsigned_short_int_unsigned_s_52_o          |  out|   20|     ap_ovld|   mxm_execute_ursa_ap_uint_unsigned_short_ap_uint_unsigned_short_int_unsigned_s_52|       pointer|
|mxm_execute_ursa_ap_uint_unsigned_short_ap_uint_unsigned_short_int_unsigned_s_52_o_ap_vld   |  out|    1|     ap_ovld|   mxm_execute_ursa_ap_uint_unsigned_short_ap_uint_unsigned_short_int_unsigned_s_52|       pointer|
|mxm_execute_ursa_ap_uint_unsigned_short_ap_uint_unsigned_short_int_unsigned_s_53_i          |   in|   20|     ap_ovld|   mxm_execute_ursa_ap_uint_unsigned_short_ap_uint_unsigned_short_int_unsigned_s_53|       pointer|
|mxm_execute_ursa_ap_uint_unsigned_short_ap_uint_unsigned_short_int_unsigned_s_53_o          |  out|   20|     ap_ovld|   mxm_execute_ursa_ap_uint_unsigned_short_ap_uint_unsigned_short_int_unsigned_s_53|       pointer|
|mxm_execute_ursa_ap_uint_unsigned_short_ap_uint_unsigned_short_int_unsigned_s_53_o_ap_vld   |  out|    1|     ap_ovld|   mxm_execute_ursa_ap_uint_unsigned_short_ap_uint_unsigned_short_int_unsigned_s_53|       pointer|
|mxm_execute_ursa_ap_uint_unsigned_short_ap_uint_unsigned_short_int_unsigned_s_55_i          |   in|   20|     ap_ovld|   mxm_execute_ursa_ap_uint_unsigned_short_ap_uint_unsigned_short_int_unsigned_s_55|       pointer|
|mxm_execute_ursa_ap_uint_unsigned_short_ap_uint_unsigned_short_int_unsigned_s_55_o          |  out|   20|     ap_ovld|   mxm_execute_ursa_ap_uint_unsigned_short_ap_uint_unsigned_short_int_unsigned_s_55|       pointer|
|mxm_execute_ursa_ap_uint_unsigned_short_ap_uint_unsigned_short_int_unsigned_s_55_o_ap_vld   |  out|    1|     ap_ovld|   mxm_execute_ursa_ap_uint_unsigned_short_ap_uint_unsigned_short_int_unsigned_s_55|       pointer|
|mxm_execute_ursa_ap_uint_unsigned_short_ap_uint_unsigned_short_int_unsigned_s_56_i          |   in|   20|     ap_ovld|   mxm_execute_ursa_ap_uint_unsigned_short_ap_uint_unsigned_short_int_unsigned_s_56|       pointer|
|mxm_execute_ursa_ap_uint_unsigned_short_ap_uint_unsigned_short_int_unsigned_s_56_o          |  out|   20|     ap_ovld|   mxm_execute_ursa_ap_uint_unsigned_short_ap_uint_unsigned_short_int_unsigned_s_56|       pointer|
|mxm_execute_ursa_ap_uint_unsigned_short_ap_uint_unsigned_short_int_unsigned_s_56_o_ap_vld   |  out|    1|     ap_ovld|   mxm_execute_ursa_ap_uint_unsigned_short_ap_uint_unsigned_short_int_unsigned_s_56|       pointer|
|mxm_execute_ursa_ap_uint_unsigned_short_ap_uint_unsigned_short_int_unsigned_s_57_i          |   in|   20|     ap_ovld|   mxm_execute_ursa_ap_uint_unsigned_short_ap_uint_unsigned_short_int_unsigned_s_57|       pointer|
|mxm_execute_ursa_ap_uint_unsigned_short_ap_uint_unsigned_short_int_unsigned_s_57_o          |  out|   20|     ap_ovld|   mxm_execute_ursa_ap_uint_unsigned_short_ap_uint_unsigned_short_int_unsigned_s_57|       pointer|
|mxm_execute_ursa_ap_uint_unsigned_short_ap_uint_unsigned_short_int_unsigned_s_57_o_ap_vld   |  out|    1|     ap_ovld|   mxm_execute_ursa_ap_uint_unsigned_short_ap_uint_unsigned_short_int_unsigned_s_57|       pointer|
|mxm_execute_ursa_ap_uint_unsigned_short_ap_uint_unsigned_short_int_unsigned_s_58_i          |   in|   20|     ap_ovld|   mxm_execute_ursa_ap_uint_unsigned_short_ap_uint_unsigned_short_int_unsigned_s_58|       pointer|
|mxm_execute_ursa_ap_uint_unsigned_short_ap_uint_unsigned_short_int_unsigned_s_58_o          |  out|   20|     ap_ovld|   mxm_execute_ursa_ap_uint_unsigned_short_ap_uint_unsigned_short_int_unsigned_s_58|       pointer|
|mxm_execute_ursa_ap_uint_unsigned_short_ap_uint_unsigned_short_int_unsigned_s_58_o_ap_vld   |  out|    1|     ap_ovld|   mxm_execute_ursa_ap_uint_unsigned_short_ap_uint_unsigned_short_int_unsigned_s_58|       pointer|
|mxm_execute_ursa_ap_uint_unsigned_short_ap_uint_unsigned_short_int_unsigned_s_59_i          |   in|   20|     ap_ovld|   mxm_execute_ursa_ap_uint_unsigned_short_ap_uint_unsigned_short_int_unsigned_s_59|       pointer|
|mxm_execute_ursa_ap_uint_unsigned_short_ap_uint_unsigned_short_int_unsigned_s_59_o          |  out|   20|     ap_ovld|   mxm_execute_ursa_ap_uint_unsigned_short_ap_uint_unsigned_short_int_unsigned_s_59|       pointer|
|mxm_execute_ursa_ap_uint_unsigned_short_ap_uint_unsigned_short_int_unsigned_s_59_o_ap_vld   |  out|    1|     ap_ovld|   mxm_execute_ursa_ap_uint_unsigned_short_ap_uint_unsigned_short_int_unsigned_s_59|       pointer|
|mxm_execute_ursa_ap_uint_unsigned_short_ap_uint_unsigned_short_int_unsigned_s_60_i          |   in|   20|     ap_ovld|   mxm_execute_ursa_ap_uint_unsigned_short_ap_uint_unsigned_short_int_unsigned_s_60|       pointer|
|mxm_execute_ursa_ap_uint_unsigned_short_ap_uint_unsigned_short_int_unsigned_s_60_o          |  out|   20|     ap_ovld|   mxm_execute_ursa_ap_uint_unsigned_short_ap_uint_unsigned_short_int_unsigned_s_60|       pointer|
|mxm_execute_ursa_ap_uint_unsigned_short_ap_uint_unsigned_short_int_unsigned_s_60_o_ap_vld   |  out|    1|     ap_ovld|   mxm_execute_ursa_ap_uint_unsigned_short_ap_uint_unsigned_short_int_unsigned_s_60|       pointer|
|mxm_execute_ursa_ap_uint_unsigned_short_ap_uint_unsigned_short_int_unsigned_s_61_i          |   in|   20|     ap_ovld|   mxm_execute_ursa_ap_uint_unsigned_short_ap_uint_unsigned_short_int_unsigned_s_61|       pointer|
|mxm_execute_ursa_ap_uint_unsigned_short_ap_uint_unsigned_short_int_unsigned_s_61_o          |  out|   20|     ap_ovld|   mxm_execute_ursa_ap_uint_unsigned_short_ap_uint_unsigned_short_int_unsigned_s_61|       pointer|
|mxm_execute_ursa_ap_uint_unsigned_short_ap_uint_unsigned_short_int_unsigned_s_61_o_ap_vld   |  out|    1|     ap_ovld|   mxm_execute_ursa_ap_uint_unsigned_short_ap_uint_unsigned_short_int_unsigned_s_61|       pointer|
|mxm_execute_ursa_ap_uint_unsigned_short_ap_uint_unsigned_short_int_unsigned_s_62_i          |   in|   20|     ap_ovld|   mxm_execute_ursa_ap_uint_unsigned_short_ap_uint_unsigned_short_int_unsigned_s_62|       pointer|
|mxm_execute_ursa_ap_uint_unsigned_short_ap_uint_unsigned_short_int_unsigned_s_62_o          |  out|   20|     ap_ovld|   mxm_execute_ursa_ap_uint_unsigned_short_ap_uint_unsigned_short_int_unsigned_s_62|       pointer|
|mxm_execute_ursa_ap_uint_unsigned_short_ap_uint_unsigned_short_int_unsigned_s_62_o_ap_vld   |  out|    1|     ap_ovld|   mxm_execute_ursa_ap_uint_unsigned_short_ap_uint_unsigned_short_int_unsigned_s_62|       pointer|
|mxm_execute_ursa_ap_uint_unsigned_short_ap_uint_unsigned_short_int_unsigned_s_63_i          |   in|   20|     ap_ovld|   mxm_execute_ursa_ap_uint_unsigned_short_ap_uint_unsigned_short_int_unsigned_s_63|       pointer|
|mxm_execute_ursa_ap_uint_unsigned_short_ap_uint_unsigned_short_int_unsigned_s_63_o          |  out|   20|     ap_ovld|   mxm_execute_ursa_ap_uint_unsigned_short_ap_uint_unsigned_short_int_unsigned_s_63|       pointer|
|mxm_execute_ursa_ap_uint_unsigned_short_ap_uint_unsigned_short_int_unsigned_s_63_o_ap_vld   |  out|    1|     ap_ovld|   mxm_execute_ursa_ap_uint_unsigned_short_ap_uint_unsigned_short_int_unsigned_s_63|       pointer|
|mxm_execute_ursa_ap_uint_unsigned_short_ap_uint_unsigned_short_int_unsigned_s_64_i          |   in|   20|     ap_ovld|   mxm_execute_ursa_ap_uint_unsigned_short_ap_uint_unsigned_short_int_unsigned_s_64|       pointer|
|mxm_execute_ursa_ap_uint_unsigned_short_ap_uint_unsigned_short_int_unsigned_s_64_o          |  out|   20|     ap_ovld|   mxm_execute_ursa_ap_uint_unsigned_short_ap_uint_unsigned_short_int_unsigned_s_64|       pointer|
|mxm_execute_ursa_ap_uint_unsigned_short_ap_uint_unsigned_short_int_unsigned_s_64_o_ap_vld   |  out|    1|     ap_ovld|   mxm_execute_ursa_ap_uint_unsigned_short_ap_uint_unsigned_short_int_unsigned_s_64|       pointer|
|mxm_execute_ursa_ap_uint_unsigned_short_ap_uint_unsigned_short_int_unsigned_s_66_i          |   in|   20|     ap_ovld|   mxm_execute_ursa_ap_uint_unsigned_short_ap_uint_unsigned_short_int_unsigned_s_66|       pointer|
|mxm_execute_ursa_ap_uint_unsigned_short_ap_uint_unsigned_short_int_unsigned_s_66_o          |  out|   20|     ap_ovld|   mxm_execute_ursa_ap_uint_unsigned_short_ap_uint_unsigned_short_int_unsigned_s_66|       pointer|
|mxm_execute_ursa_ap_uint_unsigned_short_ap_uint_unsigned_short_int_unsigned_s_66_o_ap_vld   |  out|    1|     ap_ovld|   mxm_execute_ursa_ap_uint_unsigned_short_ap_uint_unsigned_short_int_unsigned_s_66|       pointer|
|mxm_execute_ursa_ap_uint_unsigned_short_ap_uint_unsigned_short_int_unsigned_s_67_i          |   in|   20|     ap_ovld|   mxm_execute_ursa_ap_uint_unsigned_short_ap_uint_unsigned_short_int_unsigned_s_67|       pointer|
|mxm_execute_ursa_ap_uint_unsigned_short_ap_uint_unsigned_short_int_unsigned_s_67_o          |  out|   20|     ap_ovld|   mxm_execute_ursa_ap_uint_unsigned_short_ap_uint_unsigned_short_int_unsigned_s_67|       pointer|
|mxm_execute_ursa_ap_uint_unsigned_short_ap_uint_unsigned_short_int_unsigned_s_67_o_ap_vld   |  out|    1|     ap_ovld|   mxm_execute_ursa_ap_uint_unsigned_short_ap_uint_unsigned_short_int_unsigned_s_67|       pointer|
|mxm_execute_ursa_ap_uint_unsigned_short_ap_uint_unsigned_short_int_unsigned_s_68_i          |   in|   20|     ap_ovld|   mxm_execute_ursa_ap_uint_unsigned_short_ap_uint_unsigned_short_int_unsigned_s_68|       pointer|
|mxm_execute_ursa_ap_uint_unsigned_short_ap_uint_unsigned_short_int_unsigned_s_68_o          |  out|   20|     ap_ovld|   mxm_execute_ursa_ap_uint_unsigned_short_ap_uint_unsigned_short_int_unsigned_s_68|       pointer|
|mxm_execute_ursa_ap_uint_unsigned_short_ap_uint_unsigned_short_int_unsigned_s_68_o_ap_vld   |  out|    1|     ap_ovld|   mxm_execute_ursa_ap_uint_unsigned_short_ap_uint_unsigned_short_int_unsigned_s_68|       pointer|
|mxm_execute_ursa_ap_uint_unsigned_short_ap_uint_unsigned_short_int_unsigned_s_69_i          |   in|   20|     ap_ovld|   mxm_execute_ursa_ap_uint_unsigned_short_ap_uint_unsigned_short_int_unsigned_s_69|       pointer|
|mxm_execute_ursa_ap_uint_unsigned_short_ap_uint_unsigned_short_int_unsigned_s_69_o          |  out|   20|     ap_ovld|   mxm_execute_ursa_ap_uint_unsigned_short_ap_uint_unsigned_short_int_unsigned_s_69|       pointer|
|mxm_execute_ursa_ap_uint_unsigned_short_ap_uint_unsigned_short_int_unsigned_s_69_o_ap_vld   |  out|    1|     ap_ovld|   mxm_execute_ursa_ap_uint_unsigned_short_ap_uint_unsigned_short_int_unsigned_s_69|       pointer|
|mxm_execute_ursa_ap_uint_unsigned_short_ap_uint_unsigned_short_int_unsigned_s_70_i          |   in|   20|     ap_ovld|   mxm_execute_ursa_ap_uint_unsigned_short_ap_uint_unsigned_short_int_unsigned_s_70|       pointer|
|mxm_execute_ursa_ap_uint_unsigned_short_ap_uint_unsigned_short_int_unsigned_s_70_o          |  out|   20|     ap_ovld|   mxm_execute_ursa_ap_uint_unsigned_short_ap_uint_unsigned_short_int_unsigned_s_70|       pointer|
|mxm_execute_ursa_ap_uint_unsigned_short_ap_uint_unsigned_short_int_unsigned_s_70_o_ap_vld   |  out|    1|     ap_ovld|   mxm_execute_ursa_ap_uint_unsigned_short_ap_uint_unsigned_short_int_unsigned_s_70|       pointer|
|mxm_execute_ursa_ap_uint_unsigned_short_ap_uint_unsigned_short_int_unsigned_s_71_i          |   in|   20|     ap_ovld|   mxm_execute_ursa_ap_uint_unsigned_short_ap_uint_unsigned_short_int_unsigned_s_71|       pointer|
|mxm_execute_ursa_ap_uint_unsigned_short_ap_uint_unsigned_short_int_unsigned_s_71_o          |  out|   20|     ap_ovld|   mxm_execute_ursa_ap_uint_unsigned_short_ap_uint_unsigned_short_int_unsigned_s_71|       pointer|
|mxm_execute_ursa_ap_uint_unsigned_short_ap_uint_unsigned_short_int_unsigned_s_71_o_ap_vld   |  out|    1|     ap_ovld|   mxm_execute_ursa_ap_uint_unsigned_short_ap_uint_unsigned_short_int_unsigned_s_71|       pointer|
|mxm_execute_ursa_ap_uint_unsigned_short_ap_uint_unsigned_short_int_unsigned_s_72_i          |   in|   20|     ap_ovld|   mxm_execute_ursa_ap_uint_unsigned_short_ap_uint_unsigned_short_int_unsigned_s_72|       pointer|
|mxm_execute_ursa_ap_uint_unsigned_short_ap_uint_unsigned_short_int_unsigned_s_72_o          |  out|   20|     ap_ovld|   mxm_execute_ursa_ap_uint_unsigned_short_ap_uint_unsigned_short_int_unsigned_s_72|       pointer|
|mxm_execute_ursa_ap_uint_unsigned_short_ap_uint_unsigned_short_int_unsigned_s_72_o_ap_vld   |  out|    1|     ap_ovld|   mxm_execute_ursa_ap_uint_unsigned_short_ap_uint_unsigned_short_int_unsigned_s_72|       pointer|
|mxm_execute_ursa_ap_uint_unsigned_short_ap_uint_unsigned_short_int_unsigned_s_73_i          |   in|   20|     ap_ovld|   mxm_execute_ursa_ap_uint_unsigned_short_ap_uint_unsigned_short_int_unsigned_s_73|       pointer|
|mxm_execute_ursa_ap_uint_unsigned_short_ap_uint_unsigned_short_int_unsigned_s_73_o          |  out|   20|     ap_ovld|   mxm_execute_ursa_ap_uint_unsigned_short_ap_uint_unsigned_short_int_unsigned_s_73|       pointer|
|mxm_execute_ursa_ap_uint_unsigned_short_ap_uint_unsigned_short_int_unsigned_s_73_o_ap_vld   |  out|    1|     ap_ovld|   mxm_execute_ursa_ap_uint_unsigned_short_ap_uint_unsigned_short_int_unsigned_s_73|       pointer|
|mxm_execute_ursa_ap_uint_unsigned_short_ap_uint_unsigned_short_int_unsigned_s_74_i          |   in|   20|     ap_ovld|   mxm_execute_ursa_ap_uint_unsigned_short_ap_uint_unsigned_short_int_unsigned_s_74|       pointer|
|mxm_execute_ursa_ap_uint_unsigned_short_ap_uint_unsigned_short_int_unsigned_s_74_o          |  out|   20|     ap_ovld|   mxm_execute_ursa_ap_uint_unsigned_short_ap_uint_unsigned_short_int_unsigned_s_74|       pointer|
|mxm_execute_ursa_ap_uint_unsigned_short_ap_uint_unsigned_short_int_unsigned_s_74_o_ap_vld   |  out|    1|     ap_ovld|   mxm_execute_ursa_ap_uint_unsigned_short_ap_uint_unsigned_short_int_unsigned_s_74|       pointer|
|mxm_execute_ursa_ap_uint_unsigned_short_ap_uint_unsigned_short_int_unsigned_s_75_i          |   in|   20|     ap_ovld|   mxm_execute_ursa_ap_uint_unsigned_short_ap_uint_unsigned_short_int_unsigned_s_75|       pointer|
|mxm_execute_ursa_ap_uint_unsigned_short_ap_uint_unsigned_short_int_unsigned_s_75_o          |  out|   20|     ap_ovld|   mxm_execute_ursa_ap_uint_unsigned_short_ap_uint_unsigned_short_int_unsigned_s_75|       pointer|
|mxm_execute_ursa_ap_uint_unsigned_short_ap_uint_unsigned_short_int_unsigned_s_75_o_ap_vld   |  out|    1|     ap_ovld|   mxm_execute_ursa_ap_uint_unsigned_short_ap_uint_unsigned_short_int_unsigned_s_75|       pointer|
|mxm_execute_ursa_ap_uint_unsigned_short_ap_uint_unsigned_short_int_unsigned_s_77_i          |   in|   20|     ap_ovld|   mxm_execute_ursa_ap_uint_unsigned_short_ap_uint_unsigned_short_int_unsigned_s_77|       pointer|
|mxm_execute_ursa_ap_uint_unsigned_short_ap_uint_unsigned_short_int_unsigned_s_77_o          |  out|   20|     ap_ovld|   mxm_execute_ursa_ap_uint_unsigned_short_ap_uint_unsigned_short_int_unsigned_s_77|       pointer|
|mxm_execute_ursa_ap_uint_unsigned_short_ap_uint_unsigned_short_int_unsigned_s_77_o_ap_vld   |  out|    1|     ap_ovld|   mxm_execute_ursa_ap_uint_unsigned_short_ap_uint_unsigned_short_int_unsigned_s_77|       pointer|
|mxm_execute_ursa_ap_uint_unsigned_short_ap_uint_unsigned_short_int_unsigned_s_78_i          |   in|   20|     ap_ovld|   mxm_execute_ursa_ap_uint_unsigned_short_ap_uint_unsigned_short_int_unsigned_s_78|       pointer|
|mxm_execute_ursa_ap_uint_unsigned_short_ap_uint_unsigned_short_int_unsigned_s_78_o          |  out|   20|     ap_ovld|   mxm_execute_ursa_ap_uint_unsigned_short_ap_uint_unsigned_short_int_unsigned_s_78|       pointer|
|mxm_execute_ursa_ap_uint_unsigned_short_ap_uint_unsigned_short_int_unsigned_s_78_o_ap_vld   |  out|    1|     ap_ovld|   mxm_execute_ursa_ap_uint_unsigned_short_ap_uint_unsigned_short_int_unsigned_s_78|       pointer|
|mxm_execute_ursa_ap_uint_unsigned_short_ap_uint_unsigned_short_int_unsigned_s_79_i          |   in|   20|     ap_ovld|   mxm_execute_ursa_ap_uint_unsigned_short_ap_uint_unsigned_short_int_unsigned_s_79|       pointer|
|mxm_execute_ursa_ap_uint_unsigned_short_ap_uint_unsigned_short_int_unsigned_s_79_o          |  out|   20|     ap_ovld|   mxm_execute_ursa_ap_uint_unsigned_short_ap_uint_unsigned_short_int_unsigned_s_79|       pointer|
|mxm_execute_ursa_ap_uint_unsigned_short_ap_uint_unsigned_short_int_unsigned_s_79_o_ap_vld   |  out|    1|     ap_ovld|   mxm_execute_ursa_ap_uint_unsigned_short_ap_uint_unsigned_short_int_unsigned_s_79|       pointer|
|mxm_execute_ursa_ap_uint_unsigned_short_ap_uint_unsigned_short_int_unsigned_s_80_i          |   in|   20|     ap_ovld|   mxm_execute_ursa_ap_uint_unsigned_short_ap_uint_unsigned_short_int_unsigned_s_80|       pointer|
|mxm_execute_ursa_ap_uint_unsigned_short_ap_uint_unsigned_short_int_unsigned_s_80_o          |  out|   20|     ap_ovld|   mxm_execute_ursa_ap_uint_unsigned_short_ap_uint_unsigned_short_int_unsigned_s_80|       pointer|
|mxm_execute_ursa_ap_uint_unsigned_short_ap_uint_unsigned_short_int_unsigned_s_80_o_ap_vld   |  out|    1|     ap_ovld|   mxm_execute_ursa_ap_uint_unsigned_short_ap_uint_unsigned_short_int_unsigned_s_80|       pointer|
|mxm_execute_ursa_ap_uint_unsigned_short_ap_uint_unsigned_short_int_unsigned_s_81_i          |   in|   20|     ap_ovld|   mxm_execute_ursa_ap_uint_unsigned_short_ap_uint_unsigned_short_int_unsigned_s_81|       pointer|
|mxm_execute_ursa_ap_uint_unsigned_short_ap_uint_unsigned_short_int_unsigned_s_81_o          |  out|   20|     ap_ovld|   mxm_execute_ursa_ap_uint_unsigned_short_ap_uint_unsigned_short_int_unsigned_s_81|       pointer|
|mxm_execute_ursa_ap_uint_unsigned_short_ap_uint_unsigned_short_int_unsigned_s_81_o_ap_vld   |  out|    1|     ap_ovld|   mxm_execute_ursa_ap_uint_unsigned_short_ap_uint_unsigned_short_int_unsigned_s_81|       pointer|
|mxm_execute_ursa_ap_uint_unsigned_short_ap_uint_unsigned_short_int_unsigned_s_82_i          |   in|   20|     ap_ovld|   mxm_execute_ursa_ap_uint_unsigned_short_ap_uint_unsigned_short_int_unsigned_s_82|       pointer|
|mxm_execute_ursa_ap_uint_unsigned_short_ap_uint_unsigned_short_int_unsigned_s_82_o          |  out|   20|     ap_ovld|   mxm_execute_ursa_ap_uint_unsigned_short_ap_uint_unsigned_short_int_unsigned_s_82|       pointer|
|mxm_execute_ursa_ap_uint_unsigned_short_ap_uint_unsigned_short_int_unsigned_s_82_o_ap_vld   |  out|    1|     ap_ovld|   mxm_execute_ursa_ap_uint_unsigned_short_ap_uint_unsigned_short_int_unsigned_s_82|       pointer|
|mxm_execute_ursa_ap_uint_unsigned_short_ap_uint_unsigned_short_int_unsigned_s_83_i          |   in|   20|     ap_ovld|   mxm_execute_ursa_ap_uint_unsigned_short_ap_uint_unsigned_short_int_unsigned_s_83|       pointer|
|mxm_execute_ursa_ap_uint_unsigned_short_ap_uint_unsigned_short_int_unsigned_s_83_o          |  out|   20|     ap_ovld|   mxm_execute_ursa_ap_uint_unsigned_short_ap_uint_unsigned_short_int_unsigned_s_83|       pointer|
|mxm_execute_ursa_ap_uint_unsigned_short_ap_uint_unsigned_short_int_unsigned_s_83_o_ap_vld   |  out|    1|     ap_ovld|   mxm_execute_ursa_ap_uint_unsigned_short_ap_uint_unsigned_short_int_unsigned_s_83|       pointer|
|mxm_execute_ursa_ap_uint_unsigned_short_ap_uint_unsigned_short_int_unsigned_s_84_i          |   in|   20|     ap_ovld|   mxm_execute_ursa_ap_uint_unsigned_short_ap_uint_unsigned_short_int_unsigned_s_84|       pointer|
|mxm_execute_ursa_ap_uint_unsigned_short_ap_uint_unsigned_short_int_unsigned_s_84_o          |  out|   20|     ap_ovld|   mxm_execute_ursa_ap_uint_unsigned_short_ap_uint_unsigned_short_int_unsigned_s_84|       pointer|
|mxm_execute_ursa_ap_uint_unsigned_short_ap_uint_unsigned_short_int_unsigned_s_84_o_ap_vld   |  out|    1|     ap_ovld|   mxm_execute_ursa_ap_uint_unsigned_short_ap_uint_unsigned_short_int_unsigned_s_84|       pointer|
|mxm_execute_ursa_ap_uint_unsigned_short_ap_uint_unsigned_short_int_unsigned_s_85_i          |   in|   20|     ap_ovld|   mxm_execute_ursa_ap_uint_unsigned_short_ap_uint_unsigned_short_int_unsigned_s_85|       pointer|
|mxm_execute_ursa_ap_uint_unsigned_short_ap_uint_unsigned_short_int_unsigned_s_85_o          |  out|   20|     ap_ovld|   mxm_execute_ursa_ap_uint_unsigned_short_ap_uint_unsigned_short_int_unsigned_s_85|       pointer|
|mxm_execute_ursa_ap_uint_unsigned_short_ap_uint_unsigned_short_int_unsigned_s_85_o_ap_vld   |  out|    1|     ap_ovld|   mxm_execute_ursa_ap_uint_unsigned_short_ap_uint_unsigned_short_int_unsigned_s_85|       pointer|
|mxm_execute_ursa_ap_uint_unsigned_short_ap_uint_unsigned_short_int_unsigned_s_86_i          |   in|   20|     ap_ovld|   mxm_execute_ursa_ap_uint_unsigned_short_ap_uint_unsigned_short_int_unsigned_s_86|       pointer|
|mxm_execute_ursa_ap_uint_unsigned_short_ap_uint_unsigned_short_int_unsigned_s_86_o          |  out|   20|     ap_ovld|   mxm_execute_ursa_ap_uint_unsigned_short_ap_uint_unsigned_short_int_unsigned_s_86|       pointer|
|mxm_execute_ursa_ap_uint_unsigned_short_ap_uint_unsigned_short_int_unsigned_s_86_o_ap_vld   |  out|    1|     ap_ovld|   mxm_execute_ursa_ap_uint_unsigned_short_ap_uint_unsigned_short_int_unsigned_s_86|       pointer|
|mxm_execute_ursa_ap_uint_unsigned_short_ap_uint_unsigned_short_int_unsigned_s_88_i          |   in|   20|     ap_ovld|   mxm_execute_ursa_ap_uint_unsigned_short_ap_uint_unsigned_short_int_unsigned_s_88|       pointer|
|mxm_execute_ursa_ap_uint_unsigned_short_ap_uint_unsigned_short_int_unsigned_s_88_o          |  out|   20|     ap_ovld|   mxm_execute_ursa_ap_uint_unsigned_short_ap_uint_unsigned_short_int_unsigned_s_88|       pointer|
|mxm_execute_ursa_ap_uint_unsigned_short_ap_uint_unsigned_short_int_unsigned_s_88_o_ap_vld   |  out|    1|     ap_ovld|   mxm_execute_ursa_ap_uint_unsigned_short_ap_uint_unsigned_short_int_unsigned_s_88|       pointer|
|mxm_execute_ursa_ap_uint_unsigned_short_ap_uint_unsigned_short_int_unsigned_s_89_i          |   in|   20|     ap_ovld|   mxm_execute_ursa_ap_uint_unsigned_short_ap_uint_unsigned_short_int_unsigned_s_89|       pointer|
|mxm_execute_ursa_ap_uint_unsigned_short_ap_uint_unsigned_short_int_unsigned_s_89_o          |  out|   20|     ap_ovld|   mxm_execute_ursa_ap_uint_unsigned_short_ap_uint_unsigned_short_int_unsigned_s_89|       pointer|
|mxm_execute_ursa_ap_uint_unsigned_short_ap_uint_unsigned_short_int_unsigned_s_89_o_ap_vld   |  out|    1|     ap_ovld|   mxm_execute_ursa_ap_uint_unsigned_short_ap_uint_unsigned_short_int_unsigned_s_89|       pointer|
|mxm_execute_ursa_ap_uint_unsigned_short_ap_uint_unsigned_short_int_unsigned_s_96_i          |   in|   20|     ap_ovld|   mxm_execute_ursa_ap_uint_unsigned_short_ap_uint_unsigned_short_int_unsigned_s_96|       pointer|
|mxm_execute_ursa_ap_uint_unsigned_short_ap_uint_unsigned_short_int_unsigned_s_96_o          |  out|   20|     ap_ovld|   mxm_execute_ursa_ap_uint_unsigned_short_ap_uint_unsigned_short_int_unsigned_s_96|       pointer|
|mxm_execute_ursa_ap_uint_unsigned_short_ap_uint_unsigned_short_int_unsigned_s_96_o_ap_vld   |  out|    1|     ap_ovld|   mxm_execute_ursa_ap_uint_unsigned_short_ap_uint_unsigned_short_int_unsigned_s_96|       pointer|
|mxm_execute_ursa_ap_uint_unsigned_short_ap_uint_unsigned_short_int_unsigned_s_243_i         |   in|   20|     ap_ovld|  mxm_execute_ursa_ap_uint_unsigned_short_ap_uint_unsigned_short_int_unsigned_s_243|       pointer|
|mxm_execute_ursa_ap_uint_unsigned_short_ap_uint_unsigned_short_int_unsigned_s_243_o         |  out|   20|     ap_ovld|  mxm_execute_ursa_ap_uint_unsigned_short_ap_uint_unsigned_short_int_unsigned_s_243|       pointer|
|mxm_execute_ursa_ap_uint_unsigned_short_ap_uint_unsigned_short_int_unsigned_s_243_o_ap_vld  |  out|    1|     ap_ovld|  mxm_execute_ursa_ap_uint_unsigned_short_ap_uint_unsigned_short_int_unsigned_s_243|       pointer|
|mxm_execute_ursa_ap_uint_unsigned_short_ap_uint_unsigned_short_int_unsigned_s_232_i         |   in|   20|     ap_ovld|  mxm_execute_ursa_ap_uint_unsigned_short_ap_uint_unsigned_short_int_unsigned_s_232|       pointer|
|mxm_execute_ursa_ap_uint_unsigned_short_ap_uint_unsigned_short_int_unsigned_s_232_o         |  out|   20|     ap_ovld|  mxm_execute_ursa_ap_uint_unsigned_short_ap_uint_unsigned_short_int_unsigned_s_232|       pointer|
|mxm_execute_ursa_ap_uint_unsigned_short_ap_uint_unsigned_short_int_unsigned_s_232_o_ap_vld  |  out|    1|     ap_ovld|  mxm_execute_ursa_ap_uint_unsigned_short_ap_uint_unsigned_short_int_unsigned_s_232|       pointer|
|mxm_execute_ursa_ap_uint_unsigned_short_ap_uint_unsigned_short_int_unsigned_s_221_i         |   in|   20|     ap_ovld|  mxm_execute_ursa_ap_uint_unsigned_short_ap_uint_unsigned_short_int_unsigned_s_221|       pointer|
|mxm_execute_ursa_ap_uint_unsigned_short_ap_uint_unsigned_short_int_unsigned_s_221_o         |  out|   20|     ap_ovld|  mxm_execute_ursa_ap_uint_unsigned_short_ap_uint_unsigned_short_int_unsigned_s_221|       pointer|
|mxm_execute_ursa_ap_uint_unsigned_short_ap_uint_unsigned_short_int_unsigned_s_221_o_ap_vld  |  out|    1|     ap_ovld|  mxm_execute_ursa_ap_uint_unsigned_short_ap_uint_unsigned_short_int_unsigned_s_221|       pointer|
|mxm_execute_ursa_ap_uint_unsigned_short_ap_uint_unsigned_short_int_unsigned_s_210_i         |   in|   20|     ap_ovld|  mxm_execute_ursa_ap_uint_unsigned_short_ap_uint_unsigned_short_int_unsigned_s_210|       pointer|
|mxm_execute_ursa_ap_uint_unsigned_short_ap_uint_unsigned_short_int_unsigned_s_210_o         |  out|   20|     ap_ovld|  mxm_execute_ursa_ap_uint_unsigned_short_ap_uint_unsigned_short_int_unsigned_s_210|       pointer|
|mxm_execute_ursa_ap_uint_unsigned_short_ap_uint_unsigned_short_int_unsigned_s_210_o_ap_vld  |  out|    1|     ap_ovld|  mxm_execute_ursa_ap_uint_unsigned_short_ap_uint_unsigned_short_int_unsigned_s_210|       pointer|
|mxm_execute_ursa_ap_uint_unsigned_short_ap_uint_unsigned_short_int_unsigned_s_199_i         |   in|   20|     ap_ovld|  mxm_execute_ursa_ap_uint_unsigned_short_ap_uint_unsigned_short_int_unsigned_s_199|       pointer|
|mxm_execute_ursa_ap_uint_unsigned_short_ap_uint_unsigned_short_int_unsigned_s_199_o         |  out|   20|     ap_ovld|  mxm_execute_ursa_ap_uint_unsigned_short_ap_uint_unsigned_short_int_unsigned_s_199|       pointer|
|mxm_execute_ursa_ap_uint_unsigned_short_ap_uint_unsigned_short_int_unsigned_s_199_o_ap_vld  |  out|    1|     ap_ovld|  mxm_execute_ursa_ap_uint_unsigned_short_ap_uint_unsigned_short_int_unsigned_s_199|       pointer|
|mxm_execute_ursa_ap_uint_unsigned_short_ap_uint_unsigned_short_int_unsigned_s_188_i         |   in|   20|     ap_ovld|  mxm_execute_ursa_ap_uint_unsigned_short_ap_uint_unsigned_short_int_unsigned_s_188|       pointer|
|mxm_execute_ursa_ap_uint_unsigned_short_ap_uint_unsigned_short_int_unsigned_s_188_o         |  out|   20|     ap_ovld|  mxm_execute_ursa_ap_uint_unsigned_short_ap_uint_unsigned_short_int_unsigned_s_188|       pointer|
|mxm_execute_ursa_ap_uint_unsigned_short_ap_uint_unsigned_short_int_unsigned_s_188_o_ap_vld  |  out|    1|     ap_ovld|  mxm_execute_ursa_ap_uint_unsigned_short_ap_uint_unsigned_short_int_unsigned_s_188|       pointer|
|mxm_execute_ursa_ap_uint_unsigned_short_ap_uint_unsigned_short_int_unsigned_s_177_i         |   in|   20|     ap_ovld|  mxm_execute_ursa_ap_uint_unsigned_short_ap_uint_unsigned_short_int_unsigned_s_177|       pointer|
|mxm_execute_ursa_ap_uint_unsigned_short_ap_uint_unsigned_short_int_unsigned_s_177_o         |  out|   20|     ap_ovld|  mxm_execute_ursa_ap_uint_unsigned_short_ap_uint_unsigned_short_int_unsigned_s_177|       pointer|
|mxm_execute_ursa_ap_uint_unsigned_short_ap_uint_unsigned_short_int_unsigned_s_177_o_ap_vld  |  out|    1|     ap_ovld|  mxm_execute_ursa_ap_uint_unsigned_short_ap_uint_unsigned_short_int_unsigned_s_177|       pointer|
|mxm_execute_ursa_ap_uint_unsigned_short_ap_uint_unsigned_short_int_unsigned_s_10_i          |   in|   20|     ap_ovld|   mxm_execute_ursa_ap_uint_unsigned_short_ap_uint_unsigned_short_int_unsigned_s_10|       pointer|
|mxm_execute_ursa_ap_uint_unsigned_short_ap_uint_unsigned_short_int_unsigned_s_10_o          |  out|   20|     ap_ovld|   mxm_execute_ursa_ap_uint_unsigned_short_ap_uint_unsigned_short_int_unsigned_s_10|       pointer|
|mxm_execute_ursa_ap_uint_unsigned_short_ap_uint_unsigned_short_int_unsigned_s_10_o_ap_vld   |  out|    1|     ap_ovld|   mxm_execute_ursa_ap_uint_unsigned_short_ap_uint_unsigned_short_int_unsigned_s_10|       pointer|
|mxm_execute_ursa_ap_uint_unsigned_short_ap_uint_unsigned_short_int_unsigned_s_21_i          |   in|   20|     ap_ovld|   mxm_execute_ursa_ap_uint_unsigned_short_ap_uint_unsigned_short_int_unsigned_s_21|       pointer|
|mxm_execute_ursa_ap_uint_unsigned_short_ap_uint_unsigned_short_int_unsigned_s_21_o          |  out|   20|     ap_ovld|   mxm_execute_ursa_ap_uint_unsigned_short_ap_uint_unsigned_short_int_unsigned_s_21|       pointer|
|mxm_execute_ursa_ap_uint_unsigned_short_ap_uint_unsigned_short_int_unsigned_s_21_o_ap_vld   |  out|    1|     ap_ovld|   mxm_execute_ursa_ap_uint_unsigned_short_ap_uint_unsigned_short_int_unsigned_s_21|       pointer|
|mxm_execute_ursa_ap_uint_unsigned_short_ap_uint_unsigned_short_int_unsigned_s_32_i          |   in|   20|     ap_ovld|   mxm_execute_ursa_ap_uint_unsigned_short_ap_uint_unsigned_short_int_unsigned_s_32|       pointer|
|mxm_execute_ursa_ap_uint_unsigned_short_ap_uint_unsigned_short_int_unsigned_s_32_o          |  out|   20|     ap_ovld|   mxm_execute_ursa_ap_uint_unsigned_short_ap_uint_unsigned_short_int_unsigned_s_32|       pointer|
|mxm_execute_ursa_ap_uint_unsigned_short_ap_uint_unsigned_short_int_unsigned_s_32_o_ap_vld   |  out|    1|     ap_ovld|   mxm_execute_ursa_ap_uint_unsigned_short_ap_uint_unsigned_short_int_unsigned_s_32|       pointer|
|mxm_execute_ursa_ap_uint_unsigned_short_ap_uint_unsigned_short_int_unsigned_s_43_i          |   in|   20|     ap_ovld|   mxm_execute_ursa_ap_uint_unsigned_short_ap_uint_unsigned_short_int_unsigned_s_43|       pointer|
|mxm_execute_ursa_ap_uint_unsigned_short_ap_uint_unsigned_short_int_unsigned_s_43_o          |  out|   20|     ap_ovld|   mxm_execute_ursa_ap_uint_unsigned_short_ap_uint_unsigned_short_int_unsigned_s_43|       pointer|
|mxm_execute_ursa_ap_uint_unsigned_short_ap_uint_unsigned_short_int_unsigned_s_43_o_ap_vld   |  out|    1|     ap_ovld|   mxm_execute_ursa_ap_uint_unsigned_short_ap_uint_unsigned_short_int_unsigned_s_43|       pointer|
|mxm_execute_ursa_ap_uint_unsigned_short_ap_uint_unsigned_short_int_unsigned_s_54_i          |   in|   20|     ap_ovld|   mxm_execute_ursa_ap_uint_unsigned_short_ap_uint_unsigned_short_int_unsigned_s_54|       pointer|
|mxm_execute_ursa_ap_uint_unsigned_short_ap_uint_unsigned_short_int_unsigned_s_54_o          |  out|   20|     ap_ovld|   mxm_execute_ursa_ap_uint_unsigned_short_ap_uint_unsigned_short_int_unsigned_s_54|       pointer|
|mxm_execute_ursa_ap_uint_unsigned_short_ap_uint_unsigned_short_int_unsigned_s_54_o_ap_vld   |  out|    1|     ap_ovld|   mxm_execute_ursa_ap_uint_unsigned_short_ap_uint_unsigned_short_int_unsigned_s_54|       pointer|
|mxm_execute_ursa_ap_uint_unsigned_short_ap_uint_unsigned_short_int_unsigned_s_65_i          |   in|   20|     ap_ovld|   mxm_execute_ursa_ap_uint_unsigned_short_ap_uint_unsigned_short_int_unsigned_s_65|       pointer|
|mxm_execute_ursa_ap_uint_unsigned_short_ap_uint_unsigned_short_int_unsigned_s_65_o          |  out|   20|     ap_ovld|   mxm_execute_ursa_ap_uint_unsigned_short_ap_uint_unsigned_short_int_unsigned_s_65|       pointer|
|mxm_execute_ursa_ap_uint_unsigned_short_ap_uint_unsigned_short_int_unsigned_s_65_o_ap_vld   |  out|    1|     ap_ovld|   mxm_execute_ursa_ap_uint_unsigned_short_ap_uint_unsigned_short_int_unsigned_s_65|       pointer|
|mxm_execute_ursa_ap_uint_unsigned_short_ap_uint_unsigned_short_int_unsigned_s_76_i          |   in|   20|     ap_ovld|   mxm_execute_ursa_ap_uint_unsigned_short_ap_uint_unsigned_short_int_unsigned_s_76|       pointer|
|mxm_execute_ursa_ap_uint_unsigned_short_ap_uint_unsigned_short_int_unsigned_s_76_o          |  out|   20|     ap_ovld|   mxm_execute_ursa_ap_uint_unsigned_short_ap_uint_unsigned_short_int_unsigned_s_76|       pointer|
|mxm_execute_ursa_ap_uint_unsigned_short_ap_uint_unsigned_short_int_unsigned_s_76_o_ap_vld   |  out|    1|     ap_ovld|   mxm_execute_ursa_ap_uint_unsigned_short_ap_uint_unsigned_short_int_unsigned_s_76|       pointer|
|mxm_execute_ursa_ap_uint_unsigned_short_ap_uint_unsigned_short_int_unsigned_s_87_i          |   in|   20|     ap_ovld|   mxm_execute_ursa_ap_uint_unsigned_short_ap_uint_unsigned_short_int_unsigned_s_87|       pointer|
|mxm_execute_ursa_ap_uint_unsigned_short_ap_uint_unsigned_short_int_unsigned_s_87_o          |  out|   20|     ap_ovld|   mxm_execute_ursa_ap_uint_unsigned_short_ap_uint_unsigned_short_int_unsigned_s_87|       pointer|
|mxm_execute_ursa_ap_uint_unsigned_short_ap_uint_unsigned_short_int_unsigned_s_87_o_ap_vld   |  out|    1|     ap_ovld|   mxm_execute_ursa_ap_uint_unsigned_short_ap_uint_unsigned_short_int_unsigned_s_87|       pointer|
|mxm_execute_ursa_ap_uint_unsigned_short_ap_uint_unsigned_short_int_unsigned_s_176_i         |   in|   20|     ap_ovld|  mxm_execute_ursa_ap_uint_unsigned_short_ap_uint_unsigned_short_int_unsigned_s_176|       pointer|
|mxm_execute_ursa_ap_uint_unsigned_short_ap_uint_unsigned_short_int_unsigned_s_176_o         |  out|   20|     ap_ovld|  mxm_execute_ursa_ap_uint_unsigned_short_ap_uint_unsigned_short_int_unsigned_s_176|       pointer|
|mxm_execute_ursa_ap_uint_unsigned_short_ap_uint_unsigned_short_int_unsigned_s_176_o_ap_vld  |  out|    1|     ap_ovld|  mxm_execute_ursa_ap_uint_unsigned_short_ap_uint_unsigned_short_int_unsigned_s_176|       pointer|
|mxm_execute_ursa_ap_uint_unsigned_short_ap_uint_unsigned_short_int_unsigned_s_175_i         |   in|   20|     ap_ovld|  mxm_execute_ursa_ap_uint_unsigned_short_ap_uint_unsigned_short_int_unsigned_s_175|       pointer|
|mxm_execute_ursa_ap_uint_unsigned_short_ap_uint_unsigned_short_int_unsigned_s_175_o         |  out|   20|     ap_ovld|  mxm_execute_ursa_ap_uint_unsigned_short_ap_uint_unsigned_short_int_unsigned_s_175|       pointer|
|mxm_execute_ursa_ap_uint_unsigned_short_ap_uint_unsigned_short_int_unsigned_s_175_o_ap_vld  |  out|    1|     ap_ovld|  mxm_execute_ursa_ap_uint_unsigned_short_ap_uint_unsigned_short_int_unsigned_s_175|       pointer|
+--------------------------------------------------------------------------------------------+-----+-----+------------+-----------------------------------------------------------------------------------+--------------+

