

================================================================
== Vitis HLS Report for 'mxm_execute_ursa'
================================================================
* Date:           Tue Jun  2 13:33:36 2026

* Version:        2023.2 (Build 4023990 on Oct 11 2023)
* Project:        mxm_execute_ursa
* Solution:       hls (Vivado IP Flow Target)
* Product family: zynq
* Target device:  xc7z020-clg484-1


================================================================
== Performance Estimates
================================================================
+ Timing: 
    * Summary: 
    +--------+----------+----------+------------+
    |  Clock |  Target  | Estimated| Uncertainty|
    +--------+----------+----------+------------+
    |ap_clk  |  10.00 ns|  7.300 ns|     2.70 ns|
    +--------+----------+----------+------------+

+ Latency: 
    * Summary: 
    +---------+----------------+-----------+-------------+-----+----------------+---------+
    |     Latency (cycles)     |    Latency (absolute)   |       Interval       | Pipeline|
    |   min   |       max      |    min    |     max     | min |       max      |   Type  |
    +---------+----------------+-----------+-------------+-----+----------------+---------+
    |        2|  35193025446147|  20.000 ns|  3.5e+05 sec|    3|  35193025446148|       no|
    +---------+----------------+-----------+-------------+-----+----------------+---------+

    + Detail: 
        * Instance: 
        +-------------------------------------------------------+--------------------------------------------+---------+---------+----------+----------+-----+--------+---------+
        |                                                       |                                            |  Latency (cycles) |  Latency (absolute) |   Interval   | Pipeline|
        |                        Instance                       |                   Module                   |   min   |   max   |    min   |    max   | min |   max  |   Type  |
        +-------------------------------------------------------+--------------------------------------------+---------+---------+----------+----------+-----+--------+---------+
        |grp_mxm_execute_ursa_Pipeline_VITIS_LOOP_284_3_fu_522  |mxm_execute_ursa_Pipeline_VITIS_LOOP_284_3  |      132|   524412|  1.320 us|  5.244 ms|  132|  524412|       no|
        |grp_sa_store_fu_891                                    |sa_store                                    |       69|       69|  0.690 us|  0.690 us|   64|      64|      yes|
        |call_ln302_sa_reset_fu_1027                            |sa_reset                                    |        0|        0|      0 ns|      0 ns|    1|       1|      yes|
        +-------------------------------------------------------+--------------------------------------------+---------+---------+----------+----------+-----+--------+---------+

        * Loop: 
        +-------------------------------------+---------+----------------+--------------+-----------+-----------+--------------+----------+
        |                                     |     Latency (cycles)     |   Iteration  |  Initiation Interval  |     Trip     |          |
        |              Loop Name              |   min   |       max      |    Latency   |  achieved |   target  |     Count    | Pipelined|
        +-------------------------------------+---------+----------------+--------------+-----------+-----------+--------------+----------+
        |- VITIS_LOOP_267_1_VITIS_LOOP_268_2  |        0|  35193025446145|  265 ~ 524545|          -|          -|  0 ~ 67092481|        no|
        +-------------------------------------+---------+----------------+--------------+-----------+-----------+--------------+----------+



================================================================
== Utilization Estimates
================================================================
* Summary: 
+-----------------+---------+-----+--------+-------+-----+
|       Name      | BRAM_18K| DSP |   FF   |  LUT  | URAM|
+-----------------+---------+-----+--------+-------+-----+
|DSP              |        -|    -|       -|      -|    -|
|Expression       |        -|    -|       0|    234|    -|
|FIFO             |        -|    -|       -|      -|    -|
|Instance         |        8|   75|    6519|   8149|    -|
|Memory           |        -|    -|       -|      -|    -|
|Multiplexer      |        -|    -|       -|   1420|    -|
|Register         |        -|    -|    1889|      -|    -|
+-----------------+---------+-----+--------+-------+-----+
|Total            |        8|   75|    8408|   9803|    0|
+-----------------+---------+-----+--------+-------+-----+
|Available        |      280|  220|  106400|  53200|    0|
+-----------------+---------+-----+--------+-------+-----+
|Utilization (%)  |        2|   34|       7|     18|    0|
+-----------------+---------+-----+--------+-------+-----+

+ Detail: 
    * Instance: 
    +-------------------------------------------------------+--------------------------------------------+---------+----+------+------+-----+
    |                        Instance                       |                   Module                   | BRAM_18K| DSP|  FF  |  LUT | URAM|
    +-------------------------------------------------------+--------------------------------------------+---------+----+------+------+-----+
    |ap_s_axi_U                                             |ap_s_axi                                    |        0|   0|   110|   152|    0|
    |aw_m_axi_U                                             |aw_m_axi                                    |        2|   0|   866|   853|    0|
    |bi_m_axi_U                                             |bi_m_axi                                    |        2|   0|   866|   853|    0|
    |ca_m_axi_U                                             |ca_m_axi                                    |        4|   0|   830|   733|    0|
    |control_s_axi_U                                        |control_s_axi                               |        0|   0|   144|   232|    0|
    |mul_13ns_13ns_26_1_1_U282                              |mul_13ns_13ns_26_1_1                        |        0|   1|     0|     6|    0|
    |mul_13ns_16ns_27_1_1_U284                              |mul_13ns_16ns_27_1_1                        |        0|   1|     0|     6|    0|
    |mul_13ns_16ns_29_1_1_U283                              |mul_13ns_16ns_29_1_1                        |        0|   1|     0|     6|    0|
    |grp_mxm_execute_ursa_Pipeline_VITIS_LOOP_284_3_fu_522  |mxm_execute_ursa_Pipeline_VITIS_LOOP_284_3  |        0|  72|  3299|  4240|    0|
    |call_ln302_sa_reset_fu_1027                            |sa_reset                                    |        0|   0|     0|     0|    0|
    |grp_sa_store_fu_891                                    |sa_store                                    |        0|   0|   404|  1068|    0|
    +-------------------------------------------------------+--------------------------------------------+---------+----+------+------+-----+
    |Total                                                  |                                            |        8|  75|  6519|  8149|    0|
    +-------------------------------------------------------+--------------------------------------------+---------+----+------+------+-----+

    * DSP: 
    N/A

    * Memory: 
    N/A

    * FIFO: 
    N/A

    * Expression: 
    +---------------------------+----------+----+---+----+------------+------------+
    |       Variable Name       | Operation| DSP| FF| LUT| Bitwidth P0| Bitwidth P1|
    +---------------------------+----------+----+---+----+------------+------------+
    |add_ln267_1_fu_1259_p2     |         +|   0|  0|  14|          13|           1|
    |add_ln267_fu_1234_p2       |         +|   0|  0|  33|          26|           1|
    |add_ln268_fu_1273_p2       |         +|   0|  0|  14|          13|           1|
    |add_ln300_fu_1338_p2       |         +|   0|  0|  37|          30|          30|
    |addr_sa_c_fu_1352_p2       |         +|   0|  0|  39|          32|          32|
    |sub24_fu_1178_p2           |         +|   0|  0|  24|          17|           4|
    |icmp_ln267_fu_1229_p2      |      icmp|   0|  0|  33|          26|          26|
    |icmp_ln268_fu_1246_p2      |      icmp|   0|  0|  14|          13|          13|
    |select_ln267_1_fu_1265_p3  |    select|   0|  0|  13|           1|          13|
    |select_ln267_fu_1251_p3    |    select|   0|  0|  13|           1|           1|
    +---------------------------+----------+----+---+----+------------+------------+
    |Total                      |          |   0|  0| 234|         172|         122|
    +---------------------------+----------+----+---+----+------------+------------+

    * Multiplexer: 
    +-------------------------------------------------------------------------------+-----+-----------+-----+-----------+
    |                                      Name                                     | LUT | Input Size| Bits| Total Bits|
    +-------------------------------------------------------------------------------+-----+-----------+-----+-----------+
    |ap_NS_fsm                                                                      |  727|        136|    1|        136|
    |aw_ARVALID                                                                     |    9|          2|    1|          2|
    |aw_RREADY                                                                      |    9|          2|    1|          2|
    |bi_ARVALID                                                                     |    9|          2|    1|          2|
    |bi_RREADY                                                                      |    9|          2|    1|          2|
    |ca_AWVALID                                                                     |    9|          2|    1|          2|
    |ca_BREADY                                                                      |    9|          2|    1|          2|
    |ca_WVALID                                                                      |    9|          2|    1|          2|
    |ca_blk_n_AW                                                                    |    9|          2|    1|          2|
    |ca_blk_n_B                                                                     |    9|          2|    1|          2|
    |ca_blk_n_W                                                                     |    9|          2|    1|          2|
    |i_fu_478                                                                       |    9|          2|   13|         26|
    |indvar_flatten_fu_482                                                          |    9|          2|   26|         52|
    |j_fu_474                                                                       |    9|          2|   13|         26|
    |mxm_execute_ursa_signed_char_unsigned_short_unsigned_char_unsigned_short_i     |    9|          2|   20|         40|
    |mxm_execute_ursa_signed_char_unsigned_short_unsigned_char_unsigned_short_i_1   |    9|          2|   20|         40|
    |mxm_execute_ursa_signed_char_unsigned_short_unsigned_char_unsigned_short_i_10  |    9|          2|   20|         40|
    |mxm_execute_ursa_signed_char_unsigned_short_unsigned_char_unsigned_short_i_11  |    9|          2|   20|         40|
    |mxm_execute_ursa_signed_char_unsigned_short_unsigned_char_unsigned_short_i_12  |    9|          2|   20|         40|
    |mxm_execute_ursa_signed_char_unsigned_short_unsigned_char_unsigned_short_i_13  |    9|          2|   20|         40|
    |mxm_execute_ursa_signed_char_unsigned_short_unsigned_char_unsigned_short_i_14  |    9|          2|   20|         40|
    |mxm_execute_ursa_signed_char_unsigned_short_unsigned_char_unsigned_short_i_15  |    9|          2|   20|         40|
    |mxm_execute_ursa_signed_char_unsigned_short_unsigned_char_unsigned_short_i_16  |    9|          2|   20|         40|
    |mxm_execute_ursa_signed_char_unsigned_short_unsigned_char_unsigned_short_i_17  |    9|          2|   20|         40|
    |mxm_execute_ursa_signed_char_unsigned_short_unsigned_char_unsigned_short_i_18  |    9|          2|   20|         40|
    |mxm_execute_ursa_signed_char_unsigned_short_unsigned_char_unsigned_short_i_19  |    9|          2|   20|         40|
    |mxm_execute_ursa_signed_char_unsigned_short_unsigned_char_unsigned_short_i_2   |    9|          2|   20|         40|
    |mxm_execute_ursa_signed_char_unsigned_short_unsigned_char_unsigned_short_i_20  |    9|          2|   20|         40|
    |mxm_execute_ursa_signed_char_unsigned_short_unsigned_char_unsigned_short_i_21  |    9|          2|   20|         40|
    |mxm_execute_ursa_signed_char_unsigned_short_unsigned_char_unsigned_short_i_22  |    9|          2|   20|         40|
    |mxm_execute_ursa_signed_char_unsigned_short_unsigned_char_unsigned_short_i_23  |    9|          2|   20|         40|
    |mxm_execute_ursa_signed_char_unsigned_short_unsigned_char_unsigned_short_i_24  |    9|          2|   20|         40|
    |mxm_execute_ursa_signed_char_unsigned_short_unsigned_char_unsigned_short_i_25  |    9|          2|   20|         40|
    |mxm_execute_ursa_signed_char_unsigned_short_unsigned_char_unsigned_short_i_26  |    9|          2|   20|         40|
    |mxm_execute_ursa_signed_char_unsigned_short_unsigned_char_unsigned_short_i_27  |    9|          2|   20|         40|
    |mxm_execute_ursa_signed_char_unsigned_short_unsigned_char_unsigned_short_i_28  |    9|          2|   20|         40|
    |mxm_execute_ursa_signed_char_unsigned_short_unsigned_char_unsigned_short_i_29  |    9|          2|   20|         40|
    |mxm_execute_ursa_signed_char_unsigned_short_unsigned_char_unsigned_short_i_3   |    9|          2|   20|         40|
    |mxm_execute_ursa_signed_char_unsigned_short_unsigned_char_unsigned_short_i_30  |    9|          2|   20|         40|
    |mxm_execute_ursa_signed_char_unsigned_short_unsigned_char_unsigned_short_i_31  |    9|          2|   20|         40|
    |mxm_execute_ursa_signed_char_unsigned_short_unsigned_char_unsigned_short_i_32  |    9|          2|   20|         40|
    |mxm_execute_ursa_signed_char_unsigned_short_unsigned_char_unsigned_short_i_33  |    9|          2|   20|         40|
    |mxm_execute_ursa_signed_char_unsigned_short_unsigned_char_unsigned_short_i_34  |    9|          2|   20|         40|
    |mxm_execute_ursa_signed_char_unsigned_short_unsigned_char_unsigned_short_i_35  |    9|          2|   20|         40|
    |mxm_execute_ursa_signed_char_unsigned_short_unsigned_char_unsigned_short_i_36  |    9|          2|   20|         40|
    |mxm_execute_ursa_signed_char_unsigned_short_unsigned_char_unsigned_short_i_37  |    9|          2|   20|         40|
    |mxm_execute_ursa_signed_char_unsigned_short_unsigned_char_unsigned_short_i_38  |    9|          2|   20|         40|
    |mxm_execute_ursa_signed_char_unsigned_short_unsigned_char_unsigned_short_i_39  |    9|          2|   20|         40|
    |mxm_execute_ursa_signed_char_unsigned_short_unsigned_char_unsigned_short_i_4   |    9|          2|   20|         40|
    |mxm_execute_ursa_signed_char_unsigned_short_unsigned_char_unsigned_short_i_40  |    9|          2|   20|         40|
    |mxm_execute_ursa_signed_char_unsigned_short_unsigned_char_unsigned_short_i_41  |    9|          2|   20|         40|
    |mxm_execute_ursa_signed_char_unsigned_short_unsigned_char_unsigned_short_i_42  |    9|          2|   20|         40|
    |mxm_execute_ursa_signed_char_unsigned_short_unsigned_char_unsigned_short_i_43  |    9|          2|   20|         40|
    |mxm_execute_ursa_signed_char_unsigned_short_unsigned_char_unsigned_short_i_44  |    9|          2|   20|         40|
    |mxm_execute_ursa_signed_char_unsigned_short_unsigned_char_unsigned_short_i_45  |    9|          2|   20|         40|
    |mxm_execute_ursa_signed_char_unsigned_short_unsigned_char_unsigned_short_i_46  |    9|          2|   20|         40|
    |mxm_execute_ursa_signed_char_unsigned_short_unsigned_char_unsigned_short_i_47  |    9|          2|   20|         40|
    |mxm_execute_ursa_signed_char_unsigned_short_unsigned_char_unsigned_short_i_48  |    9|          2|   20|         40|
    |mxm_execute_ursa_signed_char_unsigned_short_unsigned_char_unsigned_short_i_49  |    9|          2|   20|         40|
    |mxm_execute_ursa_signed_char_unsigned_short_unsigned_char_unsigned_short_i_5   |    9|          2|   20|         40|
    |mxm_execute_ursa_signed_char_unsigned_short_unsigned_char_unsigned_short_i_50  |    9|          2|   20|         40|
    |mxm_execute_ursa_signed_char_unsigned_short_unsigned_char_unsigned_short_i_51  |    9|          2|   20|         40|
    |mxm_execute_ursa_signed_char_unsigned_short_unsigned_char_unsigned_short_i_52  |    9|          2|   20|         40|
    |mxm_execute_ursa_signed_char_unsigned_short_unsigned_char_unsigned_short_i_53  |    9|          2|   20|         40|
    |mxm_execute_ursa_signed_char_unsigned_short_unsigned_char_unsigned_short_i_54  |    9|          2|   20|         40|
    |mxm_execute_ursa_signed_char_unsigned_short_unsigned_char_unsigned_short_i_55  |    9|          2|   20|         40|
    |mxm_execute_ursa_signed_char_unsigned_short_unsigned_char_unsigned_short_i_56  |    9|          2|   20|         40|
    |mxm_execute_ursa_signed_char_unsigned_short_unsigned_char_unsigned_short_i_57  |    9|          2|   20|         40|
    |mxm_execute_ursa_signed_char_unsigned_short_unsigned_char_unsigned_short_i_58  |    9|          2|   20|         40|
    |mxm_execute_ursa_signed_char_unsigned_short_unsigned_char_unsigned_short_i_59  |    9|          2|   20|         40|
    |mxm_execute_ursa_signed_char_unsigned_short_unsigned_char_unsigned_short_i_6   |    9|          2|   20|         40|
    |mxm_execute_ursa_signed_char_unsigned_short_unsigned_char_unsigned_short_i_60  |    9|          2|   20|         40|
    |mxm_execute_ursa_signed_char_unsigned_short_unsigned_char_unsigned_short_i_61  |    9|          2|   20|         40|
    |mxm_execute_ursa_signed_char_unsigned_short_unsigned_char_unsigned_short_i_62  |    9|          2|   20|         40|
    |mxm_execute_ursa_signed_char_unsigned_short_unsigned_char_unsigned_short_i_63  |    9|          2|   20|         40|
    |mxm_execute_ursa_signed_char_unsigned_short_unsigned_char_unsigned_short_i_7   |    9|          2|   20|         40|
    |mxm_execute_ursa_signed_char_unsigned_short_unsigned_char_unsigned_short_i_8   |    9|          2|   20|         40|
    |mxm_execute_ursa_signed_char_unsigned_short_unsigned_char_unsigned_short_i_9   |    9|          2|   20|         40|
    +-------------------------------------------------------------------------------+-----+-----------+-----+-----------+
    |Total                                                                          | 1420|        290| 1343|       2820|
    +-------------------------------------------------------------------------------+-----+-----------+-----+-----------+

    * Register: 
    +-------------------------------------------------------------------------------+-----+----+-----+-----------+
    |                                      Name                                     |  FF | LUT| Bits| Const Bits|
    +-------------------------------------------------------------------------------+-----+----+-----+-----------+
    |a0_p_0_data_reg                                                                |   16|   0|   16|          0|
    |a0_p_0_vld_reg                                                                 |    0|   0|    1|          1|
    |addr_a0_read_reg_1388                                                          |   32|   0|   32|          0|
    |addr_b0_read_reg_1383                                                          |   32|   0|   32|          0|
    |addr_c0_read_reg_1378                                                          |   32|   0|   32|          0|
    |addr_sa_c_reg_1465                                                             |   32|   0|   32|          0|
    |ap_CS_fsm                                                                      |  135|   0|  135|          0|
    |b0_q_0_data_reg                                                                |   16|   0|   16|          0|
    |b0_q_0_vld_reg                                                                 |    0|   0|    1|          1|
    |b0_q_read_reg_1399                                                             |   16|   0|   16|          0|
    |bound_reg_1425                                                                 |   26|   0|   26|          0|
    |call_b_cast_reg_1410                                                           |   13|   0|   13|          0|
    |grp_mxm_execute_ursa_Pipeline_VITIS_LOOP_284_3_fu_522_ap_start_reg             |    1|   0|    1|          0|
    |grp_sa_store_fu_891_ap_start_reg                                               |    1|   0|    1|          0|
    |i_fu_478                                                                       |   13|   0|   13|          0|
    |indvar_flatten_fu_482                                                          |   26|   0|   26|          0|
    |j_fu_474                                                                       |   13|   0|   13|          0|
    |m_0_data_reg                                                                   |   16|   0|   16|          0|
    |m_0_vld_reg                                                                    |    0|   0|    1|          1|
    |m_read_reg_1393                                                                |   16|   0|   16|          0|
    |mul_ln267_1_reg_1449                                                           |   27|   0|   27|          0|
    |mul_ln267_reg_1444                                                             |   29|   0|   29|          0|
    |mxm_execute_ursa_signed_char_unsigned_short_unsigned_char_unsigned_short_i     |   20|   0|   20|          0|
    |mxm_execute_ursa_signed_char_unsigned_short_unsigned_char_unsigned_short_i_1   |   20|   0|   20|          0|
    |mxm_execute_ursa_signed_char_unsigned_short_unsigned_char_unsigned_short_i_10  |   20|   0|   20|          0|
    |mxm_execute_ursa_signed_char_unsigned_short_unsigned_char_unsigned_short_i_11  |   20|   0|   20|          0|
    |mxm_execute_ursa_signed_char_unsigned_short_unsigned_char_unsigned_short_i_12  |   20|   0|   20|          0|
    |mxm_execute_ursa_signed_char_unsigned_short_unsigned_char_unsigned_short_i_13  |   20|   0|   20|          0|
    |mxm_execute_ursa_signed_char_unsigned_short_unsigned_char_unsigned_short_i_14  |   20|   0|   20|          0|
    |mxm_execute_ursa_signed_char_unsigned_short_unsigned_char_unsigned_short_i_15  |   20|   0|   20|          0|
    |mxm_execute_ursa_signed_char_unsigned_short_unsigned_char_unsigned_short_i_16  |   20|   0|   20|          0|
    |mxm_execute_ursa_signed_char_unsigned_short_unsigned_char_unsigned_short_i_17  |   20|   0|   20|          0|
    |mxm_execute_ursa_signed_char_unsigned_short_unsigned_char_unsigned_short_i_18  |   20|   0|   20|          0|
    |mxm_execute_ursa_signed_char_unsigned_short_unsigned_char_unsigned_short_i_19  |   20|   0|   20|          0|
    |mxm_execute_ursa_signed_char_unsigned_short_unsigned_char_unsigned_short_i_2   |   20|   0|   20|          0|
    |mxm_execute_ursa_signed_char_unsigned_short_unsigned_char_unsigned_short_i_20  |   20|   0|   20|          0|
    |mxm_execute_ursa_signed_char_unsigned_short_unsigned_char_unsigned_short_i_21  |   20|   0|   20|          0|
    |mxm_execute_ursa_signed_char_unsigned_short_unsigned_char_unsigned_short_i_22  |   20|   0|   20|          0|
    |mxm_execute_ursa_signed_char_unsigned_short_unsigned_char_unsigned_short_i_23  |   20|   0|   20|          0|
    |mxm_execute_ursa_signed_char_unsigned_short_unsigned_char_unsigned_short_i_24  |   20|   0|   20|          0|
    |mxm_execute_ursa_signed_char_unsigned_short_unsigned_char_unsigned_short_i_25  |   20|   0|   20|          0|
    |mxm_execute_ursa_signed_char_unsigned_short_unsigned_char_unsigned_short_i_26  |   20|   0|   20|          0|
    |mxm_execute_ursa_signed_char_unsigned_short_unsigned_char_unsigned_short_i_27  |   20|   0|   20|          0|
    |mxm_execute_ursa_signed_char_unsigned_short_unsigned_char_unsigned_short_i_28  |   20|   0|   20|          0|
    |mxm_execute_ursa_signed_char_unsigned_short_unsigned_char_unsigned_short_i_29  |   20|   0|   20|          0|
    |mxm_execute_ursa_signed_char_unsigned_short_unsigned_char_unsigned_short_i_3   |   20|   0|   20|          0|
    |mxm_execute_ursa_signed_char_unsigned_short_unsigned_char_unsigned_short_i_30  |   20|   0|   20|          0|
    |mxm_execute_ursa_signed_char_unsigned_short_unsigned_char_unsigned_short_i_31  |   20|   0|   20|          0|
    |mxm_execute_ursa_signed_char_unsigned_short_unsigned_char_unsigned_short_i_32  |   20|   0|   20|          0|
    |mxm_execute_ursa_signed_char_unsigned_short_unsigned_char_unsigned_short_i_33  |   20|   0|   20|          0|
    |mxm_execute_ursa_signed_char_unsigned_short_unsigned_char_unsigned_short_i_34  |   20|   0|   20|          0|
    |mxm_execute_ursa_signed_char_unsigned_short_unsigned_char_unsigned_short_i_35  |   20|   0|   20|          0|
    |mxm_execute_ursa_signed_char_unsigned_short_unsigned_char_unsigned_short_i_36  |   20|   0|   20|          0|
    |mxm_execute_ursa_signed_char_unsigned_short_unsigned_char_unsigned_short_i_37  |   20|   0|   20|          0|
    |mxm_execute_ursa_signed_char_unsigned_short_unsigned_char_unsigned_short_i_38  |   20|   0|   20|          0|
    |mxm_execute_ursa_signed_char_unsigned_short_unsigned_char_unsigned_short_i_39  |   20|   0|   20|          0|
    |mxm_execute_ursa_signed_char_unsigned_short_unsigned_char_unsigned_short_i_4   |   20|   0|   20|          0|
    |mxm_execute_ursa_signed_char_unsigned_short_unsigned_char_unsigned_short_i_40  |   20|   0|   20|          0|
    |mxm_execute_ursa_signed_char_unsigned_short_unsigned_char_unsigned_short_i_41  |   20|   0|   20|          0|
    |mxm_execute_ursa_signed_char_unsigned_short_unsigned_char_unsigned_short_i_42  |   20|   0|   20|          0|
    |mxm_execute_ursa_signed_char_unsigned_short_unsigned_char_unsigned_short_i_43  |   20|   0|   20|          0|
    |mxm_execute_ursa_signed_char_unsigned_short_unsigned_char_unsigned_short_i_44  |   20|   0|   20|          0|
    |mxm_execute_ursa_signed_char_unsigned_short_unsigned_char_unsigned_short_i_45  |   20|   0|   20|          0|
    |mxm_execute_ursa_signed_char_unsigned_short_unsigned_char_unsigned_short_i_46  |   20|   0|   20|          0|
    |mxm_execute_ursa_signed_char_unsigned_short_unsigned_char_unsigned_short_i_47  |   20|   0|   20|          0|
    |mxm_execute_ursa_signed_char_unsigned_short_unsigned_char_unsigned_short_i_48  |   20|   0|   20|          0|
    |mxm_execute_ursa_signed_char_unsigned_short_unsigned_char_unsigned_short_i_49  |   20|   0|   20|          0|
    |mxm_execute_ursa_signed_char_unsigned_short_unsigned_char_unsigned_short_i_5   |   20|   0|   20|          0|
    |mxm_execute_ursa_signed_char_unsigned_short_unsigned_char_unsigned_short_i_50  |   20|   0|   20|          0|
    |mxm_execute_ursa_signed_char_unsigned_short_unsigned_char_unsigned_short_i_51  |   20|   0|   20|          0|
    |mxm_execute_ursa_signed_char_unsigned_short_unsigned_char_unsigned_short_i_52  |   20|   0|   20|          0|
    |mxm_execute_ursa_signed_char_unsigned_short_unsigned_char_unsigned_short_i_53  |   20|   0|   20|          0|
    |mxm_execute_ursa_signed_char_unsigned_short_unsigned_char_unsigned_short_i_54  |   20|   0|   20|          0|
    |mxm_execute_ursa_signed_char_unsigned_short_unsigned_char_unsigned_short_i_55  |   20|   0|   20|          0|
    |mxm_execute_ursa_signed_char_unsigned_short_unsigned_char_unsigned_short_i_56  |   20|   0|   20|          0|
    |mxm_execute_ursa_signed_char_unsigned_short_unsigned_char_unsigned_short_i_57  |   20|   0|   20|          0|
    |mxm_execute_ursa_signed_char_unsigned_short_unsigned_char_unsigned_short_i_58  |   20|   0|   20|          0|
    |mxm_execute_ursa_signed_char_unsigned_short_unsigned_char_unsigned_short_i_59  |   20|   0|   20|          0|
    |mxm_execute_ursa_signed_char_unsigned_short_unsigned_char_unsigned_short_i_6   |   20|   0|   20|          0|
    |mxm_execute_ursa_signed_char_unsigned_short_unsigned_char_unsigned_short_i_60  |   20|   0|   20|          0|
    |mxm_execute_ursa_signed_char_unsigned_short_unsigned_char_unsigned_short_i_61  |   20|   0|   20|          0|
    |mxm_execute_ursa_signed_char_unsigned_short_unsigned_char_unsigned_short_i_62  |   20|   0|   20|          0|
    |mxm_execute_ursa_signed_char_unsigned_short_unsigned_char_unsigned_short_i_63  |   20|   0|   20|          0|
    |mxm_execute_ursa_signed_char_unsigned_short_unsigned_char_unsigned_short_i_7   |   20|   0|   20|          0|
    |mxm_execute_ursa_signed_char_unsigned_short_unsigned_char_unsigned_short_i_8   |   20|   0|   20|          0|
    |mxm_execute_ursa_signed_char_unsigned_short_unsigned_char_unsigned_short_i_9   |   20|   0|   20|          0|
    |select_ln267_1_reg_1438                                                        |   13|   0|   13|          0|
    |select_ln267_reg_1433                                                          |   13|   0|   13|          0|
    |shl_ln21_1_mid2_reg_1454                                                       |   29|   0|   32|          3|
    |shl_ln_reg_1459                                                                |   13|   0|   16|          3|
    |sub24_reg_1405                                                                 |   17|   0|   17|          0|
    |zext_ln300_1_reg_1415                                                          |   16|   0|   29|         13|
    |zext_ln300_reg_1420                                                            |   16|   0|   27|         11|
    +-------------------------------------------------------------------------------+-----+----+-----+-----------+
    |Total                                                                          | 1889|   0| 1922|         33|
    +-------------------------------------------------------------------------------+-----+----+-----+-----------+



================================================================
== Interface
================================================================
* Summary: 
+-----------------------+-----+-----+------------+------------------+--------------+
|       RTL Ports       | Dir | Bits|  Protocol  |   Source Object  |    C Type    |
+-----------------------+-----+-----+------------+------------------+--------------+
|s_axi_ap_AWVALID       |   in|    1|       s_axi|                ap|        scalar|
|s_axi_ap_AWREADY       |  out|    1|       s_axi|                ap|        scalar|
|s_axi_ap_AWADDR        |   in|    6|       s_axi|                ap|        scalar|
|s_axi_ap_WVALID        |   in|    1|       s_axi|                ap|        scalar|
|s_axi_ap_WREADY        |  out|    1|       s_axi|                ap|        scalar|
|s_axi_ap_WDATA         |   in|   32|       s_axi|                ap|        scalar|
|s_axi_ap_WSTRB         |   in|    4|       s_axi|                ap|        scalar|
|s_axi_ap_ARVALID       |   in|    1|       s_axi|                ap|        scalar|
|s_axi_ap_ARREADY       |  out|    1|       s_axi|                ap|        scalar|
|s_axi_ap_ARADDR        |   in|    6|       s_axi|                ap|        scalar|
|s_axi_ap_RVALID        |  out|    1|       s_axi|                ap|        scalar|
|s_axi_ap_RREADY        |   in|    1|       s_axi|                ap|        scalar|
|s_axi_ap_RDATA         |  out|   32|       s_axi|                ap|        scalar|
|s_axi_ap_RRESP         |  out|    2|       s_axi|                ap|        scalar|
|s_axi_ap_BVALID        |  out|    1|       s_axi|                ap|        scalar|
|s_axi_ap_BREADY        |   in|    1|       s_axi|                ap|        scalar|
|s_axi_ap_BRESP         |  out|    2|       s_axi|                ap|        scalar|
|s_axi_control_AWVALID  |   in|    1|       s_axi|           control|        scalar|
|s_axi_control_AWREADY  |  out|    1|       s_axi|           control|        scalar|
|s_axi_control_AWADDR   |   in|    6|       s_axi|           control|        scalar|
|s_axi_control_WVALID   |   in|    1|       s_axi|           control|        scalar|
|s_axi_control_WREADY   |  out|    1|       s_axi|           control|        scalar|
|s_axi_control_WDATA    |   in|   32|       s_axi|           control|        scalar|
|s_axi_control_WSTRB    |   in|    4|       s_axi|           control|        scalar|
|s_axi_control_ARVALID  |   in|    1|       s_axi|           control|        scalar|
|s_axi_control_ARREADY  |  out|    1|       s_axi|           control|        scalar|
|s_axi_control_ARADDR   |   in|    6|       s_axi|           control|        scalar|
|s_axi_control_RVALID   |  out|    1|       s_axi|           control|        scalar|
|s_axi_control_RREADY   |   in|    1|       s_axi|           control|        scalar|
|s_axi_control_RDATA    |  out|   32|       s_axi|           control|        scalar|
|s_axi_control_RRESP    |  out|    2|       s_axi|           control|        scalar|
|s_axi_control_BVALID   |  out|    1|       s_axi|           control|        scalar|
|s_axi_control_BREADY   |   in|    1|       s_axi|           control|        scalar|
|s_axi_control_BRESP    |  out|    2|       s_axi|           control|        scalar|
|ap_clk                 |   in|    1|  ap_ctrl_hs|  mxm_execute_ursa|  return value|
|ap_rst_n               |   in|    1|  ap_ctrl_hs|  mxm_execute_ursa|  return value|
|interrupt              |  out|    1|  ap_ctrl_hs|  mxm_execute_ursa|  return value|
|m_axi_aw_AWVALID       |  out|    1|       m_axi|                aw|       pointer|
|m_axi_aw_AWREADY       |   in|    1|       m_axi|                aw|       pointer|
|m_axi_aw_AWADDR        |  out|   32|       m_axi|                aw|       pointer|
|m_axi_aw_AWID          |  out|    1|       m_axi|                aw|       pointer|
|m_axi_aw_AWLEN         |  out|    8|       m_axi|                aw|       pointer|
|m_axi_aw_AWSIZE        |  out|    3|       m_axi|                aw|       pointer|
|m_axi_aw_AWBURST       |  out|    2|       m_axi|                aw|       pointer|
|m_axi_aw_AWLOCK        |  out|    2|       m_axi|                aw|       pointer|
|m_axi_aw_AWCACHE       |  out|    4|       m_axi|                aw|       pointer|
|m_axi_aw_AWPROT        |  out|    3|       m_axi|                aw|       pointer|
|m_axi_aw_AWQOS         |  out|    4|       m_axi|                aw|       pointer|
|m_axi_aw_AWREGION      |  out|    4|       m_axi|                aw|       pointer|
|m_axi_aw_AWUSER        |  out|    1|       m_axi|                aw|       pointer|
|m_axi_aw_WVALID        |  out|    1|       m_axi|                aw|       pointer|
|m_axi_aw_WREADY        |   in|    1|       m_axi|                aw|       pointer|
|m_axi_aw_WDATA         |  out|   32|       m_axi|                aw|       pointer|
|m_axi_aw_WSTRB         |  out|    4|       m_axi|                aw|       pointer|
|m_axi_aw_WLAST         |  out|    1|       m_axi|                aw|       pointer|
|m_axi_aw_WID           |  out|    1|       m_axi|                aw|       pointer|
|m_axi_aw_WUSER         |  out|    1|       m_axi|                aw|       pointer|
|m_axi_aw_ARVALID       |  out|    1|       m_axi|                aw|       pointer|
|m_axi_aw_ARREADY       |   in|    1|       m_axi|                aw|       pointer|
|m_axi_aw_ARADDR        |  out|   32|       m_axi|                aw|       pointer|
|m_axi_aw_ARID          |  out|    1|       m_axi|                aw|       pointer|
|m_axi_aw_ARLEN         |  out|    8|       m_axi|                aw|       pointer|
|m_axi_aw_ARSIZE        |  out|    3|       m_axi|                aw|       pointer|
|m_axi_aw_ARBURST       |  out|    2|       m_axi|                aw|       pointer|
|m_axi_aw_ARLOCK        |  out|    2|       m_axi|                aw|       pointer|
|m_axi_aw_ARCACHE       |  out|    4|       m_axi|                aw|       pointer|
|m_axi_aw_ARPROT        |  out|    3|       m_axi|                aw|       pointer|
|m_axi_aw_ARQOS         |  out|    4|       m_axi|                aw|       pointer|
|m_axi_aw_ARREGION      |  out|    4|       m_axi|                aw|       pointer|
|m_axi_aw_ARUSER        |  out|    1|       m_axi|                aw|       pointer|
|m_axi_aw_RVALID        |   in|    1|       m_axi|                aw|       pointer|
|m_axi_aw_RREADY        |  out|    1|       m_axi|                aw|       pointer|
|m_axi_aw_RDATA         |   in|   32|       m_axi|                aw|       pointer|
|m_axi_aw_RLAST         |   in|    1|       m_axi|                aw|       pointer|
|m_axi_aw_RID           |   in|    1|       m_axi|                aw|       pointer|
|m_axi_aw_RUSER         |   in|    1|       m_axi|                aw|       pointer|
|m_axi_aw_RRESP         |   in|    2|       m_axi|                aw|       pointer|
|m_axi_aw_BVALID        |   in|    1|       m_axi|                aw|       pointer|
|m_axi_aw_BREADY        |  out|    1|       m_axi|                aw|       pointer|
|m_axi_aw_BRESP         |   in|    2|       m_axi|                aw|       pointer|
|m_axi_aw_BID           |   in|    1|       m_axi|                aw|       pointer|
|m_axi_aw_BUSER         |   in|    1|       m_axi|                aw|       pointer|
|m_axi_bi_AWVALID       |  out|    1|       m_axi|                bi|       pointer|
|m_axi_bi_AWREADY       |   in|    1|       m_axi|                bi|       pointer|
|m_axi_bi_AWADDR        |  out|   32|       m_axi|                bi|       pointer|
|m_axi_bi_AWID          |  out|    1|       m_axi|                bi|       pointer|
|m_axi_bi_AWLEN         |  out|    8|       m_axi|                bi|       pointer|
|m_axi_bi_AWSIZE        |  out|    3|       m_axi|                bi|       pointer|
|m_axi_bi_AWBURST       |  out|    2|       m_axi|                bi|       pointer|
|m_axi_bi_AWLOCK        |  out|    2|       m_axi|                bi|       pointer|
|m_axi_bi_AWCACHE       |  out|    4|       m_axi|                bi|       pointer|
|m_axi_bi_AWPROT        |  out|    3|       m_axi|                bi|       pointer|
|m_axi_bi_AWQOS         |  out|    4|       m_axi|                bi|       pointer|
|m_axi_bi_AWREGION      |  out|    4|       m_axi|                bi|       pointer|
|m_axi_bi_AWUSER        |  out|    1|       m_axi|                bi|       pointer|
|m_axi_bi_WVALID        |  out|    1|       m_axi|                bi|       pointer|
|m_axi_bi_WREADY        |   in|    1|       m_axi|                bi|       pointer|
|m_axi_bi_WDATA         |  out|   32|       m_axi|                bi|       pointer|
|m_axi_bi_WSTRB         |  out|    4|       m_axi|                bi|       pointer|
|m_axi_bi_WLAST         |  out|    1|       m_axi|                bi|       pointer|
|m_axi_bi_WID           |  out|    1|       m_axi|                bi|       pointer|
|m_axi_bi_WUSER         |  out|    1|       m_axi|                bi|       pointer|
|m_axi_bi_ARVALID       |  out|    1|       m_axi|                bi|       pointer|
|m_axi_bi_ARREADY       |   in|    1|       m_axi|                bi|       pointer|
|m_axi_bi_ARADDR        |  out|   32|       m_axi|                bi|       pointer|
|m_axi_bi_ARID          |  out|    1|       m_axi|                bi|       pointer|
|m_axi_bi_ARLEN         |  out|    8|       m_axi|                bi|       pointer|
|m_axi_bi_ARSIZE        |  out|    3|       m_axi|                bi|       pointer|
|m_axi_bi_ARBURST       |  out|    2|       m_axi|                bi|       pointer|
|m_axi_bi_ARLOCK        |  out|    2|       m_axi|                bi|       pointer|
|m_axi_bi_ARCACHE       |  out|    4|       m_axi|                bi|       pointer|
|m_axi_bi_ARPROT        |  out|    3|       m_axi|                bi|       pointer|
|m_axi_bi_ARQOS         |  out|    4|       m_axi|                bi|       pointer|
|m_axi_bi_ARREGION      |  out|    4|       m_axi|                bi|       pointer|
|m_axi_bi_ARUSER        |  out|    1|       m_axi|                bi|       pointer|
|m_axi_bi_RVALID        |   in|    1|       m_axi|                bi|       pointer|
|m_axi_bi_RREADY        |  out|    1|       m_axi|                bi|       pointer|
|m_axi_bi_RDATA         |   in|   32|       m_axi|                bi|       pointer|
|m_axi_bi_RLAST         |   in|    1|       m_axi|                bi|       pointer|
|m_axi_bi_RID           |   in|    1|       m_axi|                bi|       pointer|
|m_axi_bi_RUSER         |   in|    1|       m_axi|                bi|       pointer|
|m_axi_bi_RRESP         |   in|    2|       m_axi|                bi|       pointer|
|m_axi_bi_BVALID        |   in|    1|       m_axi|                bi|       pointer|
|m_axi_bi_BREADY        |  out|    1|       m_axi|                bi|       pointer|
|m_axi_bi_BRESP         |   in|    2|       m_axi|                bi|       pointer|
|m_axi_bi_BID           |   in|    1|       m_axi|                bi|       pointer|
|m_axi_bi_BUSER         |   in|    1|       m_axi|                bi|       pointer|
|m_axi_ca_AWVALID       |  out|    1|       m_axi|                ca|       pointer|
|m_axi_ca_AWREADY       |   in|    1|       m_axi|                ca|       pointer|
|m_axi_ca_AWADDR        |  out|   32|       m_axi|                ca|       pointer|
|m_axi_ca_AWID          |  out|    1|       m_axi|                ca|       pointer|
|m_axi_ca_AWLEN         |  out|    8|       m_axi|                ca|       pointer|
|m_axi_ca_AWSIZE        |  out|    3|       m_axi|                ca|       pointer|
|m_axi_ca_AWBURST       |  out|    2|       m_axi|                ca|       pointer|
|m_axi_ca_AWLOCK        |  out|    2|       m_axi|                ca|       pointer|
|m_axi_ca_AWCACHE       |  out|    4|       m_axi|                ca|       pointer|
|m_axi_ca_AWPROT        |  out|    3|       m_axi|                ca|       pointer|
|m_axi_ca_AWQOS         |  out|    4|       m_axi|                ca|       pointer|
|m_axi_ca_AWREGION      |  out|    4|       m_axi|                ca|       pointer|
|m_axi_ca_AWUSER        |  out|    1|       m_axi|                ca|       pointer|
|m_axi_ca_WVALID        |  out|    1|       m_axi|                ca|       pointer|
|m_axi_ca_WREADY        |   in|    1|       m_axi|                ca|       pointer|
|m_axi_ca_WDATA         |  out|   32|       m_axi|                ca|       pointer|
|m_axi_ca_WSTRB         |  out|    4|       m_axi|                ca|       pointer|
|m_axi_ca_WLAST         |  out|    1|       m_axi|                ca|       pointer|
|m_axi_ca_WID           |  out|    1|       m_axi|                ca|       pointer|
|m_axi_ca_WUSER         |  out|    1|       m_axi|                ca|       pointer|
|m_axi_ca_ARVALID       |  out|    1|       m_axi|                ca|       pointer|
|m_axi_ca_ARREADY       |   in|    1|       m_axi|                ca|       pointer|
|m_axi_ca_ARADDR        |  out|   32|       m_axi|                ca|       pointer|
|m_axi_ca_ARID          |  out|    1|       m_axi|                ca|       pointer|
|m_axi_ca_ARLEN         |  out|    8|       m_axi|                ca|       pointer|
|m_axi_ca_ARSIZE        |  out|    3|       m_axi|                ca|       pointer|
|m_axi_ca_ARBURST       |  out|    2|       m_axi|                ca|       pointer|
|m_axi_ca_ARLOCK        |  out|    2|       m_axi|                ca|       pointer|
|m_axi_ca_ARCACHE       |  out|    4|       m_axi|                ca|       pointer|
|m_axi_ca_ARPROT        |  out|    3|       m_axi|                ca|       pointer|
|m_axi_ca_ARQOS         |  out|    4|       m_axi|                ca|       pointer|
|m_axi_ca_ARREGION      |  out|    4|       m_axi|                ca|       pointer|
|m_axi_ca_ARUSER        |  out|    1|       m_axi|                ca|       pointer|
|m_axi_ca_RVALID        |   in|    1|       m_axi|                ca|       pointer|
|m_axi_ca_RREADY        |  out|    1|       m_axi|                ca|       pointer|
|m_axi_ca_RDATA         |   in|   32|       m_axi|                ca|       pointer|
|m_axi_ca_RLAST         |   in|    1|       m_axi|                ca|       pointer|
|m_axi_ca_RID           |   in|    1|       m_axi|                ca|       pointer|
|m_axi_ca_RUSER         |   in|    1|       m_axi|                ca|       pointer|
|m_axi_ca_RRESP         |   in|    2|       m_axi|                ca|       pointer|
|m_axi_ca_BVALID        |   in|    1|       m_axi|                ca|       pointer|
|m_axi_ca_BREADY        |  out|    1|       m_axi|                ca|       pointer|
|m_axi_ca_BRESP         |   in|    2|       m_axi|                ca|       pointer|
|m_axi_ca_BID           |   in|    1|       m_axi|                ca|       pointer|
|m_axi_ca_BUSER         |   in|    1|       m_axi|                ca|       pointer|
+-----------------------+-----+-----+------------+------------------+--------------+

============================================================
+ Verbose Summary: Synthesis Manager
============================================================
InlineROM: 1
ExposeGlobal: 0
============================================================
+ Verbose Summary: CDFG Model
============================================================
IsTopModel: 1
ResetActiveHigh: 1
IsCombinational: 2
IsDatapathOnly: 2
HasWiredReturn: 1
HasMFsm: 0
HasVarLatency: 1
IsPipeline: 0
IsRtlPipelined: 0
IsInstanceOverlapped: 0
IsDontTouch: 0
HasImplIP: 0
IsGatedGlobalClock: 0


============================================================
+ Verbose Summary: Schedule
============================================================
* Number of FSM states : 135
* Pipeline : 0
* Dataflow Pipeline: 0

* FSM state transitions: 
1 --> 2 
2 --> 3 
3 --> 4 
4 --> 5 
5 --> 6 
6 --> 7 
7 --> 8 
8 --> 9 
9 --> 10 
10 --> 11 
11 --> 12 
12 --> 13 
13 --> 14 
14 --> 15 
15 --> 16 
16 --> 17 
17 --> 18 
18 --> 19 
19 --> 20 
20 --> 21 
21 --> 22 
22 --> 23 
23 --> 24 
24 --> 25 
25 --> 26 
26 --> 27 
27 --> 28 
28 --> 29 
29 --> 30 
30 --> 31 
31 --> 32 
32 --> 33 
33 --> 34 
34 --> 35 
35 --> 36 
36 --> 37 
37 --> 38 
38 --> 39 
39 --> 40 
40 --> 41 
41 --> 42 
42 --> 43 
43 --> 44 
44 --> 45 
45 --> 46 
46 --> 47 
47 --> 48 
48 --> 49 
49 --> 50 
50 --> 51 
51 --> 52 
52 --> 53 
53 --> 54 
54 --> 55 
55 --> 56 
56 --> 57 
57 --> 58 
58 --> 59 
59 --> 60 
60 --> 61 
61 --> 62 
62 --> 63 
63 --> 64 
64 --> 65 
65 --> 66 
66 --> 67 
67 --> 68 
68 --> 69 
69 --> 70 
70 --> 71 
71 --> 72 
72 --> 73 
73 --> 74 
74 --> 75 
75 --> 76 
76 --> 77 
77 --> 78 
78 --> 79 
79 --> 80 
80 --> 81 
81 --> 82 
82 --> 83 
83 --> 84 
84 --> 85 
85 --> 86 
86 --> 87 
87 --> 88 
88 --> 89 
89 --> 90 
90 --> 91 
91 --> 92 
92 --> 93 
93 --> 94 
94 --> 95 
95 --> 96 
96 --> 97 
97 --> 98 
98 --> 99 
99 --> 100 
100 --> 101 
101 --> 102 
102 --> 103 
103 --> 104 
104 --> 105 
105 --> 106 
106 --> 107 
107 --> 108 
108 --> 109 
109 --> 110 
110 --> 111 
111 --> 112 
112 --> 113 
113 --> 114 
114 --> 115 
115 --> 116 
116 --> 117 
117 --> 118 
118 --> 119 
119 --> 120 
120 --> 121 
121 --> 122 
122 --> 123 
123 --> 124 
124 --> 125 
125 --> 126 
126 --> 127 
127 --> 128 
128 --> 129 
129 --> 130 
130 --> 131 
131 --> 132 
132 --> 133 
133 --> 134 
134 --> 135 
135 --> 3 

* FSM state operations: 

State 1 <SV = 0> <Delay = 1.58>
ST_1 : Operation 136 [1/1] (0.00ns)   --->   "%j = alloca i32 1" [/home/ulisses/Projects/ursa/src/core/shell.cpp:268]   --->   Operation 136 'alloca' 'j' <Predicate = true> <Delay = 0.00>
ST_1 : Operation 137 [1/1] (0.00ns)   --->   "%i = alloca i32 1" [/home/ulisses/Projects/ursa/src/core/shell.cpp:267]   --->   Operation 137 'alloca' 'i' <Predicate = true> <Delay = 0.00>
ST_1 : Operation 138 [1/1] (0.00ns)   --->   "%indvar_flatten = alloca i32 1"   --->   Operation 138 'alloca' 'indvar_flatten' <Predicate = true> <Delay = 0.00>
ST_1 : Operation 139 [2/2] (1.00ns)   --->   "%m_read = read i16 @_ssdm_op_Read.s_axilite.i16, i16 %m" [/home/ulisses/Projects/ursa/src/core/shell.cpp:140]   --->   Operation 139 'read' 'm_read' <Predicate = true> <Delay = 1.00> <CoreInst = "s_axilite">   --->   Core 114 's_axilite' <Latency = 0> <II = 1> <Delay = 1.00> <Adapter> <Opcode : 'read' 'write'>
ST_1 : Operation 140 [1/1] (1.00ns)   --->   "%addr_c0_read = read i32 @_ssdm_op_Read.s_axilite.i32, i32 %addr_c0" [/home/ulisses/Projects/ursa/src/core/shell.cpp:140]   --->   Operation 140 'read' 'addr_c0_read' <Predicate = true> <Delay = 1.00> <CoreInst = "s_axilite">   --->   Core 114 's_axilite' <Latency = 0> <II = 1> <Delay = 1.00> <Adapter> <Opcode : 'read' 'write'>
ST_1 : Operation 141 [2/2] (1.00ns)   --->   "%b0_q_read = read i16 @_ssdm_op_Read.s_axilite.i16, i16 %b0_q" [/home/ulisses/Projects/ursa/src/core/shell.cpp:140]   --->   Operation 141 'read' 'b0_q_read' <Predicate = true> <Delay = 1.00> <CoreInst = "s_axilite">   --->   Core 114 's_axilite' <Latency = 0> <II = 1> <Delay = 1.00> <Adapter> <Opcode : 'read' 'write'>
ST_1 : Operation 142 [1/1] (1.00ns)   --->   "%addr_b0_read = read i32 @_ssdm_op_Read.s_axilite.i32, i32 %addr_b0" [/home/ulisses/Projects/ursa/src/core/shell.cpp:140]   --->   Operation 142 'read' 'addr_b0_read' <Predicate = true> <Delay = 1.00> <CoreInst = "s_axilite">   --->   Core 114 's_axilite' <Latency = 0> <II = 1> <Delay = 1.00> <Adapter> <Opcode : 'read' 'write'>
ST_1 : Operation 143 [2/2] (1.00ns)   --->   "%a0_p_read = read i16 @_ssdm_op_Read.s_axilite.i16, i16 %a0_p" [/home/ulisses/Projects/ursa/src/core/shell.cpp:140]   --->   Operation 143 'read' 'a0_p_read' <Predicate = true> <Delay = 1.00> <CoreInst = "s_axilite">   --->   Core 114 's_axilite' <Latency = 0> <II = 1> <Delay = 1.00> <Adapter> <Opcode : 'read' 'write'>
ST_1 : Operation 144 [1/1] (1.00ns)   --->   "%addr_a0_read = read i32 @_ssdm_op_Read.s_axilite.i32, i32 %addr_a0" [/home/ulisses/Projects/ursa/src/core/shell.cpp:140]   --->   Operation 144 'read' 'addr_a0_read' <Predicate = true> <Delay = 1.00> <CoreInst = "s_axilite">   --->   Core 114 's_axilite' <Latency = 0> <II = 1> <Delay = 1.00> <Adapter> <Opcode : 'read' 'write'>
ST_1 : Operation 145 [1/1] (1.58ns)   --->   "%store_ln0 = store i26 0, i26 %indvar_flatten"   --->   Operation 145 'store' 'store_ln0' <Predicate = true> <Delay = 1.58>
ST_1 : Operation 146 [1/1] (1.58ns)   --->   "%store_ln267 = store i13 0, i13 %i" [/home/ulisses/Projects/ursa/src/core/shell.cpp:267]   --->   Operation 146 'store' 'store_ln267' <Predicate = true> <Delay = 1.58>
ST_1 : Operation 147 [1/1] (1.58ns)   --->   "%store_ln268 = store i13 0, i13 %j" [/home/ulisses/Projects/ursa/src/core/shell.cpp:268]   --->   Operation 147 'store' 'store_ln268' <Predicate = true> <Delay = 1.58>

State 2 <SV = 1> <Delay = 6.61>
ST_2 : Operation 148 [1/1] (0.00ns)   --->   "%specbitsmap_ln0 = specbitsmap void @_ssdm_op_SpecBitsMap, i8 0"   --->   Operation 148 'specbitsmap' 'specbitsmap_ln0' <Predicate = true> <Delay = 0.00>
ST_2 : Operation 149 [1/1] (0.00ns)   --->   "%spectopmodule_ln139 = spectopmodule void @_ssdm_op_SpecTopModule, void @empty_11" [/home/ulisses/Projects/ursa/src/core/shell.cpp:139]   --->   Operation 149 'spectopmodule' 'spectopmodule_ln139' <Predicate = true> <Delay = 0.00>
ST_2 : Operation 150 [1/1] (0.00ns)   --->   "%specinterface_ln0 = specinterface void @_ssdm_op_SpecInterface, i8 %aw, void @empty_14, i32 0, i32 0, void @empty_0, i32 0, i32 0, void @empty_2, void @empty_3, void @empty_0, i32 8, i32 8, i32 64, i32 16, void @empty_0, void @empty_0, i32 4294967295, i32 0"   --->   Operation 150 'specinterface' 'specinterface_ln0' <Predicate = true> <Delay = 0.00>
ST_2 : Operation 151 [1/1] (0.00ns)   --->   "%specbitsmap_ln0 = specbitsmap void @_ssdm_op_SpecBitsMap, i8 %aw"   --->   Operation 151 'specbitsmap' 'specbitsmap_ln0' <Predicate = true> <Delay = 0.00>
ST_2 : Operation 152 [1/1] (0.00ns)   --->   "%specinterface_ln0 = specinterface void @_ssdm_op_SpecInterface, i8 %bi, void @empty_14, i32 0, i32 0, void @empty_0, i32 0, i32 0, void @empty_4, void @empty_3, void @empty_0, i32 8, i32 8, i32 64, i32 16, void @empty_0, void @empty_0, i32 4294967295, i32 0"   --->   Operation 152 'specinterface' 'specinterface_ln0' <Predicate = true> <Delay = 0.00>
ST_2 : Operation 153 [1/1] (0.00ns)   --->   "%specbitsmap_ln0 = specbitsmap void @_ssdm_op_SpecBitsMap, i8 %bi"   --->   Operation 153 'specbitsmap' 'specbitsmap_ln0' <Predicate = true> <Delay = 0.00>
ST_2 : Operation 154 [1/1] (0.00ns)   --->   "%specinterface_ln0 = specinterface void @_ssdm_op_SpecInterface, i32 %ca, void @empty_14, i32 0, i32 0, void @empty_0, i32 0, i32 0, void @empty_5, void @empty_3, void @empty_0, i32 8, i32 8, i32 64, i32 16, void @empty_0, void @empty_0, i32 4294967295, i32 0"   --->   Operation 154 'specinterface' 'specinterface_ln0' <Predicate = true> <Delay = 0.00>
ST_2 : Operation 155 [1/1] (0.00ns)   --->   "%specbitsmap_ln0 = specbitsmap void @_ssdm_op_SpecBitsMap, i32 %ca"   --->   Operation 155 'specbitsmap' 'specbitsmap_ln0' <Predicate = true> <Delay = 0.00>
ST_2 : Operation 156 [1/1] (0.00ns)   --->   "%specinterface_ln0 = specinterface void @_ssdm_op_SpecInterface, i32 %addr_a0, void @empty_6, i32 0, i32 0, void @empty_0, i32 0, i32 0, void @empty, void @empty_16, void @empty_0, i32 0, i32 0, i32 0, i32 0, void @empty_0, void @empty_7, i32 4294967295, i32 0"   --->   Operation 156 'specinterface' 'specinterface_ln0' <Predicate = true> <Delay = 0.00>
ST_2 : Operation 157 [1/1] (0.00ns)   --->   "%specinterface_ln0 = specinterface void @_ssdm_op_SpecInterface, i32 %addr_a0, void @empty_8, i32 0, i32 0, void @empty_0, i32 0, i32 0, void @empty_0, void @empty_0, void @empty_0, i32 0, i32 0, i32 0, i32 0, void @empty_0, void @empty_7, i32 4294967295, i32 0"   --->   Operation 157 'specinterface' 'specinterface_ln0' <Predicate = true> <Delay = 0.00>
ST_2 : Operation 158 [1/1] (0.00ns)   --->   "%specbitsmap_ln0 = specbitsmap void @_ssdm_op_SpecBitsMap, i16 %a0_p"   --->   Operation 158 'specbitsmap' 'specbitsmap_ln0' <Predicate = true> <Delay = 0.00>
ST_2 : Operation 159 [1/1] (0.00ns)   --->   "%specinterface_ln0 = specinterface void @_ssdm_op_SpecInterface, i16 %a0_p, void @empty_6, i32 1, i32 1, void @empty_13, i32 0, i32 0, void @empty_15, void @empty_1, void @empty_0, i32 0, i32 0, i32 0, i32 0, void @empty_0, void @empty_0, i32 4294967295, i32 0"   --->   Operation 159 'specinterface' 'specinterface_ln0' <Predicate = true> <Delay = 0.00>
ST_2 : Operation 160 [1/1] (0.00ns)   --->   "%specinterface_ln0 = specinterface void @_ssdm_op_SpecInterface, i16 %a0_p, void @empty_8, i32 1, i32 1, void @empty_0, i32 0, i32 0, void @empty_0, void @empty_0, void @empty_0, i32 0, i32 0, i32 0, i32 0, void @empty_0, void @empty_0, i32 4294967295, i32 0"   --->   Operation 160 'specinterface' 'specinterface_ln0' <Predicate = true> <Delay = 0.00>
ST_2 : Operation 161 [1/1] (0.00ns)   --->   "%specinterface_ln0 = specinterface void @_ssdm_op_SpecInterface, i32 %addr_b0, void @empty_6, i32 0, i32 0, void @empty_0, i32 0, i32 0, void @empty, void @empty_1, void @empty_0, i32 0, i32 0, i32 0, i32 0, void @empty_0, void @empty_7, i32 4294967295, i32 0"   --->   Operation 161 'specinterface' 'specinterface_ln0' <Predicate = true> <Delay = 0.00>
ST_2 : Operation 162 [1/1] (0.00ns)   --->   "%specinterface_ln0 = specinterface void @_ssdm_op_SpecInterface, i32 %addr_b0, void @empty_8, i32 0, i32 0, void @empty_0, i32 0, i32 0, void @empty_0, void @empty_0, void @empty_0, i32 0, i32 0, i32 0, i32 0, void @empty_0, void @empty_7, i32 4294967295, i32 0"   --->   Operation 162 'specinterface' 'specinterface_ln0' <Predicate = true> <Delay = 0.00>
ST_2 : Operation 163 [1/1] (0.00ns)   --->   "%specbitsmap_ln0 = specbitsmap void @_ssdm_op_SpecBitsMap, i16 %b0_q"   --->   Operation 163 'specbitsmap' 'specbitsmap_ln0' <Predicate = true> <Delay = 0.00>
ST_2 : Operation 164 [1/1] (0.00ns)   --->   "%specinterface_ln0 = specinterface void @_ssdm_op_SpecInterface, i16 %b0_q, void @empty_6, i32 1, i32 1, void @empty_13, i32 0, i32 0, void @empty_15, void @empty_9, void @empty_0, i32 0, i32 0, i32 0, i32 0, void @empty_0, void @empty_0, i32 4294967295, i32 0"   --->   Operation 164 'specinterface' 'specinterface_ln0' <Predicate = true> <Delay = 0.00>
ST_2 : Operation 165 [1/1] (0.00ns)   --->   "%specinterface_ln0 = specinterface void @_ssdm_op_SpecInterface, i16 %b0_q, void @empty_8, i32 1, i32 1, void @empty_0, i32 0, i32 0, void @empty_0, void @empty_0, void @empty_0, i32 0, i32 0, i32 0, i32 0, void @empty_0, void @empty_0, i32 4294967295, i32 0"   --->   Operation 165 'specinterface' 'specinterface_ln0' <Predicate = true> <Delay = 0.00>
ST_2 : Operation 166 [1/1] (0.00ns)   --->   "%specinterface_ln0 = specinterface void @_ssdm_op_SpecInterface, i32 %addr_c0, void @empty_6, i32 0, i32 0, void @empty_0, i32 0, i32 0, void @empty, void @empty_9, void @empty_0, i32 0, i32 0, i32 0, i32 0, void @empty_0, void @empty_7, i32 4294967295, i32 0"   --->   Operation 166 'specinterface' 'specinterface_ln0' <Predicate = true> <Delay = 0.00>
ST_2 : Operation 167 [1/1] (0.00ns)   --->   "%specinterface_ln0 = specinterface void @_ssdm_op_SpecInterface, i32 %addr_c0, void @empty_8, i32 0, i32 0, void @empty_0, i32 0, i32 0, void @empty_0, void @empty_0, void @empty_0, i32 0, i32 0, i32 0, i32 0, void @empty_0, void @empty_7, i32 4294967295, i32 0"   --->   Operation 167 'specinterface' 'specinterface_ln0' <Predicate = true> <Delay = 0.00>
ST_2 : Operation 168 [1/1] (0.00ns)   --->   "%specbitsmap_ln0 = specbitsmap void @_ssdm_op_SpecBitsMap, i16 %m"   --->   Operation 168 'specbitsmap' 'specbitsmap_ln0' <Predicate = true> <Delay = 0.00>
ST_2 : Operation 169 [1/1] (0.00ns)   --->   "%specinterface_ln0 = specinterface void @_ssdm_op_SpecInterface, i16 %m, void @empty_6, i32 1, i32 1, void @empty_13, i32 0, i32 0, void @empty_15, void @empty_10, void @empty_0, i32 0, i32 0, i32 0, i32 0, void @empty_0, void @empty_0, i32 4294967295, i32 0"   --->   Operation 169 'specinterface' 'specinterface_ln0' <Predicate = true> <Delay = 0.00>
ST_2 : Operation 170 [1/1] (0.00ns)   --->   "%specinterface_ln0 = specinterface void @_ssdm_op_SpecInterface, i16 %m, void @empty_8, i32 1, i32 1, void @empty_0, i32 0, i32 0, void @empty_0, void @empty_0, void @empty_0, i32 0, i32 0, i32 0, i32 0, void @empty_0, void @empty_0, i32 4294967295, i32 0"   --->   Operation 170 'specinterface' 'specinterface_ln0' <Predicate = true> <Delay = 0.00>
ST_2 : Operation 171 [1/1] (0.00ns)   --->   "%specinterface_ln0 = specinterface void @_ssdm_op_SpecInterface, i32 0, void @empty_6, i32 0, i32 0, void @empty_0, i32 0, i32 0, void @empty_15, void @empty_16, void @empty_0, i32 0, i32 0, i32 0, i32 0, void @empty_0, void @empty_0, i32 4294967295, i32 0"   --->   Operation 171 'specinterface' 'specinterface_ln0' <Predicate = true> <Delay = 0.00>
ST_2 : Operation 172 [1/2] (1.00ns)   --->   "%m_read = read i16 @_ssdm_op_Read.s_axilite.i16, i16 %m" [/home/ulisses/Projects/ursa/src/core/shell.cpp:140]   --->   Operation 172 'read' 'm_read' <Predicate = true> <Delay = 1.00> <CoreInst = "s_axilite">   --->   Core 114 's_axilite' <Latency = 0> <II = 1> <Delay = 1.00> <Adapter> <Opcode : 'read' 'write'>
ST_2 : Operation 173 [1/2] (1.00ns)   --->   "%b0_q_read = read i16 @_ssdm_op_Read.s_axilite.i16, i16 %b0_q" [/home/ulisses/Projects/ursa/src/core/shell.cpp:140]   --->   Operation 173 'read' 'b0_q_read' <Predicate = true> <Delay = 1.00> <CoreInst = "s_axilite">   --->   Core 114 's_axilite' <Latency = 0> <II = 1> <Delay = 1.00> <Adapter> <Opcode : 'read' 'write'>
ST_2 : Operation 174 [1/2] (1.00ns)   --->   "%a0_p_read = read i16 @_ssdm_op_Read.s_axilite.i16, i16 %a0_p" [/home/ulisses/Projects/ursa/src/core/shell.cpp:140]   --->   Operation 174 'read' 'a0_p_read' <Predicate = true> <Delay = 1.00> <CoreInst = "s_axilite">   --->   Core 114 's_axilite' <Latency = 0> <II = 1> <Delay = 1.00> <Adapter> <Opcode : 'read' 'write'>
ST_2 : Operation 175 [1/1] (0.00ns)   --->   "%m_cast = zext i16 %m_read" [/home/ulisses/Projects/ursa/src/core/shell.cpp:140]   --->   Operation 175 'zext' 'm_cast' <Predicate = true> <Delay = 0.00>
ST_2 : Operation 176 [1/1] (2.07ns)   --->   "%sub24 = add i17 %m_cast, i17 14" [/home/ulisses/Projects/ursa/src/core/shell.cpp:140]   --->   Operation 176 'add' 'sub24' <Predicate = true> <Delay = 2.07> <CoreInst = "Adder">   --->   Core 1 'Adder' <Latency = 0> <II = 1> <Delay = 2.10> <FuncUnit> <Opcode : 'add' 'sub'> <InPorts = 2> <OutPorts = 1>
ST_2 : Operation 177 [1/1] (0.00ns)   --->   "%call_b_cast = partselect i13 @_ssdm_op_PartSelect.i13.i16.i32.i32, i16 %b0_q_read, i32 3, i32 15" [/home/ulisses/Projects/ursa/src/core/shell.cpp:140]   --->   Operation 177 'partselect' 'call_b_cast' <Predicate = true> <Delay = 0.00>
ST_2 : Operation 178 [1/1] (0.00ns)   --->   "%trunc_ln = partselect i13 @_ssdm_op_PartSelect.i13.i16.i32.i32, i16 %a0_p_read, i32 3, i32 15" [/home/ulisses/Projects/ursa/src/core/shell.cpp:21->/home/ulisses/Projects/ursa/src/core/shell.cpp:287]   --->   Operation 178 'partselect' 'trunc_ln' <Predicate = true> <Delay = 0.00>
ST_2 : Operation 179 [1/1] (0.00ns)   --->   "%zext_ln300_1 = zext i16 %m_read" [/home/ulisses/Projects/ursa/src/core/shell.cpp:300]   --->   Operation 179 'zext' 'zext_ln300_1' <Predicate = true> <Delay = 0.00>
ST_2 : Operation 180 [1/1] (0.00ns)   --->   "%zext_ln300 = zext i16 %b0_q_read" [/home/ulisses/Projects/ursa/src/core/shell.cpp:300]   --->   Operation 180 'zext' 'zext_ln300' <Predicate = true> <Delay = 0.00>
ST_2 : Operation 181 [1/1] (0.00ns)   --->   "%cast = zext i13 %trunc_ln" [/home/ulisses/Projects/ursa/src/core/shell.cpp:21->/home/ulisses/Projects/ursa/src/core/shell.cpp:287]   --->   Operation 181 'zext' 'cast' <Predicate = true> <Delay = 0.00>
ST_2 : Operation 182 [1/1] (0.00ns)   --->   "%cast1 = zext i13 %call_b_cast" [/home/ulisses/Projects/ursa/src/core/shell.cpp:140]   --->   Operation 182 'zext' 'cast1' <Predicate = true> <Delay = 0.00>
ST_2 : Operation 183 [1/1] (5.61ns)   --->   "%bound = mul i26 %cast, i26 %cast1" [/home/ulisses/Projects/ursa/src/core/shell.cpp:21->/home/ulisses/Projects/ursa/src/core/shell.cpp:287]   --->   Operation 183 'mul' 'bound' <Predicate = true> <Delay = 5.61> <CoreInst = "Multiplier">   --->   Core 3 'Multiplier' <Latency = 0> <II = 1> <Delay = 5.61> <FuncUnit> <Opcode : 'mul'> <InPorts = 2> <OutPorts = 1>
ST_2 : Operation 184 [1/1] (0.00ns)   --->   "%br_ln267 = br void %VITIS_LOOP_284_3" [/home/ulisses/Projects/ursa/src/core/shell.cpp:267]   --->   Operation 184 'br' 'br_ln267' <Predicate = true> <Delay = 0.00>

State 3 <SV = 2> <Delay = 5.64>
ST_3 : Operation 185 [1/1] (0.00ns)   --->   "%indvar_flatten_load = load i26 %indvar_flatten" [/home/ulisses/Projects/ursa/src/core/shell.cpp:267]   --->   Operation 185 'load' 'indvar_flatten_load' <Predicate = true> <Delay = 0.00>
ST_3 : Operation 186 [1/1] (2.37ns)   --->   "%icmp_ln267 = icmp_eq  i26 %indvar_flatten_load, i26 %bound" [/home/ulisses/Projects/ursa/src/core/shell.cpp:267]   --->   Operation 186 'icmp' 'icmp_ln267' <Predicate = true> <Delay = 2.37> <CoreInst = "Cmp">   --->   Core 9 'Cmp' <Latency = 0> <II = 1> <Delay = 2.37> <FuncUnit> <Opcode : 'icmp'> <InPorts = 2> <OutPorts = 1>
ST_3 : Operation 187 [1/1] (2.37ns)   --->   "%add_ln267 = add i26 %indvar_flatten_load, i26 1" [/home/ulisses/Projects/ursa/src/core/shell.cpp:267]   --->   Operation 187 'add' 'add_ln267' <Predicate = true> <Delay = 2.37> <CoreInst = "Adder">   --->   Core 1 'Adder' <Latency = 0> <II = 1> <Delay = 2.37> <FuncUnit> <Opcode : 'add' 'sub'> <InPorts = 2> <OutPorts = 1>
ST_3 : Operation 188 [1/1] (0.00ns)   --->   "%br_ln267 = br i1 %icmp_ln267, void %for.inc45.loopexit, void %for.end47.loopexit" [/home/ulisses/Projects/ursa/src/core/shell.cpp:267]   --->   Operation 188 'br' 'br_ln267' <Predicate = true> <Delay = 0.00>
ST_3 : Operation 189 [1/1] (0.00ns)   --->   "%j_load = load i13 %j" [/home/ulisses/Projects/ursa/src/core/shell.cpp:268]   --->   Operation 189 'load' 'j_load' <Predicate = (!icmp_ln267)> <Delay = 0.00>
ST_3 : Operation 190 [1/1] (0.00ns)   --->   "%i_load = load i13 %i" [/home/ulisses/Projects/ursa/src/core/shell.cpp:267]   --->   Operation 190 'load' 'i_load' <Predicate = (!icmp_ln267)> <Delay = 0.00>
ST_3 : Operation 191 [1/1] (1.67ns)   --->   "%icmp_ln268 = icmp_eq  i13 %j_load, i13 %call_b_cast" [/home/ulisses/Projects/ursa/src/core/shell.cpp:268]   --->   Operation 191 'icmp' 'icmp_ln268' <Predicate = (!icmp_ln267)> <Delay = 1.67> <CoreInst = "Cmp">   --->   Core 9 'Cmp' <Latency = 0> <II = 1> <Delay = 1.67> <FuncUnit> <Opcode : 'icmp'> <InPorts = 2> <OutPorts = 1>
ST_3 : Operation 192 [1/1] (0.69ns)   --->   "%select_ln267 = select i1 %icmp_ln268, i13 0, i13 %j_load" [/home/ulisses/Projects/ursa/src/core/shell.cpp:267]   --->   Operation 192 'select' 'select_ln267' <Predicate = (!icmp_ln267)> <Delay = 0.69> <CoreInst = "Sel">   --->   Core 73 'Sel' <Latency = 0> <II = 1> <Delay = 0.69> <FuncUnit> <Opcode : 'select'> <InPorts = 3> <OutPorts = 1>
ST_3 : Operation 193 [1/1] (1.67ns)   --->   "%add_ln267_1 = add i13 %i_load, i13 1" [/home/ulisses/Projects/ursa/src/core/shell.cpp:267]   --->   Operation 193 'add' 'add_ln267_1' <Predicate = (!icmp_ln267)> <Delay = 1.67> <CoreInst = "Adder">   --->   Core 1 'Adder' <Latency = 0> <II = 1> <Delay = 1.67> <FuncUnit> <Opcode : 'add' 'sub'> <InPorts = 2> <OutPorts = 1>
ST_3 : Operation 194 [1/1] (0.69ns)   --->   "%select_ln267_1 = select i1 %icmp_ln268, i13 %add_ln267_1, i13 %i_load" [/home/ulisses/Projects/ursa/src/core/shell.cpp:267]   --->   Operation 194 'select' 'select_ln267_1' <Predicate = (!icmp_ln267)> <Delay = 0.69> <CoreInst = "Sel">   --->   Core 73 'Sel' <Latency = 0> <II = 1> <Delay = 0.69> <FuncUnit> <Opcode : 'select'> <InPorts = 3> <OutPorts = 1>
ST_3 : Operation 195 [1/1] (1.67ns)   --->   "%add_ln268 = add i13 %select_ln267, i13 1" [/home/ulisses/Projects/ursa/src/core/shell.cpp:268]   --->   Operation 195 'add' 'add_ln268' <Predicate = (!icmp_ln267)> <Delay = 1.67> <CoreInst = "Adder">   --->   Core 1 'Adder' <Latency = 0> <II = 1> <Delay = 1.67> <FuncUnit> <Opcode : 'add' 'sub'> <InPorts = 2> <OutPorts = 1>
ST_3 : Operation 196 [1/1] (1.58ns)   --->   "%store_ln267 = store i26 %add_ln267, i26 %indvar_flatten" [/home/ulisses/Projects/ursa/src/core/shell.cpp:267]   --->   Operation 196 'store' 'store_ln267' <Predicate = (!icmp_ln267)> <Delay = 1.58>
ST_3 : Operation 197 [1/1] (1.58ns)   --->   "%store_ln267 = store i13 %select_ln267_1, i13 %i" [/home/ulisses/Projects/ursa/src/core/shell.cpp:267]   --->   Operation 197 'store' 'store_ln267' <Predicate = (!icmp_ln267)> <Delay = 1.58>
ST_3 : Operation 198 [1/1] (1.58ns)   --->   "%store_ln268 = store i13 %add_ln268, i13 %j" [/home/ulisses/Projects/ursa/src/core/shell.cpp:268]   --->   Operation 198 'store' 'store_ln268' <Predicate = (!icmp_ln267)> <Delay = 1.58>
ST_3 : Operation 199 [1/1] (0.00ns)   --->   "%ret_ln347 = ret i8 0" [/home/ulisses/Projects/ursa/src/core/shell.cpp:347]   --->   Operation 199 'ret' 'ret_ln347' <Predicate = (icmp_ln267)> <Delay = 0.00>

State 4 <SV = 3> <Delay = 5.58>
ST_4 : Operation 200 [1/1] (0.00ns)   --->   "%zext_ln267 = zext i13 %select_ln267_1" [/home/ulisses/Projects/ursa/src/core/shell.cpp:267]   --->   Operation 200 'zext' 'zext_ln267' <Predicate = true> <Delay = 0.00>
ST_4 : Operation 201 [1/1] (5.58ns)   --->   "%mul_ln267 = mul i29 %zext_ln267, i29 %zext_ln300_1" [/home/ulisses/Projects/ursa/src/core/shell.cpp:267]   --->   Operation 201 'mul' 'mul_ln267' <Predicate = true> <Delay = 5.58> <CoreInst = "Multiplier">   --->   Core 3 'Multiplier' <Latency = 0> <II = 1> <Delay = 5.58> <FuncUnit> <Opcode : 'mul'> <InPorts = 2> <OutPorts = 1>
ST_4 : Operation 202 [1/1] (0.00ns)   --->   "%zext_ln267_1 = zext i13 %select_ln267_1" [/home/ulisses/Projects/ursa/src/core/shell.cpp:267]   --->   Operation 202 'zext' 'zext_ln267_1' <Predicate = true> <Delay = 0.00>
ST_4 : Operation 203 [1/1] (5.58ns)   --->   "%mul_ln267_1 = mul i27 %zext_ln267_1, i27 %zext_ln300" [/home/ulisses/Projects/ursa/src/core/shell.cpp:267]   --->   Operation 203 'mul' 'mul_ln267_1' <Predicate = true> <Delay = 5.58> <CoreInst = "Multiplier">   --->   Core 3 'Multiplier' <Latency = 0> <II = 1> <Delay = 5.58> <FuncUnit> <Opcode : 'mul'> <InPorts = 2> <OutPorts = 1>

State 5 <SV = 4> <Delay = 6.92>
ST_5 : Operation 204 [1/1] (0.00ns)   --->   "%shl_ln21_1_mid2 = bitconcatenate i32 @_ssdm_op_BitConcatenate.i32.i29.i3, i29 %mul_ln267, i3 0" [/home/ulisses/Projects/ursa/src/core/shell.cpp:267]   --->   Operation 204 'bitconcatenate' 'shl_ln21_1_mid2' <Predicate = true> <Delay = 0.00>
ST_5 : Operation 205 [1/1] (0.00ns)   --->   "%shl_ln300_mid2 = bitconcatenate i30 @_ssdm_op_BitConcatenate.i30.i27.i3, i27 %mul_ln267_1, i3 0" [/home/ulisses/Projects/ursa/src/core/shell.cpp:267]   --->   Operation 205 'bitconcatenate' 'shl_ln300_mid2' <Predicate = true> <Delay = 0.00>
ST_5 : Operation 206 [1/1] (0.00ns)   --->   "%shl_ln = bitconcatenate i16 @_ssdm_op_BitConcatenate.i16.i13.i3, i13 %select_ln267, i3 0" [/home/ulisses/Projects/ursa/src/core/shell.cpp:270]   --->   Operation 206 'bitconcatenate' 'shl_ln' <Predicate = true> <Delay = 0.00>
ST_5 : Operation 207 [2/2] (6.92ns)   --->   "%call_ln140 = call void @mxm_execute_ursa_Pipeline_VITIS_LOOP_284_3, i8 %bi, i8 %aw, i17 %sub24, i16 %b0_q_read, i16 %m_read, i16 %m_read, i32 %shl_ln21_1_mid2, i32 %addr_a0_read, i16 %shl_ln, i32 %addr_b0_read, i16 %shl_ln, i8 %mxm_execute_ursa_signed_char_unsigned_short_unsigned_char_unsigned_short_i_175, i8 %mxm_execute_ursa_signed_char_unsigned_short_unsigned_char_unsigned_short_i_182, i8 %mxm_execute_ursa_signed_char_unsigned_short_unsigned_char_unsigned_short_i_189, i8 %mxm_execute_ursa_signed_char_unsigned_short_unsigned_char_unsigned_short_i_196, i8 %mxm_execute_ursa_signed_char_unsigned_short_unsigned_char_unsigned_short_i_203, i8 %mxm_execute_ursa_signed_char_unsigned_short_unsigned_char_unsigned_short_i_210, i8 %mxm_execute_ursa_signed_char_unsigned_short_unsigned_char_unsigned_short_i_217, i8 %mxm_execute_ursa_signed_char_unsigned_short_unsigned_char_unsigned_short_i_224, i8 %mxm_execute_ursa_signed_char_unsigned_short_unsigned_char_unsigned_short_i_176, i8 %mxm_execute_ursa_signed_char_unsigned_short_unsigned_char_unsigned_short_i_183, i8 %mxm_execute_ursa_signed_char_unsigned_short_unsigned_char_unsigned_short_i_190, i8 %mxm_execute_ursa_signed_char_unsigned_short_unsigned_char_unsigned_short_i_197, i8 %mxm_execute_ursa_signed_char_unsigned_short_unsigned_char_unsigned_short_i_204, i8 %mxm_execute_ursa_signed_char_unsigned_short_unsigned_char_unsigned_short_i_211, i8 %mxm_execute_ursa_signed_char_unsigned_short_unsigned_char_unsigned_short_i_218, i8 %mxm_execute_ursa_signed_char_unsigned_short_unsigned_char_unsigned_short_i_225, i8 %mxm_execute_ursa_signed_char_unsigned_short_unsigned_char_unsigned_short_i_177, i8 %mxm_execute_ursa_signed_char_unsigned_short_unsigned_char_unsigned_short_i_184, i8 %mxm_execute_ursa_signed_char_unsigned_short_unsigned_char_unsigned_short_i_191, i8 %mxm_execute_ursa_signed_char_unsigned_short_unsigned_char_unsigned_short_i_198, i8 %mxm_execute_ursa_signed_char_unsigned_short_unsigned_char_unsigned_short_i_205, i8 %mxm_execute_ursa_signed_char_unsigned_short_unsigned_char_unsigned_short_i_212, i8 %mxm_execute_ursa_signed_char_unsigned_short_unsigned_char_unsigned_short_i_219, i8 %mxm_execute_ursa_signed_char_unsigned_short_unsigned_char_unsigned_short_i_226, i8 %mxm_execute_ursa_signed_char_unsigned_short_unsigned_char_unsigned_short_i_178, i8 %mxm_execute_ursa_signed_char_unsigned_short_unsigned_char_unsigned_short_i_185, i8 %mxm_execute_ursa_signed_char_unsigned_short_unsigned_char_unsigned_short_i_192, i8 %mxm_execute_ursa_signed_char_unsigned_short_unsigned_char_unsigned_short_i_199, i8 %mxm_execute_ursa_signed_char_unsigned_short_unsigned_char_unsigned_short_i_206, i8 %mxm_execute_ursa_signed_char_unsigned_short_unsigned_char_unsigned_short_i_213, i8 %mxm_execute_ursa_signed_char_unsigned_short_unsigned_char_unsigned_short_i_220, i8 %mxm_execute_ursa_signed_char_unsigned_short_unsigned_char_unsigned_short_i_227, i8 %mxm_execute_ursa_signed_char_unsigned_short_unsigned_char_unsigned_short_i_179, i8 %mxm_execute_ursa_signed_char_unsigned_short_unsigned_char_unsigned_short_i_186, i8 %mxm_execute_ursa_signed_char_unsigned_short_unsigned_char_unsigned_short_i_193, i8 %mxm_execute_ursa_signed_char_unsigned_short_unsigned_char_unsigned_short_i_200, i8 %mxm_execute_ursa_signed_char_unsigned_short_unsigned_char_unsigned_short_i_207, i8 %mxm_execute_ursa_signed_char_unsigned_short_unsigned_char_unsigned_short_i_214, i8 %mxm_execute_ursa_signed_char_unsigned_short_unsigned_char_unsigned_short_i_221, i8 %mxm_execute_ursa_signed_char_unsigned_short_unsigned_char_unsigned_short_i_228, i8 %mxm_execute_ursa_signed_char_unsigned_short_unsigned_char_unsigned_short_i_180, i8 %mxm_execute_ursa_signed_char_unsigned_short_unsigned_char_unsigned_short_i_187, i8 %mxm_execute_ursa_signed_char_unsigned_short_unsigned_char_unsigned_short_i_194, i8 %mxm_execute_ursa_signed_char_unsigned_short_unsigned_char_unsigned_short_i_201, i8 %mxm_execute_ursa_signed_char_unsigned_short_unsigned_char_unsigned_short_i_208, i8 %mxm_execute_ursa_signed_char_unsigned_short_unsigned_char_unsigned_short_i_215, i8 %mxm_execute_ursa_signed_char_unsigned_short_unsigned_char_unsigned_short_i_222, i8 %mxm_execute_ursa_signed_char_unsigned_short_unsigned_char_unsigned_short_i_229, i8 %mxm_execute_ursa_signed_char_unsigned_short_unsigned_char_unsigned_short_i_181, i8 %mxm_execute_ursa_signed_char_unsigned_short_unsigned_char_unsigned_short_i_188, i8 %mxm_execute_ursa_signed_char_unsigned_short_unsigned_char_unsigned_short_i_195, i8 %mxm_execute_ursa_signed_char_unsigned_short_unsigned_char_unsigned_short_i_202, i8 %mxm_execute_ursa_signed_char_unsigned_short_unsigned_char_unsigned_short_i_209, i8 %mxm_execute_ursa_signed_char_unsigned_short_unsigned_char_unsigned_short_i_216, i8 %mxm_execute_ursa_signed_char_unsigned_short_unsigned_char_unsigned_short_i_223, i8 %mxm_execute_ursa_signed_char_unsigned_short_unsigned_char_unsigned_short_i_230, i8 %mxm_execute_ursa_signed_char_unsigned_short_unsigned_char_unsigned_short_i_231, i8 %mxm_execute_ursa_signed_char_unsigned_short_unsigned_char_unsigned_short_i_232, i8 %mxm_execute_ursa_signed_char_unsigned_short_unsigned_char_unsigned_short_i_233, i8 %mxm_execute_ursa_signed_char_unsigned_short_unsigned_char_unsigned_short_i_234, i8 %mxm_execute_ursa_signed_char_unsigned_short_unsigned_char_unsigned_short_i_235, i8 %mxm_execute_ursa_signed_char_unsigned_short_unsigned_char_unsigned_short_i_236, i8 %mxm_execute_ursa_signed_char_unsigned_short_unsigned_char_unsigned_short_i_237, i8 %mxm_execute_ursa_signed_char_unsigned_short_unsigned_char_unsigned_short_i_238, i8 %mxm_execute_ursa_signed_char_unsigned_short_unsigned_char_unsigned_short_i_239, i8 %mxm_execute_ursa_signed_char_unsigned_short_unsigned_char_unsigned_short_i_240, i8 %mxm_execute_ursa_signed_char_unsigned_short_unsigned_char_unsigned_short_i_241, i8 %mxm_execute_ursa_signed_char_unsigned_short_unsigned_char_unsigned_short_i_242, i8 %mxm_execute_ursa_signed_char_unsigned_short_unsigned_char_unsigned_short_i_243, i8 %mxm_execute_ursa_signed_char_unsigned_short_unsigned_char_unsigned_short_i_244, i8 %mxm_execute_ursa_signed_char_unsigned_short_unsigned_char_unsigned_short_i_245, i8 %mxm_execute_ursa_signed_char_unsigned_short_unsigned_char_unsigned_short_i_246, i8 %mxm_execute_ursa_signed_char_unsigned_short_unsigned_char_unsigned_short_i_247, i8 %mxm_execute_ursa_signed_char_unsigned_short_unsigned_char_unsigned_short_i_248, i8 %mxm_execute_ursa_signed_char_unsigned_short_unsigned_char_unsigned_short_i_249, i8 %mxm_execute_ursa_signed_char_unsigned_short_unsigned_char_unsigned_short_i_250, i8 %mxm_execute_ursa_signed_char_unsigned_short_unsigned_char_unsigned_short_i_99, i8 %mxm_execute_ursa_signed_char_unsigned_short_unsigned_char_unsigned_short_i_98, i8 %mxm_execute_ursa_signed_char_unsigned_short_unsigned_char_unsigned_short_i_97, i8 %mxm_execute_ursa_signed_char_unsigned_short_unsigned_char_unsigned_short_i_96, i8 %mxm_execute_ursa_signed_char_unsigned_short_unsigned_char_unsigned_short_i_95, i8 %mxm_execute_ursa_signed_char_unsigned_short_unsigned_char_unsigned_short_i_94, i8 %mxm_execute_ursa_signed_char_unsigned_short_unsigned_char_unsigned_short_i_93, i8 %mxm_execute_ursa_signed_char_unsigned_short_unsigned_char_unsigned_short_i_92, i8 %mxm_execute_ursa_signed_char_unsigned_short_unsigned_char_unsigned_short_i_91, i8 %mxm_execute_ursa_signed_char_unsigned_short_unsigned_char_unsigned_short_i_90, i8 %mxm_execute_ursa_signed_char_unsigned_short_unsigned_char_unsigned_short_i_89, i8 %mxm_execute_ursa_signed_char_unsigned_short_unsigned_char_unsigned_short_i_88, i8 %mxm_execute_ursa_signed_char_unsigned_short_unsigned_char_unsigned_short_i_87, i8 %mxm_execute_ursa_signed_char_unsigned_short_unsigned_char_unsigned_short_i_86, i8 %mxm_execute_ursa_signed_char_unsigned_short_unsigned_char_unsigned_short_i_85, i8 %mxm_execute_ursa_signed_char_unsigned_short_unsigned_char_unsigned_short_i_84, i8 %mxm_execute_ursa_signed_char_unsigned_short_unsigned_char_unsigned_short_i_83, i8 %mxm_execute_ursa_signed_char_unsigned_short_unsigned_char_unsigned_short_i_82, i8 %mxm_execute_ursa_signed_char_unsigned_short_unsigned_char_unsigned_short_i_81, i8 %mxm_execute_ursa_signed_char_unsigned_short_unsigned_char_unsigned_short_i_80, i8 %mxm_execute_ursa_signed_char_unsigned_short_unsigned_char_unsigned_short_i_79, i8 %mxm_execute_ursa_signed_char_unsigned_short_unsigned_char_unsigned_short_i_78, i8 %mxm_execute_ursa_signed_char_unsigned_short_unsigned_char_unsigned_short_i_77, i8 %mxm_execute_ursa_signed_char_unsigned_short_unsigned_char_unsigned_short_i_76, i8 %mxm_execute_ursa_signed_char_unsigned_short_unsigned_char_unsigned_short_i_75, i8 %mxm_execute_ursa_signed_char_unsigned_short_unsigned_char_unsigned_short_i_74, i8 %mxm_execute_ursa_signed_char_unsigned_short_unsigned_char_unsigned_short_i_73, i8 %mxm_execute_ursa_signed_char_unsigned_short_unsigned_char_unsigned_short_i_72, i8 %mxm_execute_ursa_signed_char_unsigned_short_unsigned_char_unsigned_short_i_71, i8 %mxm_execute_ursa_signed_char_unsigned_short_unsigned_char_unsigned_short_i_70, i8 %mxm_execute_ursa_signed_char_unsigned_short_unsigned_char_unsigned_short_i_69, i8 %mxm_execute_ursa_signed_char_unsigned_short_unsigned_char_unsigned_short_i_68, i8 %mxm_execute_ursa_signed_char_unsigned_short_unsigned_char_unsigned_short_i_67, i8 %mxm_execute_ursa_signed_char_unsigned_short_unsigned_char_unsigned_short_i_66, i8 %mxm_execute_ursa_signed_char_unsigned_short_unsigned_char_unsigned_short_i_65, i8 %mxm_execute_ursa_signed_char_unsigned_short_unsigned_char_unsigned_short_i_64, i20 %mxm_execute_ursa_signed_char_unsigned_short_unsigned_char_unsigned_short_i_63, i20 %mxm_execute_ursa_signed_char_unsigned_short_unsigned_char_unsigned_short_i_62, i20 %mxm_execute_ursa_signed_char_unsigned_short_unsigned_char_unsigned_short_i_61, i20 %mxm_execute_ursa_signed_char_unsigned_short_unsigned_char_unsigned_short_i_60, i20 %mxm_execute_ursa_signed_char_unsigned_short_unsigned_char_unsigned_short_i_59, i20 %mxm_execute_ursa_signed_char_unsigned_short_unsigned_char_unsigned_short_i_58, i20 %mxm_execute_ursa_signed_char_unsigned_short_unsigned_char_unsigned_short_i_57, i20 %mxm_execute_ursa_signed_char_unsigned_short_unsigned_char_unsigned_short_i_56, i20 %mxm_execute_ursa_signed_char_unsigned_short_unsigned_char_unsigned_short_i_55, i20 %mxm_execute_ursa_signed_char_unsigned_short_unsigned_char_unsigned_short_i_54, i20 %mxm_execute_ursa_signed_char_unsigned_short_unsigned_char_unsigned_short_i_53, i20 %mxm_execute_ursa_signed_char_unsigned_short_unsigned_char_unsigned_short_i_52, i20 %mxm_execute_ursa_signed_char_unsigned_short_unsigned_char_unsigned_short_i_51, i20 %mxm_execute_ursa_signed_char_unsigned_short_unsigned_char_unsigned_short_i_50, i20 %mxm_execute_ursa_signed_char_unsigned_short_unsigned_char_unsigned_short_i_49, i20 %mxm_execute_ursa_signed_char_unsigned_short_unsigned_char_unsigned_short_i_48, i20 %mxm_execute_ursa_signed_char_unsigned_short_unsigned_char_unsigned_short_i_47, i20 %mxm_execute_ursa_signed_char_unsigned_short_unsigned_char_unsigned_short_i_46, i20 %mxm_execute_ursa_signed_char_unsigned_short_unsigned_char_unsigned_short_i_45, i20 %mxm_execute_ursa_signed_char_unsigned_short_unsigned_char_unsigned_short_i_44, i20 %mxm_execute_ursa_signed_char_unsigned_short_unsigned_char_unsigned_short_i_43, i20 %mxm_execute_ursa_signed_char_unsigned_short_unsigned_char_unsigned_short_i_42, i20 %mxm_execute_ursa_signed_char_unsigned_short_unsigned_char_unsigned_short_i_41, i20 %mxm_execute_ursa_signed_char_unsigned_short_unsigned_char_unsigned_short_i_40, i20 %mxm_execute_ursa_signed_char_unsigned_short_unsigned_char_unsigned_short_i_39, i20 %mxm_execute_ursa_signed_char_unsigned_short_unsigned_char_unsigned_short_i_38, i20 %mxm_execute_ursa_signed_char_unsigned_short_unsigned_char_unsigned_short_i_37, i20 %mxm_execute_ursa_signed_char_unsigned_short_unsigned_char_unsigned_short_i_36, i20 %mxm_execute_ursa_signed_char_unsigned_short_unsigned_char_unsigned_short_i_35, i20 %mxm_execute_ursa_signed_char_unsigned_short_unsigned_char_unsigned_short_i_34, i20 %mxm_execute_ursa_signed_char_unsigned_short_unsigned_char_unsigned_short_i_33, i20 %mxm_execute_ursa_signed_char_unsigned_short_unsigned_char_unsigned_short_i_32, i20 %mxm_execute_ursa_signed_char_unsigned_short_unsigned_char_unsigned_short_i_31, i20 %mxm_execute_ursa_signed_char_unsigned_short_unsigned_char_unsigned_short_i_30, i20 %mxm_execute_ursa_signed_char_unsigned_short_unsigned_char_unsigned_short_i_29, i20 %mxm_execute_ursa_signed_char_unsigned_short_unsigned_char_unsigned_short_i_28, i20 %mxm_execute_ursa_signed_char_unsigned_short_unsigned_char_unsigned_short_i_27, i20 %mxm_execute_ursa_signed_char_unsigned_short_unsigned_char_unsigned_short_i_26, i20 %mxm_execute_ursa_signed_char_unsigned_short_unsigned_char_unsigned_short_i_25, i20 %mxm_execute_ursa_signed_char_unsigned_short_unsigned_char_unsigned_short_i_24, i20 %mxm_execute_ursa_signed_char_unsigned_short_unsigned_char_unsigned_short_i_23, i20 %mxm_execute_ursa_signed_char_unsigned_short_unsigned_char_unsigned_short_i_22, i20 %mxm_execute_ursa_signed_char_unsigned_short_unsigned_char_unsigned_short_i_21, i20 %mxm_execute_ursa_signed_char_unsigned_short_unsigned_char_unsigned_short_i_20, i20 %mxm_execute_ursa_signed_char_unsigned_short_unsigned_char_unsigned_short_i_19, i20 %mxm_execute_ursa_signed_char_unsigned_short_unsigned_char_unsigned_short_i_18, i20 %mxm_execute_ursa_signed_char_unsigned_short_unsigned_char_unsigned_short_i_17, i20 %mxm_execute_ursa_signed_char_unsigned_short_unsigned_char_unsigned_short_i_16, i20 %mxm_execute_ursa_signed_char_unsigned_short_unsigned_char_unsigned_short_i_15, i20 %mxm_execute_ursa_signed_char_unsigned_short_unsigned_char_unsigned_short_i_14, i20 %mxm_execute_ursa_signed_char_unsigned_short_unsigned_char_unsigned_short_i_13, i20 %mxm_execute_ursa_signed_char_unsigned_short_unsigned_char_unsigned_short_i_12, i20 %mxm_execute_ursa_signed_char_unsigned_short_unsigned_char_unsigned_short_i_11, i20 %mxm_execute_ursa_signed_char_unsigned_short_unsigned_char_unsigned_short_i_10, i20 %mxm_execute_ursa_signed_char_unsigned_short_unsigned_char_unsigned_short_i_9, i20 %mxm_execute_ursa_signed_char_unsigned_short_unsigned_char_unsigned_short_i_8, i20 %mxm_execute_ursa_signed_char_unsigned_short_unsigned_char_unsigned_short_i_7, i20 %mxm_execute_ursa_signed_char_unsigned_short_unsigned_char_unsigned_short_i_6, i20 %mxm_execute_ursa_signed_char_unsigned_short_unsigned_char_unsigned_short_i_5, i20 %mxm_execute_ursa_signed_char_unsigned_short_unsigned_char_unsigned_short_i_4, i20 %mxm_execute_ursa_signed_char_unsigned_short_unsigned_char_unsigned_short_i_3, i20 %mxm_execute_ursa_signed_char_unsigned_short_unsigned_char_unsigned_short_i_2, i20 %mxm_execute_ursa_signed_char_unsigned_short_unsigned_char_unsigned_short_i_1, i20 %mxm_execute_ursa_signed_char_unsigned_short_unsigned_char_unsigned_short_i" [/home/ulisses/Projects/ursa/src/core/shell.cpp:140]   --->   Operation 207 'call' 'call_ln140' <Predicate = true> <Delay = 6.92> <CoreType = "Generic">   --->   Core 0 '' <Latency = 0> <II = 1> <Delay = 1.00> <Generic> <Opcode : >
ST_5 : Operation 208 [1/1] (0.00ns)   --->   "%zext_ln300_2 = zext i16 %shl_ln" [/home/ulisses/Projects/ursa/src/core/shell.cpp:300]   --->   Operation 208 'zext' 'zext_ln300_2' <Predicate = true> <Delay = 0.00>
ST_5 : Operation 209 [1/1] (2.49ns)   --->   "%add_ln300 = add i30 %zext_ln300_2, i30 %shl_ln300_mid2" [/home/ulisses/Projects/ursa/src/core/shell.cpp:300]   --->   Operation 209 'add' 'add_ln300' <Predicate = true> <Delay = 2.49> <CoreInst = "Adder">   --->   Core 1 'Adder' <Latency = 0> <II = 1> <Delay = 2.49> <FuncUnit> <Opcode : 'add' 'sub'> <InPorts = 2> <OutPorts = 1>
ST_5 : Operation 210 [1/1] (0.00ns)   --->   "%shl_ln300_1 = bitconcatenate i32 @_ssdm_op_BitConcatenate.i32.i30.i2, i30 %add_ln300, i2 0" [/home/ulisses/Projects/ursa/src/core/shell.cpp:300]   --->   Operation 210 'bitconcatenate' 'shl_ln300_1' <Predicate = true> <Delay = 0.00>
ST_5 : Operation 211 [1/1] (2.55ns)   --->   "%addr_sa_c = add i32 %shl_ln300_1, i32 %addr_c0_read" [/home/ulisses/Projects/ursa/src/core/shell.cpp:300]   --->   Operation 211 'add' 'addr_sa_c' <Predicate = true> <Delay = 2.55> <CoreInst = "Adder">   --->   Core 1 'Adder' <Latency = 0> <II = 1> <Delay = 2.55> <FuncUnit> <Opcode : 'add' 'sub'> <InPorts = 2> <OutPorts = 1>

State 6 <SV = 5> <Delay = 0.00>
ST_6 : Operation 212 [1/2] (0.00ns)   --->   "%call_ln140 = call void @mxm_execute_ursa_Pipeline_VITIS_LOOP_284_3, i8 %bi, i8 %aw, i17 %sub24, i16 %b0_q_read, i16 %m_read, i16 %m_read, i32 %shl_ln21_1_mid2, i32 %addr_a0_read, i16 %shl_ln, i32 %addr_b0_read, i16 %shl_ln, i8 %mxm_execute_ursa_signed_char_unsigned_short_unsigned_char_unsigned_short_i_175, i8 %mxm_execute_ursa_signed_char_unsigned_short_unsigned_char_unsigned_short_i_182, i8 %mxm_execute_ursa_signed_char_unsigned_short_unsigned_char_unsigned_short_i_189, i8 %mxm_execute_ursa_signed_char_unsigned_short_unsigned_char_unsigned_short_i_196, i8 %mxm_execute_ursa_signed_char_unsigned_short_unsigned_char_unsigned_short_i_203, i8 %mxm_execute_ursa_signed_char_unsigned_short_unsigned_char_unsigned_short_i_210, i8 %mxm_execute_ursa_signed_char_unsigned_short_unsigned_char_unsigned_short_i_217, i8 %mxm_execute_ursa_signed_char_unsigned_short_unsigned_char_unsigned_short_i_224, i8 %mxm_execute_ursa_signed_char_unsigned_short_unsigned_char_unsigned_short_i_176, i8 %mxm_execute_ursa_signed_char_unsigned_short_unsigned_char_unsigned_short_i_183, i8 %mxm_execute_ursa_signed_char_unsigned_short_unsigned_char_unsigned_short_i_190, i8 %mxm_execute_ursa_signed_char_unsigned_short_unsigned_char_unsigned_short_i_197, i8 %mxm_execute_ursa_signed_char_unsigned_short_unsigned_char_unsigned_short_i_204, i8 %mxm_execute_ursa_signed_char_unsigned_short_unsigned_char_unsigned_short_i_211, i8 %mxm_execute_ursa_signed_char_unsigned_short_unsigned_char_unsigned_short_i_218, i8 %mxm_execute_ursa_signed_char_unsigned_short_unsigned_char_unsigned_short_i_225, i8 %mxm_execute_ursa_signed_char_unsigned_short_unsigned_char_unsigned_short_i_177, i8 %mxm_execute_ursa_signed_char_unsigned_short_unsigned_char_unsigned_short_i_184, i8 %mxm_execute_ursa_signed_char_unsigned_short_unsigned_char_unsigned_short_i_191, i8 %mxm_execute_ursa_signed_char_unsigned_short_unsigned_char_unsigned_short_i_198, i8 %mxm_execute_ursa_signed_char_unsigned_short_unsigned_char_unsigned_short_i_205, i8 %mxm_execute_ursa_signed_char_unsigned_short_unsigned_char_unsigned_short_i_212, i8 %mxm_execute_ursa_signed_char_unsigned_short_unsigned_char_unsigned_short_i_219, i8 %mxm_execute_ursa_signed_char_unsigned_short_unsigned_char_unsigned_short_i_226, i8 %mxm_execute_ursa_signed_char_unsigned_short_unsigned_char_unsigned_short_i_178, i8 %mxm_execute_ursa_signed_char_unsigned_short_unsigned_char_unsigned_short_i_185, i8 %mxm_execute_ursa_signed_char_unsigned_short_unsigned_char_unsigned_short_i_192, i8 %mxm_execute_ursa_signed_char_unsigned_short_unsigned_char_unsigned_short_i_199, i8 %mxm_execute_ursa_signed_char_unsigned_short_unsigned_char_unsigned_short_i_206, i8 %mxm_execute_ursa_signed_char_unsigned_short_unsigned_char_unsigned_short_i_213, i8 %mxm_execute_ursa_signed_char_unsigned_short_unsigned_char_unsigned_short_i_220, i8 %mxm_execute_ursa_signed_char_unsigned_short_unsigned_char_unsigned_short_i_227, i8 %mxm_execute_ursa_signed_char_unsigned_short_unsigned_char_unsigned_short_i_179, i8 %mxm_execute_ursa_signed_char_unsigned_short_unsigned_char_unsigned_short_i_186, i8 %mxm_execute_ursa_signed_char_unsigned_short_unsigned_char_unsigned_short_i_193, i8 %mxm_execute_ursa_signed_char_unsigned_short_unsigned_char_unsigned_short_i_200, i8 %mxm_execute_ursa_signed_char_unsigned_short_unsigned_char_unsigned_short_i_207, i8 %mxm_execute_ursa_signed_char_unsigned_short_unsigned_char_unsigned_short_i_214, i8 %mxm_execute_ursa_signed_char_unsigned_short_unsigned_char_unsigned_short_i_221, i8 %mxm_execute_ursa_signed_char_unsigned_short_unsigned_char_unsigned_short_i_228, i8 %mxm_execute_ursa_signed_char_unsigned_short_unsigned_char_unsigned_short_i_180, i8 %mxm_execute_ursa_signed_char_unsigned_short_unsigned_char_unsigned_short_i_187, i8 %mxm_execute_ursa_signed_char_unsigned_short_unsigned_char_unsigned_short_i_194, i8 %mxm_execute_ursa_signed_char_unsigned_short_unsigned_char_unsigned_short_i_201, i8 %mxm_execute_ursa_signed_char_unsigned_short_unsigned_char_unsigned_short_i_208, i8 %mxm_execute_ursa_signed_char_unsigned_short_unsigned_char_unsigned_short_i_215, i8 %mxm_execute_ursa_signed_char_unsigned_short_unsigned_char_unsigned_short_i_222, i8 %mxm_execute_ursa_signed_char_unsigned_short_unsigned_char_unsigned_short_i_229, i8 %mxm_execute_ursa_signed_char_unsigned_short_unsigned_char_unsigned_short_i_181, i8 %mxm_execute_ursa_signed_char_unsigned_short_unsigned_char_unsigned_short_i_188, i8 %mxm_execute_ursa_signed_char_unsigned_short_unsigned_char_unsigned_short_i_195, i8 %mxm_execute_ursa_signed_char_unsigned_short_unsigned_char_unsigned_short_i_202, i8 %mxm_execute_ursa_signed_char_unsigned_short_unsigned_char_unsigned_short_i_209, i8 %mxm_execute_ursa_signed_char_unsigned_short_unsigned_char_unsigned_short_i_216, i8 %mxm_execute_ursa_signed_char_unsigned_short_unsigned_char_unsigned_short_i_223, i8 %mxm_execute_ursa_signed_char_unsigned_short_unsigned_char_unsigned_short_i_230, i8 %mxm_execute_ursa_signed_char_unsigned_short_unsigned_char_unsigned_short_i_231, i8 %mxm_execute_ursa_signed_char_unsigned_short_unsigned_char_unsigned_short_i_232, i8 %mxm_execute_ursa_signed_char_unsigned_short_unsigned_char_unsigned_short_i_233, i8 %mxm_execute_ursa_signed_char_unsigned_short_unsigned_char_unsigned_short_i_234, i8 %mxm_execute_ursa_signed_char_unsigned_short_unsigned_char_unsigned_short_i_235, i8 %mxm_execute_ursa_signed_char_unsigned_short_unsigned_char_unsigned_short_i_236, i8 %mxm_execute_ursa_signed_char_unsigned_short_unsigned_char_unsigned_short_i_237, i8 %mxm_execute_ursa_signed_char_unsigned_short_unsigned_char_unsigned_short_i_238, i8 %mxm_execute_ursa_signed_char_unsigned_short_unsigned_char_unsigned_short_i_239, i8 %mxm_execute_ursa_signed_char_unsigned_short_unsigned_char_unsigned_short_i_240, i8 %mxm_execute_ursa_signed_char_unsigned_short_unsigned_char_unsigned_short_i_241, i8 %mxm_execute_ursa_signed_char_unsigned_short_unsigned_char_unsigned_short_i_242, i8 %mxm_execute_ursa_signed_char_unsigned_short_unsigned_char_unsigned_short_i_243, i8 %mxm_execute_ursa_signed_char_unsigned_short_unsigned_char_unsigned_short_i_244, i8 %mxm_execute_ursa_signed_char_unsigned_short_unsigned_char_unsigned_short_i_245, i8 %mxm_execute_ursa_signed_char_unsigned_short_unsigned_char_unsigned_short_i_246, i8 %mxm_execute_ursa_signed_char_unsigned_short_unsigned_char_unsigned_short_i_247, i8 %mxm_execute_ursa_signed_char_unsigned_short_unsigned_char_unsigned_short_i_248, i8 %mxm_execute_ursa_signed_char_unsigned_short_unsigned_char_unsigned_short_i_249, i8 %mxm_execute_ursa_signed_char_unsigned_short_unsigned_char_unsigned_short_i_250, i8 %mxm_execute_ursa_signed_char_unsigned_short_unsigned_char_unsigned_short_i_99, i8 %mxm_execute_ursa_signed_char_unsigned_short_unsigned_char_unsigned_short_i_98, i8 %mxm_execute_ursa_signed_char_unsigned_short_unsigned_char_unsigned_short_i_97, i8 %mxm_execute_ursa_signed_char_unsigned_short_unsigned_char_unsigned_short_i_96, i8 %mxm_execute_ursa_signed_char_unsigned_short_unsigned_char_unsigned_short_i_95, i8 %mxm_execute_ursa_signed_char_unsigned_short_unsigned_char_unsigned_short_i_94, i8 %mxm_execute_ursa_signed_char_unsigned_short_unsigned_char_unsigned_short_i_93, i8 %mxm_execute_ursa_signed_char_unsigned_short_unsigned_char_unsigned_short_i_92, i8 %mxm_execute_ursa_signed_char_unsigned_short_unsigned_char_unsigned_short_i_91, i8 %mxm_execute_ursa_signed_char_unsigned_short_unsigned_char_unsigned_short_i_90, i8 %mxm_execute_ursa_signed_char_unsigned_short_unsigned_char_unsigned_short_i_89, i8 %mxm_execute_ursa_signed_char_unsigned_short_unsigned_char_unsigned_short_i_88, i8 %mxm_execute_ursa_signed_char_unsigned_short_unsigned_char_unsigned_short_i_87, i8 %mxm_execute_ursa_signed_char_unsigned_short_unsigned_char_unsigned_short_i_86, i8 %mxm_execute_ursa_signed_char_unsigned_short_unsigned_char_unsigned_short_i_85, i8 %mxm_execute_ursa_signed_char_unsigned_short_unsigned_char_unsigned_short_i_84, i8 %mxm_execute_ursa_signed_char_unsigned_short_unsigned_char_unsigned_short_i_83, i8 %mxm_execute_ursa_signed_char_unsigned_short_unsigned_char_unsigned_short_i_82, i8 %mxm_execute_ursa_signed_char_unsigned_short_unsigned_char_unsigned_short_i_81, i8 %mxm_execute_ursa_signed_char_unsigned_short_unsigned_char_unsigned_short_i_80, i8 %mxm_execute_ursa_signed_char_unsigned_short_unsigned_char_unsigned_short_i_79, i8 %mxm_execute_ursa_signed_char_unsigned_short_unsigned_char_unsigned_short_i_78, i8 %mxm_execute_ursa_signed_char_unsigned_short_unsigned_char_unsigned_short_i_77, i8 %mxm_execute_ursa_signed_char_unsigned_short_unsigned_char_unsigned_short_i_76, i8 %mxm_execute_ursa_signed_char_unsigned_short_unsigned_char_unsigned_short_i_75, i8 %mxm_execute_ursa_signed_char_unsigned_short_unsigned_char_unsigned_short_i_74, i8 %mxm_execute_ursa_signed_char_unsigned_short_unsigned_char_unsigned_short_i_73, i8 %mxm_execute_ursa_signed_char_unsigned_short_unsigned_char_unsigned_short_i_72, i8 %mxm_execute_ursa_signed_char_unsigned_short_unsigned_char_unsigned_short_i_71, i8 %mxm_execute_ursa_signed_char_unsigned_short_unsigned_char_unsigned_short_i_70, i8 %mxm_execute_ursa_signed_char_unsigned_short_unsigned_char_unsigned_short_i_69, i8 %mxm_execute_ursa_signed_char_unsigned_short_unsigned_char_unsigned_short_i_68, i8 %mxm_execute_ursa_signed_char_unsigned_short_unsigned_char_unsigned_short_i_67, i8 %mxm_execute_ursa_signed_char_unsigned_short_unsigned_char_unsigned_short_i_66, i8 %mxm_execute_ursa_signed_char_unsigned_short_unsigned_char_unsigned_short_i_65, i8 %mxm_execute_ursa_signed_char_unsigned_short_unsigned_char_unsigned_short_i_64, i20 %mxm_execute_ursa_signed_char_unsigned_short_unsigned_char_unsigned_short_i_63, i20 %mxm_execute_ursa_signed_char_unsigned_short_unsigned_char_unsigned_short_i_62, i20 %mxm_execute_ursa_signed_char_unsigned_short_unsigned_char_unsigned_short_i_61, i20 %mxm_execute_ursa_signed_char_unsigned_short_unsigned_char_unsigned_short_i_60, i20 %mxm_execute_ursa_signed_char_unsigned_short_unsigned_char_unsigned_short_i_59, i20 %mxm_execute_ursa_signed_char_unsigned_short_unsigned_char_unsigned_short_i_58, i20 %mxm_execute_ursa_signed_char_unsigned_short_unsigned_char_unsigned_short_i_57, i20 %mxm_execute_ursa_signed_char_unsigned_short_unsigned_char_unsigned_short_i_56, i20 %mxm_execute_ursa_signed_char_unsigned_short_unsigned_char_unsigned_short_i_55, i20 %mxm_execute_ursa_signed_char_unsigned_short_unsigned_char_unsigned_short_i_54, i20 %mxm_execute_ursa_signed_char_unsigned_short_unsigned_char_unsigned_short_i_53, i20 %mxm_execute_ursa_signed_char_unsigned_short_unsigned_char_unsigned_short_i_52, i20 %mxm_execute_ursa_signed_char_unsigned_short_unsigned_char_unsigned_short_i_51, i20 %mxm_execute_ursa_signed_char_unsigned_short_unsigned_char_unsigned_short_i_50, i20 %mxm_execute_ursa_signed_char_unsigned_short_unsigned_char_unsigned_short_i_49, i20 %mxm_execute_ursa_signed_char_unsigned_short_unsigned_char_unsigned_short_i_48, i20 %mxm_execute_ursa_signed_char_unsigned_short_unsigned_char_unsigned_short_i_47, i20 %mxm_execute_ursa_signed_char_unsigned_short_unsigned_char_unsigned_short_i_46, i20 %mxm_execute_ursa_signed_char_unsigned_short_unsigned_char_unsigned_short_i_45, i20 %mxm_execute_ursa_signed_char_unsigned_short_unsigned_char_unsigned_short_i_44, i20 %mxm_execute_ursa_signed_char_unsigned_short_unsigned_char_unsigned_short_i_43, i20 %mxm_execute_ursa_signed_char_unsigned_short_unsigned_char_unsigned_short_i_42, i20 %mxm_execute_ursa_signed_char_unsigned_short_unsigned_char_unsigned_short_i_41, i20 %mxm_execute_ursa_signed_char_unsigned_short_unsigned_char_unsigned_short_i_40, i20 %mxm_execute_ursa_signed_char_unsigned_short_unsigned_char_unsigned_short_i_39, i20 %mxm_execute_ursa_signed_char_unsigned_short_unsigned_char_unsigned_short_i_38, i20 %mxm_execute_ursa_signed_char_unsigned_short_unsigned_char_unsigned_short_i_37, i20 %mxm_execute_ursa_signed_char_unsigned_short_unsigned_char_unsigned_short_i_36, i20 %mxm_execute_ursa_signed_char_unsigned_short_unsigned_char_unsigned_short_i_35, i20 %mxm_execute_ursa_signed_char_unsigned_short_unsigned_char_unsigned_short_i_34, i20 %mxm_execute_ursa_signed_char_unsigned_short_unsigned_char_unsigned_short_i_33, i20 %mxm_execute_ursa_signed_char_unsigned_short_unsigned_char_unsigned_short_i_32, i20 %mxm_execute_ursa_signed_char_unsigned_short_unsigned_char_unsigned_short_i_31, i20 %mxm_execute_ursa_signed_char_unsigned_short_unsigned_char_unsigned_short_i_30, i20 %mxm_execute_ursa_signed_char_unsigned_short_unsigned_char_unsigned_short_i_29, i20 %mxm_execute_ursa_signed_char_unsigned_short_unsigned_char_unsigned_short_i_28, i20 %mxm_execute_ursa_signed_char_unsigned_short_unsigned_char_unsigned_short_i_27, i20 %mxm_execute_ursa_signed_char_unsigned_short_unsigned_char_unsigned_short_i_26, i20 %mxm_execute_ursa_signed_char_unsigned_short_unsigned_char_unsigned_short_i_25, i20 %mxm_execute_ursa_signed_char_unsigned_short_unsigned_char_unsigned_short_i_24, i20 %mxm_execute_ursa_signed_char_unsigned_short_unsigned_char_unsigned_short_i_23, i20 %mxm_execute_ursa_signed_char_unsigned_short_unsigned_char_unsigned_short_i_22, i20 %mxm_execute_ursa_signed_char_unsigned_short_unsigned_char_unsigned_short_i_21, i20 %mxm_execute_ursa_signed_char_unsigned_short_unsigned_char_unsigned_short_i_20, i20 %mxm_execute_ursa_signed_char_unsigned_short_unsigned_char_unsigned_short_i_19, i20 %mxm_execute_ursa_signed_char_unsigned_short_unsigned_char_unsigned_short_i_18, i20 %mxm_execute_ursa_signed_char_unsigned_short_unsigned_char_unsigned_short_i_17, i20 %mxm_execute_ursa_signed_char_unsigned_short_unsigned_char_unsigned_short_i_16, i20 %mxm_execute_ursa_signed_char_unsigned_short_unsigned_char_unsigned_short_i_15, i20 %mxm_execute_ursa_signed_char_unsigned_short_unsigned_char_unsigned_short_i_14, i20 %mxm_execute_ursa_signed_char_unsigned_short_unsigned_char_unsigned_short_i_13, i20 %mxm_execute_ursa_signed_char_unsigned_short_unsigned_char_unsigned_short_i_12, i20 %mxm_execute_ursa_signed_char_unsigned_short_unsigned_char_unsigned_short_i_11, i20 %mxm_execute_ursa_signed_char_unsigned_short_unsigned_char_unsigned_short_i_10, i20 %mxm_execute_ursa_signed_char_unsigned_short_unsigned_char_unsigned_short_i_9, i20 %mxm_execute_ursa_signed_char_unsigned_short_unsigned_char_unsigned_short_i_8, i20 %mxm_execute_ursa_signed_char_unsigned_short_unsigned_char_unsigned_short_i_7, i20 %mxm_execute_ursa_signed_char_unsigned_short_unsigned_char_unsigned_short_i_6, i20 %mxm_execute_ursa_signed_char_unsigned_short_unsigned_char_unsigned_short_i_5, i20 %mxm_execute_ursa_signed_char_unsigned_short_unsigned_char_unsigned_short_i_4, i20 %mxm_execute_ursa_signed_char_unsigned_short_unsigned_char_unsigned_short_i_3, i20 %mxm_execute_ursa_signed_char_unsigned_short_unsigned_char_unsigned_short_i_2, i20 %mxm_execute_ursa_signed_char_unsigned_short_unsigned_char_unsigned_short_i_1, i20 %mxm_execute_ursa_signed_char_unsigned_short_unsigned_char_unsigned_short_i" [/home/ulisses/Projects/ursa/src/core/shell.cpp:140]   --->   Operation 212 'call' 'call_ln140' <Predicate = true> <Delay = 0.00> <CoreType = "Generic">   --->   Core 0 '' <Latency = 0> <II = 1> <Delay = 1.00> <Generic> <Opcode : >

State 7 <SV = 6> <Delay = 0.00>

State 8 <SV = 7> <Delay = 0.00>

State 9 <SV = 8> <Delay = 0.00>

State 10 <SV = 9> <Delay = 0.00>

State 11 <SV = 10> <Delay = 0.00>

State 12 <SV = 11> <Delay = 0.00>

State 13 <SV = 12> <Delay = 0.00>

State 14 <SV = 13> <Delay = 0.00>

State 15 <SV = 14> <Delay = 0.00>

State 16 <SV = 15> <Delay = 0.00>

State 17 <SV = 16> <Delay = 0.00>

State 18 <SV = 17> <Delay = 0.00>

State 19 <SV = 18> <Delay = 0.00>

State 20 <SV = 19> <Delay = 0.00>

State 21 <SV = 20> <Delay = 0.00>

State 22 <SV = 21> <Delay = 0.00>

State 23 <SV = 22> <Delay = 0.00>

State 24 <SV = 23> <Delay = 0.00>

State 25 <SV = 24> <Delay = 0.00>

State 26 <SV = 25> <Delay = 0.00>

State 27 <SV = 26> <Delay = 0.00>

State 28 <SV = 27> <Delay = 0.00>

State 29 <SV = 28> <Delay = 0.00>

State 30 <SV = 29> <Delay = 0.00>

State 31 <SV = 30> <Delay = 0.00>

State 32 <SV = 31> <Delay = 0.00>

State 33 <SV = 32> <Delay = 0.00>

State 34 <SV = 33> <Delay = 0.00>

State 35 <SV = 34> <Delay = 0.00>

State 36 <SV = 35> <Delay = 0.00>

State 37 <SV = 36> <Delay = 0.00>

State 38 <SV = 37> <Delay = 0.00>

State 39 <SV = 38> <Delay = 0.00>

State 40 <SV = 39> <Delay = 0.00>

State 41 <SV = 40> <Delay = 0.00>

State 42 <SV = 41> <Delay = 0.00>

State 43 <SV = 42> <Delay = 0.00>

State 44 <SV = 43> <Delay = 0.00>

State 45 <SV = 44> <Delay = 0.00>

State 46 <SV = 45> <Delay = 0.00>

State 47 <SV = 46> <Delay = 0.00>

State 48 <SV = 47> <Delay = 0.00>

State 49 <SV = 48> <Delay = 0.00>

State 50 <SV = 49> <Delay = 0.00>

State 51 <SV = 50> <Delay = 0.00>

State 52 <SV = 51> <Delay = 0.00>

State 53 <SV = 52> <Delay = 0.00>

State 54 <SV = 53> <Delay = 0.00>

State 55 <SV = 54> <Delay = 0.00>

State 56 <SV = 55> <Delay = 0.00>

State 57 <SV = 56> <Delay = 0.00>

State 58 <SV = 57> <Delay = 0.00>

State 59 <SV = 58> <Delay = 0.00>

State 60 <SV = 59> <Delay = 0.00>

State 61 <SV = 60> <Delay = 0.00>

State 62 <SV = 61> <Delay = 0.00>

State 63 <SV = 62> <Delay = 0.00>

State 64 <SV = 63> <Delay = 0.00>

State 65 <SV = 64> <Delay = 7.30>
ST_65 : Operation 213 [70/70] (7.30ns)   --->   "%call_ln301 = call void @sa_store, i32 %ca, i32 %addr_sa_c, i16 %b0_q_read, i20 %mxm_execute_ursa_signed_char_unsigned_short_unsigned_char_unsigned_short_i_63, i20 %mxm_execute_ursa_signed_char_unsigned_short_unsigned_char_unsigned_short_i_62, i20 %mxm_execute_ursa_signed_char_unsigned_short_unsigned_char_unsigned_short_i_61, i20 %mxm_execute_ursa_signed_char_unsigned_short_unsigned_char_unsigned_short_i_60, i20 %mxm_execute_ursa_signed_char_unsigned_short_unsigned_char_unsigned_short_i_59, i20 %mxm_execute_ursa_signed_char_unsigned_short_unsigned_char_unsigned_short_i_58, i20 %mxm_execute_ursa_signed_char_unsigned_short_unsigned_char_unsigned_short_i_57, i20 %mxm_execute_ursa_signed_char_unsigned_short_unsigned_char_unsigned_short_i_56, i20 %mxm_execute_ursa_signed_char_unsigned_short_unsigned_char_unsigned_short_i_55, i20 %mxm_execute_ursa_signed_char_unsigned_short_unsigned_char_unsigned_short_i_54, i20 %mxm_execute_ursa_signed_char_unsigned_short_unsigned_char_unsigned_short_i_53, i20 %mxm_execute_ursa_signed_char_unsigned_short_unsigned_char_unsigned_short_i_52, i20 %mxm_execute_ursa_signed_char_unsigned_short_unsigned_char_unsigned_short_i_51, i20 %mxm_execute_ursa_signed_char_unsigned_short_unsigned_char_unsigned_short_i_50, i20 %mxm_execute_ursa_signed_char_unsigned_short_unsigned_char_unsigned_short_i_49, i20 %mxm_execute_ursa_signed_char_unsigned_short_unsigned_char_unsigned_short_i_48, i20 %mxm_execute_ursa_signed_char_unsigned_short_unsigned_char_unsigned_short_i_47, i20 %mxm_execute_ursa_signed_char_unsigned_short_unsigned_char_unsigned_short_i_46, i20 %mxm_execute_ursa_signed_char_unsigned_short_unsigned_char_unsigned_short_i_45, i20 %mxm_execute_ursa_signed_char_unsigned_short_unsigned_char_unsigned_short_i_44, i20 %mxm_execute_ursa_signed_char_unsigned_short_unsigned_char_unsigned_short_i_43, i20 %mxm_execute_ursa_signed_char_unsigned_short_unsigned_char_unsigned_short_i_42, i20 %mxm_execute_ursa_signed_char_unsigned_short_unsigned_char_unsigned_short_i_41, i20 %mxm_execute_ursa_signed_char_unsigned_short_unsigned_char_unsigned_short_i_40, i20 %mxm_execute_ursa_signed_char_unsigned_short_unsigned_char_unsigned_short_i_39, i20 %mxm_execute_ursa_signed_char_unsigned_short_unsigned_char_unsigned_short_i_38, i20 %mxm_execute_ursa_signed_char_unsigned_short_unsigned_char_unsigned_short_i_37, i20 %mxm_execute_ursa_signed_char_unsigned_short_unsigned_char_unsigned_short_i_36, i20 %mxm_execute_ursa_signed_char_unsigned_short_unsigned_char_unsigned_short_i_35, i20 %mxm_execute_ursa_signed_char_unsigned_short_unsigned_char_unsigned_short_i_34, i20 %mxm_execute_ursa_signed_char_unsigned_short_unsigned_char_unsigned_short_i_33, i20 %mxm_execute_ursa_signed_char_unsigned_short_unsigned_char_unsigned_short_i_32, i20 %mxm_execute_ursa_signed_char_unsigned_short_unsigned_char_unsigned_short_i_31, i20 %mxm_execute_ursa_signed_char_unsigned_short_unsigned_char_unsigned_short_i_30, i20 %mxm_execute_ursa_signed_char_unsigned_short_unsigned_char_unsigned_short_i_29, i20 %mxm_execute_ursa_signed_char_unsigned_short_unsigned_char_unsigned_short_i_28, i20 %mxm_execute_ursa_signed_char_unsigned_short_unsigned_char_unsigned_short_i_27, i20 %mxm_execute_ursa_signed_char_unsigned_short_unsigned_char_unsigned_short_i_26, i20 %mxm_execute_ursa_signed_char_unsigned_short_unsigned_char_unsigned_short_i_25, i20 %mxm_execute_ursa_signed_char_unsigned_short_unsigned_char_unsigned_short_i_24, i20 %mxm_execute_ursa_signed_char_unsigned_short_unsigned_char_unsigned_short_i_23, i20 %mxm_execute_ursa_signed_char_unsigned_short_unsigned_char_unsigned_short_i_22, i20 %mxm_execute_ursa_signed_char_unsigned_short_unsigned_char_unsigned_short_i_21, i20 %mxm_execute_ursa_signed_char_unsigned_short_unsigned_char_unsigned_short_i_20, i20 %mxm_execute_ursa_signed_char_unsigned_short_unsigned_char_unsigned_short_i_19, i20 %mxm_execute_ursa_signed_char_unsigned_short_unsigned_char_unsigned_short_i_18, i20 %mxm_execute_ursa_signed_char_unsigned_short_unsigned_char_unsigned_short_i_17, i20 %mxm_execute_ursa_signed_char_unsigned_short_unsigned_char_unsigned_short_i_16, i20 %mxm_execute_ursa_signed_char_unsigned_short_unsigned_char_unsigned_short_i_15, i20 %mxm_execute_ursa_signed_char_unsigned_short_unsigned_char_unsigned_short_i_14, i20 %mxm_execute_ursa_signed_char_unsigned_short_unsigned_char_unsigned_short_i_13, i20 %mxm_execute_ursa_signed_char_unsigned_short_unsigned_char_unsigned_short_i_12, i20 %mxm_execute_ursa_signed_char_unsigned_short_unsigned_char_unsigned_short_i_11, i20 %mxm_execute_ursa_signed_char_unsigned_short_unsigned_char_unsigned_short_i_10, i20 %mxm_execute_ursa_signed_char_unsigned_short_unsigned_char_unsigned_short_i_9, i20 %mxm_execute_ursa_signed_char_unsigned_short_unsigned_char_unsigned_short_i_8, i20 %mxm_execute_ursa_signed_char_unsigned_short_unsigned_char_unsigned_short_i_7, i20 %mxm_execute_ursa_signed_char_unsigned_short_unsigned_char_unsigned_short_i_6, i20 %mxm_execute_ursa_signed_char_unsigned_short_unsigned_char_unsigned_short_i_5, i20 %mxm_execute_ursa_signed_char_unsigned_short_unsigned_char_unsigned_short_i_4, i20 %mxm_execute_ursa_signed_char_unsigned_short_unsigned_char_unsigned_short_i_3, i20 %mxm_execute_ursa_signed_char_unsigned_short_unsigned_char_unsigned_short_i_2, i20 %mxm_execute_ursa_signed_char_unsigned_short_unsigned_char_unsigned_short_i_1, i20 %mxm_execute_ursa_signed_char_unsigned_short_unsigned_char_unsigned_short_i" [/home/ulisses/Projects/ursa/src/core/shell.cpp:301]   --->   Operation 213 'call' 'call_ln301' <Predicate = true> <Delay = 7.30> <CoreType = "Generic">   --->   Core 0 '' <Latency = 0> <II = 1> <Delay = 1.00> <Generic> <Opcode : >

State 66 <SV = 65> <Delay = 0.00>
ST_66 : Operation 214 [69/70] (0.00ns)   --->   "%call_ln301 = call void @sa_store, i32 %ca, i32 %addr_sa_c, i16 %b0_q_read, i20 %mxm_execute_ursa_signed_char_unsigned_short_unsigned_char_unsigned_short_i_63, i20 %mxm_execute_ursa_signed_char_unsigned_short_unsigned_char_unsigned_short_i_62, i20 %mxm_execute_ursa_signed_char_unsigned_short_unsigned_char_unsigned_short_i_61, i20 %mxm_execute_ursa_signed_char_unsigned_short_unsigned_char_unsigned_short_i_60, i20 %mxm_execute_ursa_signed_char_unsigned_short_unsigned_char_unsigned_short_i_59, i20 %mxm_execute_ursa_signed_char_unsigned_short_unsigned_char_unsigned_short_i_58, i20 %mxm_execute_ursa_signed_char_unsigned_short_unsigned_char_unsigned_short_i_57, i20 %mxm_execute_ursa_signed_char_unsigned_short_unsigned_char_unsigned_short_i_56, i20 %mxm_execute_ursa_signed_char_unsigned_short_unsigned_char_unsigned_short_i_55, i20 %mxm_execute_ursa_signed_char_unsigned_short_unsigned_char_unsigned_short_i_54, i20 %mxm_execute_ursa_signed_char_unsigned_short_unsigned_char_unsigned_short_i_53, i20 %mxm_execute_ursa_signed_char_unsigned_short_unsigned_char_unsigned_short_i_52, i20 %mxm_execute_ursa_signed_char_unsigned_short_unsigned_char_unsigned_short_i_51, i20 %mxm_execute_ursa_signed_char_unsigned_short_unsigned_char_unsigned_short_i_50, i20 %mxm_execute_ursa_signed_char_unsigned_short_unsigned_char_unsigned_short_i_49, i20 %mxm_execute_ursa_signed_char_unsigned_short_unsigned_char_unsigned_short_i_48, i20 %mxm_execute_ursa_signed_char_unsigned_short_unsigned_char_unsigned_short_i_47, i20 %mxm_execute_ursa_signed_char_unsigned_short_unsigned_char_unsigned_short_i_46, i20 %mxm_execute_ursa_signed_char_unsigned_short_unsigned_char_unsigned_short_i_45, i20 %mxm_execute_ursa_signed_char_unsigned_short_unsigned_char_unsigned_short_i_44, i20 %mxm_execute_ursa_signed_char_unsigned_short_unsigned_char_unsigned_short_i_43, i20 %mxm_execute_ursa_signed_char_unsigned_short_unsigned_char_unsigned_short_i_42, i20 %mxm_execute_ursa_signed_char_unsigned_short_unsigned_char_unsigned_short_i_41, i20 %mxm_execute_ursa_signed_char_unsigned_short_unsigned_char_unsigned_short_i_40, i20 %mxm_execute_ursa_signed_char_unsigned_short_unsigned_char_unsigned_short_i_39, i20 %mxm_execute_ursa_signed_char_unsigned_short_unsigned_char_unsigned_short_i_38, i20 %mxm_execute_ursa_signed_char_unsigned_short_unsigned_char_unsigned_short_i_37, i20 %mxm_execute_ursa_signed_char_unsigned_short_unsigned_char_unsigned_short_i_36, i20 %mxm_execute_ursa_signed_char_unsigned_short_unsigned_char_unsigned_short_i_35, i20 %mxm_execute_ursa_signed_char_unsigned_short_unsigned_char_unsigned_short_i_34, i20 %mxm_execute_ursa_signed_char_unsigned_short_unsigned_char_unsigned_short_i_33, i20 %mxm_execute_ursa_signed_char_unsigned_short_unsigned_char_unsigned_short_i_32, i20 %mxm_execute_ursa_signed_char_unsigned_short_unsigned_char_unsigned_short_i_31, i20 %mxm_execute_ursa_signed_char_unsigned_short_unsigned_char_unsigned_short_i_30, i20 %mxm_execute_ursa_signed_char_unsigned_short_unsigned_char_unsigned_short_i_29, i20 %mxm_execute_ursa_signed_char_unsigned_short_unsigned_char_unsigned_short_i_28, i20 %mxm_execute_ursa_signed_char_unsigned_short_unsigned_char_unsigned_short_i_27, i20 %mxm_execute_ursa_signed_char_unsigned_short_unsigned_char_unsigned_short_i_26, i20 %mxm_execute_ursa_signed_char_unsigned_short_unsigned_char_unsigned_short_i_25, i20 %mxm_execute_ursa_signed_char_unsigned_short_unsigned_char_unsigned_short_i_24, i20 %mxm_execute_ursa_signed_char_unsigned_short_unsigned_char_unsigned_short_i_23, i20 %mxm_execute_ursa_signed_char_unsigned_short_unsigned_char_unsigned_short_i_22, i20 %mxm_execute_ursa_signed_char_unsigned_short_unsigned_char_unsigned_short_i_21, i20 %mxm_execute_ursa_signed_char_unsigned_short_unsigned_char_unsigned_short_i_20, i20 %mxm_execute_ursa_signed_char_unsigned_short_unsigned_char_unsigned_short_i_19, i20 %mxm_execute_ursa_signed_char_unsigned_short_unsigned_char_unsigned_short_i_18, i20 %mxm_execute_ursa_signed_char_unsigned_short_unsigned_char_unsigned_short_i_17, i20 %mxm_execute_ursa_signed_char_unsigned_short_unsigned_char_unsigned_short_i_16, i20 %mxm_execute_ursa_signed_char_unsigned_short_unsigned_char_unsigned_short_i_15, i20 %mxm_execute_ursa_signed_char_unsigned_short_unsigned_char_unsigned_short_i_14, i20 %mxm_execute_ursa_signed_char_unsigned_short_unsigned_char_unsigned_short_i_13, i20 %mxm_execute_ursa_signed_char_unsigned_short_unsigned_char_unsigned_short_i_12, i20 %mxm_execute_ursa_signed_char_unsigned_short_unsigned_char_unsigned_short_i_11, i20 %mxm_execute_ursa_signed_char_unsigned_short_unsigned_char_unsigned_short_i_10, i20 %mxm_execute_ursa_signed_char_unsigned_short_unsigned_char_unsigned_short_i_9, i20 %mxm_execute_ursa_signed_char_unsigned_short_unsigned_char_unsigned_short_i_8, i20 %mxm_execute_ursa_signed_char_unsigned_short_unsigned_char_unsigned_short_i_7, i20 %mxm_execute_ursa_signed_char_unsigned_short_unsigned_char_unsigned_short_i_6, i20 %mxm_execute_ursa_signed_char_unsigned_short_unsigned_char_unsigned_short_i_5, i20 %mxm_execute_ursa_signed_char_unsigned_short_unsigned_char_unsigned_short_i_4, i20 %mxm_execute_ursa_signed_char_unsigned_short_unsigned_char_unsigned_short_i_3, i20 %mxm_execute_ursa_signed_char_unsigned_short_unsigned_char_unsigned_short_i_2, i20 %mxm_execute_ursa_signed_char_unsigned_short_unsigned_char_unsigned_short_i_1, i20 %mxm_execute_ursa_signed_char_unsigned_short_unsigned_char_unsigned_short_i" [/home/ulisses/Projects/ursa/src/core/shell.cpp:301]   --->   Operation 214 'call' 'call_ln301' <Predicate = true> <Delay = 0.00> <CoreType = "Generic">   --->   Core 0 '' <Latency = 0> <II = 1> <Delay = 1.00> <Generic> <Opcode : >

State 67 <SV = 66> <Delay = 0.00>
ST_67 : Operation 215 [68/70] (0.00ns)   --->   "%call_ln301 = call void @sa_store, i32 %ca, i32 %addr_sa_c, i16 %b0_q_read, i20 %mxm_execute_ursa_signed_char_unsigned_short_unsigned_char_unsigned_short_i_63, i20 %mxm_execute_ursa_signed_char_unsigned_short_unsigned_char_unsigned_short_i_62, i20 %mxm_execute_ursa_signed_char_unsigned_short_unsigned_char_unsigned_short_i_61, i20 %mxm_execute_ursa_signed_char_unsigned_short_unsigned_char_unsigned_short_i_60, i20 %mxm_execute_ursa_signed_char_unsigned_short_unsigned_char_unsigned_short_i_59, i20 %mxm_execute_ursa_signed_char_unsigned_short_unsigned_char_unsigned_short_i_58, i20 %mxm_execute_ursa_signed_char_unsigned_short_unsigned_char_unsigned_short_i_57, i20 %mxm_execute_ursa_signed_char_unsigned_short_unsigned_char_unsigned_short_i_56, i20 %mxm_execute_ursa_signed_char_unsigned_short_unsigned_char_unsigned_short_i_55, i20 %mxm_execute_ursa_signed_char_unsigned_short_unsigned_char_unsigned_short_i_54, i20 %mxm_execute_ursa_signed_char_unsigned_short_unsigned_char_unsigned_short_i_53, i20 %mxm_execute_ursa_signed_char_unsigned_short_unsigned_char_unsigned_short_i_52, i20 %mxm_execute_ursa_signed_char_unsigned_short_unsigned_char_unsigned_short_i_51, i20 %mxm_execute_ursa_signed_char_unsigned_short_unsigned_char_unsigned_short_i_50, i20 %mxm_execute_ursa_signed_char_unsigned_short_unsigned_char_unsigned_short_i_49, i20 %mxm_execute_ursa_signed_char_unsigned_short_unsigned_char_unsigned_short_i_48, i20 %mxm_execute_ursa_signed_char_unsigned_short_unsigned_char_unsigned_short_i_47, i20 %mxm_execute_ursa_signed_char_unsigned_short_unsigned_char_unsigned_short_i_46, i20 %mxm_execute_ursa_signed_char_unsigned_short_unsigned_char_unsigned_short_i_45, i20 %mxm_execute_ursa_signed_char_unsigned_short_unsigned_char_unsigned_short_i_44, i20 %mxm_execute_ursa_signed_char_unsigned_short_unsigned_char_unsigned_short_i_43, i20 %mxm_execute_ursa_signed_char_unsigned_short_unsigned_char_unsigned_short_i_42, i20 %mxm_execute_ursa_signed_char_unsigned_short_unsigned_char_unsigned_short_i_41, i20 %mxm_execute_ursa_signed_char_unsigned_short_unsigned_char_unsigned_short_i_40, i20 %mxm_execute_ursa_signed_char_unsigned_short_unsigned_char_unsigned_short_i_39, i20 %mxm_execute_ursa_signed_char_unsigned_short_unsigned_char_unsigned_short_i_38, i20 %mxm_execute_ursa_signed_char_unsigned_short_unsigned_char_unsigned_short_i_37, i20 %mxm_execute_ursa_signed_char_unsigned_short_unsigned_char_unsigned_short_i_36, i20 %mxm_execute_ursa_signed_char_unsigned_short_unsigned_char_unsigned_short_i_35, i20 %mxm_execute_ursa_signed_char_unsigned_short_unsigned_char_unsigned_short_i_34, i20 %mxm_execute_ursa_signed_char_unsigned_short_unsigned_char_unsigned_short_i_33, i20 %mxm_execute_ursa_signed_char_unsigned_short_unsigned_char_unsigned_short_i_32, i20 %mxm_execute_ursa_signed_char_unsigned_short_unsigned_char_unsigned_short_i_31, i20 %mxm_execute_ursa_signed_char_unsigned_short_unsigned_char_unsigned_short_i_30, i20 %mxm_execute_ursa_signed_char_unsigned_short_unsigned_char_unsigned_short_i_29, i20 %mxm_execute_ursa_signed_char_unsigned_short_unsigned_char_unsigned_short_i_28, i20 %mxm_execute_ursa_signed_char_unsigned_short_unsigned_char_unsigned_short_i_27, i20 %mxm_execute_ursa_signed_char_unsigned_short_unsigned_char_unsigned_short_i_26, i20 %mxm_execute_ursa_signed_char_unsigned_short_unsigned_char_unsigned_short_i_25, i20 %mxm_execute_ursa_signed_char_unsigned_short_unsigned_char_unsigned_short_i_24, i20 %mxm_execute_ursa_signed_char_unsigned_short_unsigned_char_unsigned_short_i_23, i20 %mxm_execute_ursa_signed_char_unsigned_short_unsigned_char_unsigned_short_i_22, i20 %mxm_execute_ursa_signed_char_unsigned_short_unsigned_char_unsigned_short_i_21, i20 %mxm_execute_ursa_signed_char_unsigned_short_unsigned_char_unsigned_short_i_20, i20 %mxm_execute_ursa_signed_char_unsigned_short_unsigned_char_unsigned_short_i_19, i20 %mxm_execute_ursa_signed_char_unsigned_short_unsigned_char_unsigned_short_i_18, i20 %mxm_execute_ursa_signed_char_unsigned_short_unsigned_char_unsigned_short_i_17, i20 %mxm_execute_ursa_signed_char_unsigned_short_unsigned_char_unsigned_short_i_16, i20 %mxm_execute_ursa_signed_char_unsigned_short_unsigned_char_unsigned_short_i_15, i20 %mxm_execute_ursa_signed_char_unsigned_short_unsigned_char_unsigned_short_i_14, i20 %mxm_execute_ursa_signed_char_unsigned_short_unsigned_char_unsigned_short_i_13, i20 %mxm_execute_ursa_signed_char_unsigned_short_unsigned_char_unsigned_short_i_12, i20 %mxm_execute_ursa_signed_char_unsigned_short_unsigned_char_unsigned_short_i_11, i20 %mxm_execute_ursa_signed_char_unsigned_short_unsigned_char_unsigned_short_i_10, i20 %mxm_execute_ursa_signed_char_unsigned_short_unsigned_char_unsigned_short_i_9, i20 %mxm_execute_ursa_signed_char_unsigned_short_unsigned_char_unsigned_short_i_8, i20 %mxm_execute_ursa_signed_char_unsigned_short_unsigned_char_unsigned_short_i_7, i20 %mxm_execute_ursa_signed_char_unsigned_short_unsigned_char_unsigned_short_i_6, i20 %mxm_execute_ursa_signed_char_unsigned_short_unsigned_char_unsigned_short_i_5, i20 %mxm_execute_ursa_signed_char_unsigned_short_unsigned_char_unsigned_short_i_4, i20 %mxm_execute_ursa_signed_char_unsigned_short_unsigned_char_unsigned_short_i_3, i20 %mxm_execute_ursa_signed_char_unsigned_short_unsigned_char_unsigned_short_i_2, i20 %mxm_execute_ursa_signed_char_unsigned_short_unsigned_char_unsigned_short_i_1, i20 %mxm_execute_ursa_signed_char_unsigned_short_unsigned_char_unsigned_short_i" [/home/ulisses/Projects/ursa/src/core/shell.cpp:301]   --->   Operation 215 'call' 'call_ln301' <Predicate = true> <Delay = 0.00> <CoreType = "Generic">   --->   Core 0 '' <Latency = 0> <II = 1> <Delay = 1.00> <Generic> <Opcode : >

State 68 <SV = 67> <Delay = 0.00>
ST_68 : Operation 216 [67/70] (0.00ns)   --->   "%call_ln301 = call void @sa_store, i32 %ca, i32 %addr_sa_c, i16 %b0_q_read, i20 %mxm_execute_ursa_signed_char_unsigned_short_unsigned_char_unsigned_short_i_63, i20 %mxm_execute_ursa_signed_char_unsigned_short_unsigned_char_unsigned_short_i_62, i20 %mxm_execute_ursa_signed_char_unsigned_short_unsigned_char_unsigned_short_i_61, i20 %mxm_execute_ursa_signed_char_unsigned_short_unsigned_char_unsigned_short_i_60, i20 %mxm_execute_ursa_signed_char_unsigned_short_unsigned_char_unsigned_short_i_59, i20 %mxm_execute_ursa_signed_char_unsigned_short_unsigned_char_unsigned_short_i_58, i20 %mxm_execute_ursa_signed_char_unsigned_short_unsigned_char_unsigned_short_i_57, i20 %mxm_execute_ursa_signed_char_unsigned_short_unsigned_char_unsigned_short_i_56, i20 %mxm_execute_ursa_signed_char_unsigned_short_unsigned_char_unsigned_short_i_55, i20 %mxm_execute_ursa_signed_char_unsigned_short_unsigned_char_unsigned_short_i_54, i20 %mxm_execute_ursa_signed_char_unsigned_short_unsigned_char_unsigned_short_i_53, i20 %mxm_execute_ursa_signed_char_unsigned_short_unsigned_char_unsigned_short_i_52, i20 %mxm_execute_ursa_signed_char_unsigned_short_unsigned_char_unsigned_short_i_51, i20 %mxm_execute_ursa_signed_char_unsigned_short_unsigned_char_unsigned_short_i_50, i20 %mxm_execute_ursa_signed_char_unsigned_short_unsigned_char_unsigned_short_i_49, i20 %mxm_execute_ursa_signed_char_unsigned_short_unsigned_char_unsigned_short_i_48, i20 %mxm_execute_ursa_signed_char_unsigned_short_unsigned_char_unsigned_short_i_47, i20 %mxm_execute_ursa_signed_char_unsigned_short_unsigned_char_unsigned_short_i_46, i20 %mxm_execute_ursa_signed_char_unsigned_short_unsigned_char_unsigned_short_i_45, i20 %mxm_execute_ursa_signed_char_unsigned_short_unsigned_char_unsigned_short_i_44, i20 %mxm_execute_ursa_signed_char_unsigned_short_unsigned_char_unsigned_short_i_43, i20 %mxm_execute_ursa_signed_char_unsigned_short_unsigned_char_unsigned_short_i_42, i20 %mxm_execute_ursa_signed_char_unsigned_short_unsigned_char_unsigned_short_i_41, i20 %mxm_execute_ursa_signed_char_unsigned_short_unsigned_char_unsigned_short_i_40, i20 %mxm_execute_ursa_signed_char_unsigned_short_unsigned_char_unsigned_short_i_39, i20 %mxm_execute_ursa_signed_char_unsigned_short_unsigned_char_unsigned_short_i_38, i20 %mxm_execute_ursa_signed_char_unsigned_short_unsigned_char_unsigned_short_i_37, i20 %mxm_execute_ursa_signed_char_unsigned_short_unsigned_char_unsigned_short_i_36, i20 %mxm_execute_ursa_signed_char_unsigned_short_unsigned_char_unsigned_short_i_35, i20 %mxm_execute_ursa_signed_char_unsigned_short_unsigned_char_unsigned_short_i_34, i20 %mxm_execute_ursa_signed_char_unsigned_short_unsigned_char_unsigned_short_i_33, i20 %mxm_execute_ursa_signed_char_unsigned_short_unsigned_char_unsigned_short_i_32, i20 %mxm_execute_ursa_signed_char_unsigned_short_unsigned_char_unsigned_short_i_31, i20 %mxm_execute_ursa_signed_char_unsigned_short_unsigned_char_unsigned_short_i_30, i20 %mxm_execute_ursa_signed_char_unsigned_short_unsigned_char_unsigned_short_i_29, i20 %mxm_execute_ursa_signed_char_unsigned_short_unsigned_char_unsigned_short_i_28, i20 %mxm_execute_ursa_signed_char_unsigned_short_unsigned_char_unsigned_short_i_27, i20 %mxm_execute_ursa_signed_char_unsigned_short_unsigned_char_unsigned_short_i_26, i20 %mxm_execute_ursa_signed_char_unsigned_short_unsigned_char_unsigned_short_i_25, i20 %mxm_execute_ursa_signed_char_unsigned_short_unsigned_char_unsigned_short_i_24, i20 %mxm_execute_ursa_signed_char_unsigned_short_unsigned_char_unsigned_short_i_23, i20 %mxm_execute_ursa_signed_char_unsigned_short_unsigned_char_unsigned_short_i_22, i20 %mxm_execute_ursa_signed_char_unsigned_short_unsigned_char_unsigned_short_i_21, i20 %mxm_execute_ursa_signed_char_unsigned_short_unsigned_char_unsigned_short_i_20, i20 %mxm_execute_ursa_signed_char_unsigned_short_unsigned_char_unsigned_short_i_19, i20 %mxm_execute_ursa_signed_char_unsigned_short_unsigned_char_unsigned_short_i_18, i20 %mxm_execute_ursa_signed_char_unsigned_short_unsigned_char_unsigned_short_i_17, i20 %mxm_execute_ursa_signed_char_unsigned_short_unsigned_char_unsigned_short_i_16, i20 %mxm_execute_ursa_signed_char_unsigned_short_unsigned_char_unsigned_short_i_15, i20 %mxm_execute_ursa_signed_char_unsigned_short_unsigned_char_unsigned_short_i_14, i20 %mxm_execute_ursa_signed_char_unsigned_short_unsigned_char_unsigned_short_i_13, i20 %mxm_execute_ursa_signed_char_unsigned_short_unsigned_char_unsigned_short_i_12, i20 %mxm_execute_ursa_signed_char_unsigned_short_unsigned_char_unsigned_short_i_11, i20 %mxm_execute_ursa_signed_char_unsigned_short_unsigned_char_unsigned_short_i_10, i20 %mxm_execute_ursa_signed_char_unsigned_short_unsigned_char_unsigned_short_i_9, i20 %mxm_execute_ursa_signed_char_unsigned_short_unsigned_char_unsigned_short_i_8, i20 %mxm_execute_ursa_signed_char_unsigned_short_unsigned_char_unsigned_short_i_7, i20 %mxm_execute_ursa_signed_char_unsigned_short_unsigned_char_unsigned_short_i_6, i20 %mxm_execute_ursa_signed_char_unsigned_short_unsigned_char_unsigned_short_i_5, i20 %mxm_execute_ursa_signed_char_unsigned_short_unsigned_char_unsigned_short_i_4, i20 %mxm_execute_ursa_signed_char_unsigned_short_unsigned_char_unsigned_short_i_3, i20 %mxm_execute_ursa_signed_char_unsigned_short_unsigned_char_unsigned_short_i_2, i20 %mxm_execute_ursa_signed_char_unsigned_short_unsigned_char_unsigned_short_i_1, i20 %mxm_execute_ursa_signed_char_unsigned_short_unsigned_char_unsigned_short_i" [/home/ulisses/Projects/ursa/src/core/shell.cpp:301]   --->   Operation 216 'call' 'call_ln301' <Predicate = true> <Delay = 0.00> <CoreType = "Generic">   --->   Core 0 '' <Latency = 0> <II = 1> <Delay = 1.00> <Generic> <Opcode : >

State 69 <SV = 68> <Delay = 0.00>
ST_69 : Operation 217 [66/70] (0.00ns)   --->   "%call_ln301 = call void @sa_store, i32 %ca, i32 %addr_sa_c, i16 %b0_q_read, i20 %mxm_execute_ursa_signed_char_unsigned_short_unsigned_char_unsigned_short_i_63, i20 %mxm_execute_ursa_signed_char_unsigned_short_unsigned_char_unsigned_short_i_62, i20 %mxm_execute_ursa_signed_char_unsigned_short_unsigned_char_unsigned_short_i_61, i20 %mxm_execute_ursa_signed_char_unsigned_short_unsigned_char_unsigned_short_i_60, i20 %mxm_execute_ursa_signed_char_unsigned_short_unsigned_char_unsigned_short_i_59, i20 %mxm_execute_ursa_signed_char_unsigned_short_unsigned_char_unsigned_short_i_58, i20 %mxm_execute_ursa_signed_char_unsigned_short_unsigned_char_unsigned_short_i_57, i20 %mxm_execute_ursa_signed_char_unsigned_short_unsigned_char_unsigned_short_i_56, i20 %mxm_execute_ursa_signed_char_unsigned_short_unsigned_char_unsigned_short_i_55, i20 %mxm_execute_ursa_signed_char_unsigned_short_unsigned_char_unsigned_short_i_54, i20 %mxm_execute_ursa_signed_char_unsigned_short_unsigned_char_unsigned_short_i_53, i20 %mxm_execute_ursa_signed_char_unsigned_short_unsigned_char_unsigned_short_i_52, i20 %mxm_execute_ursa_signed_char_unsigned_short_unsigned_char_unsigned_short_i_51, i20 %mxm_execute_ursa_signed_char_unsigned_short_unsigned_char_unsigned_short_i_50, i20 %mxm_execute_ursa_signed_char_unsigned_short_unsigned_char_unsigned_short_i_49, i20 %mxm_execute_ursa_signed_char_unsigned_short_unsigned_char_unsigned_short_i_48, i20 %mxm_execute_ursa_signed_char_unsigned_short_unsigned_char_unsigned_short_i_47, i20 %mxm_execute_ursa_signed_char_unsigned_short_unsigned_char_unsigned_short_i_46, i20 %mxm_execute_ursa_signed_char_unsigned_short_unsigned_char_unsigned_short_i_45, i20 %mxm_execute_ursa_signed_char_unsigned_short_unsigned_char_unsigned_short_i_44, i20 %mxm_execute_ursa_signed_char_unsigned_short_unsigned_char_unsigned_short_i_43, i20 %mxm_execute_ursa_signed_char_unsigned_short_unsigned_char_unsigned_short_i_42, i20 %mxm_execute_ursa_signed_char_unsigned_short_unsigned_char_unsigned_short_i_41, i20 %mxm_execute_ursa_signed_char_unsigned_short_unsigned_char_unsigned_short_i_40, i20 %mxm_execute_ursa_signed_char_unsigned_short_unsigned_char_unsigned_short_i_39, i20 %mxm_execute_ursa_signed_char_unsigned_short_unsigned_char_unsigned_short_i_38, i20 %mxm_execute_ursa_signed_char_unsigned_short_unsigned_char_unsigned_short_i_37, i20 %mxm_execute_ursa_signed_char_unsigned_short_unsigned_char_unsigned_short_i_36, i20 %mxm_execute_ursa_signed_char_unsigned_short_unsigned_char_unsigned_short_i_35, i20 %mxm_execute_ursa_signed_char_unsigned_short_unsigned_char_unsigned_short_i_34, i20 %mxm_execute_ursa_signed_char_unsigned_short_unsigned_char_unsigned_short_i_33, i20 %mxm_execute_ursa_signed_char_unsigned_short_unsigned_char_unsigned_short_i_32, i20 %mxm_execute_ursa_signed_char_unsigned_short_unsigned_char_unsigned_short_i_31, i20 %mxm_execute_ursa_signed_char_unsigned_short_unsigned_char_unsigned_short_i_30, i20 %mxm_execute_ursa_signed_char_unsigned_short_unsigned_char_unsigned_short_i_29, i20 %mxm_execute_ursa_signed_char_unsigned_short_unsigned_char_unsigned_short_i_28, i20 %mxm_execute_ursa_signed_char_unsigned_short_unsigned_char_unsigned_short_i_27, i20 %mxm_execute_ursa_signed_char_unsigned_short_unsigned_char_unsigned_short_i_26, i20 %mxm_execute_ursa_signed_char_unsigned_short_unsigned_char_unsigned_short_i_25, i20 %mxm_execute_ursa_signed_char_unsigned_short_unsigned_char_unsigned_short_i_24, i20 %mxm_execute_ursa_signed_char_unsigned_short_unsigned_char_unsigned_short_i_23, i20 %mxm_execute_ursa_signed_char_unsigned_short_unsigned_char_unsigned_short_i_22, i20 %mxm_execute_ursa_signed_char_unsigned_short_unsigned_char_unsigned_short_i_21, i20 %mxm_execute_ursa_signed_char_unsigned_short_unsigned_char_unsigned_short_i_20, i20 %mxm_execute_ursa_signed_char_unsigned_short_unsigned_char_unsigned_short_i_19, i20 %mxm_execute_ursa_signed_char_unsigned_short_unsigned_char_unsigned_short_i_18, i20 %mxm_execute_ursa_signed_char_unsigned_short_unsigned_char_unsigned_short_i_17, i20 %mxm_execute_ursa_signed_char_unsigned_short_unsigned_char_unsigned_short_i_16, i20 %mxm_execute_ursa_signed_char_unsigned_short_unsigned_char_unsigned_short_i_15, i20 %mxm_execute_ursa_signed_char_unsigned_short_unsigned_char_unsigned_short_i_14, i20 %mxm_execute_ursa_signed_char_unsigned_short_unsigned_char_unsigned_short_i_13, i20 %mxm_execute_ursa_signed_char_unsigned_short_unsigned_char_unsigned_short_i_12, i20 %mxm_execute_ursa_signed_char_unsigned_short_unsigned_char_unsigned_short_i_11, i20 %mxm_execute_ursa_signed_char_unsigned_short_unsigned_char_unsigned_short_i_10, i20 %mxm_execute_ursa_signed_char_unsigned_short_unsigned_char_unsigned_short_i_9, i20 %mxm_execute_ursa_signed_char_unsigned_short_unsigned_char_unsigned_short_i_8, i20 %mxm_execute_ursa_signed_char_unsigned_short_unsigned_char_unsigned_short_i_7, i20 %mxm_execute_ursa_signed_char_unsigned_short_unsigned_char_unsigned_short_i_6, i20 %mxm_execute_ursa_signed_char_unsigned_short_unsigned_char_unsigned_short_i_5, i20 %mxm_execute_ursa_signed_char_unsigned_short_unsigned_char_unsigned_short_i_4, i20 %mxm_execute_ursa_signed_char_unsigned_short_unsigned_char_unsigned_short_i_3, i20 %mxm_execute_ursa_signed_char_unsigned_short_unsigned_char_unsigned_short_i_2, i20 %mxm_execute_ursa_signed_char_unsigned_short_unsigned_char_unsigned_short_i_1, i20 %mxm_execute_ursa_signed_char_unsigned_short_unsigned_char_unsigned_short_i" [/home/ulisses/Projects/ursa/src/core/shell.cpp:301]   --->   Operation 217 'call' 'call_ln301' <Predicate = true> <Delay = 0.00> <CoreType = "Generic">   --->   Core 0 '' <Latency = 0> <II = 1> <Delay = 1.00> <Generic> <Opcode : >

State 70 <SV = 69> <Delay = 0.00>
ST_70 : Operation 218 [65/70] (0.00ns)   --->   "%call_ln301 = call void @sa_store, i32 %ca, i32 %addr_sa_c, i16 %b0_q_read, i20 %mxm_execute_ursa_signed_char_unsigned_short_unsigned_char_unsigned_short_i_63, i20 %mxm_execute_ursa_signed_char_unsigned_short_unsigned_char_unsigned_short_i_62, i20 %mxm_execute_ursa_signed_char_unsigned_short_unsigned_char_unsigned_short_i_61, i20 %mxm_execute_ursa_signed_char_unsigned_short_unsigned_char_unsigned_short_i_60, i20 %mxm_execute_ursa_signed_char_unsigned_short_unsigned_char_unsigned_short_i_59, i20 %mxm_execute_ursa_signed_char_unsigned_short_unsigned_char_unsigned_short_i_58, i20 %mxm_execute_ursa_signed_char_unsigned_short_unsigned_char_unsigned_short_i_57, i20 %mxm_execute_ursa_signed_char_unsigned_short_unsigned_char_unsigned_short_i_56, i20 %mxm_execute_ursa_signed_char_unsigned_short_unsigned_char_unsigned_short_i_55, i20 %mxm_execute_ursa_signed_char_unsigned_short_unsigned_char_unsigned_short_i_54, i20 %mxm_execute_ursa_signed_char_unsigned_short_unsigned_char_unsigned_short_i_53, i20 %mxm_execute_ursa_signed_char_unsigned_short_unsigned_char_unsigned_short_i_52, i20 %mxm_execute_ursa_signed_char_unsigned_short_unsigned_char_unsigned_short_i_51, i20 %mxm_execute_ursa_signed_char_unsigned_short_unsigned_char_unsigned_short_i_50, i20 %mxm_execute_ursa_signed_char_unsigned_short_unsigned_char_unsigned_short_i_49, i20 %mxm_execute_ursa_signed_char_unsigned_short_unsigned_char_unsigned_short_i_48, i20 %mxm_execute_ursa_signed_char_unsigned_short_unsigned_char_unsigned_short_i_47, i20 %mxm_execute_ursa_signed_char_unsigned_short_unsigned_char_unsigned_short_i_46, i20 %mxm_execute_ursa_signed_char_unsigned_short_unsigned_char_unsigned_short_i_45, i20 %mxm_execute_ursa_signed_char_unsigned_short_unsigned_char_unsigned_short_i_44, i20 %mxm_execute_ursa_signed_char_unsigned_short_unsigned_char_unsigned_short_i_43, i20 %mxm_execute_ursa_signed_char_unsigned_short_unsigned_char_unsigned_short_i_42, i20 %mxm_execute_ursa_signed_char_unsigned_short_unsigned_char_unsigned_short_i_41, i20 %mxm_execute_ursa_signed_char_unsigned_short_unsigned_char_unsigned_short_i_40, i20 %mxm_execute_ursa_signed_char_unsigned_short_unsigned_char_unsigned_short_i_39, i20 %mxm_execute_ursa_signed_char_unsigned_short_unsigned_char_unsigned_short_i_38, i20 %mxm_execute_ursa_signed_char_unsigned_short_unsigned_char_unsigned_short_i_37, i20 %mxm_execute_ursa_signed_char_unsigned_short_unsigned_char_unsigned_short_i_36, i20 %mxm_execute_ursa_signed_char_unsigned_short_unsigned_char_unsigned_short_i_35, i20 %mxm_execute_ursa_signed_char_unsigned_short_unsigned_char_unsigned_short_i_34, i20 %mxm_execute_ursa_signed_char_unsigned_short_unsigned_char_unsigned_short_i_33, i20 %mxm_execute_ursa_signed_char_unsigned_short_unsigned_char_unsigned_short_i_32, i20 %mxm_execute_ursa_signed_char_unsigned_short_unsigned_char_unsigned_short_i_31, i20 %mxm_execute_ursa_signed_char_unsigned_short_unsigned_char_unsigned_short_i_30, i20 %mxm_execute_ursa_signed_char_unsigned_short_unsigned_char_unsigned_short_i_29, i20 %mxm_execute_ursa_signed_char_unsigned_short_unsigned_char_unsigned_short_i_28, i20 %mxm_execute_ursa_signed_char_unsigned_short_unsigned_char_unsigned_short_i_27, i20 %mxm_execute_ursa_signed_char_unsigned_short_unsigned_char_unsigned_short_i_26, i20 %mxm_execute_ursa_signed_char_unsigned_short_unsigned_char_unsigned_short_i_25, i20 %mxm_execute_ursa_signed_char_unsigned_short_unsigned_char_unsigned_short_i_24, i20 %mxm_execute_ursa_signed_char_unsigned_short_unsigned_char_unsigned_short_i_23, i20 %mxm_execute_ursa_signed_char_unsigned_short_unsigned_char_unsigned_short_i_22, i20 %mxm_execute_ursa_signed_char_unsigned_short_unsigned_char_unsigned_short_i_21, i20 %mxm_execute_ursa_signed_char_unsigned_short_unsigned_char_unsigned_short_i_20, i20 %mxm_execute_ursa_signed_char_unsigned_short_unsigned_char_unsigned_short_i_19, i20 %mxm_execute_ursa_signed_char_unsigned_short_unsigned_char_unsigned_short_i_18, i20 %mxm_execute_ursa_signed_char_unsigned_short_unsigned_char_unsigned_short_i_17, i20 %mxm_execute_ursa_signed_char_unsigned_short_unsigned_char_unsigned_short_i_16, i20 %mxm_execute_ursa_signed_char_unsigned_short_unsigned_char_unsigned_short_i_15, i20 %mxm_execute_ursa_signed_char_unsigned_short_unsigned_char_unsigned_short_i_14, i20 %mxm_execute_ursa_signed_char_unsigned_short_unsigned_char_unsigned_short_i_13, i20 %mxm_execute_ursa_signed_char_unsigned_short_unsigned_char_unsigned_short_i_12, i20 %mxm_execute_ursa_signed_char_unsigned_short_unsigned_char_unsigned_short_i_11, i20 %mxm_execute_ursa_signed_char_unsigned_short_unsigned_char_unsigned_short_i_10, i20 %mxm_execute_ursa_signed_char_unsigned_short_unsigned_char_unsigned_short_i_9, i20 %mxm_execute_ursa_signed_char_unsigned_short_unsigned_char_unsigned_short_i_8, i20 %mxm_execute_ursa_signed_char_unsigned_short_unsigned_char_unsigned_short_i_7, i20 %mxm_execute_ursa_signed_char_unsigned_short_unsigned_char_unsigned_short_i_6, i20 %mxm_execute_ursa_signed_char_unsigned_short_unsigned_char_unsigned_short_i_5, i20 %mxm_execute_ursa_signed_char_unsigned_short_unsigned_char_unsigned_short_i_4, i20 %mxm_execute_ursa_signed_char_unsigned_short_unsigned_char_unsigned_short_i_3, i20 %mxm_execute_ursa_signed_char_unsigned_short_unsigned_char_unsigned_short_i_2, i20 %mxm_execute_ursa_signed_char_unsigned_short_unsigned_char_unsigned_short_i_1, i20 %mxm_execute_ursa_signed_char_unsigned_short_unsigned_char_unsigned_short_i" [/home/ulisses/Projects/ursa/src/core/shell.cpp:301]   --->   Operation 218 'call' 'call_ln301' <Predicate = true> <Delay = 0.00> <CoreType = "Generic">   --->   Core 0 '' <Latency = 0> <II = 1> <Delay = 1.00> <Generic> <Opcode : >

State 71 <SV = 70> <Delay = 0.00>
ST_71 : Operation 219 [64/70] (0.00ns)   --->   "%call_ln301 = call void @sa_store, i32 %ca, i32 %addr_sa_c, i16 %b0_q_read, i20 %mxm_execute_ursa_signed_char_unsigned_short_unsigned_char_unsigned_short_i_63, i20 %mxm_execute_ursa_signed_char_unsigned_short_unsigned_char_unsigned_short_i_62, i20 %mxm_execute_ursa_signed_char_unsigned_short_unsigned_char_unsigned_short_i_61, i20 %mxm_execute_ursa_signed_char_unsigned_short_unsigned_char_unsigned_short_i_60, i20 %mxm_execute_ursa_signed_char_unsigned_short_unsigned_char_unsigned_short_i_59, i20 %mxm_execute_ursa_signed_char_unsigned_short_unsigned_char_unsigned_short_i_58, i20 %mxm_execute_ursa_signed_char_unsigned_short_unsigned_char_unsigned_short_i_57, i20 %mxm_execute_ursa_signed_char_unsigned_short_unsigned_char_unsigned_short_i_56, i20 %mxm_execute_ursa_signed_char_unsigned_short_unsigned_char_unsigned_short_i_55, i20 %mxm_execute_ursa_signed_char_unsigned_short_unsigned_char_unsigned_short_i_54, i20 %mxm_execute_ursa_signed_char_unsigned_short_unsigned_char_unsigned_short_i_53, i20 %mxm_execute_ursa_signed_char_unsigned_short_unsigned_char_unsigned_short_i_52, i20 %mxm_execute_ursa_signed_char_unsigned_short_unsigned_char_unsigned_short_i_51, i20 %mxm_execute_ursa_signed_char_unsigned_short_unsigned_char_unsigned_short_i_50, i20 %mxm_execute_ursa_signed_char_unsigned_short_unsigned_char_unsigned_short_i_49, i20 %mxm_execute_ursa_signed_char_unsigned_short_unsigned_char_unsigned_short_i_48, i20 %mxm_execute_ursa_signed_char_unsigned_short_unsigned_char_unsigned_short_i_47, i20 %mxm_execute_ursa_signed_char_unsigned_short_unsigned_char_unsigned_short_i_46, i20 %mxm_execute_ursa_signed_char_unsigned_short_unsigned_char_unsigned_short_i_45, i20 %mxm_execute_ursa_signed_char_unsigned_short_unsigned_char_unsigned_short_i_44, i20 %mxm_execute_ursa_signed_char_unsigned_short_unsigned_char_unsigned_short_i_43, i20 %mxm_execute_ursa_signed_char_unsigned_short_unsigned_char_unsigned_short_i_42, i20 %mxm_execute_ursa_signed_char_unsigned_short_unsigned_char_unsigned_short_i_41, i20 %mxm_execute_ursa_signed_char_unsigned_short_unsigned_char_unsigned_short_i_40, i20 %mxm_execute_ursa_signed_char_unsigned_short_unsigned_char_unsigned_short_i_39, i20 %mxm_execute_ursa_signed_char_unsigned_short_unsigned_char_unsigned_short_i_38, i20 %mxm_execute_ursa_signed_char_unsigned_short_unsigned_char_unsigned_short_i_37, i20 %mxm_execute_ursa_signed_char_unsigned_short_unsigned_char_unsigned_short_i_36, i20 %mxm_execute_ursa_signed_char_unsigned_short_unsigned_char_unsigned_short_i_35, i20 %mxm_execute_ursa_signed_char_unsigned_short_unsigned_char_unsigned_short_i_34, i20 %mxm_execute_ursa_signed_char_unsigned_short_unsigned_char_unsigned_short_i_33, i20 %mxm_execute_ursa_signed_char_unsigned_short_unsigned_char_unsigned_short_i_32, i20 %mxm_execute_ursa_signed_char_unsigned_short_unsigned_char_unsigned_short_i_31, i20 %mxm_execute_ursa_signed_char_unsigned_short_unsigned_char_unsigned_short_i_30, i20 %mxm_execute_ursa_signed_char_unsigned_short_unsigned_char_unsigned_short_i_29, i20 %mxm_execute_ursa_signed_char_unsigned_short_unsigned_char_unsigned_short_i_28, i20 %mxm_execute_ursa_signed_char_unsigned_short_unsigned_char_unsigned_short_i_27, i20 %mxm_execute_ursa_signed_char_unsigned_short_unsigned_char_unsigned_short_i_26, i20 %mxm_execute_ursa_signed_char_unsigned_short_unsigned_char_unsigned_short_i_25, i20 %mxm_execute_ursa_signed_char_unsigned_short_unsigned_char_unsigned_short_i_24, i20 %mxm_execute_ursa_signed_char_unsigned_short_unsigned_char_unsigned_short_i_23, i20 %mxm_execute_ursa_signed_char_unsigned_short_unsigned_char_unsigned_short_i_22, i20 %mxm_execute_ursa_signed_char_unsigned_short_unsigned_char_unsigned_short_i_21, i20 %mxm_execute_ursa_signed_char_unsigned_short_unsigned_char_unsigned_short_i_20, i20 %mxm_execute_ursa_signed_char_unsigned_short_unsigned_char_unsigned_short_i_19, i20 %mxm_execute_ursa_signed_char_unsigned_short_unsigned_char_unsigned_short_i_18, i20 %mxm_execute_ursa_signed_char_unsigned_short_unsigned_char_unsigned_short_i_17, i20 %mxm_execute_ursa_signed_char_unsigned_short_unsigned_char_unsigned_short_i_16, i20 %mxm_execute_ursa_signed_char_unsigned_short_unsigned_char_unsigned_short_i_15, i20 %mxm_execute_ursa_signed_char_unsigned_short_unsigned_char_unsigned_short_i_14, i20 %mxm_execute_ursa_signed_char_unsigned_short_unsigned_char_unsigned_short_i_13, i20 %mxm_execute_ursa_signed_char_unsigned_short_unsigned_char_unsigned_short_i_12, i20 %mxm_execute_ursa_signed_char_unsigned_short_unsigned_char_unsigned_short_i_11, i20 %mxm_execute_ursa_signed_char_unsigned_short_unsigned_char_unsigned_short_i_10, i20 %mxm_execute_ursa_signed_char_unsigned_short_unsigned_char_unsigned_short_i_9, i20 %mxm_execute_ursa_signed_char_unsigned_short_unsigned_char_unsigned_short_i_8, i20 %mxm_execute_ursa_signed_char_unsigned_short_unsigned_char_unsigned_short_i_7, i20 %mxm_execute_ursa_signed_char_unsigned_short_unsigned_char_unsigned_short_i_6, i20 %mxm_execute_ursa_signed_char_unsigned_short_unsigned_char_unsigned_short_i_5, i20 %mxm_execute_ursa_signed_char_unsigned_short_unsigned_char_unsigned_short_i_4, i20 %mxm_execute_ursa_signed_char_unsigned_short_unsigned_char_unsigned_short_i_3, i20 %mxm_execute_ursa_signed_char_unsigned_short_unsigned_char_unsigned_short_i_2, i20 %mxm_execute_ursa_signed_char_unsigned_short_unsigned_char_unsigned_short_i_1, i20 %mxm_execute_ursa_signed_char_unsigned_short_unsigned_char_unsigned_short_i" [/home/ulisses/Projects/ursa/src/core/shell.cpp:301]   --->   Operation 219 'call' 'call_ln301' <Predicate = true> <Delay = 0.00> <CoreType = "Generic">   --->   Core 0 '' <Latency = 0> <II = 1> <Delay = 1.00> <Generic> <Opcode : >

State 72 <SV = 71> <Delay = 0.00>
ST_72 : Operation 220 [63/70] (0.00ns)   --->   "%call_ln301 = call void @sa_store, i32 %ca, i32 %addr_sa_c, i16 %b0_q_read, i20 %mxm_execute_ursa_signed_char_unsigned_short_unsigned_char_unsigned_short_i_63, i20 %mxm_execute_ursa_signed_char_unsigned_short_unsigned_char_unsigned_short_i_62, i20 %mxm_execute_ursa_signed_char_unsigned_short_unsigned_char_unsigned_short_i_61, i20 %mxm_execute_ursa_signed_char_unsigned_short_unsigned_char_unsigned_short_i_60, i20 %mxm_execute_ursa_signed_char_unsigned_short_unsigned_char_unsigned_short_i_59, i20 %mxm_execute_ursa_signed_char_unsigned_short_unsigned_char_unsigned_short_i_58, i20 %mxm_execute_ursa_signed_char_unsigned_short_unsigned_char_unsigned_short_i_57, i20 %mxm_execute_ursa_signed_char_unsigned_short_unsigned_char_unsigned_short_i_56, i20 %mxm_execute_ursa_signed_char_unsigned_short_unsigned_char_unsigned_short_i_55, i20 %mxm_execute_ursa_signed_char_unsigned_short_unsigned_char_unsigned_short_i_54, i20 %mxm_execute_ursa_signed_char_unsigned_short_unsigned_char_unsigned_short_i_53, i20 %mxm_execute_ursa_signed_char_unsigned_short_unsigned_char_unsigned_short_i_52, i20 %mxm_execute_ursa_signed_char_unsigned_short_unsigned_char_unsigned_short_i_51, i20 %mxm_execute_ursa_signed_char_unsigned_short_unsigned_char_unsigned_short_i_50, i20 %mxm_execute_ursa_signed_char_unsigned_short_unsigned_char_unsigned_short_i_49, i20 %mxm_execute_ursa_signed_char_unsigned_short_unsigned_char_unsigned_short_i_48, i20 %mxm_execute_ursa_signed_char_unsigned_short_unsigned_char_unsigned_short_i_47, i20 %mxm_execute_ursa_signed_char_unsigned_short_unsigned_char_unsigned_short_i_46, i20 %mxm_execute_ursa_signed_char_unsigned_short_unsigned_char_unsigned_short_i_45, i20 %mxm_execute_ursa_signed_char_unsigned_short_unsigned_char_unsigned_short_i_44, i20 %mxm_execute_ursa_signed_char_unsigned_short_unsigned_char_unsigned_short_i_43, i20 %mxm_execute_ursa_signed_char_unsigned_short_unsigned_char_unsigned_short_i_42, i20 %mxm_execute_ursa_signed_char_unsigned_short_unsigned_char_unsigned_short_i_41, i20 %mxm_execute_ursa_signed_char_unsigned_short_unsigned_char_unsigned_short_i_40, i20 %mxm_execute_ursa_signed_char_unsigned_short_unsigned_char_unsigned_short_i_39, i20 %mxm_execute_ursa_signed_char_unsigned_short_unsigned_char_unsigned_short_i_38, i20 %mxm_execute_ursa_signed_char_unsigned_short_unsigned_char_unsigned_short_i_37, i20 %mxm_execute_ursa_signed_char_unsigned_short_unsigned_char_unsigned_short_i_36, i20 %mxm_execute_ursa_signed_char_unsigned_short_unsigned_char_unsigned_short_i_35, i20 %mxm_execute_ursa_signed_char_unsigned_short_unsigned_char_unsigned_short_i_34, i20 %mxm_execute_ursa_signed_char_unsigned_short_unsigned_char_unsigned_short_i_33, i20 %mxm_execute_ursa_signed_char_unsigned_short_unsigned_char_unsigned_short_i_32, i20 %mxm_execute_ursa_signed_char_unsigned_short_unsigned_char_unsigned_short_i_31, i20 %mxm_execute_ursa_signed_char_unsigned_short_unsigned_char_unsigned_short_i_30, i20 %mxm_execute_ursa_signed_char_unsigned_short_unsigned_char_unsigned_short_i_29, i20 %mxm_execute_ursa_signed_char_unsigned_short_unsigned_char_unsigned_short_i_28, i20 %mxm_execute_ursa_signed_char_unsigned_short_unsigned_char_unsigned_short_i_27, i20 %mxm_execute_ursa_signed_char_unsigned_short_unsigned_char_unsigned_short_i_26, i20 %mxm_execute_ursa_signed_char_unsigned_short_unsigned_char_unsigned_short_i_25, i20 %mxm_execute_ursa_signed_char_unsigned_short_unsigned_char_unsigned_short_i_24, i20 %mxm_execute_ursa_signed_char_unsigned_short_unsigned_char_unsigned_short_i_23, i20 %mxm_execute_ursa_signed_char_unsigned_short_unsigned_char_unsigned_short_i_22, i20 %mxm_execute_ursa_signed_char_unsigned_short_unsigned_char_unsigned_short_i_21, i20 %mxm_execute_ursa_signed_char_unsigned_short_unsigned_char_unsigned_short_i_20, i20 %mxm_execute_ursa_signed_char_unsigned_short_unsigned_char_unsigned_short_i_19, i20 %mxm_execute_ursa_signed_char_unsigned_short_unsigned_char_unsigned_short_i_18, i20 %mxm_execute_ursa_signed_char_unsigned_short_unsigned_char_unsigned_short_i_17, i20 %mxm_execute_ursa_signed_char_unsigned_short_unsigned_char_unsigned_short_i_16, i20 %mxm_execute_ursa_signed_char_unsigned_short_unsigned_char_unsigned_short_i_15, i20 %mxm_execute_ursa_signed_char_unsigned_short_unsigned_char_unsigned_short_i_14, i20 %mxm_execute_ursa_signed_char_unsigned_short_unsigned_char_unsigned_short_i_13, i20 %mxm_execute_ursa_signed_char_unsigned_short_unsigned_char_unsigned_short_i_12, i20 %mxm_execute_ursa_signed_char_unsigned_short_unsigned_char_unsigned_short_i_11, i20 %mxm_execute_ursa_signed_char_unsigned_short_unsigned_char_unsigned_short_i_10, i20 %mxm_execute_ursa_signed_char_unsigned_short_unsigned_char_unsigned_short_i_9, i20 %mxm_execute_ursa_signed_char_unsigned_short_unsigned_char_unsigned_short_i_8, i20 %mxm_execute_ursa_signed_char_unsigned_short_unsigned_char_unsigned_short_i_7, i20 %mxm_execute_ursa_signed_char_unsigned_short_unsigned_char_unsigned_short_i_6, i20 %mxm_execute_ursa_signed_char_unsigned_short_unsigned_char_unsigned_short_i_5, i20 %mxm_execute_ursa_signed_char_unsigned_short_unsigned_char_unsigned_short_i_4, i20 %mxm_execute_ursa_signed_char_unsigned_short_unsigned_char_unsigned_short_i_3, i20 %mxm_execute_ursa_signed_char_unsigned_short_unsigned_char_unsigned_short_i_2, i20 %mxm_execute_ursa_signed_char_unsigned_short_unsigned_char_unsigned_short_i_1, i20 %mxm_execute_ursa_signed_char_unsigned_short_unsigned_char_unsigned_short_i" [/home/ulisses/Projects/ursa/src/core/shell.cpp:301]   --->   Operation 220 'call' 'call_ln301' <Predicate = true> <Delay = 0.00> <CoreType = "Generic">   --->   Core 0 '' <Latency = 0> <II = 1> <Delay = 1.00> <Generic> <Opcode : >

State 73 <SV = 72> <Delay = 0.00>
ST_73 : Operation 221 [62/70] (0.00ns)   --->   "%call_ln301 = call void @sa_store, i32 %ca, i32 %addr_sa_c, i16 %b0_q_read, i20 %mxm_execute_ursa_signed_char_unsigned_short_unsigned_char_unsigned_short_i_63, i20 %mxm_execute_ursa_signed_char_unsigned_short_unsigned_char_unsigned_short_i_62, i20 %mxm_execute_ursa_signed_char_unsigned_short_unsigned_char_unsigned_short_i_61, i20 %mxm_execute_ursa_signed_char_unsigned_short_unsigned_char_unsigned_short_i_60, i20 %mxm_execute_ursa_signed_char_unsigned_short_unsigned_char_unsigned_short_i_59, i20 %mxm_execute_ursa_signed_char_unsigned_short_unsigned_char_unsigned_short_i_58, i20 %mxm_execute_ursa_signed_char_unsigned_short_unsigned_char_unsigned_short_i_57, i20 %mxm_execute_ursa_signed_char_unsigned_short_unsigned_char_unsigned_short_i_56, i20 %mxm_execute_ursa_signed_char_unsigned_short_unsigned_char_unsigned_short_i_55, i20 %mxm_execute_ursa_signed_char_unsigned_short_unsigned_char_unsigned_short_i_54, i20 %mxm_execute_ursa_signed_char_unsigned_short_unsigned_char_unsigned_short_i_53, i20 %mxm_execute_ursa_signed_char_unsigned_short_unsigned_char_unsigned_short_i_52, i20 %mxm_execute_ursa_signed_char_unsigned_short_unsigned_char_unsigned_short_i_51, i20 %mxm_execute_ursa_signed_char_unsigned_short_unsigned_char_unsigned_short_i_50, i20 %mxm_execute_ursa_signed_char_unsigned_short_unsigned_char_unsigned_short_i_49, i20 %mxm_execute_ursa_signed_char_unsigned_short_unsigned_char_unsigned_short_i_48, i20 %mxm_execute_ursa_signed_char_unsigned_short_unsigned_char_unsigned_short_i_47, i20 %mxm_execute_ursa_signed_char_unsigned_short_unsigned_char_unsigned_short_i_46, i20 %mxm_execute_ursa_signed_char_unsigned_short_unsigned_char_unsigned_short_i_45, i20 %mxm_execute_ursa_signed_char_unsigned_short_unsigned_char_unsigned_short_i_44, i20 %mxm_execute_ursa_signed_char_unsigned_short_unsigned_char_unsigned_short_i_43, i20 %mxm_execute_ursa_signed_char_unsigned_short_unsigned_char_unsigned_short_i_42, i20 %mxm_execute_ursa_signed_char_unsigned_short_unsigned_char_unsigned_short_i_41, i20 %mxm_execute_ursa_signed_char_unsigned_short_unsigned_char_unsigned_short_i_40, i20 %mxm_execute_ursa_signed_char_unsigned_short_unsigned_char_unsigned_short_i_39, i20 %mxm_execute_ursa_signed_char_unsigned_short_unsigned_char_unsigned_short_i_38, i20 %mxm_execute_ursa_signed_char_unsigned_short_unsigned_char_unsigned_short_i_37, i20 %mxm_execute_ursa_signed_char_unsigned_short_unsigned_char_unsigned_short_i_36, i20 %mxm_execute_ursa_signed_char_unsigned_short_unsigned_char_unsigned_short_i_35, i20 %mxm_execute_ursa_signed_char_unsigned_short_unsigned_char_unsigned_short_i_34, i20 %mxm_execute_ursa_signed_char_unsigned_short_unsigned_char_unsigned_short_i_33, i20 %mxm_execute_ursa_signed_char_unsigned_short_unsigned_char_unsigned_short_i_32, i20 %mxm_execute_ursa_signed_char_unsigned_short_unsigned_char_unsigned_short_i_31, i20 %mxm_execute_ursa_signed_char_unsigned_short_unsigned_char_unsigned_short_i_30, i20 %mxm_execute_ursa_signed_char_unsigned_short_unsigned_char_unsigned_short_i_29, i20 %mxm_execute_ursa_signed_char_unsigned_short_unsigned_char_unsigned_short_i_28, i20 %mxm_execute_ursa_signed_char_unsigned_short_unsigned_char_unsigned_short_i_27, i20 %mxm_execute_ursa_signed_char_unsigned_short_unsigned_char_unsigned_short_i_26, i20 %mxm_execute_ursa_signed_char_unsigned_short_unsigned_char_unsigned_short_i_25, i20 %mxm_execute_ursa_signed_char_unsigned_short_unsigned_char_unsigned_short_i_24, i20 %mxm_execute_ursa_signed_char_unsigned_short_unsigned_char_unsigned_short_i_23, i20 %mxm_execute_ursa_signed_char_unsigned_short_unsigned_char_unsigned_short_i_22, i20 %mxm_execute_ursa_signed_char_unsigned_short_unsigned_char_unsigned_short_i_21, i20 %mxm_execute_ursa_signed_char_unsigned_short_unsigned_char_unsigned_short_i_20, i20 %mxm_execute_ursa_signed_char_unsigned_short_unsigned_char_unsigned_short_i_19, i20 %mxm_execute_ursa_signed_char_unsigned_short_unsigned_char_unsigned_short_i_18, i20 %mxm_execute_ursa_signed_char_unsigned_short_unsigned_char_unsigned_short_i_17, i20 %mxm_execute_ursa_signed_char_unsigned_short_unsigned_char_unsigned_short_i_16, i20 %mxm_execute_ursa_signed_char_unsigned_short_unsigned_char_unsigned_short_i_15, i20 %mxm_execute_ursa_signed_char_unsigned_short_unsigned_char_unsigned_short_i_14, i20 %mxm_execute_ursa_signed_char_unsigned_short_unsigned_char_unsigned_short_i_13, i20 %mxm_execute_ursa_signed_char_unsigned_short_unsigned_char_unsigned_short_i_12, i20 %mxm_execute_ursa_signed_char_unsigned_short_unsigned_char_unsigned_short_i_11, i20 %mxm_execute_ursa_signed_char_unsigned_short_unsigned_char_unsigned_short_i_10, i20 %mxm_execute_ursa_signed_char_unsigned_short_unsigned_char_unsigned_short_i_9, i20 %mxm_execute_ursa_signed_char_unsigned_short_unsigned_char_unsigned_short_i_8, i20 %mxm_execute_ursa_signed_char_unsigned_short_unsigned_char_unsigned_short_i_7, i20 %mxm_execute_ursa_signed_char_unsigned_short_unsigned_char_unsigned_short_i_6, i20 %mxm_execute_ursa_signed_char_unsigned_short_unsigned_char_unsigned_short_i_5, i20 %mxm_execute_ursa_signed_char_unsigned_short_unsigned_char_unsigned_short_i_4, i20 %mxm_execute_ursa_signed_char_unsigned_short_unsigned_char_unsigned_short_i_3, i20 %mxm_execute_ursa_signed_char_unsigned_short_unsigned_char_unsigned_short_i_2, i20 %mxm_execute_ursa_signed_char_unsigned_short_unsigned_char_unsigned_short_i_1, i20 %mxm_execute_ursa_signed_char_unsigned_short_unsigned_char_unsigned_short_i" [/home/ulisses/Projects/ursa/src/core/shell.cpp:301]   --->   Operation 221 'call' 'call_ln301' <Predicate = true> <Delay = 0.00> <CoreType = "Generic">   --->   Core 0 '' <Latency = 0> <II = 1> <Delay = 1.00> <Generic> <Opcode : >

State 74 <SV = 73> <Delay = 0.00>
ST_74 : Operation 222 [61/70] (0.00ns)   --->   "%call_ln301 = call void @sa_store, i32 %ca, i32 %addr_sa_c, i16 %b0_q_read, i20 %mxm_execute_ursa_signed_char_unsigned_short_unsigned_char_unsigned_short_i_63, i20 %mxm_execute_ursa_signed_char_unsigned_short_unsigned_char_unsigned_short_i_62, i20 %mxm_execute_ursa_signed_char_unsigned_short_unsigned_char_unsigned_short_i_61, i20 %mxm_execute_ursa_signed_char_unsigned_short_unsigned_char_unsigned_short_i_60, i20 %mxm_execute_ursa_signed_char_unsigned_short_unsigned_char_unsigned_short_i_59, i20 %mxm_execute_ursa_signed_char_unsigned_short_unsigned_char_unsigned_short_i_58, i20 %mxm_execute_ursa_signed_char_unsigned_short_unsigned_char_unsigned_short_i_57, i20 %mxm_execute_ursa_signed_char_unsigned_short_unsigned_char_unsigned_short_i_56, i20 %mxm_execute_ursa_signed_char_unsigned_short_unsigned_char_unsigned_short_i_55, i20 %mxm_execute_ursa_signed_char_unsigned_short_unsigned_char_unsigned_short_i_54, i20 %mxm_execute_ursa_signed_char_unsigned_short_unsigned_char_unsigned_short_i_53, i20 %mxm_execute_ursa_signed_char_unsigned_short_unsigned_char_unsigned_short_i_52, i20 %mxm_execute_ursa_signed_char_unsigned_short_unsigned_char_unsigned_short_i_51, i20 %mxm_execute_ursa_signed_char_unsigned_short_unsigned_char_unsigned_short_i_50, i20 %mxm_execute_ursa_signed_char_unsigned_short_unsigned_char_unsigned_short_i_49, i20 %mxm_execute_ursa_signed_char_unsigned_short_unsigned_char_unsigned_short_i_48, i20 %mxm_execute_ursa_signed_char_unsigned_short_unsigned_char_unsigned_short_i_47, i20 %mxm_execute_ursa_signed_char_unsigned_short_unsigned_char_unsigned_short_i_46, i20 %mxm_execute_ursa_signed_char_unsigned_short_unsigned_char_unsigned_short_i_45, i20 %mxm_execute_ursa_signed_char_unsigned_short_unsigned_char_unsigned_short_i_44, i20 %mxm_execute_ursa_signed_char_unsigned_short_unsigned_char_unsigned_short_i_43, i20 %mxm_execute_ursa_signed_char_unsigned_short_unsigned_char_unsigned_short_i_42, i20 %mxm_execute_ursa_signed_char_unsigned_short_unsigned_char_unsigned_short_i_41, i20 %mxm_execute_ursa_signed_char_unsigned_short_unsigned_char_unsigned_short_i_40, i20 %mxm_execute_ursa_signed_char_unsigned_short_unsigned_char_unsigned_short_i_39, i20 %mxm_execute_ursa_signed_char_unsigned_short_unsigned_char_unsigned_short_i_38, i20 %mxm_execute_ursa_signed_char_unsigned_short_unsigned_char_unsigned_short_i_37, i20 %mxm_execute_ursa_signed_char_unsigned_short_unsigned_char_unsigned_short_i_36, i20 %mxm_execute_ursa_signed_char_unsigned_short_unsigned_char_unsigned_short_i_35, i20 %mxm_execute_ursa_signed_char_unsigned_short_unsigned_char_unsigned_short_i_34, i20 %mxm_execute_ursa_signed_char_unsigned_short_unsigned_char_unsigned_short_i_33, i20 %mxm_execute_ursa_signed_char_unsigned_short_unsigned_char_unsigned_short_i_32, i20 %mxm_execute_ursa_signed_char_unsigned_short_unsigned_char_unsigned_short_i_31, i20 %mxm_execute_ursa_signed_char_unsigned_short_unsigned_char_unsigned_short_i_30, i20 %mxm_execute_ursa_signed_char_unsigned_short_unsigned_char_unsigned_short_i_29, i20 %mxm_execute_ursa_signed_char_unsigned_short_unsigned_char_unsigned_short_i_28, i20 %mxm_execute_ursa_signed_char_unsigned_short_unsigned_char_unsigned_short_i_27, i20 %mxm_execute_ursa_signed_char_unsigned_short_unsigned_char_unsigned_short_i_26, i20 %mxm_execute_ursa_signed_char_unsigned_short_unsigned_char_unsigned_short_i_25, i20 %mxm_execute_ursa_signed_char_unsigned_short_unsigned_char_unsigned_short_i_24, i20 %mxm_execute_ursa_signed_char_unsigned_short_unsigned_char_unsigned_short_i_23, i20 %mxm_execute_ursa_signed_char_unsigned_short_unsigned_char_unsigned_short_i_22, i20 %mxm_execute_ursa_signed_char_unsigned_short_unsigned_char_unsigned_short_i_21, i20 %mxm_execute_ursa_signed_char_unsigned_short_unsigned_char_unsigned_short_i_20, i20 %mxm_execute_ursa_signed_char_unsigned_short_unsigned_char_unsigned_short_i_19, i20 %mxm_execute_ursa_signed_char_unsigned_short_unsigned_char_unsigned_short_i_18, i20 %mxm_execute_ursa_signed_char_unsigned_short_unsigned_char_unsigned_short_i_17, i20 %mxm_execute_ursa_signed_char_unsigned_short_unsigned_char_unsigned_short_i_16, i20 %mxm_execute_ursa_signed_char_unsigned_short_unsigned_char_unsigned_short_i_15, i20 %mxm_execute_ursa_signed_char_unsigned_short_unsigned_char_unsigned_short_i_14, i20 %mxm_execute_ursa_signed_char_unsigned_short_unsigned_char_unsigned_short_i_13, i20 %mxm_execute_ursa_signed_char_unsigned_short_unsigned_char_unsigned_short_i_12, i20 %mxm_execute_ursa_signed_char_unsigned_short_unsigned_char_unsigned_short_i_11, i20 %mxm_execute_ursa_signed_char_unsigned_short_unsigned_char_unsigned_short_i_10, i20 %mxm_execute_ursa_signed_char_unsigned_short_unsigned_char_unsigned_short_i_9, i20 %mxm_execute_ursa_signed_char_unsigned_short_unsigned_char_unsigned_short_i_8, i20 %mxm_execute_ursa_signed_char_unsigned_short_unsigned_char_unsigned_short_i_7, i20 %mxm_execute_ursa_signed_char_unsigned_short_unsigned_char_unsigned_short_i_6, i20 %mxm_execute_ursa_signed_char_unsigned_short_unsigned_char_unsigned_short_i_5, i20 %mxm_execute_ursa_signed_char_unsigned_short_unsigned_char_unsigned_short_i_4, i20 %mxm_execute_ursa_signed_char_unsigned_short_unsigned_char_unsigned_short_i_3, i20 %mxm_execute_ursa_signed_char_unsigned_short_unsigned_char_unsigned_short_i_2, i20 %mxm_execute_ursa_signed_char_unsigned_short_unsigned_char_unsigned_short_i_1, i20 %mxm_execute_ursa_signed_char_unsigned_short_unsigned_char_unsigned_short_i" [/home/ulisses/Projects/ursa/src/core/shell.cpp:301]   --->   Operation 222 'call' 'call_ln301' <Predicate = true> <Delay = 0.00> <CoreType = "Generic">   --->   Core 0 '' <Latency = 0> <II = 1> <Delay = 1.00> <Generic> <Opcode : >

State 75 <SV = 74> <Delay = 0.00>
ST_75 : Operation 223 [60/70] (0.00ns)   --->   "%call_ln301 = call void @sa_store, i32 %ca, i32 %addr_sa_c, i16 %b0_q_read, i20 %mxm_execute_ursa_signed_char_unsigned_short_unsigned_char_unsigned_short_i_63, i20 %mxm_execute_ursa_signed_char_unsigned_short_unsigned_char_unsigned_short_i_62, i20 %mxm_execute_ursa_signed_char_unsigned_short_unsigned_char_unsigned_short_i_61, i20 %mxm_execute_ursa_signed_char_unsigned_short_unsigned_char_unsigned_short_i_60, i20 %mxm_execute_ursa_signed_char_unsigned_short_unsigned_char_unsigned_short_i_59, i20 %mxm_execute_ursa_signed_char_unsigned_short_unsigned_char_unsigned_short_i_58, i20 %mxm_execute_ursa_signed_char_unsigned_short_unsigned_char_unsigned_short_i_57, i20 %mxm_execute_ursa_signed_char_unsigned_short_unsigned_char_unsigned_short_i_56, i20 %mxm_execute_ursa_signed_char_unsigned_short_unsigned_char_unsigned_short_i_55, i20 %mxm_execute_ursa_signed_char_unsigned_short_unsigned_char_unsigned_short_i_54, i20 %mxm_execute_ursa_signed_char_unsigned_short_unsigned_char_unsigned_short_i_53, i20 %mxm_execute_ursa_signed_char_unsigned_short_unsigned_char_unsigned_short_i_52, i20 %mxm_execute_ursa_signed_char_unsigned_short_unsigned_char_unsigned_short_i_51, i20 %mxm_execute_ursa_signed_char_unsigned_short_unsigned_char_unsigned_short_i_50, i20 %mxm_execute_ursa_signed_char_unsigned_short_unsigned_char_unsigned_short_i_49, i20 %mxm_execute_ursa_signed_char_unsigned_short_unsigned_char_unsigned_short_i_48, i20 %mxm_execute_ursa_signed_char_unsigned_short_unsigned_char_unsigned_short_i_47, i20 %mxm_execute_ursa_signed_char_unsigned_short_unsigned_char_unsigned_short_i_46, i20 %mxm_execute_ursa_signed_char_unsigned_short_unsigned_char_unsigned_short_i_45, i20 %mxm_execute_ursa_signed_char_unsigned_short_unsigned_char_unsigned_short_i_44, i20 %mxm_execute_ursa_signed_char_unsigned_short_unsigned_char_unsigned_short_i_43, i20 %mxm_execute_ursa_signed_char_unsigned_short_unsigned_char_unsigned_short_i_42, i20 %mxm_execute_ursa_signed_char_unsigned_short_unsigned_char_unsigned_short_i_41, i20 %mxm_execute_ursa_signed_char_unsigned_short_unsigned_char_unsigned_short_i_40, i20 %mxm_execute_ursa_signed_char_unsigned_short_unsigned_char_unsigned_short_i_39, i20 %mxm_execute_ursa_signed_char_unsigned_short_unsigned_char_unsigned_short_i_38, i20 %mxm_execute_ursa_signed_char_unsigned_short_unsigned_char_unsigned_short_i_37, i20 %mxm_execute_ursa_signed_char_unsigned_short_unsigned_char_unsigned_short_i_36, i20 %mxm_execute_ursa_signed_char_unsigned_short_unsigned_char_unsigned_short_i_35, i20 %mxm_execute_ursa_signed_char_unsigned_short_unsigned_char_unsigned_short_i_34, i20 %mxm_execute_ursa_signed_char_unsigned_short_unsigned_char_unsigned_short_i_33, i20 %mxm_execute_ursa_signed_char_unsigned_short_unsigned_char_unsigned_short_i_32, i20 %mxm_execute_ursa_signed_char_unsigned_short_unsigned_char_unsigned_short_i_31, i20 %mxm_execute_ursa_signed_char_unsigned_short_unsigned_char_unsigned_short_i_30, i20 %mxm_execute_ursa_signed_char_unsigned_short_unsigned_char_unsigned_short_i_29, i20 %mxm_execute_ursa_signed_char_unsigned_short_unsigned_char_unsigned_short_i_28, i20 %mxm_execute_ursa_signed_char_unsigned_short_unsigned_char_unsigned_short_i_27, i20 %mxm_execute_ursa_signed_char_unsigned_short_unsigned_char_unsigned_short_i_26, i20 %mxm_execute_ursa_signed_char_unsigned_short_unsigned_char_unsigned_short_i_25, i20 %mxm_execute_ursa_signed_char_unsigned_short_unsigned_char_unsigned_short_i_24, i20 %mxm_execute_ursa_signed_char_unsigned_short_unsigned_char_unsigned_short_i_23, i20 %mxm_execute_ursa_signed_char_unsigned_short_unsigned_char_unsigned_short_i_22, i20 %mxm_execute_ursa_signed_char_unsigned_short_unsigned_char_unsigned_short_i_21, i20 %mxm_execute_ursa_signed_char_unsigned_short_unsigned_char_unsigned_short_i_20, i20 %mxm_execute_ursa_signed_char_unsigned_short_unsigned_char_unsigned_short_i_19, i20 %mxm_execute_ursa_signed_char_unsigned_short_unsigned_char_unsigned_short_i_18, i20 %mxm_execute_ursa_signed_char_unsigned_short_unsigned_char_unsigned_short_i_17, i20 %mxm_execute_ursa_signed_char_unsigned_short_unsigned_char_unsigned_short_i_16, i20 %mxm_execute_ursa_signed_char_unsigned_short_unsigned_char_unsigned_short_i_15, i20 %mxm_execute_ursa_signed_char_unsigned_short_unsigned_char_unsigned_short_i_14, i20 %mxm_execute_ursa_signed_char_unsigned_short_unsigned_char_unsigned_short_i_13, i20 %mxm_execute_ursa_signed_char_unsigned_short_unsigned_char_unsigned_short_i_12, i20 %mxm_execute_ursa_signed_char_unsigned_short_unsigned_char_unsigned_short_i_11, i20 %mxm_execute_ursa_signed_char_unsigned_short_unsigned_char_unsigned_short_i_10, i20 %mxm_execute_ursa_signed_char_unsigned_short_unsigned_char_unsigned_short_i_9, i20 %mxm_execute_ursa_signed_char_unsigned_short_unsigned_char_unsigned_short_i_8, i20 %mxm_execute_ursa_signed_char_unsigned_short_unsigned_char_unsigned_short_i_7, i20 %mxm_execute_ursa_signed_char_unsigned_short_unsigned_char_unsigned_short_i_6, i20 %mxm_execute_ursa_signed_char_unsigned_short_unsigned_char_unsigned_short_i_5, i20 %mxm_execute_ursa_signed_char_unsigned_short_unsigned_char_unsigned_short_i_4, i20 %mxm_execute_ursa_signed_char_unsigned_short_unsigned_char_unsigned_short_i_3, i20 %mxm_execute_ursa_signed_char_unsigned_short_unsigned_char_unsigned_short_i_2, i20 %mxm_execute_ursa_signed_char_unsigned_short_unsigned_char_unsigned_short_i_1, i20 %mxm_execute_ursa_signed_char_unsigned_short_unsigned_char_unsigned_short_i" [/home/ulisses/Projects/ursa/src/core/shell.cpp:301]   --->   Operation 223 'call' 'call_ln301' <Predicate = true> <Delay = 0.00> <CoreType = "Generic">   --->   Core 0 '' <Latency = 0> <II = 1> <Delay = 1.00> <Generic> <Opcode : >

State 76 <SV = 75> <Delay = 0.00>
ST_76 : Operation 224 [59/70] (0.00ns)   --->   "%call_ln301 = call void @sa_store, i32 %ca, i32 %addr_sa_c, i16 %b0_q_read, i20 %mxm_execute_ursa_signed_char_unsigned_short_unsigned_char_unsigned_short_i_63, i20 %mxm_execute_ursa_signed_char_unsigned_short_unsigned_char_unsigned_short_i_62, i20 %mxm_execute_ursa_signed_char_unsigned_short_unsigned_char_unsigned_short_i_61, i20 %mxm_execute_ursa_signed_char_unsigned_short_unsigned_char_unsigned_short_i_60, i20 %mxm_execute_ursa_signed_char_unsigned_short_unsigned_char_unsigned_short_i_59, i20 %mxm_execute_ursa_signed_char_unsigned_short_unsigned_char_unsigned_short_i_58, i20 %mxm_execute_ursa_signed_char_unsigned_short_unsigned_char_unsigned_short_i_57, i20 %mxm_execute_ursa_signed_char_unsigned_short_unsigned_char_unsigned_short_i_56, i20 %mxm_execute_ursa_signed_char_unsigned_short_unsigned_char_unsigned_short_i_55, i20 %mxm_execute_ursa_signed_char_unsigned_short_unsigned_char_unsigned_short_i_54, i20 %mxm_execute_ursa_signed_char_unsigned_short_unsigned_char_unsigned_short_i_53, i20 %mxm_execute_ursa_signed_char_unsigned_short_unsigned_char_unsigned_short_i_52, i20 %mxm_execute_ursa_signed_char_unsigned_short_unsigned_char_unsigned_short_i_51, i20 %mxm_execute_ursa_signed_char_unsigned_short_unsigned_char_unsigned_short_i_50, i20 %mxm_execute_ursa_signed_char_unsigned_short_unsigned_char_unsigned_short_i_49, i20 %mxm_execute_ursa_signed_char_unsigned_short_unsigned_char_unsigned_short_i_48, i20 %mxm_execute_ursa_signed_char_unsigned_short_unsigned_char_unsigned_short_i_47, i20 %mxm_execute_ursa_signed_char_unsigned_short_unsigned_char_unsigned_short_i_46, i20 %mxm_execute_ursa_signed_char_unsigned_short_unsigned_char_unsigned_short_i_45, i20 %mxm_execute_ursa_signed_char_unsigned_short_unsigned_char_unsigned_short_i_44, i20 %mxm_execute_ursa_signed_char_unsigned_short_unsigned_char_unsigned_short_i_43, i20 %mxm_execute_ursa_signed_char_unsigned_short_unsigned_char_unsigned_short_i_42, i20 %mxm_execute_ursa_signed_char_unsigned_short_unsigned_char_unsigned_short_i_41, i20 %mxm_execute_ursa_signed_char_unsigned_short_unsigned_char_unsigned_short_i_40, i20 %mxm_execute_ursa_signed_char_unsigned_short_unsigned_char_unsigned_short_i_39, i20 %mxm_execute_ursa_signed_char_unsigned_short_unsigned_char_unsigned_short_i_38, i20 %mxm_execute_ursa_signed_char_unsigned_short_unsigned_char_unsigned_short_i_37, i20 %mxm_execute_ursa_signed_char_unsigned_short_unsigned_char_unsigned_short_i_36, i20 %mxm_execute_ursa_signed_char_unsigned_short_unsigned_char_unsigned_short_i_35, i20 %mxm_execute_ursa_signed_char_unsigned_short_unsigned_char_unsigned_short_i_34, i20 %mxm_execute_ursa_signed_char_unsigned_short_unsigned_char_unsigned_short_i_33, i20 %mxm_execute_ursa_signed_char_unsigned_short_unsigned_char_unsigned_short_i_32, i20 %mxm_execute_ursa_signed_char_unsigned_short_unsigned_char_unsigned_short_i_31, i20 %mxm_execute_ursa_signed_char_unsigned_short_unsigned_char_unsigned_short_i_30, i20 %mxm_execute_ursa_signed_char_unsigned_short_unsigned_char_unsigned_short_i_29, i20 %mxm_execute_ursa_signed_char_unsigned_short_unsigned_char_unsigned_short_i_28, i20 %mxm_execute_ursa_signed_char_unsigned_short_unsigned_char_unsigned_short_i_27, i20 %mxm_execute_ursa_signed_char_unsigned_short_unsigned_char_unsigned_short_i_26, i20 %mxm_execute_ursa_signed_char_unsigned_short_unsigned_char_unsigned_short_i_25, i20 %mxm_execute_ursa_signed_char_unsigned_short_unsigned_char_unsigned_short_i_24, i20 %mxm_execute_ursa_signed_char_unsigned_short_unsigned_char_unsigned_short_i_23, i20 %mxm_execute_ursa_signed_char_unsigned_short_unsigned_char_unsigned_short_i_22, i20 %mxm_execute_ursa_signed_char_unsigned_short_unsigned_char_unsigned_short_i_21, i20 %mxm_execute_ursa_signed_char_unsigned_short_unsigned_char_unsigned_short_i_20, i20 %mxm_execute_ursa_signed_char_unsigned_short_unsigned_char_unsigned_short_i_19, i20 %mxm_execute_ursa_signed_char_unsigned_short_unsigned_char_unsigned_short_i_18, i20 %mxm_execute_ursa_signed_char_unsigned_short_unsigned_char_unsigned_short_i_17, i20 %mxm_execute_ursa_signed_char_unsigned_short_unsigned_char_unsigned_short_i_16, i20 %mxm_execute_ursa_signed_char_unsigned_short_unsigned_char_unsigned_short_i_15, i20 %mxm_execute_ursa_signed_char_unsigned_short_unsigned_char_unsigned_short_i_14, i20 %mxm_execute_ursa_signed_char_unsigned_short_unsigned_char_unsigned_short_i_13, i20 %mxm_execute_ursa_signed_char_unsigned_short_unsigned_char_unsigned_short_i_12, i20 %mxm_execute_ursa_signed_char_unsigned_short_unsigned_char_unsigned_short_i_11, i20 %mxm_execute_ursa_signed_char_unsigned_short_unsigned_char_unsigned_short_i_10, i20 %mxm_execute_ursa_signed_char_unsigned_short_unsigned_char_unsigned_short_i_9, i20 %mxm_execute_ursa_signed_char_unsigned_short_unsigned_char_unsigned_short_i_8, i20 %mxm_execute_ursa_signed_char_unsigned_short_unsigned_char_unsigned_short_i_7, i20 %mxm_execute_ursa_signed_char_unsigned_short_unsigned_char_unsigned_short_i_6, i20 %mxm_execute_ursa_signed_char_unsigned_short_unsigned_char_unsigned_short_i_5, i20 %mxm_execute_ursa_signed_char_unsigned_short_unsigned_char_unsigned_short_i_4, i20 %mxm_execute_ursa_signed_char_unsigned_short_unsigned_char_unsigned_short_i_3, i20 %mxm_execute_ursa_signed_char_unsigned_short_unsigned_char_unsigned_short_i_2, i20 %mxm_execute_ursa_signed_char_unsigned_short_unsigned_char_unsigned_short_i_1, i20 %mxm_execute_ursa_signed_char_unsigned_short_unsigned_char_unsigned_short_i" [/home/ulisses/Projects/ursa/src/core/shell.cpp:301]   --->   Operation 224 'call' 'call_ln301' <Predicate = true> <Delay = 0.00> <CoreType = "Generic">   --->   Core 0 '' <Latency = 0> <II = 1> <Delay = 1.00> <Generic> <Opcode : >

State 77 <SV = 76> <Delay = 0.00>
ST_77 : Operation 225 [58/70] (0.00ns)   --->   "%call_ln301 = call void @sa_store, i32 %ca, i32 %addr_sa_c, i16 %b0_q_read, i20 %mxm_execute_ursa_signed_char_unsigned_short_unsigned_char_unsigned_short_i_63, i20 %mxm_execute_ursa_signed_char_unsigned_short_unsigned_char_unsigned_short_i_62, i20 %mxm_execute_ursa_signed_char_unsigned_short_unsigned_char_unsigned_short_i_61, i20 %mxm_execute_ursa_signed_char_unsigned_short_unsigned_char_unsigned_short_i_60, i20 %mxm_execute_ursa_signed_char_unsigned_short_unsigned_char_unsigned_short_i_59, i20 %mxm_execute_ursa_signed_char_unsigned_short_unsigned_char_unsigned_short_i_58, i20 %mxm_execute_ursa_signed_char_unsigned_short_unsigned_char_unsigned_short_i_57, i20 %mxm_execute_ursa_signed_char_unsigned_short_unsigned_char_unsigned_short_i_56, i20 %mxm_execute_ursa_signed_char_unsigned_short_unsigned_char_unsigned_short_i_55, i20 %mxm_execute_ursa_signed_char_unsigned_short_unsigned_char_unsigned_short_i_54, i20 %mxm_execute_ursa_signed_char_unsigned_short_unsigned_char_unsigned_short_i_53, i20 %mxm_execute_ursa_signed_char_unsigned_short_unsigned_char_unsigned_short_i_52, i20 %mxm_execute_ursa_signed_char_unsigned_short_unsigned_char_unsigned_short_i_51, i20 %mxm_execute_ursa_signed_char_unsigned_short_unsigned_char_unsigned_short_i_50, i20 %mxm_execute_ursa_signed_char_unsigned_short_unsigned_char_unsigned_short_i_49, i20 %mxm_execute_ursa_signed_char_unsigned_short_unsigned_char_unsigned_short_i_48, i20 %mxm_execute_ursa_signed_char_unsigned_short_unsigned_char_unsigned_short_i_47, i20 %mxm_execute_ursa_signed_char_unsigned_short_unsigned_char_unsigned_short_i_46, i20 %mxm_execute_ursa_signed_char_unsigned_short_unsigned_char_unsigned_short_i_45, i20 %mxm_execute_ursa_signed_char_unsigned_short_unsigned_char_unsigned_short_i_44, i20 %mxm_execute_ursa_signed_char_unsigned_short_unsigned_char_unsigned_short_i_43, i20 %mxm_execute_ursa_signed_char_unsigned_short_unsigned_char_unsigned_short_i_42, i20 %mxm_execute_ursa_signed_char_unsigned_short_unsigned_char_unsigned_short_i_41, i20 %mxm_execute_ursa_signed_char_unsigned_short_unsigned_char_unsigned_short_i_40, i20 %mxm_execute_ursa_signed_char_unsigned_short_unsigned_char_unsigned_short_i_39, i20 %mxm_execute_ursa_signed_char_unsigned_short_unsigned_char_unsigned_short_i_38, i20 %mxm_execute_ursa_signed_char_unsigned_short_unsigned_char_unsigned_short_i_37, i20 %mxm_execute_ursa_signed_char_unsigned_short_unsigned_char_unsigned_short_i_36, i20 %mxm_execute_ursa_signed_char_unsigned_short_unsigned_char_unsigned_short_i_35, i20 %mxm_execute_ursa_signed_char_unsigned_short_unsigned_char_unsigned_short_i_34, i20 %mxm_execute_ursa_signed_char_unsigned_short_unsigned_char_unsigned_short_i_33, i20 %mxm_execute_ursa_signed_char_unsigned_short_unsigned_char_unsigned_short_i_32, i20 %mxm_execute_ursa_signed_char_unsigned_short_unsigned_char_unsigned_short_i_31, i20 %mxm_execute_ursa_signed_char_unsigned_short_unsigned_char_unsigned_short_i_30, i20 %mxm_execute_ursa_signed_char_unsigned_short_unsigned_char_unsigned_short_i_29, i20 %mxm_execute_ursa_signed_char_unsigned_short_unsigned_char_unsigned_short_i_28, i20 %mxm_execute_ursa_signed_char_unsigned_short_unsigned_char_unsigned_short_i_27, i20 %mxm_execute_ursa_signed_char_unsigned_short_unsigned_char_unsigned_short_i_26, i20 %mxm_execute_ursa_signed_char_unsigned_short_unsigned_char_unsigned_short_i_25, i20 %mxm_execute_ursa_signed_char_unsigned_short_unsigned_char_unsigned_short_i_24, i20 %mxm_execute_ursa_signed_char_unsigned_short_unsigned_char_unsigned_short_i_23, i20 %mxm_execute_ursa_signed_char_unsigned_short_unsigned_char_unsigned_short_i_22, i20 %mxm_execute_ursa_signed_char_unsigned_short_unsigned_char_unsigned_short_i_21, i20 %mxm_execute_ursa_signed_char_unsigned_short_unsigned_char_unsigned_short_i_20, i20 %mxm_execute_ursa_signed_char_unsigned_short_unsigned_char_unsigned_short_i_19, i20 %mxm_execute_ursa_signed_char_unsigned_short_unsigned_char_unsigned_short_i_18, i20 %mxm_execute_ursa_signed_char_unsigned_short_unsigned_char_unsigned_short_i_17, i20 %mxm_execute_ursa_signed_char_unsigned_short_unsigned_char_unsigned_short_i_16, i20 %mxm_execute_ursa_signed_char_unsigned_short_unsigned_char_unsigned_short_i_15, i20 %mxm_execute_ursa_signed_char_unsigned_short_unsigned_char_unsigned_short_i_14, i20 %mxm_execute_ursa_signed_char_unsigned_short_unsigned_char_unsigned_short_i_13, i20 %mxm_execute_ursa_signed_char_unsigned_short_unsigned_char_unsigned_short_i_12, i20 %mxm_execute_ursa_signed_char_unsigned_short_unsigned_char_unsigned_short_i_11, i20 %mxm_execute_ursa_signed_char_unsigned_short_unsigned_char_unsigned_short_i_10, i20 %mxm_execute_ursa_signed_char_unsigned_short_unsigned_char_unsigned_short_i_9, i20 %mxm_execute_ursa_signed_char_unsigned_short_unsigned_char_unsigned_short_i_8, i20 %mxm_execute_ursa_signed_char_unsigned_short_unsigned_char_unsigned_short_i_7, i20 %mxm_execute_ursa_signed_char_unsigned_short_unsigned_char_unsigned_short_i_6, i20 %mxm_execute_ursa_signed_char_unsigned_short_unsigned_char_unsigned_short_i_5, i20 %mxm_execute_ursa_signed_char_unsigned_short_unsigned_char_unsigned_short_i_4, i20 %mxm_execute_ursa_signed_char_unsigned_short_unsigned_char_unsigned_short_i_3, i20 %mxm_execute_ursa_signed_char_unsigned_short_unsigned_char_unsigned_short_i_2, i20 %mxm_execute_ursa_signed_char_unsigned_short_unsigned_char_unsigned_short_i_1, i20 %mxm_execute_ursa_signed_char_unsigned_short_unsigned_char_unsigned_short_i" [/home/ulisses/Projects/ursa/src/core/shell.cpp:301]   --->   Operation 225 'call' 'call_ln301' <Predicate = true> <Delay = 0.00> <CoreType = "Generic">   --->   Core 0 '' <Latency = 0> <II = 1> <Delay = 1.00> <Generic> <Opcode : >

State 78 <SV = 77> <Delay = 0.00>
ST_78 : Operation 226 [57/70] (0.00ns)   --->   "%call_ln301 = call void @sa_store, i32 %ca, i32 %addr_sa_c, i16 %b0_q_read, i20 %mxm_execute_ursa_signed_char_unsigned_short_unsigned_char_unsigned_short_i_63, i20 %mxm_execute_ursa_signed_char_unsigned_short_unsigned_char_unsigned_short_i_62, i20 %mxm_execute_ursa_signed_char_unsigned_short_unsigned_char_unsigned_short_i_61, i20 %mxm_execute_ursa_signed_char_unsigned_short_unsigned_char_unsigned_short_i_60, i20 %mxm_execute_ursa_signed_char_unsigned_short_unsigned_char_unsigned_short_i_59, i20 %mxm_execute_ursa_signed_char_unsigned_short_unsigned_char_unsigned_short_i_58, i20 %mxm_execute_ursa_signed_char_unsigned_short_unsigned_char_unsigned_short_i_57, i20 %mxm_execute_ursa_signed_char_unsigned_short_unsigned_char_unsigned_short_i_56, i20 %mxm_execute_ursa_signed_char_unsigned_short_unsigned_char_unsigned_short_i_55, i20 %mxm_execute_ursa_signed_char_unsigned_short_unsigned_char_unsigned_short_i_54, i20 %mxm_execute_ursa_signed_char_unsigned_short_unsigned_char_unsigned_short_i_53, i20 %mxm_execute_ursa_signed_char_unsigned_short_unsigned_char_unsigned_short_i_52, i20 %mxm_execute_ursa_signed_char_unsigned_short_unsigned_char_unsigned_short_i_51, i20 %mxm_execute_ursa_signed_char_unsigned_short_unsigned_char_unsigned_short_i_50, i20 %mxm_execute_ursa_signed_char_unsigned_short_unsigned_char_unsigned_short_i_49, i20 %mxm_execute_ursa_signed_char_unsigned_short_unsigned_char_unsigned_short_i_48, i20 %mxm_execute_ursa_signed_char_unsigned_short_unsigned_char_unsigned_short_i_47, i20 %mxm_execute_ursa_signed_char_unsigned_short_unsigned_char_unsigned_short_i_46, i20 %mxm_execute_ursa_signed_char_unsigned_short_unsigned_char_unsigned_short_i_45, i20 %mxm_execute_ursa_signed_char_unsigned_short_unsigned_char_unsigned_short_i_44, i20 %mxm_execute_ursa_signed_char_unsigned_short_unsigned_char_unsigned_short_i_43, i20 %mxm_execute_ursa_signed_char_unsigned_short_unsigned_char_unsigned_short_i_42, i20 %mxm_execute_ursa_signed_char_unsigned_short_unsigned_char_unsigned_short_i_41, i20 %mxm_execute_ursa_signed_char_unsigned_short_unsigned_char_unsigned_short_i_40, i20 %mxm_execute_ursa_signed_char_unsigned_short_unsigned_char_unsigned_short_i_39, i20 %mxm_execute_ursa_signed_char_unsigned_short_unsigned_char_unsigned_short_i_38, i20 %mxm_execute_ursa_signed_char_unsigned_short_unsigned_char_unsigned_short_i_37, i20 %mxm_execute_ursa_signed_char_unsigned_short_unsigned_char_unsigned_short_i_36, i20 %mxm_execute_ursa_signed_char_unsigned_short_unsigned_char_unsigned_short_i_35, i20 %mxm_execute_ursa_signed_char_unsigned_short_unsigned_char_unsigned_short_i_34, i20 %mxm_execute_ursa_signed_char_unsigned_short_unsigned_char_unsigned_short_i_33, i20 %mxm_execute_ursa_signed_char_unsigned_short_unsigned_char_unsigned_short_i_32, i20 %mxm_execute_ursa_signed_char_unsigned_short_unsigned_char_unsigned_short_i_31, i20 %mxm_execute_ursa_signed_char_unsigned_short_unsigned_char_unsigned_short_i_30, i20 %mxm_execute_ursa_signed_char_unsigned_short_unsigned_char_unsigned_short_i_29, i20 %mxm_execute_ursa_signed_char_unsigned_short_unsigned_char_unsigned_short_i_28, i20 %mxm_execute_ursa_signed_char_unsigned_short_unsigned_char_unsigned_short_i_27, i20 %mxm_execute_ursa_signed_char_unsigned_short_unsigned_char_unsigned_short_i_26, i20 %mxm_execute_ursa_signed_char_unsigned_short_unsigned_char_unsigned_short_i_25, i20 %mxm_execute_ursa_signed_char_unsigned_short_unsigned_char_unsigned_short_i_24, i20 %mxm_execute_ursa_signed_char_unsigned_short_unsigned_char_unsigned_short_i_23, i20 %mxm_execute_ursa_signed_char_unsigned_short_unsigned_char_unsigned_short_i_22, i20 %mxm_execute_ursa_signed_char_unsigned_short_unsigned_char_unsigned_short_i_21, i20 %mxm_execute_ursa_signed_char_unsigned_short_unsigned_char_unsigned_short_i_20, i20 %mxm_execute_ursa_signed_char_unsigned_short_unsigned_char_unsigned_short_i_19, i20 %mxm_execute_ursa_signed_char_unsigned_short_unsigned_char_unsigned_short_i_18, i20 %mxm_execute_ursa_signed_char_unsigned_short_unsigned_char_unsigned_short_i_17, i20 %mxm_execute_ursa_signed_char_unsigned_short_unsigned_char_unsigned_short_i_16, i20 %mxm_execute_ursa_signed_char_unsigned_short_unsigned_char_unsigned_short_i_15, i20 %mxm_execute_ursa_signed_char_unsigned_short_unsigned_char_unsigned_short_i_14, i20 %mxm_execute_ursa_signed_char_unsigned_short_unsigned_char_unsigned_short_i_13, i20 %mxm_execute_ursa_signed_char_unsigned_short_unsigned_char_unsigned_short_i_12, i20 %mxm_execute_ursa_signed_char_unsigned_short_unsigned_char_unsigned_short_i_11, i20 %mxm_execute_ursa_signed_char_unsigned_short_unsigned_char_unsigned_short_i_10, i20 %mxm_execute_ursa_signed_char_unsigned_short_unsigned_char_unsigned_short_i_9, i20 %mxm_execute_ursa_signed_char_unsigned_short_unsigned_char_unsigned_short_i_8, i20 %mxm_execute_ursa_signed_char_unsigned_short_unsigned_char_unsigned_short_i_7, i20 %mxm_execute_ursa_signed_char_unsigned_short_unsigned_char_unsigned_short_i_6, i20 %mxm_execute_ursa_signed_char_unsigned_short_unsigned_char_unsigned_short_i_5, i20 %mxm_execute_ursa_signed_char_unsigned_short_unsigned_char_unsigned_short_i_4, i20 %mxm_execute_ursa_signed_char_unsigned_short_unsigned_char_unsigned_short_i_3, i20 %mxm_execute_ursa_signed_char_unsigned_short_unsigned_char_unsigned_short_i_2, i20 %mxm_execute_ursa_signed_char_unsigned_short_unsigned_char_unsigned_short_i_1, i20 %mxm_execute_ursa_signed_char_unsigned_short_unsigned_char_unsigned_short_i" [/home/ulisses/Projects/ursa/src/core/shell.cpp:301]   --->   Operation 226 'call' 'call_ln301' <Predicate = true> <Delay = 0.00> <CoreType = "Generic">   --->   Core 0 '' <Latency = 0> <II = 1> <Delay = 1.00> <Generic> <Opcode : >

State 79 <SV = 78> <Delay = 0.00>
ST_79 : Operation 227 [56/70] (0.00ns)   --->   "%call_ln301 = call void @sa_store, i32 %ca, i32 %addr_sa_c, i16 %b0_q_read, i20 %mxm_execute_ursa_signed_char_unsigned_short_unsigned_char_unsigned_short_i_63, i20 %mxm_execute_ursa_signed_char_unsigned_short_unsigned_char_unsigned_short_i_62, i20 %mxm_execute_ursa_signed_char_unsigned_short_unsigned_char_unsigned_short_i_61, i20 %mxm_execute_ursa_signed_char_unsigned_short_unsigned_char_unsigned_short_i_60, i20 %mxm_execute_ursa_signed_char_unsigned_short_unsigned_char_unsigned_short_i_59, i20 %mxm_execute_ursa_signed_char_unsigned_short_unsigned_char_unsigned_short_i_58, i20 %mxm_execute_ursa_signed_char_unsigned_short_unsigned_char_unsigned_short_i_57, i20 %mxm_execute_ursa_signed_char_unsigned_short_unsigned_char_unsigned_short_i_56, i20 %mxm_execute_ursa_signed_char_unsigned_short_unsigned_char_unsigned_short_i_55, i20 %mxm_execute_ursa_signed_char_unsigned_short_unsigned_char_unsigned_short_i_54, i20 %mxm_execute_ursa_signed_char_unsigned_short_unsigned_char_unsigned_short_i_53, i20 %mxm_execute_ursa_signed_char_unsigned_short_unsigned_char_unsigned_short_i_52, i20 %mxm_execute_ursa_signed_char_unsigned_short_unsigned_char_unsigned_short_i_51, i20 %mxm_execute_ursa_signed_char_unsigned_short_unsigned_char_unsigned_short_i_50, i20 %mxm_execute_ursa_signed_char_unsigned_short_unsigned_char_unsigned_short_i_49, i20 %mxm_execute_ursa_signed_char_unsigned_short_unsigned_char_unsigned_short_i_48, i20 %mxm_execute_ursa_signed_char_unsigned_short_unsigned_char_unsigned_short_i_47, i20 %mxm_execute_ursa_signed_char_unsigned_short_unsigned_char_unsigned_short_i_46, i20 %mxm_execute_ursa_signed_char_unsigned_short_unsigned_char_unsigned_short_i_45, i20 %mxm_execute_ursa_signed_char_unsigned_short_unsigned_char_unsigned_short_i_44, i20 %mxm_execute_ursa_signed_char_unsigned_short_unsigned_char_unsigned_short_i_43, i20 %mxm_execute_ursa_signed_char_unsigned_short_unsigned_char_unsigned_short_i_42, i20 %mxm_execute_ursa_signed_char_unsigned_short_unsigned_char_unsigned_short_i_41, i20 %mxm_execute_ursa_signed_char_unsigned_short_unsigned_char_unsigned_short_i_40, i20 %mxm_execute_ursa_signed_char_unsigned_short_unsigned_char_unsigned_short_i_39, i20 %mxm_execute_ursa_signed_char_unsigned_short_unsigned_char_unsigned_short_i_38, i20 %mxm_execute_ursa_signed_char_unsigned_short_unsigned_char_unsigned_short_i_37, i20 %mxm_execute_ursa_signed_char_unsigned_short_unsigned_char_unsigned_short_i_36, i20 %mxm_execute_ursa_signed_char_unsigned_short_unsigned_char_unsigned_short_i_35, i20 %mxm_execute_ursa_signed_char_unsigned_short_unsigned_char_unsigned_short_i_34, i20 %mxm_execute_ursa_signed_char_unsigned_short_unsigned_char_unsigned_short_i_33, i20 %mxm_execute_ursa_signed_char_unsigned_short_unsigned_char_unsigned_short_i_32, i20 %mxm_execute_ursa_signed_char_unsigned_short_unsigned_char_unsigned_short_i_31, i20 %mxm_execute_ursa_signed_char_unsigned_short_unsigned_char_unsigned_short_i_30, i20 %mxm_execute_ursa_signed_char_unsigned_short_unsigned_char_unsigned_short_i_29, i20 %mxm_execute_ursa_signed_char_unsigned_short_unsigned_char_unsigned_short_i_28, i20 %mxm_execute_ursa_signed_char_unsigned_short_unsigned_char_unsigned_short_i_27, i20 %mxm_execute_ursa_signed_char_unsigned_short_unsigned_char_unsigned_short_i_26, i20 %mxm_execute_ursa_signed_char_unsigned_short_unsigned_char_unsigned_short_i_25, i20 %mxm_execute_ursa_signed_char_unsigned_short_unsigned_char_unsigned_short_i_24, i20 %mxm_execute_ursa_signed_char_unsigned_short_unsigned_char_unsigned_short_i_23, i20 %mxm_execute_ursa_signed_char_unsigned_short_unsigned_char_unsigned_short_i_22, i20 %mxm_execute_ursa_signed_char_unsigned_short_unsigned_char_unsigned_short_i_21, i20 %mxm_execute_ursa_signed_char_unsigned_short_unsigned_char_unsigned_short_i_20, i20 %mxm_execute_ursa_signed_char_unsigned_short_unsigned_char_unsigned_short_i_19, i20 %mxm_execute_ursa_signed_char_unsigned_short_unsigned_char_unsigned_short_i_18, i20 %mxm_execute_ursa_signed_char_unsigned_short_unsigned_char_unsigned_short_i_17, i20 %mxm_execute_ursa_signed_char_unsigned_short_unsigned_char_unsigned_short_i_16, i20 %mxm_execute_ursa_signed_char_unsigned_short_unsigned_char_unsigned_short_i_15, i20 %mxm_execute_ursa_signed_char_unsigned_short_unsigned_char_unsigned_short_i_14, i20 %mxm_execute_ursa_signed_char_unsigned_short_unsigned_char_unsigned_short_i_13, i20 %mxm_execute_ursa_signed_char_unsigned_short_unsigned_char_unsigned_short_i_12, i20 %mxm_execute_ursa_signed_char_unsigned_short_unsigned_char_unsigned_short_i_11, i20 %mxm_execute_ursa_signed_char_unsigned_short_unsigned_char_unsigned_short_i_10, i20 %mxm_execute_ursa_signed_char_unsigned_short_unsigned_char_unsigned_short_i_9, i20 %mxm_execute_ursa_signed_char_unsigned_short_unsigned_char_unsigned_short_i_8, i20 %mxm_execute_ursa_signed_char_unsigned_short_unsigned_char_unsigned_short_i_7, i20 %mxm_execute_ursa_signed_char_unsigned_short_unsigned_char_unsigned_short_i_6, i20 %mxm_execute_ursa_signed_char_unsigned_short_unsigned_char_unsigned_short_i_5, i20 %mxm_execute_ursa_signed_char_unsigned_short_unsigned_char_unsigned_short_i_4, i20 %mxm_execute_ursa_signed_char_unsigned_short_unsigned_char_unsigned_short_i_3, i20 %mxm_execute_ursa_signed_char_unsigned_short_unsigned_char_unsigned_short_i_2, i20 %mxm_execute_ursa_signed_char_unsigned_short_unsigned_char_unsigned_short_i_1, i20 %mxm_execute_ursa_signed_char_unsigned_short_unsigned_char_unsigned_short_i" [/home/ulisses/Projects/ursa/src/core/shell.cpp:301]   --->   Operation 227 'call' 'call_ln301' <Predicate = true> <Delay = 0.00> <CoreType = "Generic">   --->   Core 0 '' <Latency = 0> <II = 1> <Delay = 1.00> <Generic> <Opcode : >

State 80 <SV = 79> <Delay = 0.00>
ST_80 : Operation 228 [55/70] (0.00ns)   --->   "%call_ln301 = call void @sa_store, i32 %ca, i32 %addr_sa_c, i16 %b0_q_read, i20 %mxm_execute_ursa_signed_char_unsigned_short_unsigned_char_unsigned_short_i_63, i20 %mxm_execute_ursa_signed_char_unsigned_short_unsigned_char_unsigned_short_i_62, i20 %mxm_execute_ursa_signed_char_unsigned_short_unsigned_char_unsigned_short_i_61, i20 %mxm_execute_ursa_signed_char_unsigned_short_unsigned_char_unsigned_short_i_60, i20 %mxm_execute_ursa_signed_char_unsigned_short_unsigned_char_unsigned_short_i_59, i20 %mxm_execute_ursa_signed_char_unsigned_short_unsigned_char_unsigned_short_i_58, i20 %mxm_execute_ursa_signed_char_unsigned_short_unsigned_char_unsigned_short_i_57, i20 %mxm_execute_ursa_signed_char_unsigned_short_unsigned_char_unsigned_short_i_56, i20 %mxm_execute_ursa_signed_char_unsigned_short_unsigned_char_unsigned_short_i_55, i20 %mxm_execute_ursa_signed_char_unsigned_short_unsigned_char_unsigned_short_i_54, i20 %mxm_execute_ursa_signed_char_unsigned_short_unsigned_char_unsigned_short_i_53, i20 %mxm_execute_ursa_signed_char_unsigned_short_unsigned_char_unsigned_short_i_52, i20 %mxm_execute_ursa_signed_char_unsigned_short_unsigned_char_unsigned_short_i_51, i20 %mxm_execute_ursa_signed_char_unsigned_short_unsigned_char_unsigned_short_i_50, i20 %mxm_execute_ursa_signed_char_unsigned_short_unsigned_char_unsigned_short_i_49, i20 %mxm_execute_ursa_signed_char_unsigned_short_unsigned_char_unsigned_short_i_48, i20 %mxm_execute_ursa_signed_char_unsigned_short_unsigned_char_unsigned_short_i_47, i20 %mxm_execute_ursa_signed_char_unsigned_short_unsigned_char_unsigned_short_i_46, i20 %mxm_execute_ursa_signed_char_unsigned_short_unsigned_char_unsigned_short_i_45, i20 %mxm_execute_ursa_signed_char_unsigned_short_unsigned_char_unsigned_short_i_44, i20 %mxm_execute_ursa_signed_char_unsigned_short_unsigned_char_unsigned_short_i_43, i20 %mxm_execute_ursa_signed_char_unsigned_short_unsigned_char_unsigned_short_i_42, i20 %mxm_execute_ursa_signed_char_unsigned_short_unsigned_char_unsigned_short_i_41, i20 %mxm_execute_ursa_signed_char_unsigned_short_unsigned_char_unsigned_short_i_40, i20 %mxm_execute_ursa_signed_char_unsigned_short_unsigned_char_unsigned_short_i_39, i20 %mxm_execute_ursa_signed_char_unsigned_short_unsigned_char_unsigned_short_i_38, i20 %mxm_execute_ursa_signed_char_unsigned_short_unsigned_char_unsigned_short_i_37, i20 %mxm_execute_ursa_signed_char_unsigned_short_unsigned_char_unsigned_short_i_36, i20 %mxm_execute_ursa_signed_char_unsigned_short_unsigned_char_unsigned_short_i_35, i20 %mxm_execute_ursa_signed_char_unsigned_short_unsigned_char_unsigned_short_i_34, i20 %mxm_execute_ursa_signed_char_unsigned_short_unsigned_char_unsigned_short_i_33, i20 %mxm_execute_ursa_signed_char_unsigned_short_unsigned_char_unsigned_short_i_32, i20 %mxm_execute_ursa_signed_char_unsigned_short_unsigned_char_unsigned_short_i_31, i20 %mxm_execute_ursa_signed_char_unsigned_short_unsigned_char_unsigned_short_i_30, i20 %mxm_execute_ursa_signed_char_unsigned_short_unsigned_char_unsigned_short_i_29, i20 %mxm_execute_ursa_signed_char_unsigned_short_unsigned_char_unsigned_short_i_28, i20 %mxm_execute_ursa_signed_char_unsigned_short_unsigned_char_unsigned_short_i_27, i20 %mxm_execute_ursa_signed_char_unsigned_short_unsigned_char_unsigned_short_i_26, i20 %mxm_execute_ursa_signed_char_unsigned_short_unsigned_char_unsigned_short_i_25, i20 %mxm_execute_ursa_signed_char_unsigned_short_unsigned_char_unsigned_short_i_24, i20 %mxm_execute_ursa_signed_char_unsigned_short_unsigned_char_unsigned_short_i_23, i20 %mxm_execute_ursa_signed_char_unsigned_short_unsigned_char_unsigned_short_i_22, i20 %mxm_execute_ursa_signed_char_unsigned_short_unsigned_char_unsigned_short_i_21, i20 %mxm_execute_ursa_signed_char_unsigned_short_unsigned_char_unsigned_short_i_20, i20 %mxm_execute_ursa_signed_char_unsigned_short_unsigned_char_unsigned_short_i_19, i20 %mxm_execute_ursa_signed_char_unsigned_short_unsigned_char_unsigned_short_i_18, i20 %mxm_execute_ursa_signed_char_unsigned_short_unsigned_char_unsigned_short_i_17, i20 %mxm_execute_ursa_signed_char_unsigned_short_unsigned_char_unsigned_short_i_16, i20 %mxm_execute_ursa_signed_char_unsigned_short_unsigned_char_unsigned_short_i_15, i20 %mxm_execute_ursa_signed_char_unsigned_short_unsigned_char_unsigned_short_i_14, i20 %mxm_execute_ursa_signed_char_unsigned_short_unsigned_char_unsigned_short_i_13, i20 %mxm_execute_ursa_signed_char_unsigned_short_unsigned_char_unsigned_short_i_12, i20 %mxm_execute_ursa_signed_char_unsigned_short_unsigned_char_unsigned_short_i_11, i20 %mxm_execute_ursa_signed_char_unsigned_short_unsigned_char_unsigned_short_i_10, i20 %mxm_execute_ursa_signed_char_unsigned_short_unsigned_char_unsigned_short_i_9, i20 %mxm_execute_ursa_signed_char_unsigned_short_unsigned_char_unsigned_short_i_8, i20 %mxm_execute_ursa_signed_char_unsigned_short_unsigned_char_unsigned_short_i_7, i20 %mxm_execute_ursa_signed_char_unsigned_short_unsigned_char_unsigned_short_i_6, i20 %mxm_execute_ursa_signed_char_unsigned_short_unsigned_char_unsigned_short_i_5, i20 %mxm_execute_ursa_signed_char_unsigned_short_unsigned_char_unsigned_short_i_4, i20 %mxm_execute_ursa_signed_char_unsigned_short_unsigned_char_unsigned_short_i_3, i20 %mxm_execute_ursa_signed_char_unsigned_short_unsigned_char_unsigned_short_i_2, i20 %mxm_execute_ursa_signed_char_unsigned_short_unsigned_char_unsigned_short_i_1, i20 %mxm_execute_ursa_signed_char_unsigned_short_unsigned_char_unsigned_short_i" [/home/ulisses/Projects/ursa/src/core/shell.cpp:301]   --->   Operation 228 'call' 'call_ln301' <Predicate = true> <Delay = 0.00> <CoreType = "Generic">   --->   Core 0 '' <Latency = 0> <II = 1> <Delay = 1.00> <Generic> <Opcode : >

State 81 <SV = 80> <Delay = 0.00>
ST_81 : Operation 229 [54/70] (0.00ns)   --->   "%call_ln301 = call void @sa_store, i32 %ca, i32 %addr_sa_c, i16 %b0_q_read, i20 %mxm_execute_ursa_signed_char_unsigned_short_unsigned_char_unsigned_short_i_63, i20 %mxm_execute_ursa_signed_char_unsigned_short_unsigned_char_unsigned_short_i_62, i20 %mxm_execute_ursa_signed_char_unsigned_short_unsigned_char_unsigned_short_i_61, i20 %mxm_execute_ursa_signed_char_unsigned_short_unsigned_char_unsigned_short_i_60, i20 %mxm_execute_ursa_signed_char_unsigned_short_unsigned_char_unsigned_short_i_59, i20 %mxm_execute_ursa_signed_char_unsigned_short_unsigned_char_unsigned_short_i_58, i20 %mxm_execute_ursa_signed_char_unsigned_short_unsigned_char_unsigned_short_i_57, i20 %mxm_execute_ursa_signed_char_unsigned_short_unsigned_char_unsigned_short_i_56, i20 %mxm_execute_ursa_signed_char_unsigned_short_unsigned_char_unsigned_short_i_55, i20 %mxm_execute_ursa_signed_char_unsigned_short_unsigned_char_unsigned_short_i_54, i20 %mxm_execute_ursa_signed_char_unsigned_short_unsigned_char_unsigned_short_i_53, i20 %mxm_execute_ursa_signed_char_unsigned_short_unsigned_char_unsigned_short_i_52, i20 %mxm_execute_ursa_signed_char_unsigned_short_unsigned_char_unsigned_short_i_51, i20 %mxm_execute_ursa_signed_char_unsigned_short_unsigned_char_unsigned_short_i_50, i20 %mxm_execute_ursa_signed_char_unsigned_short_unsigned_char_unsigned_short_i_49, i20 %mxm_execute_ursa_signed_char_unsigned_short_unsigned_char_unsigned_short_i_48, i20 %mxm_execute_ursa_signed_char_unsigned_short_unsigned_char_unsigned_short_i_47, i20 %mxm_execute_ursa_signed_char_unsigned_short_unsigned_char_unsigned_short_i_46, i20 %mxm_execute_ursa_signed_char_unsigned_short_unsigned_char_unsigned_short_i_45, i20 %mxm_execute_ursa_signed_char_unsigned_short_unsigned_char_unsigned_short_i_44, i20 %mxm_execute_ursa_signed_char_unsigned_short_unsigned_char_unsigned_short_i_43, i20 %mxm_execute_ursa_signed_char_unsigned_short_unsigned_char_unsigned_short_i_42, i20 %mxm_execute_ursa_signed_char_unsigned_short_unsigned_char_unsigned_short_i_41, i20 %mxm_execute_ursa_signed_char_unsigned_short_unsigned_char_unsigned_short_i_40, i20 %mxm_execute_ursa_signed_char_unsigned_short_unsigned_char_unsigned_short_i_39, i20 %mxm_execute_ursa_signed_char_unsigned_short_unsigned_char_unsigned_short_i_38, i20 %mxm_execute_ursa_signed_char_unsigned_short_unsigned_char_unsigned_short_i_37, i20 %mxm_execute_ursa_signed_char_unsigned_short_unsigned_char_unsigned_short_i_36, i20 %mxm_execute_ursa_signed_char_unsigned_short_unsigned_char_unsigned_short_i_35, i20 %mxm_execute_ursa_signed_char_unsigned_short_unsigned_char_unsigned_short_i_34, i20 %mxm_execute_ursa_signed_char_unsigned_short_unsigned_char_unsigned_short_i_33, i20 %mxm_execute_ursa_signed_char_unsigned_short_unsigned_char_unsigned_short_i_32, i20 %mxm_execute_ursa_signed_char_unsigned_short_unsigned_char_unsigned_short_i_31, i20 %mxm_execute_ursa_signed_char_unsigned_short_unsigned_char_unsigned_short_i_30, i20 %mxm_execute_ursa_signed_char_unsigned_short_unsigned_char_unsigned_short_i_29, i20 %mxm_execute_ursa_signed_char_unsigned_short_unsigned_char_unsigned_short_i_28, i20 %mxm_execute_ursa_signed_char_unsigned_short_unsigned_char_unsigned_short_i_27, i20 %mxm_execute_ursa_signed_char_unsigned_short_unsigned_char_unsigned_short_i_26, i20 %mxm_execute_ursa_signed_char_unsigned_short_unsigned_char_unsigned_short_i_25, i20 %mxm_execute_ursa_signed_char_unsigned_short_unsigned_char_unsigned_short_i_24, i20 %mxm_execute_ursa_signed_char_unsigned_short_unsigned_char_unsigned_short_i_23, i20 %mxm_execute_ursa_signed_char_unsigned_short_unsigned_char_unsigned_short_i_22, i20 %mxm_execute_ursa_signed_char_unsigned_short_unsigned_char_unsigned_short_i_21, i20 %mxm_execute_ursa_signed_char_unsigned_short_unsigned_char_unsigned_short_i_20, i20 %mxm_execute_ursa_signed_char_unsigned_short_unsigned_char_unsigned_short_i_19, i20 %mxm_execute_ursa_signed_char_unsigned_short_unsigned_char_unsigned_short_i_18, i20 %mxm_execute_ursa_signed_char_unsigned_short_unsigned_char_unsigned_short_i_17, i20 %mxm_execute_ursa_signed_char_unsigned_short_unsigned_char_unsigned_short_i_16, i20 %mxm_execute_ursa_signed_char_unsigned_short_unsigned_char_unsigned_short_i_15, i20 %mxm_execute_ursa_signed_char_unsigned_short_unsigned_char_unsigned_short_i_14, i20 %mxm_execute_ursa_signed_char_unsigned_short_unsigned_char_unsigned_short_i_13, i20 %mxm_execute_ursa_signed_char_unsigned_short_unsigned_char_unsigned_short_i_12, i20 %mxm_execute_ursa_signed_char_unsigned_short_unsigned_char_unsigned_short_i_11, i20 %mxm_execute_ursa_signed_char_unsigned_short_unsigned_char_unsigned_short_i_10, i20 %mxm_execute_ursa_signed_char_unsigned_short_unsigned_char_unsigned_short_i_9, i20 %mxm_execute_ursa_signed_char_unsigned_short_unsigned_char_unsigned_short_i_8, i20 %mxm_execute_ursa_signed_char_unsigned_short_unsigned_char_unsigned_short_i_7, i20 %mxm_execute_ursa_signed_char_unsigned_short_unsigned_char_unsigned_short_i_6, i20 %mxm_execute_ursa_signed_char_unsigned_short_unsigned_char_unsigned_short_i_5, i20 %mxm_execute_ursa_signed_char_unsigned_short_unsigned_char_unsigned_short_i_4, i20 %mxm_execute_ursa_signed_char_unsigned_short_unsigned_char_unsigned_short_i_3, i20 %mxm_execute_ursa_signed_char_unsigned_short_unsigned_char_unsigned_short_i_2, i20 %mxm_execute_ursa_signed_char_unsigned_short_unsigned_char_unsigned_short_i_1, i20 %mxm_execute_ursa_signed_char_unsigned_short_unsigned_char_unsigned_short_i" [/home/ulisses/Projects/ursa/src/core/shell.cpp:301]   --->   Operation 229 'call' 'call_ln301' <Predicate = true> <Delay = 0.00> <CoreType = "Generic">   --->   Core 0 '' <Latency = 0> <II = 1> <Delay = 1.00> <Generic> <Opcode : >

State 82 <SV = 81> <Delay = 0.00>
ST_82 : Operation 230 [53/70] (0.00ns)   --->   "%call_ln301 = call void @sa_store, i32 %ca, i32 %addr_sa_c, i16 %b0_q_read, i20 %mxm_execute_ursa_signed_char_unsigned_short_unsigned_char_unsigned_short_i_63, i20 %mxm_execute_ursa_signed_char_unsigned_short_unsigned_char_unsigned_short_i_62, i20 %mxm_execute_ursa_signed_char_unsigned_short_unsigned_char_unsigned_short_i_61, i20 %mxm_execute_ursa_signed_char_unsigned_short_unsigned_char_unsigned_short_i_60, i20 %mxm_execute_ursa_signed_char_unsigned_short_unsigned_char_unsigned_short_i_59, i20 %mxm_execute_ursa_signed_char_unsigned_short_unsigned_char_unsigned_short_i_58, i20 %mxm_execute_ursa_signed_char_unsigned_short_unsigned_char_unsigned_short_i_57, i20 %mxm_execute_ursa_signed_char_unsigned_short_unsigned_char_unsigned_short_i_56, i20 %mxm_execute_ursa_signed_char_unsigned_short_unsigned_char_unsigned_short_i_55, i20 %mxm_execute_ursa_signed_char_unsigned_short_unsigned_char_unsigned_short_i_54, i20 %mxm_execute_ursa_signed_char_unsigned_short_unsigned_char_unsigned_short_i_53, i20 %mxm_execute_ursa_signed_char_unsigned_short_unsigned_char_unsigned_short_i_52, i20 %mxm_execute_ursa_signed_char_unsigned_short_unsigned_char_unsigned_short_i_51, i20 %mxm_execute_ursa_signed_char_unsigned_short_unsigned_char_unsigned_short_i_50, i20 %mxm_execute_ursa_signed_char_unsigned_short_unsigned_char_unsigned_short_i_49, i20 %mxm_execute_ursa_signed_char_unsigned_short_unsigned_char_unsigned_short_i_48, i20 %mxm_execute_ursa_signed_char_unsigned_short_unsigned_char_unsigned_short_i_47, i20 %mxm_execute_ursa_signed_char_unsigned_short_unsigned_char_unsigned_short_i_46, i20 %mxm_execute_ursa_signed_char_unsigned_short_unsigned_char_unsigned_short_i_45, i20 %mxm_execute_ursa_signed_char_unsigned_short_unsigned_char_unsigned_short_i_44, i20 %mxm_execute_ursa_signed_char_unsigned_short_unsigned_char_unsigned_short_i_43, i20 %mxm_execute_ursa_signed_char_unsigned_short_unsigned_char_unsigned_short_i_42, i20 %mxm_execute_ursa_signed_char_unsigned_short_unsigned_char_unsigned_short_i_41, i20 %mxm_execute_ursa_signed_char_unsigned_short_unsigned_char_unsigned_short_i_40, i20 %mxm_execute_ursa_signed_char_unsigned_short_unsigned_char_unsigned_short_i_39, i20 %mxm_execute_ursa_signed_char_unsigned_short_unsigned_char_unsigned_short_i_38, i20 %mxm_execute_ursa_signed_char_unsigned_short_unsigned_char_unsigned_short_i_37, i20 %mxm_execute_ursa_signed_char_unsigned_short_unsigned_char_unsigned_short_i_36, i20 %mxm_execute_ursa_signed_char_unsigned_short_unsigned_char_unsigned_short_i_35, i20 %mxm_execute_ursa_signed_char_unsigned_short_unsigned_char_unsigned_short_i_34, i20 %mxm_execute_ursa_signed_char_unsigned_short_unsigned_char_unsigned_short_i_33, i20 %mxm_execute_ursa_signed_char_unsigned_short_unsigned_char_unsigned_short_i_32, i20 %mxm_execute_ursa_signed_char_unsigned_short_unsigned_char_unsigned_short_i_31, i20 %mxm_execute_ursa_signed_char_unsigned_short_unsigned_char_unsigned_short_i_30, i20 %mxm_execute_ursa_signed_char_unsigned_short_unsigned_char_unsigned_short_i_29, i20 %mxm_execute_ursa_signed_char_unsigned_short_unsigned_char_unsigned_short_i_28, i20 %mxm_execute_ursa_signed_char_unsigned_short_unsigned_char_unsigned_short_i_27, i20 %mxm_execute_ursa_signed_char_unsigned_short_unsigned_char_unsigned_short_i_26, i20 %mxm_execute_ursa_signed_char_unsigned_short_unsigned_char_unsigned_short_i_25, i20 %mxm_execute_ursa_signed_char_unsigned_short_unsigned_char_unsigned_short_i_24, i20 %mxm_execute_ursa_signed_char_unsigned_short_unsigned_char_unsigned_short_i_23, i20 %mxm_execute_ursa_signed_char_unsigned_short_unsigned_char_unsigned_short_i_22, i20 %mxm_execute_ursa_signed_char_unsigned_short_unsigned_char_unsigned_short_i_21, i20 %mxm_execute_ursa_signed_char_unsigned_short_unsigned_char_unsigned_short_i_20, i20 %mxm_execute_ursa_signed_char_unsigned_short_unsigned_char_unsigned_short_i_19, i20 %mxm_execute_ursa_signed_char_unsigned_short_unsigned_char_unsigned_short_i_18, i20 %mxm_execute_ursa_signed_char_unsigned_short_unsigned_char_unsigned_short_i_17, i20 %mxm_execute_ursa_signed_char_unsigned_short_unsigned_char_unsigned_short_i_16, i20 %mxm_execute_ursa_signed_char_unsigned_short_unsigned_char_unsigned_short_i_15, i20 %mxm_execute_ursa_signed_char_unsigned_short_unsigned_char_unsigned_short_i_14, i20 %mxm_execute_ursa_signed_char_unsigned_short_unsigned_char_unsigned_short_i_13, i20 %mxm_execute_ursa_signed_char_unsigned_short_unsigned_char_unsigned_short_i_12, i20 %mxm_execute_ursa_signed_char_unsigned_short_unsigned_char_unsigned_short_i_11, i20 %mxm_execute_ursa_signed_char_unsigned_short_unsigned_char_unsigned_short_i_10, i20 %mxm_execute_ursa_signed_char_unsigned_short_unsigned_char_unsigned_short_i_9, i20 %mxm_execute_ursa_signed_char_unsigned_short_unsigned_char_unsigned_short_i_8, i20 %mxm_execute_ursa_signed_char_unsigned_short_unsigned_char_unsigned_short_i_7, i20 %mxm_execute_ursa_signed_char_unsigned_short_unsigned_char_unsigned_short_i_6, i20 %mxm_execute_ursa_signed_char_unsigned_short_unsigned_char_unsigned_short_i_5, i20 %mxm_execute_ursa_signed_char_unsigned_short_unsigned_char_unsigned_short_i_4, i20 %mxm_execute_ursa_signed_char_unsigned_short_unsigned_char_unsigned_short_i_3, i20 %mxm_execute_ursa_signed_char_unsigned_short_unsigned_char_unsigned_short_i_2, i20 %mxm_execute_ursa_signed_char_unsigned_short_unsigned_char_unsigned_short_i_1, i20 %mxm_execute_ursa_signed_char_unsigned_short_unsigned_char_unsigned_short_i" [/home/ulisses/Projects/ursa/src/core/shell.cpp:301]   --->   Operation 230 'call' 'call_ln301' <Predicate = true> <Delay = 0.00> <CoreType = "Generic">   --->   Core 0 '' <Latency = 0> <II = 1> <Delay = 1.00> <Generic> <Opcode : >

State 83 <SV = 82> <Delay = 0.00>
ST_83 : Operation 231 [52/70] (0.00ns)   --->   "%call_ln301 = call void @sa_store, i32 %ca, i32 %addr_sa_c, i16 %b0_q_read, i20 %mxm_execute_ursa_signed_char_unsigned_short_unsigned_char_unsigned_short_i_63, i20 %mxm_execute_ursa_signed_char_unsigned_short_unsigned_char_unsigned_short_i_62, i20 %mxm_execute_ursa_signed_char_unsigned_short_unsigned_char_unsigned_short_i_61, i20 %mxm_execute_ursa_signed_char_unsigned_short_unsigned_char_unsigned_short_i_60, i20 %mxm_execute_ursa_signed_char_unsigned_short_unsigned_char_unsigned_short_i_59, i20 %mxm_execute_ursa_signed_char_unsigned_short_unsigned_char_unsigned_short_i_58, i20 %mxm_execute_ursa_signed_char_unsigned_short_unsigned_char_unsigned_short_i_57, i20 %mxm_execute_ursa_signed_char_unsigned_short_unsigned_char_unsigned_short_i_56, i20 %mxm_execute_ursa_signed_char_unsigned_short_unsigned_char_unsigned_short_i_55, i20 %mxm_execute_ursa_signed_char_unsigned_short_unsigned_char_unsigned_short_i_54, i20 %mxm_execute_ursa_signed_char_unsigned_short_unsigned_char_unsigned_short_i_53, i20 %mxm_execute_ursa_signed_char_unsigned_short_unsigned_char_unsigned_short_i_52, i20 %mxm_execute_ursa_signed_char_unsigned_short_unsigned_char_unsigned_short_i_51, i20 %mxm_execute_ursa_signed_char_unsigned_short_unsigned_char_unsigned_short_i_50, i20 %mxm_execute_ursa_signed_char_unsigned_short_unsigned_char_unsigned_short_i_49, i20 %mxm_execute_ursa_signed_char_unsigned_short_unsigned_char_unsigned_short_i_48, i20 %mxm_execute_ursa_signed_char_unsigned_short_unsigned_char_unsigned_short_i_47, i20 %mxm_execute_ursa_signed_char_unsigned_short_unsigned_char_unsigned_short_i_46, i20 %mxm_execute_ursa_signed_char_unsigned_short_unsigned_char_unsigned_short_i_45, i20 %mxm_execute_ursa_signed_char_unsigned_short_unsigned_char_unsigned_short_i_44, i20 %mxm_execute_ursa_signed_char_unsigned_short_unsigned_char_unsigned_short_i_43, i20 %mxm_execute_ursa_signed_char_unsigned_short_unsigned_char_unsigned_short_i_42, i20 %mxm_execute_ursa_signed_char_unsigned_short_unsigned_char_unsigned_short_i_41, i20 %mxm_execute_ursa_signed_char_unsigned_short_unsigned_char_unsigned_short_i_40, i20 %mxm_execute_ursa_signed_char_unsigned_short_unsigned_char_unsigned_short_i_39, i20 %mxm_execute_ursa_signed_char_unsigned_short_unsigned_char_unsigned_short_i_38, i20 %mxm_execute_ursa_signed_char_unsigned_short_unsigned_char_unsigned_short_i_37, i20 %mxm_execute_ursa_signed_char_unsigned_short_unsigned_char_unsigned_short_i_36, i20 %mxm_execute_ursa_signed_char_unsigned_short_unsigned_char_unsigned_short_i_35, i20 %mxm_execute_ursa_signed_char_unsigned_short_unsigned_char_unsigned_short_i_34, i20 %mxm_execute_ursa_signed_char_unsigned_short_unsigned_char_unsigned_short_i_33, i20 %mxm_execute_ursa_signed_char_unsigned_short_unsigned_char_unsigned_short_i_32, i20 %mxm_execute_ursa_signed_char_unsigned_short_unsigned_char_unsigned_short_i_31, i20 %mxm_execute_ursa_signed_char_unsigned_short_unsigned_char_unsigned_short_i_30, i20 %mxm_execute_ursa_signed_char_unsigned_short_unsigned_char_unsigned_short_i_29, i20 %mxm_execute_ursa_signed_char_unsigned_short_unsigned_char_unsigned_short_i_28, i20 %mxm_execute_ursa_signed_char_unsigned_short_unsigned_char_unsigned_short_i_27, i20 %mxm_execute_ursa_signed_char_unsigned_short_unsigned_char_unsigned_short_i_26, i20 %mxm_execute_ursa_signed_char_unsigned_short_unsigned_char_unsigned_short_i_25, i20 %mxm_execute_ursa_signed_char_unsigned_short_unsigned_char_unsigned_short_i_24, i20 %mxm_execute_ursa_signed_char_unsigned_short_unsigned_char_unsigned_short_i_23, i20 %mxm_execute_ursa_signed_char_unsigned_short_unsigned_char_unsigned_short_i_22, i20 %mxm_execute_ursa_signed_char_unsigned_short_unsigned_char_unsigned_short_i_21, i20 %mxm_execute_ursa_signed_char_unsigned_short_unsigned_char_unsigned_short_i_20, i20 %mxm_execute_ursa_signed_char_unsigned_short_unsigned_char_unsigned_short_i_19, i20 %mxm_execute_ursa_signed_char_unsigned_short_unsigned_char_unsigned_short_i_18, i20 %mxm_execute_ursa_signed_char_unsigned_short_unsigned_char_unsigned_short_i_17, i20 %mxm_execute_ursa_signed_char_unsigned_short_unsigned_char_unsigned_short_i_16, i20 %mxm_execute_ursa_signed_char_unsigned_short_unsigned_char_unsigned_short_i_15, i20 %mxm_execute_ursa_signed_char_unsigned_short_unsigned_char_unsigned_short_i_14, i20 %mxm_execute_ursa_signed_char_unsigned_short_unsigned_char_unsigned_short_i_13, i20 %mxm_execute_ursa_signed_char_unsigned_short_unsigned_char_unsigned_short_i_12, i20 %mxm_execute_ursa_signed_char_unsigned_short_unsigned_char_unsigned_short_i_11, i20 %mxm_execute_ursa_signed_char_unsigned_short_unsigned_char_unsigned_short_i_10, i20 %mxm_execute_ursa_signed_char_unsigned_short_unsigned_char_unsigned_short_i_9, i20 %mxm_execute_ursa_signed_char_unsigned_short_unsigned_char_unsigned_short_i_8, i20 %mxm_execute_ursa_signed_char_unsigned_short_unsigned_char_unsigned_short_i_7, i20 %mxm_execute_ursa_signed_char_unsigned_short_unsigned_char_unsigned_short_i_6, i20 %mxm_execute_ursa_signed_char_unsigned_short_unsigned_char_unsigned_short_i_5, i20 %mxm_execute_ursa_signed_char_unsigned_short_unsigned_char_unsigned_short_i_4, i20 %mxm_execute_ursa_signed_char_unsigned_short_unsigned_char_unsigned_short_i_3, i20 %mxm_execute_ursa_signed_char_unsigned_short_unsigned_char_unsigned_short_i_2, i20 %mxm_execute_ursa_signed_char_unsigned_short_unsigned_char_unsigned_short_i_1, i20 %mxm_execute_ursa_signed_char_unsigned_short_unsigned_char_unsigned_short_i" [/home/ulisses/Projects/ursa/src/core/shell.cpp:301]   --->   Operation 231 'call' 'call_ln301' <Predicate = true> <Delay = 0.00> <CoreType = "Generic">   --->   Core 0 '' <Latency = 0> <II = 1> <Delay = 1.00> <Generic> <Opcode : >

State 84 <SV = 83> <Delay = 0.00>
ST_84 : Operation 232 [51/70] (0.00ns)   --->   "%call_ln301 = call void @sa_store, i32 %ca, i32 %addr_sa_c, i16 %b0_q_read, i20 %mxm_execute_ursa_signed_char_unsigned_short_unsigned_char_unsigned_short_i_63, i20 %mxm_execute_ursa_signed_char_unsigned_short_unsigned_char_unsigned_short_i_62, i20 %mxm_execute_ursa_signed_char_unsigned_short_unsigned_char_unsigned_short_i_61, i20 %mxm_execute_ursa_signed_char_unsigned_short_unsigned_char_unsigned_short_i_60, i20 %mxm_execute_ursa_signed_char_unsigned_short_unsigned_char_unsigned_short_i_59, i20 %mxm_execute_ursa_signed_char_unsigned_short_unsigned_char_unsigned_short_i_58, i20 %mxm_execute_ursa_signed_char_unsigned_short_unsigned_char_unsigned_short_i_57, i20 %mxm_execute_ursa_signed_char_unsigned_short_unsigned_char_unsigned_short_i_56, i20 %mxm_execute_ursa_signed_char_unsigned_short_unsigned_char_unsigned_short_i_55, i20 %mxm_execute_ursa_signed_char_unsigned_short_unsigned_char_unsigned_short_i_54, i20 %mxm_execute_ursa_signed_char_unsigned_short_unsigned_char_unsigned_short_i_53, i20 %mxm_execute_ursa_signed_char_unsigned_short_unsigned_char_unsigned_short_i_52, i20 %mxm_execute_ursa_signed_char_unsigned_short_unsigned_char_unsigned_short_i_51, i20 %mxm_execute_ursa_signed_char_unsigned_short_unsigned_char_unsigned_short_i_50, i20 %mxm_execute_ursa_signed_char_unsigned_short_unsigned_char_unsigned_short_i_49, i20 %mxm_execute_ursa_signed_char_unsigned_short_unsigned_char_unsigned_short_i_48, i20 %mxm_execute_ursa_signed_char_unsigned_short_unsigned_char_unsigned_short_i_47, i20 %mxm_execute_ursa_signed_char_unsigned_short_unsigned_char_unsigned_short_i_46, i20 %mxm_execute_ursa_signed_char_unsigned_short_unsigned_char_unsigned_short_i_45, i20 %mxm_execute_ursa_signed_char_unsigned_short_unsigned_char_unsigned_short_i_44, i20 %mxm_execute_ursa_signed_char_unsigned_short_unsigned_char_unsigned_short_i_43, i20 %mxm_execute_ursa_signed_char_unsigned_short_unsigned_char_unsigned_short_i_42, i20 %mxm_execute_ursa_signed_char_unsigned_short_unsigned_char_unsigned_short_i_41, i20 %mxm_execute_ursa_signed_char_unsigned_short_unsigned_char_unsigned_short_i_40, i20 %mxm_execute_ursa_signed_char_unsigned_short_unsigned_char_unsigned_short_i_39, i20 %mxm_execute_ursa_signed_char_unsigned_short_unsigned_char_unsigned_short_i_38, i20 %mxm_execute_ursa_signed_char_unsigned_short_unsigned_char_unsigned_short_i_37, i20 %mxm_execute_ursa_signed_char_unsigned_short_unsigned_char_unsigned_short_i_36, i20 %mxm_execute_ursa_signed_char_unsigned_short_unsigned_char_unsigned_short_i_35, i20 %mxm_execute_ursa_signed_char_unsigned_short_unsigned_char_unsigned_short_i_34, i20 %mxm_execute_ursa_signed_char_unsigned_short_unsigned_char_unsigned_short_i_33, i20 %mxm_execute_ursa_signed_char_unsigned_short_unsigned_char_unsigned_short_i_32, i20 %mxm_execute_ursa_signed_char_unsigned_short_unsigned_char_unsigned_short_i_31, i20 %mxm_execute_ursa_signed_char_unsigned_short_unsigned_char_unsigned_short_i_30, i20 %mxm_execute_ursa_signed_char_unsigned_short_unsigned_char_unsigned_short_i_29, i20 %mxm_execute_ursa_signed_char_unsigned_short_unsigned_char_unsigned_short_i_28, i20 %mxm_execute_ursa_signed_char_unsigned_short_unsigned_char_unsigned_short_i_27, i20 %mxm_execute_ursa_signed_char_unsigned_short_unsigned_char_unsigned_short_i_26, i20 %mxm_execute_ursa_signed_char_unsigned_short_unsigned_char_unsigned_short_i_25, i20 %mxm_execute_ursa_signed_char_unsigned_short_unsigned_char_unsigned_short_i_24, i20 %mxm_execute_ursa_signed_char_unsigned_short_unsigned_char_unsigned_short_i_23, i20 %mxm_execute_ursa_signed_char_unsigned_short_unsigned_char_unsigned_short_i_22, i20 %mxm_execute_ursa_signed_char_unsigned_short_unsigned_char_unsigned_short_i_21, i20 %mxm_execute_ursa_signed_char_unsigned_short_unsigned_char_unsigned_short_i_20, i20 %mxm_execute_ursa_signed_char_unsigned_short_unsigned_char_unsigned_short_i_19, i20 %mxm_execute_ursa_signed_char_unsigned_short_unsigned_char_unsigned_short_i_18, i20 %mxm_execute_ursa_signed_char_unsigned_short_unsigned_char_unsigned_short_i_17, i20 %mxm_execute_ursa_signed_char_unsigned_short_unsigned_char_unsigned_short_i_16, i20 %mxm_execute_ursa_signed_char_unsigned_short_unsigned_char_unsigned_short_i_15, i20 %mxm_execute_ursa_signed_char_unsigned_short_unsigned_char_unsigned_short_i_14, i20 %mxm_execute_ursa_signed_char_unsigned_short_unsigned_char_unsigned_short_i_13, i20 %mxm_execute_ursa_signed_char_unsigned_short_unsigned_char_unsigned_short_i_12, i20 %mxm_execute_ursa_signed_char_unsigned_short_unsigned_char_unsigned_short_i_11, i20 %mxm_execute_ursa_signed_char_unsigned_short_unsigned_char_unsigned_short_i_10, i20 %mxm_execute_ursa_signed_char_unsigned_short_unsigned_char_unsigned_short_i_9, i20 %mxm_execute_ursa_signed_char_unsigned_short_unsigned_char_unsigned_short_i_8, i20 %mxm_execute_ursa_signed_char_unsigned_short_unsigned_char_unsigned_short_i_7, i20 %mxm_execute_ursa_signed_char_unsigned_short_unsigned_char_unsigned_short_i_6, i20 %mxm_execute_ursa_signed_char_unsigned_short_unsigned_char_unsigned_short_i_5, i20 %mxm_execute_ursa_signed_char_unsigned_short_unsigned_char_unsigned_short_i_4, i20 %mxm_execute_ursa_signed_char_unsigned_short_unsigned_char_unsigned_short_i_3, i20 %mxm_execute_ursa_signed_char_unsigned_short_unsigned_char_unsigned_short_i_2, i20 %mxm_execute_ursa_signed_char_unsigned_short_unsigned_char_unsigned_short_i_1, i20 %mxm_execute_ursa_signed_char_unsigned_short_unsigned_char_unsigned_short_i" [/home/ulisses/Projects/ursa/src/core/shell.cpp:301]   --->   Operation 232 'call' 'call_ln301' <Predicate = true> <Delay = 0.00> <CoreType = "Generic">   --->   Core 0 '' <Latency = 0> <II = 1> <Delay = 1.00> <Generic> <Opcode : >

State 85 <SV = 84> <Delay = 0.00>
ST_85 : Operation 233 [50/70] (0.00ns)   --->   "%call_ln301 = call void @sa_store, i32 %ca, i32 %addr_sa_c, i16 %b0_q_read, i20 %mxm_execute_ursa_signed_char_unsigned_short_unsigned_char_unsigned_short_i_63, i20 %mxm_execute_ursa_signed_char_unsigned_short_unsigned_char_unsigned_short_i_62, i20 %mxm_execute_ursa_signed_char_unsigned_short_unsigned_char_unsigned_short_i_61, i20 %mxm_execute_ursa_signed_char_unsigned_short_unsigned_char_unsigned_short_i_60, i20 %mxm_execute_ursa_signed_char_unsigned_short_unsigned_char_unsigned_short_i_59, i20 %mxm_execute_ursa_signed_char_unsigned_short_unsigned_char_unsigned_short_i_58, i20 %mxm_execute_ursa_signed_char_unsigned_short_unsigned_char_unsigned_short_i_57, i20 %mxm_execute_ursa_signed_char_unsigned_short_unsigned_char_unsigned_short_i_56, i20 %mxm_execute_ursa_signed_char_unsigned_short_unsigned_char_unsigned_short_i_55, i20 %mxm_execute_ursa_signed_char_unsigned_short_unsigned_char_unsigned_short_i_54, i20 %mxm_execute_ursa_signed_char_unsigned_short_unsigned_char_unsigned_short_i_53, i20 %mxm_execute_ursa_signed_char_unsigned_short_unsigned_char_unsigned_short_i_52, i20 %mxm_execute_ursa_signed_char_unsigned_short_unsigned_char_unsigned_short_i_51, i20 %mxm_execute_ursa_signed_char_unsigned_short_unsigned_char_unsigned_short_i_50, i20 %mxm_execute_ursa_signed_char_unsigned_short_unsigned_char_unsigned_short_i_49, i20 %mxm_execute_ursa_signed_char_unsigned_short_unsigned_char_unsigned_short_i_48, i20 %mxm_execute_ursa_signed_char_unsigned_short_unsigned_char_unsigned_short_i_47, i20 %mxm_execute_ursa_signed_char_unsigned_short_unsigned_char_unsigned_short_i_46, i20 %mxm_execute_ursa_signed_char_unsigned_short_unsigned_char_unsigned_short_i_45, i20 %mxm_execute_ursa_signed_char_unsigned_short_unsigned_char_unsigned_short_i_44, i20 %mxm_execute_ursa_signed_char_unsigned_short_unsigned_char_unsigned_short_i_43, i20 %mxm_execute_ursa_signed_char_unsigned_short_unsigned_char_unsigned_short_i_42, i20 %mxm_execute_ursa_signed_char_unsigned_short_unsigned_char_unsigned_short_i_41, i20 %mxm_execute_ursa_signed_char_unsigned_short_unsigned_char_unsigned_short_i_40, i20 %mxm_execute_ursa_signed_char_unsigned_short_unsigned_char_unsigned_short_i_39, i20 %mxm_execute_ursa_signed_char_unsigned_short_unsigned_char_unsigned_short_i_38, i20 %mxm_execute_ursa_signed_char_unsigned_short_unsigned_char_unsigned_short_i_37, i20 %mxm_execute_ursa_signed_char_unsigned_short_unsigned_char_unsigned_short_i_36, i20 %mxm_execute_ursa_signed_char_unsigned_short_unsigned_char_unsigned_short_i_35, i20 %mxm_execute_ursa_signed_char_unsigned_short_unsigned_char_unsigned_short_i_34, i20 %mxm_execute_ursa_signed_char_unsigned_short_unsigned_char_unsigned_short_i_33, i20 %mxm_execute_ursa_signed_char_unsigned_short_unsigned_char_unsigned_short_i_32, i20 %mxm_execute_ursa_signed_char_unsigned_short_unsigned_char_unsigned_short_i_31, i20 %mxm_execute_ursa_signed_char_unsigned_short_unsigned_char_unsigned_short_i_30, i20 %mxm_execute_ursa_signed_char_unsigned_short_unsigned_char_unsigned_short_i_29, i20 %mxm_execute_ursa_signed_char_unsigned_short_unsigned_char_unsigned_short_i_28, i20 %mxm_execute_ursa_signed_char_unsigned_short_unsigned_char_unsigned_short_i_27, i20 %mxm_execute_ursa_signed_char_unsigned_short_unsigned_char_unsigned_short_i_26, i20 %mxm_execute_ursa_signed_char_unsigned_short_unsigned_char_unsigned_short_i_25, i20 %mxm_execute_ursa_signed_char_unsigned_short_unsigned_char_unsigned_short_i_24, i20 %mxm_execute_ursa_signed_char_unsigned_short_unsigned_char_unsigned_short_i_23, i20 %mxm_execute_ursa_signed_char_unsigned_short_unsigned_char_unsigned_short_i_22, i20 %mxm_execute_ursa_signed_char_unsigned_short_unsigned_char_unsigned_short_i_21, i20 %mxm_execute_ursa_signed_char_unsigned_short_unsigned_char_unsigned_short_i_20, i20 %mxm_execute_ursa_signed_char_unsigned_short_unsigned_char_unsigned_short_i_19, i20 %mxm_execute_ursa_signed_char_unsigned_short_unsigned_char_unsigned_short_i_18, i20 %mxm_execute_ursa_signed_char_unsigned_short_unsigned_char_unsigned_short_i_17, i20 %mxm_execute_ursa_signed_char_unsigned_short_unsigned_char_unsigned_short_i_16, i20 %mxm_execute_ursa_signed_char_unsigned_short_unsigned_char_unsigned_short_i_15, i20 %mxm_execute_ursa_signed_char_unsigned_short_unsigned_char_unsigned_short_i_14, i20 %mxm_execute_ursa_signed_char_unsigned_short_unsigned_char_unsigned_short_i_13, i20 %mxm_execute_ursa_signed_char_unsigned_short_unsigned_char_unsigned_short_i_12, i20 %mxm_execute_ursa_signed_char_unsigned_short_unsigned_char_unsigned_short_i_11, i20 %mxm_execute_ursa_signed_char_unsigned_short_unsigned_char_unsigned_short_i_10, i20 %mxm_execute_ursa_signed_char_unsigned_short_unsigned_char_unsigned_short_i_9, i20 %mxm_execute_ursa_signed_char_unsigned_short_unsigned_char_unsigned_short_i_8, i20 %mxm_execute_ursa_signed_char_unsigned_short_unsigned_char_unsigned_short_i_7, i20 %mxm_execute_ursa_signed_char_unsigned_short_unsigned_char_unsigned_short_i_6, i20 %mxm_execute_ursa_signed_char_unsigned_short_unsigned_char_unsigned_short_i_5, i20 %mxm_execute_ursa_signed_char_unsigned_short_unsigned_char_unsigned_short_i_4, i20 %mxm_execute_ursa_signed_char_unsigned_short_unsigned_char_unsigned_short_i_3, i20 %mxm_execute_ursa_signed_char_unsigned_short_unsigned_char_unsigned_short_i_2, i20 %mxm_execute_ursa_signed_char_unsigned_short_unsigned_char_unsigned_short_i_1, i20 %mxm_execute_ursa_signed_char_unsigned_short_unsigned_char_unsigned_short_i" [/home/ulisses/Projects/ursa/src/core/shell.cpp:301]   --->   Operation 233 'call' 'call_ln301' <Predicate = true> <Delay = 0.00> <CoreType = "Generic">   --->   Core 0 '' <Latency = 0> <II = 1> <Delay = 1.00> <Generic> <Opcode : >

State 86 <SV = 85> <Delay = 0.00>
ST_86 : Operation 234 [49/70] (0.00ns)   --->   "%call_ln301 = call void @sa_store, i32 %ca, i32 %addr_sa_c, i16 %b0_q_read, i20 %mxm_execute_ursa_signed_char_unsigned_short_unsigned_char_unsigned_short_i_63, i20 %mxm_execute_ursa_signed_char_unsigned_short_unsigned_char_unsigned_short_i_62, i20 %mxm_execute_ursa_signed_char_unsigned_short_unsigned_char_unsigned_short_i_61, i20 %mxm_execute_ursa_signed_char_unsigned_short_unsigned_char_unsigned_short_i_60, i20 %mxm_execute_ursa_signed_char_unsigned_short_unsigned_char_unsigned_short_i_59, i20 %mxm_execute_ursa_signed_char_unsigned_short_unsigned_char_unsigned_short_i_58, i20 %mxm_execute_ursa_signed_char_unsigned_short_unsigned_char_unsigned_short_i_57, i20 %mxm_execute_ursa_signed_char_unsigned_short_unsigned_char_unsigned_short_i_56, i20 %mxm_execute_ursa_signed_char_unsigned_short_unsigned_char_unsigned_short_i_55, i20 %mxm_execute_ursa_signed_char_unsigned_short_unsigned_char_unsigned_short_i_54, i20 %mxm_execute_ursa_signed_char_unsigned_short_unsigned_char_unsigned_short_i_53, i20 %mxm_execute_ursa_signed_char_unsigned_short_unsigned_char_unsigned_short_i_52, i20 %mxm_execute_ursa_signed_char_unsigned_short_unsigned_char_unsigned_short_i_51, i20 %mxm_execute_ursa_signed_char_unsigned_short_unsigned_char_unsigned_short_i_50, i20 %mxm_execute_ursa_signed_char_unsigned_short_unsigned_char_unsigned_short_i_49, i20 %mxm_execute_ursa_signed_char_unsigned_short_unsigned_char_unsigned_short_i_48, i20 %mxm_execute_ursa_signed_char_unsigned_short_unsigned_char_unsigned_short_i_47, i20 %mxm_execute_ursa_signed_char_unsigned_short_unsigned_char_unsigned_short_i_46, i20 %mxm_execute_ursa_signed_char_unsigned_short_unsigned_char_unsigned_short_i_45, i20 %mxm_execute_ursa_signed_char_unsigned_short_unsigned_char_unsigned_short_i_44, i20 %mxm_execute_ursa_signed_char_unsigned_short_unsigned_char_unsigned_short_i_43, i20 %mxm_execute_ursa_signed_char_unsigned_short_unsigned_char_unsigned_short_i_42, i20 %mxm_execute_ursa_signed_char_unsigned_short_unsigned_char_unsigned_short_i_41, i20 %mxm_execute_ursa_signed_char_unsigned_short_unsigned_char_unsigned_short_i_40, i20 %mxm_execute_ursa_signed_char_unsigned_short_unsigned_char_unsigned_short_i_39, i20 %mxm_execute_ursa_signed_char_unsigned_short_unsigned_char_unsigned_short_i_38, i20 %mxm_execute_ursa_signed_char_unsigned_short_unsigned_char_unsigned_short_i_37, i20 %mxm_execute_ursa_signed_char_unsigned_short_unsigned_char_unsigned_short_i_36, i20 %mxm_execute_ursa_signed_char_unsigned_short_unsigned_char_unsigned_short_i_35, i20 %mxm_execute_ursa_signed_char_unsigned_short_unsigned_char_unsigned_short_i_34, i20 %mxm_execute_ursa_signed_char_unsigned_short_unsigned_char_unsigned_short_i_33, i20 %mxm_execute_ursa_signed_char_unsigned_short_unsigned_char_unsigned_short_i_32, i20 %mxm_execute_ursa_signed_char_unsigned_short_unsigned_char_unsigned_short_i_31, i20 %mxm_execute_ursa_signed_char_unsigned_short_unsigned_char_unsigned_short_i_30, i20 %mxm_execute_ursa_signed_char_unsigned_short_unsigned_char_unsigned_short_i_29, i20 %mxm_execute_ursa_signed_char_unsigned_short_unsigned_char_unsigned_short_i_28, i20 %mxm_execute_ursa_signed_char_unsigned_short_unsigned_char_unsigned_short_i_27, i20 %mxm_execute_ursa_signed_char_unsigned_short_unsigned_char_unsigned_short_i_26, i20 %mxm_execute_ursa_signed_char_unsigned_short_unsigned_char_unsigned_short_i_25, i20 %mxm_execute_ursa_signed_char_unsigned_short_unsigned_char_unsigned_short_i_24, i20 %mxm_execute_ursa_signed_char_unsigned_short_unsigned_char_unsigned_short_i_23, i20 %mxm_execute_ursa_signed_char_unsigned_short_unsigned_char_unsigned_short_i_22, i20 %mxm_execute_ursa_signed_char_unsigned_short_unsigned_char_unsigned_short_i_21, i20 %mxm_execute_ursa_signed_char_unsigned_short_unsigned_char_unsigned_short_i_20, i20 %mxm_execute_ursa_signed_char_unsigned_short_unsigned_char_unsigned_short_i_19, i20 %mxm_execute_ursa_signed_char_unsigned_short_unsigned_char_unsigned_short_i_18, i20 %mxm_execute_ursa_signed_char_unsigned_short_unsigned_char_unsigned_short_i_17, i20 %mxm_execute_ursa_signed_char_unsigned_short_unsigned_char_unsigned_short_i_16, i20 %mxm_execute_ursa_signed_char_unsigned_short_unsigned_char_unsigned_short_i_15, i20 %mxm_execute_ursa_signed_char_unsigned_short_unsigned_char_unsigned_short_i_14, i20 %mxm_execute_ursa_signed_char_unsigned_short_unsigned_char_unsigned_short_i_13, i20 %mxm_execute_ursa_signed_char_unsigned_short_unsigned_char_unsigned_short_i_12, i20 %mxm_execute_ursa_signed_char_unsigned_short_unsigned_char_unsigned_short_i_11, i20 %mxm_execute_ursa_signed_char_unsigned_short_unsigned_char_unsigned_short_i_10, i20 %mxm_execute_ursa_signed_char_unsigned_short_unsigned_char_unsigned_short_i_9, i20 %mxm_execute_ursa_signed_char_unsigned_short_unsigned_char_unsigned_short_i_8, i20 %mxm_execute_ursa_signed_char_unsigned_short_unsigned_char_unsigned_short_i_7, i20 %mxm_execute_ursa_signed_char_unsigned_short_unsigned_char_unsigned_short_i_6, i20 %mxm_execute_ursa_signed_char_unsigned_short_unsigned_char_unsigned_short_i_5, i20 %mxm_execute_ursa_signed_char_unsigned_short_unsigned_char_unsigned_short_i_4, i20 %mxm_execute_ursa_signed_char_unsigned_short_unsigned_char_unsigned_short_i_3, i20 %mxm_execute_ursa_signed_char_unsigned_short_unsigned_char_unsigned_short_i_2, i20 %mxm_execute_ursa_signed_char_unsigned_short_unsigned_char_unsigned_short_i_1, i20 %mxm_execute_ursa_signed_char_unsigned_short_unsigned_char_unsigned_short_i" [/home/ulisses/Projects/ursa/src/core/shell.cpp:301]   --->   Operation 234 'call' 'call_ln301' <Predicate = true> <Delay = 0.00> <CoreType = "Generic">   --->   Core 0 '' <Latency = 0> <II = 1> <Delay = 1.00> <Generic> <Opcode : >

State 87 <SV = 86> <Delay = 0.00>
ST_87 : Operation 235 [48/70] (0.00ns)   --->   "%call_ln301 = call void @sa_store, i32 %ca, i32 %addr_sa_c, i16 %b0_q_read, i20 %mxm_execute_ursa_signed_char_unsigned_short_unsigned_char_unsigned_short_i_63, i20 %mxm_execute_ursa_signed_char_unsigned_short_unsigned_char_unsigned_short_i_62, i20 %mxm_execute_ursa_signed_char_unsigned_short_unsigned_char_unsigned_short_i_61, i20 %mxm_execute_ursa_signed_char_unsigned_short_unsigned_char_unsigned_short_i_60, i20 %mxm_execute_ursa_signed_char_unsigned_short_unsigned_char_unsigned_short_i_59, i20 %mxm_execute_ursa_signed_char_unsigned_short_unsigned_char_unsigned_short_i_58, i20 %mxm_execute_ursa_signed_char_unsigned_short_unsigned_char_unsigned_short_i_57, i20 %mxm_execute_ursa_signed_char_unsigned_short_unsigned_char_unsigned_short_i_56, i20 %mxm_execute_ursa_signed_char_unsigned_short_unsigned_char_unsigned_short_i_55, i20 %mxm_execute_ursa_signed_char_unsigned_short_unsigned_char_unsigned_short_i_54, i20 %mxm_execute_ursa_signed_char_unsigned_short_unsigned_char_unsigned_short_i_53, i20 %mxm_execute_ursa_signed_char_unsigned_short_unsigned_char_unsigned_short_i_52, i20 %mxm_execute_ursa_signed_char_unsigned_short_unsigned_char_unsigned_short_i_51, i20 %mxm_execute_ursa_signed_char_unsigned_short_unsigned_char_unsigned_short_i_50, i20 %mxm_execute_ursa_signed_char_unsigned_short_unsigned_char_unsigned_short_i_49, i20 %mxm_execute_ursa_signed_char_unsigned_short_unsigned_char_unsigned_short_i_48, i20 %mxm_execute_ursa_signed_char_unsigned_short_unsigned_char_unsigned_short_i_47, i20 %mxm_execute_ursa_signed_char_unsigned_short_unsigned_char_unsigned_short_i_46, i20 %mxm_execute_ursa_signed_char_unsigned_short_unsigned_char_unsigned_short_i_45, i20 %mxm_execute_ursa_signed_char_unsigned_short_unsigned_char_unsigned_short_i_44, i20 %mxm_execute_ursa_signed_char_unsigned_short_unsigned_char_unsigned_short_i_43, i20 %mxm_execute_ursa_signed_char_unsigned_short_unsigned_char_unsigned_short_i_42, i20 %mxm_execute_ursa_signed_char_unsigned_short_unsigned_char_unsigned_short_i_41, i20 %mxm_execute_ursa_signed_char_unsigned_short_unsigned_char_unsigned_short_i_40, i20 %mxm_execute_ursa_signed_char_unsigned_short_unsigned_char_unsigned_short_i_39, i20 %mxm_execute_ursa_signed_char_unsigned_short_unsigned_char_unsigned_short_i_38, i20 %mxm_execute_ursa_signed_char_unsigned_short_unsigned_char_unsigned_short_i_37, i20 %mxm_execute_ursa_signed_char_unsigned_short_unsigned_char_unsigned_short_i_36, i20 %mxm_execute_ursa_signed_char_unsigned_short_unsigned_char_unsigned_short_i_35, i20 %mxm_execute_ursa_signed_char_unsigned_short_unsigned_char_unsigned_short_i_34, i20 %mxm_execute_ursa_signed_char_unsigned_short_unsigned_char_unsigned_short_i_33, i20 %mxm_execute_ursa_signed_char_unsigned_short_unsigned_char_unsigned_short_i_32, i20 %mxm_execute_ursa_signed_char_unsigned_short_unsigned_char_unsigned_short_i_31, i20 %mxm_execute_ursa_signed_char_unsigned_short_unsigned_char_unsigned_short_i_30, i20 %mxm_execute_ursa_signed_char_unsigned_short_unsigned_char_unsigned_short_i_29, i20 %mxm_execute_ursa_signed_char_unsigned_short_unsigned_char_unsigned_short_i_28, i20 %mxm_execute_ursa_signed_char_unsigned_short_unsigned_char_unsigned_short_i_27, i20 %mxm_execute_ursa_signed_char_unsigned_short_unsigned_char_unsigned_short_i_26, i20 %mxm_execute_ursa_signed_char_unsigned_short_unsigned_char_unsigned_short_i_25, i20 %mxm_execute_ursa_signed_char_unsigned_short_unsigned_char_unsigned_short_i_24, i20 %mxm_execute_ursa_signed_char_unsigned_short_unsigned_char_unsigned_short_i_23, i20 %mxm_execute_ursa_signed_char_unsigned_short_unsigned_char_unsigned_short_i_22, i20 %mxm_execute_ursa_signed_char_unsigned_short_unsigned_char_unsigned_short_i_21, i20 %mxm_execute_ursa_signed_char_unsigned_short_unsigned_char_unsigned_short_i_20, i20 %mxm_execute_ursa_signed_char_unsigned_short_unsigned_char_unsigned_short_i_19, i20 %mxm_execute_ursa_signed_char_unsigned_short_unsigned_char_unsigned_short_i_18, i20 %mxm_execute_ursa_signed_char_unsigned_short_unsigned_char_unsigned_short_i_17, i20 %mxm_execute_ursa_signed_char_unsigned_short_unsigned_char_unsigned_short_i_16, i20 %mxm_execute_ursa_signed_char_unsigned_short_unsigned_char_unsigned_short_i_15, i20 %mxm_execute_ursa_signed_char_unsigned_short_unsigned_char_unsigned_short_i_14, i20 %mxm_execute_ursa_signed_char_unsigned_short_unsigned_char_unsigned_short_i_13, i20 %mxm_execute_ursa_signed_char_unsigned_short_unsigned_char_unsigned_short_i_12, i20 %mxm_execute_ursa_signed_char_unsigned_short_unsigned_char_unsigned_short_i_11, i20 %mxm_execute_ursa_signed_char_unsigned_short_unsigned_char_unsigned_short_i_10, i20 %mxm_execute_ursa_signed_char_unsigned_short_unsigned_char_unsigned_short_i_9, i20 %mxm_execute_ursa_signed_char_unsigned_short_unsigned_char_unsigned_short_i_8, i20 %mxm_execute_ursa_signed_char_unsigned_short_unsigned_char_unsigned_short_i_7, i20 %mxm_execute_ursa_signed_char_unsigned_short_unsigned_char_unsigned_short_i_6, i20 %mxm_execute_ursa_signed_char_unsigned_short_unsigned_char_unsigned_short_i_5, i20 %mxm_execute_ursa_signed_char_unsigned_short_unsigned_char_unsigned_short_i_4, i20 %mxm_execute_ursa_signed_char_unsigned_short_unsigned_char_unsigned_short_i_3, i20 %mxm_execute_ursa_signed_char_unsigned_short_unsigned_char_unsigned_short_i_2, i20 %mxm_execute_ursa_signed_char_unsigned_short_unsigned_char_unsigned_short_i_1, i20 %mxm_execute_ursa_signed_char_unsigned_short_unsigned_char_unsigned_short_i" [/home/ulisses/Projects/ursa/src/core/shell.cpp:301]   --->   Operation 235 'call' 'call_ln301' <Predicate = true> <Delay = 0.00> <CoreType = "Generic">   --->   Core 0 '' <Latency = 0> <II = 1> <Delay = 1.00> <Generic> <Opcode : >

State 88 <SV = 87> <Delay = 0.00>
ST_88 : Operation 236 [47/70] (0.00ns)   --->   "%call_ln301 = call void @sa_store, i32 %ca, i32 %addr_sa_c, i16 %b0_q_read, i20 %mxm_execute_ursa_signed_char_unsigned_short_unsigned_char_unsigned_short_i_63, i20 %mxm_execute_ursa_signed_char_unsigned_short_unsigned_char_unsigned_short_i_62, i20 %mxm_execute_ursa_signed_char_unsigned_short_unsigned_char_unsigned_short_i_61, i20 %mxm_execute_ursa_signed_char_unsigned_short_unsigned_char_unsigned_short_i_60, i20 %mxm_execute_ursa_signed_char_unsigned_short_unsigned_char_unsigned_short_i_59, i20 %mxm_execute_ursa_signed_char_unsigned_short_unsigned_char_unsigned_short_i_58, i20 %mxm_execute_ursa_signed_char_unsigned_short_unsigned_char_unsigned_short_i_57, i20 %mxm_execute_ursa_signed_char_unsigned_short_unsigned_char_unsigned_short_i_56, i20 %mxm_execute_ursa_signed_char_unsigned_short_unsigned_char_unsigned_short_i_55, i20 %mxm_execute_ursa_signed_char_unsigned_short_unsigned_char_unsigned_short_i_54, i20 %mxm_execute_ursa_signed_char_unsigned_short_unsigned_char_unsigned_short_i_53, i20 %mxm_execute_ursa_signed_char_unsigned_short_unsigned_char_unsigned_short_i_52, i20 %mxm_execute_ursa_signed_char_unsigned_short_unsigned_char_unsigned_short_i_51, i20 %mxm_execute_ursa_signed_char_unsigned_short_unsigned_char_unsigned_short_i_50, i20 %mxm_execute_ursa_signed_char_unsigned_short_unsigned_char_unsigned_short_i_49, i20 %mxm_execute_ursa_signed_char_unsigned_short_unsigned_char_unsigned_short_i_48, i20 %mxm_execute_ursa_signed_char_unsigned_short_unsigned_char_unsigned_short_i_47, i20 %mxm_execute_ursa_signed_char_unsigned_short_unsigned_char_unsigned_short_i_46, i20 %mxm_execute_ursa_signed_char_unsigned_short_unsigned_char_unsigned_short_i_45, i20 %mxm_execute_ursa_signed_char_unsigned_short_unsigned_char_unsigned_short_i_44, i20 %mxm_execute_ursa_signed_char_unsigned_short_unsigned_char_unsigned_short_i_43, i20 %mxm_execute_ursa_signed_char_unsigned_short_unsigned_char_unsigned_short_i_42, i20 %mxm_execute_ursa_signed_char_unsigned_short_unsigned_char_unsigned_short_i_41, i20 %mxm_execute_ursa_signed_char_unsigned_short_unsigned_char_unsigned_short_i_40, i20 %mxm_execute_ursa_signed_char_unsigned_short_unsigned_char_unsigned_short_i_39, i20 %mxm_execute_ursa_signed_char_unsigned_short_unsigned_char_unsigned_short_i_38, i20 %mxm_execute_ursa_signed_char_unsigned_short_unsigned_char_unsigned_short_i_37, i20 %mxm_execute_ursa_signed_char_unsigned_short_unsigned_char_unsigned_short_i_36, i20 %mxm_execute_ursa_signed_char_unsigned_short_unsigned_char_unsigned_short_i_35, i20 %mxm_execute_ursa_signed_char_unsigned_short_unsigned_char_unsigned_short_i_34, i20 %mxm_execute_ursa_signed_char_unsigned_short_unsigned_char_unsigned_short_i_33, i20 %mxm_execute_ursa_signed_char_unsigned_short_unsigned_char_unsigned_short_i_32, i20 %mxm_execute_ursa_signed_char_unsigned_short_unsigned_char_unsigned_short_i_31, i20 %mxm_execute_ursa_signed_char_unsigned_short_unsigned_char_unsigned_short_i_30, i20 %mxm_execute_ursa_signed_char_unsigned_short_unsigned_char_unsigned_short_i_29, i20 %mxm_execute_ursa_signed_char_unsigned_short_unsigned_char_unsigned_short_i_28, i20 %mxm_execute_ursa_signed_char_unsigned_short_unsigned_char_unsigned_short_i_27, i20 %mxm_execute_ursa_signed_char_unsigned_short_unsigned_char_unsigned_short_i_26, i20 %mxm_execute_ursa_signed_char_unsigned_short_unsigned_char_unsigned_short_i_25, i20 %mxm_execute_ursa_signed_char_unsigned_short_unsigned_char_unsigned_short_i_24, i20 %mxm_execute_ursa_signed_char_unsigned_short_unsigned_char_unsigned_short_i_23, i20 %mxm_execute_ursa_signed_char_unsigned_short_unsigned_char_unsigned_short_i_22, i20 %mxm_execute_ursa_signed_char_unsigned_short_unsigned_char_unsigned_short_i_21, i20 %mxm_execute_ursa_signed_char_unsigned_short_unsigned_char_unsigned_short_i_20, i20 %mxm_execute_ursa_signed_char_unsigned_short_unsigned_char_unsigned_short_i_19, i20 %mxm_execute_ursa_signed_char_unsigned_short_unsigned_char_unsigned_short_i_18, i20 %mxm_execute_ursa_signed_char_unsigned_short_unsigned_char_unsigned_short_i_17, i20 %mxm_execute_ursa_signed_char_unsigned_short_unsigned_char_unsigned_short_i_16, i20 %mxm_execute_ursa_signed_char_unsigned_short_unsigned_char_unsigned_short_i_15, i20 %mxm_execute_ursa_signed_char_unsigned_short_unsigned_char_unsigned_short_i_14, i20 %mxm_execute_ursa_signed_char_unsigned_short_unsigned_char_unsigned_short_i_13, i20 %mxm_execute_ursa_signed_char_unsigned_short_unsigned_char_unsigned_short_i_12, i20 %mxm_execute_ursa_signed_char_unsigned_short_unsigned_char_unsigned_short_i_11, i20 %mxm_execute_ursa_signed_char_unsigned_short_unsigned_char_unsigned_short_i_10, i20 %mxm_execute_ursa_signed_char_unsigned_short_unsigned_char_unsigned_short_i_9, i20 %mxm_execute_ursa_signed_char_unsigned_short_unsigned_char_unsigned_short_i_8, i20 %mxm_execute_ursa_signed_char_unsigned_short_unsigned_char_unsigned_short_i_7, i20 %mxm_execute_ursa_signed_char_unsigned_short_unsigned_char_unsigned_short_i_6, i20 %mxm_execute_ursa_signed_char_unsigned_short_unsigned_char_unsigned_short_i_5, i20 %mxm_execute_ursa_signed_char_unsigned_short_unsigned_char_unsigned_short_i_4, i20 %mxm_execute_ursa_signed_char_unsigned_short_unsigned_char_unsigned_short_i_3, i20 %mxm_execute_ursa_signed_char_unsigned_short_unsigned_char_unsigned_short_i_2, i20 %mxm_execute_ursa_signed_char_unsigned_short_unsigned_char_unsigned_short_i_1, i20 %mxm_execute_ursa_signed_char_unsigned_short_unsigned_char_unsigned_short_i" [/home/ulisses/Projects/ursa/src/core/shell.cpp:301]   --->   Operation 236 'call' 'call_ln301' <Predicate = true> <Delay = 0.00> <CoreType = "Generic">   --->   Core 0 '' <Latency = 0> <II = 1> <Delay = 1.00> <Generic> <Opcode : >

State 89 <SV = 88> <Delay = 0.00>
ST_89 : Operation 237 [46/70] (0.00ns)   --->   "%call_ln301 = call void @sa_store, i32 %ca, i32 %addr_sa_c, i16 %b0_q_read, i20 %mxm_execute_ursa_signed_char_unsigned_short_unsigned_char_unsigned_short_i_63, i20 %mxm_execute_ursa_signed_char_unsigned_short_unsigned_char_unsigned_short_i_62, i20 %mxm_execute_ursa_signed_char_unsigned_short_unsigned_char_unsigned_short_i_61, i20 %mxm_execute_ursa_signed_char_unsigned_short_unsigned_char_unsigned_short_i_60, i20 %mxm_execute_ursa_signed_char_unsigned_short_unsigned_char_unsigned_short_i_59, i20 %mxm_execute_ursa_signed_char_unsigned_short_unsigned_char_unsigned_short_i_58, i20 %mxm_execute_ursa_signed_char_unsigned_short_unsigned_char_unsigned_short_i_57, i20 %mxm_execute_ursa_signed_char_unsigned_short_unsigned_char_unsigned_short_i_56, i20 %mxm_execute_ursa_signed_char_unsigned_short_unsigned_char_unsigned_short_i_55, i20 %mxm_execute_ursa_signed_char_unsigned_short_unsigned_char_unsigned_short_i_54, i20 %mxm_execute_ursa_signed_char_unsigned_short_unsigned_char_unsigned_short_i_53, i20 %mxm_execute_ursa_signed_char_unsigned_short_unsigned_char_unsigned_short_i_52, i20 %mxm_execute_ursa_signed_char_unsigned_short_unsigned_char_unsigned_short_i_51, i20 %mxm_execute_ursa_signed_char_unsigned_short_unsigned_char_unsigned_short_i_50, i20 %mxm_execute_ursa_signed_char_unsigned_short_unsigned_char_unsigned_short_i_49, i20 %mxm_execute_ursa_signed_char_unsigned_short_unsigned_char_unsigned_short_i_48, i20 %mxm_execute_ursa_signed_char_unsigned_short_unsigned_char_unsigned_short_i_47, i20 %mxm_execute_ursa_signed_char_unsigned_short_unsigned_char_unsigned_short_i_46, i20 %mxm_execute_ursa_signed_char_unsigned_short_unsigned_char_unsigned_short_i_45, i20 %mxm_execute_ursa_signed_char_unsigned_short_unsigned_char_unsigned_short_i_44, i20 %mxm_execute_ursa_signed_char_unsigned_short_unsigned_char_unsigned_short_i_43, i20 %mxm_execute_ursa_signed_char_unsigned_short_unsigned_char_unsigned_short_i_42, i20 %mxm_execute_ursa_signed_char_unsigned_short_unsigned_char_unsigned_short_i_41, i20 %mxm_execute_ursa_signed_char_unsigned_short_unsigned_char_unsigned_short_i_40, i20 %mxm_execute_ursa_signed_char_unsigned_short_unsigned_char_unsigned_short_i_39, i20 %mxm_execute_ursa_signed_char_unsigned_short_unsigned_char_unsigned_short_i_38, i20 %mxm_execute_ursa_signed_char_unsigned_short_unsigned_char_unsigned_short_i_37, i20 %mxm_execute_ursa_signed_char_unsigned_short_unsigned_char_unsigned_short_i_36, i20 %mxm_execute_ursa_signed_char_unsigned_short_unsigned_char_unsigned_short_i_35, i20 %mxm_execute_ursa_signed_char_unsigned_short_unsigned_char_unsigned_short_i_34, i20 %mxm_execute_ursa_signed_char_unsigned_short_unsigned_char_unsigned_short_i_33, i20 %mxm_execute_ursa_signed_char_unsigned_short_unsigned_char_unsigned_short_i_32, i20 %mxm_execute_ursa_signed_char_unsigned_short_unsigned_char_unsigned_short_i_31, i20 %mxm_execute_ursa_signed_char_unsigned_short_unsigned_char_unsigned_short_i_30, i20 %mxm_execute_ursa_signed_char_unsigned_short_unsigned_char_unsigned_short_i_29, i20 %mxm_execute_ursa_signed_char_unsigned_short_unsigned_char_unsigned_short_i_28, i20 %mxm_execute_ursa_signed_char_unsigned_short_unsigned_char_unsigned_short_i_27, i20 %mxm_execute_ursa_signed_char_unsigned_short_unsigned_char_unsigned_short_i_26, i20 %mxm_execute_ursa_signed_char_unsigned_short_unsigned_char_unsigned_short_i_25, i20 %mxm_execute_ursa_signed_char_unsigned_short_unsigned_char_unsigned_short_i_24, i20 %mxm_execute_ursa_signed_char_unsigned_short_unsigned_char_unsigned_short_i_23, i20 %mxm_execute_ursa_signed_char_unsigned_short_unsigned_char_unsigned_short_i_22, i20 %mxm_execute_ursa_signed_char_unsigned_short_unsigned_char_unsigned_short_i_21, i20 %mxm_execute_ursa_signed_char_unsigned_short_unsigned_char_unsigned_short_i_20, i20 %mxm_execute_ursa_signed_char_unsigned_short_unsigned_char_unsigned_short_i_19, i20 %mxm_execute_ursa_signed_char_unsigned_short_unsigned_char_unsigned_short_i_18, i20 %mxm_execute_ursa_signed_char_unsigned_short_unsigned_char_unsigned_short_i_17, i20 %mxm_execute_ursa_signed_char_unsigned_short_unsigned_char_unsigned_short_i_16, i20 %mxm_execute_ursa_signed_char_unsigned_short_unsigned_char_unsigned_short_i_15, i20 %mxm_execute_ursa_signed_char_unsigned_short_unsigned_char_unsigned_short_i_14, i20 %mxm_execute_ursa_signed_char_unsigned_short_unsigned_char_unsigned_short_i_13, i20 %mxm_execute_ursa_signed_char_unsigned_short_unsigned_char_unsigned_short_i_12, i20 %mxm_execute_ursa_signed_char_unsigned_short_unsigned_char_unsigned_short_i_11, i20 %mxm_execute_ursa_signed_char_unsigned_short_unsigned_char_unsigned_short_i_10, i20 %mxm_execute_ursa_signed_char_unsigned_short_unsigned_char_unsigned_short_i_9, i20 %mxm_execute_ursa_signed_char_unsigned_short_unsigned_char_unsigned_short_i_8, i20 %mxm_execute_ursa_signed_char_unsigned_short_unsigned_char_unsigned_short_i_7, i20 %mxm_execute_ursa_signed_char_unsigned_short_unsigned_char_unsigned_short_i_6, i20 %mxm_execute_ursa_signed_char_unsigned_short_unsigned_char_unsigned_short_i_5, i20 %mxm_execute_ursa_signed_char_unsigned_short_unsigned_char_unsigned_short_i_4, i20 %mxm_execute_ursa_signed_char_unsigned_short_unsigned_char_unsigned_short_i_3, i20 %mxm_execute_ursa_signed_char_unsigned_short_unsigned_char_unsigned_short_i_2, i20 %mxm_execute_ursa_signed_char_unsigned_short_unsigned_char_unsigned_short_i_1, i20 %mxm_execute_ursa_signed_char_unsigned_short_unsigned_char_unsigned_short_i" [/home/ulisses/Projects/ursa/src/core/shell.cpp:301]   --->   Operation 237 'call' 'call_ln301' <Predicate = true> <Delay = 0.00> <CoreType = "Generic">   --->   Core 0 '' <Latency = 0> <II = 1> <Delay = 1.00> <Generic> <Opcode : >

State 90 <SV = 89> <Delay = 0.00>
ST_90 : Operation 238 [45/70] (0.00ns)   --->   "%call_ln301 = call void @sa_store, i32 %ca, i32 %addr_sa_c, i16 %b0_q_read, i20 %mxm_execute_ursa_signed_char_unsigned_short_unsigned_char_unsigned_short_i_63, i20 %mxm_execute_ursa_signed_char_unsigned_short_unsigned_char_unsigned_short_i_62, i20 %mxm_execute_ursa_signed_char_unsigned_short_unsigned_char_unsigned_short_i_61, i20 %mxm_execute_ursa_signed_char_unsigned_short_unsigned_char_unsigned_short_i_60, i20 %mxm_execute_ursa_signed_char_unsigned_short_unsigned_char_unsigned_short_i_59, i20 %mxm_execute_ursa_signed_char_unsigned_short_unsigned_char_unsigned_short_i_58, i20 %mxm_execute_ursa_signed_char_unsigned_short_unsigned_char_unsigned_short_i_57, i20 %mxm_execute_ursa_signed_char_unsigned_short_unsigned_char_unsigned_short_i_56, i20 %mxm_execute_ursa_signed_char_unsigned_short_unsigned_char_unsigned_short_i_55, i20 %mxm_execute_ursa_signed_char_unsigned_short_unsigned_char_unsigned_short_i_54, i20 %mxm_execute_ursa_signed_char_unsigned_short_unsigned_char_unsigned_short_i_53, i20 %mxm_execute_ursa_signed_char_unsigned_short_unsigned_char_unsigned_short_i_52, i20 %mxm_execute_ursa_signed_char_unsigned_short_unsigned_char_unsigned_short_i_51, i20 %mxm_execute_ursa_signed_char_unsigned_short_unsigned_char_unsigned_short_i_50, i20 %mxm_execute_ursa_signed_char_unsigned_short_unsigned_char_unsigned_short_i_49, i20 %mxm_execute_ursa_signed_char_unsigned_short_unsigned_char_unsigned_short_i_48, i20 %mxm_execute_ursa_signed_char_unsigned_short_unsigned_char_unsigned_short_i_47, i20 %mxm_execute_ursa_signed_char_unsigned_short_unsigned_char_unsigned_short_i_46, i20 %mxm_execute_ursa_signed_char_unsigned_short_unsigned_char_unsigned_short_i_45, i20 %mxm_execute_ursa_signed_char_unsigned_short_unsigned_char_unsigned_short_i_44, i20 %mxm_execute_ursa_signed_char_unsigned_short_unsigned_char_unsigned_short_i_43, i20 %mxm_execute_ursa_signed_char_unsigned_short_unsigned_char_unsigned_short_i_42, i20 %mxm_execute_ursa_signed_char_unsigned_short_unsigned_char_unsigned_short_i_41, i20 %mxm_execute_ursa_signed_char_unsigned_short_unsigned_char_unsigned_short_i_40, i20 %mxm_execute_ursa_signed_char_unsigned_short_unsigned_char_unsigned_short_i_39, i20 %mxm_execute_ursa_signed_char_unsigned_short_unsigned_char_unsigned_short_i_38, i20 %mxm_execute_ursa_signed_char_unsigned_short_unsigned_char_unsigned_short_i_37, i20 %mxm_execute_ursa_signed_char_unsigned_short_unsigned_char_unsigned_short_i_36, i20 %mxm_execute_ursa_signed_char_unsigned_short_unsigned_char_unsigned_short_i_35, i20 %mxm_execute_ursa_signed_char_unsigned_short_unsigned_char_unsigned_short_i_34, i20 %mxm_execute_ursa_signed_char_unsigned_short_unsigned_char_unsigned_short_i_33, i20 %mxm_execute_ursa_signed_char_unsigned_short_unsigned_char_unsigned_short_i_32, i20 %mxm_execute_ursa_signed_char_unsigned_short_unsigned_char_unsigned_short_i_31, i20 %mxm_execute_ursa_signed_char_unsigned_short_unsigned_char_unsigned_short_i_30, i20 %mxm_execute_ursa_signed_char_unsigned_short_unsigned_char_unsigned_short_i_29, i20 %mxm_execute_ursa_signed_char_unsigned_short_unsigned_char_unsigned_short_i_28, i20 %mxm_execute_ursa_signed_char_unsigned_short_unsigned_char_unsigned_short_i_27, i20 %mxm_execute_ursa_signed_char_unsigned_short_unsigned_char_unsigned_short_i_26, i20 %mxm_execute_ursa_signed_char_unsigned_short_unsigned_char_unsigned_short_i_25, i20 %mxm_execute_ursa_signed_char_unsigned_short_unsigned_char_unsigned_short_i_24, i20 %mxm_execute_ursa_signed_char_unsigned_short_unsigned_char_unsigned_short_i_23, i20 %mxm_execute_ursa_signed_char_unsigned_short_unsigned_char_unsigned_short_i_22, i20 %mxm_execute_ursa_signed_char_unsigned_short_unsigned_char_unsigned_short_i_21, i20 %mxm_execute_ursa_signed_char_unsigned_short_unsigned_char_unsigned_short_i_20, i20 %mxm_execute_ursa_signed_char_unsigned_short_unsigned_char_unsigned_short_i_19, i20 %mxm_execute_ursa_signed_char_unsigned_short_unsigned_char_unsigned_short_i_18, i20 %mxm_execute_ursa_signed_char_unsigned_short_unsigned_char_unsigned_short_i_17, i20 %mxm_execute_ursa_signed_char_unsigned_short_unsigned_char_unsigned_short_i_16, i20 %mxm_execute_ursa_signed_char_unsigned_short_unsigned_char_unsigned_short_i_15, i20 %mxm_execute_ursa_signed_char_unsigned_short_unsigned_char_unsigned_short_i_14, i20 %mxm_execute_ursa_signed_char_unsigned_short_unsigned_char_unsigned_short_i_13, i20 %mxm_execute_ursa_signed_char_unsigned_short_unsigned_char_unsigned_short_i_12, i20 %mxm_execute_ursa_signed_char_unsigned_short_unsigned_char_unsigned_short_i_11, i20 %mxm_execute_ursa_signed_char_unsigned_short_unsigned_char_unsigned_short_i_10, i20 %mxm_execute_ursa_signed_char_unsigned_short_unsigned_char_unsigned_short_i_9, i20 %mxm_execute_ursa_signed_char_unsigned_short_unsigned_char_unsigned_short_i_8, i20 %mxm_execute_ursa_signed_char_unsigned_short_unsigned_char_unsigned_short_i_7, i20 %mxm_execute_ursa_signed_char_unsigned_short_unsigned_char_unsigned_short_i_6, i20 %mxm_execute_ursa_signed_char_unsigned_short_unsigned_char_unsigned_short_i_5, i20 %mxm_execute_ursa_signed_char_unsigned_short_unsigned_char_unsigned_short_i_4, i20 %mxm_execute_ursa_signed_char_unsigned_short_unsigned_char_unsigned_short_i_3, i20 %mxm_execute_ursa_signed_char_unsigned_short_unsigned_char_unsigned_short_i_2, i20 %mxm_execute_ursa_signed_char_unsigned_short_unsigned_char_unsigned_short_i_1, i20 %mxm_execute_ursa_signed_char_unsigned_short_unsigned_char_unsigned_short_i" [/home/ulisses/Projects/ursa/src/core/shell.cpp:301]   --->   Operation 238 'call' 'call_ln301' <Predicate = true> <Delay = 0.00> <CoreType = "Generic">   --->   Core 0 '' <Latency = 0> <II = 1> <Delay = 1.00> <Generic> <Opcode : >

State 91 <SV = 90> <Delay = 0.00>
ST_91 : Operation 239 [44/70] (0.00ns)   --->   "%call_ln301 = call void @sa_store, i32 %ca, i32 %addr_sa_c, i16 %b0_q_read, i20 %mxm_execute_ursa_signed_char_unsigned_short_unsigned_char_unsigned_short_i_63, i20 %mxm_execute_ursa_signed_char_unsigned_short_unsigned_char_unsigned_short_i_62, i20 %mxm_execute_ursa_signed_char_unsigned_short_unsigned_char_unsigned_short_i_61, i20 %mxm_execute_ursa_signed_char_unsigned_short_unsigned_char_unsigned_short_i_60, i20 %mxm_execute_ursa_signed_char_unsigned_short_unsigned_char_unsigned_short_i_59, i20 %mxm_execute_ursa_signed_char_unsigned_short_unsigned_char_unsigned_short_i_58, i20 %mxm_execute_ursa_signed_char_unsigned_short_unsigned_char_unsigned_short_i_57, i20 %mxm_execute_ursa_signed_char_unsigned_short_unsigned_char_unsigned_short_i_56, i20 %mxm_execute_ursa_signed_char_unsigned_short_unsigned_char_unsigned_short_i_55, i20 %mxm_execute_ursa_signed_char_unsigned_short_unsigned_char_unsigned_short_i_54, i20 %mxm_execute_ursa_signed_char_unsigned_short_unsigned_char_unsigned_short_i_53, i20 %mxm_execute_ursa_signed_char_unsigned_short_unsigned_char_unsigned_short_i_52, i20 %mxm_execute_ursa_signed_char_unsigned_short_unsigned_char_unsigned_short_i_51, i20 %mxm_execute_ursa_signed_char_unsigned_short_unsigned_char_unsigned_short_i_50, i20 %mxm_execute_ursa_signed_char_unsigned_short_unsigned_char_unsigned_short_i_49, i20 %mxm_execute_ursa_signed_char_unsigned_short_unsigned_char_unsigned_short_i_48, i20 %mxm_execute_ursa_signed_char_unsigned_short_unsigned_char_unsigned_short_i_47, i20 %mxm_execute_ursa_signed_char_unsigned_short_unsigned_char_unsigned_short_i_46, i20 %mxm_execute_ursa_signed_char_unsigned_short_unsigned_char_unsigned_short_i_45, i20 %mxm_execute_ursa_signed_char_unsigned_short_unsigned_char_unsigned_short_i_44, i20 %mxm_execute_ursa_signed_char_unsigned_short_unsigned_char_unsigned_short_i_43, i20 %mxm_execute_ursa_signed_char_unsigned_short_unsigned_char_unsigned_short_i_42, i20 %mxm_execute_ursa_signed_char_unsigned_short_unsigned_char_unsigned_short_i_41, i20 %mxm_execute_ursa_signed_char_unsigned_short_unsigned_char_unsigned_short_i_40, i20 %mxm_execute_ursa_signed_char_unsigned_short_unsigned_char_unsigned_short_i_39, i20 %mxm_execute_ursa_signed_char_unsigned_short_unsigned_char_unsigned_short_i_38, i20 %mxm_execute_ursa_signed_char_unsigned_short_unsigned_char_unsigned_short_i_37, i20 %mxm_execute_ursa_signed_char_unsigned_short_unsigned_char_unsigned_short_i_36, i20 %mxm_execute_ursa_signed_char_unsigned_short_unsigned_char_unsigned_short_i_35, i20 %mxm_execute_ursa_signed_char_unsigned_short_unsigned_char_unsigned_short_i_34, i20 %mxm_execute_ursa_signed_char_unsigned_short_unsigned_char_unsigned_short_i_33, i20 %mxm_execute_ursa_signed_char_unsigned_short_unsigned_char_unsigned_short_i_32, i20 %mxm_execute_ursa_signed_char_unsigned_short_unsigned_char_unsigned_short_i_31, i20 %mxm_execute_ursa_signed_char_unsigned_short_unsigned_char_unsigned_short_i_30, i20 %mxm_execute_ursa_signed_char_unsigned_short_unsigned_char_unsigned_short_i_29, i20 %mxm_execute_ursa_signed_char_unsigned_short_unsigned_char_unsigned_short_i_28, i20 %mxm_execute_ursa_signed_char_unsigned_short_unsigned_char_unsigned_short_i_27, i20 %mxm_execute_ursa_signed_char_unsigned_short_unsigned_char_unsigned_short_i_26, i20 %mxm_execute_ursa_signed_char_unsigned_short_unsigned_char_unsigned_short_i_25, i20 %mxm_execute_ursa_signed_char_unsigned_short_unsigned_char_unsigned_short_i_24, i20 %mxm_execute_ursa_signed_char_unsigned_short_unsigned_char_unsigned_short_i_23, i20 %mxm_execute_ursa_signed_char_unsigned_short_unsigned_char_unsigned_short_i_22, i20 %mxm_execute_ursa_signed_char_unsigned_short_unsigned_char_unsigned_short_i_21, i20 %mxm_execute_ursa_signed_char_unsigned_short_unsigned_char_unsigned_short_i_20, i20 %mxm_execute_ursa_signed_char_unsigned_short_unsigned_char_unsigned_short_i_19, i20 %mxm_execute_ursa_signed_char_unsigned_short_unsigned_char_unsigned_short_i_18, i20 %mxm_execute_ursa_signed_char_unsigned_short_unsigned_char_unsigned_short_i_17, i20 %mxm_execute_ursa_signed_char_unsigned_short_unsigned_char_unsigned_short_i_16, i20 %mxm_execute_ursa_signed_char_unsigned_short_unsigned_char_unsigned_short_i_15, i20 %mxm_execute_ursa_signed_char_unsigned_short_unsigned_char_unsigned_short_i_14, i20 %mxm_execute_ursa_signed_char_unsigned_short_unsigned_char_unsigned_short_i_13, i20 %mxm_execute_ursa_signed_char_unsigned_short_unsigned_char_unsigned_short_i_12, i20 %mxm_execute_ursa_signed_char_unsigned_short_unsigned_char_unsigned_short_i_11, i20 %mxm_execute_ursa_signed_char_unsigned_short_unsigned_char_unsigned_short_i_10, i20 %mxm_execute_ursa_signed_char_unsigned_short_unsigned_char_unsigned_short_i_9, i20 %mxm_execute_ursa_signed_char_unsigned_short_unsigned_char_unsigned_short_i_8, i20 %mxm_execute_ursa_signed_char_unsigned_short_unsigned_char_unsigned_short_i_7, i20 %mxm_execute_ursa_signed_char_unsigned_short_unsigned_char_unsigned_short_i_6, i20 %mxm_execute_ursa_signed_char_unsigned_short_unsigned_char_unsigned_short_i_5, i20 %mxm_execute_ursa_signed_char_unsigned_short_unsigned_char_unsigned_short_i_4, i20 %mxm_execute_ursa_signed_char_unsigned_short_unsigned_char_unsigned_short_i_3, i20 %mxm_execute_ursa_signed_char_unsigned_short_unsigned_char_unsigned_short_i_2, i20 %mxm_execute_ursa_signed_char_unsigned_short_unsigned_char_unsigned_short_i_1, i20 %mxm_execute_ursa_signed_char_unsigned_short_unsigned_char_unsigned_short_i" [/home/ulisses/Projects/ursa/src/core/shell.cpp:301]   --->   Operation 239 'call' 'call_ln301' <Predicate = true> <Delay = 0.00> <CoreType = "Generic">   --->   Core 0 '' <Latency = 0> <II = 1> <Delay = 1.00> <Generic> <Opcode : >

State 92 <SV = 91> <Delay = 0.00>
ST_92 : Operation 240 [43/70] (0.00ns)   --->   "%call_ln301 = call void @sa_store, i32 %ca, i32 %addr_sa_c, i16 %b0_q_read, i20 %mxm_execute_ursa_signed_char_unsigned_short_unsigned_char_unsigned_short_i_63, i20 %mxm_execute_ursa_signed_char_unsigned_short_unsigned_char_unsigned_short_i_62, i20 %mxm_execute_ursa_signed_char_unsigned_short_unsigned_char_unsigned_short_i_61, i20 %mxm_execute_ursa_signed_char_unsigned_short_unsigned_char_unsigned_short_i_60, i20 %mxm_execute_ursa_signed_char_unsigned_short_unsigned_char_unsigned_short_i_59, i20 %mxm_execute_ursa_signed_char_unsigned_short_unsigned_char_unsigned_short_i_58, i20 %mxm_execute_ursa_signed_char_unsigned_short_unsigned_char_unsigned_short_i_57, i20 %mxm_execute_ursa_signed_char_unsigned_short_unsigned_char_unsigned_short_i_56, i20 %mxm_execute_ursa_signed_char_unsigned_short_unsigned_char_unsigned_short_i_55, i20 %mxm_execute_ursa_signed_char_unsigned_short_unsigned_char_unsigned_short_i_54, i20 %mxm_execute_ursa_signed_char_unsigned_short_unsigned_char_unsigned_short_i_53, i20 %mxm_execute_ursa_signed_char_unsigned_short_unsigned_char_unsigned_short_i_52, i20 %mxm_execute_ursa_signed_char_unsigned_short_unsigned_char_unsigned_short_i_51, i20 %mxm_execute_ursa_signed_char_unsigned_short_unsigned_char_unsigned_short_i_50, i20 %mxm_execute_ursa_signed_char_unsigned_short_unsigned_char_unsigned_short_i_49, i20 %mxm_execute_ursa_signed_char_unsigned_short_unsigned_char_unsigned_short_i_48, i20 %mxm_execute_ursa_signed_char_unsigned_short_unsigned_char_unsigned_short_i_47, i20 %mxm_execute_ursa_signed_char_unsigned_short_unsigned_char_unsigned_short_i_46, i20 %mxm_execute_ursa_signed_char_unsigned_short_unsigned_char_unsigned_short_i_45, i20 %mxm_execute_ursa_signed_char_unsigned_short_unsigned_char_unsigned_short_i_44, i20 %mxm_execute_ursa_signed_char_unsigned_short_unsigned_char_unsigned_short_i_43, i20 %mxm_execute_ursa_signed_char_unsigned_short_unsigned_char_unsigned_short_i_42, i20 %mxm_execute_ursa_signed_char_unsigned_short_unsigned_char_unsigned_short_i_41, i20 %mxm_execute_ursa_signed_char_unsigned_short_unsigned_char_unsigned_short_i_40, i20 %mxm_execute_ursa_signed_char_unsigned_short_unsigned_char_unsigned_short_i_39, i20 %mxm_execute_ursa_signed_char_unsigned_short_unsigned_char_unsigned_short_i_38, i20 %mxm_execute_ursa_signed_char_unsigned_short_unsigned_char_unsigned_short_i_37, i20 %mxm_execute_ursa_signed_char_unsigned_short_unsigned_char_unsigned_short_i_36, i20 %mxm_execute_ursa_signed_char_unsigned_short_unsigned_char_unsigned_short_i_35, i20 %mxm_execute_ursa_signed_char_unsigned_short_unsigned_char_unsigned_short_i_34, i20 %mxm_execute_ursa_signed_char_unsigned_short_unsigned_char_unsigned_short_i_33, i20 %mxm_execute_ursa_signed_char_unsigned_short_unsigned_char_unsigned_short_i_32, i20 %mxm_execute_ursa_signed_char_unsigned_short_unsigned_char_unsigned_short_i_31, i20 %mxm_execute_ursa_signed_char_unsigned_short_unsigned_char_unsigned_short_i_30, i20 %mxm_execute_ursa_signed_char_unsigned_short_unsigned_char_unsigned_short_i_29, i20 %mxm_execute_ursa_signed_char_unsigned_short_unsigned_char_unsigned_short_i_28, i20 %mxm_execute_ursa_signed_char_unsigned_short_unsigned_char_unsigned_short_i_27, i20 %mxm_execute_ursa_signed_char_unsigned_short_unsigned_char_unsigned_short_i_26, i20 %mxm_execute_ursa_signed_char_unsigned_short_unsigned_char_unsigned_short_i_25, i20 %mxm_execute_ursa_signed_char_unsigned_short_unsigned_char_unsigned_short_i_24, i20 %mxm_execute_ursa_signed_char_unsigned_short_unsigned_char_unsigned_short_i_23, i20 %mxm_execute_ursa_signed_char_unsigned_short_unsigned_char_unsigned_short_i_22, i20 %mxm_execute_ursa_signed_char_unsigned_short_unsigned_char_unsigned_short_i_21, i20 %mxm_execute_ursa_signed_char_unsigned_short_unsigned_char_unsigned_short_i_20, i20 %mxm_execute_ursa_signed_char_unsigned_short_unsigned_char_unsigned_short_i_19, i20 %mxm_execute_ursa_signed_char_unsigned_short_unsigned_char_unsigned_short_i_18, i20 %mxm_execute_ursa_signed_char_unsigned_short_unsigned_char_unsigned_short_i_17, i20 %mxm_execute_ursa_signed_char_unsigned_short_unsigned_char_unsigned_short_i_16, i20 %mxm_execute_ursa_signed_char_unsigned_short_unsigned_char_unsigned_short_i_15, i20 %mxm_execute_ursa_signed_char_unsigned_short_unsigned_char_unsigned_short_i_14, i20 %mxm_execute_ursa_signed_char_unsigned_short_unsigned_char_unsigned_short_i_13, i20 %mxm_execute_ursa_signed_char_unsigned_short_unsigned_char_unsigned_short_i_12, i20 %mxm_execute_ursa_signed_char_unsigned_short_unsigned_char_unsigned_short_i_11, i20 %mxm_execute_ursa_signed_char_unsigned_short_unsigned_char_unsigned_short_i_10, i20 %mxm_execute_ursa_signed_char_unsigned_short_unsigned_char_unsigned_short_i_9, i20 %mxm_execute_ursa_signed_char_unsigned_short_unsigned_char_unsigned_short_i_8, i20 %mxm_execute_ursa_signed_char_unsigned_short_unsigned_char_unsigned_short_i_7, i20 %mxm_execute_ursa_signed_char_unsigned_short_unsigned_char_unsigned_short_i_6, i20 %mxm_execute_ursa_signed_char_unsigned_short_unsigned_char_unsigned_short_i_5, i20 %mxm_execute_ursa_signed_char_unsigned_short_unsigned_char_unsigned_short_i_4, i20 %mxm_execute_ursa_signed_char_unsigned_short_unsigned_char_unsigned_short_i_3, i20 %mxm_execute_ursa_signed_char_unsigned_short_unsigned_char_unsigned_short_i_2, i20 %mxm_execute_ursa_signed_char_unsigned_short_unsigned_char_unsigned_short_i_1, i20 %mxm_execute_ursa_signed_char_unsigned_short_unsigned_char_unsigned_short_i" [/home/ulisses/Projects/ursa/src/core/shell.cpp:301]   --->   Operation 240 'call' 'call_ln301' <Predicate = true> <Delay = 0.00> <CoreType = "Generic">   --->   Core 0 '' <Latency = 0> <II = 1> <Delay = 1.00> <Generic> <Opcode : >

State 93 <SV = 92> <Delay = 0.00>
ST_93 : Operation 241 [42/70] (0.00ns)   --->   "%call_ln301 = call void @sa_store, i32 %ca, i32 %addr_sa_c, i16 %b0_q_read, i20 %mxm_execute_ursa_signed_char_unsigned_short_unsigned_char_unsigned_short_i_63, i20 %mxm_execute_ursa_signed_char_unsigned_short_unsigned_char_unsigned_short_i_62, i20 %mxm_execute_ursa_signed_char_unsigned_short_unsigned_char_unsigned_short_i_61, i20 %mxm_execute_ursa_signed_char_unsigned_short_unsigned_char_unsigned_short_i_60, i20 %mxm_execute_ursa_signed_char_unsigned_short_unsigned_char_unsigned_short_i_59, i20 %mxm_execute_ursa_signed_char_unsigned_short_unsigned_char_unsigned_short_i_58, i20 %mxm_execute_ursa_signed_char_unsigned_short_unsigned_char_unsigned_short_i_57, i20 %mxm_execute_ursa_signed_char_unsigned_short_unsigned_char_unsigned_short_i_56, i20 %mxm_execute_ursa_signed_char_unsigned_short_unsigned_char_unsigned_short_i_55, i20 %mxm_execute_ursa_signed_char_unsigned_short_unsigned_char_unsigned_short_i_54, i20 %mxm_execute_ursa_signed_char_unsigned_short_unsigned_char_unsigned_short_i_53, i20 %mxm_execute_ursa_signed_char_unsigned_short_unsigned_char_unsigned_short_i_52, i20 %mxm_execute_ursa_signed_char_unsigned_short_unsigned_char_unsigned_short_i_51, i20 %mxm_execute_ursa_signed_char_unsigned_short_unsigned_char_unsigned_short_i_50, i20 %mxm_execute_ursa_signed_char_unsigned_short_unsigned_char_unsigned_short_i_49, i20 %mxm_execute_ursa_signed_char_unsigned_short_unsigned_char_unsigned_short_i_48, i20 %mxm_execute_ursa_signed_char_unsigned_short_unsigned_char_unsigned_short_i_47, i20 %mxm_execute_ursa_signed_char_unsigned_short_unsigned_char_unsigned_short_i_46, i20 %mxm_execute_ursa_signed_char_unsigned_short_unsigned_char_unsigned_short_i_45, i20 %mxm_execute_ursa_signed_char_unsigned_short_unsigned_char_unsigned_short_i_44, i20 %mxm_execute_ursa_signed_char_unsigned_short_unsigned_char_unsigned_short_i_43, i20 %mxm_execute_ursa_signed_char_unsigned_short_unsigned_char_unsigned_short_i_42, i20 %mxm_execute_ursa_signed_char_unsigned_short_unsigned_char_unsigned_short_i_41, i20 %mxm_execute_ursa_signed_char_unsigned_short_unsigned_char_unsigned_short_i_40, i20 %mxm_execute_ursa_signed_char_unsigned_short_unsigned_char_unsigned_short_i_39, i20 %mxm_execute_ursa_signed_char_unsigned_short_unsigned_char_unsigned_short_i_38, i20 %mxm_execute_ursa_signed_char_unsigned_short_unsigned_char_unsigned_short_i_37, i20 %mxm_execute_ursa_signed_char_unsigned_short_unsigned_char_unsigned_short_i_36, i20 %mxm_execute_ursa_signed_char_unsigned_short_unsigned_char_unsigned_short_i_35, i20 %mxm_execute_ursa_signed_char_unsigned_short_unsigned_char_unsigned_short_i_34, i20 %mxm_execute_ursa_signed_char_unsigned_short_unsigned_char_unsigned_short_i_33, i20 %mxm_execute_ursa_signed_char_unsigned_short_unsigned_char_unsigned_short_i_32, i20 %mxm_execute_ursa_signed_char_unsigned_short_unsigned_char_unsigned_short_i_31, i20 %mxm_execute_ursa_signed_char_unsigned_short_unsigned_char_unsigned_short_i_30, i20 %mxm_execute_ursa_signed_char_unsigned_short_unsigned_char_unsigned_short_i_29, i20 %mxm_execute_ursa_signed_char_unsigned_short_unsigned_char_unsigned_short_i_28, i20 %mxm_execute_ursa_signed_char_unsigned_short_unsigned_char_unsigned_short_i_27, i20 %mxm_execute_ursa_signed_char_unsigned_short_unsigned_char_unsigned_short_i_26, i20 %mxm_execute_ursa_signed_char_unsigned_short_unsigned_char_unsigned_short_i_25, i20 %mxm_execute_ursa_signed_char_unsigned_short_unsigned_char_unsigned_short_i_24, i20 %mxm_execute_ursa_signed_char_unsigned_short_unsigned_char_unsigned_short_i_23, i20 %mxm_execute_ursa_signed_char_unsigned_short_unsigned_char_unsigned_short_i_22, i20 %mxm_execute_ursa_signed_char_unsigned_short_unsigned_char_unsigned_short_i_21, i20 %mxm_execute_ursa_signed_char_unsigned_short_unsigned_char_unsigned_short_i_20, i20 %mxm_execute_ursa_signed_char_unsigned_short_unsigned_char_unsigned_short_i_19, i20 %mxm_execute_ursa_signed_char_unsigned_short_unsigned_char_unsigned_short_i_18, i20 %mxm_execute_ursa_signed_char_unsigned_short_unsigned_char_unsigned_short_i_17, i20 %mxm_execute_ursa_signed_char_unsigned_short_unsigned_char_unsigned_short_i_16, i20 %mxm_execute_ursa_signed_char_unsigned_short_unsigned_char_unsigned_short_i_15, i20 %mxm_execute_ursa_signed_char_unsigned_short_unsigned_char_unsigned_short_i_14, i20 %mxm_execute_ursa_signed_char_unsigned_short_unsigned_char_unsigned_short_i_13, i20 %mxm_execute_ursa_signed_char_unsigned_short_unsigned_char_unsigned_short_i_12, i20 %mxm_execute_ursa_signed_char_unsigned_short_unsigned_char_unsigned_short_i_11, i20 %mxm_execute_ursa_signed_char_unsigned_short_unsigned_char_unsigned_short_i_10, i20 %mxm_execute_ursa_signed_char_unsigned_short_unsigned_char_unsigned_short_i_9, i20 %mxm_execute_ursa_signed_char_unsigned_short_unsigned_char_unsigned_short_i_8, i20 %mxm_execute_ursa_signed_char_unsigned_short_unsigned_char_unsigned_short_i_7, i20 %mxm_execute_ursa_signed_char_unsigned_short_unsigned_char_unsigned_short_i_6, i20 %mxm_execute_ursa_signed_char_unsigned_short_unsigned_char_unsigned_short_i_5, i20 %mxm_execute_ursa_signed_char_unsigned_short_unsigned_char_unsigned_short_i_4, i20 %mxm_execute_ursa_signed_char_unsigned_short_unsigned_char_unsigned_short_i_3, i20 %mxm_execute_ursa_signed_char_unsigned_short_unsigned_char_unsigned_short_i_2, i20 %mxm_execute_ursa_signed_char_unsigned_short_unsigned_char_unsigned_short_i_1, i20 %mxm_execute_ursa_signed_char_unsigned_short_unsigned_char_unsigned_short_i" [/home/ulisses/Projects/ursa/src/core/shell.cpp:301]   --->   Operation 241 'call' 'call_ln301' <Predicate = true> <Delay = 0.00> <CoreType = "Generic">   --->   Core 0 '' <Latency = 0> <II = 1> <Delay = 1.00> <Generic> <Opcode : >

State 94 <SV = 93> <Delay = 0.00>
ST_94 : Operation 242 [41/70] (0.00ns)   --->   "%call_ln301 = call void @sa_store, i32 %ca, i32 %addr_sa_c, i16 %b0_q_read, i20 %mxm_execute_ursa_signed_char_unsigned_short_unsigned_char_unsigned_short_i_63, i20 %mxm_execute_ursa_signed_char_unsigned_short_unsigned_char_unsigned_short_i_62, i20 %mxm_execute_ursa_signed_char_unsigned_short_unsigned_char_unsigned_short_i_61, i20 %mxm_execute_ursa_signed_char_unsigned_short_unsigned_char_unsigned_short_i_60, i20 %mxm_execute_ursa_signed_char_unsigned_short_unsigned_char_unsigned_short_i_59, i20 %mxm_execute_ursa_signed_char_unsigned_short_unsigned_char_unsigned_short_i_58, i20 %mxm_execute_ursa_signed_char_unsigned_short_unsigned_char_unsigned_short_i_57, i20 %mxm_execute_ursa_signed_char_unsigned_short_unsigned_char_unsigned_short_i_56, i20 %mxm_execute_ursa_signed_char_unsigned_short_unsigned_char_unsigned_short_i_55, i20 %mxm_execute_ursa_signed_char_unsigned_short_unsigned_char_unsigned_short_i_54, i20 %mxm_execute_ursa_signed_char_unsigned_short_unsigned_char_unsigned_short_i_53, i20 %mxm_execute_ursa_signed_char_unsigned_short_unsigned_char_unsigned_short_i_52, i20 %mxm_execute_ursa_signed_char_unsigned_short_unsigned_char_unsigned_short_i_51, i20 %mxm_execute_ursa_signed_char_unsigned_short_unsigned_char_unsigned_short_i_50, i20 %mxm_execute_ursa_signed_char_unsigned_short_unsigned_char_unsigned_short_i_49, i20 %mxm_execute_ursa_signed_char_unsigned_short_unsigned_char_unsigned_short_i_48, i20 %mxm_execute_ursa_signed_char_unsigned_short_unsigned_char_unsigned_short_i_47, i20 %mxm_execute_ursa_signed_char_unsigned_short_unsigned_char_unsigned_short_i_46, i20 %mxm_execute_ursa_signed_char_unsigned_short_unsigned_char_unsigned_short_i_45, i20 %mxm_execute_ursa_signed_char_unsigned_short_unsigned_char_unsigned_short_i_44, i20 %mxm_execute_ursa_signed_char_unsigned_short_unsigned_char_unsigned_short_i_43, i20 %mxm_execute_ursa_signed_char_unsigned_short_unsigned_char_unsigned_short_i_42, i20 %mxm_execute_ursa_signed_char_unsigned_short_unsigned_char_unsigned_short_i_41, i20 %mxm_execute_ursa_signed_char_unsigned_short_unsigned_char_unsigned_short_i_40, i20 %mxm_execute_ursa_signed_char_unsigned_short_unsigned_char_unsigned_short_i_39, i20 %mxm_execute_ursa_signed_char_unsigned_short_unsigned_char_unsigned_short_i_38, i20 %mxm_execute_ursa_signed_char_unsigned_short_unsigned_char_unsigned_short_i_37, i20 %mxm_execute_ursa_signed_char_unsigned_short_unsigned_char_unsigned_short_i_36, i20 %mxm_execute_ursa_signed_char_unsigned_short_unsigned_char_unsigned_short_i_35, i20 %mxm_execute_ursa_signed_char_unsigned_short_unsigned_char_unsigned_short_i_34, i20 %mxm_execute_ursa_signed_char_unsigned_short_unsigned_char_unsigned_short_i_33, i20 %mxm_execute_ursa_signed_char_unsigned_short_unsigned_char_unsigned_short_i_32, i20 %mxm_execute_ursa_signed_char_unsigned_short_unsigned_char_unsigned_short_i_31, i20 %mxm_execute_ursa_signed_char_unsigned_short_unsigned_char_unsigned_short_i_30, i20 %mxm_execute_ursa_signed_char_unsigned_short_unsigned_char_unsigned_short_i_29, i20 %mxm_execute_ursa_signed_char_unsigned_short_unsigned_char_unsigned_short_i_28, i20 %mxm_execute_ursa_signed_char_unsigned_short_unsigned_char_unsigned_short_i_27, i20 %mxm_execute_ursa_signed_char_unsigned_short_unsigned_char_unsigned_short_i_26, i20 %mxm_execute_ursa_signed_char_unsigned_short_unsigned_char_unsigned_short_i_25, i20 %mxm_execute_ursa_signed_char_unsigned_short_unsigned_char_unsigned_short_i_24, i20 %mxm_execute_ursa_signed_char_unsigned_short_unsigned_char_unsigned_short_i_23, i20 %mxm_execute_ursa_signed_char_unsigned_short_unsigned_char_unsigned_short_i_22, i20 %mxm_execute_ursa_signed_char_unsigned_short_unsigned_char_unsigned_short_i_21, i20 %mxm_execute_ursa_signed_char_unsigned_short_unsigned_char_unsigned_short_i_20, i20 %mxm_execute_ursa_signed_char_unsigned_short_unsigned_char_unsigned_short_i_19, i20 %mxm_execute_ursa_signed_char_unsigned_short_unsigned_char_unsigned_short_i_18, i20 %mxm_execute_ursa_signed_char_unsigned_short_unsigned_char_unsigned_short_i_17, i20 %mxm_execute_ursa_signed_char_unsigned_short_unsigned_char_unsigned_short_i_16, i20 %mxm_execute_ursa_signed_char_unsigned_short_unsigned_char_unsigned_short_i_15, i20 %mxm_execute_ursa_signed_char_unsigned_short_unsigned_char_unsigned_short_i_14, i20 %mxm_execute_ursa_signed_char_unsigned_short_unsigned_char_unsigned_short_i_13, i20 %mxm_execute_ursa_signed_char_unsigned_short_unsigned_char_unsigned_short_i_12, i20 %mxm_execute_ursa_signed_char_unsigned_short_unsigned_char_unsigned_short_i_11, i20 %mxm_execute_ursa_signed_char_unsigned_short_unsigned_char_unsigned_short_i_10, i20 %mxm_execute_ursa_signed_char_unsigned_short_unsigned_char_unsigned_short_i_9, i20 %mxm_execute_ursa_signed_char_unsigned_short_unsigned_char_unsigned_short_i_8, i20 %mxm_execute_ursa_signed_char_unsigned_short_unsigned_char_unsigned_short_i_7, i20 %mxm_execute_ursa_signed_char_unsigned_short_unsigned_char_unsigned_short_i_6, i20 %mxm_execute_ursa_signed_char_unsigned_short_unsigned_char_unsigned_short_i_5, i20 %mxm_execute_ursa_signed_char_unsigned_short_unsigned_char_unsigned_short_i_4, i20 %mxm_execute_ursa_signed_char_unsigned_short_unsigned_char_unsigned_short_i_3, i20 %mxm_execute_ursa_signed_char_unsigned_short_unsigned_char_unsigned_short_i_2, i20 %mxm_execute_ursa_signed_char_unsigned_short_unsigned_char_unsigned_short_i_1, i20 %mxm_execute_ursa_signed_char_unsigned_short_unsigned_char_unsigned_short_i" [/home/ulisses/Projects/ursa/src/core/shell.cpp:301]   --->   Operation 242 'call' 'call_ln301' <Predicate = true> <Delay = 0.00> <CoreType = "Generic">   --->   Core 0 '' <Latency = 0> <II = 1> <Delay = 1.00> <Generic> <Opcode : >

State 95 <SV = 94> <Delay = 0.00>
ST_95 : Operation 243 [40/70] (0.00ns)   --->   "%call_ln301 = call void @sa_store, i32 %ca, i32 %addr_sa_c, i16 %b0_q_read, i20 %mxm_execute_ursa_signed_char_unsigned_short_unsigned_char_unsigned_short_i_63, i20 %mxm_execute_ursa_signed_char_unsigned_short_unsigned_char_unsigned_short_i_62, i20 %mxm_execute_ursa_signed_char_unsigned_short_unsigned_char_unsigned_short_i_61, i20 %mxm_execute_ursa_signed_char_unsigned_short_unsigned_char_unsigned_short_i_60, i20 %mxm_execute_ursa_signed_char_unsigned_short_unsigned_char_unsigned_short_i_59, i20 %mxm_execute_ursa_signed_char_unsigned_short_unsigned_char_unsigned_short_i_58, i20 %mxm_execute_ursa_signed_char_unsigned_short_unsigned_char_unsigned_short_i_57, i20 %mxm_execute_ursa_signed_char_unsigned_short_unsigned_char_unsigned_short_i_56, i20 %mxm_execute_ursa_signed_char_unsigned_short_unsigned_char_unsigned_short_i_55, i20 %mxm_execute_ursa_signed_char_unsigned_short_unsigned_char_unsigned_short_i_54, i20 %mxm_execute_ursa_signed_char_unsigned_short_unsigned_char_unsigned_short_i_53, i20 %mxm_execute_ursa_signed_char_unsigned_short_unsigned_char_unsigned_short_i_52, i20 %mxm_execute_ursa_signed_char_unsigned_short_unsigned_char_unsigned_short_i_51, i20 %mxm_execute_ursa_signed_char_unsigned_short_unsigned_char_unsigned_short_i_50, i20 %mxm_execute_ursa_signed_char_unsigned_short_unsigned_char_unsigned_short_i_49, i20 %mxm_execute_ursa_signed_char_unsigned_short_unsigned_char_unsigned_short_i_48, i20 %mxm_execute_ursa_signed_char_unsigned_short_unsigned_char_unsigned_short_i_47, i20 %mxm_execute_ursa_signed_char_unsigned_short_unsigned_char_unsigned_short_i_46, i20 %mxm_execute_ursa_signed_char_unsigned_short_unsigned_char_unsigned_short_i_45, i20 %mxm_execute_ursa_signed_char_unsigned_short_unsigned_char_unsigned_short_i_44, i20 %mxm_execute_ursa_signed_char_unsigned_short_unsigned_char_unsigned_short_i_43, i20 %mxm_execute_ursa_signed_char_unsigned_short_unsigned_char_unsigned_short_i_42, i20 %mxm_execute_ursa_signed_char_unsigned_short_unsigned_char_unsigned_short_i_41, i20 %mxm_execute_ursa_signed_char_unsigned_short_unsigned_char_unsigned_short_i_40, i20 %mxm_execute_ursa_signed_char_unsigned_short_unsigned_char_unsigned_short_i_39, i20 %mxm_execute_ursa_signed_char_unsigned_short_unsigned_char_unsigned_short_i_38, i20 %mxm_execute_ursa_signed_char_unsigned_short_unsigned_char_unsigned_short_i_37, i20 %mxm_execute_ursa_signed_char_unsigned_short_unsigned_char_unsigned_short_i_36, i20 %mxm_execute_ursa_signed_char_unsigned_short_unsigned_char_unsigned_short_i_35, i20 %mxm_execute_ursa_signed_char_unsigned_short_unsigned_char_unsigned_short_i_34, i20 %mxm_execute_ursa_signed_char_unsigned_short_unsigned_char_unsigned_short_i_33, i20 %mxm_execute_ursa_signed_char_unsigned_short_unsigned_char_unsigned_short_i_32, i20 %mxm_execute_ursa_signed_char_unsigned_short_unsigned_char_unsigned_short_i_31, i20 %mxm_execute_ursa_signed_char_unsigned_short_unsigned_char_unsigned_short_i_30, i20 %mxm_execute_ursa_signed_char_unsigned_short_unsigned_char_unsigned_short_i_29, i20 %mxm_execute_ursa_signed_char_unsigned_short_unsigned_char_unsigned_short_i_28, i20 %mxm_execute_ursa_signed_char_unsigned_short_unsigned_char_unsigned_short_i_27, i20 %mxm_execute_ursa_signed_char_unsigned_short_unsigned_char_unsigned_short_i_26, i20 %mxm_execute_ursa_signed_char_unsigned_short_unsigned_char_unsigned_short_i_25, i20 %mxm_execute_ursa_signed_char_unsigned_short_unsigned_char_unsigned_short_i_24, i20 %mxm_execute_ursa_signed_char_unsigned_short_unsigned_char_unsigned_short_i_23, i20 %mxm_execute_ursa_signed_char_unsigned_short_unsigned_char_unsigned_short_i_22, i20 %mxm_execute_ursa_signed_char_unsigned_short_unsigned_char_unsigned_short_i_21, i20 %mxm_execute_ursa_signed_char_unsigned_short_unsigned_char_unsigned_short_i_20, i20 %mxm_execute_ursa_signed_char_unsigned_short_unsigned_char_unsigned_short_i_19, i20 %mxm_execute_ursa_signed_char_unsigned_short_unsigned_char_unsigned_short_i_18, i20 %mxm_execute_ursa_signed_char_unsigned_short_unsigned_char_unsigned_short_i_17, i20 %mxm_execute_ursa_signed_char_unsigned_short_unsigned_char_unsigned_short_i_16, i20 %mxm_execute_ursa_signed_char_unsigned_short_unsigned_char_unsigned_short_i_15, i20 %mxm_execute_ursa_signed_char_unsigned_short_unsigned_char_unsigned_short_i_14, i20 %mxm_execute_ursa_signed_char_unsigned_short_unsigned_char_unsigned_short_i_13, i20 %mxm_execute_ursa_signed_char_unsigned_short_unsigned_char_unsigned_short_i_12, i20 %mxm_execute_ursa_signed_char_unsigned_short_unsigned_char_unsigned_short_i_11, i20 %mxm_execute_ursa_signed_char_unsigned_short_unsigned_char_unsigned_short_i_10, i20 %mxm_execute_ursa_signed_char_unsigned_short_unsigned_char_unsigned_short_i_9, i20 %mxm_execute_ursa_signed_char_unsigned_short_unsigned_char_unsigned_short_i_8, i20 %mxm_execute_ursa_signed_char_unsigned_short_unsigned_char_unsigned_short_i_7, i20 %mxm_execute_ursa_signed_char_unsigned_short_unsigned_char_unsigned_short_i_6, i20 %mxm_execute_ursa_signed_char_unsigned_short_unsigned_char_unsigned_short_i_5, i20 %mxm_execute_ursa_signed_char_unsigned_short_unsigned_char_unsigned_short_i_4, i20 %mxm_execute_ursa_signed_char_unsigned_short_unsigned_char_unsigned_short_i_3, i20 %mxm_execute_ursa_signed_char_unsigned_short_unsigned_char_unsigned_short_i_2, i20 %mxm_execute_ursa_signed_char_unsigned_short_unsigned_char_unsigned_short_i_1, i20 %mxm_execute_ursa_signed_char_unsigned_short_unsigned_char_unsigned_short_i" [/home/ulisses/Projects/ursa/src/core/shell.cpp:301]   --->   Operation 243 'call' 'call_ln301' <Predicate = true> <Delay = 0.00> <CoreType = "Generic">   --->   Core 0 '' <Latency = 0> <II = 1> <Delay = 1.00> <Generic> <Opcode : >

State 96 <SV = 95> <Delay = 0.00>
ST_96 : Operation 244 [39/70] (0.00ns)   --->   "%call_ln301 = call void @sa_store, i32 %ca, i32 %addr_sa_c, i16 %b0_q_read, i20 %mxm_execute_ursa_signed_char_unsigned_short_unsigned_char_unsigned_short_i_63, i20 %mxm_execute_ursa_signed_char_unsigned_short_unsigned_char_unsigned_short_i_62, i20 %mxm_execute_ursa_signed_char_unsigned_short_unsigned_char_unsigned_short_i_61, i20 %mxm_execute_ursa_signed_char_unsigned_short_unsigned_char_unsigned_short_i_60, i20 %mxm_execute_ursa_signed_char_unsigned_short_unsigned_char_unsigned_short_i_59, i20 %mxm_execute_ursa_signed_char_unsigned_short_unsigned_char_unsigned_short_i_58, i20 %mxm_execute_ursa_signed_char_unsigned_short_unsigned_char_unsigned_short_i_57, i20 %mxm_execute_ursa_signed_char_unsigned_short_unsigned_char_unsigned_short_i_56, i20 %mxm_execute_ursa_signed_char_unsigned_short_unsigned_char_unsigned_short_i_55, i20 %mxm_execute_ursa_signed_char_unsigned_short_unsigned_char_unsigned_short_i_54, i20 %mxm_execute_ursa_signed_char_unsigned_short_unsigned_char_unsigned_short_i_53, i20 %mxm_execute_ursa_signed_char_unsigned_short_unsigned_char_unsigned_short_i_52, i20 %mxm_execute_ursa_signed_char_unsigned_short_unsigned_char_unsigned_short_i_51, i20 %mxm_execute_ursa_signed_char_unsigned_short_unsigned_char_unsigned_short_i_50, i20 %mxm_execute_ursa_signed_char_unsigned_short_unsigned_char_unsigned_short_i_49, i20 %mxm_execute_ursa_signed_char_unsigned_short_unsigned_char_unsigned_short_i_48, i20 %mxm_execute_ursa_signed_char_unsigned_short_unsigned_char_unsigned_short_i_47, i20 %mxm_execute_ursa_signed_char_unsigned_short_unsigned_char_unsigned_short_i_46, i20 %mxm_execute_ursa_signed_char_unsigned_short_unsigned_char_unsigned_short_i_45, i20 %mxm_execute_ursa_signed_char_unsigned_short_unsigned_char_unsigned_short_i_44, i20 %mxm_execute_ursa_signed_char_unsigned_short_unsigned_char_unsigned_short_i_43, i20 %mxm_execute_ursa_signed_char_unsigned_short_unsigned_char_unsigned_short_i_42, i20 %mxm_execute_ursa_signed_char_unsigned_short_unsigned_char_unsigned_short_i_41, i20 %mxm_execute_ursa_signed_char_unsigned_short_unsigned_char_unsigned_short_i_40, i20 %mxm_execute_ursa_signed_char_unsigned_short_unsigned_char_unsigned_short_i_39, i20 %mxm_execute_ursa_signed_char_unsigned_short_unsigned_char_unsigned_short_i_38, i20 %mxm_execute_ursa_signed_char_unsigned_short_unsigned_char_unsigned_short_i_37, i20 %mxm_execute_ursa_signed_char_unsigned_short_unsigned_char_unsigned_short_i_36, i20 %mxm_execute_ursa_signed_char_unsigned_short_unsigned_char_unsigned_short_i_35, i20 %mxm_execute_ursa_signed_char_unsigned_short_unsigned_char_unsigned_short_i_34, i20 %mxm_execute_ursa_signed_char_unsigned_short_unsigned_char_unsigned_short_i_33, i20 %mxm_execute_ursa_signed_char_unsigned_short_unsigned_char_unsigned_short_i_32, i20 %mxm_execute_ursa_signed_char_unsigned_short_unsigned_char_unsigned_short_i_31, i20 %mxm_execute_ursa_signed_char_unsigned_short_unsigned_char_unsigned_short_i_30, i20 %mxm_execute_ursa_signed_char_unsigned_short_unsigned_char_unsigned_short_i_29, i20 %mxm_execute_ursa_signed_char_unsigned_short_unsigned_char_unsigned_short_i_28, i20 %mxm_execute_ursa_signed_char_unsigned_short_unsigned_char_unsigned_short_i_27, i20 %mxm_execute_ursa_signed_char_unsigned_short_unsigned_char_unsigned_short_i_26, i20 %mxm_execute_ursa_signed_char_unsigned_short_unsigned_char_unsigned_short_i_25, i20 %mxm_execute_ursa_signed_char_unsigned_short_unsigned_char_unsigned_short_i_24, i20 %mxm_execute_ursa_signed_char_unsigned_short_unsigned_char_unsigned_short_i_23, i20 %mxm_execute_ursa_signed_char_unsigned_short_unsigned_char_unsigned_short_i_22, i20 %mxm_execute_ursa_signed_char_unsigned_short_unsigned_char_unsigned_short_i_21, i20 %mxm_execute_ursa_signed_char_unsigned_short_unsigned_char_unsigned_short_i_20, i20 %mxm_execute_ursa_signed_char_unsigned_short_unsigned_char_unsigned_short_i_19, i20 %mxm_execute_ursa_signed_char_unsigned_short_unsigned_char_unsigned_short_i_18, i20 %mxm_execute_ursa_signed_char_unsigned_short_unsigned_char_unsigned_short_i_17, i20 %mxm_execute_ursa_signed_char_unsigned_short_unsigned_char_unsigned_short_i_16, i20 %mxm_execute_ursa_signed_char_unsigned_short_unsigned_char_unsigned_short_i_15, i20 %mxm_execute_ursa_signed_char_unsigned_short_unsigned_char_unsigned_short_i_14, i20 %mxm_execute_ursa_signed_char_unsigned_short_unsigned_char_unsigned_short_i_13, i20 %mxm_execute_ursa_signed_char_unsigned_short_unsigned_char_unsigned_short_i_12, i20 %mxm_execute_ursa_signed_char_unsigned_short_unsigned_char_unsigned_short_i_11, i20 %mxm_execute_ursa_signed_char_unsigned_short_unsigned_char_unsigned_short_i_10, i20 %mxm_execute_ursa_signed_char_unsigned_short_unsigned_char_unsigned_short_i_9, i20 %mxm_execute_ursa_signed_char_unsigned_short_unsigned_char_unsigned_short_i_8, i20 %mxm_execute_ursa_signed_char_unsigned_short_unsigned_char_unsigned_short_i_7, i20 %mxm_execute_ursa_signed_char_unsigned_short_unsigned_char_unsigned_short_i_6, i20 %mxm_execute_ursa_signed_char_unsigned_short_unsigned_char_unsigned_short_i_5, i20 %mxm_execute_ursa_signed_char_unsigned_short_unsigned_char_unsigned_short_i_4, i20 %mxm_execute_ursa_signed_char_unsigned_short_unsigned_char_unsigned_short_i_3, i20 %mxm_execute_ursa_signed_char_unsigned_short_unsigned_char_unsigned_short_i_2, i20 %mxm_execute_ursa_signed_char_unsigned_short_unsigned_char_unsigned_short_i_1, i20 %mxm_execute_ursa_signed_char_unsigned_short_unsigned_char_unsigned_short_i" [/home/ulisses/Projects/ursa/src/core/shell.cpp:301]   --->   Operation 244 'call' 'call_ln301' <Predicate = true> <Delay = 0.00> <CoreType = "Generic">   --->   Core 0 '' <Latency = 0> <II = 1> <Delay = 1.00> <Generic> <Opcode : >

State 97 <SV = 96> <Delay = 0.00>
ST_97 : Operation 245 [38/70] (0.00ns)   --->   "%call_ln301 = call void @sa_store, i32 %ca, i32 %addr_sa_c, i16 %b0_q_read, i20 %mxm_execute_ursa_signed_char_unsigned_short_unsigned_char_unsigned_short_i_63, i20 %mxm_execute_ursa_signed_char_unsigned_short_unsigned_char_unsigned_short_i_62, i20 %mxm_execute_ursa_signed_char_unsigned_short_unsigned_char_unsigned_short_i_61, i20 %mxm_execute_ursa_signed_char_unsigned_short_unsigned_char_unsigned_short_i_60, i20 %mxm_execute_ursa_signed_char_unsigned_short_unsigned_char_unsigned_short_i_59, i20 %mxm_execute_ursa_signed_char_unsigned_short_unsigned_char_unsigned_short_i_58, i20 %mxm_execute_ursa_signed_char_unsigned_short_unsigned_char_unsigned_short_i_57, i20 %mxm_execute_ursa_signed_char_unsigned_short_unsigned_char_unsigned_short_i_56, i20 %mxm_execute_ursa_signed_char_unsigned_short_unsigned_char_unsigned_short_i_55, i20 %mxm_execute_ursa_signed_char_unsigned_short_unsigned_char_unsigned_short_i_54, i20 %mxm_execute_ursa_signed_char_unsigned_short_unsigned_char_unsigned_short_i_53, i20 %mxm_execute_ursa_signed_char_unsigned_short_unsigned_char_unsigned_short_i_52, i20 %mxm_execute_ursa_signed_char_unsigned_short_unsigned_char_unsigned_short_i_51, i20 %mxm_execute_ursa_signed_char_unsigned_short_unsigned_char_unsigned_short_i_50, i20 %mxm_execute_ursa_signed_char_unsigned_short_unsigned_char_unsigned_short_i_49, i20 %mxm_execute_ursa_signed_char_unsigned_short_unsigned_char_unsigned_short_i_48, i20 %mxm_execute_ursa_signed_char_unsigned_short_unsigned_char_unsigned_short_i_47, i20 %mxm_execute_ursa_signed_char_unsigned_short_unsigned_char_unsigned_short_i_46, i20 %mxm_execute_ursa_signed_char_unsigned_short_unsigned_char_unsigned_short_i_45, i20 %mxm_execute_ursa_signed_char_unsigned_short_unsigned_char_unsigned_short_i_44, i20 %mxm_execute_ursa_signed_char_unsigned_short_unsigned_char_unsigned_short_i_43, i20 %mxm_execute_ursa_signed_char_unsigned_short_unsigned_char_unsigned_short_i_42, i20 %mxm_execute_ursa_signed_char_unsigned_short_unsigned_char_unsigned_short_i_41, i20 %mxm_execute_ursa_signed_char_unsigned_short_unsigned_char_unsigned_short_i_40, i20 %mxm_execute_ursa_signed_char_unsigned_short_unsigned_char_unsigned_short_i_39, i20 %mxm_execute_ursa_signed_char_unsigned_short_unsigned_char_unsigned_short_i_38, i20 %mxm_execute_ursa_signed_char_unsigned_short_unsigned_char_unsigned_short_i_37, i20 %mxm_execute_ursa_signed_char_unsigned_short_unsigned_char_unsigned_short_i_36, i20 %mxm_execute_ursa_signed_char_unsigned_short_unsigned_char_unsigned_short_i_35, i20 %mxm_execute_ursa_signed_char_unsigned_short_unsigned_char_unsigned_short_i_34, i20 %mxm_execute_ursa_signed_char_unsigned_short_unsigned_char_unsigned_short_i_33, i20 %mxm_execute_ursa_signed_char_unsigned_short_unsigned_char_unsigned_short_i_32, i20 %mxm_execute_ursa_signed_char_unsigned_short_unsigned_char_unsigned_short_i_31, i20 %mxm_execute_ursa_signed_char_unsigned_short_unsigned_char_unsigned_short_i_30, i20 %mxm_execute_ursa_signed_char_unsigned_short_unsigned_char_unsigned_short_i_29, i20 %mxm_execute_ursa_signed_char_unsigned_short_unsigned_char_unsigned_short_i_28, i20 %mxm_execute_ursa_signed_char_unsigned_short_unsigned_char_unsigned_short_i_27, i20 %mxm_execute_ursa_signed_char_unsigned_short_unsigned_char_unsigned_short_i_26, i20 %mxm_execute_ursa_signed_char_unsigned_short_unsigned_char_unsigned_short_i_25, i20 %mxm_execute_ursa_signed_char_unsigned_short_unsigned_char_unsigned_short_i_24, i20 %mxm_execute_ursa_signed_char_unsigned_short_unsigned_char_unsigned_short_i_23, i20 %mxm_execute_ursa_signed_char_unsigned_short_unsigned_char_unsigned_short_i_22, i20 %mxm_execute_ursa_signed_char_unsigned_short_unsigned_char_unsigned_short_i_21, i20 %mxm_execute_ursa_signed_char_unsigned_short_unsigned_char_unsigned_short_i_20, i20 %mxm_execute_ursa_signed_char_unsigned_short_unsigned_char_unsigned_short_i_19, i20 %mxm_execute_ursa_signed_char_unsigned_short_unsigned_char_unsigned_short_i_18, i20 %mxm_execute_ursa_signed_char_unsigned_short_unsigned_char_unsigned_short_i_17, i20 %mxm_execute_ursa_signed_char_unsigned_short_unsigned_char_unsigned_short_i_16, i20 %mxm_execute_ursa_signed_char_unsigned_short_unsigned_char_unsigned_short_i_15, i20 %mxm_execute_ursa_signed_char_unsigned_short_unsigned_char_unsigned_short_i_14, i20 %mxm_execute_ursa_signed_char_unsigned_short_unsigned_char_unsigned_short_i_13, i20 %mxm_execute_ursa_signed_char_unsigned_short_unsigned_char_unsigned_short_i_12, i20 %mxm_execute_ursa_signed_char_unsigned_short_unsigned_char_unsigned_short_i_11, i20 %mxm_execute_ursa_signed_char_unsigned_short_unsigned_char_unsigned_short_i_10, i20 %mxm_execute_ursa_signed_char_unsigned_short_unsigned_char_unsigned_short_i_9, i20 %mxm_execute_ursa_signed_char_unsigned_short_unsigned_char_unsigned_short_i_8, i20 %mxm_execute_ursa_signed_char_unsigned_short_unsigned_char_unsigned_short_i_7, i20 %mxm_execute_ursa_signed_char_unsigned_short_unsigned_char_unsigned_short_i_6, i20 %mxm_execute_ursa_signed_char_unsigned_short_unsigned_char_unsigned_short_i_5, i20 %mxm_execute_ursa_signed_char_unsigned_short_unsigned_char_unsigned_short_i_4, i20 %mxm_execute_ursa_signed_char_unsigned_short_unsigned_char_unsigned_short_i_3, i20 %mxm_execute_ursa_signed_char_unsigned_short_unsigned_char_unsigned_short_i_2, i20 %mxm_execute_ursa_signed_char_unsigned_short_unsigned_char_unsigned_short_i_1, i20 %mxm_execute_ursa_signed_char_unsigned_short_unsigned_char_unsigned_short_i" [/home/ulisses/Projects/ursa/src/core/shell.cpp:301]   --->   Operation 245 'call' 'call_ln301' <Predicate = true> <Delay = 0.00> <CoreType = "Generic">   --->   Core 0 '' <Latency = 0> <II = 1> <Delay = 1.00> <Generic> <Opcode : >

State 98 <SV = 97> <Delay = 0.00>
ST_98 : Operation 246 [37/70] (0.00ns)   --->   "%call_ln301 = call void @sa_store, i32 %ca, i32 %addr_sa_c, i16 %b0_q_read, i20 %mxm_execute_ursa_signed_char_unsigned_short_unsigned_char_unsigned_short_i_63, i20 %mxm_execute_ursa_signed_char_unsigned_short_unsigned_char_unsigned_short_i_62, i20 %mxm_execute_ursa_signed_char_unsigned_short_unsigned_char_unsigned_short_i_61, i20 %mxm_execute_ursa_signed_char_unsigned_short_unsigned_char_unsigned_short_i_60, i20 %mxm_execute_ursa_signed_char_unsigned_short_unsigned_char_unsigned_short_i_59, i20 %mxm_execute_ursa_signed_char_unsigned_short_unsigned_char_unsigned_short_i_58, i20 %mxm_execute_ursa_signed_char_unsigned_short_unsigned_char_unsigned_short_i_57, i20 %mxm_execute_ursa_signed_char_unsigned_short_unsigned_char_unsigned_short_i_56, i20 %mxm_execute_ursa_signed_char_unsigned_short_unsigned_char_unsigned_short_i_55, i20 %mxm_execute_ursa_signed_char_unsigned_short_unsigned_char_unsigned_short_i_54, i20 %mxm_execute_ursa_signed_char_unsigned_short_unsigned_char_unsigned_short_i_53, i20 %mxm_execute_ursa_signed_char_unsigned_short_unsigned_char_unsigned_short_i_52, i20 %mxm_execute_ursa_signed_char_unsigned_short_unsigned_char_unsigned_short_i_51, i20 %mxm_execute_ursa_signed_char_unsigned_short_unsigned_char_unsigned_short_i_50, i20 %mxm_execute_ursa_signed_char_unsigned_short_unsigned_char_unsigned_short_i_49, i20 %mxm_execute_ursa_signed_char_unsigned_short_unsigned_char_unsigned_short_i_48, i20 %mxm_execute_ursa_signed_char_unsigned_short_unsigned_char_unsigned_short_i_47, i20 %mxm_execute_ursa_signed_char_unsigned_short_unsigned_char_unsigned_short_i_46, i20 %mxm_execute_ursa_signed_char_unsigned_short_unsigned_char_unsigned_short_i_45, i20 %mxm_execute_ursa_signed_char_unsigned_short_unsigned_char_unsigned_short_i_44, i20 %mxm_execute_ursa_signed_char_unsigned_short_unsigned_char_unsigned_short_i_43, i20 %mxm_execute_ursa_signed_char_unsigned_short_unsigned_char_unsigned_short_i_42, i20 %mxm_execute_ursa_signed_char_unsigned_short_unsigned_char_unsigned_short_i_41, i20 %mxm_execute_ursa_signed_char_unsigned_short_unsigned_char_unsigned_short_i_40, i20 %mxm_execute_ursa_signed_char_unsigned_short_unsigned_char_unsigned_short_i_39, i20 %mxm_execute_ursa_signed_char_unsigned_short_unsigned_char_unsigned_short_i_38, i20 %mxm_execute_ursa_signed_char_unsigned_short_unsigned_char_unsigned_short_i_37, i20 %mxm_execute_ursa_signed_char_unsigned_short_unsigned_char_unsigned_short_i_36, i20 %mxm_execute_ursa_signed_char_unsigned_short_unsigned_char_unsigned_short_i_35, i20 %mxm_execute_ursa_signed_char_unsigned_short_unsigned_char_unsigned_short_i_34, i20 %mxm_execute_ursa_signed_char_unsigned_short_unsigned_char_unsigned_short_i_33, i20 %mxm_execute_ursa_signed_char_unsigned_short_unsigned_char_unsigned_short_i_32, i20 %mxm_execute_ursa_signed_char_unsigned_short_unsigned_char_unsigned_short_i_31, i20 %mxm_execute_ursa_signed_char_unsigned_short_unsigned_char_unsigned_short_i_30, i20 %mxm_execute_ursa_signed_char_unsigned_short_unsigned_char_unsigned_short_i_29, i20 %mxm_execute_ursa_signed_char_unsigned_short_unsigned_char_unsigned_short_i_28, i20 %mxm_execute_ursa_signed_char_unsigned_short_unsigned_char_unsigned_short_i_27, i20 %mxm_execute_ursa_signed_char_unsigned_short_unsigned_char_unsigned_short_i_26, i20 %mxm_execute_ursa_signed_char_unsigned_short_unsigned_char_unsigned_short_i_25, i20 %mxm_execute_ursa_signed_char_unsigned_short_unsigned_char_unsigned_short_i_24, i20 %mxm_execute_ursa_signed_char_unsigned_short_unsigned_char_unsigned_short_i_23, i20 %mxm_execute_ursa_signed_char_unsigned_short_unsigned_char_unsigned_short_i_22, i20 %mxm_execute_ursa_signed_char_unsigned_short_unsigned_char_unsigned_short_i_21, i20 %mxm_execute_ursa_signed_char_unsigned_short_unsigned_char_unsigned_short_i_20, i20 %mxm_execute_ursa_signed_char_unsigned_short_unsigned_char_unsigned_short_i_19, i20 %mxm_execute_ursa_signed_char_unsigned_short_unsigned_char_unsigned_short_i_18, i20 %mxm_execute_ursa_signed_char_unsigned_short_unsigned_char_unsigned_short_i_17, i20 %mxm_execute_ursa_signed_char_unsigned_short_unsigned_char_unsigned_short_i_16, i20 %mxm_execute_ursa_signed_char_unsigned_short_unsigned_char_unsigned_short_i_15, i20 %mxm_execute_ursa_signed_char_unsigned_short_unsigned_char_unsigned_short_i_14, i20 %mxm_execute_ursa_signed_char_unsigned_short_unsigned_char_unsigned_short_i_13, i20 %mxm_execute_ursa_signed_char_unsigned_short_unsigned_char_unsigned_short_i_12, i20 %mxm_execute_ursa_signed_char_unsigned_short_unsigned_char_unsigned_short_i_11, i20 %mxm_execute_ursa_signed_char_unsigned_short_unsigned_char_unsigned_short_i_10, i20 %mxm_execute_ursa_signed_char_unsigned_short_unsigned_char_unsigned_short_i_9, i20 %mxm_execute_ursa_signed_char_unsigned_short_unsigned_char_unsigned_short_i_8, i20 %mxm_execute_ursa_signed_char_unsigned_short_unsigned_char_unsigned_short_i_7, i20 %mxm_execute_ursa_signed_char_unsigned_short_unsigned_char_unsigned_short_i_6, i20 %mxm_execute_ursa_signed_char_unsigned_short_unsigned_char_unsigned_short_i_5, i20 %mxm_execute_ursa_signed_char_unsigned_short_unsigned_char_unsigned_short_i_4, i20 %mxm_execute_ursa_signed_char_unsigned_short_unsigned_char_unsigned_short_i_3, i20 %mxm_execute_ursa_signed_char_unsigned_short_unsigned_char_unsigned_short_i_2, i20 %mxm_execute_ursa_signed_char_unsigned_short_unsigned_char_unsigned_short_i_1, i20 %mxm_execute_ursa_signed_char_unsigned_short_unsigned_char_unsigned_short_i" [/home/ulisses/Projects/ursa/src/core/shell.cpp:301]   --->   Operation 246 'call' 'call_ln301' <Predicate = true> <Delay = 0.00> <CoreType = "Generic">   --->   Core 0 '' <Latency = 0> <II = 1> <Delay = 1.00> <Generic> <Opcode : >

State 99 <SV = 98> <Delay = 0.00>
ST_99 : Operation 247 [36/70] (0.00ns)   --->   "%call_ln301 = call void @sa_store, i32 %ca, i32 %addr_sa_c, i16 %b0_q_read, i20 %mxm_execute_ursa_signed_char_unsigned_short_unsigned_char_unsigned_short_i_63, i20 %mxm_execute_ursa_signed_char_unsigned_short_unsigned_char_unsigned_short_i_62, i20 %mxm_execute_ursa_signed_char_unsigned_short_unsigned_char_unsigned_short_i_61, i20 %mxm_execute_ursa_signed_char_unsigned_short_unsigned_char_unsigned_short_i_60, i20 %mxm_execute_ursa_signed_char_unsigned_short_unsigned_char_unsigned_short_i_59, i20 %mxm_execute_ursa_signed_char_unsigned_short_unsigned_char_unsigned_short_i_58, i20 %mxm_execute_ursa_signed_char_unsigned_short_unsigned_char_unsigned_short_i_57, i20 %mxm_execute_ursa_signed_char_unsigned_short_unsigned_char_unsigned_short_i_56, i20 %mxm_execute_ursa_signed_char_unsigned_short_unsigned_char_unsigned_short_i_55, i20 %mxm_execute_ursa_signed_char_unsigned_short_unsigned_char_unsigned_short_i_54, i20 %mxm_execute_ursa_signed_char_unsigned_short_unsigned_char_unsigned_short_i_53, i20 %mxm_execute_ursa_signed_char_unsigned_short_unsigned_char_unsigned_short_i_52, i20 %mxm_execute_ursa_signed_char_unsigned_short_unsigned_char_unsigned_short_i_51, i20 %mxm_execute_ursa_signed_char_unsigned_short_unsigned_char_unsigned_short_i_50, i20 %mxm_execute_ursa_signed_char_unsigned_short_unsigned_char_unsigned_short_i_49, i20 %mxm_execute_ursa_signed_char_unsigned_short_unsigned_char_unsigned_short_i_48, i20 %mxm_execute_ursa_signed_char_unsigned_short_unsigned_char_unsigned_short_i_47, i20 %mxm_execute_ursa_signed_char_unsigned_short_unsigned_char_unsigned_short_i_46, i20 %mxm_execute_ursa_signed_char_unsigned_short_unsigned_char_unsigned_short_i_45, i20 %mxm_execute_ursa_signed_char_unsigned_short_unsigned_char_unsigned_short_i_44, i20 %mxm_execute_ursa_signed_char_unsigned_short_unsigned_char_unsigned_short_i_43, i20 %mxm_execute_ursa_signed_char_unsigned_short_unsigned_char_unsigned_short_i_42, i20 %mxm_execute_ursa_signed_char_unsigned_short_unsigned_char_unsigned_short_i_41, i20 %mxm_execute_ursa_signed_char_unsigned_short_unsigned_char_unsigned_short_i_40, i20 %mxm_execute_ursa_signed_char_unsigned_short_unsigned_char_unsigned_short_i_39, i20 %mxm_execute_ursa_signed_char_unsigned_short_unsigned_char_unsigned_short_i_38, i20 %mxm_execute_ursa_signed_char_unsigned_short_unsigned_char_unsigned_short_i_37, i20 %mxm_execute_ursa_signed_char_unsigned_short_unsigned_char_unsigned_short_i_36, i20 %mxm_execute_ursa_signed_char_unsigned_short_unsigned_char_unsigned_short_i_35, i20 %mxm_execute_ursa_signed_char_unsigned_short_unsigned_char_unsigned_short_i_34, i20 %mxm_execute_ursa_signed_char_unsigned_short_unsigned_char_unsigned_short_i_33, i20 %mxm_execute_ursa_signed_char_unsigned_short_unsigned_char_unsigned_short_i_32, i20 %mxm_execute_ursa_signed_char_unsigned_short_unsigned_char_unsigned_short_i_31, i20 %mxm_execute_ursa_signed_char_unsigned_short_unsigned_char_unsigned_short_i_30, i20 %mxm_execute_ursa_signed_char_unsigned_short_unsigned_char_unsigned_short_i_29, i20 %mxm_execute_ursa_signed_char_unsigned_short_unsigned_char_unsigned_short_i_28, i20 %mxm_execute_ursa_signed_char_unsigned_short_unsigned_char_unsigned_short_i_27, i20 %mxm_execute_ursa_signed_char_unsigned_short_unsigned_char_unsigned_short_i_26, i20 %mxm_execute_ursa_signed_char_unsigned_short_unsigned_char_unsigned_short_i_25, i20 %mxm_execute_ursa_signed_char_unsigned_short_unsigned_char_unsigned_short_i_24, i20 %mxm_execute_ursa_signed_char_unsigned_short_unsigned_char_unsigned_short_i_23, i20 %mxm_execute_ursa_signed_char_unsigned_short_unsigned_char_unsigned_short_i_22, i20 %mxm_execute_ursa_signed_char_unsigned_short_unsigned_char_unsigned_short_i_21, i20 %mxm_execute_ursa_signed_char_unsigned_short_unsigned_char_unsigned_short_i_20, i20 %mxm_execute_ursa_signed_char_unsigned_short_unsigned_char_unsigned_short_i_19, i20 %mxm_execute_ursa_signed_char_unsigned_short_unsigned_char_unsigned_short_i_18, i20 %mxm_execute_ursa_signed_char_unsigned_short_unsigned_char_unsigned_short_i_17, i20 %mxm_execute_ursa_signed_char_unsigned_short_unsigned_char_unsigned_short_i_16, i20 %mxm_execute_ursa_signed_char_unsigned_short_unsigned_char_unsigned_short_i_15, i20 %mxm_execute_ursa_signed_char_unsigned_short_unsigned_char_unsigned_short_i_14, i20 %mxm_execute_ursa_signed_char_unsigned_short_unsigned_char_unsigned_short_i_13, i20 %mxm_execute_ursa_signed_char_unsigned_short_unsigned_char_unsigned_short_i_12, i20 %mxm_execute_ursa_signed_char_unsigned_short_unsigned_char_unsigned_short_i_11, i20 %mxm_execute_ursa_signed_char_unsigned_short_unsigned_char_unsigned_short_i_10, i20 %mxm_execute_ursa_signed_char_unsigned_short_unsigned_char_unsigned_short_i_9, i20 %mxm_execute_ursa_signed_char_unsigned_short_unsigned_char_unsigned_short_i_8, i20 %mxm_execute_ursa_signed_char_unsigned_short_unsigned_char_unsigned_short_i_7, i20 %mxm_execute_ursa_signed_char_unsigned_short_unsigned_char_unsigned_short_i_6, i20 %mxm_execute_ursa_signed_char_unsigned_short_unsigned_char_unsigned_short_i_5, i20 %mxm_execute_ursa_signed_char_unsigned_short_unsigned_char_unsigned_short_i_4, i20 %mxm_execute_ursa_signed_char_unsigned_short_unsigned_char_unsigned_short_i_3, i20 %mxm_execute_ursa_signed_char_unsigned_short_unsigned_char_unsigned_short_i_2, i20 %mxm_execute_ursa_signed_char_unsigned_short_unsigned_char_unsigned_short_i_1, i20 %mxm_execute_ursa_signed_char_unsigned_short_unsigned_char_unsigned_short_i" [/home/ulisses/Projects/ursa/src/core/shell.cpp:301]   --->   Operation 247 'call' 'call_ln301' <Predicate = true> <Delay = 0.00> <CoreType = "Generic">   --->   Core 0 '' <Latency = 0> <II = 1> <Delay = 1.00> <Generic> <Opcode : >

State 100 <SV = 99> <Delay = 0.00>
ST_100 : Operation 248 [35/70] (0.00ns)   --->   "%call_ln301 = call void @sa_store, i32 %ca, i32 %addr_sa_c, i16 %b0_q_read, i20 %mxm_execute_ursa_signed_char_unsigned_short_unsigned_char_unsigned_short_i_63, i20 %mxm_execute_ursa_signed_char_unsigned_short_unsigned_char_unsigned_short_i_62, i20 %mxm_execute_ursa_signed_char_unsigned_short_unsigned_char_unsigned_short_i_61, i20 %mxm_execute_ursa_signed_char_unsigned_short_unsigned_char_unsigned_short_i_60, i20 %mxm_execute_ursa_signed_char_unsigned_short_unsigned_char_unsigned_short_i_59, i20 %mxm_execute_ursa_signed_char_unsigned_short_unsigned_char_unsigned_short_i_58, i20 %mxm_execute_ursa_signed_char_unsigned_short_unsigned_char_unsigned_short_i_57, i20 %mxm_execute_ursa_signed_char_unsigned_short_unsigned_char_unsigned_short_i_56, i20 %mxm_execute_ursa_signed_char_unsigned_short_unsigned_char_unsigned_short_i_55, i20 %mxm_execute_ursa_signed_char_unsigned_short_unsigned_char_unsigned_short_i_54, i20 %mxm_execute_ursa_signed_char_unsigned_short_unsigned_char_unsigned_short_i_53, i20 %mxm_execute_ursa_signed_char_unsigned_short_unsigned_char_unsigned_short_i_52, i20 %mxm_execute_ursa_signed_char_unsigned_short_unsigned_char_unsigned_short_i_51, i20 %mxm_execute_ursa_signed_char_unsigned_short_unsigned_char_unsigned_short_i_50, i20 %mxm_execute_ursa_signed_char_unsigned_short_unsigned_char_unsigned_short_i_49, i20 %mxm_execute_ursa_signed_char_unsigned_short_unsigned_char_unsigned_short_i_48, i20 %mxm_execute_ursa_signed_char_unsigned_short_unsigned_char_unsigned_short_i_47, i20 %mxm_execute_ursa_signed_char_unsigned_short_unsigned_char_unsigned_short_i_46, i20 %mxm_execute_ursa_signed_char_unsigned_short_unsigned_char_unsigned_short_i_45, i20 %mxm_execute_ursa_signed_char_unsigned_short_unsigned_char_unsigned_short_i_44, i20 %mxm_execute_ursa_signed_char_unsigned_short_unsigned_char_unsigned_short_i_43, i20 %mxm_execute_ursa_signed_char_unsigned_short_unsigned_char_unsigned_short_i_42, i20 %mxm_execute_ursa_signed_char_unsigned_short_unsigned_char_unsigned_short_i_41, i20 %mxm_execute_ursa_signed_char_unsigned_short_unsigned_char_unsigned_short_i_40, i20 %mxm_execute_ursa_signed_char_unsigned_short_unsigned_char_unsigned_short_i_39, i20 %mxm_execute_ursa_signed_char_unsigned_short_unsigned_char_unsigned_short_i_38, i20 %mxm_execute_ursa_signed_char_unsigned_short_unsigned_char_unsigned_short_i_37, i20 %mxm_execute_ursa_signed_char_unsigned_short_unsigned_char_unsigned_short_i_36, i20 %mxm_execute_ursa_signed_char_unsigned_short_unsigned_char_unsigned_short_i_35, i20 %mxm_execute_ursa_signed_char_unsigned_short_unsigned_char_unsigned_short_i_34, i20 %mxm_execute_ursa_signed_char_unsigned_short_unsigned_char_unsigned_short_i_33, i20 %mxm_execute_ursa_signed_char_unsigned_short_unsigned_char_unsigned_short_i_32, i20 %mxm_execute_ursa_signed_char_unsigned_short_unsigned_char_unsigned_short_i_31, i20 %mxm_execute_ursa_signed_char_unsigned_short_unsigned_char_unsigned_short_i_30, i20 %mxm_execute_ursa_signed_char_unsigned_short_unsigned_char_unsigned_short_i_29, i20 %mxm_execute_ursa_signed_char_unsigned_short_unsigned_char_unsigned_short_i_28, i20 %mxm_execute_ursa_signed_char_unsigned_short_unsigned_char_unsigned_short_i_27, i20 %mxm_execute_ursa_signed_char_unsigned_short_unsigned_char_unsigned_short_i_26, i20 %mxm_execute_ursa_signed_char_unsigned_short_unsigned_char_unsigned_short_i_25, i20 %mxm_execute_ursa_signed_char_unsigned_short_unsigned_char_unsigned_short_i_24, i20 %mxm_execute_ursa_signed_char_unsigned_short_unsigned_char_unsigned_short_i_23, i20 %mxm_execute_ursa_signed_char_unsigned_short_unsigned_char_unsigned_short_i_22, i20 %mxm_execute_ursa_signed_char_unsigned_short_unsigned_char_unsigned_short_i_21, i20 %mxm_execute_ursa_signed_char_unsigned_short_unsigned_char_unsigned_short_i_20, i20 %mxm_execute_ursa_signed_char_unsigned_short_unsigned_char_unsigned_short_i_19, i20 %mxm_execute_ursa_signed_char_unsigned_short_unsigned_char_unsigned_short_i_18, i20 %mxm_execute_ursa_signed_char_unsigned_short_unsigned_char_unsigned_short_i_17, i20 %mxm_execute_ursa_signed_char_unsigned_short_unsigned_char_unsigned_short_i_16, i20 %mxm_execute_ursa_signed_char_unsigned_short_unsigned_char_unsigned_short_i_15, i20 %mxm_execute_ursa_signed_char_unsigned_short_unsigned_char_unsigned_short_i_14, i20 %mxm_execute_ursa_signed_char_unsigned_short_unsigned_char_unsigned_short_i_13, i20 %mxm_execute_ursa_signed_char_unsigned_short_unsigned_char_unsigned_short_i_12, i20 %mxm_execute_ursa_signed_char_unsigned_short_unsigned_char_unsigned_short_i_11, i20 %mxm_execute_ursa_signed_char_unsigned_short_unsigned_char_unsigned_short_i_10, i20 %mxm_execute_ursa_signed_char_unsigned_short_unsigned_char_unsigned_short_i_9, i20 %mxm_execute_ursa_signed_char_unsigned_short_unsigned_char_unsigned_short_i_8, i20 %mxm_execute_ursa_signed_char_unsigned_short_unsigned_char_unsigned_short_i_7, i20 %mxm_execute_ursa_signed_char_unsigned_short_unsigned_char_unsigned_short_i_6, i20 %mxm_execute_ursa_signed_char_unsigned_short_unsigned_char_unsigned_short_i_5, i20 %mxm_execute_ursa_signed_char_unsigned_short_unsigned_char_unsigned_short_i_4, i20 %mxm_execute_ursa_signed_char_unsigned_short_unsigned_char_unsigned_short_i_3, i20 %mxm_execute_ursa_signed_char_unsigned_short_unsigned_char_unsigned_short_i_2, i20 %mxm_execute_ursa_signed_char_unsigned_short_unsigned_char_unsigned_short_i_1, i20 %mxm_execute_ursa_signed_char_unsigned_short_unsigned_char_unsigned_short_i" [/home/ulisses/Projects/ursa/src/core/shell.cpp:301]   --->   Operation 248 'call' 'call_ln301' <Predicate = true> <Delay = 0.00> <CoreType = "Generic">   --->   Core 0 '' <Latency = 0> <II = 1> <Delay = 1.00> <Generic> <Opcode : >

State 101 <SV = 100> <Delay = 0.00>
ST_101 : Operation 249 [34/70] (0.00ns)   --->   "%call_ln301 = call void @sa_store, i32 %ca, i32 %addr_sa_c, i16 %b0_q_read, i20 %mxm_execute_ursa_signed_char_unsigned_short_unsigned_char_unsigned_short_i_63, i20 %mxm_execute_ursa_signed_char_unsigned_short_unsigned_char_unsigned_short_i_62, i20 %mxm_execute_ursa_signed_char_unsigned_short_unsigned_char_unsigned_short_i_61, i20 %mxm_execute_ursa_signed_char_unsigned_short_unsigned_char_unsigned_short_i_60, i20 %mxm_execute_ursa_signed_char_unsigned_short_unsigned_char_unsigned_short_i_59, i20 %mxm_execute_ursa_signed_char_unsigned_short_unsigned_char_unsigned_short_i_58, i20 %mxm_execute_ursa_signed_char_unsigned_short_unsigned_char_unsigned_short_i_57, i20 %mxm_execute_ursa_signed_char_unsigned_short_unsigned_char_unsigned_short_i_56, i20 %mxm_execute_ursa_signed_char_unsigned_short_unsigned_char_unsigned_short_i_55, i20 %mxm_execute_ursa_signed_char_unsigned_short_unsigned_char_unsigned_short_i_54, i20 %mxm_execute_ursa_signed_char_unsigned_short_unsigned_char_unsigned_short_i_53, i20 %mxm_execute_ursa_signed_char_unsigned_short_unsigned_char_unsigned_short_i_52, i20 %mxm_execute_ursa_signed_char_unsigned_short_unsigned_char_unsigned_short_i_51, i20 %mxm_execute_ursa_signed_char_unsigned_short_unsigned_char_unsigned_short_i_50, i20 %mxm_execute_ursa_signed_char_unsigned_short_unsigned_char_unsigned_short_i_49, i20 %mxm_execute_ursa_signed_char_unsigned_short_unsigned_char_unsigned_short_i_48, i20 %mxm_execute_ursa_signed_char_unsigned_short_unsigned_char_unsigned_short_i_47, i20 %mxm_execute_ursa_signed_char_unsigned_short_unsigned_char_unsigned_short_i_46, i20 %mxm_execute_ursa_signed_char_unsigned_short_unsigned_char_unsigned_short_i_45, i20 %mxm_execute_ursa_signed_char_unsigned_short_unsigned_char_unsigned_short_i_44, i20 %mxm_execute_ursa_signed_char_unsigned_short_unsigned_char_unsigned_short_i_43, i20 %mxm_execute_ursa_signed_char_unsigned_short_unsigned_char_unsigned_short_i_42, i20 %mxm_execute_ursa_signed_char_unsigned_short_unsigned_char_unsigned_short_i_41, i20 %mxm_execute_ursa_signed_char_unsigned_short_unsigned_char_unsigned_short_i_40, i20 %mxm_execute_ursa_signed_char_unsigned_short_unsigned_char_unsigned_short_i_39, i20 %mxm_execute_ursa_signed_char_unsigned_short_unsigned_char_unsigned_short_i_38, i20 %mxm_execute_ursa_signed_char_unsigned_short_unsigned_char_unsigned_short_i_37, i20 %mxm_execute_ursa_signed_char_unsigned_short_unsigned_char_unsigned_short_i_36, i20 %mxm_execute_ursa_signed_char_unsigned_short_unsigned_char_unsigned_short_i_35, i20 %mxm_execute_ursa_signed_char_unsigned_short_unsigned_char_unsigned_short_i_34, i20 %mxm_execute_ursa_signed_char_unsigned_short_unsigned_char_unsigned_short_i_33, i20 %mxm_execute_ursa_signed_char_unsigned_short_unsigned_char_unsigned_short_i_32, i20 %mxm_execute_ursa_signed_char_unsigned_short_unsigned_char_unsigned_short_i_31, i20 %mxm_execute_ursa_signed_char_unsigned_short_unsigned_char_unsigned_short_i_30, i20 %mxm_execute_ursa_signed_char_unsigned_short_unsigned_char_unsigned_short_i_29, i20 %mxm_execute_ursa_signed_char_unsigned_short_unsigned_char_unsigned_short_i_28, i20 %mxm_execute_ursa_signed_char_unsigned_short_unsigned_char_unsigned_short_i_27, i20 %mxm_execute_ursa_signed_char_unsigned_short_unsigned_char_unsigned_short_i_26, i20 %mxm_execute_ursa_signed_char_unsigned_short_unsigned_char_unsigned_short_i_25, i20 %mxm_execute_ursa_signed_char_unsigned_short_unsigned_char_unsigned_short_i_24, i20 %mxm_execute_ursa_signed_char_unsigned_short_unsigned_char_unsigned_short_i_23, i20 %mxm_execute_ursa_signed_char_unsigned_short_unsigned_char_unsigned_short_i_22, i20 %mxm_execute_ursa_signed_char_unsigned_short_unsigned_char_unsigned_short_i_21, i20 %mxm_execute_ursa_signed_char_unsigned_short_unsigned_char_unsigned_short_i_20, i20 %mxm_execute_ursa_signed_char_unsigned_short_unsigned_char_unsigned_short_i_19, i20 %mxm_execute_ursa_signed_char_unsigned_short_unsigned_char_unsigned_short_i_18, i20 %mxm_execute_ursa_signed_char_unsigned_short_unsigned_char_unsigned_short_i_17, i20 %mxm_execute_ursa_signed_char_unsigned_short_unsigned_char_unsigned_short_i_16, i20 %mxm_execute_ursa_signed_char_unsigned_short_unsigned_char_unsigned_short_i_15, i20 %mxm_execute_ursa_signed_char_unsigned_short_unsigned_char_unsigned_short_i_14, i20 %mxm_execute_ursa_signed_char_unsigned_short_unsigned_char_unsigned_short_i_13, i20 %mxm_execute_ursa_signed_char_unsigned_short_unsigned_char_unsigned_short_i_12, i20 %mxm_execute_ursa_signed_char_unsigned_short_unsigned_char_unsigned_short_i_11, i20 %mxm_execute_ursa_signed_char_unsigned_short_unsigned_char_unsigned_short_i_10, i20 %mxm_execute_ursa_signed_char_unsigned_short_unsigned_char_unsigned_short_i_9, i20 %mxm_execute_ursa_signed_char_unsigned_short_unsigned_char_unsigned_short_i_8, i20 %mxm_execute_ursa_signed_char_unsigned_short_unsigned_char_unsigned_short_i_7, i20 %mxm_execute_ursa_signed_char_unsigned_short_unsigned_char_unsigned_short_i_6, i20 %mxm_execute_ursa_signed_char_unsigned_short_unsigned_char_unsigned_short_i_5, i20 %mxm_execute_ursa_signed_char_unsigned_short_unsigned_char_unsigned_short_i_4, i20 %mxm_execute_ursa_signed_char_unsigned_short_unsigned_char_unsigned_short_i_3, i20 %mxm_execute_ursa_signed_char_unsigned_short_unsigned_char_unsigned_short_i_2, i20 %mxm_execute_ursa_signed_char_unsigned_short_unsigned_char_unsigned_short_i_1, i20 %mxm_execute_ursa_signed_char_unsigned_short_unsigned_char_unsigned_short_i" [/home/ulisses/Projects/ursa/src/core/shell.cpp:301]   --->   Operation 249 'call' 'call_ln301' <Predicate = true> <Delay = 0.00> <CoreType = "Generic">   --->   Core 0 '' <Latency = 0> <II = 1> <Delay = 1.00> <Generic> <Opcode : >

State 102 <SV = 101> <Delay = 0.00>
ST_102 : Operation 250 [33/70] (0.00ns)   --->   "%call_ln301 = call void @sa_store, i32 %ca, i32 %addr_sa_c, i16 %b0_q_read, i20 %mxm_execute_ursa_signed_char_unsigned_short_unsigned_char_unsigned_short_i_63, i20 %mxm_execute_ursa_signed_char_unsigned_short_unsigned_char_unsigned_short_i_62, i20 %mxm_execute_ursa_signed_char_unsigned_short_unsigned_char_unsigned_short_i_61, i20 %mxm_execute_ursa_signed_char_unsigned_short_unsigned_char_unsigned_short_i_60, i20 %mxm_execute_ursa_signed_char_unsigned_short_unsigned_char_unsigned_short_i_59, i20 %mxm_execute_ursa_signed_char_unsigned_short_unsigned_char_unsigned_short_i_58, i20 %mxm_execute_ursa_signed_char_unsigned_short_unsigned_char_unsigned_short_i_57, i20 %mxm_execute_ursa_signed_char_unsigned_short_unsigned_char_unsigned_short_i_56, i20 %mxm_execute_ursa_signed_char_unsigned_short_unsigned_char_unsigned_short_i_55, i20 %mxm_execute_ursa_signed_char_unsigned_short_unsigned_char_unsigned_short_i_54, i20 %mxm_execute_ursa_signed_char_unsigned_short_unsigned_char_unsigned_short_i_53, i20 %mxm_execute_ursa_signed_char_unsigned_short_unsigned_char_unsigned_short_i_52, i20 %mxm_execute_ursa_signed_char_unsigned_short_unsigned_char_unsigned_short_i_51, i20 %mxm_execute_ursa_signed_char_unsigned_short_unsigned_char_unsigned_short_i_50, i20 %mxm_execute_ursa_signed_char_unsigned_short_unsigned_char_unsigned_short_i_49, i20 %mxm_execute_ursa_signed_char_unsigned_short_unsigned_char_unsigned_short_i_48, i20 %mxm_execute_ursa_signed_char_unsigned_short_unsigned_char_unsigned_short_i_47, i20 %mxm_execute_ursa_signed_char_unsigned_short_unsigned_char_unsigned_short_i_46, i20 %mxm_execute_ursa_signed_char_unsigned_short_unsigned_char_unsigned_short_i_45, i20 %mxm_execute_ursa_signed_char_unsigned_short_unsigned_char_unsigned_short_i_44, i20 %mxm_execute_ursa_signed_char_unsigned_short_unsigned_char_unsigned_short_i_43, i20 %mxm_execute_ursa_signed_char_unsigned_short_unsigned_char_unsigned_short_i_42, i20 %mxm_execute_ursa_signed_char_unsigned_short_unsigned_char_unsigned_short_i_41, i20 %mxm_execute_ursa_signed_char_unsigned_short_unsigned_char_unsigned_short_i_40, i20 %mxm_execute_ursa_signed_char_unsigned_short_unsigned_char_unsigned_short_i_39, i20 %mxm_execute_ursa_signed_char_unsigned_short_unsigned_char_unsigned_short_i_38, i20 %mxm_execute_ursa_signed_char_unsigned_short_unsigned_char_unsigned_short_i_37, i20 %mxm_execute_ursa_signed_char_unsigned_short_unsigned_char_unsigned_short_i_36, i20 %mxm_execute_ursa_signed_char_unsigned_short_unsigned_char_unsigned_short_i_35, i20 %mxm_execute_ursa_signed_char_unsigned_short_unsigned_char_unsigned_short_i_34, i20 %mxm_execute_ursa_signed_char_unsigned_short_unsigned_char_unsigned_short_i_33, i20 %mxm_execute_ursa_signed_char_unsigned_short_unsigned_char_unsigned_short_i_32, i20 %mxm_execute_ursa_signed_char_unsigned_short_unsigned_char_unsigned_short_i_31, i20 %mxm_execute_ursa_signed_char_unsigned_short_unsigned_char_unsigned_short_i_30, i20 %mxm_execute_ursa_signed_char_unsigned_short_unsigned_char_unsigned_short_i_29, i20 %mxm_execute_ursa_signed_char_unsigned_short_unsigned_char_unsigned_short_i_28, i20 %mxm_execute_ursa_signed_char_unsigned_short_unsigned_char_unsigned_short_i_27, i20 %mxm_execute_ursa_signed_char_unsigned_short_unsigned_char_unsigned_short_i_26, i20 %mxm_execute_ursa_signed_char_unsigned_short_unsigned_char_unsigned_short_i_25, i20 %mxm_execute_ursa_signed_char_unsigned_short_unsigned_char_unsigned_short_i_24, i20 %mxm_execute_ursa_signed_char_unsigned_short_unsigned_char_unsigned_short_i_23, i20 %mxm_execute_ursa_signed_char_unsigned_short_unsigned_char_unsigned_short_i_22, i20 %mxm_execute_ursa_signed_char_unsigned_short_unsigned_char_unsigned_short_i_21, i20 %mxm_execute_ursa_signed_char_unsigned_short_unsigned_char_unsigned_short_i_20, i20 %mxm_execute_ursa_signed_char_unsigned_short_unsigned_char_unsigned_short_i_19, i20 %mxm_execute_ursa_signed_char_unsigned_short_unsigned_char_unsigned_short_i_18, i20 %mxm_execute_ursa_signed_char_unsigned_short_unsigned_char_unsigned_short_i_17, i20 %mxm_execute_ursa_signed_char_unsigned_short_unsigned_char_unsigned_short_i_16, i20 %mxm_execute_ursa_signed_char_unsigned_short_unsigned_char_unsigned_short_i_15, i20 %mxm_execute_ursa_signed_char_unsigned_short_unsigned_char_unsigned_short_i_14, i20 %mxm_execute_ursa_signed_char_unsigned_short_unsigned_char_unsigned_short_i_13, i20 %mxm_execute_ursa_signed_char_unsigned_short_unsigned_char_unsigned_short_i_12, i20 %mxm_execute_ursa_signed_char_unsigned_short_unsigned_char_unsigned_short_i_11, i20 %mxm_execute_ursa_signed_char_unsigned_short_unsigned_char_unsigned_short_i_10, i20 %mxm_execute_ursa_signed_char_unsigned_short_unsigned_char_unsigned_short_i_9, i20 %mxm_execute_ursa_signed_char_unsigned_short_unsigned_char_unsigned_short_i_8, i20 %mxm_execute_ursa_signed_char_unsigned_short_unsigned_char_unsigned_short_i_7, i20 %mxm_execute_ursa_signed_char_unsigned_short_unsigned_char_unsigned_short_i_6, i20 %mxm_execute_ursa_signed_char_unsigned_short_unsigned_char_unsigned_short_i_5, i20 %mxm_execute_ursa_signed_char_unsigned_short_unsigned_char_unsigned_short_i_4, i20 %mxm_execute_ursa_signed_char_unsigned_short_unsigned_char_unsigned_short_i_3, i20 %mxm_execute_ursa_signed_char_unsigned_short_unsigned_char_unsigned_short_i_2, i20 %mxm_execute_ursa_signed_char_unsigned_short_unsigned_char_unsigned_short_i_1, i20 %mxm_execute_ursa_signed_char_unsigned_short_unsigned_char_unsigned_short_i" [/home/ulisses/Projects/ursa/src/core/shell.cpp:301]   --->   Operation 250 'call' 'call_ln301' <Predicate = true> <Delay = 0.00> <CoreType = "Generic">   --->   Core 0 '' <Latency = 0> <II = 1> <Delay = 1.00> <Generic> <Opcode : >

State 103 <SV = 102> <Delay = 0.00>
ST_103 : Operation 251 [32/70] (0.00ns)   --->   "%call_ln301 = call void @sa_store, i32 %ca, i32 %addr_sa_c, i16 %b0_q_read, i20 %mxm_execute_ursa_signed_char_unsigned_short_unsigned_char_unsigned_short_i_63, i20 %mxm_execute_ursa_signed_char_unsigned_short_unsigned_char_unsigned_short_i_62, i20 %mxm_execute_ursa_signed_char_unsigned_short_unsigned_char_unsigned_short_i_61, i20 %mxm_execute_ursa_signed_char_unsigned_short_unsigned_char_unsigned_short_i_60, i20 %mxm_execute_ursa_signed_char_unsigned_short_unsigned_char_unsigned_short_i_59, i20 %mxm_execute_ursa_signed_char_unsigned_short_unsigned_char_unsigned_short_i_58, i20 %mxm_execute_ursa_signed_char_unsigned_short_unsigned_char_unsigned_short_i_57, i20 %mxm_execute_ursa_signed_char_unsigned_short_unsigned_char_unsigned_short_i_56, i20 %mxm_execute_ursa_signed_char_unsigned_short_unsigned_char_unsigned_short_i_55, i20 %mxm_execute_ursa_signed_char_unsigned_short_unsigned_char_unsigned_short_i_54, i20 %mxm_execute_ursa_signed_char_unsigned_short_unsigned_char_unsigned_short_i_53, i20 %mxm_execute_ursa_signed_char_unsigned_short_unsigned_char_unsigned_short_i_52, i20 %mxm_execute_ursa_signed_char_unsigned_short_unsigned_char_unsigned_short_i_51, i20 %mxm_execute_ursa_signed_char_unsigned_short_unsigned_char_unsigned_short_i_50, i20 %mxm_execute_ursa_signed_char_unsigned_short_unsigned_char_unsigned_short_i_49, i20 %mxm_execute_ursa_signed_char_unsigned_short_unsigned_char_unsigned_short_i_48, i20 %mxm_execute_ursa_signed_char_unsigned_short_unsigned_char_unsigned_short_i_47, i20 %mxm_execute_ursa_signed_char_unsigned_short_unsigned_char_unsigned_short_i_46, i20 %mxm_execute_ursa_signed_char_unsigned_short_unsigned_char_unsigned_short_i_45, i20 %mxm_execute_ursa_signed_char_unsigned_short_unsigned_char_unsigned_short_i_44, i20 %mxm_execute_ursa_signed_char_unsigned_short_unsigned_char_unsigned_short_i_43, i20 %mxm_execute_ursa_signed_char_unsigned_short_unsigned_char_unsigned_short_i_42, i20 %mxm_execute_ursa_signed_char_unsigned_short_unsigned_char_unsigned_short_i_41, i20 %mxm_execute_ursa_signed_char_unsigned_short_unsigned_char_unsigned_short_i_40, i20 %mxm_execute_ursa_signed_char_unsigned_short_unsigned_char_unsigned_short_i_39, i20 %mxm_execute_ursa_signed_char_unsigned_short_unsigned_char_unsigned_short_i_38, i20 %mxm_execute_ursa_signed_char_unsigned_short_unsigned_char_unsigned_short_i_37, i20 %mxm_execute_ursa_signed_char_unsigned_short_unsigned_char_unsigned_short_i_36, i20 %mxm_execute_ursa_signed_char_unsigned_short_unsigned_char_unsigned_short_i_35, i20 %mxm_execute_ursa_signed_char_unsigned_short_unsigned_char_unsigned_short_i_34, i20 %mxm_execute_ursa_signed_char_unsigned_short_unsigned_char_unsigned_short_i_33, i20 %mxm_execute_ursa_signed_char_unsigned_short_unsigned_char_unsigned_short_i_32, i20 %mxm_execute_ursa_signed_char_unsigned_short_unsigned_char_unsigned_short_i_31, i20 %mxm_execute_ursa_signed_char_unsigned_short_unsigned_char_unsigned_short_i_30, i20 %mxm_execute_ursa_signed_char_unsigned_short_unsigned_char_unsigned_short_i_29, i20 %mxm_execute_ursa_signed_char_unsigned_short_unsigned_char_unsigned_short_i_28, i20 %mxm_execute_ursa_signed_char_unsigned_short_unsigned_char_unsigned_short_i_27, i20 %mxm_execute_ursa_signed_char_unsigned_short_unsigned_char_unsigned_short_i_26, i20 %mxm_execute_ursa_signed_char_unsigned_short_unsigned_char_unsigned_short_i_25, i20 %mxm_execute_ursa_signed_char_unsigned_short_unsigned_char_unsigned_short_i_24, i20 %mxm_execute_ursa_signed_char_unsigned_short_unsigned_char_unsigned_short_i_23, i20 %mxm_execute_ursa_signed_char_unsigned_short_unsigned_char_unsigned_short_i_22, i20 %mxm_execute_ursa_signed_char_unsigned_short_unsigned_char_unsigned_short_i_21, i20 %mxm_execute_ursa_signed_char_unsigned_short_unsigned_char_unsigned_short_i_20, i20 %mxm_execute_ursa_signed_char_unsigned_short_unsigned_char_unsigned_short_i_19, i20 %mxm_execute_ursa_signed_char_unsigned_short_unsigned_char_unsigned_short_i_18, i20 %mxm_execute_ursa_signed_char_unsigned_short_unsigned_char_unsigned_short_i_17, i20 %mxm_execute_ursa_signed_char_unsigned_short_unsigned_char_unsigned_short_i_16, i20 %mxm_execute_ursa_signed_char_unsigned_short_unsigned_char_unsigned_short_i_15, i20 %mxm_execute_ursa_signed_char_unsigned_short_unsigned_char_unsigned_short_i_14, i20 %mxm_execute_ursa_signed_char_unsigned_short_unsigned_char_unsigned_short_i_13, i20 %mxm_execute_ursa_signed_char_unsigned_short_unsigned_char_unsigned_short_i_12, i20 %mxm_execute_ursa_signed_char_unsigned_short_unsigned_char_unsigned_short_i_11, i20 %mxm_execute_ursa_signed_char_unsigned_short_unsigned_char_unsigned_short_i_10, i20 %mxm_execute_ursa_signed_char_unsigned_short_unsigned_char_unsigned_short_i_9, i20 %mxm_execute_ursa_signed_char_unsigned_short_unsigned_char_unsigned_short_i_8, i20 %mxm_execute_ursa_signed_char_unsigned_short_unsigned_char_unsigned_short_i_7, i20 %mxm_execute_ursa_signed_char_unsigned_short_unsigned_char_unsigned_short_i_6, i20 %mxm_execute_ursa_signed_char_unsigned_short_unsigned_char_unsigned_short_i_5, i20 %mxm_execute_ursa_signed_char_unsigned_short_unsigned_char_unsigned_short_i_4, i20 %mxm_execute_ursa_signed_char_unsigned_short_unsigned_char_unsigned_short_i_3, i20 %mxm_execute_ursa_signed_char_unsigned_short_unsigned_char_unsigned_short_i_2, i20 %mxm_execute_ursa_signed_char_unsigned_short_unsigned_char_unsigned_short_i_1, i20 %mxm_execute_ursa_signed_char_unsigned_short_unsigned_char_unsigned_short_i" [/home/ulisses/Projects/ursa/src/core/shell.cpp:301]   --->   Operation 251 'call' 'call_ln301' <Predicate = true> <Delay = 0.00> <CoreType = "Generic">   --->   Core 0 '' <Latency = 0> <II = 1> <Delay = 1.00> <Generic> <Opcode : >

State 104 <SV = 103> <Delay = 0.00>
ST_104 : Operation 252 [31/70] (0.00ns)   --->   "%call_ln301 = call void @sa_store, i32 %ca, i32 %addr_sa_c, i16 %b0_q_read, i20 %mxm_execute_ursa_signed_char_unsigned_short_unsigned_char_unsigned_short_i_63, i20 %mxm_execute_ursa_signed_char_unsigned_short_unsigned_char_unsigned_short_i_62, i20 %mxm_execute_ursa_signed_char_unsigned_short_unsigned_char_unsigned_short_i_61, i20 %mxm_execute_ursa_signed_char_unsigned_short_unsigned_char_unsigned_short_i_60, i20 %mxm_execute_ursa_signed_char_unsigned_short_unsigned_char_unsigned_short_i_59, i20 %mxm_execute_ursa_signed_char_unsigned_short_unsigned_char_unsigned_short_i_58, i20 %mxm_execute_ursa_signed_char_unsigned_short_unsigned_char_unsigned_short_i_57, i20 %mxm_execute_ursa_signed_char_unsigned_short_unsigned_char_unsigned_short_i_56, i20 %mxm_execute_ursa_signed_char_unsigned_short_unsigned_char_unsigned_short_i_55, i20 %mxm_execute_ursa_signed_char_unsigned_short_unsigned_char_unsigned_short_i_54, i20 %mxm_execute_ursa_signed_char_unsigned_short_unsigned_char_unsigned_short_i_53, i20 %mxm_execute_ursa_signed_char_unsigned_short_unsigned_char_unsigned_short_i_52, i20 %mxm_execute_ursa_signed_char_unsigned_short_unsigned_char_unsigned_short_i_51, i20 %mxm_execute_ursa_signed_char_unsigned_short_unsigned_char_unsigned_short_i_50, i20 %mxm_execute_ursa_signed_char_unsigned_short_unsigned_char_unsigned_short_i_49, i20 %mxm_execute_ursa_signed_char_unsigned_short_unsigned_char_unsigned_short_i_48, i20 %mxm_execute_ursa_signed_char_unsigned_short_unsigned_char_unsigned_short_i_47, i20 %mxm_execute_ursa_signed_char_unsigned_short_unsigned_char_unsigned_short_i_46, i20 %mxm_execute_ursa_signed_char_unsigned_short_unsigned_char_unsigned_short_i_45, i20 %mxm_execute_ursa_signed_char_unsigned_short_unsigned_char_unsigned_short_i_44, i20 %mxm_execute_ursa_signed_char_unsigned_short_unsigned_char_unsigned_short_i_43, i20 %mxm_execute_ursa_signed_char_unsigned_short_unsigned_char_unsigned_short_i_42, i20 %mxm_execute_ursa_signed_char_unsigned_short_unsigned_char_unsigned_short_i_41, i20 %mxm_execute_ursa_signed_char_unsigned_short_unsigned_char_unsigned_short_i_40, i20 %mxm_execute_ursa_signed_char_unsigned_short_unsigned_char_unsigned_short_i_39, i20 %mxm_execute_ursa_signed_char_unsigned_short_unsigned_char_unsigned_short_i_38, i20 %mxm_execute_ursa_signed_char_unsigned_short_unsigned_char_unsigned_short_i_37, i20 %mxm_execute_ursa_signed_char_unsigned_short_unsigned_char_unsigned_short_i_36, i20 %mxm_execute_ursa_signed_char_unsigned_short_unsigned_char_unsigned_short_i_35, i20 %mxm_execute_ursa_signed_char_unsigned_short_unsigned_char_unsigned_short_i_34, i20 %mxm_execute_ursa_signed_char_unsigned_short_unsigned_char_unsigned_short_i_33, i20 %mxm_execute_ursa_signed_char_unsigned_short_unsigned_char_unsigned_short_i_32, i20 %mxm_execute_ursa_signed_char_unsigned_short_unsigned_char_unsigned_short_i_31, i20 %mxm_execute_ursa_signed_char_unsigned_short_unsigned_char_unsigned_short_i_30, i20 %mxm_execute_ursa_signed_char_unsigned_short_unsigned_char_unsigned_short_i_29, i20 %mxm_execute_ursa_signed_char_unsigned_short_unsigned_char_unsigned_short_i_28, i20 %mxm_execute_ursa_signed_char_unsigned_short_unsigned_char_unsigned_short_i_27, i20 %mxm_execute_ursa_signed_char_unsigned_short_unsigned_char_unsigned_short_i_26, i20 %mxm_execute_ursa_signed_char_unsigned_short_unsigned_char_unsigned_short_i_25, i20 %mxm_execute_ursa_signed_char_unsigned_short_unsigned_char_unsigned_short_i_24, i20 %mxm_execute_ursa_signed_char_unsigned_short_unsigned_char_unsigned_short_i_23, i20 %mxm_execute_ursa_signed_char_unsigned_short_unsigned_char_unsigned_short_i_22, i20 %mxm_execute_ursa_signed_char_unsigned_short_unsigned_char_unsigned_short_i_21, i20 %mxm_execute_ursa_signed_char_unsigned_short_unsigned_char_unsigned_short_i_20, i20 %mxm_execute_ursa_signed_char_unsigned_short_unsigned_char_unsigned_short_i_19, i20 %mxm_execute_ursa_signed_char_unsigned_short_unsigned_char_unsigned_short_i_18, i20 %mxm_execute_ursa_signed_char_unsigned_short_unsigned_char_unsigned_short_i_17, i20 %mxm_execute_ursa_signed_char_unsigned_short_unsigned_char_unsigned_short_i_16, i20 %mxm_execute_ursa_signed_char_unsigned_short_unsigned_char_unsigned_short_i_15, i20 %mxm_execute_ursa_signed_char_unsigned_short_unsigned_char_unsigned_short_i_14, i20 %mxm_execute_ursa_signed_char_unsigned_short_unsigned_char_unsigned_short_i_13, i20 %mxm_execute_ursa_signed_char_unsigned_short_unsigned_char_unsigned_short_i_12, i20 %mxm_execute_ursa_signed_char_unsigned_short_unsigned_char_unsigned_short_i_11, i20 %mxm_execute_ursa_signed_char_unsigned_short_unsigned_char_unsigned_short_i_10, i20 %mxm_execute_ursa_signed_char_unsigned_short_unsigned_char_unsigned_short_i_9, i20 %mxm_execute_ursa_signed_char_unsigned_short_unsigned_char_unsigned_short_i_8, i20 %mxm_execute_ursa_signed_char_unsigned_short_unsigned_char_unsigned_short_i_7, i20 %mxm_execute_ursa_signed_char_unsigned_short_unsigned_char_unsigned_short_i_6, i20 %mxm_execute_ursa_signed_char_unsigned_short_unsigned_char_unsigned_short_i_5, i20 %mxm_execute_ursa_signed_char_unsigned_short_unsigned_char_unsigned_short_i_4, i20 %mxm_execute_ursa_signed_char_unsigned_short_unsigned_char_unsigned_short_i_3, i20 %mxm_execute_ursa_signed_char_unsigned_short_unsigned_char_unsigned_short_i_2, i20 %mxm_execute_ursa_signed_char_unsigned_short_unsigned_char_unsigned_short_i_1, i20 %mxm_execute_ursa_signed_char_unsigned_short_unsigned_char_unsigned_short_i" [/home/ulisses/Projects/ursa/src/core/shell.cpp:301]   --->   Operation 252 'call' 'call_ln301' <Predicate = true> <Delay = 0.00> <CoreType = "Generic">   --->   Core 0 '' <Latency = 0> <II = 1> <Delay = 1.00> <Generic> <Opcode : >

State 105 <SV = 104> <Delay = 0.00>
ST_105 : Operation 253 [30/70] (0.00ns)   --->   "%call_ln301 = call void @sa_store, i32 %ca, i32 %addr_sa_c, i16 %b0_q_read, i20 %mxm_execute_ursa_signed_char_unsigned_short_unsigned_char_unsigned_short_i_63, i20 %mxm_execute_ursa_signed_char_unsigned_short_unsigned_char_unsigned_short_i_62, i20 %mxm_execute_ursa_signed_char_unsigned_short_unsigned_char_unsigned_short_i_61, i20 %mxm_execute_ursa_signed_char_unsigned_short_unsigned_char_unsigned_short_i_60, i20 %mxm_execute_ursa_signed_char_unsigned_short_unsigned_char_unsigned_short_i_59, i20 %mxm_execute_ursa_signed_char_unsigned_short_unsigned_char_unsigned_short_i_58, i20 %mxm_execute_ursa_signed_char_unsigned_short_unsigned_char_unsigned_short_i_57, i20 %mxm_execute_ursa_signed_char_unsigned_short_unsigned_char_unsigned_short_i_56, i20 %mxm_execute_ursa_signed_char_unsigned_short_unsigned_char_unsigned_short_i_55, i20 %mxm_execute_ursa_signed_char_unsigned_short_unsigned_char_unsigned_short_i_54, i20 %mxm_execute_ursa_signed_char_unsigned_short_unsigned_char_unsigned_short_i_53, i20 %mxm_execute_ursa_signed_char_unsigned_short_unsigned_char_unsigned_short_i_52, i20 %mxm_execute_ursa_signed_char_unsigned_short_unsigned_char_unsigned_short_i_51, i20 %mxm_execute_ursa_signed_char_unsigned_short_unsigned_char_unsigned_short_i_50, i20 %mxm_execute_ursa_signed_char_unsigned_short_unsigned_char_unsigned_short_i_49, i20 %mxm_execute_ursa_signed_char_unsigned_short_unsigned_char_unsigned_short_i_48, i20 %mxm_execute_ursa_signed_char_unsigned_short_unsigned_char_unsigned_short_i_47, i20 %mxm_execute_ursa_signed_char_unsigned_short_unsigned_char_unsigned_short_i_46, i20 %mxm_execute_ursa_signed_char_unsigned_short_unsigned_char_unsigned_short_i_45, i20 %mxm_execute_ursa_signed_char_unsigned_short_unsigned_char_unsigned_short_i_44, i20 %mxm_execute_ursa_signed_char_unsigned_short_unsigned_char_unsigned_short_i_43, i20 %mxm_execute_ursa_signed_char_unsigned_short_unsigned_char_unsigned_short_i_42, i20 %mxm_execute_ursa_signed_char_unsigned_short_unsigned_char_unsigned_short_i_41, i20 %mxm_execute_ursa_signed_char_unsigned_short_unsigned_char_unsigned_short_i_40, i20 %mxm_execute_ursa_signed_char_unsigned_short_unsigned_char_unsigned_short_i_39, i20 %mxm_execute_ursa_signed_char_unsigned_short_unsigned_char_unsigned_short_i_38, i20 %mxm_execute_ursa_signed_char_unsigned_short_unsigned_char_unsigned_short_i_37, i20 %mxm_execute_ursa_signed_char_unsigned_short_unsigned_char_unsigned_short_i_36, i20 %mxm_execute_ursa_signed_char_unsigned_short_unsigned_char_unsigned_short_i_35, i20 %mxm_execute_ursa_signed_char_unsigned_short_unsigned_char_unsigned_short_i_34, i20 %mxm_execute_ursa_signed_char_unsigned_short_unsigned_char_unsigned_short_i_33, i20 %mxm_execute_ursa_signed_char_unsigned_short_unsigned_char_unsigned_short_i_32, i20 %mxm_execute_ursa_signed_char_unsigned_short_unsigned_char_unsigned_short_i_31, i20 %mxm_execute_ursa_signed_char_unsigned_short_unsigned_char_unsigned_short_i_30, i20 %mxm_execute_ursa_signed_char_unsigned_short_unsigned_char_unsigned_short_i_29, i20 %mxm_execute_ursa_signed_char_unsigned_short_unsigned_char_unsigned_short_i_28, i20 %mxm_execute_ursa_signed_char_unsigned_short_unsigned_char_unsigned_short_i_27, i20 %mxm_execute_ursa_signed_char_unsigned_short_unsigned_char_unsigned_short_i_26, i20 %mxm_execute_ursa_signed_char_unsigned_short_unsigned_char_unsigned_short_i_25, i20 %mxm_execute_ursa_signed_char_unsigned_short_unsigned_char_unsigned_short_i_24, i20 %mxm_execute_ursa_signed_char_unsigned_short_unsigned_char_unsigned_short_i_23, i20 %mxm_execute_ursa_signed_char_unsigned_short_unsigned_char_unsigned_short_i_22, i20 %mxm_execute_ursa_signed_char_unsigned_short_unsigned_char_unsigned_short_i_21, i20 %mxm_execute_ursa_signed_char_unsigned_short_unsigned_char_unsigned_short_i_20, i20 %mxm_execute_ursa_signed_char_unsigned_short_unsigned_char_unsigned_short_i_19, i20 %mxm_execute_ursa_signed_char_unsigned_short_unsigned_char_unsigned_short_i_18, i20 %mxm_execute_ursa_signed_char_unsigned_short_unsigned_char_unsigned_short_i_17, i20 %mxm_execute_ursa_signed_char_unsigned_short_unsigned_char_unsigned_short_i_16, i20 %mxm_execute_ursa_signed_char_unsigned_short_unsigned_char_unsigned_short_i_15, i20 %mxm_execute_ursa_signed_char_unsigned_short_unsigned_char_unsigned_short_i_14, i20 %mxm_execute_ursa_signed_char_unsigned_short_unsigned_char_unsigned_short_i_13, i20 %mxm_execute_ursa_signed_char_unsigned_short_unsigned_char_unsigned_short_i_12, i20 %mxm_execute_ursa_signed_char_unsigned_short_unsigned_char_unsigned_short_i_11, i20 %mxm_execute_ursa_signed_char_unsigned_short_unsigned_char_unsigned_short_i_10, i20 %mxm_execute_ursa_signed_char_unsigned_short_unsigned_char_unsigned_short_i_9, i20 %mxm_execute_ursa_signed_char_unsigned_short_unsigned_char_unsigned_short_i_8, i20 %mxm_execute_ursa_signed_char_unsigned_short_unsigned_char_unsigned_short_i_7, i20 %mxm_execute_ursa_signed_char_unsigned_short_unsigned_char_unsigned_short_i_6, i20 %mxm_execute_ursa_signed_char_unsigned_short_unsigned_char_unsigned_short_i_5, i20 %mxm_execute_ursa_signed_char_unsigned_short_unsigned_char_unsigned_short_i_4, i20 %mxm_execute_ursa_signed_char_unsigned_short_unsigned_char_unsigned_short_i_3, i20 %mxm_execute_ursa_signed_char_unsigned_short_unsigned_char_unsigned_short_i_2, i20 %mxm_execute_ursa_signed_char_unsigned_short_unsigned_char_unsigned_short_i_1, i20 %mxm_execute_ursa_signed_char_unsigned_short_unsigned_char_unsigned_short_i" [/home/ulisses/Projects/ursa/src/core/shell.cpp:301]   --->   Operation 253 'call' 'call_ln301' <Predicate = true> <Delay = 0.00> <CoreType = "Generic">   --->   Core 0 '' <Latency = 0> <II = 1> <Delay = 1.00> <Generic> <Opcode : >

State 106 <SV = 105> <Delay = 0.00>
ST_106 : Operation 254 [29/70] (0.00ns)   --->   "%call_ln301 = call void @sa_store, i32 %ca, i32 %addr_sa_c, i16 %b0_q_read, i20 %mxm_execute_ursa_signed_char_unsigned_short_unsigned_char_unsigned_short_i_63, i20 %mxm_execute_ursa_signed_char_unsigned_short_unsigned_char_unsigned_short_i_62, i20 %mxm_execute_ursa_signed_char_unsigned_short_unsigned_char_unsigned_short_i_61, i20 %mxm_execute_ursa_signed_char_unsigned_short_unsigned_char_unsigned_short_i_60, i20 %mxm_execute_ursa_signed_char_unsigned_short_unsigned_char_unsigned_short_i_59, i20 %mxm_execute_ursa_signed_char_unsigned_short_unsigned_char_unsigned_short_i_58, i20 %mxm_execute_ursa_signed_char_unsigned_short_unsigned_char_unsigned_short_i_57, i20 %mxm_execute_ursa_signed_char_unsigned_short_unsigned_char_unsigned_short_i_56, i20 %mxm_execute_ursa_signed_char_unsigned_short_unsigned_char_unsigned_short_i_55, i20 %mxm_execute_ursa_signed_char_unsigned_short_unsigned_char_unsigned_short_i_54, i20 %mxm_execute_ursa_signed_char_unsigned_short_unsigned_char_unsigned_short_i_53, i20 %mxm_execute_ursa_signed_char_unsigned_short_unsigned_char_unsigned_short_i_52, i20 %mxm_execute_ursa_signed_char_unsigned_short_unsigned_char_unsigned_short_i_51, i20 %mxm_execute_ursa_signed_char_unsigned_short_unsigned_char_unsigned_short_i_50, i20 %mxm_execute_ursa_signed_char_unsigned_short_unsigned_char_unsigned_short_i_49, i20 %mxm_execute_ursa_signed_char_unsigned_short_unsigned_char_unsigned_short_i_48, i20 %mxm_execute_ursa_signed_char_unsigned_short_unsigned_char_unsigned_short_i_47, i20 %mxm_execute_ursa_signed_char_unsigned_short_unsigned_char_unsigned_short_i_46, i20 %mxm_execute_ursa_signed_char_unsigned_short_unsigned_char_unsigned_short_i_45, i20 %mxm_execute_ursa_signed_char_unsigned_short_unsigned_char_unsigned_short_i_44, i20 %mxm_execute_ursa_signed_char_unsigned_short_unsigned_char_unsigned_short_i_43, i20 %mxm_execute_ursa_signed_char_unsigned_short_unsigned_char_unsigned_short_i_42, i20 %mxm_execute_ursa_signed_char_unsigned_short_unsigned_char_unsigned_short_i_41, i20 %mxm_execute_ursa_signed_char_unsigned_short_unsigned_char_unsigned_short_i_40, i20 %mxm_execute_ursa_signed_char_unsigned_short_unsigned_char_unsigned_short_i_39, i20 %mxm_execute_ursa_signed_char_unsigned_short_unsigned_char_unsigned_short_i_38, i20 %mxm_execute_ursa_signed_char_unsigned_short_unsigned_char_unsigned_short_i_37, i20 %mxm_execute_ursa_signed_char_unsigned_short_unsigned_char_unsigned_short_i_36, i20 %mxm_execute_ursa_signed_char_unsigned_short_unsigned_char_unsigned_short_i_35, i20 %mxm_execute_ursa_signed_char_unsigned_short_unsigned_char_unsigned_short_i_34, i20 %mxm_execute_ursa_signed_char_unsigned_short_unsigned_char_unsigned_short_i_33, i20 %mxm_execute_ursa_signed_char_unsigned_short_unsigned_char_unsigned_short_i_32, i20 %mxm_execute_ursa_signed_char_unsigned_short_unsigned_char_unsigned_short_i_31, i20 %mxm_execute_ursa_signed_char_unsigned_short_unsigned_char_unsigned_short_i_30, i20 %mxm_execute_ursa_signed_char_unsigned_short_unsigned_char_unsigned_short_i_29, i20 %mxm_execute_ursa_signed_char_unsigned_short_unsigned_char_unsigned_short_i_28, i20 %mxm_execute_ursa_signed_char_unsigned_short_unsigned_char_unsigned_short_i_27, i20 %mxm_execute_ursa_signed_char_unsigned_short_unsigned_char_unsigned_short_i_26, i20 %mxm_execute_ursa_signed_char_unsigned_short_unsigned_char_unsigned_short_i_25, i20 %mxm_execute_ursa_signed_char_unsigned_short_unsigned_char_unsigned_short_i_24, i20 %mxm_execute_ursa_signed_char_unsigned_short_unsigned_char_unsigned_short_i_23, i20 %mxm_execute_ursa_signed_char_unsigned_short_unsigned_char_unsigned_short_i_22, i20 %mxm_execute_ursa_signed_char_unsigned_short_unsigned_char_unsigned_short_i_21, i20 %mxm_execute_ursa_signed_char_unsigned_short_unsigned_char_unsigned_short_i_20, i20 %mxm_execute_ursa_signed_char_unsigned_short_unsigned_char_unsigned_short_i_19, i20 %mxm_execute_ursa_signed_char_unsigned_short_unsigned_char_unsigned_short_i_18, i20 %mxm_execute_ursa_signed_char_unsigned_short_unsigned_char_unsigned_short_i_17, i20 %mxm_execute_ursa_signed_char_unsigned_short_unsigned_char_unsigned_short_i_16, i20 %mxm_execute_ursa_signed_char_unsigned_short_unsigned_char_unsigned_short_i_15, i20 %mxm_execute_ursa_signed_char_unsigned_short_unsigned_char_unsigned_short_i_14, i20 %mxm_execute_ursa_signed_char_unsigned_short_unsigned_char_unsigned_short_i_13, i20 %mxm_execute_ursa_signed_char_unsigned_short_unsigned_char_unsigned_short_i_12, i20 %mxm_execute_ursa_signed_char_unsigned_short_unsigned_char_unsigned_short_i_11, i20 %mxm_execute_ursa_signed_char_unsigned_short_unsigned_char_unsigned_short_i_10, i20 %mxm_execute_ursa_signed_char_unsigned_short_unsigned_char_unsigned_short_i_9, i20 %mxm_execute_ursa_signed_char_unsigned_short_unsigned_char_unsigned_short_i_8, i20 %mxm_execute_ursa_signed_char_unsigned_short_unsigned_char_unsigned_short_i_7, i20 %mxm_execute_ursa_signed_char_unsigned_short_unsigned_char_unsigned_short_i_6, i20 %mxm_execute_ursa_signed_char_unsigned_short_unsigned_char_unsigned_short_i_5, i20 %mxm_execute_ursa_signed_char_unsigned_short_unsigned_char_unsigned_short_i_4, i20 %mxm_execute_ursa_signed_char_unsigned_short_unsigned_char_unsigned_short_i_3, i20 %mxm_execute_ursa_signed_char_unsigned_short_unsigned_char_unsigned_short_i_2, i20 %mxm_execute_ursa_signed_char_unsigned_short_unsigned_char_unsigned_short_i_1, i20 %mxm_execute_ursa_signed_char_unsigned_short_unsigned_char_unsigned_short_i" [/home/ulisses/Projects/ursa/src/core/shell.cpp:301]   --->   Operation 254 'call' 'call_ln301' <Predicate = true> <Delay = 0.00> <CoreType = "Generic">   --->   Core 0 '' <Latency = 0> <II = 1> <Delay = 1.00> <Generic> <Opcode : >

State 107 <SV = 106> <Delay = 0.00>
ST_107 : Operation 255 [28/70] (0.00ns)   --->   "%call_ln301 = call void @sa_store, i32 %ca, i32 %addr_sa_c, i16 %b0_q_read, i20 %mxm_execute_ursa_signed_char_unsigned_short_unsigned_char_unsigned_short_i_63, i20 %mxm_execute_ursa_signed_char_unsigned_short_unsigned_char_unsigned_short_i_62, i20 %mxm_execute_ursa_signed_char_unsigned_short_unsigned_char_unsigned_short_i_61, i20 %mxm_execute_ursa_signed_char_unsigned_short_unsigned_char_unsigned_short_i_60, i20 %mxm_execute_ursa_signed_char_unsigned_short_unsigned_char_unsigned_short_i_59, i20 %mxm_execute_ursa_signed_char_unsigned_short_unsigned_char_unsigned_short_i_58, i20 %mxm_execute_ursa_signed_char_unsigned_short_unsigned_char_unsigned_short_i_57, i20 %mxm_execute_ursa_signed_char_unsigned_short_unsigned_char_unsigned_short_i_56, i20 %mxm_execute_ursa_signed_char_unsigned_short_unsigned_char_unsigned_short_i_55, i20 %mxm_execute_ursa_signed_char_unsigned_short_unsigned_char_unsigned_short_i_54, i20 %mxm_execute_ursa_signed_char_unsigned_short_unsigned_char_unsigned_short_i_53, i20 %mxm_execute_ursa_signed_char_unsigned_short_unsigned_char_unsigned_short_i_52, i20 %mxm_execute_ursa_signed_char_unsigned_short_unsigned_char_unsigned_short_i_51, i20 %mxm_execute_ursa_signed_char_unsigned_short_unsigned_char_unsigned_short_i_50, i20 %mxm_execute_ursa_signed_char_unsigned_short_unsigned_char_unsigned_short_i_49, i20 %mxm_execute_ursa_signed_char_unsigned_short_unsigned_char_unsigned_short_i_48, i20 %mxm_execute_ursa_signed_char_unsigned_short_unsigned_char_unsigned_short_i_47, i20 %mxm_execute_ursa_signed_char_unsigned_short_unsigned_char_unsigned_short_i_46, i20 %mxm_execute_ursa_signed_char_unsigned_short_unsigned_char_unsigned_short_i_45, i20 %mxm_execute_ursa_signed_char_unsigned_short_unsigned_char_unsigned_short_i_44, i20 %mxm_execute_ursa_signed_char_unsigned_short_unsigned_char_unsigned_short_i_43, i20 %mxm_execute_ursa_signed_char_unsigned_short_unsigned_char_unsigned_short_i_42, i20 %mxm_execute_ursa_signed_char_unsigned_short_unsigned_char_unsigned_short_i_41, i20 %mxm_execute_ursa_signed_char_unsigned_short_unsigned_char_unsigned_short_i_40, i20 %mxm_execute_ursa_signed_char_unsigned_short_unsigned_char_unsigned_short_i_39, i20 %mxm_execute_ursa_signed_char_unsigned_short_unsigned_char_unsigned_short_i_38, i20 %mxm_execute_ursa_signed_char_unsigned_short_unsigned_char_unsigned_short_i_37, i20 %mxm_execute_ursa_signed_char_unsigned_short_unsigned_char_unsigned_short_i_36, i20 %mxm_execute_ursa_signed_char_unsigned_short_unsigned_char_unsigned_short_i_35, i20 %mxm_execute_ursa_signed_char_unsigned_short_unsigned_char_unsigned_short_i_34, i20 %mxm_execute_ursa_signed_char_unsigned_short_unsigned_char_unsigned_short_i_33, i20 %mxm_execute_ursa_signed_char_unsigned_short_unsigned_char_unsigned_short_i_32, i20 %mxm_execute_ursa_signed_char_unsigned_short_unsigned_char_unsigned_short_i_31, i20 %mxm_execute_ursa_signed_char_unsigned_short_unsigned_char_unsigned_short_i_30, i20 %mxm_execute_ursa_signed_char_unsigned_short_unsigned_char_unsigned_short_i_29, i20 %mxm_execute_ursa_signed_char_unsigned_short_unsigned_char_unsigned_short_i_28, i20 %mxm_execute_ursa_signed_char_unsigned_short_unsigned_char_unsigned_short_i_27, i20 %mxm_execute_ursa_signed_char_unsigned_short_unsigned_char_unsigned_short_i_26, i20 %mxm_execute_ursa_signed_char_unsigned_short_unsigned_char_unsigned_short_i_25, i20 %mxm_execute_ursa_signed_char_unsigned_short_unsigned_char_unsigned_short_i_24, i20 %mxm_execute_ursa_signed_char_unsigned_short_unsigned_char_unsigned_short_i_23, i20 %mxm_execute_ursa_signed_char_unsigned_short_unsigned_char_unsigned_short_i_22, i20 %mxm_execute_ursa_signed_char_unsigned_short_unsigned_char_unsigned_short_i_21, i20 %mxm_execute_ursa_signed_char_unsigned_short_unsigned_char_unsigned_short_i_20, i20 %mxm_execute_ursa_signed_char_unsigned_short_unsigned_char_unsigned_short_i_19, i20 %mxm_execute_ursa_signed_char_unsigned_short_unsigned_char_unsigned_short_i_18, i20 %mxm_execute_ursa_signed_char_unsigned_short_unsigned_char_unsigned_short_i_17, i20 %mxm_execute_ursa_signed_char_unsigned_short_unsigned_char_unsigned_short_i_16, i20 %mxm_execute_ursa_signed_char_unsigned_short_unsigned_char_unsigned_short_i_15, i20 %mxm_execute_ursa_signed_char_unsigned_short_unsigned_char_unsigned_short_i_14, i20 %mxm_execute_ursa_signed_char_unsigned_short_unsigned_char_unsigned_short_i_13, i20 %mxm_execute_ursa_signed_char_unsigned_short_unsigned_char_unsigned_short_i_12, i20 %mxm_execute_ursa_signed_char_unsigned_short_unsigned_char_unsigned_short_i_11, i20 %mxm_execute_ursa_signed_char_unsigned_short_unsigned_char_unsigned_short_i_10, i20 %mxm_execute_ursa_signed_char_unsigned_short_unsigned_char_unsigned_short_i_9, i20 %mxm_execute_ursa_signed_char_unsigned_short_unsigned_char_unsigned_short_i_8, i20 %mxm_execute_ursa_signed_char_unsigned_short_unsigned_char_unsigned_short_i_7, i20 %mxm_execute_ursa_signed_char_unsigned_short_unsigned_char_unsigned_short_i_6, i20 %mxm_execute_ursa_signed_char_unsigned_short_unsigned_char_unsigned_short_i_5, i20 %mxm_execute_ursa_signed_char_unsigned_short_unsigned_char_unsigned_short_i_4, i20 %mxm_execute_ursa_signed_char_unsigned_short_unsigned_char_unsigned_short_i_3, i20 %mxm_execute_ursa_signed_char_unsigned_short_unsigned_char_unsigned_short_i_2, i20 %mxm_execute_ursa_signed_char_unsigned_short_unsigned_char_unsigned_short_i_1, i20 %mxm_execute_ursa_signed_char_unsigned_short_unsigned_char_unsigned_short_i" [/home/ulisses/Projects/ursa/src/core/shell.cpp:301]   --->   Operation 255 'call' 'call_ln301' <Predicate = true> <Delay = 0.00> <CoreType = "Generic">   --->   Core 0 '' <Latency = 0> <II = 1> <Delay = 1.00> <Generic> <Opcode : >

State 108 <SV = 107> <Delay = 0.00>
ST_108 : Operation 256 [27/70] (0.00ns)   --->   "%call_ln301 = call void @sa_store, i32 %ca, i32 %addr_sa_c, i16 %b0_q_read, i20 %mxm_execute_ursa_signed_char_unsigned_short_unsigned_char_unsigned_short_i_63, i20 %mxm_execute_ursa_signed_char_unsigned_short_unsigned_char_unsigned_short_i_62, i20 %mxm_execute_ursa_signed_char_unsigned_short_unsigned_char_unsigned_short_i_61, i20 %mxm_execute_ursa_signed_char_unsigned_short_unsigned_char_unsigned_short_i_60, i20 %mxm_execute_ursa_signed_char_unsigned_short_unsigned_char_unsigned_short_i_59, i20 %mxm_execute_ursa_signed_char_unsigned_short_unsigned_char_unsigned_short_i_58, i20 %mxm_execute_ursa_signed_char_unsigned_short_unsigned_char_unsigned_short_i_57, i20 %mxm_execute_ursa_signed_char_unsigned_short_unsigned_char_unsigned_short_i_56, i20 %mxm_execute_ursa_signed_char_unsigned_short_unsigned_char_unsigned_short_i_55, i20 %mxm_execute_ursa_signed_char_unsigned_short_unsigned_char_unsigned_short_i_54, i20 %mxm_execute_ursa_signed_char_unsigned_short_unsigned_char_unsigned_short_i_53, i20 %mxm_execute_ursa_signed_char_unsigned_short_unsigned_char_unsigned_short_i_52, i20 %mxm_execute_ursa_signed_char_unsigned_short_unsigned_char_unsigned_short_i_51, i20 %mxm_execute_ursa_signed_char_unsigned_short_unsigned_char_unsigned_short_i_50, i20 %mxm_execute_ursa_signed_char_unsigned_short_unsigned_char_unsigned_short_i_49, i20 %mxm_execute_ursa_signed_char_unsigned_short_unsigned_char_unsigned_short_i_48, i20 %mxm_execute_ursa_signed_char_unsigned_short_unsigned_char_unsigned_short_i_47, i20 %mxm_execute_ursa_signed_char_unsigned_short_unsigned_char_unsigned_short_i_46, i20 %mxm_execute_ursa_signed_char_unsigned_short_unsigned_char_unsigned_short_i_45, i20 %mxm_execute_ursa_signed_char_unsigned_short_unsigned_char_unsigned_short_i_44, i20 %mxm_execute_ursa_signed_char_unsigned_short_unsigned_char_unsigned_short_i_43, i20 %mxm_execute_ursa_signed_char_unsigned_short_unsigned_char_unsigned_short_i_42, i20 %mxm_execute_ursa_signed_char_unsigned_short_unsigned_char_unsigned_short_i_41, i20 %mxm_execute_ursa_signed_char_unsigned_short_unsigned_char_unsigned_short_i_40, i20 %mxm_execute_ursa_signed_char_unsigned_short_unsigned_char_unsigned_short_i_39, i20 %mxm_execute_ursa_signed_char_unsigned_short_unsigned_char_unsigned_short_i_38, i20 %mxm_execute_ursa_signed_char_unsigned_short_unsigned_char_unsigned_short_i_37, i20 %mxm_execute_ursa_signed_char_unsigned_short_unsigned_char_unsigned_short_i_36, i20 %mxm_execute_ursa_signed_char_unsigned_short_unsigned_char_unsigned_short_i_35, i20 %mxm_execute_ursa_signed_char_unsigned_short_unsigned_char_unsigned_short_i_34, i20 %mxm_execute_ursa_signed_char_unsigned_short_unsigned_char_unsigned_short_i_33, i20 %mxm_execute_ursa_signed_char_unsigned_short_unsigned_char_unsigned_short_i_32, i20 %mxm_execute_ursa_signed_char_unsigned_short_unsigned_char_unsigned_short_i_31, i20 %mxm_execute_ursa_signed_char_unsigned_short_unsigned_char_unsigned_short_i_30, i20 %mxm_execute_ursa_signed_char_unsigned_short_unsigned_char_unsigned_short_i_29, i20 %mxm_execute_ursa_signed_char_unsigned_short_unsigned_char_unsigned_short_i_28, i20 %mxm_execute_ursa_signed_char_unsigned_short_unsigned_char_unsigned_short_i_27, i20 %mxm_execute_ursa_signed_char_unsigned_short_unsigned_char_unsigned_short_i_26, i20 %mxm_execute_ursa_signed_char_unsigned_short_unsigned_char_unsigned_short_i_25, i20 %mxm_execute_ursa_signed_char_unsigned_short_unsigned_char_unsigned_short_i_24, i20 %mxm_execute_ursa_signed_char_unsigned_short_unsigned_char_unsigned_short_i_23, i20 %mxm_execute_ursa_signed_char_unsigned_short_unsigned_char_unsigned_short_i_22, i20 %mxm_execute_ursa_signed_char_unsigned_short_unsigned_char_unsigned_short_i_21, i20 %mxm_execute_ursa_signed_char_unsigned_short_unsigned_char_unsigned_short_i_20, i20 %mxm_execute_ursa_signed_char_unsigned_short_unsigned_char_unsigned_short_i_19, i20 %mxm_execute_ursa_signed_char_unsigned_short_unsigned_char_unsigned_short_i_18, i20 %mxm_execute_ursa_signed_char_unsigned_short_unsigned_char_unsigned_short_i_17, i20 %mxm_execute_ursa_signed_char_unsigned_short_unsigned_char_unsigned_short_i_16, i20 %mxm_execute_ursa_signed_char_unsigned_short_unsigned_char_unsigned_short_i_15, i20 %mxm_execute_ursa_signed_char_unsigned_short_unsigned_char_unsigned_short_i_14, i20 %mxm_execute_ursa_signed_char_unsigned_short_unsigned_char_unsigned_short_i_13, i20 %mxm_execute_ursa_signed_char_unsigned_short_unsigned_char_unsigned_short_i_12, i20 %mxm_execute_ursa_signed_char_unsigned_short_unsigned_char_unsigned_short_i_11, i20 %mxm_execute_ursa_signed_char_unsigned_short_unsigned_char_unsigned_short_i_10, i20 %mxm_execute_ursa_signed_char_unsigned_short_unsigned_char_unsigned_short_i_9, i20 %mxm_execute_ursa_signed_char_unsigned_short_unsigned_char_unsigned_short_i_8, i20 %mxm_execute_ursa_signed_char_unsigned_short_unsigned_char_unsigned_short_i_7, i20 %mxm_execute_ursa_signed_char_unsigned_short_unsigned_char_unsigned_short_i_6, i20 %mxm_execute_ursa_signed_char_unsigned_short_unsigned_char_unsigned_short_i_5, i20 %mxm_execute_ursa_signed_char_unsigned_short_unsigned_char_unsigned_short_i_4, i20 %mxm_execute_ursa_signed_char_unsigned_short_unsigned_char_unsigned_short_i_3, i20 %mxm_execute_ursa_signed_char_unsigned_short_unsigned_char_unsigned_short_i_2, i20 %mxm_execute_ursa_signed_char_unsigned_short_unsigned_char_unsigned_short_i_1, i20 %mxm_execute_ursa_signed_char_unsigned_short_unsigned_char_unsigned_short_i" [/home/ulisses/Projects/ursa/src/core/shell.cpp:301]   --->   Operation 256 'call' 'call_ln301' <Predicate = true> <Delay = 0.00> <CoreType = "Generic">   --->   Core 0 '' <Latency = 0> <II = 1> <Delay = 1.00> <Generic> <Opcode : >

State 109 <SV = 108> <Delay = 0.00>
ST_109 : Operation 257 [26/70] (0.00ns)   --->   "%call_ln301 = call void @sa_store, i32 %ca, i32 %addr_sa_c, i16 %b0_q_read, i20 %mxm_execute_ursa_signed_char_unsigned_short_unsigned_char_unsigned_short_i_63, i20 %mxm_execute_ursa_signed_char_unsigned_short_unsigned_char_unsigned_short_i_62, i20 %mxm_execute_ursa_signed_char_unsigned_short_unsigned_char_unsigned_short_i_61, i20 %mxm_execute_ursa_signed_char_unsigned_short_unsigned_char_unsigned_short_i_60, i20 %mxm_execute_ursa_signed_char_unsigned_short_unsigned_char_unsigned_short_i_59, i20 %mxm_execute_ursa_signed_char_unsigned_short_unsigned_char_unsigned_short_i_58, i20 %mxm_execute_ursa_signed_char_unsigned_short_unsigned_char_unsigned_short_i_57, i20 %mxm_execute_ursa_signed_char_unsigned_short_unsigned_char_unsigned_short_i_56, i20 %mxm_execute_ursa_signed_char_unsigned_short_unsigned_char_unsigned_short_i_55, i20 %mxm_execute_ursa_signed_char_unsigned_short_unsigned_char_unsigned_short_i_54, i20 %mxm_execute_ursa_signed_char_unsigned_short_unsigned_char_unsigned_short_i_53, i20 %mxm_execute_ursa_signed_char_unsigned_short_unsigned_char_unsigned_short_i_52, i20 %mxm_execute_ursa_signed_char_unsigned_short_unsigned_char_unsigned_short_i_51, i20 %mxm_execute_ursa_signed_char_unsigned_short_unsigned_char_unsigned_short_i_50, i20 %mxm_execute_ursa_signed_char_unsigned_short_unsigned_char_unsigned_short_i_49, i20 %mxm_execute_ursa_signed_char_unsigned_short_unsigned_char_unsigned_short_i_48, i20 %mxm_execute_ursa_signed_char_unsigned_short_unsigned_char_unsigned_short_i_47, i20 %mxm_execute_ursa_signed_char_unsigned_short_unsigned_char_unsigned_short_i_46, i20 %mxm_execute_ursa_signed_char_unsigned_short_unsigned_char_unsigned_short_i_45, i20 %mxm_execute_ursa_signed_char_unsigned_short_unsigned_char_unsigned_short_i_44, i20 %mxm_execute_ursa_signed_char_unsigned_short_unsigned_char_unsigned_short_i_43, i20 %mxm_execute_ursa_signed_char_unsigned_short_unsigned_char_unsigned_short_i_42, i20 %mxm_execute_ursa_signed_char_unsigned_short_unsigned_char_unsigned_short_i_41, i20 %mxm_execute_ursa_signed_char_unsigned_short_unsigned_char_unsigned_short_i_40, i20 %mxm_execute_ursa_signed_char_unsigned_short_unsigned_char_unsigned_short_i_39, i20 %mxm_execute_ursa_signed_char_unsigned_short_unsigned_char_unsigned_short_i_38, i20 %mxm_execute_ursa_signed_char_unsigned_short_unsigned_char_unsigned_short_i_37, i20 %mxm_execute_ursa_signed_char_unsigned_short_unsigned_char_unsigned_short_i_36, i20 %mxm_execute_ursa_signed_char_unsigned_short_unsigned_char_unsigned_short_i_35, i20 %mxm_execute_ursa_signed_char_unsigned_short_unsigned_char_unsigned_short_i_34, i20 %mxm_execute_ursa_signed_char_unsigned_short_unsigned_char_unsigned_short_i_33, i20 %mxm_execute_ursa_signed_char_unsigned_short_unsigned_char_unsigned_short_i_32, i20 %mxm_execute_ursa_signed_char_unsigned_short_unsigned_char_unsigned_short_i_31, i20 %mxm_execute_ursa_signed_char_unsigned_short_unsigned_char_unsigned_short_i_30, i20 %mxm_execute_ursa_signed_char_unsigned_short_unsigned_char_unsigned_short_i_29, i20 %mxm_execute_ursa_signed_char_unsigned_short_unsigned_char_unsigned_short_i_28, i20 %mxm_execute_ursa_signed_char_unsigned_short_unsigned_char_unsigned_short_i_27, i20 %mxm_execute_ursa_signed_char_unsigned_short_unsigned_char_unsigned_short_i_26, i20 %mxm_execute_ursa_signed_char_unsigned_short_unsigned_char_unsigned_short_i_25, i20 %mxm_execute_ursa_signed_char_unsigned_short_unsigned_char_unsigned_short_i_24, i20 %mxm_execute_ursa_signed_char_unsigned_short_unsigned_char_unsigned_short_i_23, i20 %mxm_execute_ursa_signed_char_unsigned_short_unsigned_char_unsigned_short_i_22, i20 %mxm_execute_ursa_signed_char_unsigned_short_unsigned_char_unsigned_short_i_21, i20 %mxm_execute_ursa_signed_char_unsigned_short_unsigned_char_unsigned_short_i_20, i20 %mxm_execute_ursa_signed_char_unsigned_short_unsigned_char_unsigned_short_i_19, i20 %mxm_execute_ursa_signed_char_unsigned_short_unsigned_char_unsigned_short_i_18, i20 %mxm_execute_ursa_signed_char_unsigned_short_unsigned_char_unsigned_short_i_17, i20 %mxm_execute_ursa_signed_char_unsigned_short_unsigned_char_unsigned_short_i_16, i20 %mxm_execute_ursa_signed_char_unsigned_short_unsigned_char_unsigned_short_i_15, i20 %mxm_execute_ursa_signed_char_unsigned_short_unsigned_char_unsigned_short_i_14, i20 %mxm_execute_ursa_signed_char_unsigned_short_unsigned_char_unsigned_short_i_13, i20 %mxm_execute_ursa_signed_char_unsigned_short_unsigned_char_unsigned_short_i_12, i20 %mxm_execute_ursa_signed_char_unsigned_short_unsigned_char_unsigned_short_i_11, i20 %mxm_execute_ursa_signed_char_unsigned_short_unsigned_char_unsigned_short_i_10, i20 %mxm_execute_ursa_signed_char_unsigned_short_unsigned_char_unsigned_short_i_9, i20 %mxm_execute_ursa_signed_char_unsigned_short_unsigned_char_unsigned_short_i_8, i20 %mxm_execute_ursa_signed_char_unsigned_short_unsigned_char_unsigned_short_i_7, i20 %mxm_execute_ursa_signed_char_unsigned_short_unsigned_char_unsigned_short_i_6, i20 %mxm_execute_ursa_signed_char_unsigned_short_unsigned_char_unsigned_short_i_5, i20 %mxm_execute_ursa_signed_char_unsigned_short_unsigned_char_unsigned_short_i_4, i20 %mxm_execute_ursa_signed_char_unsigned_short_unsigned_char_unsigned_short_i_3, i20 %mxm_execute_ursa_signed_char_unsigned_short_unsigned_char_unsigned_short_i_2, i20 %mxm_execute_ursa_signed_char_unsigned_short_unsigned_char_unsigned_short_i_1, i20 %mxm_execute_ursa_signed_char_unsigned_short_unsigned_char_unsigned_short_i" [/home/ulisses/Projects/ursa/src/core/shell.cpp:301]   --->   Operation 257 'call' 'call_ln301' <Predicate = true> <Delay = 0.00> <CoreType = "Generic">   --->   Core 0 '' <Latency = 0> <II = 1> <Delay = 1.00> <Generic> <Opcode : >

State 110 <SV = 109> <Delay = 0.00>
ST_110 : Operation 258 [25/70] (0.00ns)   --->   "%call_ln301 = call void @sa_store, i32 %ca, i32 %addr_sa_c, i16 %b0_q_read, i20 %mxm_execute_ursa_signed_char_unsigned_short_unsigned_char_unsigned_short_i_63, i20 %mxm_execute_ursa_signed_char_unsigned_short_unsigned_char_unsigned_short_i_62, i20 %mxm_execute_ursa_signed_char_unsigned_short_unsigned_char_unsigned_short_i_61, i20 %mxm_execute_ursa_signed_char_unsigned_short_unsigned_char_unsigned_short_i_60, i20 %mxm_execute_ursa_signed_char_unsigned_short_unsigned_char_unsigned_short_i_59, i20 %mxm_execute_ursa_signed_char_unsigned_short_unsigned_char_unsigned_short_i_58, i20 %mxm_execute_ursa_signed_char_unsigned_short_unsigned_char_unsigned_short_i_57, i20 %mxm_execute_ursa_signed_char_unsigned_short_unsigned_char_unsigned_short_i_56, i20 %mxm_execute_ursa_signed_char_unsigned_short_unsigned_char_unsigned_short_i_55, i20 %mxm_execute_ursa_signed_char_unsigned_short_unsigned_char_unsigned_short_i_54, i20 %mxm_execute_ursa_signed_char_unsigned_short_unsigned_char_unsigned_short_i_53, i20 %mxm_execute_ursa_signed_char_unsigned_short_unsigned_char_unsigned_short_i_52, i20 %mxm_execute_ursa_signed_char_unsigned_short_unsigned_char_unsigned_short_i_51, i20 %mxm_execute_ursa_signed_char_unsigned_short_unsigned_char_unsigned_short_i_50, i20 %mxm_execute_ursa_signed_char_unsigned_short_unsigned_char_unsigned_short_i_49, i20 %mxm_execute_ursa_signed_char_unsigned_short_unsigned_char_unsigned_short_i_48, i20 %mxm_execute_ursa_signed_char_unsigned_short_unsigned_char_unsigned_short_i_47, i20 %mxm_execute_ursa_signed_char_unsigned_short_unsigned_char_unsigned_short_i_46, i20 %mxm_execute_ursa_signed_char_unsigned_short_unsigned_char_unsigned_short_i_45, i20 %mxm_execute_ursa_signed_char_unsigned_short_unsigned_char_unsigned_short_i_44, i20 %mxm_execute_ursa_signed_char_unsigned_short_unsigned_char_unsigned_short_i_43, i20 %mxm_execute_ursa_signed_char_unsigned_short_unsigned_char_unsigned_short_i_42, i20 %mxm_execute_ursa_signed_char_unsigned_short_unsigned_char_unsigned_short_i_41, i20 %mxm_execute_ursa_signed_char_unsigned_short_unsigned_char_unsigned_short_i_40, i20 %mxm_execute_ursa_signed_char_unsigned_short_unsigned_char_unsigned_short_i_39, i20 %mxm_execute_ursa_signed_char_unsigned_short_unsigned_char_unsigned_short_i_38, i20 %mxm_execute_ursa_signed_char_unsigned_short_unsigned_char_unsigned_short_i_37, i20 %mxm_execute_ursa_signed_char_unsigned_short_unsigned_char_unsigned_short_i_36, i20 %mxm_execute_ursa_signed_char_unsigned_short_unsigned_char_unsigned_short_i_35, i20 %mxm_execute_ursa_signed_char_unsigned_short_unsigned_char_unsigned_short_i_34, i20 %mxm_execute_ursa_signed_char_unsigned_short_unsigned_char_unsigned_short_i_33, i20 %mxm_execute_ursa_signed_char_unsigned_short_unsigned_char_unsigned_short_i_32, i20 %mxm_execute_ursa_signed_char_unsigned_short_unsigned_char_unsigned_short_i_31, i20 %mxm_execute_ursa_signed_char_unsigned_short_unsigned_char_unsigned_short_i_30, i20 %mxm_execute_ursa_signed_char_unsigned_short_unsigned_char_unsigned_short_i_29, i20 %mxm_execute_ursa_signed_char_unsigned_short_unsigned_char_unsigned_short_i_28, i20 %mxm_execute_ursa_signed_char_unsigned_short_unsigned_char_unsigned_short_i_27, i20 %mxm_execute_ursa_signed_char_unsigned_short_unsigned_char_unsigned_short_i_26, i20 %mxm_execute_ursa_signed_char_unsigned_short_unsigned_char_unsigned_short_i_25, i20 %mxm_execute_ursa_signed_char_unsigned_short_unsigned_char_unsigned_short_i_24, i20 %mxm_execute_ursa_signed_char_unsigned_short_unsigned_char_unsigned_short_i_23, i20 %mxm_execute_ursa_signed_char_unsigned_short_unsigned_char_unsigned_short_i_22, i20 %mxm_execute_ursa_signed_char_unsigned_short_unsigned_char_unsigned_short_i_21, i20 %mxm_execute_ursa_signed_char_unsigned_short_unsigned_char_unsigned_short_i_20, i20 %mxm_execute_ursa_signed_char_unsigned_short_unsigned_char_unsigned_short_i_19, i20 %mxm_execute_ursa_signed_char_unsigned_short_unsigned_char_unsigned_short_i_18, i20 %mxm_execute_ursa_signed_char_unsigned_short_unsigned_char_unsigned_short_i_17, i20 %mxm_execute_ursa_signed_char_unsigned_short_unsigned_char_unsigned_short_i_16, i20 %mxm_execute_ursa_signed_char_unsigned_short_unsigned_char_unsigned_short_i_15, i20 %mxm_execute_ursa_signed_char_unsigned_short_unsigned_char_unsigned_short_i_14, i20 %mxm_execute_ursa_signed_char_unsigned_short_unsigned_char_unsigned_short_i_13, i20 %mxm_execute_ursa_signed_char_unsigned_short_unsigned_char_unsigned_short_i_12, i20 %mxm_execute_ursa_signed_char_unsigned_short_unsigned_char_unsigned_short_i_11, i20 %mxm_execute_ursa_signed_char_unsigned_short_unsigned_char_unsigned_short_i_10, i20 %mxm_execute_ursa_signed_char_unsigned_short_unsigned_char_unsigned_short_i_9, i20 %mxm_execute_ursa_signed_char_unsigned_short_unsigned_char_unsigned_short_i_8, i20 %mxm_execute_ursa_signed_char_unsigned_short_unsigned_char_unsigned_short_i_7, i20 %mxm_execute_ursa_signed_char_unsigned_short_unsigned_char_unsigned_short_i_6, i20 %mxm_execute_ursa_signed_char_unsigned_short_unsigned_char_unsigned_short_i_5, i20 %mxm_execute_ursa_signed_char_unsigned_short_unsigned_char_unsigned_short_i_4, i20 %mxm_execute_ursa_signed_char_unsigned_short_unsigned_char_unsigned_short_i_3, i20 %mxm_execute_ursa_signed_char_unsigned_short_unsigned_char_unsigned_short_i_2, i20 %mxm_execute_ursa_signed_char_unsigned_short_unsigned_char_unsigned_short_i_1, i20 %mxm_execute_ursa_signed_char_unsigned_short_unsigned_char_unsigned_short_i" [/home/ulisses/Projects/ursa/src/core/shell.cpp:301]   --->   Operation 258 'call' 'call_ln301' <Predicate = true> <Delay = 0.00> <CoreType = "Generic">   --->   Core 0 '' <Latency = 0> <II = 1> <Delay = 1.00> <Generic> <Opcode : >

State 111 <SV = 110> <Delay = 0.00>
ST_111 : Operation 259 [24/70] (0.00ns)   --->   "%call_ln301 = call void @sa_store, i32 %ca, i32 %addr_sa_c, i16 %b0_q_read, i20 %mxm_execute_ursa_signed_char_unsigned_short_unsigned_char_unsigned_short_i_63, i20 %mxm_execute_ursa_signed_char_unsigned_short_unsigned_char_unsigned_short_i_62, i20 %mxm_execute_ursa_signed_char_unsigned_short_unsigned_char_unsigned_short_i_61, i20 %mxm_execute_ursa_signed_char_unsigned_short_unsigned_char_unsigned_short_i_60, i20 %mxm_execute_ursa_signed_char_unsigned_short_unsigned_char_unsigned_short_i_59, i20 %mxm_execute_ursa_signed_char_unsigned_short_unsigned_char_unsigned_short_i_58, i20 %mxm_execute_ursa_signed_char_unsigned_short_unsigned_char_unsigned_short_i_57, i20 %mxm_execute_ursa_signed_char_unsigned_short_unsigned_char_unsigned_short_i_56, i20 %mxm_execute_ursa_signed_char_unsigned_short_unsigned_char_unsigned_short_i_55, i20 %mxm_execute_ursa_signed_char_unsigned_short_unsigned_char_unsigned_short_i_54, i20 %mxm_execute_ursa_signed_char_unsigned_short_unsigned_char_unsigned_short_i_53, i20 %mxm_execute_ursa_signed_char_unsigned_short_unsigned_char_unsigned_short_i_52, i20 %mxm_execute_ursa_signed_char_unsigned_short_unsigned_char_unsigned_short_i_51, i20 %mxm_execute_ursa_signed_char_unsigned_short_unsigned_char_unsigned_short_i_50, i20 %mxm_execute_ursa_signed_char_unsigned_short_unsigned_char_unsigned_short_i_49, i20 %mxm_execute_ursa_signed_char_unsigned_short_unsigned_char_unsigned_short_i_48, i20 %mxm_execute_ursa_signed_char_unsigned_short_unsigned_char_unsigned_short_i_47, i20 %mxm_execute_ursa_signed_char_unsigned_short_unsigned_char_unsigned_short_i_46, i20 %mxm_execute_ursa_signed_char_unsigned_short_unsigned_char_unsigned_short_i_45, i20 %mxm_execute_ursa_signed_char_unsigned_short_unsigned_char_unsigned_short_i_44, i20 %mxm_execute_ursa_signed_char_unsigned_short_unsigned_char_unsigned_short_i_43, i20 %mxm_execute_ursa_signed_char_unsigned_short_unsigned_char_unsigned_short_i_42, i20 %mxm_execute_ursa_signed_char_unsigned_short_unsigned_char_unsigned_short_i_41, i20 %mxm_execute_ursa_signed_char_unsigned_short_unsigned_char_unsigned_short_i_40, i20 %mxm_execute_ursa_signed_char_unsigned_short_unsigned_char_unsigned_short_i_39, i20 %mxm_execute_ursa_signed_char_unsigned_short_unsigned_char_unsigned_short_i_38, i20 %mxm_execute_ursa_signed_char_unsigned_short_unsigned_char_unsigned_short_i_37, i20 %mxm_execute_ursa_signed_char_unsigned_short_unsigned_char_unsigned_short_i_36, i20 %mxm_execute_ursa_signed_char_unsigned_short_unsigned_char_unsigned_short_i_35, i20 %mxm_execute_ursa_signed_char_unsigned_short_unsigned_char_unsigned_short_i_34, i20 %mxm_execute_ursa_signed_char_unsigned_short_unsigned_char_unsigned_short_i_33, i20 %mxm_execute_ursa_signed_char_unsigned_short_unsigned_char_unsigned_short_i_32, i20 %mxm_execute_ursa_signed_char_unsigned_short_unsigned_char_unsigned_short_i_31, i20 %mxm_execute_ursa_signed_char_unsigned_short_unsigned_char_unsigned_short_i_30, i20 %mxm_execute_ursa_signed_char_unsigned_short_unsigned_char_unsigned_short_i_29, i20 %mxm_execute_ursa_signed_char_unsigned_short_unsigned_char_unsigned_short_i_28, i20 %mxm_execute_ursa_signed_char_unsigned_short_unsigned_char_unsigned_short_i_27, i20 %mxm_execute_ursa_signed_char_unsigned_short_unsigned_char_unsigned_short_i_26, i20 %mxm_execute_ursa_signed_char_unsigned_short_unsigned_char_unsigned_short_i_25, i20 %mxm_execute_ursa_signed_char_unsigned_short_unsigned_char_unsigned_short_i_24, i20 %mxm_execute_ursa_signed_char_unsigned_short_unsigned_char_unsigned_short_i_23, i20 %mxm_execute_ursa_signed_char_unsigned_short_unsigned_char_unsigned_short_i_22, i20 %mxm_execute_ursa_signed_char_unsigned_short_unsigned_char_unsigned_short_i_21, i20 %mxm_execute_ursa_signed_char_unsigned_short_unsigned_char_unsigned_short_i_20, i20 %mxm_execute_ursa_signed_char_unsigned_short_unsigned_char_unsigned_short_i_19, i20 %mxm_execute_ursa_signed_char_unsigned_short_unsigned_char_unsigned_short_i_18, i20 %mxm_execute_ursa_signed_char_unsigned_short_unsigned_char_unsigned_short_i_17, i20 %mxm_execute_ursa_signed_char_unsigned_short_unsigned_char_unsigned_short_i_16, i20 %mxm_execute_ursa_signed_char_unsigned_short_unsigned_char_unsigned_short_i_15, i20 %mxm_execute_ursa_signed_char_unsigned_short_unsigned_char_unsigned_short_i_14, i20 %mxm_execute_ursa_signed_char_unsigned_short_unsigned_char_unsigned_short_i_13, i20 %mxm_execute_ursa_signed_char_unsigned_short_unsigned_char_unsigned_short_i_12, i20 %mxm_execute_ursa_signed_char_unsigned_short_unsigned_char_unsigned_short_i_11, i20 %mxm_execute_ursa_signed_char_unsigned_short_unsigned_char_unsigned_short_i_10, i20 %mxm_execute_ursa_signed_char_unsigned_short_unsigned_char_unsigned_short_i_9, i20 %mxm_execute_ursa_signed_char_unsigned_short_unsigned_char_unsigned_short_i_8, i20 %mxm_execute_ursa_signed_char_unsigned_short_unsigned_char_unsigned_short_i_7, i20 %mxm_execute_ursa_signed_char_unsigned_short_unsigned_char_unsigned_short_i_6, i20 %mxm_execute_ursa_signed_char_unsigned_short_unsigned_char_unsigned_short_i_5, i20 %mxm_execute_ursa_signed_char_unsigned_short_unsigned_char_unsigned_short_i_4, i20 %mxm_execute_ursa_signed_char_unsigned_short_unsigned_char_unsigned_short_i_3, i20 %mxm_execute_ursa_signed_char_unsigned_short_unsigned_char_unsigned_short_i_2, i20 %mxm_execute_ursa_signed_char_unsigned_short_unsigned_char_unsigned_short_i_1, i20 %mxm_execute_ursa_signed_char_unsigned_short_unsigned_char_unsigned_short_i" [/home/ulisses/Projects/ursa/src/core/shell.cpp:301]   --->   Operation 259 'call' 'call_ln301' <Predicate = true> <Delay = 0.00> <CoreType = "Generic">   --->   Core 0 '' <Latency = 0> <II = 1> <Delay = 1.00> <Generic> <Opcode : >

State 112 <SV = 111> <Delay = 0.00>
ST_112 : Operation 260 [23/70] (0.00ns)   --->   "%call_ln301 = call void @sa_store, i32 %ca, i32 %addr_sa_c, i16 %b0_q_read, i20 %mxm_execute_ursa_signed_char_unsigned_short_unsigned_char_unsigned_short_i_63, i20 %mxm_execute_ursa_signed_char_unsigned_short_unsigned_char_unsigned_short_i_62, i20 %mxm_execute_ursa_signed_char_unsigned_short_unsigned_char_unsigned_short_i_61, i20 %mxm_execute_ursa_signed_char_unsigned_short_unsigned_char_unsigned_short_i_60, i20 %mxm_execute_ursa_signed_char_unsigned_short_unsigned_char_unsigned_short_i_59, i20 %mxm_execute_ursa_signed_char_unsigned_short_unsigned_char_unsigned_short_i_58, i20 %mxm_execute_ursa_signed_char_unsigned_short_unsigned_char_unsigned_short_i_57, i20 %mxm_execute_ursa_signed_char_unsigned_short_unsigned_char_unsigned_short_i_56, i20 %mxm_execute_ursa_signed_char_unsigned_short_unsigned_char_unsigned_short_i_55, i20 %mxm_execute_ursa_signed_char_unsigned_short_unsigned_char_unsigned_short_i_54, i20 %mxm_execute_ursa_signed_char_unsigned_short_unsigned_char_unsigned_short_i_53, i20 %mxm_execute_ursa_signed_char_unsigned_short_unsigned_char_unsigned_short_i_52, i20 %mxm_execute_ursa_signed_char_unsigned_short_unsigned_char_unsigned_short_i_51, i20 %mxm_execute_ursa_signed_char_unsigned_short_unsigned_char_unsigned_short_i_50, i20 %mxm_execute_ursa_signed_char_unsigned_short_unsigned_char_unsigned_short_i_49, i20 %mxm_execute_ursa_signed_char_unsigned_short_unsigned_char_unsigned_short_i_48, i20 %mxm_execute_ursa_signed_char_unsigned_short_unsigned_char_unsigned_short_i_47, i20 %mxm_execute_ursa_signed_char_unsigned_short_unsigned_char_unsigned_short_i_46, i20 %mxm_execute_ursa_signed_char_unsigned_short_unsigned_char_unsigned_short_i_45, i20 %mxm_execute_ursa_signed_char_unsigned_short_unsigned_char_unsigned_short_i_44, i20 %mxm_execute_ursa_signed_char_unsigned_short_unsigned_char_unsigned_short_i_43, i20 %mxm_execute_ursa_signed_char_unsigned_short_unsigned_char_unsigned_short_i_42, i20 %mxm_execute_ursa_signed_char_unsigned_short_unsigned_char_unsigned_short_i_41, i20 %mxm_execute_ursa_signed_char_unsigned_short_unsigned_char_unsigned_short_i_40, i20 %mxm_execute_ursa_signed_char_unsigned_short_unsigned_char_unsigned_short_i_39, i20 %mxm_execute_ursa_signed_char_unsigned_short_unsigned_char_unsigned_short_i_38, i20 %mxm_execute_ursa_signed_char_unsigned_short_unsigned_char_unsigned_short_i_37, i20 %mxm_execute_ursa_signed_char_unsigned_short_unsigned_char_unsigned_short_i_36, i20 %mxm_execute_ursa_signed_char_unsigned_short_unsigned_char_unsigned_short_i_35, i20 %mxm_execute_ursa_signed_char_unsigned_short_unsigned_char_unsigned_short_i_34, i20 %mxm_execute_ursa_signed_char_unsigned_short_unsigned_char_unsigned_short_i_33, i20 %mxm_execute_ursa_signed_char_unsigned_short_unsigned_char_unsigned_short_i_32, i20 %mxm_execute_ursa_signed_char_unsigned_short_unsigned_char_unsigned_short_i_31, i20 %mxm_execute_ursa_signed_char_unsigned_short_unsigned_char_unsigned_short_i_30, i20 %mxm_execute_ursa_signed_char_unsigned_short_unsigned_char_unsigned_short_i_29, i20 %mxm_execute_ursa_signed_char_unsigned_short_unsigned_char_unsigned_short_i_28, i20 %mxm_execute_ursa_signed_char_unsigned_short_unsigned_char_unsigned_short_i_27, i20 %mxm_execute_ursa_signed_char_unsigned_short_unsigned_char_unsigned_short_i_26, i20 %mxm_execute_ursa_signed_char_unsigned_short_unsigned_char_unsigned_short_i_25, i20 %mxm_execute_ursa_signed_char_unsigned_short_unsigned_char_unsigned_short_i_24, i20 %mxm_execute_ursa_signed_char_unsigned_short_unsigned_char_unsigned_short_i_23, i20 %mxm_execute_ursa_signed_char_unsigned_short_unsigned_char_unsigned_short_i_22, i20 %mxm_execute_ursa_signed_char_unsigned_short_unsigned_char_unsigned_short_i_21, i20 %mxm_execute_ursa_signed_char_unsigned_short_unsigned_char_unsigned_short_i_20, i20 %mxm_execute_ursa_signed_char_unsigned_short_unsigned_char_unsigned_short_i_19, i20 %mxm_execute_ursa_signed_char_unsigned_short_unsigned_char_unsigned_short_i_18, i20 %mxm_execute_ursa_signed_char_unsigned_short_unsigned_char_unsigned_short_i_17, i20 %mxm_execute_ursa_signed_char_unsigned_short_unsigned_char_unsigned_short_i_16, i20 %mxm_execute_ursa_signed_char_unsigned_short_unsigned_char_unsigned_short_i_15, i20 %mxm_execute_ursa_signed_char_unsigned_short_unsigned_char_unsigned_short_i_14, i20 %mxm_execute_ursa_signed_char_unsigned_short_unsigned_char_unsigned_short_i_13, i20 %mxm_execute_ursa_signed_char_unsigned_short_unsigned_char_unsigned_short_i_12, i20 %mxm_execute_ursa_signed_char_unsigned_short_unsigned_char_unsigned_short_i_11, i20 %mxm_execute_ursa_signed_char_unsigned_short_unsigned_char_unsigned_short_i_10, i20 %mxm_execute_ursa_signed_char_unsigned_short_unsigned_char_unsigned_short_i_9, i20 %mxm_execute_ursa_signed_char_unsigned_short_unsigned_char_unsigned_short_i_8, i20 %mxm_execute_ursa_signed_char_unsigned_short_unsigned_char_unsigned_short_i_7, i20 %mxm_execute_ursa_signed_char_unsigned_short_unsigned_char_unsigned_short_i_6, i20 %mxm_execute_ursa_signed_char_unsigned_short_unsigned_char_unsigned_short_i_5, i20 %mxm_execute_ursa_signed_char_unsigned_short_unsigned_char_unsigned_short_i_4, i20 %mxm_execute_ursa_signed_char_unsigned_short_unsigned_char_unsigned_short_i_3, i20 %mxm_execute_ursa_signed_char_unsigned_short_unsigned_char_unsigned_short_i_2, i20 %mxm_execute_ursa_signed_char_unsigned_short_unsigned_char_unsigned_short_i_1, i20 %mxm_execute_ursa_signed_char_unsigned_short_unsigned_char_unsigned_short_i" [/home/ulisses/Projects/ursa/src/core/shell.cpp:301]   --->   Operation 260 'call' 'call_ln301' <Predicate = true> <Delay = 0.00> <CoreType = "Generic">   --->   Core 0 '' <Latency = 0> <II = 1> <Delay = 1.00> <Generic> <Opcode : >

State 113 <SV = 112> <Delay = 0.00>
ST_113 : Operation 261 [22/70] (0.00ns)   --->   "%call_ln301 = call void @sa_store, i32 %ca, i32 %addr_sa_c, i16 %b0_q_read, i20 %mxm_execute_ursa_signed_char_unsigned_short_unsigned_char_unsigned_short_i_63, i20 %mxm_execute_ursa_signed_char_unsigned_short_unsigned_char_unsigned_short_i_62, i20 %mxm_execute_ursa_signed_char_unsigned_short_unsigned_char_unsigned_short_i_61, i20 %mxm_execute_ursa_signed_char_unsigned_short_unsigned_char_unsigned_short_i_60, i20 %mxm_execute_ursa_signed_char_unsigned_short_unsigned_char_unsigned_short_i_59, i20 %mxm_execute_ursa_signed_char_unsigned_short_unsigned_char_unsigned_short_i_58, i20 %mxm_execute_ursa_signed_char_unsigned_short_unsigned_char_unsigned_short_i_57, i20 %mxm_execute_ursa_signed_char_unsigned_short_unsigned_char_unsigned_short_i_56, i20 %mxm_execute_ursa_signed_char_unsigned_short_unsigned_char_unsigned_short_i_55, i20 %mxm_execute_ursa_signed_char_unsigned_short_unsigned_char_unsigned_short_i_54, i20 %mxm_execute_ursa_signed_char_unsigned_short_unsigned_char_unsigned_short_i_53, i20 %mxm_execute_ursa_signed_char_unsigned_short_unsigned_char_unsigned_short_i_52, i20 %mxm_execute_ursa_signed_char_unsigned_short_unsigned_char_unsigned_short_i_51, i20 %mxm_execute_ursa_signed_char_unsigned_short_unsigned_char_unsigned_short_i_50, i20 %mxm_execute_ursa_signed_char_unsigned_short_unsigned_char_unsigned_short_i_49, i20 %mxm_execute_ursa_signed_char_unsigned_short_unsigned_char_unsigned_short_i_48, i20 %mxm_execute_ursa_signed_char_unsigned_short_unsigned_char_unsigned_short_i_47, i20 %mxm_execute_ursa_signed_char_unsigned_short_unsigned_char_unsigned_short_i_46, i20 %mxm_execute_ursa_signed_char_unsigned_short_unsigned_char_unsigned_short_i_45, i20 %mxm_execute_ursa_signed_char_unsigned_short_unsigned_char_unsigned_short_i_44, i20 %mxm_execute_ursa_signed_char_unsigned_short_unsigned_char_unsigned_short_i_43, i20 %mxm_execute_ursa_signed_char_unsigned_short_unsigned_char_unsigned_short_i_42, i20 %mxm_execute_ursa_signed_char_unsigned_short_unsigned_char_unsigned_short_i_41, i20 %mxm_execute_ursa_signed_char_unsigned_short_unsigned_char_unsigned_short_i_40, i20 %mxm_execute_ursa_signed_char_unsigned_short_unsigned_char_unsigned_short_i_39, i20 %mxm_execute_ursa_signed_char_unsigned_short_unsigned_char_unsigned_short_i_38, i20 %mxm_execute_ursa_signed_char_unsigned_short_unsigned_char_unsigned_short_i_37, i20 %mxm_execute_ursa_signed_char_unsigned_short_unsigned_char_unsigned_short_i_36, i20 %mxm_execute_ursa_signed_char_unsigned_short_unsigned_char_unsigned_short_i_35, i20 %mxm_execute_ursa_signed_char_unsigned_short_unsigned_char_unsigned_short_i_34, i20 %mxm_execute_ursa_signed_char_unsigned_short_unsigned_char_unsigned_short_i_33, i20 %mxm_execute_ursa_signed_char_unsigned_short_unsigned_char_unsigned_short_i_32, i20 %mxm_execute_ursa_signed_char_unsigned_short_unsigned_char_unsigned_short_i_31, i20 %mxm_execute_ursa_signed_char_unsigned_short_unsigned_char_unsigned_short_i_30, i20 %mxm_execute_ursa_signed_char_unsigned_short_unsigned_char_unsigned_short_i_29, i20 %mxm_execute_ursa_signed_char_unsigned_short_unsigned_char_unsigned_short_i_28, i20 %mxm_execute_ursa_signed_char_unsigned_short_unsigned_char_unsigned_short_i_27, i20 %mxm_execute_ursa_signed_char_unsigned_short_unsigned_char_unsigned_short_i_26, i20 %mxm_execute_ursa_signed_char_unsigned_short_unsigned_char_unsigned_short_i_25, i20 %mxm_execute_ursa_signed_char_unsigned_short_unsigned_char_unsigned_short_i_24, i20 %mxm_execute_ursa_signed_char_unsigned_short_unsigned_char_unsigned_short_i_23, i20 %mxm_execute_ursa_signed_char_unsigned_short_unsigned_char_unsigned_short_i_22, i20 %mxm_execute_ursa_signed_char_unsigned_short_unsigned_char_unsigned_short_i_21, i20 %mxm_execute_ursa_signed_char_unsigned_short_unsigned_char_unsigned_short_i_20, i20 %mxm_execute_ursa_signed_char_unsigned_short_unsigned_char_unsigned_short_i_19, i20 %mxm_execute_ursa_signed_char_unsigned_short_unsigned_char_unsigned_short_i_18, i20 %mxm_execute_ursa_signed_char_unsigned_short_unsigned_char_unsigned_short_i_17, i20 %mxm_execute_ursa_signed_char_unsigned_short_unsigned_char_unsigned_short_i_16, i20 %mxm_execute_ursa_signed_char_unsigned_short_unsigned_char_unsigned_short_i_15, i20 %mxm_execute_ursa_signed_char_unsigned_short_unsigned_char_unsigned_short_i_14, i20 %mxm_execute_ursa_signed_char_unsigned_short_unsigned_char_unsigned_short_i_13, i20 %mxm_execute_ursa_signed_char_unsigned_short_unsigned_char_unsigned_short_i_12, i20 %mxm_execute_ursa_signed_char_unsigned_short_unsigned_char_unsigned_short_i_11, i20 %mxm_execute_ursa_signed_char_unsigned_short_unsigned_char_unsigned_short_i_10, i20 %mxm_execute_ursa_signed_char_unsigned_short_unsigned_char_unsigned_short_i_9, i20 %mxm_execute_ursa_signed_char_unsigned_short_unsigned_char_unsigned_short_i_8, i20 %mxm_execute_ursa_signed_char_unsigned_short_unsigned_char_unsigned_short_i_7, i20 %mxm_execute_ursa_signed_char_unsigned_short_unsigned_char_unsigned_short_i_6, i20 %mxm_execute_ursa_signed_char_unsigned_short_unsigned_char_unsigned_short_i_5, i20 %mxm_execute_ursa_signed_char_unsigned_short_unsigned_char_unsigned_short_i_4, i20 %mxm_execute_ursa_signed_char_unsigned_short_unsigned_char_unsigned_short_i_3, i20 %mxm_execute_ursa_signed_char_unsigned_short_unsigned_char_unsigned_short_i_2, i20 %mxm_execute_ursa_signed_char_unsigned_short_unsigned_char_unsigned_short_i_1, i20 %mxm_execute_ursa_signed_char_unsigned_short_unsigned_char_unsigned_short_i" [/home/ulisses/Projects/ursa/src/core/shell.cpp:301]   --->   Operation 261 'call' 'call_ln301' <Predicate = true> <Delay = 0.00> <CoreType = "Generic">   --->   Core 0 '' <Latency = 0> <II = 1> <Delay = 1.00> <Generic> <Opcode : >

State 114 <SV = 113> <Delay = 0.00>
ST_114 : Operation 262 [21/70] (0.00ns)   --->   "%call_ln301 = call void @sa_store, i32 %ca, i32 %addr_sa_c, i16 %b0_q_read, i20 %mxm_execute_ursa_signed_char_unsigned_short_unsigned_char_unsigned_short_i_63, i20 %mxm_execute_ursa_signed_char_unsigned_short_unsigned_char_unsigned_short_i_62, i20 %mxm_execute_ursa_signed_char_unsigned_short_unsigned_char_unsigned_short_i_61, i20 %mxm_execute_ursa_signed_char_unsigned_short_unsigned_char_unsigned_short_i_60, i20 %mxm_execute_ursa_signed_char_unsigned_short_unsigned_char_unsigned_short_i_59, i20 %mxm_execute_ursa_signed_char_unsigned_short_unsigned_char_unsigned_short_i_58, i20 %mxm_execute_ursa_signed_char_unsigned_short_unsigned_char_unsigned_short_i_57, i20 %mxm_execute_ursa_signed_char_unsigned_short_unsigned_char_unsigned_short_i_56, i20 %mxm_execute_ursa_signed_char_unsigned_short_unsigned_char_unsigned_short_i_55, i20 %mxm_execute_ursa_signed_char_unsigned_short_unsigned_char_unsigned_short_i_54, i20 %mxm_execute_ursa_signed_char_unsigned_short_unsigned_char_unsigned_short_i_53, i20 %mxm_execute_ursa_signed_char_unsigned_short_unsigned_char_unsigned_short_i_52, i20 %mxm_execute_ursa_signed_char_unsigned_short_unsigned_char_unsigned_short_i_51, i20 %mxm_execute_ursa_signed_char_unsigned_short_unsigned_char_unsigned_short_i_50, i20 %mxm_execute_ursa_signed_char_unsigned_short_unsigned_char_unsigned_short_i_49, i20 %mxm_execute_ursa_signed_char_unsigned_short_unsigned_char_unsigned_short_i_48, i20 %mxm_execute_ursa_signed_char_unsigned_short_unsigned_char_unsigned_short_i_47, i20 %mxm_execute_ursa_signed_char_unsigned_short_unsigned_char_unsigned_short_i_46, i20 %mxm_execute_ursa_signed_char_unsigned_short_unsigned_char_unsigned_short_i_45, i20 %mxm_execute_ursa_signed_char_unsigned_short_unsigned_char_unsigned_short_i_44, i20 %mxm_execute_ursa_signed_char_unsigned_short_unsigned_char_unsigned_short_i_43, i20 %mxm_execute_ursa_signed_char_unsigned_short_unsigned_char_unsigned_short_i_42, i20 %mxm_execute_ursa_signed_char_unsigned_short_unsigned_char_unsigned_short_i_41, i20 %mxm_execute_ursa_signed_char_unsigned_short_unsigned_char_unsigned_short_i_40, i20 %mxm_execute_ursa_signed_char_unsigned_short_unsigned_char_unsigned_short_i_39, i20 %mxm_execute_ursa_signed_char_unsigned_short_unsigned_char_unsigned_short_i_38, i20 %mxm_execute_ursa_signed_char_unsigned_short_unsigned_char_unsigned_short_i_37, i20 %mxm_execute_ursa_signed_char_unsigned_short_unsigned_char_unsigned_short_i_36, i20 %mxm_execute_ursa_signed_char_unsigned_short_unsigned_char_unsigned_short_i_35, i20 %mxm_execute_ursa_signed_char_unsigned_short_unsigned_char_unsigned_short_i_34, i20 %mxm_execute_ursa_signed_char_unsigned_short_unsigned_char_unsigned_short_i_33, i20 %mxm_execute_ursa_signed_char_unsigned_short_unsigned_char_unsigned_short_i_32, i20 %mxm_execute_ursa_signed_char_unsigned_short_unsigned_char_unsigned_short_i_31, i20 %mxm_execute_ursa_signed_char_unsigned_short_unsigned_char_unsigned_short_i_30, i20 %mxm_execute_ursa_signed_char_unsigned_short_unsigned_char_unsigned_short_i_29, i20 %mxm_execute_ursa_signed_char_unsigned_short_unsigned_char_unsigned_short_i_28, i20 %mxm_execute_ursa_signed_char_unsigned_short_unsigned_char_unsigned_short_i_27, i20 %mxm_execute_ursa_signed_char_unsigned_short_unsigned_char_unsigned_short_i_26, i20 %mxm_execute_ursa_signed_char_unsigned_short_unsigned_char_unsigned_short_i_25, i20 %mxm_execute_ursa_signed_char_unsigned_short_unsigned_char_unsigned_short_i_24, i20 %mxm_execute_ursa_signed_char_unsigned_short_unsigned_char_unsigned_short_i_23, i20 %mxm_execute_ursa_signed_char_unsigned_short_unsigned_char_unsigned_short_i_22, i20 %mxm_execute_ursa_signed_char_unsigned_short_unsigned_char_unsigned_short_i_21, i20 %mxm_execute_ursa_signed_char_unsigned_short_unsigned_char_unsigned_short_i_20, i20 %mxm_execute_ursa_signed_char_unsigned_short_unsigned_char_unsigned_short_i_19, i20 %mxm_execute_ursa_signed_char_unsigned_short_unsigned_char_unsigned_short_i_18, i20 %mxm_execute_ursa_signed_char_unsigned_short_unsigned_char_unsigned_short_i_17, i20 %mxm_execute_ursa_signed_char_unsigned_short_unsigned_char_unsigned_short_i_16, i20 %mxm_execute_ursa_signed_char_unsigned_short_unsigned_char_unsigned_short_i_15, i20 %mxm_execute_ursa_signed_char_unsigned_short_unsigned_char_unsigned_short_i_14, i20 %mxm_execute_ursa_signed_char_unsigned_short_unsigned_char_unsigned_short_i_13, i20 %mxm_execute_ursa_signed_char_unsigned_short_unsigned_char_unsigned_short_i_12, i20 %mxm_execute_ursa_signed_char_unsigned_short_unsigned_char_unsigned_short_i_11, i20 %mxm_execute_ursa_signed_char_unsigned_short_unsigned_char_unsigned_short_i_10, i20 %mxm_execute_ursa_signed_char_unsigned_short_unsigned_char_unsigned_short_i_9, i20 %mxm_execute_ursa_signed_char_unsigned_short_unsigned_char_unsigned_short_i_8, i20 %mxm_execute_ursa_signed_char_unsigned_short_unsigned_char_unsigned_short_i_7, i20 %mxm_execute_ursa_signed_char_unsigned_short_unsigned_char_unsigned_short_i_6, i20 %mxm_execute_ursa_signed_char_unsigned_short_unsigned_char_unsigned_short_i_5, i20 %mxm_execute_ursa_signed_char_unsigned_short_unsigned_char_unsigned_short_i_4, i20 %mxm_execute_ursa_signed_char_unsigned_short_unsigned_char_unsigned_short_i_3, i20 %mxm_execute_ursa_signed_char_unsigned_short_unsigned_char_unsigned_short_i_2, i20 %mxm_execute_ursa_signed_char_unsigned_short_unsigned_char_unsigned_short_i_1, i20 %mxm_execute_ursa_signed_char_unsigned_short_unsigned_char_unsigned_short_i" [/home/ulisses/Projects/ursa/src/core/shell.cpp:301]   --->   Operation 262 'call' 'call_ln301' <Predicate = true> <Delay = 0.00> <CoreType = "Generic">   --->   Core 0 '' <Latency = 0> <II = 1> <Delay = 1.00> <Generic> <Opcode : >

State 115 <SV = 114> <Delay = 0.00>
ST_115 : Operation 263 [20/70] (0.00ns)   --->   "%call_ln301 = call void @sa_store, i32 %ca, i32 %addr_sa_c, i16 %b0_q_read, i20 %mxm_execute_ursa_signed_char_unsigned_short_unsigned_char_unsigned_short_i_63, i20 %mxm_execute_ursa_signed_char_unsigned_short_unsigned_char_unsigned_short_i_62, i20 %mxm_execute_ursa_signed_char_unsigned_short_unsigned_char_unsigned_short_i_61, i20 %mxm_execute_ursa_signed_char_unsigned_short_unsigned_char_unsigned_short_i_60, i20 %mxm_execute_ursa_signed_char_unsigned_short_unsigned_char_unsigned_short_i_59, i20 %mxm_execute_ursa_signed_char_unsigned_short_unsigned_char_unsigned_short_i_58, i20 %mxm_execute_ursa_signed_char_unsigned_short_unsigned_char_unsigned_short_i_57, i20 %mxm_execute_ursa_signed_char_unsigned_short_unsigned_char_unsigned_short_i_56, i20 %mxm_execute_ursa_signed_char_unsigned_short_unsigned_char_unsigned_short_i_55, i20 %mxm_execute_ursa_signed_char_unsigned_short_unsigned_char_unsigned_short_i_54, i20 %mxm_execute_ursa_signed_char_unsigned_short_unsigned_char_unsigned_short_i_53, i20 %mxm_execute_ursa_signed_char_unsigned_short_unsigned_char_unsigned_short_i_52, i20 %mxm_execute_ursa_signed_char_unsigned_short_unsigned_char_unsigned_short_i_51, i20 %mxm_execute_ursa_signed_char_unsigned_short_unsigned_char_unsigned_short_i_50, i20 %mxm_execute_ursa_signed_char_unsigned_short_unsigned_char_unsigned_short_i_49, i20 %mxm_execute_ursa_signed_char_unsigned_short_unsigned_char_unsigned_short_i_48, i20 %mxm_execute_ursa_signed_char_unsigned_short_unsigned_char_unsigned_short_i_47, i20 %mxm_execute_ursa_signed_char_unsigned_short_unsigned_char_unsigned_short_i_46, i20 %mxm_execute_ursa_signed_char_unsigned_short_unsigned_char_unsigned_short_i_45, i20 %mxm_execute_ursa_signed_char_unsigned_short_unsigned_char_unsigned_short_i_44, i20 %mxm_execute_ursa_signed_char_unsigned_short_unsigned_char_unsigned_short_i_43, i20 %mxm_execute_ursa_signed_char_unsigned_short_unsigned_char_unsigned_short_i_42, i20 %mxm_execute_ursa_signed_char_unsigned_short_unsigned_char_unsigned_short_i_41, i20 %mxm_execute_ursa_signed_char_unsigned_short_unsigned_char_unsigned_short_i_40, i20 %mxm_execute_ursa_signed_char_unsigned_short_unsigned_char_unsigned_short_i_39, i20 %mxm_execute_ursa_signed_char_unsigned_short_unsigned_char_unsigned_short_i_38, i20 %mxm_execute_ursa_signed_char_unsigned_short_unsigned_char_unsigned_short_i_37, i20 %mxm_execute_ursa_signed_char_unsigned_short_unsigned_char_unsigned_short_i_36, i20 %mxm_execute_ursa_signed_char_unsigned_short_unsigned_char_unsigned_short_i_35, i20 %mxm_execute_ursa_signed_char_unsigned_short_unsigned_char_unsigned_short_i_34, i20 %mxm_execute_ursa_signed_char_unsigned_short_unsigned_char_unsigned_short_i_33, i20 %mxm_execute_ursa_signed_char_unsigned_short_unsigned_char_unsigned_short_i_32, i20 %mxm_execute_ursa_signed_char_unsigned_short_unsigned_char_unsigned_short_i_31, i20 %mxm_execute_ursa_signed_char_unsigned_short_unsigned_char_unsigned_short_i_30, i20 %mxm_execute_ursa_signed_char_unsigned_short_unsigned_char_unsigned_short_i_29, i20 %mxm_execute_ursa_signed_char_unsigned_short_unsigned_char_unsigned_short_i_28, i20 %mxm_execute_ursa_signed_char_unsigned_short_unsigned_char_unsigned_short_i_27, i20 %mxm_execute_ursa_signed_char_unsigned_short_unsigned_char_unsigned_short_i_26, i20 %mxm_execute_ursa_signed_char_unsigned_short_unsigned_char_unsigned_short_i_25, i20 %mxm_execute_ursa_signed_char_unsigned_short_unsigned_char_unsigned_short_i_24, i20 %mxm_execute_ursa_signed_char_unsigned_short_unsigned_char_unsigned_short_i_23, i20 %mxm_execute_ursa_signed_char_unsigned_short_unsigned_char_unsigned_short_i_22, i20 %mxm_execute_ursa_signed_char_unsigned_short_unsigned_char_unsigned_short_i_21, i20 %mxm_execute_ursa_signed_char_unsigned_short_unsigned_char_unsigned_short_i_20, i20 %mxm_execute_ursa_signed_char_unsigned_short_unsigned_char_unsigned_short_i_19, i20 %mxm_execute_ursa_signed_char_unsigned_short_unsigned_char_unsigned_short_i_18, i20 %mxm_execute_ursa_signed_char_unsigned_short_unsigned_char_unsigned_short_i_17, i20 %mxm_execute_ursa_signed_char_unsigned_short_unsigned_char_unsigned_short_i_16, i20 %mxm_execute_ursa_signed_char_unsigned_short_unsigned_char_unsigned_short_i_15, i20 %mxm_execute_ursa_signed_char_unsigned_short_unsigned_char_unsigned_short_i_14, i20 %mxm_execute_ursa_signed_char_unsigned_short_unsigned_char_unsigned_short_i_13, i20 %mxm_execute_ursa_signed_char_unsigned_short_unsigned_char_unsigned_short_i_12, i20 %mxm_execute_ursa_signed_char_unsigned_short_unsigned_char_unsigned_short_i_11, i20 %mxm_execute_ursa_signed_char_unsigned_short_unsigned_char_unsigned_short_i_10, i20 %mxm_execute_ursa_signed_char_unsigned_short_unsigned_char_unsigned_short_i_9, i20 %mxm_execute_ursa_signed_char_unsigned_short_unsigned_char_unsigned_short_i_8, i20 %mxm_execute_ursa_signed_char_unsigned_short_unsigned_char_unsigned_short_i_7, i20 %mxm_execute_ursa_signed_char_unsigned_short_unsigned_char_unsigned_short_i_6, i20 %mxm_execute_ursa_signed_char_unsigned_short_unsigned_char_unsigned_short_i_5, i20 %mxm_execute_ursa_signed_char_unsigned_short_unsigned_char_unsigned_short_i_4, i20 %mxm_execute_ursa_signed_char_unsigned_short_unsigned_char_unsigned_short_i_3, i20 %mxm_execute_ursa_signed_char_unsigned_short_unsigned_char_unsigned_short_i_2, i20 %mxm_execute_ursa_signed_char_unsigned_short_unsigned_char_unsigned_short_i_1, i20 %mxm_execute_ursa_signed_char_unsigned_short_unsigned_char_unsigned_short_i" [/home/ulisses/Projects/ursa/src/core/shell.cpp:301]   --->   Operation 263 'call' 'call_ln301' <Predicate = true> <Delay = 0.00> <CoreType = "Generic">   --->   Core 0 '' <Latency = 0> <II = 1> <Delay = 1.00> <Generic> <Opcode : >

State 116 <SV = 115> <Delay = 0.00>
ST_116 : Operation 264 [19/70] (0.00ns)   --->   "%call_ln301 = call void @sa_store, i32 %ca, i32 %addr_sa_c, i16 %b0_q_read, i20 %mxm_execute_ursa_signed_char_unsigned_short_unsigned_char_unsigned_short_i_63, i20 %mxm_execute_ursa_signed_char_unsigned_short_unsigned_char_unsigned_short_i_62, i20 %mxm_execute_ursa_signed_char_unsigned_short_unsigned_char_unsigned_short_i_61, i20 %mxm_execute_ursa_signed_char_unsigned_short_unsigned_char_unsigned_short_i_60, i20 %mxm_execute_ursa_signed_char_unsigned_short_unsigned_char_unsigned_short_i_59, i20 %mxm_execute_ursa_signed_char_unsigned_short_unsigned_char_unsigned_short_i_58, i20 %mxm_execute_ursa_signed_char_unsigned_short_unsigned_char_unsigned_short_i_57, i20 %mxm_execute_ursa_signed_char_unsigned_short_unsigned_char_unsigned_short_i_56, i20 %mxm_execute_ursa_signed_char_unsigned_short_unsigned_char_unsigned_short_i_55, i20 %mxm_execute_ursa_signed_char_unsigned_short_unsigned_char_unsigned_short_i_54, i20 %mxm_execute_ursa_signed_char_unsigned_short_unsigned_char_unsigned_short_i_53, i20 %mxm_execute_ursa_signed_char_unsigned_short_unsigned_char_unsigned_short_i_52, i20 %mxm_execute_ursa_signed_char_unsigned_short_unsigned_char_unsigned_short_i_51, i20 %mxm_execute_ursa_signed_char_unsigned_short_unsigned_char_unsigned_short_i_50, i20 %mxm_execute_ursa_signed_char_unsigned_short_unsigned_char_unsigned_short_i_49, i20 %mxm_execute_ursa_signed_char_unsigned_short_unsigned_char_unsigned_short_i_48, i20 %mxm_execute_ursa_signed_char_unsigned_short_unsigned_char_unsigned_short_i_47, i20 %mxm_execute_ursa_signed_char_unsigned_short_unsigned_char_unsigned_short_i_46, i20 %mxm_execute_ursa_signed_char_unsigned_short_unsigned_char_unsigned_short_i_45, i20 %mxm_execute_ursa_signed_char_unsigned_short_unsigned_char_unsigned_short_i_44, i20 %mxm_execute_ursa_signed_char_unsigned_short_unsigned_char_unsigned_short_i_43, i20 %mxm_execute_ursa_signed_char_unsigned_short_unsigned_char_unsigned_short_i_42, i20 %mxm_execute_ursa_signed_char_unsigned_short_unsigned_char_unsigned_short_i_41, i20 %mxm_execute_ursa_signed_char_unsigned_short_unsigned_char_unsigned_short_i_40, i20 %mxm_execute_ursa_signed_char_unsigned_short_unsigned_char_unsigned_short_i_39, i20 %mxm_execute_ursa_signed_char_unsigned_short_unsigned_char_unsigned_short_i_38, i20 %mxm_execute_ursa_signed_char_unsigned_short_unsigned_char_unsigned_short_i_37, i20 %mxm_execute_ursa_signed_char_unsigned_short_unsigned_char_unsigned_short_i_36, i20 %mxm_execute_ursa_signed_char_unsigned_short_unsigned_char_unsigned_short_i_35, i20 %mxm_execute_ursa_signed_char_unsigned_short_unsigned_char_unsigned_short_i_34, i20 %mxm_execute_ursa_signed_char_unsigned_short_unsigned_char_unsigned_short_i_33, i20 %mxm_execute_ursa_signed_char_unsigned_short_unsigned_char_unsigned_short_i_32, i20 %mxm_execute_ursa_signed_char_unsigned_short_unsigned_char_unsigned_short_i_31, i20 %mxm_execute_ursa_signed_char_unsigned_short_unsigned_char_unsigned_short_i_30, i20 %mxm_execute_ursa_signed_char_unsigned_short_unsigned_char_unsigned_short_i_29, i20 %mxm_execute_ursa_signed_char_unsigned_short_unsigned_char_unsigned_short_i_28, i20 %mxm_execute_ursa_signed_char_unsigned_short_unsigned_char_unsigned_short_i_27, i20 %mxm_execute_ursa_signed_char_unsigned_short_unsigned_char_unsigned_short_i_26, i20 %mxm_execute_ursa_signed_char_unsigned_short_unsigned_char_unsigned_short_i_25, i20 %mxm_execute_ursa_signed_char_unsigned_short_unsigned_char_unsigned_short_i_24, i20 %mxm_execute_ursa_signed_char_unsigned_short_unsigned_char_unsigned_short_i_23, i20 %mxm_execute_ursa_signed_char_unsigned_short_unsigned_char_unsigned_short_i_22, i20 %mxm_execute_ursa_signed_char_unsigned_short_unsigned_char_unsigned_short_i_21, i20 %mxm_execute_ursa_signed_char_unsigned_short_unsigned_char_unsigned_short_i_20, i20 %mxm_execute_ursa_signed_char_unsigned_short_unsigned_char_unsigned_short_i_19, i20 %mxm_execute_ursa_signed_char_unsigned_short_unsigned_char_unsigned_short_i_18, i20 %mxm_execute_ursa_signed_char_unsigned_short_unsigned_char_unsigned_short_i_17, i20 %mxm_execute_ursa_signed_char_unsigned_short_unsigned_char_unsigned_short_i_16, i20 %mxm_execute_ursa_signed_char_unsigned_short_unsigned_char_unsigned_short_i_15, i20 %mxm_execute_ursa_signed_char_unsigned_short_unsigned_char_unsigned_short_i_14, i20 %mxm_execute_ursa_signed_char_unsigned_short_unsigned_char_unsigned_short_i_13, i20 %mxm_execute_ursa_signed_char_unsigned_short_unsigned_char_unsigned_short_i_12, i20 %mxm_execute_ursa_signed_char_unsigned_short_unsigned_char_unsigned_short_i_11, i20 %mxm_execute_ursa_signed_char_unsigned_short_unsigned_char_unsigned_short_i_10, i20 %mxm_execute_ursa_signed_char_unsigned_short_unsigned_char_unsigned_short_i_9, i20 %mxm_execute_ursa_signed_char_unsigned_short_unsigned_char_unsigned_short_i_8, i20 %mxm_execute_ursa_signed_char_unsigned_short_unsigned_char_unsigned_short_i_7, i20 %mxm_execute_ursa_signed_char_unsigned_short_unsigned_char_unsigned_short_i_6, i20 %mxm_execute_ursa_signed_char_unsigned_short_unsigned_char_unsigned_short_i_5, i20 %mxm_execute_ursa_signed_char_unsigned_short_unsigned_char_unsigned_short_i_4, i20 %mxm_execute_ursa_signed_char_unsigned_short_unsigned_char_unsigned_short_i_3, i20 %mxm_execute_ursa_signed_char_unsigned_short_unsigned_char_unsigned_short_i_2, i20 %mxm_execute_ursa_signed_char_unsigned_short_unsigned_char_unsigned_short_i_1, i20 %mxm_execute_ursa_signed_char_unsigned_short_unsigned_char_unsigned_short_i" [/home/ulisses/Projects/ursa/src/core/shell.cpp:301]   --->   Operation 264 'call' 'call_ln301' <Predicate = true> <Delay = 0.00> <CoreType = "Generic">   --->   Core 0 '' <Latency = 0> <II = 1> <Delay = 1.00> <Generic> <Opcode : >

State 117 <SV = 116> <Delay = 0.00>
ST_117 : Operation 265 [18/70] (0.00ns)   --->   "%call_ln301 = call void @sa_store, i32 %ca, i32 %addr_sa_c, i16 %b0_q_read, i20 %mxm_execute_ursa_signed_char_unsigned_short_unsigned_char_unsigned_short_i_63, i20 %mxm_execute_ursa_signed_char_unsigned_short_unsigned_char_unsigned_short_i_62, i20 %mxm_execute_ursa_signed_char_unsigned_short_unsigned_char_unsigned_short_i_61, i20 %mxm_execute_ursa_signed_char_unsigned_short_unsigned_char_unsigned_short_i_60, i20 %mxm_execute_ursa_signed_char_unsigned_short_unsigned_char_unsigned_short_i_59, i20 %mxm_execute_ursa_signed_char_unsigned_short_unsigned_char_unsigned_short_i_58, i20 %mxm_execute_ursa_signed_char_unsigned_short_unsigned_char_unsigned_short_i_57, i20 %mxm_execute_ursa_signed_char_unsigned_short_unsigned_char_unsigned_short_i_56, i20 %mxm_execute_ursa_signed_char_unsigned_short_unsigned_char_unsigned_short_i_55, i20 %mxm_execute_ursa_signed_char_unsigned_short_unsigned_char_unsigned_short_i_54, i20 %mxm_execute_ursa_signed_char_unsigned_short_unsigned_char_unsigned_short_i_53, i20 %mxm_execute_ursa_signed_char_unsigned_short_unsigned_char_unsigned_short_i_52, i20 %mxm_execute_ursa_signed_char_unsigned_short_unsigned_char_unsigned_short_i_51, i20 %mxm_execute_ursa_signed_char_unsigned_short_unsigned_char_unsigned_short_i_50, i20 %mxm_execute_ursa_signed_char_unsigned_short_unsigned_char_unsigned_short_i_49, i20 %mxm_execute_ursa_signed_char_unsigned_short_unsigned_char_unsigned_short_i_48, i20 %mxm_execute_ursa_signed_char_unsigned_short_unsigned_char_unsigned_short_i_47, i20 %mxm_execute_ursa_signed_char_unsigned_short_unsigned_char_unsigned_short_i_46, i20 %mxm_execute_ursa_signed_char_unsigned_short_unsigned_char_unsigned_short_i_45, i20 %mxm_execute_ursa_signed_char_unsigned_short_unsigned_char_unsigned_short_i_44, i20 %mxm_execute_ursa_signed_char_unsigned_short_unsigned_char_unsigned_short_i_43, i20 %mxm_execute_ursa_signed_char_unsigned_short_unsigned_char_unsigned_short_i_42, i20 %mxm_execute_ursa_signed_char_unsigned_short_unsigned_char_unsigned_short_i_41, i20 %mxm_execute_ursa_signed_char_unsigned_short_unsigned_char_unsigned_short_i_40, i20 %mxm_execute_ursa_signed_char_unsigned_short_unsigned_char_unsigned_short_i_39, i20 %mxm_execute_ursa_signed_char_unsigned_short_unsigned_char_unsigned_short_i_38, i20 %mxm_execute_ursa_signed_char_unsigned_short_unsigned_char_unsigned_short_i_37, i20 %mxm_execute_ursa_signed_char_unsigned_short_unsigned_char_unsigned_short_i_36, i20 %mxm_execute_ursa_signed_char_unsigned_short_unsigned_char_unsigned_short_i_35, i20 %mxm_execute_ursa_signed_char_unsigned_short_unsigned_char_unsigned_short_i_34, i20 %mxm_execute_ursa_signed_char_unsigned_short_unsigned_char_unsigned_short_i_33, i20 %mxm_execute_ursa_signed_char_unsigned_short_unsigned_char_unsigned_short_i_32, i20 %mxm_execute_ursa_signed_char_unsigned_short_unsigned_char_unsigned_short_i_31, i20 %mxm_execute_ursa_signed_char_unsigned_short_unsigned_char_unsigned_short_i_30, i20 %mxm_execute_ursa_signed_char_unsigned_short_unsigned_char_unsigned_short_i_29, i20 %mxm_execute_ursa_signed_char_unsigned_short_unsigned_char_unsigned_short_i_28, i20 %mxm_execute_ursa_signed_char_unsigned_short_unsigned_char_unsigned_short_i_27, i20 %mxm_execute_ursa_signed_char_unsigned_short_unsigned_char_unsigned_short_i_26, i20 %mxm_execute_ursa_signed_char_unsigned_short_unsigned_char_unsigned_short_i_25, i20 %mxm_execute_ursa_signed_char_unsigned_short_unsigned_char_unsigned_short_i_24, i20 %mxm_execute_ursa_signed_char_unsigned_short_unsigned_char_unsigned_short_i_23, i20 %mxm_execute_ursa_signed_char_unsigned_short_unsigned_char_unsigned_short_i_22, i20 %mxm_execute_ursa_signed_char_unsigned_short_unsigned_char_unsigned_short_i_21, i20 %mxm_execute_ursa_signed_char_unsigned_short_unsigned_char_unsigned_short_i_20, i20 %mxm_execute_ursa_signed_char_unsigned_short_unsigned_char_unsigned_short_i_19, i20 %mxm_execute_ursa_signed_char_unsigned_short_unsigned_char_unsigned_short_i_18, i20 %mxm_execute_ursa_signed_char_unsigned_short_unsigned_char_unsigned_short_i_17, i20 %mxm_execute_ursa_signed_char_unsigned_short_unsigned_char_unsigned_short_i_16, i20 %mxm_execute_ursa_signed_char_unsigned_short_unsigned_char_unsigned_short_i_15, i20 %mxm_execute_ursa_signed_char_unsigned_short_unsigned_char_unsigned_short_i_14, i20 %mxm_execute_ursa_signed_char_unsigned_short_unsigned_char_unsigned_short_i_13, i20 %mxm_execute_ursa_signed_char_unsigned_short_unsigned_char_unsigned_short_i_12, i20 %mxm_execute_ursa_signed_char_unsigned_short_unsigned_char_unsigned_short_i_11, i20 %mxm_execute_ursa_signed_char_unsigned_short_unsigned_char_unsigned_short_i_10, i20 %mxm_execute_ursa_signed_char_unsigned_short_unsigned_char_unsigned_short_i_9, i20 %mxm_execute_ursa_signed_char_unsigned_short_unsigned_char_unsigned_short_i_8, i20 %mxm_execute_ursa_signed_char_unsigned_short_unsigned_char_unsigned_short_i_7, i20 %mxm_execute_ursa_signed_char_unsigned_short_unsigned_char_unsigned_short_i_6, i20 %mxm_execute_ursa_signed_char_unsigned_short_unsigned_char_unsigned_short_i_5, i20 %mxm_execute_ursa_signed_char_unsigned_short_unsigned_char_unsigned_short_i_4, i20 %mxm_execute_ursa_signed_char_unsigned_short_unsigned_char_unsigned_short_i_3, i20 %mxm_execute_ursa_signed_char_unsigned_short_unsigned_char_unsigned_short_i_2, i20 %mxm_execute_ursa_signed_char_unsigned_short_unsigned_char_unsigned_short_i_1, i20 %mxm_execute_ursa_signed_char_unsigned_short_unsigned_char_unsigned_short_i" [/home/ulisses/Projects/ursa/src/core/shell.cpp:301]   --->   Operation 265 'call' 'call_ln301' <Predicate = true> <Delay = 0.00> <CoreType = "Generic">   --->   Core 0 '' <Latency = 0> <II = 1> <Delay = 1.00> <Generic> <Opcode : >

State 118 <SV = 117> <Delay = 0.00>
ST_118 : Operation 266 [17/70] (0.00ns)   --->   "%call_ln301 = call void @sa_store, i32 %ca, i32 %addr_sa_c, i16 %b0_q_read, i20 %mxm_execute_ursa_signed_char_unsigned_short_unsigned_char_unsigned_short_i_63, i20 %mxm_execute_ursa_signed_char_unsigned_short_unsigned_char_unsigned_short_i_62, i20 %mxm_execute_ursa_signed_char_unsigned_short_unsigned_char_unsigned_short_i_61, i20 %mxm_execute_ursa_signed_char_unsigned_short_unsigned_char_unsigned_short_i_60, i20 %mxm_execute_ursa_signed_char_unsigned_short_unsigned_char_unsigned_short_i_59, i20 %mxm_execute_ursa_signed_char_unsigned_short_unsigned_char_unsigned_short_i_58, i20 %mxm_execute_ursa_signed_char_unsigned_short_unsigned_char_unsigned_short_i_57, i20 %mxm_execute_ursa_signed_char_unsigned_short_unsigned_char_unsigned_short_i_56, i20 %mxm_execute_ursa_signed_char_unsigned_short_unsigned_char_unsigned_short_i_55, i20 %mxm_execute_ursa_signed_char_unsigned_short_unsigned_char_unsigned_short_i_54, i20 %mxm_execute_ursa_signed_char_unsigned_short_unsigned_char_unsigned_short_i_53, i20 %mxm_execute_ursa_signed_char_unsigned_short_unsigned_char_unsigned_short_i_52, i20 %mxm_execute_ursa_signed_char_unsigned_short_unsigned_char_unsigned_short_i_51, i20 %mxm_execute_ursa_signed_char_unsigned_short_unsigned_char_unsigned_short_i_50, i20 %mxm_execute_ursa_signed_char_unsigned_short_unsigned_char_unsigned_short_i_49, i20 %mxm_execute_ursa_signed_char_unsigned_short_unsigned_char_unsigned_short_i_48, i20 %mxm_execute_ursa_signed_char_unsigned_short_unsigned_char_unsigned_short_i_47, i20 %mxm_execute_ursa_signed_char_unsigned_short_unsigned_char_unsigned_short_i_46, i20 %mxm_execute_ursa_signed_char_unsigned_short_unsigned_char_unsigned_short_i_45, i20 %mxm_execute_ursa_signed_char_unsigned_short_unsigned_char_unsigned_short_i_44, i20 %mxm_execute_ursa_signed_char_unsigned_short_unsigned_char_unsigned_short_i_43, i20 %mxm_execute_ursa_signed_char_unsigned_short_unsigned_char_unsigned_short_i_42, i20 %mxm_execute_ursa_signed_char_unsigned_short_unsigned_char_unsigned_short_i_41, i20 %mxm_execute_ursa_signed_char_unsigned_short_unsigned_char_unsigned_short_i_40, i20 %mxm_execute_ursa_signed_char_unsigned_short_unsigned_char_unsigned_short_i_39, i20 %mxm_execute_ursa_signed_char_unsigned_short_unsigned_char_unsigned_short_i_38, i20 %mxm_execute_ursa_signed_char_unsigned_short_unsigned_char_unsigned_short_i_37, i20 %mxm_execute_ursa_signed_char_unsigned_short_unsigned_char_unsigned_short_i_36, i20 %mxm_execute_ursa_signed_char_unsigned_short_unsigned_char_unsigned_short_i_35, i20 %mxm_execute_ursa_signed_char_unsigned_short_unsigned_char_unsigned_short_i_34, i20 %mxm_execute_ursa_signed_char_unsigned_short_unsigned_char_unsigned_short_i_33, i20 %mxm_execute_ursa_signed_char_unsigned_short_unsigned_char_unsigned_short_i_32, i20 %mxm_execute_ursa_signed_char_unsigned_short_unsigned_char_unsigned_short_i_31, i20 %mxm_execute_ursa_signed_char_unsigned_short_unsigned_char_unsigned_short_i_30, i20 %mxm_execute_ursa_signed_char_unsigned_short_unsigned_char_unsigned_short_i_29, i20 %mxm_execute_ursa_signed_char_unsigned_short_unsigned_char_unsigned_short_i_28, i20 %mxm_execute_ursa_signed_char_unsigned_short_unsigned_char_unsigned_short_i_27, i20 %mxm_execute_ursa_signed_char_unsigned_short_unsigned_char_unsigned_short_i_26, i20 %mxm_execute_ursa_signed_char_unsigned_short_unsigned_char_unsigned_short_i_25, i20 %mxm_execute_ursa_signed_char_unsigned_short_unsigned_char_unsigned_short_i_24, i20 %mxm_execute_ursa_signed_char_unsigned_short_unsigned_char_unsigned_short_i_23, i20 %mxm_execute_ursa_signed_char_unsigned_short_unsigned_char_unsigned_short_i_22, i20 %mxm_execute_ursa_signed_char_unsigned_short_unsigned_char_unsigned_short_i_21, i20 %mxm_execute_ursa_signed_char_unsigned_short_unsigned_char_unsigned_short_i_20, i20 %mxm_execute_ursa_signed_char_unsigned_short_unsigned_char_unsigned_short_i_19, i20 %mxm_execute_ursa_signed_char_unsigned_short_unsigned_char_unsigned_short_i_18, i20 %mxm_execute_ursa_signed_char_unsigned_short_unsigned_char_unsigned_short_i_17, i20 %mxm_execute_ursa_signed_char_unsigned_short_unsigned_char_unsigned_short_i_16, i20 %mxm_execute_ursa_signed_char_unsigned_short_unsigned_char_unsigned_short_i_15, i20 %mxm_execute_ursa_signed_char_unsigned_short_unsigned_char_unsigned_short_i_14, i20 %mxm_execute_ursa_signed_char_unsigned_short_unsigned_char_unsigned_short_i_13, i20 %mxm_execute_ursa_signed_char_unsigned_short_unsigned_char_unsigned_short_i_12, i20 %mxm_execute_ursa_signed_char_unsigned_short_unsigned_char_unsigned_short_i_11, i20 %mxm_execute_ursa_signed_char_unsigned_short_unsigned_char_unsigned_short_i_10, i20 %mxm_execute_ursa_signed_char_unsigned_short_unsigned_char_unsigned_short_i_9, i20 %mxm_execute_ursa_signed_char_unsigned_short_unsigned_char_unsigned_short_i_8, i20 %mxm_execute_ursa_signed_char_unsigned_short_unsigned_char_unsigned_short_i_7, i20 %mxm_execute_ursa_signed_char_unsigned_short_unsigned_char_unsigned_short_i_6, i20 %mxm_execute_ursa_signed_char_unsigned_short_unsigned_char_unsigned_short_i_5, i20 %mxm_execute_ursa_signed_char_unsigned_short_unsigned_char_unsigned_short_i_4, i20 %mxm_execute_ursa_signed_char_unsigned_short_unsigned_char_unsigned_short_i_3, i20 %mxm_execute_ursa_signed_char_unsigned_short_unsigned_char_unsigned_short_i_2, i20 %mxm_execute_ursa_signed_char_unsigned_short_unsigned_char_unsigned_short_i_1, i20 %mxm_execute_ursa_signed_char_unsigned_short_unsigned_char_unsigned_short_i" [/home/ulisses/Projects/ursa/src/core/shell.cpp:301]   --->   Operation 266 'call' 'call_ln301' <Predicate = true> <Delay = 0.00> <CoreType = "Generic">   --->   Core 0 '' <Latency = 0> <II = 1> <Delay = 1.00> <Generic> <Opcode : >

State 119 <SV = 118> <Delay = 0.00>
ST_119 : Operation 267 [16/70] (0.00ns)   --->   "%call_ln301 = call void @sa_store, i32 %ca, i32 %addr_sa_c, i16 %b0_q_read, i20 %mxm_execute_ursa_signed_char_unsigned_short_unsigned_char_unsigned_short_i_63, i20 %mxm_execute_ursa_signed_char_unsigned_short_unsigned_char_unsigned_short_i_62, i20 %mxm_execute_ursa_signed_char_unsigned_short_unsigned_char_unsigned_short_i_61, i20 %mxm_execute_ursa_signed_char_unsigned_short_unsigned_char_unsigned_short_i_60, i20 %mxm_execute_ursa_signed_char_unsigned_short_unsigned_char_unsigned_short_i_59, i20 %mxm_execute_ursa_signed_char_unsigned_short_unsigned_char_unsigned_short_i_58, i20 %mxm_execute_ursa_signed_char_unsigned_short_unsigned_char_unsigned_short_i_57, i20 %mxm_execute_ursa_signed_char_unsigned_short_unsigned_char_unsigned_short_i_56, i20 %mxm_execute_ursa_signed_char_unsigned_short_unsigned_char_unsigned_short_i_55, i20 %mxm_execute_ursa_signed_char_unsigned_short_unsigned_char_unsigned_short_i_54, i20 %mxm_execute_ursa_signed_char_unsigned_short_unsigned_char_unsigned_short_i_53, i20 %mxm_execute_ursa_signed_char_unsigned_short_unsigned_char_unsigned_short_i_52, i20 %mxm_execute_ursa_signed_char_unsigned_short_unsigned_char_unsigned_short_i_51, i20 %mxm_execute_ursa_signed_char_unsigned_short_unsigned_char_unsigned_short_i_50, i20 %mxm_execute_ursa_signed_char_unsigned_short_unsigned_char_unsigned_short_i_49, i20 %mxm_execute_ursa_signed_char_unsigned_short_unsigned_char_unsigned_short_i_48, i20 %mxm_execute_ursa_signed_char_unsigned_short_unsigned_char_unsigned_short_i_47, i20 %mxm_execute_ursa_signed_char_unsigned_short_unsigned_char_unsigned_short_i_46, i20 %mxm_execute_ursa_signed_char_unsigned_short_unsigned_char_unsigned_short_i_45, i20 %mxm_execute_ursa_signed_char_unsigned_short_unsigned_char_unsigned_short_i_44, i20 %mxm_execute_ursa_signed_char_unsigned_short_unsigned_char_unsigned_short_i_43, i20 %mxm_execute_ursa_signed_char_unsigned_short_unsigned_char_unsigned_short_i_42, i20 %mxm_execute_ursa_signed_char_unsigned_short_unsigned_char_unsigned_short_i_41, i20 %mxm_execute_ursa_signed_char_unsigned_short_unsigned_char_unsigned_short_i_40, i20 %mxm_execute_ursa_signed_char_unsigned_short_unsigned_char_unsigned_short_i_39, i20 %mxm_execute_ursa_signed_char_unsigned_short_unsigned_char_unsigned_short_i_38, i20 %mxm_execute_ursa_signed_char_unsigned_short_unsigned_char_unsigned_short_i_37, i20 %mxm_execute_ursa_signed_char_unsigned_short_unsigned_char_unsigned_short_i_36, i20 %mxm_execute_ursa_signed_char_unsigned_short_unsigned_char_unsigned_short_i_35, i20 %mxm_execute_ursa_signed_char_unsigned_short_unsigned_char_unsigned_short_i_34, i20 %mxm_execute_ursa_signed_char_unsigned_short_unsigned_char_unsigned_short_i_33, i20 %mxm_execute_ursa_signed_char_unsigned_short_unsigned_char_unsigned_short_i_32, i20 %mxm_execute_ursa_signed_char_unsigned_short_unsigned_char_unsigned_short_i_31, i20 %mxm_execute_ursa_signed_char_unsigned_short_unsigned_char_unsigned_short_i_30, i20 %mxm_execute_ursa_signed_char_unsigned_short_unsigned_char_unsigned_short_i_29, i20 %mxm_execute_ursa_signed_char_unsigned_short_unsigned_char_unsigned_short_i_28, i20 %mxm_execute_ursa_signed_char_unsigned_short_unsigned_char_unsigned_short_i_27, i20 %mxm_execute_ursa_signed_char_unsigned_short_unsigned_char_unsigned_short_i_26, i20 %mxm_execute_ursa_signed_char_unsigned_short_unsigned_char_unsigned_short_i_25, i20 %mxm_execute_ursa_signed_char_unsigned_short_unsigned_char_unsigned_short_i_24, i20 %mxm_execute_ursa_signed_char_unsigned_short_unsigned_char_unsigned_short_i_23, i20 %mxm_execute_ursa_signed_char_unsigned_short_unsigned_char_unsigned_short_i_22, i20 %mxm_execute_ursa_signed_char_unsigned_short_unsigned_char_unsigned_short_i_21, i20 %mxm_execute_ursa_signed_char_unsigned_short_unsigned_char_unsigned_short_i_20, i20 %mxm_execute_ursa_signed_char_unsigned_short_unsigned_char_unsigned_short_i_19, i20 %mxm_execute_ursa_signed_char_unsigned_short_unsigned_char_unsigned_short_i_18, i20 %mxm_execute_ursa_signed_char_unsigned_short_unsigned_char_unsigned_short_i_17, i20 %mxm_execute_ursa_signed_char_unsigned_short_unsigned_char_unsigned_short_i_16, i20 %mxm_execute_ursa_signed_char_unsigned_short_unsigned_char_unsigned_short_i_15, i20 %mxm_execute_ursa_signed_char_unsigned_short_unsigned_char_unsigned_short_i_14, i20 %mxm_execute_ursa_signed_char_unsigned_short_unsigned_char_unsigned_short_i_13, i20 %mxm_execute_ursa_signed_char_unsigned_short_unsigned_char_unsigned_short_i_12, i20 %mxm_execute_ursa_signed_char_unsigned_short_unsigned_char_unsigned_short_i_11, i20 %mxm_execute_ursa_signed_char_unsigned_short_unsigned_char_unsigned_short_i_10, i20 %mxm_execute_ursa_signed_char_unsigned_short_unsigned_char_unsigned_short_i_9, i20 %mxm_execute_ursa_signed_char_unsigned_short_unsigned_char_unsigned_short_i_8, i20 %mxm_execute_ursa_signed_char_unsigned_short_unsigned_char_unsigned_short_i_7, i20 %mxm_execute_ursa_signed_char_unsigned_short_unsigned_char_unsigned_short_i_6, i20 %mxm_execute_ursa_signed_char_unsigned_short_unsigned_char_unsigned_short_i_5, i20 %mxm_execute_ursa_signed_char_unsigned_short_unsigned_char_unsigned_short_i_4, i20 %mxm_execute_ursa_signed_char_unsigned_short_unsigned_char_unsigned_short_i_3, i20 %mxm_execute_ursa_signed_char_unsigned_short_unsigned_char_unsigned_short_i_2, i20 %mxm_execute_ursa_signed_char_unsigned_short_unsigned_char_unsigned_short_i_1, i20 %mxm_execute_ursa_signed_char_unsigned_short_unsigned_char_unsigned_short_i" [/home/ulisses/Projects/ursa/src/core/shell.cpp:301]   --->   Operation 267 'call' 'call_ln301' <Predicate = true> <Delay = 0.00> <CoreType = "Generic">   --->   Core 0 '' <Latency = 0> <II = 1> <Delay = 1.00> <Generic> <Opcode : >

State 120 <SV = 119> <Delay = 0.00>
ST_120 : Operation 268 [15/70] (0.00ns)   --->   "%call_ln301 = call void @sa_store, i32 %ca, i32 %addr_sa_c, i16 %b0_q_read, i20 %mxm_execute_ursa_signed_char_unsigned_short_unsigned_char_unsigned_short_i_63, i20 %mxm_execute_ursa_signed_char_unsigned_short_unsigned_char_unsigned_short_i_62, i20 %mxm_execute_ursa_signed_char_unsigned_short_unsigned_char_unsigned_short_i_61, i20 %mxm_execute_ursa_signed_char_unsigned_short_unsigned_char_unsigned_short_i_60, i20 %mxm_execute_ursa_signed_char_unsigned_short_unsigned_char_unsigned_short_i_59, i20 %mxm_execute_ursa_signed_char_unsigned_short_unsigned_char_unsigned_short_i_58, i20 %mxm_execute_ursa_signed_char_unsigned_short_unsigned_char_unsigned_short_i_57, i20 %mxm_execute_ursa_signed_char_unsigned_short_unsigned_char_unsigned_short_i_56, i20 %mxm_execute_ursa_signed_char_unsigned_short_unsigned_char_unsigned_short_i_55, i20 %mxm_execute_ursa_signed_char_unsigned_short_unsigned_char_unsigned_short_i_54, i20 %mxm_execute_ursa_signed_char_unsigned_short_unsigned_char_unsigned_short_i_53, i20 %mxm_execute_ursa_signed_char_unsigned_short_unsigned_char_unsigned_short_i_52, i20 %mxm_execute_ursa_signed_char_unsigned_short_unsigned_char_unsigned_short_i_51, i20 %mxm_execute_ursa_signed_char_unsigned_short_unsigned_char_unsigned_short_i_50, i20 %mxm_execute_ursa_signed_char_unsigned_short_unsigned_char_unsigned_short_i_49, i20 %mxm_execute_ursa_signed_char_unsigned_short_unsigned_char_unsigned_short_i_48, i20 %mxm_execute_ursa_signed_char_unsigned_short_unsigned_char_unsigned_short_i_47, i20 %mxm_execute_ursa_signed_char_unsigned_short_unsigned_char_unsigned_short_i_46, i20 %mxm_execute_ursa_signed_char_unsigned_short_unsigned_char_unsigned_short_i_45, i20 %mxm_execute_ursa_signed_char_unsigned_short_unsigned_char_unsigned_short_i_44, i20 %mxm_execute_ursa_signed_char_unsigned_short_unsigned_char_unsigned_short_i_43, i20 %mxm_execute_ursa_signed_char_unsigned_short_unsigned_char_unsigned_short_i_42, i20 %mxm_execute_ursa_signed_char_unsigned_short_unsigned_char_unsigned_short_i_41, i20 %mxm_execute_ursa_signed_char_unsigned_short_unsigned_char_unsigned_short_i_40, i20 %mxm_execute_ursa_signed_char_unsigned_short_unsigned_char_unsigned_short_i_39, i20 %mxm_execute_ursa_signed_char_unsigned_short_unsigned_char_unsigned_short_i_38, i20 %mxm_execute_ursa_signed_char_unsigned_short_unsigned_char_unsigned_short_i_37, i20 %mxm_execute_ursa_signed_char_unsigned_short_unsigned_char_unsigned_short_i_36, i20 %mxm_execute_ursa_signed_char_unsigned_short_unsigned_char_unsigned_short_i_35, i20 %mxm_execute_ursa_signed_char_unsigned_short_unsigned_char_unsigned_short_i_34, i20 %mxm_execute_ursa_signed_char_unsigned_short_unsigned_char_unsigned_short_i_33, i20 %mxm_execute_ursa_signed_char_unsigned_short_unsigned_char_unsigned_short_i_32, i20 %mxm_execute_ursa_signed_char_unsigned_short_unsigned_char_unsigned_short_i_31, i20 %mxm_execute_ursa_signed_char_unsigned_short_unsigned_char_unsigned_short_i_30, i20 %mxm_execute_ursa_signed_char_unsigned_short_unsigned_char_unsigned_short_i_29, i20 %mxm_execute_ursa_signed_char_unsigned_short_unsigned_char_unsigned_short_i_28, i20 %mxm_execute_ursa_signed_char_unsigned_short_unsigned_char_unsigned_short_i_27, i20 %mxm_execute_ursa_signed_char_unsigned_short_unsigned_char_unsigned_short_i_26, i20 %mxm_execute_ursa_signed_char_unsigned_short_unsigned_char_unsigned_short_i_25, i20 %mxm_execute_ursa_signed_char_unsigned_short_unsigned_char_unsigned_short_i_24, i20 %mxm_execute_ursa_signed_char_unsigned_short_unsigned_char_unsigned_short_i_23, i20 %mxm_execute_ursa_signed_char_unsigned_short_unsigned_char_unsigned_short_i_22, i20 %mxm_execute_ursa_signed_char_unsigned_short_unsigned_char_unsigned_short_i_21, i20 %mxm_execute_ursa_signed_char_unsigned_short_unsigned_char_unsigned_short_i_20, i20 %mxm_execute_ursa_signed_char_unsigned_short_unsigned_char_unsigned_short_i_19, i20 %mxm_execute_ursa_signed_char_unsigned_short_unsigned_char_unsigned_short_i_18, i20 %mxm_execute_ursa_signed_char_unsigned_short_unsigned_char_unsigned_short_i_17, i20 %mxm_execute_ursa_signed_char_unsigned_short_unsigned_char_unsigned_short_i_16, i20 %mxm_execute_ursa_signed_char_unsigned_short_unsigned_char_unsigned_short_i_15, i20 %mxm_execute_ursa_signed_char_unsigned_short_unsigned_char_unsigned_short_i_14, i20 %mxm_execute_ursa_signed_char_unsigned_short_unsigned_char_unsigned_short_i_13, i20 %mxm_execute_ursa_signed_char_unsigned_short_unsigned_char_unsigned_short_i_12, i20 %mxm_execute_ursa_signed_char_unsigned_short_unsigned_char_unsigned_short_i_11, i20 %mxm_execute_ursa_signed_char_unsigned_short_unsigned_char_unsigned_short_i_10, i20 %mxm_execute_ursa_signed_char_unsigned_short_unsigned_char_unsigned_short_i_9, i20 %mxm_execute_ursa_signed_char_unsigned_short_unsigned_char_unsigned_short_i_8, i20 %mxm_execute_ursa_signed_char_unsigned_short_unsigned_char_unsigned_short_i_7, i20 %mxm_execute_ursa_signed_char_unsigned_short_unsigned_char_unsigned_short_i_6, i20 %mxm_execute_ursa_signed_char_unsigned_short_unsigned_char_unsigned_short_i_5, i20 %mxm_execute_ursa_signed_char_unsigned_short_unsigned_char_unsigned_short_i_4, i20 %mxm_execute_ursa_signed_char_unsigned_short_unsigned_char_unsigned_short_i_3, i20 %mxm_execute_ursa_signed_char_unsigned_short_unsigned_char_unsigned_short_i_2, i20 %mxm_execute_ursa_signed_char_unsigned_short_unsigned_char_unsigned_short_i_1, i20 %mxm_execute_ursa_signed_char_unsigned_short_unsigned_char_unsigned_short_i" [/home/ulisses/Projects/ursa/src/core/shell.cpp:301]   --->   Operation 268 'call' 'call_ln301' <Predicate = true> <Delay = 0.00> <CoreType = "Generic">   --->   Core 0 '' <Latency = 0> <II = 1> <Delay = 1.00> <Generic> <Opcode : >

State 121 <SV = 120> <Delay = 0.00>
ST_121 : Operation 269 [14/70] (0.00ns)   --->   "%call_ln301 = call void @sa_store, i32 %ca, i32 %addr_sa_c, i16 %b0_q_read, i20 %mxm_execute_ursa_signed_char_unsigned_short_unsigned_char_unsigned_short_i_63, i20 %mxm_execute_ursa_signed_char_unsigned_short_unsigned_char_unsigned_short_i_62, i20 %mxm_execute_ursa_signed_char_unsigned_short_unsigned_char_unsigned_short_i_61, i20 %mxm_execute_ursa_signed_char_unsigned_short_unsigned_char_unsigned_short_i_60, i20 %mxm_execute_ursa_signed_char_unsigned_short_unsigned_char_unsigned_short_i_59, i20 %mxm_execute_ursa_signed_char_unsigned_short_unsigned_char_unsigned_short_i_58, i20 %mxm_execute_ursa_signed_char_unsigned_short_unsigned_char_unsigned_short_i_57, i20 %mxm_execute_ursa_signed_char_unsigned_short_unsigned_char_unsigned_short_i_56, i20 %mxm_execute_ursa_signed_char_unsigned_short_unsigned_char_unsigned_short_i_55, i20 %mxm_execute_ursa_signed_char_unsigned_short_unsigned_char_unsigned_short_i_54, i20 %mxm_execute_ursa_signed_char_unsigned_short_unsigned_char_unsigned_short_i_53, i20 %mxm_execute_ursa_signed_char_unsigned_short_unsigned_char_unsigned_short_i_52, i20 %mxm_execute_ursa_signed_char_unsigned_short_unsigned_char_unsigned_short_i_51, i20 %mxm_execute_ursa_signed_char_unsigned_short_unsigned_char_unsigned_short_i_50, i20 %mxm_execute_ursa_signed_char_unsigned_short_unsigned_char_unsigned_short_i_49, i20 %mxm_execute_ursa_signed_char_unsigned_short_unsigned_char_unsigned_short_i_48, i20 %mxm_execute_ursa_signed_char_unsigned_short_unsigned_char_unsigned_short_i_47, i20 %mxm_execute_ursa_signed_char_unsigned_short_unsigned_char_unsigned_short_i_46, i20 %mxm_execute_ursa_signed_char_unsigned_short_unsigned_char_unsigned_short_i_45, i20 %mxm_execute_ursa_signed_char_unsigned_short_unsigned_char_unsigned_short_i_44, i20 %mxm_execute_ursa_signed_char_unsigned_short_unsigned_char_unsigned_short_i_43, i20 %mxm_execute_ursa_signed_char_unsigned_short_unsigned_char_unsigned_short_i_42, i20 %mxm_execute_ursa_signed_char_unsigned_short_unsigned_char_unsigned_short_i_41, i20 %mxm_execute_ursa_signed_char_unsigned_short_unsigned_char_unsigned_short_i_40, i20 %mxm_execute_ursa_signed_char_unsigned_short_unsigned_char_unsigned_short_i_39, i20 %mxm_execute_ursa_signed_char_unsigned_short_unsigned_char_unsigned_short_i_38, i20 %mxm_execute_ursa_signed_char_unsigned_short_unsigned_char_unsigned_short_i_37, i20 %mxm_execute_ursa_signed_char_unsigned_short_unsigned_char_unsigned_short_i_36, i20 %mxm_execute_ursa_signed_char_unsigned_short_unsigned_char_unsigned_short_i_35, i20 %mxm_execute_ursa_signed_char_unsigned_short_unsigned_char_unsigned_short_i_34, i20 %mxm_execute_ursa_signed_char_unsigned_short_unsigned_char_unsigned_short_i_33, i20 %mxm_execute_ursa_signed_char_unsigned_short_unsigned_char_unsigned_short_i_32, i20 %mxm_execute_ursa_signed_char_unsigned_short_unsigned_char_unsigned_short_i_31, i20 %mxm_execute_ursa_signed_char_unsigned_short_unsigned_char_unsigned_short_i_30, i20 %mxm_execute_ursa_signed_char_unsigned_short_unsigned_char_unsigned_short_i_29, i20 %mxm_execute_ursa_signed_char_unsigned_short_unsigned_char_unsigned_short_i_28, i20 %mxm_execute_ursa_signed_char_unsigned_short_unsigned_char_unsigned_short_i_27, i20 %mxm_execute_ursa_signed_char_unsigned_short_unsigned_char_unsigned_short_i_26, i20 %mxm_execute_ursa_signed_char_unsigned_short_unsigned_char_unsigned_short_i_25, i20 %mxm_execute_ursa_signed_char_unsigned_short_unsigned_char_unsigned_short_i_24, i20 %mxm_execute_ursa_signed_char_unsigned_short_unsigned_char_unsigned_short_i_23, i20 %mxm_execute_ursa_signed_char_unsigned_short_unsigned_char_unsigned_short_i_22, i20 %mxm_execute_ursa_signed_char_unsigned_short_unsigned_char_unsigned_short_i_21, i20 %mxm_execute_ursa_signed_char_unsigned_short_unsigned_char_unsigned_short_i_20, i20 %mxm_execute_ursa_signed_char_unsigned_short_unsigned_char_unsigned_short_i_19, i20 %mxm_execute_ursa_signed_char_unsigned_short_unsigned_char_unsigned_short_i_18, i20 %mxm_execute_ursa_signed_char_unsigned_short_unsigned_char_unsigned_short_i_17, i20 %mxm_execute_ursa_signed_char_unsigned_short_unsigned_char_unsigned_short_i_16, i20 %mxm_execute_ursa_signed_char_unsigned_short_unsigned_char_unsigned_short_i_15, i20 %mxm_execute_ursa_signed_char_unsigned_short_unsigned_char_unsigned_short_i_14, i20 %mxm_execute_ursa_signed_char_unsigned_short_unsigned_char_unsigned_short_i_13, i20 %mxm_execute_ursa_signed_char_unsigned_short_unsigned_char_unsigned_short_i_12, i20 %mxm_execute_ursa_signed_char_unsigned_short_unsigned_char_unsigned_short_i_11, i20 %mxm_execute_ursa_signed_char_unsigned_short_unsigned_char_unsigned_short_i_10, i20 %mxm_execute_ursa_signed_char_unsigned_short_unsigned_char_unsigned_short_i_9, i20 %mxm_execute_ursa_signed_char_unsigned_short_unsigned_char_unsigned_short_i_8, i20 %mxm_execute_ursa_signed_char_unsigned_short_unsigned_char_unsigned_short_i_7, i20 %mxm_execute_ursa_signed_char_unsigned_short_unsigned_char_unsigned_short_i_6, i20 %mxm_execute_ursa_signed_char_unsigned_short_unsigned_char_unsigned_short_i_5, i20 %mxm_execute_ursa_signed_char_unsigned_short_unsigned_char_unsigned_short_i_4, i20 %mxm_execute_ursa_signed_char_unsigned_short_unsigned_char_unsigned_short_i_3, i20 %mxm_execute_ursa_signed_char_unsigned_short_unsigned_char_unsigned_short_i_2, i20 %mxm_execute_ursa_signed_char_unsigned_short_unsigned_char_unsigned_short_i_1, i20 %mxm_execute_ursa_signed_char_unsigned_short_unsigned_char_unsigned_short_i" [/home/ulisses/Projects/ursa/src/core/shell.cpp:301]   --->   Operation 269 'call' 'call_ln301' <Predicate = true> <Delay = 0.00> <CoreType = "Generic">   --->   Core 0 '' <Latency = 0> <II = 1> <Delay = 1.00> <Generic> <Opcode : >

State 122 <SV = 121> <Delay = 0.00>
ST_122 : Operation 270 [13/70] (0.00ns)   --->   "%call_ln301 = call void @sa_store, i32 %ca, i32 %addr_sa_c, i16 %b0_q_read, i20 %mxm_execute_ursa_signed_char_unsigned_short_unsigned_char_unsigned_short_i_63, i20 %mxm_execute_ursa_signed_char_unsigned_short_unsigned_char_unsigned_short_i_62, i20 %mxm_execute_ursa_signed_char_unsigned_short_unsigned_char_unsigned_short_i_61, i20 %mxm_execute_ursa_signed_char_unsigned_short_unsigned_char_unsigned_short_i_60, i20 %mxm_execute_ursa_signed_char_unsigned_short_unsigned_char_unsigned_short_i_59, i20 %mxm_execute_ursa_signed_char_unsigned_short_unsigned_char_unsigned_short_i_58, i20 %mxm_execute_ursa_signed_char_unsigned_short_unsigned_char_unsigned_short_i_57, i20 %mxm_execute_ursa_signed_char_unsigned_short_unsigned_char_unsigned_short_i_56, i20 %mxm_execute_ursa_signed_char_unsigned_short_unsigned_char_unsigned_short_i_55, i20 %mxm_execute_ursa_signed_char_unsigned_short_unsigned_char_unsigned_short_i_54, i20 %mxm_execute_ursa_signed_char_unsigned_short_unsigned_char_unsigned_short_i_53, i20 %mxm_execute_ursa_signed_char_unsigned_short_unsigned_char_unsigned_short_i_52, i20 %mxm_execute_ursa_signed_char_unsigned_short_unsigned_char_unsigned_short_i_51, i20 %mxm_execute_ursa_signed_char_unsigned_short_unsigned_char_unsigned_short_i_50, i20 %mxm_execute_ursa_signed_char_unsigned_short_unsigned_char_unsigned_short_i_49, i20 %mxm_execute_ursa_signed_char_unsigned_short_unsigned_char_unsigned_short_i_48, i20 %mxm_execute_ursa_signed_char_unsigned_short_unsigned_char_unsigned_short_i_47, i20 %mxm_execute_ursa_signed_char_unsigned_short_unsigned_char_unsigned_short_i_46, i20 %mxm_execute_ursa_signed_char_unsigned_short_unsigned_char_unsigned_short_i_45, i20 %mxm_execute_ursa_signed_char_unsigned_short_unsigned_char_unsigned_short_i_44, i20 %mxm_execute_ursa_signed_char_unsigned_short_unsigned_char_unsigned_short_i_43, i20 %mxm_execute_ursa_signed_char_unsigned_short_unsigned_char_unsigned_short_i_42, i20 %mxm_execute_ursa_signed_char_unsigned_short_unsigned_char_unsigned_short_i_41, i20 %mxm_execute_ursa_signed_char_unsigned_short_unsigned_char_unsigned_short_i_40, i20 %mxm_execute_ursa_signed_char_unsigned_short_unsigned_char_unsigned_short_i_39, i20 %mxm_execute_ursa_signed_char_unsigned_short_unsigned_char_unsigned_short_i_38, i20 %mxm_execute_ursa_signed_char_unsigned_short_unsigned_char_unsigned_short_i_37, i20 %mxm_execute_ursa_signed_char_unsigned_short_unsigned_char_unsigned_short_i_36, i20 %mxm_execute_ursa_signed_char_unsigned_short_unsigned_char_unsigned_short_i_35, i20 %mxm_execute_ursa_signed_char_unsigned_short_unsigned_char_unsigned_short_i_34, i20 %mxm_execute_ursa_signed_char_unsigned_short_unsigned_char_unsigned_short_i_33, i20 %mxm_execute_ursa_signed_char_unsigned_short_unsigned_char_unsigned_short_i_32, i20 %mxm_execute_ursa_signed_char_unsigned_short_unsigned_char_unsigned_short_i_31, i20 %mxm_execute_ursa_signed_char_unsigned_short_unsigned_char_unsigned_short_i_30, i20 %mxm_execute_ursa_signed_char_unsigned_short_unsigned_char_unsigned_short_i_29, i20 %mxm_execute_ursa_signed_char_unsigned_short_unsigned_char_unsigned_short_i_28, i20 %mxm_execute_ursa_signed_char_unsigned_short_unsigned_char_unsigned_short_i_27, i20 %mxm_execute_ursa_signed_char_unsigned_short_unsigned_char_unsigned_short_i_26, i20 %mxm_execute_ursa_signed_char_unsigned_short_unsigned_char_unsigned_short_i_25, i20 %mxm_execute_ursa_signed_char_unsigned_short_unsigned_char_unsigned_short_i_24, i20 %mxm_execute_ursa_signed_char_unsigned_short_unsigned_char_unsigned_short_i_23, i20 %mxm_execute_ursa_signed_char_unsigned_short_unsigned_char_unsigned_short_i_22, i20 %mxm_execute_ursa_signed_char_unsigned_short_unsigned_char_unsigned_short_i_21, i20 %mxm_execute_ursa_signed_char_unsigned_short_unsigned_char_unsigned_short_i_20, i20 %mxm_execute_ursa_signed_char_unsigned_short_unsigned_char_unsigned_short_i_19, i20 %mxm_execute_ursa_signed_char_unsigned_short_unsigned_char_unsigned_short_i_18, i20 %mxm_execute_ursa_signed_char_unsigned_short_unsigned_char_unsigned_short_i_17, i20 %mxm_execute_ursa_signed_char_unsigned_short_unsigned_char_unsigned_short_i_16, i20 %mxm_execute_ursa_signed_char_unsigned_short_unsigned_char_unsigned_short_i_15, i20 %mxm_execute_ursa_signed_char_unsigned_short_unsigned_char_unsigned_short_i_14, i20 %mxm_execute_ursa_signed_char_unsigned_short_unsigned_char_unsigned_short_i_13, i20 %mxm_execute_ursa_signed_char_unsigned_short_unsigned_char_unsigned_short_i_12, i20 %mxm_execute_ursa_signed_char_unsigned_short_unsigned_char_unsigned_short_i_11, i20 %mxm_execute_ursa_signed_char_unsigned_short_unsigned_char_unsigned_short_i_10, i20 %mxm_execute_ursa_signed_char_unsigned_short_unsigned_char_unsigned_short_i_9, i20 %mxm_execute_ursa_signed_char_unsigned_short_unsigned_char_unsigned_short_i_8, i20 %mxm_execute_ursa_signed_char_unsigned_short_unsigned_char_unsigned_short_i_7, i20 %mxm_execute_ursa_signed_char_unsigned_short_unsigned_char_unsigned_short_i_6, i20 %mxm_execute_ursa_signed_char_unsigned_short_unsigned_char_unsigned_short_i_5, i20 %mxm_execute_ursa_signed_char_unsigned_short_unsigned_char_unsigned_short_i_4, i20 %mxm_execute_ursa_signed_char_unsigned_short_unsigned_char_unsigned_short_i_3, i20 %mxm_execute_ursa_signed_char_unsigned_short_unsigned_char_unsigned_short_i_2, i20 %mxm_execute_ursa_signed_char_unsigned_short_unsigned_char_unsigned_short_i_1, i20 %mxm_execute_ursa_signed_char_unsigned_short_unsigned_char_unsigned_short_i" [/home/ulisses/Projects/ursa/src/core/shell.cpp:301]   --->   Operation 270 'call' 'call_ln301' <Predicate = true> <Delay = 0.00> <CoreType = "Generic">   --->   Core 0 '' <Latency = 0> <II = 1> <Delay = 1.00> <Generic> <Opcode : >

State 123 <SV = 122> <Delay = 0.00>
ST_123 : Operation 271 [12/70] (0.00ns)   --->   "%call_ln301 = call void @sa_store, i32 %ca, i32 %addr_sa_c, i16 %b0_q_read, i20 %mxm_execute_ursa_signed_char_unsigned_short_unsigned_char_unsigned_short_i_63, i20 %mxm_execute_ursa_signed_char_unsigned_short_unsigned_char_unsigned_short_i_62, i20 %mxm_execute_ursa_signed_char_unsigned_short_unsigned_char_unsigned_short_i_61, i20 %mxm_execute_ursa_signed_char_unsigned_short_unsigned_char_unsigned_short_i_60, i20 %mxm_execute_ursa_signed_char_unsigned_short_unsigned_char_unsigned_short_i_59, i20 %mxm_execute_ursa_signed_char_unsigned_short_unsigned_char_unsigned_short_i_58, i20 %mxm_execute_ursa_signed_char_unsigned_short_unsigned_char_unsigned_short_i_57, i20 %mxm_execute_ursa_signed_char_unsigned_short_unsigned_char_unsigned_short_i_56, i20 %mxm_execute_ursa_signed_char_unsigned_short_unsigned_char_unsigned_short_i_55, i20 %mxm_execute_ursa_signed_char_unsigned_short_unsigned_char_unsigned_short_i_54, i20 %mxm_execute_ursa_signed_char_unsigned_short_unsigned_char_unsigned_short_i_53, i20 %mxm_execute_ursa_signed_char_unsigned_short_unsigned_char_unsigned_short_i_52, i20 %mxm_execute_ursa_signed_char_unsigned_short_unsigned_char_unsigned_short_i_51, i20 %mxm_execute_ursa_signed_char_unsigned_short_unsigned_char_unsigned_short_i_50, i20 %mxm_execute_ursa_signed_char_unsigned_short_unsigned_char_unsigned_short_i_49, i20 %mxm_execute_ursa_signed_char_unsigned_short_unsigned_char_unsigned_short_i_48, i20 %mxm_execute_ursa_signed_char_unsigned_short_unsigned_char_unsigned_short_i_47, i20 %mxm_execute_ursa_signed_char_unsigned_short_unsigned_char_unsigned_short_i_46, i20 %mxm_execute_ursa_signed_char_unsigned_short_unsigned_char_unsigned_short_i_45, i20 %mxm_execute_ursa_signed_char_unsigned_short_unsigned_char_unsigned_short_i_44, i20 %mxm_execute_ursa_signed_char_unsigned_short_unsigned_char_unsigned_short_i_43, i20 %mxm_execute_ursa_signed_char_unsigned_short_unsigned_char_unsigned_short_i_42, i20 %mxm_execute_ursa_signed_char_unsigned_short_unsigned_char_unsigned_short_i_41, i20 %mxm_execute_ursa_signed_char_unsigned_short_unsigned_char_unsigned_short_i_40, i20 %mxm_execute_ursa_signed_char_unsigned_short_unsigned_char_unsigned_short_i_39, i20 %mxm_execute_ursa_signed_char_unsigned_short_unsigned_char_unsigned_short_i_38, i20 %mxm_execute_ursa_signed_char_unsigned_short_unsigned_char_unsigned_short_i_37, i20 %mxm_execute_ursa_signed_char_unsigned_short_unsigned_char_unsigned_short_i_36, i20 %mxm_execute_ursa_signed_char_unsigned_short_unsigned_char_unsigned_short_i_35, i20 %mxm_execute_ursa_signed_char_unsigned_short_unsigned_char_unsigned_short_i_34, i20 %mxm_execute_ursa_signed_char_unsigned_short_unsigned_char_unsigned_short_i_33, i20 %mxm_execute_ursa_signed_char_unsigned_short_unsigned_char_unsigned_short_i_32, i20 %mxm_execute_ursa_signed_char_unsigned_short_unsigned_char_unsigned_short_i_31, i20 %mxm_execute_ursa_signed_char_unsigned_short_unsigned_char_unsigned_short_i_30, i20 %mxm_execute_ursa_signed_char_unsigned_short_unsigned_char_unsigned_short_i_29, i20 %mxm_execute_ursa_signed_char_unsigned_short_unsigned_char_unsigned_short_i_28, i20 %mxm_execute_ursa_signed_char_unsigned_short_unsigned_char_unsigned_short_i_27, i20 %mxm_execute_ursa_signed_char_unsigned_short_unsigned_char_unsigned_short_i_26, i20 %mxm_execute_ursa_signed_char_unsigned_short_unsigned_char_unsigned_short_i_25, i20 %mxm_execute_ursa_signed_char_unsigned_short_unsigned_char_unsigned_short_i_24, i20 %mxm_execute_ursa_signed_char_unsigned_short_unsigned_char_unsigned_short_i_23, i20 %mxm_execute_ursa_signed_char_unsigned_short_unsigned_char_unsigned_short_i_22, i20 %mxm_execute_ursa_signed_char_unsigned_short_unsigned_char_unsigned_short_i_21, i20 %mxm_execute_ursa_signed_char_unsigned_short_unsigned_char_unsigned_short_i_20, i20 %mxm_execute_ursa_signed_char_unsigned_short_unsigned_char_unsigned_short_i_19, i20 %mxm_execute_ursa_signed_char_unsigned_short_unsigned_char_unsigned_short_i_18, i20 %mxm_execute_ursa_signed_char_unsigned_short_unsigned_char_unsigned_short_i_17, i20 %mxm_execute_ursa_signed_char_unsigned_short_unsigned_char_unsigned_short_i_16, i20 %mxm_execute_ursa_signed_char_unsigned_short_unsigned_char_unsigned_short_i_15, i20 %mxm_execute_ursa_signed_char_unsigned_short_unsigned_char_unsigned_short_i_14, i20 %mxm_execute_ursa_signed_char_unsigned_short_unsigned_char_unsigned_short_i_13, i20 %mxm_execute_ursa_signed_char_unsigned_short_unsigned_char_unsigned_short_i_12, i20 %mxm_execute_ursa_signed_char_unsigned_short_unsigned_char_unsigned_short_i_11, i20 %mxm_execute_ursa_signed_char_unsigned_short_unsigned_char_unsigned_short_i_10, i20 %mxm_execute_ursa_signed_char_unsigned_short_unsigned_char_unsigned_short_i_9, i20 %mxm_execute_ursa_signed_char_unsigned_short_unsigned_char_unsigned_short_i_8, i20 %mxm_execute_ursa_signed_char_unsigned_short_unsigned_char_unsigned_short_i_7, i20 %mxm_execute_ursa_signed_char_unsigned_short_unsigned_char_unsigned_short_i_6, i20 %mxm_execute_ursa_signed_char_unsigned_short_unsigned_char_unsigned_short_i_5, i20 %mxm_execute_ursa_signed_char_unsigned_short_unsigned_char_unsigned_short_i_4, i20 %mxm_execute_ursa_signed_char_unsigned_short_unsigned_char_unsigned_short_i_3, i20 %mxm_execute_ursa_signed_char_unsigned_short_unsigned_char_unsigned_short_i_2, i20 %mxm_execute_ursa_signed_char_unsigned_short_unsigned_char_unsigned_short_i_1, i20 %mxm_execute_ursa_signed_char_unsigned_short_unsigned_char_unsigned_short_i" [/home/ulisses/Projects/ursa/src/core/shell.cpp:301]   --->   Operation 271 'call' 'call_ln301' <Predicate = true> <Delay = 0.00> <CoreType = "Generic">   --->   Core 0 '' <Latency = 0> <II = 1> <Delay = 1.00> <Generic> <Opcode : >

State 124 <SV = 123> <Delay = 0.00>
ST_124 : Operation 272 [11/70] (0.00ns)   --->   "%call_ln301 = call void @sa_store, i32 %ca, i32 %addr_sa_c, i16 %b0_q_read, i20 %mxm_execute_ursa_signed_char_unsigned_short_unsigned_char_unsigned_short_i_63, i20 %mxm_execute_ursa_signed_char_unsigned_short_unsigned_char_unsigned_short_i_62, i20 %mxm_execute_ursa_signed_char_unsigned_short_unsigned_char_unsigned_short_i_61, i20 %mxm_execute_ursa_signed_char_unsigned_short_unsigned_char_unsigned_short_i_60, i20 %mxm_execute_ursa_signed_char_unsigned_short_unsigned_char_unsigned_short_i_59, i20 %mxm_execute_ursa_signed_char_unsigned_short_unsigned_char_unsigned_short_i_58, i20 %mxm_execute_ursa_signed_char_unsigned_short_unsigned_char_unsigned_short_i_57, i20 %mxm_execute_ursa_signed_char_unsigned_short_unsigned_char_unsigned_short_i_56, i20 %mxm_execute_ursa_signed_char_unsigned_short_unsigned_char_unsigned_short_i_55, i20 %mxm_execute_ursa_signed_char_unsigned_short_unsigned_char_unsigned_short_i_54, i20 %mxm_execute_ursa_signed_char_unsigned_short_unsigned_char_unsigned_short_i_53, i20 %mxm_execute_ursa_signed_char_unsigned_short_unsigned_char_unsigned_short_i_52, i20 %mxm_execute_ursa_signed_char_unsigned_short_unsigned_char_unsigned_short_i_51, i20 %mxm_execute_ursa_signed_char_unsigned_short_unsigned_char_unsigned_short_i_50, i20 %mxm_execute_ursa_signed_char_unsigned_short_unsigned_char_unsigned_short_i_49, i20 %mxm_execute_ursa_signed_char_unsigned_short_unsigned_char_unsigned_short_i_48, i20 %mxm_execute_ursa_signed_char_unsigned_short_unsigned_char_unsigned_short_i_47, i20 %mxm_execute_ursa_signed_char_unsigned_short_unsigned_char_unsigned_short_i_46, i20 %mxm_execute_ursa_signed_char_unsigned_short_unsigned_char_unsigned_short_i_45, i20 %mxm_execute_ursa_signed_char_unsigned_short_unsigned_char_unsigned_short_i_44, i20 %mxm_execute_ursa_signed_char_unsigned_short_unsigned_char_unsigned_short_i_43, i20 %mxm_execute_ursa_signed_char_unsigned_short_unsigned_char_unsigned_short_i_42, i20 %mxm_execute_ursa_signed_char_unsigned_short_unsigned_char_unsigned_short_i_41, i20 %mxm_execute_ursa_signed_char_unsigned_short_unsigned_char_unsigned_short_i_40, i20 %mxm_execute_ursa_signed_char_unsigned_short_unsigned_char_unsigned_short_i_39, i20 %mxm_execute_ursa_signed_char_unsigned_short_unsigned_char_unsigned_short_i_38, i20 %mxm_execute_ursa_signed_char_unsigned_short_unsigned_char_unsigned_short_i_37, i20 %mxm_execute_ursa_signed_char_unsigned_short_unsigned_char_unsigned_short_i_36, i20 %mxm_execute_ursa_signed_char_unsigned_short_unsigned_char_unsigned_short_i_35, i20 %mxm_execute_ursa_signed_char_unsigned_short_unsigned_char_unsigned_short_i_34, i20 %mxm_execute_ursa_signed_char_unsigned_short_unsigned_char_unsigned_short_i_33, i20 %mxm_execute_ursa_signed_char_unsigned_short_unsigned_char_unsigned_short_i_32, i20 %mxm_execute_ursa_signed_char_unsigned_short_unsigned_char_unsigned_short_i_31, i20 %mxm_execute_ursa_signed_char_unsigned_short_unsigned_char_unsigned_short_i_30, i20 %mxm_execute_ursa_signed_char_unsigned_short_unsigned_char_unsigned_short_i_29, i20 %mxm_execute_ursa_signed_char_unsigned_short_unsigned_char_unsigned_short_i_28, i20 %mxm_execute_ursa_signed_char_unsigned_short_unsigned_char_unsigned_short_i_27, i20 %mxm_execute_ursa_signed_char_unsigned_short_unsigned_char_unsigned_short_i_26, i20 %mxm_execute_ursa_signed_char_unsigned_short_unsigned_char_unsigned_short_i_25, i20 %mxm_execute_ursa_signed_char_unsigned_short_unsigned_char_unsigned_short_i_24, i20 %mxm_execute_ursa_signed_char_unsigned_short_unsigned_char_unsigned_short_i_23, i20 %mxm_execute_ursa_signed_char_unsigned_short_unsigned_char_unsigned_short_i_22, i20 %mxm_execute_ursa_signed_char_unsigned_short_unsigned_char_unsigned_short_i_21, i20 %mxm_execute_ursa_signed_char_unsigned_short_unsigned_char_unsigned_short_i_20, i20 %mxm_execute_ursa_signed_char_unsigned_short_unsigned_char_unsigned_short_i_19, i20 %mxm_execute_ursa_signed_char_unsigned_short_unsigned_char_unsigned_short_i_18, i20 %mxm_execute_ursa_signed_char_unsigned_short_unsigned_char_unsigned_short_i_17, i20 %mxm_execute_ursa_signed_char_unsigned_short_unsigned_char_unsigned_short_i_16, i20 %mxm_execute_ursa_signed_char_unsigned_short_unsigned_char_unsigned_short_i_15, i20 %mxm_execute_ursa_signed_char_unsigned_short_unsigned_char_unsigned_short_i_14, i20 %mxm_execute_ursa_signed_char_unsigned_short_unsigned_char_unsigned_short_i_13, i20 %mxm_execute_ursa_signed_char_unsigned_short_unsigned_char_unsigned_short_i_12, i20 %mxm_execute_ursa_signed_char_unsigned_short_unsigned_char_unsigned_short_i_11, i20 %mxm_execute_ursa_signed_char_unsigned_short_unsigned_char_unsigned_short_i_10, i20 %mxm_execute_ursa_signed_char_unsigned_short_unsigned_char_unsigned_short_i_9, i20 %mxm_execute_ursa_signed_char_unsigned_short_unsigned_char_unsigned_short_i_8, i20 %mxm_execute_ursa_signed_char_unsigned_short_unsigned_char_unsigned_short_i_7, i20 %mxm_execute_ursa_signed_char_unsigned_short_unsigned_char_unsigned_short_i_6, i20 %mxm_execute_ursa_signed_char_unsigned_short_unsigned_char_unsigned_short_i_5, i20 %mxm_execute_ursa_signed_char_unsigned_short_unsigned_char_unsigned_short_i_4, i20 %mxm_execute_ursa_signed_char_unsigned_short_unsigned_char_unsigned_short_i_3, i20 %mxm_execute_ursa_signed_char_unsigned_short_unsigned_char_unsigned_short_i_2, i20 %mxm_execute_ursa_signed_char_unsigned_short_unsigned_char_unsigned_short_i_1, i20 %mxm_execute_ursa_signed_char_unsigned_short_unsigned_char_unsigned_short_i" [/home/ulisses/Projects/ursa/src/core/shell.cpp:301]   --->   Operation 272 'call' 'call_ln301' <Predicate = true> <Delay = 0.00> <CoreType = "Generic">   --->   Core 0 '' <Latency = 0> <II = 1> <Delay = 1.00> <Generic> <Opcode : >

State 125 <SV = 124> <Delay = 0.00>
ST_125 : Operation 273 [10/70] (0.00ns)   --->   "%call_ln301 = call void @sa_store, i32 %ca, i32 %addr_sa_c, i16 %b0_q_read, i20 %mxm_execute_ursa_signed_char_unsigned_short_unsigned_char_unsigned_short_i_63, i20 %mxm_execute_ursa_signed_char_unsigned_short_unsigned_char_unsigned_short_i_62, i20 %mxm_execute_ursa_signed_char_unsigned_short_unsigned_char_unsigned_short_i_61, i20 %mxm_execute_ursa_signed_char_unsigned_short_unsigned_char_unsigned_short_i_60, i20 %mxm_execute_ursa_signed_char_unsigned_short_unsigned_char_unsigned_short_i_59, i20 %mxm_execute_ursa_signed_char_unsigned_short_unsigned_char_unsigned_short_i_58, i20 %mxm_execute_ursa_signed_char_unsigned_short_unsigned_char_unsigned_short_i_57, i20 %mxm_execute_ursa_signed_char_unsigned_short_unsigned_char_unsigned_short_i_56, i20 %mxm_execute_ursa_signed_char_unsigned_short_unsigned_char_unsigned_short_i_55, i20 %mxm_execute_ursa_signed_char_unsigned_short_unsigned_char_unsigned_short_i_54, i20 %mxm_execute_ursa_signed_char_unsigned_short_unsigned_char_unsigned_short_i_53, i20 %mxm_execute_ursa_signed_char_unsigned_short_unsigned_char_unsigned_short_i_52, i20 %mxm_execute_ursa_signed_char_unsigned_short_unsigned_char_unsigned_short_i_51, i20 %mxm_execute_ursa_signed_char_unsigned_short_unsigned_char_unsigned_short_i_50, i20 %mxm_execute_ursa_signed_char_unsigned_short_unsigned_char_unsigned_short_i_49, i20 %mxm_execute_ursa_signed_char_unsigned_short_unsigned_char_unsigned_short_i_48, i20 %mxm_execute_ursa_signed_char_unsigned_short_unsigned_char_unsigned_short_i_47, i20 %mxm_execute_ursa_signed_char_unsigned_short_unsigned_char_unsigned_short_i_46, i20 %mxm_execute_ursa_signed_char_unsigned_short_unsigned_char_unsigned_short_i_45, i20 %mxm_execute_ursa_signed_char_unsigned_short_unsigned_char_unsigned_short_i_44, i20 %mxm_execute_ursa_signed_char_unsigned_short_unsigned_char_unsigned_short_i_43, i20 %mxm_execute_ursa_signed_char_unsigned_short_unsigned_char_unsigned_short_i_42, i20 %mxm_execute_ursa_signed_char_unsigned_short_unsigned_char_unsigned_short_i_41, i20 %mxm_execute_ursa_signed_char_unsigned_short_unsigned_char_unsigned_short_i_40, i20 %mxm_execute_ursa_signed_char_unsigned_short_unsigned_char_unsigned_short_i_39, i20 %mxm_execute_ursa_signed_char_unsigned_short_unsigned_char_unsigned_short_i_38, i20 %mxm_execute_ursa_signed_char_unsigned_short_unsigned_char_unsigned_short_i_37, i20 %mxm_execute_ursa_signed_char_unsigned_short_unsigned_char_unsigned_short_i_36, i20 %mxm_execute_ursa_signed_char_unsigned_short_unsigned_char_unsigned_short_i_35, i20 %mxm_execute_ursa_signed_char_unsigned_short_unsigned_char_unsigned_short_i_34, i20 %mxm_execute_ursa_signed_char_unsigned_short_unsigned_char_unsigned_short_i_33, i20 %mxm_execute_ursa_signed_char_unsigned_short_unsigned_char_unsigned_short_i_32, i20 %mxm_execute_ursa_signed_char_unsigned_short_unsigned_char_unsigned_short_i_31, i20 %mxm_execute_ursa_signed_char_unsigned_short_unsigned_char_unsigned_short_i_30, i20 %mxm_execute_ursa_signed_char_unsigned_short_unsigned_char_unsigned_short_i_29, i20 %mxm_execute_ursa_signed_char_unsigned_short_unsigned_char_unsigned_short_i_28, i20 %mxm_execute_ursa_signed_char_unsigned_short_unsigned_char_unsigned_short_i_27, i20 %mxm_execute_ursa_signed_char_unsigned_short_unsigned_char_unsigned_short_i_26, i20 %mxm_execute_ursa_signed_char_unsigned_short_unsigned_char_unsigned_short_i_25, i20 %mxm_execute_ursa_signed_char_unsigned_short_unsigned_char_unsigned_short_i_24, i20 %mxm_execute_ursa_signed_char_unsigned_short_unsigned_char_unsigned_short_i_23, i20 %mxm_execute_ursa_signed_char_unsigned_short_unsigned_char_unsigned_short_i_22, i20 %mxm_execute_ursa_signed_char_unsigned_short_unsigned_char_unsigned_short_i_21, i20 %mxm_execute_ursa_signed_char_unsigned_short_unsigned_char_unsigned_short_i_20, i20 %mxm_execute_ursa_signed_char_unsigned_short_unsigned_char_unsigned_short_i_19, i20 %mxm_execute_ursa_signed_char_unsigned_short_unsigned_char_unsigned_short_i_18, i20 %mxm_execute_ursa_signed_char_unsigned_short_unsigned_char_unsigned_short_i_17, i20 %mxm_execute_ursa_signed_char_unsigned_short_unsigned_char_unsigned_short_i_16, i20 %mxm_execute_ursa_signed_char_unsigned_short_unsigned_char_unsigned_short_i_15, i20 %mxm_execute_ursa_signed_char_unsigned_short_unsigned_char_unsigned_short_i_14, i20 %mxm_execute_ursa_signed_char_unsigned_short_unsigned_char_unsigned_short_i_13, i20 %mxm_execute_ursa_signed_char_unsigned_short_unsigned_char_unsigned_short_i_12, i20 %mxm_execute_ursa_signed_char_unsigned_short_unsigned_char_unsigned_short_i_11, i20 %mxm_execute_ursa_signed_char_unsigned_short_unsigned_char_unsigned_short_i_10, i20 %mxm_execute_ursa_signed_char_unsigned_short_unsigned_char_unsigned_short_i_9, i20 %mxm_execute_ursa_signed_char_unsigned_short_unsigned_char_unsigned_short_i_8, i20 %mxm_execute_ursa_signed_char_unsigned_short_unsigned_char_unsigned_short_i_7, i20 %mxm_execute_ursa_signed_char_unsigned_short_unsigned_char_unsigned_short_i_6, i20 %mxm_execute_ursa_signed_char_unsigned_short_unsigned_char_unsigned_short_i_5, i20 %mxm_execute_ursa_signed_char_unsigned_short_unsigned_char_unsigned_short_i_4, i20 %mxm_execute_ursa_signed_char_unsigned_short_unsigned_char_unsigned_short_i_3, i20 %mxm_execute_ursa_signed_char_unsigned_short_unsigned_char_unsigned_short_i_2, i20 %mxm_execute_ursa_signed_char_unsigned_short_unsigned_char_unsigned_short_i_1, i20 %mxm_execute_ursa_signed_char_unsigned_short_unsigned_char_unsigned_short_i" [/home/ulisses/Projects/ursa/src/core/shell.cpp:301]   --->   Operation 273 'call' 'call_ln301' <Predicate = true> <Delay = 0.00> <CoreType = "Generic">   --->   Core 0 '' <Latency = 0> <II = 1> <Delay = 1.00> <Generic> <Opcode : >

State 126 <SV = 125> <Delay = 0.00>
ST_126 : Operation 274 [9/70] (0.00ns)   --->   "%call_ln301 = call void @sa_store, i32 %ca, i32 %addr_sa_c, i16 %b0_q_read, i20 %mxm_execute_ursa_signed_char_unsigned_short_unsigned_char_unsigned_short_i_63, i20 %mxm_execute_ursa_signed_char_unsigned_short_unsigned_char_unsigned_short_i_62, i20 %mxm_execute_ursa_signed_char_unsigned_short_unsigned_char_unsigned_short_i_61, i20 %mxm_execute_ursa_signed_char_unsigned_short_unsigned_char_unsigned_short_i_60, i20 %mxm_execute_ursa_signed_char_unsigned_short_unsigned_char_unsigned_short_i_59, i20 %mxm_execute_ursa_signed_char_unsigned_short_unsigned_char_unsigned_short_i_58, i20 %mxm_execute_ursa_signed_char_unsigned_short_unsigned_char_unsigned_short_i_57, i20 %mxm_execute_ursa_signed_char_unsigned_short_unsigned_char_unsigned_short_i_56, i20 %mxm_execute_ursa_signed_char_unsigned_short_unsigned_char_unsigned_short_i_55, i20 %mxm_execute_ursa_signed_char_unsigned_short_unsigned_char_unsigned_short_i_54, i20 %mxm_execute_ursa_signed_char_unsigned_short_unsigned_char_unsigned_short_i_53, i20 %mxm_execute_ursa_signed_char_unsigned_short_unsigned_char_unsigned_short_i_52, i20 %mxm_execute_ursa_signed_char_unsigned_short_unsigned_char_unsigned_short_i_51, i20 %mxm_execute_ursa_signed_char_unsigned_short_unsigned_char_unsigned_short_i_50, i20 %mxm_execute_ursa_signed_char_unsigned_short_unsigned_char_unsigned_short_i_49, i20 %mxm_execute_ursa_signed_char_unsigned_short_unsigned_char_unsigned_short_i_48, i20 %mxm_execute_ursa_signed_char_unsigned_short_unsigned_char_unsigned_short_i_47, i20 %mxm_execute_ursa_signed_char_unsigned_short_unsigned_char_unsigned_short_i_46, i20 %mxm_execute_ursa_signed_char_unsigned_short_unsigned_char_unsigned_short_i_45, i20 %mxm_execute_ursa_signed_char_unsigned_short_unsigned_char_unsigned_short_i_44, i20 %mxm_execute_ursa_signed_char_unsigned_short_unsigned_char_unsigned_short_i_43, i20 %mxm_execute_ursa_signed_char_unsigned_short_unsigned_char_unsigned_short_i_42, i20 %mxm_execute_ursa_signed_char_unsigned_short_unsigned_char_unsigned_short_i_41, i20 %mxm_execute_ursa_signed_char_unsigned_short_unsigned_char_unsigned_short_i_40, i20 %mxm_execute_ursa_signed_char_unsigned_short_unsigned_char_unsigned_short_i_39, i20 %mxm_execute_ursa_signed_char_unsigned_short_unsigned_char_unsigned_short_i_38, i20 %mxm_execute_ursa_signed_char_unsigned_short_unsigned_char_unsigned_short_i_37, i20 %mxm_execute_ursa_signed_char_unsigned_short_unsigned_char_unsigned_short_i_36, i20 %mxm_execute_ursa_signed_char_unsigned_short_unsigned_char_unsigned_short_i_35, i20 %mxm_execute_ursa_signed_char_unsigned_short_unsigned_char_unsigned_short_i_34, i20 %mxm_execute_ursa_signed_char_unsigned_short_unsigned_char_unsigned_short_i_33, i20 %mxm_execute_ursa_signed_char_unsigned_short_unsigned_char_unsigned_short_i_32, i20 %mxm_execute_ursa_signed_char_unsigned_short_unsigned_char_unsigned_short_i_31, i20 %mxm_execute_ursa_signed_char_unsigned_short_unsigned_char_unsigned_short_i_30, i20 %mxm_execute_ursa_signed_char_unsigned_short_unsigned_char_unsigned_short_i_29, i20 %mxm_execute_ursa_signed_char_unsigned_short_unsigned_char_unsigned_short_i_28, i20 %mxm_execute_ursa_signed_char_unsigned_short_unsigned_char_unsigned_short_i_27, i20 %mxm_execute_ursa_signed_char_unsigned_short_unsigned_char_unsigned_short_i_26, i20 %mxm_execute_ursa_signed_char_unsigned_short_unsigned_char_unsigned_short_i_25, i20 %mxm_execute_ursa_signed_char_unsigned_short_unsigned_char_unsigned_short_i_24, i20 %mxm_execute_ursa_signed_char_unsigned_short_unsigned_char_unsigned_short_i_23, i20 %mxm_execute_ursa_signed_char_unsigned_short_unsigned_char_unsigned_short_i_22, i20 %mxm_execute_ursa_signed_char_unsigned_short_unsigned_char_unsigned_short_i_21, i20 %mxm_execute_ursa_signed_char_unsigned_short_unsigned_char_unsigned_short_i_20, i20 %mxm_execute_ursa_signed_char_unsigned_short_unsigned_char_unsigned_short_i_19, i20 %mxm_execute_ursa_signed_char_unsigned_short_unsigned_char_unsigned_short_i_18, i20 %mxm_execute_ursa_signed_char_unsigned_short_unsigned_char_unsigned_short_i_17, i20 %mxm_execute_ursa_signed_char_unsigned_short_unsigned_char_unsigned_short_i_16, i20 %mxm_execute_ursa_signed_char_unsigned_short_unsigned_char_unsigned_short_i_15, i20 %mxm_execute_ursa_signed_char_unsigned_short_unsigned_char_unsigned_short_i_14, i20 %mxm_execute_ursa_signed_char_unsigned_short_unsigned_char_unsigned_short_i_13, i20 %mxm_execute_ursa_signed_char_unsigned_short_unsigned_char_unsigned_short_i_12, i20 %mxm_execute_ursa_signed_char_unsigned_short_unsigned_char_unsigned_short_i_11, i20 %mxm_execute_ursa_signed_char_unsigned_short_unsigned_char_unsigned_short_i_10, i20 %mxm_execute_ursa_signed_char_unsigned_short_unsigned_char_unsigned_short_i_9, i20 %mxm_execute_ursa_signed_char_unsigned_short_unsigned_char_unsigned_short_i_8, i20 %mxm_execute_ursa_signed_char_unsigned_short_unsigned_char_unsigned_short_i_7, i20 %mxm_execute_ursa_signed_char_unsigned_short_unsigned_char_unsigned_short_i_6, i20 %mxm_execute_ursa_signed_char_unsigned_short_unsigned_char_unsigned_short_i_5, i20 %mxm_execute_ursa_signed_char_unsigned_short_unsigned_char_unsigned_short_i_4, i20 %mxm_execute_ursa_signed_char_unsigned_short_unsigned_char_unsigned_short_i_3, i20 %mxm_execute_ursa_signed_char_unsigned_short_unsigned_char_unsigned_short_i_2, i20 %mxm_execute_ursa_signed_char_unsigned_short_unsigned_char_unsigned_short_i_1, i20 %mxm_execute_ursa_signed_char_unsigned_short_unsigned_char_unsigned_short_i" [/home/ulisses/Projects/ursa/src/core/shell.cpp:301]   --->   Operation 274 'call' 'call_ln301' <Predicate = true> <Delay = 0.00> <CoreType = "Generic">   --->   Core 0 '' <Latency = 0> <II = 1> <Delay = 1.00> <Generic> <Opcode : >

State 127 <SV = 126> <Delay = 0.00>
ST_127 : Operation 275 [8/70] (0.00ns)   --->   "%call_ln301 = call void @sa_store, i32 %ca, i32 %addr_sa_c, i16 %b0_q_read, i20 %mxm_execute_ursa_signed_char_unsigned_short_unsigned_char_unsigned_short_i_63, i20 %mxm_execute_ursa_signed_char_unsigned_short_unsigned_char_unsigned_short_i_62, i20 %mxm_execute_ursa_signed_char_unsigned_short_unsigned_char_unsigned_short_i_61, i20 %mxm_execute_ursa_signed_char_unsigned_short_unsigned_char_unsigned_short_i_60, i20 %mxm_execute_ursa_signed_char_unsigned_short_unsigned_char_unsigned_short_i_59, i20 %mxm_execute_ursa_signed_char_unsigned_short_unsigned_char_unsigned_short_i_58, i20 %mxm_execute_ursa_signed_char_unsigned_short_unsigned_char_unsigned_short_i_57, i20 %mxm_execute_ursa_signed_char_unsigned_short_unsigned_char_unsigned_short_i_56, i20 %mxm_execute_ursa_signed_char_unsigned_short_unsigned_char_unsigned_short_i_55, i20 %mxm_execute_ursa_signed_char_unsigned_short_unsigned_char_unsigned_short_i_54, i20 %mxm_execute_ursa_signed_char_unsigned_short_unsigned_char_unsigned_short_i_53, i20 %mxm_execute_ursa_signed_char_unsigned_short_unsigned_char_unsigned_short_i_52, i20 %mxm_execute_ursa_signed_char_unsigned_short_unsigned_char_unsigned_short_i_51, i20 %mxm_execute_ursa_signed_char_unsigned_short_unsigned_char_unsigned_short_i_50, i20 %mxm_execute_ursa_signed_char_unsigned_short_unsigned_char_unsigned_short_i_49, i20 %mxm_execute_ursa_signed_char_unsigned_short_unsigned_char_unsigned_short_i_48, i20 %mxm_execute_ursa_signed_char_unsigned_short_unsigned_char_unsigned_short_i_47, i20 %mxm_execute_ursa_signed_char_unsigned_short_unsigned_char_unsigned_short_i_46, i20 %mxm_execute_ursa_signed_char_unsigned_short_unsigned_char_unsigned_short_i_45, i20 %mxm_execute_ursa_signed_char_unsigned_short_unsigned_char_unsigned_short_i_44, i20 %mxm_execute_ursa_signed_char_unsigned_short_unsigned_char_unsigned_short_i_43, i20 %mxm_execute_ursa_signed_char_unsigned_short_unsigned_char_unsigned_short_i_42, i20 %mxm_execute_ursa_signed_char_unsigned_short_unsigned_char_unsigned_short_i_41, i20 %mxm_execute_ursa_signed_char_unsigned_short_unsigned_char_unsigned_short_i_40, i20 %mxm_execute_ursa_signed_char_unsigned_short_unsigned_char_unsigned_short_i_39, i20 %mxm_execute_ursa_signed_char_unsigned_short_unsigned_char_unsigned_short_i_38, i20 %mxm_execute_ursa_signed_char_unsigned_short_unsigned_char_unsigned_short_i_37, i20 %mxm_execute_ursa_signed_char_unsigned_short_unsigned_char_unsigned_short_i_36, i20 %mxm_execute_ursa_signed_char_unsigned_short_unsigned_char_unsigned_short_i_35, i20 %mxm_execute_ursa_signed_char_unsigned_short_unsigned_char_unsigned_short_i_34, i20 %mxm_execute_ursa_signed_char_unsigned_short_unsigned_char_unsigned_short_i_33, i20 %mxm_execute_ursa_signed_char_unsigned_short_unsigned_char_unsigned_short_i_32, i20 %mxm_execute_ursa_signed_char_unsigned_short_unsigned_char_unsigned_short_i_31, i20 %mxm_execute_ursa_signed_char_unsigned_short_unsigned_char_unsigned_short_i_30, i20 %mxm_execute_ursa_signed_char_unsigned_short_unsigned_char_unsigned_short_i_29, i20 %mxm_execute_ursa_signed_char_unsigned_short_unsigned_char_unsigned_short_i_28, i20 %mxm_execute_ursa_signed_char_unsigned_short_unsigned_char_unsigned_short_i_27, i20 %mxm_execute_ursa_signed_char_unsigned_short_unsigned_char_unsigned_short_i_26, i20 %mxm_execute_ursa_signed_char_unsigned_short_unsigned_char_unsigned_short_i_25, i20 %mxm_execute_ursa_signed_char_unsigned_short_unsigned_char_unsigned_short_i_24, i20 %mxm_execute_ursa_signed_char_unsigned_short_unsigned_char_unsigned_short_i_23, i20 %mxm_execute_ursa_signed_char_unsigned_short_unsigned_char_unsigned_short_i_22, i20 %mxm_execute_ursa_signed_char_unsigned_short_unsigned_char_unsigned_short_i_21, i20 %mxm_execute_ursa_signed_char_unsigned_short_unsigned_char_unsigned_short_i_20, i20 %mxm_execute_ursa_signed_char_unsigned_short_unsigned_char_unsigned_short_i_19, i20 %mxm_execute_ursa_signed_char_unsigned_short_unsigned_char_unsigned_short_i_18, i20 %mxm_execute_ursa_signed_char_unsigned_short_unsigned_char_unsigned_short_i_17, i20 %mxm_execute_ursa_signed_char_unsigned_short_unsigned_char_unsigned_short_i_16, i20 %mxm_execute_ursa_signed_char_unsigned_short_unsigned_char_unsigned_short_i_15, i20 %mxm_execute_ursa_signed_char_unsigned_short_unsigned_char_unsigned_short_i_14, i20 %mxm_execute_ursa_signed_char_unsigned_short_unsigned_char_unsigned_short_i_13, i20 %mxm_execute_ursa_signed_char_unsigned_short_unsigned_char_unsigned_short_i_12, i20 %mxm_execute_ursa_signed_char_unsigned_short_unsigned_char_unsigned_short_i_11, i20 %mxm_execute_ursa_signed_char_unsigned_short_unsigned_char_unsigned_short_i_10, i20 %mxm_execute_ursa_signed_char_unsigned_short_unsigned_char_unsigned_short_i_9, i20 %mxm_execute_ursa_signed_char_unsigned_short_unsigned_char_unsigned_short_i_8, i20 %mxm_execute_ursa_signed_char_unsigned_short_unsigned_char_unsigned_short_i_7, i20 %mxm_execute_ursa_signed_char_unsigned_short_unsigned_char_unsigned_short_i_6, i20 %mxm_execute_ursa_signed_char_unsigned_short_unsigned_char_unsigned_short_i_5, i20 %mxm_execute_ursa_signed_char_unsigned_short_unsigned_char_unsigned_short_i_4, i20 %mxm_execute_ursa_signed_char_unsigned_short_unsigned_char_unsigned_short_i_3, i20 %mxm_execute_ursa_signed_char_unsigned_short_unsigned_char_unsigned_short_i_2, i20 %mxm_execute_ursa_signed_char_unsigned_short_unsigned_char_unsigned_short_i_1, i20 %mxm_execute_ursa_signed_char_unsigned_short_unsigned_char_unsigned_short_i" [/home/ulisses/Projects/ursa/src/core/shell.cpp:301]   --->   Operation 275 'call' 'call_ln301' <Predicate = true> <Delay = 0.00> <CoreType = "Generic">   --->   Core 0 '' <Latency = 0> <II = 1> <Delay = 1.00> <Generic> <Opcode : >

State 128 <SV = 127> <Delay = 0.00>
ST_128 : Operation 276 [7/70] (0.00ns)   --->   "%call_ln301 = call void @sa_store, i32 %ca, i32 %addr_sa_c, i16 %b0_q_read, i20 %mxm_execute_ursa_signed_char_unsigned_short_unsigned_char_unsigned_short_i_63, i20 %mxm_execute_ursa_signed_char_unsigned_short_unsigned_char_unsigned_short_i_62, i20 %mxm_execute_ursa_signed_char_unsigned_short_unsigned_char_unsigned_short_i_61, i20 %mxm_execute_ursa_signed_char_unsigned_short_unsigned_char_unsigned_short_i_60, i20 %mxm_execute_ursa_signed_char_unsigned_short_unsigned_char_unsigned_short_i_59, i20 %mxm_execute_ursa_signed_char_unsigned_short_unsigned_char_unsigned_short_i_58, i20 %mxm_execute_ursa_signed_char_unsigned_short_unsigned_char_unsigned_short_i_57, i20 %mxm_execute_ursa_signed_char_unsigned_short_unsigned_char_unsigned_short_i_56, i20 %mxm_execute_ursa_signed_char_unsigned_short_unsigned_char_unsigned_short_i_55, i20 %mxm_execute_ursa_signed_char_unsigned_short_unsigned_char_unsigned_short_i_54, i20 %mxm_execute_ursa_signed_char_unsigned_short_unsigned_char_unsigned_short_i_53, i20 %mxm_execute_ursa_signed_char_unsigned_short_unsigned_char_unsigned_short_i_52, i20 %mxm_execute_ursa_signed_char_unsigned_short_unsigned_char_unsigned_short_i_51, i20 %mxm_execute_ursa_signed_char_unsigned_short_unsigned_char_unsigned_short_i_50, i20 %mxm_execute_ursa_signed_char_unsigned_short_unsigned_char_unsigned_short_i_49, i20 %mxm_execute_ursa_signed_char_unsigned_short_unsigned_char_unsigned_short_i_48, i20 %mxm_execute_ursa_signed_char_unsigned_short_unsigned_char_unsigned_short_i_47, i20 %mxm_execute_ursa_signed_char_unsigned_short_unsigned_char_unsigned_short_i_46, i20 %mxm_execute_ursa_signed_char_unsigned_short_unsigned_char_unsigned_short_i_45, i20 %mxm_execute_ursa_signed_char_unsigned_short_unsigned_char_unsigned_short_i_44, i20 %mxm_execute_ursa_signed_char_unsigned_short_unsigned_char_unsigned_short_i_43, i20 %mxm_execute_ursa_signed_char_unsigned_short_unsigned_char_unsigned_short_i_42, i20 %mxm_execute_ursa_signed_char_unsigned_short_unsigned_char_unsigned_short_i_41, i20 %mxm_execute_ursa_signed_char_unsigned_short_unsigned_char_unsigned_short_i_40, i20 %mxm_execute_ursa_signed_char_unsigned_short_unsigned_char_unsigned_short_i_39, i20 %mxm_execute_ursa_signed_char_unsigned_short_unsigned_char_unsigned_short_i_38, i20 %mxm_execute_ursa_signed_char_unsigned_short_unsigned_char_unsigned_short_i_37, i20 %mxm_execute_ursa_signed_char_unsigned_short_unsigned_char_unsigned_short_i_36, i20 %mxm_execute_ursa_signed_char_unsigned_short_unsigned_char_unsigned_short_i_35, i20 %mxm_execute_ursa_signed_char_unsigned_short_unsigned_char_unsigned_short_i_34, i20 %mxm_execute_ursa_signed_char_unsigned_short_unsigned_char_unsigned_short_i_33, i20 %mxm_execute_ursa_signed_char_unsigned_short_unsigned_char_unsigned_short_i_32, i20 %mxm_execute_ursa_signed_char_unsigned_short_unsigned_char_unsigned_short_i_31, i20 %mxm_execute_ursa_signed_char_unsigned_short_unsigned_char_unsigned_short_i_30, i20 %mxm_execute_ursa_signed_char_unsigned_short_unsigned_char_unsigned_short_i_29, i20 %mxm_execute_ursa_signed_char_unsigned_short_unsigned_char_unsigned_short_i_28, i20 %mxm_execute_ursa_signed_char_unsigned_short_unsigned_char_unsigned_short_i_27, i20 %mxm_execute_ursa_signed_char_unsigned_short_unsigned_char_unsigned_short_i_26, i20 %mxm_execute_ursa_signed_char_unsigned_short_unsigned_char_unsigned_short_i_25, i20 %mxm_execute_ursa_signed_char_unsigned_short_unsigned_char_unsigned_short_i_24, i20 %mxm_execute_ursa_signed_char_unsigned_short_unsigned_char_unsigned_short_i_23, i20 %mxm_execute_ursa_signed_char_unsigned_short_unsigned_char_unsigned_short_i_22, i20 %mxm_execute_ursa_signed_char_unsigned_short_unsigned_char_unsigned_short_i_21, i20 %mxm_execute_ursa_signed_char_unsigned_short_unsigned_char_unsigned_short_i_20, i20 %mxm_execute_ursa_signed_char_unsigned_short_unsigned_char_unsigned_short_i_19, i20 %mxm_execute_ursa_signed_char_unsigned_short_unsigned_char_unsigned_short_i_18, i20 %mxm_execute_ursa_signed_char_unsigned_short_unsigned_char_unsigned_short_i_17, i20 %mxm_execute_ursa_signed_char_unsigned_short_unsigned_char_unsigned_short_i_16, i20 %mxm_execute_ursa_signed_char_unsigned_short_unsigned_char_unsigned_short_i_15, i20 %mxm_execute_ursa_signed_char_unsigned_short_unsigned_char_unsigned_short_i_14, i20 %mxm_execute_ursa_signed_char_unsigned_short_unsigned_char_unsigned_short_i_13, i20 %mxm_execute_ursa_signed_char_unsigned_short_unsigned_char_unsigned_short_i_12, i20 %mxm_execute_ursa_signed_char_unsigned_short_unsigned_char_unsigned_short_i_11, i20 %mxm_execute_ursa_signed_char_unsigned_short_unsigned_char_unsigned_short_i_10, i20 %mxm_execute_ursa_signed_char_unsigned_short_unsigned_char_unsigned_short_i_9, i20 %mxm_execute_ursa_signed_char_unsigned_short_unsigned_char_unsigned_short_i_8, i20 %mxm_execute_ursa_signed_char_unsigned_short_unsigned_char_unsigned_short_i_7, i20 %mxm_execute_ursa_signed_char_unsigned_short_unsigned_char_unsigned_short_i_6, i20 %mxm_execute_ursa_signed_char_unsigned_short_unsigned_char_unsigned_short_i_5, i20 %mxm_execute_ursa_signed_char_unsigned_short_unsigned_char_unsigned_short_i_4, i20 %mxm_execute_ursa_signed_char_unsigned_short_unsigned_char_unsigned_short_i_3, i20 %mxm_execute_ursa_signed_char_unsigned_short_unsigned_char_unsigned_short_i_2, i20 %mxm_execute_ursa_signed_char_unsigned_short_unsigned_char_unsigned_short_i_1, i20 %mxm_execute_ursa_signed_char_unsigned_short_unsigned_char_unsigned_short_i" [/home/ulisses/Projects/ursa/src/core/shell.cpp:301]   --->   Operation 276 'call' 'call_ln301' <Predicate = true> <Delay = 0.00> <CoreType = "Generic">   --->   Core 0 '' <Latency = 0> <II = 1> <Delay = 1.00> <Generic> <Opcode : >

State 129 <SV = 128> <Delay = 0.00>
ST_129 : Operation 277 [6/70] (0.00ns)   --->   "%call_ln301 = call void @sa_store, i32 %ca, i32 %addr_sa_c, i16 %b0_q_read, i20 %mxm_execute_ursa_signed_char_unsigned_short_unsigned_char_unsigned_short_i_63, i20 %mxm_execute_ursa_signed_char_unsigned_short_unsigned_char_unsigned_short_i_62, i20 %mxm_execute_ursa_signed_char_unsigned_short_unsigned_char_unsigned_short_i_61, i20 %mxm_execute_ursa_signed_char_unsigned_short_unsigned_char_unsigned_short_i_60, i20 %mxm_execute_ursa_signed_char_unsigned_short_unsigned_char_unsigned_short_i_59, i20 %mxm_execute_ursa_signed_char_unsigned_short_unsigned_char_unsigned_short_i_58, i20 %mxm_execute_ursa_signed_char_unsigned_short_unsigned_char_unsigned_short_i_57, i20 %mxm_execute_ursa_signed_char_unsigned_short_unsigned_char_unsigned_short_i_56, i20 %mxm_execute_ursa_signed_char_unsigned_short_unsigned_char_unsigned_short_i_55, i20 %mxm_execute_ursa_signed_char_unsigned_short_unsigned_char_unsigned_short_i_54, i20 %mxm_execute_ursa_signed_char_unsigned_short_unsigned_char_unsigned_short_i_53, i20 %mxm_execute_ursa_signed_char_unsigned_short_unsigned_char_unsigned_short_i_52, i20 %mxm_execute_ursa_signed_char_unsigned_short_unsigned_char_unsigned_short_i_51, i20 %mxm_execute_ursa_signed_char_unsigned_short_unsigned_char_unsigned_short_i_50, i20 %mxm_execute_ursa_signed_char_unsigned_short_unsigned_char_unsigned_short_i_49, i20 %mxm_execute_ursa_signed_char_unsigned_short_unsigned_char_unsigned_short_i_48, i20 %mxm_execute_ursa_signed_char_unsigned_short_unsigned_char_unsigned_short_i_47, i20 %mxm_execute_ursa_signed_char_unsigned_short_unsigned_char_unsigned_short_i_46, i20 %mxm_execute_ursa_signed_char_unsigned_short_unsigned_char_unsigned_short_i_45, i20 %mxm_execute_ursa_signed_char_unsigned_short_unsigned_char_unsigned_short_i_44, i20 %mxm_execute_ursa_signed_char_unsigned_short_unsigned_char_unsigned_short_i_43, i20 %mxm_execute_ursa_signed_char_unsigned_short_unsigned_char_unsigned_short_i_42, i20 %mxm_execute_ursa_signed_char_unsigned_short_unsigned_char_unsigned_short_i_41, i20 %mxm_execute_ursa_signed_char_unsigned_short_unsigned_char_unsigned_short_i_40, i20 %mxm_execute_ursa_signed_char_unsigned_short_unsigned_char_unsigned_short_i_39, i20 %mxm_execute_ursa_signed_char_unsigned_short_unsigned_char_unsigned_short_i_38, i20 %mxm_execute_ursa_signed_char_unsigned_short_unsigned_char_unsigned_short_i_37, i20 %mxm_execute_ursa_signed_char_unsigned_short_unsigned_char_unsigned_short_i_36, i20 %mxm_execute_ursa_signed_char_unsigned_short_unsigned_char_unsigned_short_i_35, i20 %mxm_execute_ursa_signed_char_unsigned_short_unsigned_char_unsigned_short_i_34, i20 %mxm_execute_ursa_signed_char_unsigned_short_unsigned_char_unsigned_short_i_33, i20 %mxm_execute_ursa_signed_char_unsigned_short_unsigned_char_unsigned_short_i_32, i20 %mxm_execute_ursa_signed_char_unsigned_short_unsigned_char_unsigned_short_i_31, i20 %mxm_execute_ursa_signed_char_unsigned_short_unsigned_char_unsigned_short_i_30, i20 %mxm_execute_ursa_signed_char_unsigned_short_unsigned_char_unsigned_short_i_29, i20 %mxm_execute_ursa_signed_char_unsigned_short_unsigned_char_unsigned_short_i_28, i20 %mxm_execute_ursa_signed_char_unsigned_short_unsigned_char_unsigned_short_i_27, i20 %mxm_execute_ursa_signed_char_unsigned_short_unsigned_char_unsigned_short_i_26, i20 %mxm_execute_ursa_signed_char_unsigned_short_unsigned_char_unsigned_short_i_25, i20 %mxm_execute_ursa_signed_char_unsigned_short_unsigned_char_unsigned_short_i_24, i20 %mxm_execute_ursa_signed_char_unsigned_short_unsigned_char_unsigned_short_i_23, i20 %mxm_execute_ursa_signed_char_unsigned_short_unsigned_char_unsigned_short_i_22, i20 %mxm_execute_ursa_signed_char_unsigned_short_unsigned_char_unsigned_short_i_21, i20 %mxm_execute_ursa_signed_char_unsigned_short_unsigned_char_unsigned_short_i_20, i20 %mxm_execute_ursa_signed_char_unsigned_short_unsigned_char_unsigned_short_i_19, i20 %mxm_execute_ursa_signed_char_unsigned_short_unsigned_char_unsigned_short_i_18, i20 %mxm_execute_ursa_signed_char_unsigned_short_unsigned_char_unsigned_short_i_17, i20 %mxm_execute_ursa_signed_char_unsigned_short_unsigned_char_unsigned_short_i_16, i20 %mxm_execute_ursa_signed_char_unsigned_short_unsigned_char_unsigned_short_i_15, i20 %mxm_execute_ursa_signed_char_unsigned_short_unsigned_char_unsigned_short_i_14, i20 %mxm_execute_ursa_signed_char_unsigned_short_unsigned_char_unsigned_short_i_13, i20 %mxm_execute_ursa_signed_char_unsigned_short_unsigned_char_unsigned_short_i_12, i20 %mxm_execute_ursa_signed_char_unsigned_short_unsigned_char_unsigned_short_i_11, i20 %mxm_execute_ursa_signed_char_unsigned_short_unsigned_char_unsigned_short_i_10, i20 %mxm_execute_ursa_signed_char_unsigned_short_unsigned_char_unsigned_short_i_9, i20 %mxm_execute_ursa_signed_char_unsigned_short_unsigned_char_unsigned_short_i_8, i20 %mxm_execute_ursa_signed_char_unsigned_short_unsigned_char_unsigned_short_i_7, i20 %mxm_execute_ursa_signed_char_unsigned_short_unsigned_char_unsigned_short_i_6, i20 %mxm_execute_ursa_signed_char_unsigned_short_unsigned_char_unsigned_short_i_5, i20 %mxm_execute_ursa_signed_char_unsigned_short_unsigned_char_unsigned_short_i_4, i20 %mxm_execute_ursa_signed_char_unsigned_short_unsigned_char_unsigned_short_i_3, i20 %mxm_execute_ursa_signed_char_unsigned_short_unsigned_char_unsigned_short_i_2, i20 %mxm_execute_ursa_signed_char_unsigned_short_unsigned_char_unsigned_short_i_1, i20 %mxm_execute_ursa_signed_char_unsigned_short_unsigned_char_unsigned_short_i" [/home/ulisses/Projects/ursa/src/core/shell.cpp:301]   --->   Operation 277 'call' 'call_ln301' <Predicate = true> <Delay = 0.00> <CoreType = "Generic">   --->   Core 0 '' <Latency = 0> <II = 1> <Delay = 1.00> <Generic> <Opcode : >

State 130 <SV = 129> <Delay = 0.00>
ST_130 : Operation 278 [5/70] (0.00ns)   --->   "%call_ln301 = call void @sa_store, i32 %ca, i32 %addr_sa_c, i16 %b0_q_read, i20 %mxm_execute_ursa_signed_char_unsigned_short_unsigned_char_unsigned_short_i_63, i20 %mxm_execute_ursa_signed_char_unsigned_short_unsigned_char_unsigned_short_i_62, i20 %mxm_execute_ursa_signed_char_unsigned_short_unsigned_char_unsigned_short_i_61, i20 %mxm_execute_ursa_signed_char_unsigned_short_unsigned_char_unsigned_short_i_60, i20 %mxm_execute_ursa_signed_char_unsigned_short_unsigned_char_unsigned_short_i_59, i20 %mxm_execute_ursa_signed_char_unsigned_short_unsigned_char_unsigned_short_i_58, i20 %mxm_execute_ursa_signed_char_unsigned_short_unsigned_char_unsigned_short_i_57, i20 %mxm_execute_ursa_signed_char_unsigned_short_unsigned_char_unsigned_short_i_56, i20 %mxm_execute_ursa_signed_char_unsigned_short_unsigned_char_unsigned_short_i_55, i20 %mxm_execute_ursa_signed_char_unsigned_short_unsigned_char_unsigned_short_i_54, i20 %mxm_execute_ursa_signed_char_unsigned_short_unsigned_char_unsigned_short_i_53, i20 %mxm_execute_ursa_signed_char_unsigned_short_unsigned_char_unsigned_short_i_52, i20 %mxm_execute_ursa_signed_char_unsigned_short_unsigned_char_unsigned_short_i_51, i20 %mxm_execute_ursa_signed_char_unsigned_short_unsigned_char_unsigned_short_i_50, i20 %mxm_execute_ursa_signed_char_unsigned_short_unsigned_char_unsigned_short_i_49, i20 %mxm_execute_ursa_signed_char_unsigned_short_unsigned_char_unsigned_short_i_48, i20 %mxm_execute_ursa_signed_char_unsigned_short_unsigned_char_unsigned_short_i_47, i20 %mxm_execute_ursa_signed_char_unsigned_short_unsigned_char_unsigned_short_i_46, i20 %mxm_execute_ursa_signed_char_unsigned_short_unsigned_char_unsigned_short_i_45, i20 %mxm_execute_ursa_signed_char_unsigned_short_unsigned_char_unsigned_short_i_44, i20 %mxm_execute_ursa_signed_char_unsigned_short_unsigned_char_unsigned_short_i_43, i20 %mxm_execute_ursa_signed_char_unsigned_short_unsigned_char_unsigned_short_i_42, i20 %mxm_execute_ursa_signed_char_unsigned_short_unsigned_char_unsigned_short_i_41, i20 %mxm_execute_ursa_signed_char_unsigned_short_unsigned_char_unsigned_short_i_40, i20 %mxm_execute_ursa_signed_char_unsigned_short_unsigned_char_unsigned_short_i_39, i20 %mxm_execute_ursa_signed_char_unsigned_short_unsigned_char_unsigned_short_i_38, i20 %mxm_execute_ursa_signed_char_unsigned_short_unsigned_char_unsigned_short_i_37, i20 %mxm_execute_ursa_signed_char_unsigned_short_unsigned_char_unsigned_short_i_36, i20 %mxm_execute_ursa_signed_char_unsigned_short_unsigned_char_unsigned_short_i_35, i20 %mxm_execute_ursa_signed_char_unsigned_short_unsigned_char_unsigned_short_i_34, i20 %mxm_execute_ursa_signed_char_unsigned_short_unsigned_char_unsigned_short_i_33, i20 %mxm_execute_ursa_signed_char_unsigned_short_unsigned_char_unsigned_short_i_32, i20 %mxm_execute_ursa_signed_char_unsigned_short_unsigned_char_unsigned_short_i_31, i20 %mxm_execute_ursa_signed_char_unsigned_short_unsigned_char_unsigned_short_i_30, i20 %mxm_execute_ursa_signed_char_unsigned_short_unsigned_char_unsigned_short_i_29, i20 %mxm_execute_ursa_signed_char_unsigned_short_unsigned_char_unsigned_short_i_28, i20 %mxm_execute_ursa_signed_char_unsigned_short_unsigned_char_unsigned_short_i_27, i20 %mxm_execute_ursa_signed_char_unsigned_short_unsigned_char_unsigned_short_i_26, i20 %mxm_execute_ursa_signed_char_unsigned_short_unsigned_char_unsigned_short_i_25, i20 %mxm_execute_ursa_signed_char_unsigned_short_unsigned_char_unsigned_short_i_24, i20 %mxm_execute_ursa_signed_char_unsigned_short_unsigned_char_unsigned_short_i_23, i20 %mxm_execute_ursa_signed_char_unsigned_short_unsigned_char_unsigned_short_i_22, i20 %mxm_execute_ursa_signed_char_unsigned_short_unsigned_char_unsigned_short_i_21, i20 %mxm_execute_ursa_signed_char_unsigned_short_unsigned_char_unsigned_short_i_20, i20 %mxm_execute_ursa_signed_char_unsigned_short_unsigned_char_unsigned_short_i_19, i20 %mxm_execute_ursa_signed_char_unsigned_short_unsigned_char_unsigned_short_i_18, i20 %mxm_execute_ursa_signed_char_unsigned_short_unsigned_char_unsigned_short_i_17, i20 %mxm_execute_ursa_signed_char_unsigned_short_unsigned_char_unsigned_short_i_16, i20 %mxm_execute_ursa_signed_char_unsigned_short_unsigned_char_unsigned_short_i_15, i20 %mxm_execute_ursa_signed_char_unsigned_short_unsigned_char_unsigned_short_i_14, i20 %mxm_execute_ursa_signed_char_unsigned_short_unsigned_char_unsigned_short_i_13, i20 %mxm_execute_ursa_signed_char_unsigned_short_unsigned_char_unsigned_short_i_12, i20 %mxm_execute_ursa_signed_char_unsigned_short_unsigned_char_unsigned_short_i_11, i20 %mxm_execute_ursa_signed_char_unsigned_short_unsigned_char_unsigned_short_i_10, i20 %mxm_execute_ursa_signed_char_unsigned_short_unsigned_char_unsigned_short_i_9, i20 %mxm_execute_ursa_signed_char_unsigned_short_unsigned_char_unsigned_short_i_8, i20 %mxm_execute_ursa_signed_char_unsigned_short_unsigned_char_unsigned_short_i_7, i20 %mxm_execute_ursa_signed_char_unsigned_short_unsigned_char_unsigned_short_i_6, i20 %mxm_execute_ursa_signed_char_unsigned_short_unsigned_char_unsigned_short_i_5, i20 %mxm_execute_ursa_signed_char_unsigned_short_unsigned_char_unsigned_short_i_4, i20 %mxm_execute_ursa_signed_char_unsigned_short_unsigned_char_unsigned_short_i_3, i20 %mxm_execute_ursa_signed_char_unsigned_short_unsigned_char_unsigned_short_i_2, i20 %mxm_execute_ursa_signed_char_unsigned_short_unsigned_char_unsigned_short_i_1, i20 %mxm_execute_ursa_signed_char_unsigned_short_unsigned_char_unsigned_short_i" [/home/ulisses/Projects/ursa/src/core/shell.cpp:301]   --->   Operation 278 'call' 'call_ln301' <Predicate = true> <Delay = 0.00> <CoreType = "Generic">   --->   Core 0 '' <Latency = 0> <II = 1> <Delay = 1.00> <Generic> <Opcode : >

State 131 <SV = 130> <Delay = 0.00>
ST_131 : Operation 279 [4/70] (0.00ns)   --->   "%call_ln301 = call void @sa_store, i32 %ca, i32 %addr_sa_c, i16 %b0_q_read, i20 %mxm_execute_ursa_signed_char_unsigned_short_unsigned_char_unsigned_short_i_63, i20 %mxm_execute_ursa_signed_char_unsigned_short_unsigned_char_unsigned_short_i_62, i20 %mxm_execute_ursa_signed_char_unsigned_short_unsigned_char_unsigned_short_i_61, i20 %mxm_execute_ursa_signed_char_unsigned_short_unsigned_char_unsigned_short_i_60, i20 %mxm_execute_ursa_signed_char_unsigned_short_unsigned_char_unsigned_short_i_59, i20 %mxm_execute_ursa_signed_char_unsigned_short_unsigned_char_unsigned_short_i_58, i20 %mxm_execute_ursa_signed_char_unsigned_short_unsigned_char_unsigned_short_i_57, i20 %mxm_execute_ursa_signed_char_unsigned_short_unsigned_char_unsigned_short_i_56, i20 %mxm_execute_ursa_signed_char_unsigned_short_unsigned_char_unsigned_short_i_55, i20 %mxm_execute_ursa_signed_char_unsigned_short_unsigned_char_unsigned_short_i_54, i20 %mxm_execute_ursa_signed_char_unsigned_short_unsigned_char_unsigned_short_i_53, i20 %mxm_execute_ursa_signed_char_unsigned_short_unsigned_char_unsigned_short_i_52, i20 %mxm_execute_ursa_signed_char_unsigned_short_unsigned_char_unsigned_short_i_51, i20 %mxm_execute_ursa_signed_char_unsigned_short_unsigned_char_unsigned_short_i_50, i20 %mxm_execute_ursa_signed_char_unsigned_short_unsigned_char_unsigned_short_i_49, i20 %mxm_execute_ursa_signed_char_unsigned_short_unsigned_char_unsigned_short_i_48, i20 %mxm_execute_ursa_signed_char_unsigned_short_unsigned_char_unsigned_short_i_47, i20 %mxm_execute_ursa_signed_char_unsigned_short_unsigned_char_unsigned_short_i_46, i20 %mxm_execute_ursa_signed_char_unsigned_short_unsigned_char_unsigned_short_i_45, i20 %mxm_execute_ursa_signed_char_unsigned_short_unsigned_char_unsigned_short_i_44, i20 %mxm_execute_ursa_signed_char_unsigned_short_unsigned_char_unsigned_short_i_43, i20 %mxm_execute_ursa_signed_char_unsigned_short_unsigned_char_unsigned_short_i_42, i20 %mxm_execute_ursa_signed_char_unsigned_short_unsigned_char_unsigned_short_i_41, i20 %mxm_execute_ursa_signed_char_unsigned_short_unsigned_char_unsigned_short_i_40, i20 %mxm_execute_ursa_signed_char_unsigned_short_unsigned_char_unsigned_short_i_39, i20 %mxm_execute_ursa_signed_char_unsigned_short_unsigned_char_unsigned_short_i_38, i20 %mxm_execute_ursa_signed_char_unsigned_short_unsigned_char_unsigned_short_i_37, i20 %mxm_execute_ursa_signed_char_unsigned_short_unsigned_char_unsigned_short_i_36, i20 %mxm_execute_ursa_signed_char_unsigned_short_unsigned_char_unsigned_short_i_35, i20 %mxm_execute_ursa_signed_char_unsigned_short_unsigned_char_unsigned_short_i_34, i20 %mxm_execute_ursa_signed_char_unsigned_short_unsigned_char_unsigned_short_i_33, i20 %mxm_execute_ursa_signed_char_unsigned_short_unsigned_char_unsigned_short_i_32, i20 %mxm_execute_ursa_signed_char_unsigned_short_unsigned_char_unsigned_short_i_31, i20 %mxm_execute_ursa_signed_char_unsigned_short_unsigned_char_unsigned_short_i_30, i20 %mxm_execute_ursa_signed_char_unsigned_short_unsigned_char_unsigned_short_i_29, i20 %mxm_execute_ursa_signed_char_unsigned_short_unsigned_char_unsigned_short_i_28, i20 %mxm_execute_ursa_signed_char_unsigned_short_unsigned_char_unsigned_short_i_27, i20 %mxm_execute_ursa_signed_char_unsigned_short_unsigned_char_unsigned_short_i_26, i20 %mxm_execute_ursa_signed_char_unsigned_short_unsigned_char_unsigned_short_i_25, i20 %mxm_execute_ursa_signed_char_unsigned_short_unsigned_char_unsigned_short_i_24, i20 %mxm_execute_ursa_signed_char_unsigned_short_unsigned_char_unsigned_short_i_23, i20 %mxm_execute_ursa_signed_char_unsigned_short_unsigned_char_unsigned_short_i_22, i20 %mxm_execute_ursa_signed_char_unsigned_short_unsigned_char_unsigned_short_i_21, i20 %mxm_execute_ursa_signed_char_unsigned_short_unsigned_char_unsigned_short_i_20, i20 %mxm_execute_ursa_signed_char_unsigned_short_unsigned_char_unsigned_short_i_19, i20 %mxm_execute_ursa_signed_char_unsigned_short_unsigned_char_unsigned_short_i_18, i20 %mxm_execute_ursa_signed_char_unsigned_short_unsigned_char_unsigned_short_i_17, i20 %mxm_execute_ursa_signed_char_unsigned_short_unsigned_char_unsigned_short_i_16, i20 %mxm_execute_ursa_signed_char_unsigned_short_unsigned_char_unsigned_short_i_15, i20 %mxm_execute_ursa_signed_char_unsigned_short_unsigned_char_unsigned_short_i_14, i20 %mxm_execute_ursa_signed_char_unsigned_short_unsigned_char_unsigned_short_i_13, i20 %mxm_execute_ursa_signed_char_unsigned_short_unsigned_char_unsigned_short_i_12, i20 %mxm_execute_ursa_signed_char_unsigned_short_unsigned_char_unsigned_short_i_11, i20 %mxm_execute_ursa_signed_char_unsigned_short_unsigned_char_unsigned_short_i_10, i20 %mxm_execute_ursa_signed_char_unsigned_short_unsigned_char_unsigned_short_i_9, i20 %mxm_execute_ursa_signed_char_unsigned_short_unsigned_char_unsigned_short_i_8, i20 %mxm_execute_ursa_signed_char_unsigned_short_unsigned_char_unsigned_short_i_7, i20 %mxm_execute_ursa_signed_char_unsigned_short_unsigned_char_unsigned_short_i_6, i20 %mxm_execute_ursa_signed_char_unsigned_short_unsigned_char_unsigned_short_i_5, i20 %mxm_execute_ursa_signed_char_unsigned_short_unsigned_char_unsigned_short_i_4, i20 %mxm_execute_ursa_signed_char_unsigned_short_unsigned_char_unsigned_short_i_3, i20 %mxm_execute_ursa_signed_char_unsigned_short_unsigned_char_unsigned_short_i_2, i20 %mxm_execute_ursa_signed_char_unsigned_short_unsigned_char_unsigned_short_i_1, i20 %mxm_execute_ursa_signed_char_unsigned_short_unsigned_char_unsigned_short_i" [/home/ulisses/Projects/ursa/src/core/shell.cpp:301]   --->   Operation 279 'call' 'call_ln301' <Predicate = true> <Delay = 0.00> <CoreType = "Generic">   --->   Core 0 '' <Latency = 0> <II = 1> <Delay = 1.00> <Generic> <Opcode : >

State 132 <SV = 131> <Delay = 0.00>
ST_132 : Operation 280 [3/70] (0.00ns)   --->   "%call_ln301 = call void @sa_store, i32 %ca, i32 %addr_sa_c, i16 %b0_q_read, i20 %mxm_execute_ursa_signed_char_unsigned_short_unsigned_char_unsigned_short_i_63, i20 %mxm_execute_ursa_signed_char_unsigned_short_unsigned_char_unsigned_short_i_62, i20 %mxm_execute_ursa_signed_char_unsigned_short_unsigned_char_unsigned_short_i_61, i20 %mxm_execute_ursa_signed_char_unsigned_short_unsigned_char_unsigned_short_i_60, i20 %mxm_execute_ursa_signed_char_unsigned_short_unsigned_char_unsigned_short_i_59, i20 %mxm_execute_ursa_signed_char_unsigned_short_unsigned_char_unsigned_short_i_58, i20 %mxm_execute_ursa_signed_char_unsigned_short_unsigned_char_unsigned_short_i_57, i20 %mxm_execute_ursa_signed_char_unsigned_short_unsigned_char_unsigned_short_i_56, i20 %mxm_execute_ursa_signed_char_unsigned_short_unsigned_char_unsigned_short_i_55, i20 %mxm_execute_ursa_signed_char_unsigned_short_unsigned_char_unsigned_short_i_54, i20 %mxm_execute_ursa_signed_char_unsigned_short_unsigned_char_unsigned_short_i_53, i20 %mxm_execute_ursa_signed_char_unsigned_short_unsigned_char_unsigned_short_i_52, i20 %mxm_execute_ursa_signed_char_unsigned_short_unsigned_char_unsigned_short_i_51, i20 %mxm_execute_ursa_signed_char_unsigned_short_unsigned_char_unsigned_short_i_50, i20 %mxm_execute_ursa_signed_char_unsigned_short_unsigned_char_unsigned_short_i_49, i20 %mxm_execute_ursa_signed_char_unsigned_short_unsigned_char_unsigned_short_i_48, i20 %mxm_execute_ursa_signed_char_unsigned_short_unsigned_char_unsigned_short_i_47, i20 %mxm_execute_ursa_signed_char_unsigned_short_unsigned_char_unsigned_short_i_46, i20 %mxm_execute_ursa_signed_char_unsigned_short_unsigned_char_unsigned_short_i_45, i20 %mxm_execute_ursa_signed_char_unsigned_short_unsigned_char_unsigned_short_i_44, i20 %mxm_execute_ursa_signed_char_unsigned_short_unsigned_char_unsigned_short_i_43, i20 %mxm_execute_ursa_signed_char_unsigned_short_unsigned_char_unsigned_short_i_42, i20 %mxm_execute_ursa_signed_char_unsigned_short_unsigned_char_unsigned_short_i_41, i20 %mxm_execute_ursa_signed_char_unsigned_short_unsigned_char_unsigned_short_i_40, i20 %mxm_execute_ursa_signed_char_unsigned_short_unsigned_char_unsigned_short_i_39, i20 %mxm_execute_ursa_signed_char_unsigned_short_unsigned_char_unsigned_short_i_38, i20 %mxm_execute_ursa_signed_char_unsigned_short_unsigned_char_unsigned_short_i_37, i20 %mxm_execute_ursa_signed_char_unsigned_short_unsigned_char_unsigned_short_i_36, i20 %mxm_execute_ursa_signed_char_unsigned_short_unsigned_char_unsigned_short_i_35, i20 %mxm_execute_ursa_signed_char_unsigned_short_unsigned_char_unsigned_short_i_34, i20 %mxm_execute_ursa_signed_char_unsigned_short_unsigned_char_unsigned_short_i_33, i20 %mxm_execute_ursa_signed_char_unsigned_short_unsigned_char_unsigned_short_i_32, i20 %mxm_execute_ursa_signed_char_unsigned_short_unsigned_char_unsigned_short_i_31, i20 %mxm_execute_ursa_signed_char_unsigned_short_unsigned_char_unsigned_short_i_30, i20 %mxm_execute_ursa_signed_char_unsigned_short_unsigned_char_unsigned_short_i_29, i20 %mxm_execute_ursa_signed_char_unsigned_short_unsigned_char_unsigned_short_i_28, i20 %mxm_execute_ursa_signed_char_unsigned_short_unsigned_char_unsigned_short_i_27, i20 %mxm_execute_ursa_signed_char_unsigned_short_unsigned_char_unsigned_short_i_26, i20 %mxm_execute_ursa_signed_char_unsigned_short_unsigned_char_unsigned_short_i_25, i20 %mxm_execute_ursa_signed_char_unsigned_short_unsigned_char_unsigned_short_i_24, i20 %mxm_execute_ursa_signed_char_unsigned_short_unsigned_char_unsigned_short_i_23, i20 %mxm_execute_ursa_signed_char_unsigned_short_unsigned_char_unsigned_short_i_22, i20 %mxm_execute_ursa_signed_char_unsigned_short_unsigned_char_unsigned_short_i_21, i20 %mxm_execute_ursa_signed_char_unsigned_short_unsigned_char_unsigned_short_i_20, i20 %mxm_execute_ursa_signed_char_unsigned_short_unsigned_char_unsigned_short_i_19, i20 %mxm_execute_ursa_signed_char_unsigned_short_unsigned_char_unsigned_short_i_18, i20 %mxm_execute_ursa_signed_char_unsigned_short_unsigned_char_unsigned_short_i_17, i20 %mxm_execute_ursa_signed_char_unsigned_short_unsigned_char_unsigned_short_i_16, i20 %mxm_execute_ursa_signed_char_unsigned_short_unsigned_char_unsigned_short_i_15, i20 %mxm_execute_ursa_signed_char_unsigned_short_unsigned_char_unsigned_short_i_14, i20 %mxm_execute_ursa_signed_char_unsigned_short_unsigned_char_unsigned_short_i_13, i20 %mxm_execute_ursa_signed_char_unsigned_short_unsigned_char_unsigned_short_i_12, i20 %mxm_execute_ursa_signed_char_unsigned_short_unsigned_char_unsigned_short_i_11, i20 %mxm_execute_ursa_signed_char_unsigned_short_unsigned_char_unsigned_short_i_10, i20 %mxm_execute_ursa_signed_char_unsigned_short_unsigned_char_unsigned_short_i_9, i20 %mxm_execute_ursa_signed_char_unsigned_short_unsigned_char_unsigned_short_i_8, i20 %mxm_execute_ursa_signed_char_unsigned_short_unsigned_char_unsigned_short_i_7, i20 %mxm_execute_ursa_signed_char_unsigned_short_unsigned_char_unsigned_short_i_6, i20 %mxm_execute_ursa_signed_char_unsigned_short_unsigned_char_unsigned_short_i_5, i20 %mxm_execute_ursa_signed_char_unsigned_short_unsigned_char_unsigned_short_i_4, i20 %mxm_execute_ursa_signed_char_unsigned_short_unsigned_char_unsigned_short_i_3, i20 %mxm_execute_ursa_signed_char_unsigned_short_unsigned_char_unsigned_short_i_2, i20 %mxm_execute_ursa_signed_char_unsigned_short_unsigned_char_unsigned_short_i_1, i20 %mxm_execute_ursa_signed_char_unsigned_short_unsigned_char_unsigned_short_i" [/home/ulisses/Projects/ursa/src/core/shell.cpp:301]   --->   Operation 280 'call' 'call_ln301' <Predicate = true> <Delay = 0.00> <CoreType = "Generic">   --->   Core 0 '' <Latency = 0> <II = 1> <Delay = 1.00> <Generic> <Opcode : >

State 133 <SV = 132> <Delay = 0.00>
ST_133 : Operation 281 [2/70] (0.00ns)   --->   "%call_ln301 = call void @sa_store, i32 %ca, i32 %addr_sa_c, i16 %b0_q_read, i20 %mxm_execute_ursa_signed_char_unsigned_short_unsigned_char_unsigned_short_i_63, i20 %mxm_execute_ursa_signed_char_unsigned_short_unsigned_char_unsigned_short_i_62, i20 %mxm_execute_ursa_signed_char_unsigned_short_unsigned_char_unsigned_short_i_61, i20 %mxm_execute_ursa_signed_char_unsigned_short_unsigned_char_unsigned_short_i_60, i20 %mxm_execute_ursa_signed_char_unsigned_short_unsigned_char_unsigned_short_i_59, i20 %mxm_execute_ursa_signed_char_unsigned_short_unsigned_char_unsigned_short_i_58, i20 %mxm_execute_ursa_signed_char_unsigned_short_unsigned_char_unsigned_short_i_57, i20 %mxm_execute_ursa_signed_char_unsigned_short_unsigned_char_unsigned_short_i_56, i20 %mxm_execute_ursa_signed_char_unsigned_short_unsigned_char_unsigned_short_i_55, i20 %mxm_execute_ursa_signed_char_unsigned_short_unsigned_char_unsigned_short_i_54, i20 %mxm_execute_ursa_signed_char_unsigned_short_unsigned_char_unsigned_short_i_53, i20 %mxm_execute_ursa_signed_char_unsigned_short_unsigned_char_unsigned_short_i_52, i20 %mxm_execute_ursa_signed_char_unsigned_short_unsigned_char_unsigned_short_i_51, i20 %mxm_execute_ursa_signed_char_unsigned_short_unsigned_char_unsigned_short_i_50, i20 %mxm_execute_ursa_signed_char_unsigned_short_unsigned_char_unsigned_short_i_49, i20 %mxm_execute_ursa_signed_char_unsigned_short_unsigned_char_unsigned_short_i_48, i20 %mxm_execute_ursa_signed_char_unsigned_short_unsigned_char_unsigned_short_i_47, i20 %mxm_execute_ursa_signed_char_unsigned_short_unsigned_char_unsigned_short_i_46, i20 %mxm_execute_ursa_signed_char_unsigned_short_unsigned_char_unsigned_short_i_45, i20 %mxm_execute_ursa_signed_char_unsigned_short_unsigned_char_unsigned_short_i_44, i20 %mxm_execute_ursa_signed_char_unsigned_short_unsigned_char_unsigned_short_i_43, i20 %mxm_execute_ursa_signed_char_unsigned_short_unsigned_char_unsigned_short_i_42, i20 %mxm_execute_ursa_signed_char_unsigned_short_unsigned_char_unsigned_short_i_41, i20 %mxm_execute_ursa_signed_char_unsigned_short_unsigned_char_unsigned_short_i_40, i20 %mxm_execute_ursa_signed_char_unsigned_short_unsigned_char_unsigned_short_i_39, i20 %mxm_execute_ursa_signed_char_unsigned_short_unsigned_char_unsigned_short_i_38, i20 %mxm_execute_ursa_signed_char_unsigned_short_unsigned_char_unsigned_short_i_37, i20 %mxm_execute_ursa_signed_char_unsigned_short_unsigned_char_unsigned_short_i_36, i20 %mxm_execute_ursa_signed_char_unsigned_short_unsigned_char_unsigned_short_i_35, i20 %mxm_execute_ursa_signed_char_unsigned_short_unsigned_char_unsigned_short_i_34, i20 %mxm_execute_ursa_signed_char_unsigned_short_unsigned_char_unsigned_short_i_33, i20 %mxm_execute_ursa_signed_char_unsigned_short_unsigned_char_unsigned_short_i_32, i20 %mxm_execute_ursa_signed_char_unsigned_short_unsigned_char_unsigned_short_i_31, i20 %mxm_execute_ursa_signed_char_unsigned_short_unsigned_char_unsigned_short_i_30, i20 %mxm_execute_ursa_signed_char_unsigned_short_unsigned_char_unsigned_short_i_29, i20 %mxm_execute_ursa_signed_char_unsigned_short_unsigned_char_unsigned_short_i_28, i20 %mxm_execute_ursa_signed_char_unsigned_short_unsigned_char_unsigned_short_i_27, i20 %mxm_execute_ursa_signed_char_unsigned_short_unsigned_char_unsigned_short_i_26, i20 %mxm_execute_ursa_signed_char_unsigned_short_unsigned_char_unsigned_short_i_25, i20 %mxm_execute_ursa_signed_char_unsigned_short_unsigned_char_unsigned_short_i_24, i20 %mxm_execute_ursa_signed_char_unsigned_short_unsigned_char_unsigned_short_i_23, i20 %mxm_execute_ursa_signed_char_unsigned_short_unsigned_char_unsigned_short_i_22, i20 %mxm_execute_ursa_signed_char_unsigned_short_unsigned_char_unsigned_short_i_21, i20 %mxm_execute_ursa_signed_char_unsigned_short_unsigned_char_unsigned_short_i_20, i20 %mxm_execute_ursa_signed_char_unsigned_short_unsigned_char_unsigned_short_i_19, i20 %mxm_execute_ursa_signed_char_unsigned_short_unsigned_char_unsigned_short_i_18, i20 %mxm_execute_ursa_signed_char_unsigned_short_unsigned_char_unsigned_short_i_17, i20 %mxm_execute_ursa_signed_char_unsigned_short_unsigned_char_unsigned_short_i_16, i20 %mxm_execute_ursa_signed_char_unsigned_short_unsigned_char_unsigned_short_i_15, i20 %mxm_execute_ursa_signed_char_unsigned_short_unsigned_char_unsigned_short_i_14, i20 %mxm_execute_ursa_signed_char_unsigned_short_unsigned_char_unsigned_short_i_13, i20 %mxm_execute_ursa_signed_char_unsigned_short_unsigned_char_unsigned_short_i_12, i20 %mxm_execute_ursa_signed_char_unsigned_short_unsigned_char_unsigned_short_i_11, i20 %mxm_execute_ursa_signed_char_unsigned_short_unsigned_char_unsigned_short_i_10, i20 %mxm_execute_ursa_signed_char_unsigned_short_unsigned_char_unsigned_short_i_9, i20 %mxm_execute_ursa_signed_char_unsigned_short_unsigned_char_unsigned_short_i_8, i20 %mxm_execute_ursa_signed_char_unsigned_short_unsigned_char_unsigned_short_i_7, i20 %mxm_execute_ursa_signed_char_unsigned_short_unsigned_char_unsigned_short_i_6, i20 %mxm_execute_ursa_signed_char_unsigned_short_unsigned_char_unsigned_short_i_5, i20 %mxm_execute_ursa_signed_char_unsigned_short_unsigned_char_unsigned_short_i_4, i20 %mxm_execute_ursa_signed_char_unsigned_short_unsigned_char_unsigned_short_i_3, i20 %mxm_execute_ursa_signed_char_unsigned_short_unsigned_char_unsigned_short_i_2, i20 %mxm_execute_ursa_signed_char_unsigned_short_unsigned_char_unsigned_short_i_1, i20 %mxm_execute_ursa_signed_char_unsigned_short_unsigned_char_unsigned_short_i" [/home/ulisses/Projects/ursa/src/core/shell.cpp:301]   --->   Operation 281 'call' 'call_ln301' <Predicate = true> <Delay = 0.00> <CoreType = "Generic">   --->   Core 0 '' <Latency = 0> <II = 1> <Delay = 1.00> <Generic> <Opcode : >

State 134 <SV = 133> <Delay = 0.00>
ST_134 : Operation 282 [1/70] (0.00ns)   --->   "%call_ln301 = call void @sa_store, i32 %ca, i32 %addr_sa_c, i16 %b0_q_read, i20 %mxm_execute_ursa_signed_char_unsigned_short_unsigned_char_unsigned_short_i_63, i20 %mxm_execute_ursa_signed_char_unsigned_short_unsigned_char_unsigned_short_i_62, i20 %mxm_execute_ursa_signed_char_unsigned_short_unsigned_char_unsigned_short_i_61, i20 %mxm_execute_ursa_signed_char_unsigned_short_unsigned_char_unsigned_short_i_60, i20 %mxm_execute_ursa_signed_char_unsigned_short_unsigned_char_unsigned_short_i_59, i20 %mxm_execute_ursa_signed_char_unsigned_short_unsigned_char_unsigned_short_i_58, i20 %mxm_execute_ursa_signed_char_unsigned_short_unsigned_char_unsigned_short_i_57, i20 %mxm_execute_ursa_signed_char_unsigned_short_unsigned_char_unsigned_short_i_56, i20 %mxm_execute_ursa_signed_char_unsigned_short_unsigned_char_unsigned_short_i_55, i20 %mxm_execute_ursa_signed_char_unsigned_short_unsigned_char_unsigned_short_i_54, i20 %mxm_execute_ursa_signed_char_unsigned_short_unsigned_char_unsigned_short_i_53, i20 %mxm_execute_ursa_signed_char_unsigned_short_unsigned_char_unsigned_short_i_52, i20 %mxm_execute_ursa_signed_char_unsigned_short_unsigned_char_unsigned_short_i_51, i20 %mxm_execute_ursa_signed_char_unsigned_short_unsigned_char_unsigned_short_i_50, i20 %mxm_execute_ursa_signed_char_unsigned_short_unsigned_char_unsigned_short_i_49, i20 %mxm_execute_ursa_signed_char_unsigned_short_unsigned_char_unsigned_short_i_48, i20 %mxm_execute_ursa_signed_char_unsigned_short_unsigned_char_unsigned_short_i_47, i20 %mxm_execute_ursa_signed_char_unsigned_short_unsigned_char_unsigned_short_i_46, i20 %mxm_execute_ursa_signed_char_unsigned_short_unsigned_char_unsigned_short_i_45, i20 %mxm_execute_ursa_signed_char_unsigned_short_unsigned_char_unsigned_short_i_44, i20 %mxm_execute_ursa_signed_char_unsigned_short_unsigned_char_unsigned_short_i_43, i20 %mxm_execute_ursa_signed_char_unsigned_short_unsigned_char_unsigned_short_i_42, i20 %mxm_execute_ursa_signed_char_unsigned_short_unsigned_char_unsigned_short_i_41, i20 %mxm_execute_ursa_signed_char_unsigned_short_unsigned_char_unsigned_short_i_40, i20 %mxm_execute_ursa_signed_char_unsigned_short_unsigned_char_unsigned_short_i_39, i20 %mxm_execute_ursa_signed_char_unsigned_short_unsigned_char_unsigned_short_i_38, i20 %mxm_execute_ursa_signed_char_unsigned_short_unsigned_char_unsigned_short_i_37, i20 %mxm_execute_ursa_signed_char_unsigned_short_unsigned_char_unsigned_short_i_36, i20 %mxm_execute_ursa_signed_char_unsigned_short_unsigned_char_unsigned_short_i_35, i20 %mxm_execute_ursa_signed_char_unsigned_short_unsigned_char_unsigned_short_i_34, i20 %mxm_execute_ursa_signed_char_unsigned_short_unsigned_char_unsigned_short_i_33, i20 %mxm_execute_ursa_signed_char_unsigned_short_unsigned_char_unsigned_short_i_32, i20 %mxm_execute_ursa_signed_char_unsigned_short_unsigned_char_unsigned_short_i_31, i20 %mxm_execute_ursa_signed_char_unsigned_short_unsigned_char_unsigned_short_i_30, i20 %mxm_execute_ursa_signed_char_unsigned_short_unsigned_char_unsigned_short_i_29, i20 %mxm_execute_ursa_signed_char_unsigned_short_unsigned_char_unsigned_short_i_28, i20 %mxm_execute_ursa_signed_char_unsigned_short_unsigned_char_unsigned_short_i_27, i20 %mxm_execute_ursa_signed_char_unsigned_short_unsigned_char_unsigned_short_i_26, i20 %mxm_execute_ursa_signed_char_unsigned_short_unsigned_char_unsigned_short_i_25, i20 %mxm_execute_ursa_signed_char_unsigned_short_unsigned_char_unsigned_short_i_24, i20 %mxm_execute_ursa_signed_char_unsigned_short_unsigned_char_unsigned_short_i_23, i20 %mxm_execute_ursa_signed_char_unsigned_short_unsigned_char_unsigned_short_i_22, i20 %mxm_execute_ursa_signed_char_unsigned_short_unsigned_char_unsigned_short_i_21, i20 %mxm_execute_ursa_signed_char_unsigned_short_unsigned_char_unsigned_short_i_20, i20 %mxm_execute_ursa_signed_char_unsigned_short_unsigned_char_unsigned_short_i_19, i20 %mxm_execute_ursa_signed_char_unsigned_short_unsigned_char_unsigned_short_i_18, i20 %mxm_execute_ursa_signed_char_unsigned_short_unsigned_char_unsigned_short_i_17, i20 %mxm_execute_ursa_signed_char_unsigned_short_unsigned_char_unsigned_short_i_16, i20 %mxm_execute_ursa_signed_char_unsigned_short_unsigned_char_unsigned_short_i_15, i20 %mxm_execute_ursa_signed_char_unsigned_short_unsigned_char_unsigned_short_i_14, i20 %mxm_execute_ursa_signed_char_unsigned_short_unsigned_char_unsigned_short_i_13, i20 %mxm_execute_ursa_signed_char_unsigned_short_unsigned_char_unsigned_short_i_12, i20 %mxm_execute_ursa_signed_char_unsigned_short_unsigned_char_unsigned_short_i_11, i20 %mxm_execute_ursa_signed_char_unsigned_short_unsigned_char_unsigned_short_i_10, i20 %mxm_execute_ursa_signed_char_unsigned_short_unsigned_char_unsigned_short_i_9, i20 %mxm_execute_ursa_signed_char_unsigned_short_unsigned_char_unsigned_short_i_8, i20 %mxm_execute_ursa_signed_char_unsigned_short_unsigned_char_unsigned_short_i_7, i20 %mxm_execute_ursa_signed_char_unsigned_short_unsigned_char_unsigned_short_i_6, i20 %mxm_execute_ursa_signed_char_unsigned_short_unsigned_char_unsigned_short_i_5, i20 %mxm_execute_ursa_signed_char_unsigned_short_unsigned_char_unsigned_short_i_4, i20 %mxm_execute_ursa_signed_char_unsigned_short_unsigned_char_unsigned_short_i_3, i20 %mxm_execute_ursa_signed_char_unsigned_short_unsigned_char_unsigned_short_i_2, i20 %mxm_execute_ursa_signed_char_unsigned_short_unsigned_char_unsigned_short_i_1, i20 %mxm_execute_ursa_signed_char_unsigned_short_unsigned_char_unsigned_short_i" [/home/ulisses/Projects/ursa/src/core/shell.cpp:301]   --->   Operation 282 'call' 'call_ln301' <Predicate = true> <Delay = 0.00> <CoreType = "Generic">   --->   Core 0 '' <Latency = 0> <II = 1> <Delay = 1.00> <Generic> <Opcode : >

State 135 <SV = 134> <Delay = 0.00>
ST_135 : Operation 283 [1/1] (0.00ns)   --->   "%specloopname_ln0 = specloopname void @_ssdm_op_SpecLoopName, void @VITIS_LOOP_267_1_VITIS_LOOP_268_2_str"   --->   Operation 283 'specloopname' 'specloopname_ln0' <Predicate = true> <Delay = 0.00>
ST_135 : Operation 284 [1/1] (0.00ns)   --->   "%speclooptripcount_ln0 = speclooptripcount void @_ssdm_op_SpecLoopTripCount, i64 0, i64 67092481, i64 16769025"   --->   Operation 284 'speclooptripcount' 'speclooptripcount_ln0' <Predicate = true> <Delay = 0.00>
ST_135 : Operation 285 [1/1] (0.00ns)   --->   "%call_ln302 = call void @sa_reset, i20 %mxm_execute_ursa_signed_char_unsigned_short_unsigned_char_unsigned_short_i_63, i20 %mxm_execute_ursa_signed_char_unsigned_short_unsigned_char_unsigned_short_i_62, i20 %mxm_execute_ursa_signed_char_unsigned_short_unsigned_char_unsigned_short_i_61, i20 %mxm_execute_ursa_signed_char_unsigned_short_unsigned_char_unsigned_short_i_60, i20 %mxm_execute_ursa_signed_char_unsigned_short_unsigned_char_unsigned_short_i_59, i20 %mxm_execute_ursa_signed_char_unsigned_short_unsigned_char_unsigned_short_i_58, i20 %mxm_execute_ursa_signed_char_unsigned_short_unsigned_char_unsigned_short_i_57, i20 %mxm_execute_ursa_signed_char_unsigned_short_unsigned_char_unsigned_short_i_56, i20 %mxm_execute_ursa_signed_char_unsigned_short_unsigned_char_unsigned_short_i_55, i20 %mxm_execute_ursa_signed_char_unsigned_short_unsigned_char_unsigned_short_i_54, i20 %mxm_execute_ursa_signed_char_unsigned_short_unsigned_char_unsigned_short_i_53, i20 %mxm_execute_ursa_signed_char_unsigned_short_unsigned_char_unsigned_short_i_52, i20 %mxm_execute_ursa_signed_char_unsigned_short_unsigned_char_unsigned_short_i_51, i20 %mxm_execute_ursa_signed_char_unsigned_short_unsigned_char_unsigned_short_i_50, i20 %mxm_execute_ursa_signed_char_unsigned_short_unsigned_char_unsigned_short_i_49, i20 %mxm_execute_ursa_signed_char_unsigned_short_unsigned_char_unsigned_short_i_48, i20 %mxm_execute_ursa_signed_char_unsigned_short_unsigned_char_unsigned_short_i_47, i20 %mxm_execute_ursa_signed_char_unsigned_short_unsigned_char_unsigned_short_i_46, i20 %mxm_execute_ursa_signed_char_unsigned_short_unsigned_char_unsigned_short_i_45, i20 %mxm_execute_ursa_signed_char_unsigned_short_unsigned_char_unsigned_short_i_44, i20 %mxm_execute_ursa_signed_char_unsigned_short_unsigned_char_unsigned_short_i_43, i20 %mxm_execute_ursa_signed_char_unsigned_short_unsigned_char_unsigned_short_i_42, i20 %mxm_execute_ursa_signed_char_unsigned_short_unsigned_char_unsigned_short_i_41, i20 %mxm_execute_ursa_signed_char_unsigned_short_unsigned_char_unsigned_short_i_40, i20 %mxm_execute_ursa_signed_char_unsigned_short_unsigned_char_unsigned_short_i_39, i20 %mxm_execute_ursa_signed_char_unsigned_short_unsigned_char_unsigned_short_i_38, i20 %mxm_execute_ursa_signed_char_unsigned_short_unsigned_char_unsigned_short_i_37, i20 %mxm_execute_ursa_signed_char_unsigned_short_unsigned_char_unsigned_short_i_36, i20 %mxm_execute_ursa_signed_char_unsigned_short_unsigned_char_unsigned_short_i_35, i20 %mxm_execute_ursa_signed_char_unsigned_short_unsigned_char_unsigned_short_i_34, i20 %mxm_execute_ursa_signed_char_unsigned_short_unsigned_char_unsigned_short_i_33, i20 %mxm_execute_ursa_signed_char_unsigned_short_unsigned_char_unsigned_short_i_32, i20 %mxm_execute_ursa_signed_char_unsigned_short_unsigned_char_unsigned_short_i_31, i20 %mxm_execute_ursa_signed_char_unsigned_short_unsigned_char_unsigned_short_i_30, i20 %mxm_execute_ursa_signed_char_unsigned_short_unsigned_char_unsigned_short_i_29, i20 %mxm_execute_ursa_signed_char_unsigned_short_unsigned_char_unsigned_short_i_28, i20 %mxm_execute_ursa_signed_char_unsigned_short_unsigned_char_unsigned_short_i_27, i20 %mxm_execute_ursa_signed_char_unsigned_short_unsigned_char_unsigned_short_i_26, i20 %mxm_execute_ursa_signed_char_unsigned_short_unsigned_char_unsigned_short_i_25, i20 %mxm_execute_ursa_signed_char_unsigned_short_unsigned_char_unsigned_short_i_24, i20 %mxm_execute_ursa_signed_char_unsigned_short_unsigned_char_unsigned_short_i_23, i20 %mxm_execute_ursa_signed_char_unsigned_short_unsigned_char_unsigned_short_i_22, i20 %mxm_execute_ursa_signed_char_unsigned_short_unsigned_char_unsigned_short_i_21, i20 %mxm_execute_ursa_signed_char_unsigned_short_unsigned_char_unsigned_short_i_20, i20 %mxm_execute_ursa_signed_char_unsigned_short_unsigned_char_unsigned_short_i_19, i20 %mxm_execute_ursa_signed_char_unsigned_short_unsigned_char_unsigned_short_i_18, i20 %mxm_execute_ursa_signed_char_unsigned_short_unsigned_char_unsigned_short_i_17, i20 %mxm_execute_ursa_signed_char_unsigned_short_unsigned_char_unsigned_short_i_16, i20 %mxm_execute_ursa_signed_char_unsigned_short_unsigned_char_unsigned_short_i_15, i20 %mxm_execute_ursa_signed_char_unsigned_short_unsigned_char_unsigned_short_i_14, i20 %mxm_execute_ursa_signed_char_unsigned_short_unsigned_char_unsigned_short_i_13, i20 %mxm_execute_ursa_signed_char_unsigned_short_unsigned_char_unsigned_short_i_12, i20 %mxm_execute_ursa_signed_char_unsigned_short_unsigned_char_unsigned_short_i_11, i20 %mxm_execute_ursa_signed_char_unsigned_short_unsigned_char_unsigned_short_i_10, i20 %mxm_execute_ursa_signed_char_unsigned_short_unsigned_char_unsigned_short_i_9, i20 %mxm_execute_ursa_signed_char_unsigned_short_unsigned_char_unsigned_short_i_8, i20 %mxm_execute_ursa_signed_char_unsigned_short_unsigned_char_unsigned_short_i_7, i20 %mxm_execute_ursa_signed_char_unsigned_short_unsigned_char_unsigned_short_i_6, i20 %mxm_execute_ursa_signed_char_unsigned_short_unsigned_char_unsigned_short_i_5, i20 %mxm_execute_ursa_signed_char_unsigned_short_unsigned_char_unsigned_short_i_4, i20 %mxm_execute_ursa_signed_char_unsigned_short_unsigned_char_unsigned_short_i_3, i20 %mxm_execute_ursa_signed_char_unsigned_short_unsigned_char_unsigned_short_i_2, i20 %mxm_execute_ursa_signed_char_unsigned_short_unsigned_char_unsigned_short_i_1, i20 %mxm_execute_ursa_signed_char_unsigned_short_unsigned_char_unsigned_short_i" [/home/ulisses/Projects/ursa/src/core/shell.cpp:302]   --->   Operation 285 'call' 'call_ln302' <Predicate = true> <Delay = 0.00> <CoreType = "Generic">   --->   Core 0 '' <Latency = 0> <II = 1> <Delay = 1.00> <Generic> <Opcode : >
ST_135 : Operation 286 [1/1] (0.00ns)   --->   "%br_ln268 = br void %VITIS_LOOP_284_3" [/home/ulisses/Projects/ursa/src/core/shell.cpp:268]   --->   Operation 286 'br' 'br_ln268' <Predicate = true> <Delay = 0.00>


============================================================
+ Verbose Summary: Binding
============================================================
STG Binding: 
---------------- STG Properties BEGIN ----------------
- Is combinational: 0
- Is one-state seq: 0
- Is datapath-only: 0
- Is pipelined: 0
- Is top level: 1
Port [ Return ] is wired: 1; IO mode=ap_ctrl_hs:ce=0
Port [ aw]:  wired=1; compound=1; hidden=0; nouse=0; global=0; static=0; extern=0; dir=0; type=4; pingpong=0; private_global=0; IO mode=m_axi:ce=0
Port [ bi]:  wired=1; compound=1; hidden=0; nouse=0; global=0; static=0; extern=0; dir=0; type=4; pingpong=0; private_global=0; IO mode=m_axi:ce=0
Port [ ca]:  wired=1; compound=1; hidden=0; nouse=0; global=0; static=0; extern=0; dir=1; type=4; pingpong=0; private_global=0; IO mode=m_axi:ce=0
Port [ addr_a0]:  wired=1; compound=0; hidden=0; nouse=0; global=0; static=0; extern=0; dir=0; type=0; pingpong=0; private_global=0; IO mode=ap_none:ce=0
Port [ a0_p]:  wired=1; compound=0; hidden=0; nouse=0; global=0; static=0; extern=0; dir=0; type=0; pingpong=0; private_global=0; IO mode=ap_none:ce=0
Port [ addr_b0]:  wired=1; compound=0; hidden=0; nouse=0; global=0; static=0; extern=0; dir=0; type=0; pingpong=0; private_global=0; IO mode=ap_none:ce=0
Port [ b0_q]:  wired=1; compound=0; hidden=0; nouse=0; global=0; static=0; extern=0; dir=0; type=0; pingpong=0; private_global=0; IO mode=ap_none:ce=0
Port [ addr_c0]:  wired=1; compound=0; hidden=0; nouse=0; global=0; static=0; extern=0; dir=0; type=0; pingpong=0; private_global=0; IO mode=ap_none:ce=0
Port [ m]:  wired=1; compound=0; hidden=0; nouse=0; global=0; static=0; extern=0; dir=0; type=0; pingpong=0; private_global=0; IO mode=ap_none:ce=0
Port [ mxm_execute_ursa_signed_char_unsigned_short_unsigned_char_unsigned_short_i_175]:  wired=0; compound=0; hidden=1; nouse=1; global=1; static=1; extern=0; dir=2; type=0; pingpong=0; private_global=0; IO mode=ap_ovld:ce=0
Port [ mxm_execute_ursa_signed_char_unsigned_short_unsigned_char_unsigned_short_i_182]:  wired=0; compound=0; hidden=1; nouse=1; global=1; static=1; extern=0; dir=2; type=0; pingpong=0; private_global=0; IO mode=ap_ovld:ce=0
Port [ mxm_execute_ursa_signed_char_unsigned_short_unsigned_char_unsigned_short_i_189]:  wired=0; compound=0; hidden=1; nouse=1; global=1; static=1; extern=0; dir=2; type=0; pingpong=0; private_global=0; IO mode=ap_ovld:ce=0
Port [ mxm_execute_ursa_signed_char_unsigned_short_unsigned_char_unsigned_short_i_196]:  wired=0; compound=0; hidden=1; nouse=1; global=1; static=1; extern=0; dir=2; type=0; pingpong=0; private_global=0; IO mode=ap_ovld:ce=0
Port [ mxm_execute_ursa_signed_char_unsigned_short_unsigned_char_unsigned_short_i_203]:  wired=0; compound=0; hidden=1; nouse=1; global=1; static=1; extern=0; dir=2; type=0; pingpong=0; private_global=0; IO mode=ap_ovld:ce=0
Port [ mxm_execute_ursa_signed_char_unsigned_short_unsigned_char_unsigned_short_i_210]:  wired=0; compound=0; hidden=1; nouse=1; global=1; static=1; extern=0; dir=2; type=0; pingpong=0; private_global=0; IO mode=ap_ovld:ce=0
Port [ mxm_execute_ursa_signed_char_unsigned_short_unsigned_char_unsigned_short_i_217]:  wired=0; compound=0; hidden=1; nouse=1; global=1; static=1; extern=0; dir=2; type=0; pingpong=0; private_global=0; IO mode=ap_ovld:ce=0
Port [ mxm_execute_ursa_signed_char_unsigned_short_unsigned_char_unsigned_short_i_224]:  wired=0; compound=0; hidden=1; nouse=1; global=1; static=1; extern=0; dir=2; type=0; pingpong=0; private_global=0; IO mode=ap_ovld:ce=0
Port [ mxm_execute_ursa_signed_char_unsigned_short_unsigned_char_unsigned_short_i_176]:  wired=0; compound=0; hidden=1; nouse=1; global=1; static=1; extern=0; dir=2; type=0; pingpong=0; private_global=0; IO mode=ap_ovld:ce=0
Port [ mxm_execute_ursa_signed_char_unsigned_short_unsigned_char_unsigned_short_i_183]:  wired=0; compound=0; hidden=1; nouse=1; global=1; static=1; extern=0; dir=2; type=0; pingpong=0; private_global=0; IO mode=ap_ovld:ce=0
Port [ mxm_execute_ursa_signed_char_unsigned_short_unsigned_char_unsigned_short_i_190]:  wired=0; compound=0; hidden=1; nouse=1; global=1; static=1; extern=0; dir=2; type=0; pingpong=0; private_global=0; IO mode=ap_ovld:ce=0
Port [ mxm_execute_ursa_signed_char_unsigned_short_unsigned_char_unsigned_short_i_197]:  wired=0; compound=0; hidden=1; nouse=1; global=1; static=1; extern=0; dir=2; type=0; pingpong=0; private_global=0; IO mode=ap_ovld:ce=0
Port [ mxm_execute_ursa_signed_char_unsigned_short_unsigned_char_unsigned_short_i_204]:  wired=0; compound=0; hidden=1; nouse=1; global=1; static=1; extern=0; dir=2; type=0; pingpong=0; private_global=0; IO mode=ap_ovld:ce=0
Port [ mxm_execute_ursa_signed_char_unsigned_short_unsigned_char_unsigned_short_i_211]:  wired=0; compound=0; hidden=1; nouse=1; global=1; static=1; extern=0; dir=2; type=0; pingpong=0; private_global=0; IO mode=ap_ovld:ce=0
Port [ mxm_execute_ursa_signed_char_unsigned_short_unsigned_char_unsigned_short_i_218]:  wired=0; compound=0; hidden=1; nouse=1; global=1; static=1; extern=0; dir=2; type=0; pingpong=0; private_global=0; IO mode=ap_ovld:ce=0
Port [ mxm_execute_ursa_signed_char_unsigned_short_unsigned_char_unsigned_short_i_225]:  wired=0; compound=0; hidden=1; nouse=1; global=1; static=1; extern=0; dir=2; type=0; pingpong=0; private_global=0; IO mode=ap_ovld:ce=0
Port [ mxm_execute_ursa_signed_char_unsigned_short_unsigned_char_unsigned_short_i_177]:  wired=0; compound=0; hidden=1; nouse=1; global=1; static=1; extern=0; dir=2; type=0; pingpong=0; private_global=0; IO mode=ap_ovld:ce=0
Port [ mxm_execute_ursa_signed_char_unsigned_short_unsigned_char_unsigned_short_i_184]:  wired=0; compound=0; hidden=1; nouse=1; global=1; static=1; extern=0; dir=2; type=0; pingpong=0; private_global=0; IO mode=ap_ovld:ce=0
Port [ mxm_execute_ursa_signed_char_unsigned_short_unsigned_char_unsigned_short_i_191]:  wired=0; compound=0; hidden=1; nouse=1; global=1; static=1; extern=0; dir=2; type=0; pingpong=0; private_global=0; IO mode=ap_ovld:ce=0
Port [ mxm_execute_ursa_signed_char_unsigned_short_unsigned_char_unsigned_short_i_198]:  wired=0; compound=0; hidden=1; nouse=1; global=1; static=1; extern=0; dir=2; type=0; pingpong=0; private_global=0; IO mode=ap_ovld:ce=0
Port [ mxm_execute_ursa_signed_char_unsigned_short_unsigned_char_unsigned_short_i_205]:  wired=0; compound=0; hidden=1; nouse=1; global=1; static=1; extern=0; dir=2; type=0; pingpong=0; private_global=0; IO mode=ap_ovld:ce=0
Port [ mxm_execute_ursa_signed_char_unsigned_short_unsigned_char_unsigned_short_i_212]:  wired=0; compound=0; hidden=1; nouse=1; global=1; static=1; extern=0; dir=2; type=0; pingpong=0; private_global=0; IO mode=ap_ovld:ce=0
Port [ mxm_execute_ursa_signed_char_unsigned_short_unsigned_char_unsigned_short_i_219]:  wired=0; compound=0; hidden=1; nouse=1; global=1; static=1; extern=0; dir=2; type=0; pingpong=0; private_global=0; IO mode=ap_ovld:ce=0
Port [ mxm_execute_ursa_signed_char_unsigned_short_unsigned_char_unsigned_short_i_226]:  wired=0; compound=0; hidden=1; nouse=1; global=1; static=1; extern=0; dir=2; type=0; pingpong=0; private_global=0; IO mode=ap_ovld:ce=0
Port [ mxm_execute_ursa_signed_char_unsigned_short_unsigned_char_unsigned_short_i_178]:  wired=0; compound=0; hidden=1; nouse=1; global=1; static=1; extern=0; dir=2; type=0; pingpong=0; private_global=0; IO mode=ap_ovld:ce=0
Port [ mxm_execute_ursa_signed_char_unsigned_short_unsigned_char_unsigned_short_i_185]:  wired=0; compound=0; hidden=1; nouse=1; global=1; static=1; extern=0; dir=2; type=0; pingpong=0; private_global=0; IO mode=ap_ovld:ce=0
Port [ mxm_execute_ursa_signed_char_unsigned_short_unsigned_char_unsigned_short_i_192]:  wired=0; compound=0; hidden=1; nouse=1; global=1; static=1; extern=0; dir=2; type=0; pingpong=0; private_global=0; IO mode=ap_ovld:ce=0
Port [ mxm_execute_ursa_signed_char_unsigned_short_unsigned_char_unsigned_short_i_199]:  wired=0; compound=0; hidden=1; nouse=1; global=1; static=1; extern=0; dir=2; type=0; pingpong=0; private_global=0; IO mode=ap_ovld:ce=0
Port [ mxm_execute_ursa_signed_char_unsigned_short_unsigned_char_unsigned_short_i_206]:  wired=0; compound=0; hidden=1; nouse=1; global=1; static=1; extern=0; dir=2; type=0; pingpong=0; private_global=0; IO mode=ap_ovld:ce=0
Port [ mxm_execute_ursa_signed_char_unsigned_short_unsigned_char_unsigned_short_i_213]:  wired=0; compound=0; hidden=1; nouse=1; global=1; static=1; extern=0; dir=2; type=0; pingpong=0; private_global=0; IO mode=ap_ovld:ce=0
Port [ mxm_execute_ursa_signed_char_unsigned_short_unsigned_char_unsigned_short_i_220]:  wired=0; compound=0; hidden=1; nouse=1; global=1; static=1; extern=0; dir=2; type=0; pingpong=0; private_global=0; IO mode=ap_ovld:ce=0
Port [ mxm_execute_ursa_signed_char_unsigned_short_unsigned_char_unsigned_short_i_227]:  wired=0; compound=0; hidden=1; nouse=1; global=1; static=1; extern=0; dir=2; type=0; pingpong=0; private_global=0; IO mode=ap_ovld:ce=0
Port [ mxm_execute_ursa_signed_char_unsigned_short_unsigned_char_unsigned_short_i_179]:  wired=0; compound=0; hidden=1; nouse=1; global=1; static=1; extern=0; dir=2; type=0; pingpong=0; private_global=0; IO mode=ap_ovld:ce=0
Port [ mxm_execute_ursa_signed_char_unsigned_short_unsigned_char_unsigned_short_i_186]:  wired=0; compound=0; hidden=1; nouse=1; global=1; static=1; extern=0; dir=2; type=0; pingpong=0; private_global=0; IO mode=ap_ovld:ce=0
Port [ mxm_execute_ursa_signed_char_unsigned_short_unsigned_char_unsigned_short_i_193]:  wired=0; compound=0; hidden=1; nouse=1; global=1; static=1; extern=0; dir=2; type=0; pingpong=0; private_global=0; IO mode=ap_ovld:ce=0
Port [ mxm_execute_ursa_signed_char_unsigned_short_unsigned_char_unsigned_short_i_200]:  wired=0; compound=0; hidden=1; nouse=1; global=1; static=1; extern=0; dir=2; type=0; pingpong=0; private_global=0; IO mode=ap_ovld:ce=0
Port [ mxm_execute_ursa_signed_char_unsigned_short_unsigned_char_unsigned_short_i_207]:  wired=0; compound=0; hidden=1; nouse=1; global=1; static=1; extern=0; dir=2; type=0; pingpong=0; private_global=0; IO mode=ap_ovld:ce=0
Port [ mxm_execute_ursa_signed_char_unsigned_short_unsigned_char_unsigned_short_i_214]:  wired=0; compound=0; hidden=1; nouse=1; global=1; static=1; extern=0; dir=2; type=0; pingpong=0; private_global=0; IO mode=ap_ovld:ce=0
Port [ mxm_execute_ursa_signed_char_unsigned_short_unsigned_char_unsigned_short_i_221]:  wired=0; compound=0; hidden=1; nouse=1; global=1; static=1; extern=0; dir=2; type=0; pingpong=0; private_global=0; IO mode=ap_ovld:ce=0
Port [ mxm_execute_ursa_signed_char_unsigned_short_unsigned_char_unsigned_short_i_228]:  wired=0; compound=0; hidden=1; nouse=1; global=1; static=1; extern=0; dir=2; type=0; pingpong=0; private_global=0; IO mode=ap_ovld:ce=0
Port [ mxm_execute_ursa_signed_char_unsigned_short_unsigned_char_unsigned_short_i_180]:  wired=0; compound=0; hidden=1; nouse=1; global=1; static=1; extern=0; dir=2; type=0; pingpong=0; private_global=0; IO mode=ap_ovld:ce=0
Port [ mxm_execute_ursa_signed_char_unsigned_short_unsigned_char_unsigned_short_i_187]:  wired=0; compound=0; hidden=1; nouse=1; global=1; static=1; extern=0; dir=2; type=0; pingpong=0; private_global=0; IO mode=ap_ovld:ce=0
Port [ mxm_execute_ursa_signed_char_unsigned_short_unsigned_char_unsigned_short_i_194]:  wired=0; compound=0; hidden=1; nouse=1; global=1; static=1; extern=0; dir=2; type=0; pingpong=0; private_global=0; IO mode=ap_ovld:ce=0
Port [ mxm_execute_ursa_signed_char_unsigned_short_unsigned_char_unsigned_short_i_201]:  wired=0; compound=0; hidden=1; nouse=1; global=1; static=1; extern=0; dir=2; type=0; pingpong=0; private_global=0; IO mode=ap_ovld:ce=0
Port [ mxm_execute_ursa_signed_char_unsigned_short_unsigned_char_unsigned_short_i_208]:  wired=0; compound=0; hidden=1; nouse=1; global=1; static=1; extern=0; dir=2; type=0; pingpong=0; private_global=0; IO mode=ap_ovld:ce=0
Port [ mxm_execute_ursa_signed_char_unsigned_short_unsigned_char_unsigned_short_i_215]:  wired=0; compound=0; hidden=1; nouse=1; global=1; static=1; extern=0; dir=2; type=0; pingpong=0; private_global=0; IO mode=ap_ovld:ce=0
Port [ mxm_execute_ursa_signed_char_unsigned_short_unsigned_char_unsigned_short_i_222]:  wired=0; compound=0; hidden=1; nouse=1; global=1; static=1; extern=0; dir=2; type=0; pingpong=0; private_global=0; IO mode=ap_ovld:ce=0
Port [ mxm_execute_ursa_signed_char_unsigned_short_unsigned_char_unsigned_short_i_229]:  wired=0; compound=0; hidden=1; nouse=1; global=1; static=1; extern=0; dir=2; type=0; pingpong=0; private_global=0; IO mode=ap_ovld:ce=0
Port [ mxm_execute_ursa_signed_char_unsigned_short_unsigned_char_unsigned_short_i_181]:  wired=0; compound=0; hidden=1; nouse=1; global=1; static=1; extern=0; dir=2; type=0; pingpong=0; private_global=0; IO mode=ap_ovld:ce=0
Port [ mxm_execute_ursa_signed_char_unsigned_short_unsigned_char_unsigned_short_i_188]:  wired=0; compound=0; hidden=1; nouse=1; global=1; static=1; extern=0; dir=2; type=0; pingpong=0; private_global=0; IO mode=ap_ovld:ce=0
Port [ mxm_execute_ursa_signed_char_unsigned_short_unsigned_char_unsigned_short_i_195]:  wired=0; compound=0; hidden=1; nouse=1; global=1; static=1; extern=0; dir=2; type=0; pingpong=0; private_global=0; IO mode=ap_ovld:ce=0
Port [ mxm_execute_ursa_signed_char_unsigned_short_unsigned_char_unsigned_short_i_202]:  wired=0; compound=0; hidden=1; nouse=1; global=1; static=1; extern=0; dir=2; type=0; pingpong=0; private_global=0; IO mode=ap_ovld:ce=0
Port [ mxm_execute_ursa_signed_char_unsigned_short_unsigned_char_unsigned_short_i_209]:  wired=0; compound=0; hidden=1; nouse=1; global=1; static=1; extern=0; dir=2; type=0; pingpong=0; private_global=0; IO mode=ap_ovld:ce=0
Port [ mxm_execute_ursa_signed_char_unsigned_short_unsigned_char_unsigned_short_i_216]:  wired=0; compound=0; hidden=1; nouse=1; global=1; static=1; extern=0; dir=2; type=0; pingpong=0; private_global=0; IO mode=ap_ovld:ce=0
Port [ mxm_execute_ursa_signed_char_unsigned_short_unsigned_char_unsigned_short_i_223]:  wired=0; compound=0; hidden=1; nouse=1; global=1; static=1; extern=0; dir=2; type=0; pingpong=0; private_global=0; IO mode=ap_ovld:ce=0
Port [ mxm_execute_ursa_signed_char_unsigned_short_unsigned_char_unsigned_short_i_230]:  wired=0; compound=0; hidden=1; nouse=1; global=1; static=1; extern=0; dir=2; type=0; pingpong=0; private_global=0; IO mode=ap_ovld:ce=0
Port [ mxm_execute_ursa_signed_char_unsigned_short_unsigned_char_unsigned_short_i_231]:  wired=0; compound=0; hidden=1; nouse=1; global=1; static=1; extern=0; dir=2; type=0; pingpong=0; private_global=0; IO mode=ap_ovld:ce=0
Port [ mxm_execute_ursa_signed_char_unsigned_short_unsigned_char_unsigned_short_i_232]:  wired=0; compound=0; hidden=1; nouse=1; global=1; static=1; extern=0; dir=2; type=0; pingpong=0; private_global=0; IO mode=ap_ovld:ce=0
Port [ mxm_execute_ursa_signed_char_unsigned_short_unsigned_char_unsigned_short_i_233]:  wired=0; compound=0; hidden=1; nouse=1; global=1; static=1; extern=0; dir=2; type=0; pingpong=0; private_global=0; IO mode=ap_ovld:ce=0
Port [ mxm_execute_ursa_signed_char_unsigned_short_unsigned_char_unsigned_short_i_234]:  wired=0; compound=0; hidden=1; nouse=1; global=1; static=1; extern=0; dir=2; type=0; pingpong=0; private_global=0; IO mode=ap_ovld:ce=0
Port [ mxm_execute_ursa_signed_char_unsigned_short_unsigned_char_unsigned_short_i_235]:  wired=0; compound=0; hidden=1; nouse=1; global=1; static=1; extern=0; dir=2; type=0; pingpong=0; private_global=0; IO mode=ap_ovld:ce=0
Port [ mxm_execute_ursa_signed_char_unsigned_short_unsigned_char_unsigned_short_i_236]:  wired=0; compound=0; hidden=1; nouse=1; global=1; static=1; extern=0; dir=2; type=0; pingpong=0; private_global=0; IO mode=ap_ovld:ce=0
Port [ mxm_execute_ursa_signed_char_unsigned_short_unsigned_char_unsigned_short_i_237]:  wired=0; compound=0; hidden=1; nouse=1; global=1; static=1; extern=0; dir=2; type=0; pingpong=0; private_global=0; IO mode=ap_ovld:ce=0
Port [ mxm_execute_ursa_signed_char_unsigned_short_unsigned_char_unsigned_short_i_238]:  wired=0; compound=0; hidden=1; nouse=1; global=1; static=1; extern=0; dir=2; type=0; pingpong=0; private_global=0; IO mode=ap_ovld:ce=0
Port [ mxm_execute_ursa_signed_char_unsigned_short_unsigned_char_unsigned_short_i_239]:  wired=0; compound=0; hidden=1; nouse=1; global=1; static=1; extern=0; dir=2; type=0; pingpong=0; private_global=0; IO mode=ap_ovld:ce=0
Port [ mxm_execute_ursa_signed_char_unsigned_short_unsigned_char_unsigned_short_i_240]:  wired=0; compound=0; hidden=1; nouse=1; global=1; static=1; extern=0; dir=2; type=0; pingpong=0; private_global=0; IO mode=ap_ovld:ce=0
Port [ mxm_execute_ursa_signed_char_unsigned_short_unsigned_char_unsigned_short_i_241]:  wired=0; compound=0; hidden=1; nouse=1; global=1; static=1; extern=0; dir=2; type=0; pingpong=0; private_global=0; IO mode=ap_ovld:ce=0
Port [ mxm_execute_ursa_signed_char_unsigned_short_unsigned_char_unsigned_short_i_242]:  wired=0; compound=0; hidden=1; nouse=1; global=1; static=1; extern=0; dir=2; type=0; pingpong=0; private_global=0; IO mode=ap_ovld:ce=0
Port [ mxm_execute_ursa_signed_char_unsigned_short_unsigned_char_unsigned_short_i_243]:  wired=0; compound=0; hidden=1; nouse=1; global=1; static=1; extern=0; dir=2; type=0; pingpong=0; private_global=0; IO mode=ap_ovld:ce=0
Port [ mxm_execute_ursa_signed_char_unsigned_short_unsigned_char_unsigned_short_i_244]:  wired=0; compound=0; hidden=1; nouse=1; global=1; static=1; extern=0; dir=2; type=0; pingpong=0; private_global=0; IO mode=ap_ovld:ce=0
Port [ mxm_execute_ursa_signed_char_unsigned_short_unsigned_char_unsigned_short_i_245]:  wired=0; compound=0; hidden=1; nouse=1; global=1; static=1; extern=0; dir=2; type=0; pingpong=0; private_global=0; IO mode=ap_ovld:ce=0
Port [ mxm_execute_ursa_signed_char_unsigned_short_unsigned_char_unsigned_short_i_246]:  wired=0; compound=0; hidden=1; nouse=1; global=1; static=1; extern=0; dir=2; type=0; pingpong=0; private_global=0; IO mode=ap_ovld:ce=0
Port [ mxm_execute_ursa_signed_char_unsigned_short_unsigned_char_unsigned_short_i_247]:  wired=0; compound=0; hidden=1; nouse=1; global=1; static=1; extern=0; dir=2; type=0; pingpong=0; private_global=0; IO mode=ap_ovld:ce=0
Port [ mxm_execute_ursa_signed_char_unsigned_short_unsigned_char_unsigned_short_i_248]:  wired=0; compound=0; hidden=1; nouse=1; global=1; static=1; extern=0; dir=2; type=0; pingpong=0; private_global=0; IO mode=ap_ovld:ce=0
Port [ mxm_execute_ursa_signed_char_unsigned_short_unsigned_char_unsigned_short_i_249]:  wired=0; compound=0; hidden=1; nouse=1; global=1; static=1; extern=0; dir=2; type=0; pingpong=0; private_global=0; IO mode=ap_ovld:ce=0
Port [ mxm_execute_ursa_signed_char_unsigned_short_unsigned_char_unsigned_short_i_250]:  wired=0; compound=0; hidden=1; nouse=1; global=1; static=1; extern=0; dir=2; type=0; pingpong=0; private_global=0; IO mode=ap_ovld:ce=0
Port [ mxm_execute_ursa_signed_char_unsigned_short_unsigned_char_unsigned_short_i_99]:  wired=0; compound=0; hidden=1; nouse=1; global=1; static=1; extern=0; dir=2; type=0; pingpong=0; private_global=0; IO mode=ap_ovld:ce=0
Port [ mxm_execute_ursa_signed_char_unsigned_short_unsigned_char_unsigned_short_i_98]:  wired=0; compound=0; hidden=1; nouse=1; global=1; static=1; extern=0; dir=2; type=0; pingpong=0; private_global=0; IO mode=ap_ovld:ce=0
Port [ mxm_execute_ursa_signed_char_unsigned_short_unsigned_char_unsigned_short_i_97]:  wired=0; compound=0; hidden=1; nouse=1; global=1; static=1; extern=0; dir=2; type=0; pingpong=0; private_global=0; IO mode=ap_ovld:ce=0
Port [ mxm_execute_ursa_signed_char_unsigned_short_unsigned_char_unsigned_short_i_96]:  wired=0; compound=0; hidden=1; nouse=1; global=1; static=1; extern=0; dir=2; type=0; pingpong=0; private_global=0; IO mode=ap_ovld:ce=0
Port [ mxm_execute_ursa_signed_char_unsigned_short_unsigned_char_unsigned_short_i_95]:  wired=0; compound=0; hidden=1; nouse=1; global=1; static=1; extern=0; dir=2; type=0; pingpong=0; private_global=0; IO mode=ap_ovld:ce=0
Port [ mxm_execute_ursa_signed_char_unsigned_short_unsigned_char_unsigned_short_i_94]:  wired=0; compound=0; hidden=1; nouse=1; global=1; static=1; extern=0; dir=2; type=0; pingpong=0; private_global=0; IO mode=ap_ovld:ce=0
Port [ mxm_execute_ursa_signed_char_unsigned_short_unsigned_char_unsigned_short_i_93]:  wired=0; compound=0; hidden=1; nouse=1; global=1; static=1; extern=0; dir=2; type=0; pingpong=0; private_global=0; IO mode=ap_ovld:ce=0
Port [ mxm_execute_ursa_signed_char_unsigned_short_unsigned_char_unsigned_short_i_92]:  wired=0; compound=0; hidden=1; nouse=1; global=1; static=1; extern=0; dir=2; type=0; pingpong=0; private_global=0; IO mode=ap_ovld:ce=0
Port [ mxm_execute_ursa_signed_char_unsigned_short_unsigned_char_unsigned_short_i_91]:  wired=0; compound=0; hidden=1; nouse=1; global=1; static=1; extern=0; dir=2; type=0; pingpong=0; private_global=0; IO mode=ap_ovld:ce=0
Port [ mxm_execute_ursa_signed_char_unsigned_short_unsigned_char_unsigned_short_i_90]:  wired=0; compound=0; hidden=1; nouse=1; global=1; static=1; extern=0; dir=2; type=0; pingpong=0; private_global=0; IO mode=ap_ovld:ce=0
Port [ mxm_execute_ursa_signed_char_unsigned_short_unsigned_char_unsigned_short_i_89]:  wired=0; compound=0; hidden=1; nouse=1; global=1; static=1; extern=0; dir=2; type=0; pingpong=0; private_global=0; IO mode=ap_ovld:ce=0
Port [ mxm_execute_ursa_signed_char_unsigned_short_unsigned_char_unsigned_short_i_88]:  wired=0; compound=0; hidden=1; nouse=1; global=1; static=1; extern=0; dir=2; type=0; pingpong=0; private_global=0; IO mode=ap_ovld:ce=0
Port [ mxm_execute_ursa_signed_char_unsigned_short_unsigned_char_unsigned_short_i_87]:  wired=0; compound=0; hidden=1; nouse=1; global=1; static=1; extern=0; dir=2; type=0; pingpong=0; private_global=0; IO mode=ap_ovld:ce=0
Port [ mxm_execute_ursa_signed_char_unsigned_short_unsigned_char_unsigned_short_i_86]:  wired=0; compound=0; hidden=1; nouse=1; global=1; static=1; extern=0; dir=2; type=0; pingpong=0; private_global=0; IO mode=ap_ovld:ce=0
Port [ mxm_execute_ursa_signed_char_unsigned_short_unsigned_char_unsigned_short_i_85]:  wired=0; compound=0; hidden=1; nouse=1; global=1; static=1; extern=0; dir=2; type=0; pingpong=0; private_global=0; IO mode=ap_ovld:ce=0
Port [ mxm_execute_ursa_signed_char_unsigned_short_unsigned_char_unsigned_short_i_84]:  wired=0; compound=0; hidden=1; nouse=1; global=1; static=1; extern=0; dir=2; type=0; pingpong=0; private_global=0; IO mode=ap_ovld:ce=0
Port [ mxm_execute_ursa_signed_char_unsigned_short_unsigned_char_unsigned_short_i_83]:  wired=0; compound=0; hidden=1; nouse=1; global=1; static=1; extern=0; dir=2; type=0; pingpong=0; private_global=0; IO mode=ap_ovld:ce=0
Port [ mxm_execute_ursa_signed_char_unsigned_short_unsigned_char_unsigned_short_i_82]:  wired=0; compound=0; hidden=1; nouse=1; global=1; static=1; extern=0; dir=2; type=0; pingpong=0; private_global=0; IO mode=ap_ovld:ce=0
Port [ mxm_execute_ursa_signed_char_unsigned_short_unsigned_char_unsigned_short_i_81]:  wired=0; compound=0; hidden=1; nouse=1; global=1; static=1; extern=0; dir=2; type=0; pingpong=0; private_global=0; IO mode=ap_ovld:ce=0
Port [ mxm_execute_ursa_signed_char_unsigned_short_unsigned_char_unsigned_short_i_80]:  wired=0; compound=0; hidden=1; nouse=1; global=1; static=1; extern=0; dir=2; type=0; pingpong=0; private_global=0; IO mode=ap_ovld:ce=0
Port [ mxm_execute_ursa_signed_char_unsigned_short_unsigned_char_unsigned_short_i_79]:  wired=0; compound=0; hidden=1; nouse=1; global=1; static=1; extern=0; dir=2; type=0; pingpong=0; private_global=0; IO mode=ap_ovld:ce=0
Port [ mxm_execute_ursa_signed_char_unsigned_short_unsigned_char_unsigned_short_i_78]:  wired=0; compound=0; hidden=1; nouse=1; global=1; static=1; extern=0; dir=2; type=0; pingpong=0; private_global=0; IO mode=ap_ovld:ce=0
Port [ mxm_execute_ursa_signed_char_unsigned_short_unsigned_char_unsigned_short_i_77]:  wired=0; compound=0; hidden=1; nouse=1; global=1; static=1; extern=0; dir=2; type=0; pingpong=0; private_global=0; IO mode=ap_ovld:ce=0
Port [ mxm_execute_ursa_signed_char_unsigned_short_unsigned_char_unsigned_short_i_76]:  wired=0; compound=0; hidden=1; nouse=1; global=1; static=1; extern=0; dir=2; type=0; pingpong=0; private_global=0; IO mode=ap_ovld:ce=0
Port [ mxm_execute_ursa_signed_char_unsigned_short_unsigned_char_unsigned_short_i_75]:  wired=0; compound=0; hidden=1; nouse=1; global=1; static=1; extern=0; dir=2; type=0; pingpong=0; private_global=0; IO mode=ap_ovld:ce=0
Port [ mxm_execute_ursa_signed_char_unsigned_short_unsigned_char_unsigned_short_i_74]:  wired=0; compound=0; hidden=1; nouse=1; global=1; static=1; extern=0; dir=2; type=0; pingpong=0; private_global=0; IO mode=ap_ovld:ce=0
Port [ mxm_execute_ursa_signed_char_unsigned_short_unsigned_char_unsigned_short_i_73]:  wired=0; compound=0; hidden=1; nouse=1; global=1; static=1; extern=0; dir=2; type=0; pingpong=0; private_global=0; IO mode=ap_ovld:ce=0
Port [ mxm_execute_ursa_signed_char_unsigned_short_unsigned_char_unsigned_short_i_72]:  wired=0; compound=0; hidden=1; nouse=1; global=1; static=1; extern=0; dir=2; type=0; pingpong=0; private_global=0; IO mode=ap_ovld:ce=0
Port [ mxm_execute_ursa_signed_char_unsigned_short_unsigned_char_unsigned_short_i_71]:  wired=0; compound=0; hidden=1; nouse=1; global=1; static=1; extern=0; dir=2; type=0; pingpong=0; private_global=0; IO mode=ap_ovld:ce=0
Port [ mxm_execute_ursa_signed_char_unsigned_short_unsigned_char_unsigned_short_i_70]:  wired=0; compound=0; hidden=1; nouse=1; global=1; static=1; extern=0; dir=2; type=0; pingpong=0; private_global=0; IO mode=ap_ovld:ce=0
Port [ mxm_execute_ursa_signed_char_unsigned_short_unsigned_char_unsigned_short_i_69]:  wired=0; compound=0; hidden=1; nouse=1; global=1; static=1; extern=0; dir=2; type=0; pingpong=0; private_global=0; IO mode=ap_ovld:ce=0
Port [ mxm_execute_ursa_signed_char_unsigned_short_unsigned_char_unsigned_short_i_68]:  wired=0; compound=0; hidden=1; nouse=1; global=1; static=1; extern=0; dir=2; type=0; pingpong=0; private_global=0; IO mode=ap_ovld:ce=0
Port [ mxm_execute_ursa_signed_char_unsigned_short_unsigned_char_unsigned_short_i_67]:  wired=0; compound=0; hidden=1; nouse=1; global=1; static=1; extern=0; dir=2; type=0; pingpong=0; private_global=0; IO mode=ap_ovld:ce=0
Port [ mxm_execute_ursa_signed_char_unsigned_short_unsigned_char_unsigned_short_i_66]:  wired=0; compound=0; hidden=1; nouse=1; global=1; static=1; extern=0; dir=2; type=0; pingpong=0; private_global=0; IO mode=ap_ovld:ce=0
Port [ mxm_execute_ursa_signed_char_unsigned_short_unsigned_char_unsigned_short_i_65]:  wired=0; compound=0; hidden=1; nouse=1; global=1; static=1; extern=0; dir=2; type=0; pingpong=0; private_global=0; IO mode=ap_ovld:ce=0
Port [ mxm_execute_ursa_signed_char_unsigned_short_unsigned_char_unsigned_short_i_64]:  wired=0; compound=0; hidden=1; nouse=1; global=1; static=1; extern=0; dir=2; type=0; pingpong=0; private_global=0; IO mode=ap_ovld:ce=0
Port [ mxm_execute_ursa_signed_char_unsigned_short_unsigned_char_unsigned_short_i_63]:  wired=0; compound=0; hidden=1; nouse=0; global=1; static=1; extern=0; dir=2; type=0; pingpong=0; private_global=1; IO mode=ap_ovld:ce=0
Port [ mxm_execute_ursa_signed_char_unsigned_short_unsigned_char_unsigned_short_i_62]:  wired=0; compound=0; hidden=1; nouse=0; global=1; static=1; extern=0; dir=2; type=0; pingpong=0; private_global=1; IO mode=ap_ovld:ce=0
Port [ mxm_execute_ursa_signed_char_unsigned_short_unsigned_char_unsigned_short_i_61]:  wired=0; compound=0; hidden=1; nouse=0; global=1; static=1; extern=0; dir=2; type=0; pingpong=0; private_global=1; IO mode=ap_ovld:ce=0
Port [ mxm_execute_ursa_signed_char_unsigned_short_unsigned_char_unsigned_short_i_60]:  wired=0; compound=0; hidden=1; nouse=0; global=1; static=1; extern=0; dir=2; type=0; pingpong=0; private_global=1; IO mode=ap_ovld:ce=0
Port [ mxm_execute_ursa_signed_char_unsigned_short_unsigned_char_unsigned_short_i_59]:  wired=0; compound=0; hidden=1; nouse=0; global=1; static=1; extern=0; dir=2; type=0; pingpong=0; private_global=1; IO mode=ap_ovld:ce=0
Port [ mxm_execute_ursa_signed_char_unsigned_short_unsigned_char_unsigned_short_i_58]:  wired=0; compound=0; hidden=1; nouse=0; global=1; static=1; extern=0; dir=2; type=0; pingpong=0; private_global=1; IO mode=ap_ovld:ce=0
Port [ mxm_execute_ursa_signed_char_unsigned_short_unsigned_char_unsigned_short_i_57]:  wired=0; compound=0; hidden=1; nouse=0; global=1; static=1; extern=0; dir=2; type=0; pingpong=0; private_global=1; IO mode=ap_ovld:ce=0
Port [ mxm_execute_ursa_signed_char_unsigned_short_unsigned_char_unsigned_short_i_56]:  wired=0; compound=0; hidden=1; nouse=0; global=1; static=1; extern=0; dir=2; type=0; pingpong=0; private_global=1; IO mode=ap_ovld:ce=0
Port [ mxm_execute_ursa_signed_char_unsigned_short_unsigned_char_unsigned_short_i_55]:  wired=0; compound=0; hidden=1; nouse=0; global=1; static=1; extern=0; dir=2; type=0; pingpong=0; private_global=1; IO mode=ap_ovld:ce=0
Port [ mxm_execute_ursa_signed_char_unsigned_short_unsigned_char_unsigned_short_i_54]:  wired=0; compound=0; hidden=1; nouse=0; global=1; static=1; extern=0; dir=2; type=0; pingpong=0; private_global=1; IO mode=ap_ovld:ce=0
Port [ mxm_execute_ursa_signed_char_unsigned_short_unsigned_char_unsigned_short_i_53]:  wired=0; compound=0; hidden=1; nouse=0; global=1; static=1; extern=0; dir=2; type=0; pingpong=0; private_global=1; IO mode=ap_ovld:ce=0
Port [ mxm_execute_ursa_signed_char_unsigned_short_unsigned_char_unsigned_short_i_52]:  wired=0; compound=0; hidden=1; nouse=0; global=1; static=1; extern=0; dir=2; type=0; pingpong=0; private_global=1; IO mode=ap_ovld:ce=0
Port [ mxm_execute_ursa_signed_char_unsigned_short_unsigned_char_unsigned_short_i_51]:  wired=0; compound=0; hidden=1; nouse=0; global=1; static=1; extern=0; dir=2; type=0; pingpong=0; private_global=1; IO mode=ap_ovld:ce=0
Port [ mxm_execute_ursa_signed_char_unsigned_short_unsigned_char_unsigned_short_i_50]:  wired=0; compound=0; hidden=1; nouse=0; global=1; static=1; extern=0; dir=2; type=0; pingpong=0; private_global=1; IO mode=ap_ovld:ce=0
Port [ mxm_execute_ursa_signed_char_unsigned_short_unsigned_char_unsigned_short_i_49]:  wired=0; compound=0; hidden=1; nouse=0; global=1; static=1; extern=0; dir=2; type=0; pingpong=0; private_global=1; IO mode=ap_ovld:ce=0
Port [ mxm_execute_ursa_signed_char_unsigned_short_unsigned_char_unsigned_short_i_48]:  wired=0; compound=0; hidden=1; nouse=0; global=1; static=1; extern=0; dir=2; type=0; pingpong=0; private_global=1; IO mode=ap_ovld:ce=0
Port [ mxm_execute_ursa_signed_char_unsigned_short_unsigned_char_unsigned_short_i_47]:  wired=0; compound=0; hidden=1; nouse=0; global=1; static=1; extern=0; dir=2; type=0; pingpong=0; private_global=1; IO mode=ap_ovld:ce=0
Port [ mxm_execute_ursa_signed_char_unsigned_short_unsigned_char_unsigned_short_i_46]:  wired=0; compound=0; hidden=1; nouse=0; global=1; static=1; extern=0; dir=2; type=0; pingpong=0; private_global=1; IO mode=ap_ovld:ce=0
Port [ mxm_execute_ursa_signed_char_unsigned_short_unsigned_char_unsigned_short_i_45]:  wired=0; compound=0; hidden=1; nouse=0; global=1; static=1; extern=0; dir=2; type=0; pingpong=0; private_global=1; IO mode=ap_ovld:ce=0
Port [ mxm_execute_ursa_signed_char_unsigned_short_unsigned_char_unsigned_short_i_44]:  wired=0; compound=0; hidden=1; nouse=0; global=1; static=1; extern=0; dir=2; type=0; pingpong=0; private_global=1; IO mode=ap_ovld:ce=0
Port [ mxm_execute_ursa_signed_char_unsigned_short_unsigned_char_unsigned_short_i_43]:  wired=0; compound=0; hidden=1; nouse=0; global=1; static=1; extern=0; dir=2; type=0; pingpong=0; private_global=1; IO mode=ap_ovld:ce=0
Port [ mxm_execute_ursa_signed_char_unsigned_short_unsigned_char_unsigned_short_i_42]:  wired=0; compound=0; hidden=1; nouse=0; global=1; static=1; extern=0; dir=2; type=0; pingpong=0; private_global=1; IO mode=ap_ovld:ce=0
Port [ mxm_execute_ursa_signed_char_unsigned_short_unsigned_char_unsigned_short_i_41]:  wired=0; compound=0; hidden=1; nouse=0; global=1; static=1; extern=0; dir=2; type=0; pingpong=0; private_global=1; IO mode=ap_ovld:ce=0
Port [ mxm_execute_ursa_signed_char_unsigned_short_unsigned_char_unsigned_short_i_40]:  wired=0; compound=0; hidden=1; nouse=0; global=1; static=1; extern=0; dir=2; type=0; pingpong=0; private_global=1; IO mode=ap_ovld:ce=0
Port [ mxm_execute_ursa_signed_char_unsigned_short_unsigned_char_unsigned_short_i_39]:  wired=0; compound=0; hidden=1; nouse=0; global=1; static=1; extern=0; dir=2; type=0; pingpong=0; private_global=1; IO mode=ap_ovld:ce=0
Port [ mxm_execute_ursa_signed_char_unsigned_short_unsigned_char_unsigned_short_i_38]:  wired=0; compound=0; hidden=1; nouse=0; global=1; static=1; extern=0; dir=2; type=0; pingpong=0; private_global=1; IO mode=ap_ovld:ce=0
Port [ mxm_execute_ursa_signed_char_unsigned_short_unsigned_char_unsigned_short_i_37]:  wired=0; compound=0; hidden=1; nouse=0; global=1; static=1; extern=0; dir=2; type=0; pingpong=0; private_global=1; IO mode=ap_ovld:ce=0
Port [ mxm_execute_ursa_signed_char_unsigned_short_unsigned_char_unsigned_short_i_36]:  wired=0; compound=0; hidden=1; nouse=0; global=1; static=1; extern=0; dir=2; type=0; pingpong=0; private_global=1; IO mode=ap_ovld:ce=0
Port [ mxm_execute_ursa_signed_char_unsigned_short_unsigned_char_unsigned_short_i_35]:  wired=0; compound=0; hidden=1; nouse=0; global=1; static=1; extern=0; dir=2; type=0; pingpong=0; private_global=1; IO mode=ap_ovld:ce=0
Port [ mxm_execute_ursa_signed_char_unsigned_short_unsigned_char_unsigned_short_i_34]:  wired=0; compound=0; hidden=1; nouse=0; global=1; static=1; extern=0; dir=2; type=0; pingpong=0; private_global=1; IO mode=ap_ovld:ce=0
Port [ mxm_execute_ursa_signed_char_unsigned_short_unsigned_char_unsigned_short_i_33]:  wired=0; compound=0; hidden=1; nouse=0; global=1; static=1; extern=0; dir=2; type=0; pingpong=0; private_global=1; IO mode=ap_ovld:ce=0
Port [ mxm_execute_ursa_signed_char_unsigned_short_unsigned_char_unsigned_short_i_32]:  wired=0; compound=0; hidden=1; nouse=0; global=1; static=1; extern=0; dir=2; type=0; pingpong=0; private_global=1; IO mode=ap_ovld:ce=0
Port [ mxm_execute_ursa_signed_char_unsigned_short_unsigned_char_unsigned_short_i_31]:  wired=0; compound=0; hidden=1; nouse=0; global=1; static=1; extern=0; dir=2; type=0; pingpong=0; private_global=1; IO mode=ap_ovld:ce=0
Port [ mxm_execute_ursa_signed_char_unsigned_short_unsigned_char_unsigned_short_i_30]:  wired=0; compound=0; hidden=1; nouse=0; global=1; static=1; extern=0; dir=2; type=0; pingpong=0; private_global=1; IO mode=ap_ovld:ce=0
Port [ mxm_execute_ursa_signed_char_unsigned_short_unsigned_char_unsigned_short_i_29]:  wired=0; compound=0; hidden=1; nouse=0; global=1; static=1; extern=0; dir=2; type=0; pingpong=0; private_global=1; IO mode=ap_ovld:ce=0
Port [ mxm_execute_ursa_signed_char_unsigned_short_unsigned_char_unsigned_short_i_28]:  wired=0; compound=0; hidden=1; nouse=0; global=1; static=1; extern=0; dir=2; type=0; pingpong=0; private_global=1; IO mode=ap_ovld:ce=0
Port [ mxm_execute_ursa_signed_char_unsigned_short_unsigned_char_unsigned_short_i_27]:  wired=0; compound=0; hidden=1; nouse=0; global=1; static=1; extern=0; dir=2; type=0; pingpong=0; private_global=1; IO mode=ap_ovld:ce=0
Port [ mxm_execute_ursa_signed_char_unsigned_short_unsigned_char_unsigned_short_i_26]:  wired=0; compound=0; hidden=1; nouse=0; global=1; static=1; extern=0; dir=2; type=0; pingpong=0; private_global=1; IO mode=ap_ovld:ce=0
Port [ mxm_execute_ursa_signed_char_unsigned_short_unsigned_char_unsigned_short_i_25]:  wired=0; compound=0; hidden=1; nouse=0; global=1; static=1; extern=0; dir=2; type=0; pingpong=0; private_global=1; IO mode=ap_ovld:ce=0
Port [ mxm_execute_ursa_signed_char_unsigned_short_unsigned_char_unsigned_short_i_24]:  wired=0; compound=0; hidden=1; nouse=0; global=1; static=1; extern=0; dir=2; type=0; pingpong=0; private_global=1; IO mode=ap_ovld:ce=0
Port [ mxm_execute_ursa_signed_char_unsigned_short_unsigned_char_unsigned_short_i_23]:  wired=0; compound=0; hidden=1; nouse=0; global=1; static=1; extern=0; dir=2; type=0; pingpong=0; private_global=1; IO mode=ap_ovld:ce=0
Port [ mxm_execute_ursa_signed_char_unsigned_short_unsigned_char_unsigned_short_i_22]:  wired=0; compound=0; hidden=1; nouse=0; global=1; static=1; extern=0; dir=2; type=0; pingpong=0; private_global=1; IO mode=ap_ovld:ce=0
Port [ mxm_execute_ursa_signed_char_unsigned_short_unsigned_char_unsigned_short_i_21]:  wired=0; compound=0; hidden=1; nouse=0; global=1; static=1; extern=0; dir=2; type=0; pingpong=0; private_global=1; IO mode=ap_ovld:ce=0
Port [ mxm_execute_ursa_signed_char_unsigned_short_unsigned_char_unsigned_short_i_20]:  wired=0; compound=0; hidden=1; nouse=0; global=1; static=1; extern=0; dir=2; type=0; pingpong=0; private_global=1; IO mode=ap_ovld:ce=0
Port [ mxm_execute_ursa_signed_char_unsigned_short_unsigned_char_unsigned_short_i_19]:  wired=0; compound=0; hidden=1; nouse=0; global=1; static=1; extern=0; dir=2; type=0; pingpong=0; private_global=1; IO mode=ap_ovld:ce=0
Port [ mxm_execute_ursa_signed_char_unsigned_short_unsigned_char_unsigned_short_i_18]:  wired=0; compound=0; hidden=1; nouse=0; global=1; static=1; extern=0; dir=2; type=0; pingpong=0; private_global=1; IO mode=ap_ovld:ce=0
Port [ mxm_execute_ursa_signed_char_unsigned_short_unsigned_char_unsigned_short_i_17]:  wired=0; compound=0; hidden=1; nouse=0; global=1; static=1; extern=0; dir=2; type=0; pingpong=0; private_global=1; IO mode=ap_ovld:ce=0
Port [ mxm_execute_ursa_signed_char_unsigned_short_unsigned_char_unsigned_short_i_16]:  wired=0; compound=0; hidden=1; nouse=0; global=1; static=1; extern=0; dir=2; type=0; pingpong=0; private_global=1; IO mode=ap_ovld:ce=0
Port [ mxm_execute_ursa_signed_char_unsigned_short_unsigned_char_unsigned_short_i_15]:  wired=0; compound=0; hidden=1; nouse=0; global=1; static=1; extern=0; dir=2; type=0; pingpong=0; private_global=1; IO mode=ap_ovld:ce=0
Port [ mxm_execute_ursa_signed_char_unsigned_short_unsigned_char_unsigned_short_i_14]:  wired=0; compound=0; hidden=1; nouse=0; global=1; static=1; extern=0; dir=2; type=0; pingpong=0; private_global=1; IO mode=ap_ovld:ce=0
Port [ mxm_execute_ursa_signed_char_unsigned_short_unsigned_char_unsigned_short_i_13]:  wired=0; compound=0; hidden=1; nouse=0; global=1; static=1; extern=0; dir=2; type=0; pingpong=0; private_global=1; IO mode=ap_ovld:ce=0
Port [ mxm_execute_ursa_signed_char_unsigned_short_unsigned_char_unsigned_short_i_12]:  wired=0; compound=0; hidden=1; nouse=0; global=1; static=1; extern=0; dir=2; type=0; pingpong=0; private_global=1; IO mode=ap_ovld:ce=0
Port [ mxm_execute_ursa_signed_char_unsigned_short_unsigned_char_unsigned_short_i_11]:  wired=0; compound=0; hidden=1; nouse=0; global=1; static=1; extern=0; dir=2; type=0; pingpong=0; private_global=1; IO mode=ap_ovld:ce=0
Port [ mxm_execute_ursa_signed_char_unsigned_short_unsigned_char_unsigned_short_i_10]:  wired=0; compound=0; hidden=1; nouse=0; global=1; static=1; extern=0; dir=2; type=0; pingpong=0; private_global=1; IO mode=ap_ovld:ce=0
Port [ mxm_execute_ursa_signed_char_unsigned_short_unsigned_char_unsigned_short_i_9]:  wired=0; compound=0; hidden=1; nouse=0; global=1; static=1; extern=0; dir=2; type=0; pingpong=0; private_global=1; IO mode=ap_ovld:ce=0
Port [ mxm_execute_ursa_signed_char_unsigned_short_unsigned_char_unsigned_short_i_8]:  wired=0; compound=0; hidden=1; nouse=0; global=1; static=1; extern=0; dir=2; type=0; pingpong=0; private_global=1; IO mode=ap_ovld:ce=0
Port [ mxm_execute_ursa_signed_char_unsigned_short_unsigned_char_unsigned_short_i_7]:  wired=0; compound=0; hidden=1; nouse=0; global=1; static=1; extern=0; dir=2; type=0; pingpong=0; private_global=1; IO mode=ap_ovld:ce=0
Port [ mxm_execute_ursa_signed_char_unsigned_short_unsigned_char_unsigned_short_i_6]:  wired=0; compound=0; hidden=1; nouse=0; global=1; static=1; extern=0; dir=2; type=0; pingpong=0; private_global=1; IO mode=ap_ovld:ce=0
Port [ mxm_execute_ursa_signed_char_unsigned_short_unsigned_char_unsigned_short_i_5]:  wired=0; compound=0; hidden=1; nouse=0; global=1; static=1; extern=0; dir=2; type=0; pingpong=0; private_global=1; IO mode=ap_ovld:ce=0
Port [ mxm_execute_ursa_signed_char_unsigned_short_unsigned_char_unsigned_short_i_4]:  wired=0; compound=0; hidden=1; nouse=0; global=1; static=1; extern=0; dir=2; type=0; pingpong=0; private_global=1; IO mode=ap_ovld:ce=0
Port [ mxm_execute_ursa_signed_char_unsigned_short_unsigned_char_unsigned_short_i_3]:  wired=0; compound=0; hidden=1; nouse=0; global=1; static=1; extern=0; dir=2; type=0; pingpong=0; private_global=1; IO mode=ap_ovld:ce=0
Port [ mxm_execute_ursa_signed_char_unsigned_short_unsigned_char_unsigned_short_i_2]:  wired=0; compound=0; hidden=1; nouse=0; global=1; static=1; extern=0; dir=2; type=0; pingpong=0; private_global=1; IO mode=ap_ovld:ce=0
Port [ mxm_execute_ursa_signed_char_unsigned_short_unsigned_char_unsigned_short_i_1]:  wired=0; compound=0; hidden=1; nouse=0; global=1; static=1; extern=0; dir=2; type=0; pingpong=0; private_global=1; IO mode=ap_ovld:ce=0
Port [ mxm_execute_ursa_signed_char_unsigned_short_unsigned_char_unsigned_short_i]:  wired=0; compound=0; hidden=1; nouse=0; global=1; static=1; extern=0; dir=2; type=0; pingpong=0; private_global=1; IO mode=ap_ovld:ce=0
---------------- STG Properties END ------------------

---------------- Datapath Model BEGIN ----------------

<LifeTime>
<method=bitvector/>
j                     (alloca           ) [ 0111111111111111111111111111111111111111111111111111111111111111111111111111111111111111111111111111111111111111111111111111111111111111]
i                     (alloca           ) [ 0111111111111111111111111111111111111111111111111111111111111111111111111111111111111111111111111111111111111111111111111111111111111111]
indvar_flatten        (alloca           ) [ 0111111111111111111111111111111111111111111111111111111111111111111111111111111111111111111111111111111111111111111111111111111111111111]
addr_c0_read          (read             ) [ 0011111111111111111111111111111111111111111111111111111111111111111111111111111111111111111111111111111111111111111111111111111111111111]
addr_b0_read          (read             ) [ 0011111111111111111111111111111111111111111111111111111111111111111111111111111111111111111111111111111111111111111111111111111111111111]
addr_a0_read          (read             ) [ 0011111111111111111111111111111111111111111111111111111111111111111111111111111111111111111111111111111111111111111111111111111111111111]
store_ln0             (store            ) [ 0000000000000000000000000000000000000000000000000000000000000000000000000000000000000000000000000000000000000000000000000000000000000000]
store_ln267           (store            ) [ 0000000000000000000000000000000000000000000000000000000000000000000000000000000000000000000000000000000000000000000000000000000000000000]
store_ln268           (store            ) [ 0000000000000000000000000000000000000000000000000000000000000000000000000000000000000000000000000000000000000000000000000000000000000000]
specbitsmap_ln0       (specbitsmap      ) [ 0000000000000000000000000000000000000000000000000000000000000000000000000000000000000000000000000000000000000000000000000000000000000000]
spectopmodule_ln139   (spectopmodule    ) [ 0000000000000000000000000000000000000000000000000000000000000000000000000000000000000000000000000000000000000000000000000000000000000000]
specinterface_ln0     (specinterface    ) [ 0000000000000000000000000000000000000000000000000000000000000000000000000000000000000000000000000000000000000000000000000000000000000000]
specbitsmap_ln0       (specbitsmap      ) [ 0000000000000000000000000000000000000000000000000000000000000000000000000000000000000000000000000000000000000000000000000000000000000000]
specinterface_ln0     (specinterface    ) [ 0000000000000000000000000000000000000000000000000000000000000000000000000000000000000000000000000000000000000000000000000000000000000000]
specbitsmap_ln0       (specbitsmap      ) [ 0000000000000000000000000000000000000000000000000000000000000000000000000000000000000000000000000000000000000000000000000000000000000000]
specinterface_ln0     (specinterface    ) [ 0000000000000000000000000000000000000000000000000000000000000000000000000000000000000000000000000000000000000000000000000000000000000000]
specbitsmap_ln0       (specbitsmap      ) [ 0000000000000000000000000000000000000000000000000000000000000000000000000000000000000000000000000000000000000000000000000000000000000000]
specinterface_ln0     (specinterface    ) [ 0000000000000000000000000000000000000000000000000000000000000000000000000000000000000000000000000000000000000000000000000000000000000000]
specinterface_ln0     (specinterface    ) [ 0000000000000000000000000000000000000000000000000000000000000000000000000000000000000000000000000000000000000000000000000000000000000000]
specbitsmap_ln0       (specbitsmap      ) [ 0000000000000000000000000000000000000000000000000000000000000000000000000000000000000000000000000000000000000000000000000000000000000000]
specinterface_ln0     (specinterface    ) [ 0000000000000000000000000000000000000000000000000000000000000000000000000000000000000000000000000000000000000000000000000000000000000000]
specinterface_ln0     (specinterface    ) [ 0000000000000000000000000000000000000000000000000000000000000000000000000000000000000000000000000000000000000000000000000000000000000000]
specinterface_ln0     (specinterface    ) [ 0000000000000000000000000000000000000000000000000000000000000000000000000000000000000000000000000000000000000000000000000000000000000000]
specinterface_ln0     (specinterface    ) [ 0000000000000000000000000000000000000000000000000000000000000000000000000000000000000000000000000000000000000000000000000000000000000000]
specbitsmap_ln0       (specbitsmap      ) [ 0000000000000000000000000000000000000000000000000000000000000000000000000000000000000000000000000000000000000000000000000000000000000000]
specinterface_ln0     (specinterface    ) [ 0000000000000000000000000000000000000000000000000000000000000000000000000000000000000000000000000000000000000000000000000000000000000000]
specinterface_ln0     (specinterface    ) [ 0000000000000000000000000000000000000000000000000000000000000000000000000000000000000000000000000000000000000000000000000000000000000000]
specinterface_ln0     (specinterface    ) [ 0000000000000000000000000000000000000000000000000000000000000000000000000000000000000000000000000000000000000000000000000000000000000000]
specinterface_ln0     (specinterface    ) [ 0000000000000000000000000000000000000000000000000000000000000000000000000000000000000000000000000000000000000000000000000000000000000000]
specbitsmap_ln0       (specbitsmap      ) [ 0000000000000000000000000000000000000000000000000000000000000000000000000000000000000000000000000000000000000000000000000000000000000000]
specinterface_ln0     (specinterface    ) [ 0000000000000000000000000000000000000000000000000000000000000000000000000000000000000000000000000000000000000000000000000000000000000000]
specinterface_ln0     (specinterface    ) [ 0000000000000000000000000000000000000000000000000000000000000000000000000000000000000000000000000000000000000000000000000000000000000000]
specinterface_ln0     (specinterface    ) [ 0000000000000000000000000000000000000000000000000000000000000000000000000000000000000000000000000000000000000000000000000000000000000000]
m_read                (read             ) [ 0001111111111111111111111111111111111111111111111111111111111111111111111111111111111111111111111111111111111111111111111111111111111111]
b0_q_read             (read             ) [ 0001111111111111111111111111111111111111111111111111111111111111111111111111111111111111111111111111111111111111111111111111111111111111]
a0_p_read             (read             ) [ 0000000000000000000000000000000000000000000000000000000000000000000000000000000000000000000000000000000000000000000000000000000000000000]
m_cast                (zext             ) [ 0000000000000000000000000000000000000000000000000000000000000000000000000000000000000000000000000000000000000000000000000000000000000000]
sub24                 (add              ) [ 0001111111111111111111111111111111111111111111111111111111111111111111111111111111111111111111111111111111111111111111111111111111111111]
call_b_cast           (partselect       ) [ 0001111111111111111111111111111111111111111111111111111111111111111111111111111111111111111111111111111111111111111111111111111111111111]
trunc_ln              (partselect       ) [ 0000000000000000000000000000000000000000000000000000000000000000000000000000000000000000000000000000000000000000000000000000000000000000]
zext_ln300_1          (zext             ) [ 0001111111111111111111111111111111111111111111111111111111111111111111111111111111111111111111111111111111111111111111111111111111111111]
zext_ln300            (zext             ) [ 0001111111111111111111111111111111111111111111111111111111111111111111111111111111111111111111111111111111111111111111111111111111111111]
cast                  (zext             ) [ 0000000000000000000000000000000000000000000000000000000000000000000000000000000000000000000000000000000000000000000000000000000000000000]
cast1                 (zext             ) [ 0000000000000000000000000000000000000000000000000000000000000000000000000000000000000000000000000000000000000000000000000000000000000000]
bound                 (mul              ) [ 0001111111111111111111111111111111111111111111111111111111111111111111111111111111111111111111111111111111111111111111111111111111111111]
br_ln267              (br               ) [ 0000000000000000000000000000000000000000000000000000000000000000000000000000000000000000000000000000000000000000000000000000000000000000]
indvar_flatten_load   (load             ) [ 0000000000000000000000000000000000000000000000000000000000000000000000000000000000000000000000000000000000000000000000000000000000000000]
icmp_ln267            (icmp             ) [ 0001111111111111111111111111111111111111111111111111111111111111111111111111111111111111111111111111111111111111111111111111111111111111]
add_ln267             (add              ) [ 0000000000000000000000000000000000000000000000000000000000000000000000000000000000000000000000000000000000000000000000000000000000000000]
br_ln267              (br               ) [ 0000000000000000000000000000000000000000000000000000000000000000000000000000000000000000000000000000000000000000000000000000000000000000]
j_load                (load             ) [ 0000000000000000000000000000000000000000000000000000000000000000000000000000000000000000000000000000000000000000000000000000000000000000]
i_load                (load             ) [ 0000000000000000000000000000000000000000000000000000000000000000000000000000000000000000000000000000000000000000000000000000000000000000]
icmp_ln268            (icmp             ) [ 0000000000000000000000000000000000000000000000000000000000000000000000000000000000000000000000000000000000000000000000000000000000000000]
select_ln267          (select           ) [ 0000110000000000000000000000000000000000000000000000000000000000000000000000000000000000000000000000000000000000000000000000000000000000]
add_ln267_1           (add              ) [ 0000000000000000000000000000000000000000000000000000000000000000000000000000000000000000000000000000000000000000000000000000000000000000]
select_ln267_1        (select           ) [ 0000100000000000000000000000000000000000000000000000000000000000000000000000000000000000000000000000000000000000000000000000000000000000]
add_ln268             (add              ) [ 0000000000000000000000000000000000000000000000000000000000000000000000000000000000000000000000000000000000000000000000000000000000000000]
store_ln267           (store            ) [ 0000000000000000000000000000000000000000000000000000000000000000000000000000000000000000000000000000000000000000000000000000000000000000]
store_ln267           (store            ) [ 0000000000000000000000000000000000000000000000000000000000000000000000000000000000000000000000000000000000000000000000000000000000000000]
store_ln268           (store            ) [ 0000000000000000000000000000000000000000000000000000000000000000000000000000000000000000000000000000000000000000000000000000000000000000]
ret_ln347             (ret              ) [ 0000000000000000000000000000000000000000000000000000000000000000000000000000000000000000000000000000000000000000000000000000000000000000]
zext_ln267            (zext             ) [ 0000000000000000000000000000000000000000000000000000000000000000000000000000000000000000000000000000000000000000000000000000000000000000]
mul_ln267             (mul              ) [ 0000010000000000000000000000000000000000000000000000000000000000000000000000000000000000000000000000000000000000000000000000000000000000]
zext_ln267_1          (zext             ) [ 0000000000000000000000000000000000000000000000000000000000000000000000000000000000000000000000000000000000000000000000000000000000000000]
mul_ln267_1           (mul              ) [ 0000010000000000000000000000000000000000000000000000000000000000000000000000000000000000000000000000000000000000000000000000000000000000]
shl_ln21_1_mid2       (bitconcatenate   ) [ 0000001000000000000000000000000000000000000000000000000000000000000000000000000000000000000000000000000000000000000000000000000000000000]
shl_ln300_mid2        (bitconcatenate   ) [ 0000000000000000000000000000000000000000000000000000000000000000000000000000000000000000000000000000000000000000000000000000000000000000]
shl_ln                (bitconcatenate   ) [ 0000001000000000000000000000000000000000000000000000000000000000000000000000000000000000000000000000000000000000000000000000000000000000]
zext_ln300_2          (zext             ) [ 0000000000000000000000000000000000000000000000000000000000000000000000000000000000000000000000000000000000000000000000000000000000000000]
add_ln300             (add              ) [ 0000000000000000000000000000000000000000000000000000000000000000000000000000000000000000000000000000000000000000000000000000000000000000]
shl_ln300_1           (bitconcatenate   ) [ 0000000000000000000000000000000000000000000000000000000000000000000000000000000000000000000000000000000000000000000000000000000000000000]
addr_sa_c             (add              ) [ 0000001111111111111111111111111111111111111111111111111111111111110000000000000000000000000000000000000000000000000000000000000000000000]
call_ln140            (call             ) [ 0000000000000000000000000000000000000000000000000000000000000000000000000000000000000000000000000000000000000000000000000000000000000000]
call_ln301            (call             ) [ 0000000000000000000000000000000000000000000000000000000000000000000000000000000000000000000000000000000000000000000000000000000000000000]
specloopname_ln0      (specloopname     ) [ 0000000000000000000000000000000000000000000000000000000000000000000000000000000000000000000000000000000000000000000000000000000000000000]
speclooptripcount_ln0 (speclooptripcount) [ 0000000000000000000000000000000000000000000000000000000000000000000000000000000000000000000000000000000000000000000000000000000000000000]
call_ln302            (call             ) [ 0000000000000000000000000000000000000000000000000000000000000000000000000000000000000000000000000000000000000000000000000000000000000000]
br_ln268              (br               ) [ 0000000000000000000000000000000000000000000000000000000000000000000000000000000000000000000000000000000000000000000000000000000000000000]
</LifeTime>

<model>

<comp_list>
<comp id="0" class="1000" name="aw">
<pin_list>
<pin id="1" dir="1" index="0" bw="1" slack="0"/>
</pin_list>
<bind>
<StgValue><ssdm name="aw"/></StgValue>
</bind>
</comp>

<comp id="2" class="1000" name="bi">
<pin_list>
<pin id="3" dir="1" index="0" bw="1" slack="0"/>
</pin_list>
<bind>
<StgValue><ssdm name="bi"/></StgValue>
</bind>
</comp>

<comp id="4" class="1000" name="ca">
<pin_list>
<pin id="5" dir="1" index="0" bw="1" slack="0"/>
</pin_list>
<bind>
<StgValue><ssdm name="ca"/></StgValue>
</bind>
</comp>

<comp id="6" class="1000" name="addr_a0">
<pin_list>
<pin id="7" dir="1" index="0" bw="1" slack="0"/>
</pin_list>
<bind>
<StgValue><ssdm name="addr_a0"/></StgValue>
</bind>
</comp>

<comp id="8" class="1000" name="a0_p">
<pin_list>
<pin id="9" dir="1" index="0" bw="1" slack="0"/>
</pin_list>
<bind>
<StgValue><ssdm name="a0_p"/></StgValue>
</bind>
</comp>

<comp id="10" class="1000" name="addr_b0">
<pin_list>
<pin id="11" dir="1" index="0" bw="1" slack="0"/>
</pin_list>
<bind>
<StgValue><ssdm name="addr_b0"/></StgValue>
</bind>
</comp>

<comp id="12" class="1000" name="b0_q">
<pin_list>
<pin id="13" dir="1" index="0" bw="1" slack="0"/>
</pin_list>
<bind>
<StgValue><ssdm name="b0_q"/></StgValue>
</bind>
</comp>

<comp id="14" class="1000" name="addr_c0">
<pin_list>
<pin id="15" dir="1" index="0" bw="1" slack="0"/>
</pin_list>
<bind>
<StgValue><ssdm name="addr_c0"/></StgValue>
</bind>
</comp>

<comp id="16" class="1000" name="m">
<pin_list>
<pin id="17" dir="1" index="0" bw="1" slack="0"/>
</pin_list>
<bind>
<StgValue><ssdm name="m"/></StgValue>
</bind>
</comp>

<comp id="18" class="1000" name="mxm_execute_ursa_signed_char_unsigned_short_unsigned_char_unsigned_short_i_175">
<pin_list>
<pin id="19" dir="1" index="0" bw="1" slack="0"/>
</pin_list>
<bind>
<StgValue><ssdm name="mxm_execute_ursa_signed_char_unsigned_short_unsigned_char_unsigned_short_i_175"/></StgValue>
</bind>
</comp>

<comp id="20" class="1000" name="mxm_execute_ursa_signed_char_unsigned_short_unsigned_char_unsigned_short_i_182">
<pin_list>
<pin id="21" dir="1" index="0" bw="1" slack="0"/>
</pin_list>
<bind>
<StgValue><ssdm name="mxm_execute_ursa_signed_char_unsigned_short_unsigned_char_unsigned_short_i_182"/></StgValue>
</bind>
</comp>

<comp id="22" class="1000" name="mxm_execute_ursa_signed_char_unsigned_short_unsigned_char_unsigned_short_i_189">
<pin_list>
<pin id="23" dir="1" index="0" bw="1" slack="0"/>
</pin_list>
<bind>
<StgValue><ssdm name="mxm_execute_ursa_signed_char_unsigned_short_unsigned_char_unsigned_short_i_189"/></StgValue>
</bind>
</comp>

<comp id="24" class="1000" name="mxm_execute_ursa_signed_char_unsigned_short_unsigned_char_unsigned_short_i_196">
<pin_list>
<pin id="25" dir="1" index="0" bw="1" slack="0"/>
</pin_list>
<bind>
<StgValue><ssdm name="mxm_execute_ursa_signed_char_unsigned_short_unsigned_char_unsigned_short_i_196"/></StgValue>
</bind>
</comp>

<comp id="26" class="1000" name="mxm_execute_ursa_signed_char_unsigned_short_unsigned_char_unsigned_short_i_203">
<pin_list>
<pin id="27" dir="1" index="0" bw="1" slack="0"/>
</pin_list>
<bind>
<StgValue><ssdm name="mxm_execute_ursa_signed_char_unsigned_short_unsigned_char_unsigned_short_i_203"/></StgValue>
</bind>
</comp>

<comp id="28" class="1000" name="mxm_execute_ursa_signed_char_unsigned_short_unsigned_char_unsigned_short_i_210">
<pin_list>
<pin id="29" dir="1" index="0" bw="1" slack="0"/>
</pin_list>
<bind>
<StgValue><ssdm name="mxm_execute_ursa_signed_char_unsigned_short_unsigned_char_unsigned_short_i_210"/></StgValue>
</bind>
</comp>

<comp id="30" class="1000" name="mxm_execute_ursa_signed_char_unsigned_short_unsigned_char_unsigned_short_i_217">
<pin_list>
<pin id="31" dir="1" index="0" bw="1" slack="0"/>
</pin_list>
<bind>
<StgValue><ssdm name="mxm_execute_ursa_signed_char_unsigned_short_unsigned_char_unsigned_short_i_217"/></StgValue>
</bind>
</comp>

<comp id="32" class="1000" name="mxm_execute_ursa_signed_char_unsigned_short_unsigned_char_unsigned_short_i_224">
<pin_list>
<pin id="33" dir="1" index="0" bw="1" slack="0"/>
</pin_list>
<bind>
<StgValue><ssdm name="mxm_execute_ursa_signed_char_unsigned_short_unsigned_char_unsigned_short_i_224"/></StgValue>
</bind>
</comp>

<comp id="34" class="1000" name="mxm_execute_ursa_signed_char_unsigned_short_unsigned_char_unsigned_short_i_176">
<pin_list>
<pin id="35" dir="1" index="0" bw="1" slack="0"/>
</pin_list>
<bind>
<StgValue><ssdm name="mxm_execute_ursa_signed_char_unsigned_short_unsigned_char_unsigned_short_i_176"/></StgValue>
</bind>
</comp>

<comp id="36" class="1000" name="mxm_execute_ursa_signed_char_unsigned_short_unsigned_char_unsigned_short_i_183">
<pin_list>
<pin id="37" dir="1" index="0" bw="1" slack="0"/>
</pin_list>
<bind>
<StgValue><ssdm name="mxm_execute_ursa_signed_char_unsigned_short_unsigned_char_unsigned_short_i_183"/></StgValue>
</bind>
</comp>

<comp id="38" class="1000" name="mxm_execute_ursa_signed_char_unsigned_short_unsigned_char_unsigned_short_i_190">
<pin_list>
<pin id="39" dir="1" index="0" bw="1" slack="0"/>
</pin_list>
<bind>
<StgValue><ssdm name="mxm_execute_ursa_signed_char_unsigned_short_unsigned_char_unsigned_short_i_190"/></StgValue>
</bind>
</comp>

<comp id="40" class="1000" name="mxm_execute_ursa_signed_char_unsigned_short_unsigned_char_unsigned_short_i_197">
<pin_list>
<pin id="41" dir="1" index="0" bw="1" slack="0"/>
</pin_list>
<bind>
<StgValue><ssdm name="mxm_execute_ursa_signed_char_unsigned_short_unsigned_char_unsigned_short_i_197"/></StgValue>
</bind>
</comp>

<comp id="42" class="1000" name="mxm_execute_ursa_signed_char_unsigned_short_unsigned_char_unsigned_short_i_204">
<pin_list>
<pin id="43" dir="1" index="0" bw="1" slack="0"/>
</pin_list>
<bind>
<StgValue><ssdm name="mxm_execute_ursa_signed_char_unsigned_short_unsigned_char_unsigned_short_i_204"/></StgValue>
</bind>
</comp>

<comp id="44" class="1000" name="mxm_execute_ursa_signed_char_unsigned_short_unsigned_char_unsigned_short_i_211">
<pin_list>
<pin id="45" dir="1" index="0" bw="1" slack="0"/>
</pin_list>
<bind>
<StgValue><ssdm name="mxm_execute_ursa_signed_char_unsigned_short_unsigned_char_unsigned_short_i_211"/></StgValue>
</bind>
</comp>

<comp id="46" class="1000" name="mxm_execute_ursa_signed_char_unsigned_short_unsigned_char_unsigned_short_i_218">
<pin_list>
<pin id="47" dir="1" index="0" bw="1" slack="0"/>
</pin_list>
<bind>
<StgValue><ssdm name="mxm_execute_ursa_signed_char_unsigned_short_unsigned_char_unsigned_short_i_218"/></StgValue>
</bind>
</comp>

<comp id="48" class="1000" name="mxm_execute_ursa_signed_char_unsigned_short_unsigned_char_unsigned_short_i_225">
<pin_list>
<pin id="49" dir="1" index="0" bw="1" slack="0"/>
</pin_list>
<bind>
<StgValue><ssdm name="mxm_execute_ursa_signed_char_unsigned_short_unsigned_char_unsigned_short_i_225"/></StgValue>
</bind>
</comp>

<comp id="50" class="1000" name="mxm_execute_ursa_signed_char_unsigned_short_unsigned_char_unsigned_short_i_177">
<pin_list>
<pin id="51" dir="1" index="0" bw="1" slack="0"/>
</pin_list>
<bind>
<StgValue><ssdm name="mxm_execute_ursa_signed_char_unsigned_short_unsigned_char_unsigned_short_i_177"/></StgValue>
</bind>
</comp>

<comp id="52" class="1000" name="mxm_execute_ursa_signed_char_unsigned_short_unsigned_char_unsigned_short_i_184">
<pin_list>
<pin id="53" dir="1" index="0" bw="1" slack="0"/>
</pin_list>
<bind>
<StgValue><ssdm name="mxm_execute_ursa_signed_char_unsigned_short_unsigned_char_unsigned_short_i_184"/></StgValue>
</bind>
</comp>

<comp id="54" class="1000" name="mxm_execute_ursa_signed_char_unsigned_short_unsigned_char_unsigned_short_i_191">
<pin_list>
<pin id="55" dir="1" index="0" bw="1" slack="0"/>
</pin_list>
<bind>
<StgValue><ssdm name="mxm_execute_ursa_signed_char_unsigned_short_unsigned_char_unsigned_short_i_191"/></StgValue>
</bind>
</comp>

<comp id="56" class="1000" name="mxm_execute_ursa_signed_char_unsigned_short_unsigned_char_unsigned_short_i_198">
<pin_list>
<pin id="57" dir="1" index="0" bw="1" slack="0"/>
</pin_list>
<bind>
<StgValue><ssdm name="mxm_execute_ursa_signed_char_unsigned_short_unsigned_char_unsigned_short_i_198"/></StgValue>
</bind>
</comp>

<comp id="58" class="1000" name="mxm_execute_ursa_signed_char_unsigned_short_unsigned_char_unsigned_short_i_205">
<pin_list>
<pin id="59" dir="1" index="0" bw="1" slack="0"/>
</pin_list>
<bind>
<StgValue><ssdm name="mxm_execute_ursa_signed_char_unsigned_short_unsigned_char_unsigned_short_i_205"/></StgValue>
</bind>
</comp>

<comp id="60" class="1000" name="mxm_execute_ursa_signed_char_unsigned_short_unsigned_char_unsigned_short_i_212">
<pin_list>
<pin id="61" dir="1" index="0" bw="1" slack="0"/>
</pin_list>
<bind>
<StgValue><ssdm name="mxm_execute_ursa_signed_char_unsigned_short_unsigned_char_unsigned_short_i_212"/></StgValue>
</bind>
</comp>

<comp id="62" class="1000" name="mxm_execute_ursa_signed_char_unsigned_short_unsigned_char_unsigned_short_i_219">
<pin_list>
<pin id="63" dir="1" index="0" bw="1" slack="0"/>
</pin_list>
<bind>
<StgValue><ssdm name="mxm_execute_ursa_signed_char_unsigned_short_unsigned_char_unsigned_short_i_219"/></StgValue>
</bind>
</comp>

<comp id="64" class="1000" name="mxm_execute_ursa_signed_char_unsigned_short_unsigned_char_unsigned_short_i_226">
<pin_list>
<pin id="65" dir="1" index="0" bw="1" slack="0"/>
</pin_list>
<bind>
<StgValue><ssdm name="mxm_execute_ursa_signed_char_unsigned_short_unsigned_char_unsigned_short_i_226"/></StgValue>
</bind>
</comp>

<comp id="66" class="1000" name="mxm_execute_ursa_signed_char_unsigned_short_unsigned_char_unsigned_short_i_178">
<pin_list>
<pin id="67" dir="1" index="0" bw="1" slack="0"/>
</pin_list>
<bind>
<StgValue><ssdm name="mxm_execute_ursa_signed_char_unsigned_short_unsigned_char_unsigned_short_i_178"/></StgValue>
</bind>
</comp>

<comp id="68" class="1000" name="mxm_execute_ursa_signed_char_unsigned_short_unsigned_char_unsigned_short_i_185">
<pin_list>
<pin id="69" dir="1" index="0" bw="1" slack="0"/>
</pin_list>
<bind>
<StgValue><ssdm name="mxm_execute_ursa_signed_char_unsigned_short_unsigned_char_unsigned_short_i_185"/></StgValue>
</bind>
</comp>

<comp id="70" class="1000" name="mxm_execute_ursa_signed_char_unsigned_short_unsigned_char_unsigned_short_i_192">
<pin_list>
<pin id="71" dir="1" index="0" bw="1" slack="0"/>
</pin_list>
<bind>
<StgValue><ssdm name="mxm_execute_ursa_signed_char_unsigned_short_unsigned_char_unsigned_short_i_192"/></StgValue>
</bind>
</comp>

<comp id="72" class="1000" name="mxm_execute_ursa_signed_char_unsigned_short_unsigned_char_unsigned_short_i_199">
<pin_list>
<pin id="73" dir="1" index="0" bw="1" slack="0"/>
</pin_list>
<bind>
<StgValue><ssdm name="mxm_execute_ursa_signed_char_unsigned_short_unsigned_char_unsigned_short_i_199"/></StgValue>
</bind>
</comp>

<comp id="74" class="1000" name="mxm_execute_ursa_signed_char_unsigned_short_unsigned_char_unsigned_short_i_206">
<pin_list>
<pin id="75" dir="1" index="0" bw="1" slack="0"/>
</pin_list>
<bind>
<StgValue><ssdm name="mxm_execute_ursa_signed_char_unsigned_short_unsigned_char_unsigned_short_i_206"/></StgValue>
</bind>
</comp>

<comp id="76" class="1000" name="mxm_execute_ursa_signed_char_unsigned_short_unsigned_char_unsigned_short_i_213">
<pin_list>
<pin id="77" dir="1" index="0" bw="1" slack="0"/>
</pin_list>
<bind>
<StgValue><ssdm name="mxm_execute_ursa_signed_char_unsigned_short_unsigned_char_unsigned_short_i_213"/></StgValue>
</bind>
</comp>

<comp id="78" class="1000" name="mxm_execute_ursa_signed_char_unsigned_short_unsigned_char_unsigned_short_i_220">
<pin_list>
<pin id="79" dir="1" index="0" bw="1" slack="0"/>
</pin_list>
<bind>
<StgValue><ssdm name="mxm_execute_ursa_signed_char_unsigned_short_unsigned_char_unsigned_short_i_220"/></StgValue>
</bind>
</comp>

<comp id="80" class="1000" name="mxm_execute_ursa_signed_char_unsigned_short_unsigned_char_unsigned_short_i_227">
<pin_list>
<pin id="81" dir="1" index="0" bw="1" slack="0"/>
</pin_list>
<bind>
<StgValue><ssdm name="mxm_execute_ursa_signed_char_unsigned_short_unsigned_char_unsigned_short_i_227"/></StgValue>
</bind>
</comp>

<comp id="82" class="1000" name="mxm_execute_ursa_signed_char_unsigned_short_unsigned_char_unsigned_short_i_179">
<pin_list>
<pin id="83" dir="1" index="0" bw="1" slack="0"/>
</pin_list>
<bind>
<StgValue><ssdm name="mxm_execute_ursa_signed_char_unsigned_short_unsigned_char_unsigned_short_i_179"/></StgValue>
</bind>
</comp>

<comp id="84" class="1000" name="mxm_execute_ursa_signed_char_unsigned_short_unsigned_char_unsigned_short_i_186">
<pin_list>
<pin id="85" dir="1" index="0" bw="1" slack="0"/>
</pin_list>
<bind>
<StgValue><ssdm name="mxm_execute_ursa_signed_char_unsigned_short_unsigned_char_unsigned_short_i_186"/></StgValue>
</bind>
</comp>

<comp id="86" class="1000" name="mxm_execute_ursa_signed_char_unsigned_short_unsigned_char_unsigned_short_i_193">
<pin_list>
<pin id="87" dir="1" index="0" bw="1" slack="0"/>
</pin_list>
<bind>
<StgValue><ssdm name="mxm_execute_ursa_signed_char_unsigned_short_unsigned_char_unsigned_short_i_193"/></StgValue>
</bind>
</comp>

<comp id="88" class="1000" name="mxm_execute_ursa_signed_char_unsigned_short_unsigned_char_unsigned_short_i_200">
<pin_list>
<pin id="89" dir="1" index="0" bw="1" slack="0"/>
</pin_list>
<bind>
<StgValue><ssdm name="mxm_execute_ursa_signed_char_unsigned_short_unsigned_char_unsigned_short_i_200"/></StgValue>
</bind>
</comp>

<comp id="90" class="1000" name="mxm_execute_ursa_signed_char_unsigned_short_unsigned_char_unsigned_short_i_207">
<pin_list>
<pin id="91" dir="1" index="0" bw="1" slack="0"/>
</pin_list>
<bind>
<StgValue><ssdm name="mxm_execute_ursa_signed_char_unsigned_short_unsigned_char_unsigned_short_i_207"/></StgValue>
</bind>
</comp>

<comp id="92" class="1000" name="mxm_execute_ursa_signed_char_unsigned_short_unsigned_char_unsigned_short_i_214">
<pin_list>
<pin id="93" dir="1" index="0" bw="1" slack="0"/>
</pin_list>
<bind>
<StgValue><ssdm name="mxm_execute_ursa_signed_char_unsigned_short_unsigned_char_unsigned_short_i_214"/></StgValue>
</bind>
</comp>

<comp id="94" class="1000" name="mxm_execute_ursa_signed_char_unsigned_short_unsigned_char_unsigned_short_i_221">
<pin_list>
<pin id="95" dir="1" index="0" bw="1" slack="0"/>
</pin_list>
<bind>
<StgValue><ssdm name="mxm_execute_ursa_signed_char_unsigned_short_unsigned_char_unsigned_short_i_221"/></StgValue>
</bind>
</comp>

<comp id="96" class="1000" name="mxm_execute_ursa_signed_char_unsigned_short_unsigned_char_unsigned_short_i_228">
<pin_list>
<pin id="97" dir="1" index="0" bw="1" slack="0"/>
</pin_list>
<bind>
<StgValue><ssdm name="mxm_execute_ursa_signed_char_unsigned_short_unsigned_char_unsigned_short_i_228"/></StgValue>
</bind>
</comp>

<comp id="98" class="1000" name="mxm_execute_ursa_signed_char_unsigned_short_unsigned_char_unsigned_short_i_180">
<pin_list>
<pin id="99" dir="1" index="0" bw="1" slack="0"/>
</pin_list>
<bind>
<StgValue><ssdm name="mxm_execute_ursa_signed_char_unsigned_short_unsigned_char_unsigned_short_i_180"/></StgValue>
</bind>
</comp>

<comp id="100" class="1000" name="mxm_execute_ursa_signed_char_unsigned_short_unsigned_char_unsigned_short_i_187">
<pin_list>
<pin id="101" dir="1" index="0" bw="1" slack="0"/>
</pin_list>
<bind>
<StgValue><ssdm name="mxm_execute_ursa_signed_char_unsigned_short_unsigned_char_unsigned_short_i_187"/></StgValue>
</bind>
</comp>

<comp id="102" class="1000" name="mxm_execute_ursa_signed_char_unsigned_short_unsigned_char_unsigned_short_i_194">
<pin_list>
<pin id="103" dir="1" index="0" bw="1" slack="0"/>
</pin_list>
<bind>
<StgValue><ssdm name="mxm_execute_ursa_signed_char_unsigned_short_unsigned_char_unsigned_short_i_194"/></StgValue>
</bind>
</comp>

<comp id="104" class="1000" name="mxm_execute_ursa_signed_char_unsigned_short_unsigned_char_unsigned_short_i_201">
<pin_list>
<pin id="105" dir="1" index="0" bw="1" slack="0"/>
</pin_list>
<bind>
<StgValue><ssdm name="mxm_execute_ursa_signed_char_unsigned_short_unsigned_char_unsigned_short_i_201"/></StgValue>
</bind>
</comp>

<comp id="106" class="1000" name="mxm_execute_ursa_signed_char_unsigned_short_unsigned_char_unsigned_short_i_208">
<pin_list>
<pin id="107" dir="1" index="0" bw="1" slack="0"/>
</pin_list>
<bind>
<StgValue><ssdm name="mxm_execute_ursa_signed_char_unsigned_short_unsigned_char_unsigned_short_i_208"/></StgValue>
</bind>
</comp>

<comp id="108" class="1000" name="mxm_execute_ursa_signed_char_unsigned_short_unsigned_char_unsigned_short_i_215">
<pin_list>
<pin id="109" dir="1" index="0" bw="1" slack="0"/>
</pin_list>
<bind>
<StgValue><ssdm name="mxm_execute_ursa_signed_char_unsigned_short_unsigned_char_unsigned_short_i_215"/></StgValue>
</bind>
</comp>

<comp id="110" class="1000" name="mxm_execute_ursa_signed_char_unsigned_short_unsigned_char_unsigned_short_i_222">
<pin_list>
<pin id="111" dir="1" index="0" bw="1" slack="0"/>
</pin_list>
<bind>
<StgValue><ssdm name="mxm_execute_ursa_signed_char_unsigned_short_unsigned_char_unsigned_short_i_222"/></StgValue>
</bind>
</comp>

<comp id="112" class="1000" name="mxm_execute_ursa_signed_char_unsigned_short_unsigned_char_unsigned_short_i_229">
<pin_list>
<pin id="113" dir="1" index="0" bw="1" slack="0"/>
</pin_list>
<bind>
<StgValue><ssdm name="mxm_execute_ursa_signed_char_unsigned_short_unsigned_char_unsigned_short_i_229"/></StgValue>
</bind>
</comp>

<comp id="114" class="1000" name="mxm_execute_ursa_signed_char_unsigned_short_unsigned_char_unsigned_short_i_181">
<pin_list>
<pin id="115" dir="1" index="0" bw="1" slack="0"/>
</pin_list>
<bind>
<StgValue><ssdm name="mxm_execute_ursa_signed_char_unsigned_short_unsigned_char_unsigned_short_i_181"/></StgValue>
</bind>
</comp>

<comp id="116" class="1000" name="mxm_execute_ursa_signed_char_unsigned_short_unsigned_char_unsigned_short_i_188">
<pin_list>
<pin id="117" dir="1" index="0" bw="1" slack="0"/>
</pin_list>
<bind>
<StgValue><ssdm name="mxm_execute_ursa_signed_char_unsigned_short_unsigned_char_unsigned_short_i_188"/></StgValue>
</bind>
</comp>

<comp id="118" class="1000" name="mxm_execute_ursa_signed_char_unsigned_short_unsigned_char_unsigned_short_i_195">
<pin_list>
<pin id="119" dir="1" index="0" bw="1" slack="0"/>
</pin_list>
<bind>
<StgValue><ssdm name="mxm_execute_ursa_signed_char_unsigned_short_unsigned_char_unsigned_short_i_195"/></StgValue>
</bind>
</comp>

<comp id="120" class="1000" name="mxm_execute_ursa_signed_char_unsigned_short_unsigned_char_unsigned_short_i_202">
<pin_list>
<pin id="121" dir="1" index="0" bw="1" slack="0"/>
</pin_list>
<bind>
<StgValue><ssdm name="mxm_execute_ursa_signed_char_unsigned_short_unsigned_char_unsigned_short_i_202"/></StgValue>
</bind>
</comp>

<comp id="122" class="1000" name="mxm_execute_ursa_signed_char_unsigned_short_unsigned_char_unsigned_short_i_209">
<pin_list>
<pin id="123" dir="1" index="0" bw="1" slack="0"/>
</pin_list>
<bind>
<StgValue><ssdm name="mxm_execute_ursa_signed_char_unsigned_short_unsigned_char_unsigned_short_i_209"/></StgValue>
</bind>
</comp>

<comp id="124" class="1000" name="mxm_execute_ursa_signed_char_unsigned_short_unsigned_char_unsigned_short_i_216">
<pin_list>
<pin id="125" dir="1" index="0" bw="1" slack="0"/>
</pin_list>
<bind>
<StgValue><ssdm name="mxm_execute_ursa_signed_char_unsigned_short_unsigned_char_unsigned_short_i_216"/></StgValue>
</bind>
</comp>

<comp id="126" class="1000" name="mxm_execute_ursa_signed_char_unsigned_short_unsigned_char_unsigned_short_i_223">
<pin_list>
<pin id="127" dir="1" index="0" bw="1" slack="0"/>
</pin_list>
<bind>
<StgValue><ssdm name="mxm_execute_ursa_signed_char_unsigned_short_unsigned_char_unsigned_short_i_223"/></StgValue>
</bind>
</comp>

<comp id="128" class="1000" name="mxm_execute_ursa_signed_char_unsigned_short_unsigned_char_unsigned_short_i_230">
<pin_list>
<pin id="129" dir="1" index="0" bw="1" slack="0"/>
</pin_list>
<bind>
<StgValue><ssdm name="mxm_execute_ursa_signed_char_unsigned_short_unsigned_char_unsigned_short_i_230"/></StgValue>
</bind>
</comp>

<comp id="130" class="1000" name="mxm_execute_ursa_signed_char_unsigned_short_unsigned_char_unsigned_short_i_231">
<pin_list>
<pin id="131" dir="1" index="0" bw="1" slack="0"/>
</pin_list>
<bind>
<StgValue><ssdm name="mxm_execute_ursa_signed_char_unsigned_short_unsigned_char_unsigned_short_i_231"/></StgValue>
</bind>
</comp>

<comp id="132" class="1000" name="mxm_execute_ursa_signed_char_unsigned_short_unsigned_char_unsigned_short_i_232">
<pin_list>
<pin id="133" dir="1" index="0" bw="1" slack="0"/>
</pin_list>
<bind>
<StgValue><ssdm name="mxm_execute_ursa_signed_char_unsigned_short_unsigned_char_unsigned_short_i_232"/></StgValue>
</bind>
</comp>

<comp id="134" class="1000" name="mxm_execute_ursa_signed_char_unsigned_short_unsigned_char_unsigned_short_i_233">
<pin_list>
<pin id="135" dir="1" index="0" bw="1" slack="0"/>
</pin_list>
<bind>
<StgValue><ssdm name="mxm_execute_ursa_signed_char_unsigned_short_unsigned_char_unsigned_short_i_233"/></StgValue>
</bind>
</comp>

<comp id="136" class="1000" name="mxm_execute_ursa_signed_char_unsigned_short_unsigned_char_unsigned_short_i_234">
<pin_list>
<pin id="137" dir="1" index="0" bw="1" slack="0"/>
</pin_list>
<bind>
<StgValue><ssdm name="mxm_execute_ursa_signed_char_unsigned_short_unsigned_char_unsigned_short_i_234"/></StgValue>
</bind>
</comp>

<comp id="138" class="1000" name="mxm_execute_ursa_signed_char_unsigned_short_unsigned_char_unsigned_short_i_235">
<pin_list>
<pin id="139" dir="1" index="0" bw="1" slack="0"/>
</pin_list>
<bind>
<StgValue><ssdm name="mxm_execute_ursa_signed_char_unsigned_short_unsigned_char_unsigned_short_i_235"/></StgValue>
</bind>
</comp>

<comp id="140" class="1000" name="mxm_execute_ursa_signed_char_unsigned_short_unsigned_char_unsigned_short_i_236">
<pin_list>
<pin id="141" dir="1" index="0" bw="1" slack="0"/>
</pin_list>
<bind>
<StgValue><ssdm name="mxm_execute_ursa_signed_char_unsigned_short_unsigned_char_unsigned_short_i_236"/></StgValue>
</bind>
</comp>

<comp id="142" class="1000" name="mxm_execute_ursa_signed_char_unsigned_short_unsigned_char_unsigned_short_i_237">
<pin_list>
<pin id="143" dir="1" index="0" bw="1" slack="0"/>
</pin_list>
<bind>
<StgValue><ssdm name="mxm_execute_ursa_signed_char_unsigned_short_unsigned_char_unsigned_short_i_237"/></StgValue>
</bind>
</comp>

<comp id="144" class="1000" name="mxm_execute_ursa_signed_char_unsigned_short_unsigned_char_unsigned_short_i_238">
<pin_list>
<pin id="145" dir="1" index="0" bw="1" slack="0"/>
</pin_list>
<bind>
<StgValue><ssdm name="mxm_execute_ursa_signed_char_unsigned_short_unsigned_char_unsigned_short_i_238"/></StgValue>
</bind>
</comp>

<comp id="146" class="1000" name="mxm_execute_ursa_signed_char_unsigned_short_unsigned_char_unsigned_short_i_239">
<pin_list>
<pin id="147" dir="1" index="0" bw="1" slack="0"/>
</pin_list>
<bind>
<StgValue><ssdm name="mxm_execute_ursa_signed_char_unsigned_short_unsigned_char_unsigned_short_i_239"/></StgValue>
</bind>
</comp>

<comp id="148" class="1000" name="mxm_execute_ursa_signed_char_unsigned_short_unsigned_char_unsigned_short_i_240">
<pin_list>
<pin id="149" dir="1" index="0" bw="1" slack="0"/>
</pin_list>
<bind>
<StgValue><ssdm name="mxm_execute_ursa_signed_char_unsigned_short_unsigned_char_unsigned_short_i_240"/></StgValue>
</bind>
</comp>

<comp id="150" class="1000" name="mxm_execute_ursa_signed_char_unsigned_short_unsigned_char_unsigned_short_i_241">
<pin_list>
<pin id="151" dir="1" index="0" bw="1" slack="0"/>
</pin_list>
<bind>
<StgValue><ssdm name="mxm_execute_ursa_signed_char_unsigned_short_unsigned_char_unsigned_short_i_241"/></StgValue>
</bind>
</comp>

<comp id="152" class="1000" name="mxm_execute_ursa_signed_char_unsigned_short_unsigned_char_unsigned_short_i_242">
<pin_list>
<pin id="153" dir="1" index="0" bw="1" slack="0"/>
</pin_list>
<bind>
<StgValue><ssdm name="mxm_execute_ursa_signed_char_unsigned_short_unsigned_char_unsigned_short_i_242"/></StgValue>
</bind>
</comp>

<comp id="154" class="1000" name="mxm_execute_ursa_signed_char_unsigned_short_unsigned_char_unsigned_short_i_243">
<pin_list>
<pin id="155" dir="1" index="0" bw="1" slack="0"/>
</pin_list>
<bind>
<StgValue><ssdm name="mxm_execute_ursa_signed_char_unsigned_short_unsigned_char_unsigned_short_i_243"/></StgValue>
</bind>
</comp>

<comp id="156" class="1000" name="mxm_execute_ursa_signed_char_unsigned_short_unsigned_char_unsigned_short_i_244">
<pin_list>
<pin id="157" dir="1" index="0" bw="1" slack="0"/>
</pin_list>
<bind>
<StgValue><ssdm name="mxm_execute_ursa_signed_char_unsigned_short_unsigned_char_unsigned_short_i_244"/></StgValue>
</bind>
</comp>

<comp id="158" class="1000" name="mxm_execute_ursa_signed_char_unsigned_short_unsigned_char_unsigned_short_i_245">
<pin_list>
<pin id="159" dir="1" index="0" bw="1" slack="0"/>
</pin_list>
<bind>
<StgValue><ssdm name="mxm_execute_ursa_signed_char_unsigned_short_unsigned_char_unsigned_short_i_245"/></StgValue>
</bind>
</comp>

<comp id="160" class="1000" name="mxm_execute_ursa_signed_char_unsigned_short_unsigned_char_unsigned_short_i_246">
<pin_list>
<pin id="161" dir="1" index="0" bw="1" slack="0"/>
</pin_list>
<bind>
<StgValue><ssdm name="mxm_execute_ursa_signed_char_unsigned_short_unsigned_char_unsigned_short_i_246"/></StgValue>
</bind>
</comp>

<comp id="162" class="1000" name="mxm_execute_ursa_signed_char_unsigned_short_unsigned_char_unsigned_short_i_247">
<pin_list>
<pin id="163" dir="1" index="0" bw="1" slack="0"/>
</pin_list>
<bind>
<StgValue><ssdm name="mxm_execute_ursa_signed_char_unsigned_short_unsigned_char_unsigned_short_i_247"/></StgValue>
</bind>
</comp>

<comp id="164" class="1000" name="mxm_execute_ursa_signed_char_unsigned_short_unsigned_char_unsigned_short_i_248">
<pin_list>
<pin id="165" dir="1" index="0" bw="1" slack="0"/>
</pin_list>
<bind>
<StgValue><ssdm name="mxm_execute_ursa_signed_char_unsigned_short_unsigned_char_unsigned_short_i_248"/></StgValue>
</bind>
</comp>

<comp id="166" class="1000" name="mxm_execute_ursa_signed_char_unsigned_short_unsigned_char_unsigned_short_i_249">
<pin_list>
<pin id="167" dir="1" index="0" bw="1" slack="0"/>
</pin_list>
<bind>
<StgValue><ssdm name="mxm_execute_ursa_signed_char_unsigned_short_unsigned_char_unsigned_short_i_249"/></StgValue>
</bind>
</comp>

<comp id="168" class="1000" name="mxm_execute_ursa_signed_char_unsigned_short_unsigned_char_unsigned_short_i_250">
<pin_list>
<pin id="169" dir="1" index="0" bw="1" slack="0"/>
</pin_list>
<bind>
<StgValue><ssdm name="mxm_execute_ursa_signed_char_unsigned_short_unsigned_char_unsigned_short_i_250"/></StgValue>
</bind>
</comp>

<comp id="170" class="1000" name="mxm_execute_ursa_signed_char_unsigned_short_unsigned_char_unsigned_short_i_99">
<pin_list>
<pin id="171" dir="1" index="0" bw="1" slack="0"/>
</pin_list>
<bind>
<StgValue><ssdm name="mxm_execute_ursa_signed_char_unsigned_short_unsigned_char_unsigned_short_i_99"/></StgValue>
</bind>
</comp>

<comp id="172" class="1000" name="mxm_execute_ursa_signed_char_unsigned_short_unsigned_char_unsigned_short_i_98">
<pin_list>
<pin id="173" dir="1" index="0" bw="1" slack="0"/>
</pin_list>
<bind>
<StgValue><ssdm name="mxm_execute_ursa_signed_char_unsigned_short_unsigned_char_unsigned_short_i_98"/></StgValue>
</bind>
</comp>

<comp id="174" class="1000" name="mxm_execute_ursa_signed_char_unsigned_short_unsigned_char_unsigned_short_i_97">
<pin_list>
<pin id="175" dir="1" index="0" bw="1" slack="0"/>
</pin_list>
<bind>
<StgValue><ssdm name="mxm_execute_ursa_signed_char_unsigned_short_unsigned_char_unsigned_short_i_97"/></StgValue>
</bind>
</comp>

<comp id="176" class="1000" name="mxm_execute_ursa_signed_char_unsigned_short_unsigned_char_unsigned_short_i_96">
<pin_list>
<pin id="177" dir="1" index="0" bw="1" slack="0"/>
</pin_list>
<bind>
<StgValue><ssdm name="mxm_execute_ursa_signed_char_unsigned_short_unsigned_char_unsigned_short_i_96"/></StgValue>
</bind>
</comp>

<comp id="178" class="1000" name="mxm_execute_ursa_signed_char_unsigned_short_unsigned_char_unsigned_short_i_95">
<pin_list>
<pin id="179" dir="1" index="0" bw="1" slack="0"/>
</pin_list>
<bind>
<StgValue><ssdm name="mxm_execute_ursa_signed_char_unsigned_short_unsigned_char_unsigned_short_i_95"/></StgValue>
</bind>
</comp>

<comp id="180" class="1000" name="mxm_execute_ursa_signed_char_unsigned_short_unsigned_char_unsigned_short_i_94">
<pin_list>
<pin id="181" dir="1" index="0" bw="1" slack="0"/>
</pin_list>
<bind>
<StgValue><ssdm name="mxm_execute_ursa_signed_char_unsigned_short_unsigned_char_unsigned_short_i_94"/></StgValue>
</bind>
</comp>

<comp id="182" class="1000" name="mxm_execute_ursa_signed_char_unsigned_short_unsigned_char_unsigned_short_i_93">
<pin_list>
<pin id="183" dir="1" index="0" bw="1" slack="0"/>
</pin_list>
<bind>
<StgValue><ssdm name="mxm_execute_ursa_signed_char_unsigned_short_unsigned_char_unsigned_short_i_93"/></StgValue>
</bind>
</comp>

<comp id="184" class="1000" name="mxm_execute_ursa_signed_char_unsigned_short_unsigned_char_unsigned_short_i_92">
<pin_list>
<pin id="185" dir="1" index="0" bw="1" slack="0"/>
</pin_list>
<bind>
<StgValue><ssdm name="mxm_execute_ursa_signed_char_unsigned_short_unsigned_char_unsigned_short_i_92"/></StgValue>
</bind>
</comp>

<comp id="186" class="1000" name="mxm_execute_ursa_signed_char_unsigned_short_unsigned_char_unsigned_short_i_91">
<pin_list>
<pin id="187" dir="1" index="0" bw="1" slack="0"/>
</pin_list>
<bind>
<StgValue><ssdm name="mxm_execute_ursa_signed_char_unsigned_short_unsigned_char_unsigned_short_i_91"/></StgValue>
</bind>
</comp>

<comp id="188" class="1000" name="mxm_execute_ursa_signed_char_unsigned_short_unsigned_char_unsigned_short_i_90">
<pin_list>
<pin id="189" dir="1" index="0" bw="1" slack="0"/>
</pin_list>
<bind>
<StgValue><ssdm name="mxm_execute_ursa_signed_char_unsigned_short_unsigned_char_unsigned_short_i_90"/></StgValue>
</bind>
</comp>

<comp id="190" class="1000" name="mxm_execute_ursa_signed_char_unsigned_short_unsigned_char_unsigned_short_i_89">
<pin_list>
<pin id="191" dir="1" index="0" bw="1" slack="0"/>
</pin_list>
<bind>
<StgValue><ssdm name="mxm_execute_ursa_signed_char_unsigned_short_unsigned_char_unsigned_short_i_89"/></StgValue>
</bind>
</comp>

<comp id="192" class="1000" name="mxm_execute_ursa_signed_char_unsigned_short_unsigned_char_unsigned_short_i_88">
<pin_list>
<pin id="193" dir="1" index="0" bw="1" slack="0"/>
</pin_list>
<bind>
<StgValue><ssdm name="mxm_execute_ursa_signed_char_unsigned_short_unsigned_char_unsigned_short_i_88"/></StgValue>
</bind>
</comp>

<comp id="194" class="1000" name="mxm_execute_ursa_signed_char_unsigned_short_unsigned_char_unsigned_short_i_87">
<pin_list>
<pin id="195" dir="1" index="0" bw="1" slack="0"/>
</pin_list>
<bind>
<StgValue><ssdm name="mxm_execute_ursa_signed_char_unsigned_short_unsigned_char_unsigned_short_i_87"/></StgValue>
</bind>
</comp>

<comp id="196" class="1000" name="mxm_execute_ursa_signed_char_unsigned_short_unsigned_char_unsigned_short_i_86">
<pin_list>
<pin id="197" dir="1" index="0" bw="1" slack="0"/>
</pin_list>
<bind>
<StgValue><ssdm name="mxm_execute_ursa_signed_char_unsigned_short_unsigned_char_unsigned_short_i_86"/></StgValue>
</bind>
</comp>

<comp id="198" class="1000" name="mxm_execute_ursa_signed_char_unsigned_short_unsigned_char_unsigned_short_i_85">
<pin_list>
<pin id="199" dir="1" index="0" bw="1" slack="0"/>
</pin_list>
<bind>
<StgValue><ssdm name="mxm_execute_ursa_signed_char_unsigned_short_unsigned_char_unsigned_short_i_85"/></StgValue>
</bind>
</comp>

<comp id="200" class="1000" name="mxm_execute_ursa_signed_char_unsigned_short_unsigned_char_unsigned_short_i_84">
<pin_list>
<pin id="201" dir="1" index="0" bw="1" slack="0"/>
</pin_list>
<bind>
<StgValue><ssdm name="mxm_execute_ursa_signed_char_unsigned_short_unsigned_char_unsigned_short_i_84"/></StgValue>
</bind>
</comp>

<comp id="202" class="1000" name="mxm_execute_ursa_signed_char_unsigned_short_unsigned_char_unsigned_short_i_83">
<pin_list>
<pin id="203" dir="1" index="0" bw="1" slack="0"/>
</pin_list>
<bind>
<StgValue><ssdm name="mxm_execute_ursa_signed_char_unsigned_short_unsigned_char_unsigned_short_i_83"/></StgValue>
</bind>
</comp>

<comp id="204" class="1000" name="mxm_execute_ursa_signed_char_unsigned_short_unsigned_char_unsigned_short_i_82">
<pin_list>
<pin id="205" dir="1" index="0" bw="1" slack="0"/>
</pin_list>
<bind>
<StgValue><ssdm name="mxm_execute_ursa_signed_char_unsigned_short_unsigned_char_unsigned_short_i_82"/></StgValue>
</bind>
</comp>

<comp id="206" class="1000" name="mxm_execute_ursa_signed_char_unsigned_short_unsigned_char_unsigned_short_i_81">
<pin_list>
<pin id="207" dir="1" index="0" bw="1" slack="0"/>
</pin_list>
<bind>
<StgValue><ssdm name="mxm_execute_ursa_signed_char_unsigned_short_unsigned_char_unsigned_short_i_81"/></StgValue>
</bind>
</comp>

<comp id="208" class="1000" name="mxm_execute_ursa_signed_char_unsigned_short_unsigned_char_unsigned_short_i_80">
<pin_list>
<pin id="209" dir="1" index="0" bw="1" slack="0"/>
</pin_list>
<bind>
<StgValue><ssdm name="mxm_execute_ursa_signed_char_unsigned_short_unsigned_char_unsigned_short_i_80"/></StgValue>
</bind>
</comp>

<comp id="210" class="1000" name="mxm_execute_ursa_signed_char_unsigned_short_unsigned_char_unsigned_short_i_79">
<pin_list>
<pin id="211" dir="1" index="0" bw="1" slack="0"/>
</pin_list>
<bind>
<StgValue><ssdm name="mxm_execute_ursa_signed_char_unsigned_short_unsigned_char_unsigned_short_i_79"/></StgValue>
</bind>
</comp>

<comp id="212" class="1000" name="mxm_execute_ursa_signed_char_unsigned_short_unsigned_char_unsigned_short_i_78">
<pin_list>
<pin id="213" dir="1" index="0" bw="1" slack="0"/>
</pin_list>
<bind>
<StgValue><ssdm name="mxm_execute_ursa_signed_char_unsigned_short_unsigned_char_unsigned_short_i_78"/></StgValue>
</bind>
</comp>

<comp id="214" class="1000" name="mxm_execute_ursa_signed_char_unsigned_short_unsigned_char_unsigned_short_i_77">
<pin_list>
<pin id="215" dir="1" index="0" bw="1" slack="0"/>
</pin_list>
<bind>
<StgValue><ssdm name="mxm_execute_ursa_signed_char_unsigned_short_unsigned_char_unsigned_short_i_77"/></StgValue>
</bind>
</comp>

<comp id="216" class="1000" name="mxm_execute_ursa_signed_char_unsigned_short_unsigned_char_unsigned_short_i_76">
<pin_list>
<pin id="217" dir="1" index="0" bw="1" slack="0"/>
</pin_list>
<bind>
<StgValue><ssdm name="mxm_execute_ursa_signed_char_unsigned_short_unsigned_char_unsigned_short_i_76"/></StgValue>
</bind>
</comp>

<comp id="218" class="1000" name="mxm_execute_ursa_signed_char_unsigned_short_unsigned_char_unsigned_short_i_75">
<pin_list>
<pin id="219" dir="1" index="0" bw="1" slack="0"/>
</pin_list>
<bind>
<StgValue><ssdm name="mxm_execute_ursa_signed_char_unsigned_short_unsigned_char_unsigned_short_i_75"/></StgValue>
</bind>
</comp>

<comp id="220" class="1000" name="mxm_execute_ursa_signed_char_unsigned_short_unsigned_char_unsigned_short_i_74">
<pin_list>
<pin id="221" dir="1" index="0" bw="1" slack="0"/>
</pin_list>
<bind>
<StgValue><ssdm name="mxm_execute_ursa_signed_char_unsigned_short_unsigned_char_unsigned_short_i_74"/></StgValue>
</bind>
</comp>

<comp id="222" class="1000" name="mxm_execute_ursa_signed_char_unsigned_short_unsigned_char_unsigned_short_i_73">
<pin_list>
<pin id="223" dir="1" index="0" bw="1" slack="0"/>
</pin_list>
<bind>
<StgValue><ssdm name="mxm_execute_ursa_signed_char_unsigned_short_unsigned_char_unsigned_short_i_73"/></StgValue>
</bind>
</comp>

<comp id="224" class="1000" name="mxm_execute_ursa_signed_char_unsigned_short_unsigned_char_unsigned_short_i_72">
<pin_list>
<pin id="225" dir="1" index="0" bw="1" slack="0"/>
</pin_list>
<bind>
<StgValue><ssdm name="mxm_execute_ursa_signed_char_unsigned_short_unsigned_char_unsigned_short_i_72"/></StgValue>
</bind>
</comp>

<comp id="226" class="1000" name="mxm_execute_ursa_signed_char_unsigned_short_unsigned_char_unsigned_short_i_71">
<pin_list>
<pin id="227" dir="1" index="0" bw="1" slack="0"/>
</pin_list>
<bind>
<StgValue><ssdm name="mxm_execute_ursa_signed_char_unsigned_short_unsigned_char_unsigned_short_i_71"/></StgValue>
</bind>
</comp>

<comp id="228" class="1000" name="mxm_execute_ursa_signed_char_unsigned_short_unsigned_char_unsigned_short_i_70">
<pin_list>
<pin id="229" dir="1" index="0" bw="1" slack="0"/>
</pin_list>
<bind>
<StgValue><ssdm name="mxm_execute_ursa_signed_char_unsigned_short_unsigned_char_unsigned_short_i_70"/></StgValue>
</bind>
</comp>

<comp id="230" class="1000" name="mxm_execute_ursa_signed_char_unsigned_short_unsigned_char_unsigned_short_i_69">
<pin_list>
<pin id="231" dir="1" index="0" bw="1" slack="0"/>
</pin_list>
<bind>
<StgValue><ssdm name="mxm_execute_ursa_signed_char_unsigned_short_unsigned_char_unsigned_short_i_69"/></StgValue>
</bind>
</comp>

<comp id="232" class="1000" name="mxm_execute_ursa_signed_char_unsigned_short_unsigned_char_unsigned_short_i_68">
<pin_list>
<pin id="233" dir="1" index="0" bw="1" slack="0"/>
</pin_list>
<bind>
<StgValue><ssdm name="mxm_execute_ursa_signed_char_unsigned_short_unsigned_char_unsigned_short_i_68"/></StgValue>
</bind>
</comp>

<comp id="234" class="1000" name="mxm_execute_ursa_signed_char_unsigned_short_unsigned_char_unsigned_short_i_67">
<pin_list>
<pin id="235" dir="1" index="0" bw="1" slack="0"/>
</pin_list>
<bind>
<StgValue><ssdm name="mxm_execute_ursa_signed_char_unsigned_short_unsigned_char_unsigned_short_i_67"/></StgValue>
</bind>
</comp>

<comp id="236" class="1000" name="mxm_execute_ursa_signed_char_unsigned_short_unsigned_char_unsigned_short_i_66">
<pin_list>
<pin id="237" dir="1" index="0" bw="1" slack="0"/>
</pin_list>
<bind>
<StgValue><ssdm name="mxm_execute_ursa_signed_char_unsigned_short_unsigned_char_unsigned_short_i_66"/></StgValue>
</bind>
</comp>

<comp id="238" class="1000" name="mxm_execute_ursa_signed_char_unsigned_short_unsigned_char_unsigned_short_i_65">
<pin_list>
<pin id="239" dir="1" index="0" bw="1" slack="0"/>
</pin_list>
<bind>
<StgValue><ssdm name="mxm_execute_ursa_signed_char_unsigned_short_unsigned_char_unsigned_short_i_65"/></StgValue>
</bind>
</comp>

<comp id="240" class="1000" name="mxm_execute_ursa_signed_char_unsigned_short_unsigned_char_unsigned_short_i_64">
<pin_list>
<pin id="241" dir="1" index="0" bw="1" slack="0"/>
</pin_list>
<bind>
<StgValue><ssdm name="mxm_execute_ursa_signed_char_unsigned_short_unsigned_char_unsigned_short_i_64"/></StgValue>
</bind>
</comp>

<comp id="242" class="1000" name="mxm_execute_ursa_signed_char_unsigned_short_unsigned_char_unsigned_short_i_63">
<pin_list>
<pin id="243" dir="1" index="0" bw="1" slack="0"/>
</pin_list>
<bind>
<StgValue><ssdm name="mxm_execute_ursa_signed_char_unsigned_short_unsigned_char_unsigned_short_i_63"/></StgValue>
</bind>
</comp>

<comp id="244" class="1000" name="mxm_execute_ursa_signed_char_unsigned_short_unsigned_char_unsigned_short_i_62">
<pin_list>
<pin id="245" dir="1" index="0" bw="1" slack="0"/>
</pin_list>
<bind>
<StgValue><ssdm name="mxm_execute_ursa_signed_char_unsigned_short_unsigned_char_unsigned_short_i_62"/></StgValue>
</bind>
</comp>

<comp id="246" class="1000" name="mxm_execute_ursa_signed_char_unsigned_short_unsigned_char_unsigned_short_i_61">
<pin_list>
<pin id="247" dir="1" index="0" bw="1" slack="0"/>
</pin_list>
<bind>
<StgValue><ssdm name="mxm_execute_ursa_signed_char_unsigned_short_unsigned_char_unsigned_short_i_61"/></StgValue>
</bind>
</comp>

<comp id="248" class="1000" name="mxm_execute_ursa_signed_char_unsigned_short_unsigned_char_unsigned_short_i_60">
<pin_list>
<pin id="249" dir="1" index="0" bw="1" slack="0"/>
</pin_list>
<bind>
<StgValue><ssdm name="mxm_execute_ursa_signed_char_unsigned_short_unsigned_char_unsigned_short_i_60"/></StgValue>
</bind>
</comp>

<comp id="250" class="1000" name="mxm_execute_ursa_signed_char_unsigned_short_unsigned_char_unsigned_short_i_59">
<pin_list>
<pin id="251" dir="1" index="0" bw="1" slack="0"/>
</pin_list>
<bind>
<StgValue><ssdm name="mxm_execute_ursa_signed_char_unsigned_short_unsigned_char_unsigned_short_i_59"/></StgValue>
</bind>
</comp>

<comp id="252" class="1000" name="mxm_execute_ursa_signed_char_unsigned_short_unsigned_char_unsigned_short_i_58">
<pin_list>
<pin id="253" dir="1" index="0" bw="1" slack="0"/>
</pin_list>
<bind>
<StgValue><ssdm name="mxm_execute_ursa_signed_char_unsigned_short_unsigned_char_unsigned_short_i_58"/></StgValue>
</bind>
</comp>

<comp id="254" class="1000" name="mxm_execute_ursa_signed_char_unsigned_short_unsigned_char_unsigned_short_i_57">
<pin_list>
<pin id="255" dir="1" index="0" bw="1" slack="0"/>
</pin_list>
<bind>
<StgValue><ssdm name="mxm_execute_ursa_signed_char_unsigned_short_unsigned_char_unsigned_short_i_57"/></StgValue>
</bind>
</comp>

<comp id="256" class="1000" name="mxm_execute_ursa_signed_char_unsigned_short_unsigned_char_unsigned_short_i_56">
<pin_list>
<pin id="257" dir="1" index="0" bw="1" slack="0"/>
</pin_list>
<bind>
<StgValue><ssdm name="mxm_execute_ursa_signed_char_unsigned_short_unsigned_char_unsigned_short_i_56"/></StgValue>
</bind>
</comp>

<comp id="258" class="1000" name="mxm_execute_ursa_signed_char_unsigned_short_unsigned_char_unsigned_short_i_55">
<pin_list>
<pin id="259" dir="1" index="0" bw="1" slack="0"/>
</pin_list>
<bind>
<StgValue><ssdm name="mxm_execute_ursa_signed_char_unsigned_short_unsigned_char_unsigned_short_i_55"/></StgValue>
</bind>
</comp>

<comp id="260" class="1000" name="mxm_execute_ursa_signed_char_unsigned_short_unsigned_char_unsigned_short_i_54">
<pin_list>
<pin id="261" dir="1" index="0" bw="1" slack="0"/>
</pin_list>
<bind>
<StgValue><ssdm name="mxm_execute_ursa_signed_char_unsigned_short_unsigned_char_unsigned_short_i_54"/></StgValue>
</bind>
</comp>

<comp id="262" class="1000" name="mxm_execute_ursa_signed_char_unsigned_short_unsigned_char_unsigned_short_i_53">
<pin_list>
<pin id="263" dir="1" index="0" bw="1" slack="0"/>
</pin_list>
<bind>
<StgValue><ssdm name="mxm_execute_ursa_signed_char_unsigned_short_unsigned_char_unsigned_short_i_53"/></StgValue>
</bind>
</comp>

<comp id="264" class="1000" name="mxm_execute_ursa_signed_char_unsigned_short_unsigned_char_unsigned_short_i_52">
<pin_list>
<pin id="265" dir="1" index="0" bw="1" slack="0"/>
</pin_list>
<bind>
<StgValue><ssdm name="mxm_execute_ursa_signed_char_unsigned_short_unsigned_char_unsigned_short_i_52"/></StgValue>
</bind>
</comp>

<comp id="266" class="1000" name="mxm_execute_ursa_signed_char_unsigned_short_unsigned_char_unsigned_short_i_51">
<pin_list>
<pin id="267" dir="1" index="0" bw="1" slack="0"/>
</pin_list>
<bind>
<StgValue><ssdm name="mxm_execute_ursa_signed_char_unsigned_short_unsigned_char_unsigned_short_i_51"/></StgValue>
</bind>
</comp>

<comp id="268" class="1000" name="mxm_execute_ursa_signed_char_unsigned_short_unsigned_char_unsigned_short_i_50">
<pin_list>
<pin id="269" dir="1" index="0" bw="1" slack="0"/>
</pin_list>
<bind>
<StgValue><ssdm name="mxm_execute_ursa_signed_char_unsigned_short_unsigned_char_unsigned_short_i_50"/></StgValue>
</bind>
</comp>

<comp id="270" class="1000" name="mxm_execute_ursa_signed_char_unsigned_short_unsigned_char_unsigned_short_i_49">
<pin_list>
<pin id="271" dir="1" index="0" bw="1" slack="0"/>
</pin_list>
<bind>
<StgValue><ssdm name="mxm_execute_ursa_signed_char_unsigned_short_unsigned_char_unsigned_short_i_49"/></StgValue>
</bind>
</comp>

<comp id="272" class="1000" name="mxm_execute_ursa_signed_char_unsigned_short_unsigned_char_unsigned_short_i_48">
<pin_list>
<pin id="273" dir="1" index="0" bw="1" slack="0"/>
</pin_list>
<bind>
<StgValue><ssdm name="mxm_execute_ursa_signed_char_unsigned_short_unsigned_char_unsigned_short_i_48"/></StgValue>
</bind>
</comp>

<comp id="274" class="1000" name="mxm_execute_ursa_signed_char_unsigned_short_unsigned_char_unsigned_short_i_47">
<pin_list>
<pin id="275" dir="1" index="0" bw="1" slack="0"/>
</pin_list>
<bind>
<StgValue><ssdm name="mxm_execute_ursa_signed_char_unsigned_short_unsigned_char_unsigned_short_i_47"/></StgValue>
</bind>
</comp>

<comp id="276" class="1000" name="mxm_execute_ursa_signed_char_unsigned_short_unsigned_char_unsigned_short_i_46">
<pin_list>
<pin id="277" dir="1" index="0" bw="1" slack="0"/>
</pin_list>
<bind>
<StgValue><ssdm name="mxm_execute_ursa_signed_char_unsigned_short_unsigned_char_unsigned_short_i_46"/></StgValue>
</bind>
</comp>

<comp id="278" class="1000" name="mxm_execute_ursa_signed_char_unsigned_short_unsigned_char_unsigned_short_i_45">
<pin_list>
<pin id="279" dir="1" index="0" bw="1" slack="0"/>
</pin_list>
<bind>
<StgValue><ssdm name="mxm_execute_ursa_signed_char_unsigned_short_unsigned_char_unsigned_short_i_45"/></StgValue>
</bind>
</comp>

<comp id="280" class="1000" name="mxm_execute_ursa_signed_char_unsigned_short_unsigned_char_unsigned_short_i_44">
<pin_list>
<pin id="281" dir="1" index="0" bw="1" slack="0"/>
</pin_list>
<bind>
<StgValue><ssdm name="mxm_execute_ursa_signed_char_unsigned_short_unsigned_char_unsigned_short_i_44"/></StgValue>
</bind>
</comp>

<comp id="282" class="1000" name="mxm_execute_ursa_signed_char_unsigned_short_unsigned_char_unsigned_short_i_43">
<pin_list>
<pin id="283" dir="1" index="0" bw="1" slack="0"/>
</pin_list>
<bind>
<StgValue><ssdm name="mxm_execute_ursa_signed_char_unsigned_short_unsigned_char_unsigned_short_i_43"/></StgValue>
</bind>
</comp>

<comp id="284" class="1000" name="mxm_execute_ursa_signed_char_unsigned_short_unsigned_char_unsigned_short_i_42">
<pin_list>
<pin id="285" dir="1" index="0" bw="1" slack="0"/>
</pin_list>
<bind>
<StgValue><ssdm name="mxm_execute_ursa_signed_char_unsigned_short_unsigned_char_unsigned_short_i_42"/></StgValue>
</bind>
</comp>

<comp id="286" class="1000" name="mxm_execute_ursa_signed_char_unsigned_short_unsigned_char_unsigned_short_i_41">
<pin_list>
<pin id="287" dir="1" index="0" bw="1" slack="0"/>
</pin_list>
<bind>
<StgValue><ssdm name="mxm_execute_ursa_signed_char_unsigned_short_unsigned_char_unsigned_short_i_41"/></StgValue>
</bind>
</comp>

<comp id="288" class="1000" name="mxm_execute_ursa_signed_char_unsigned_short_unsigned_char_unsigned_short_i_40">
<pin_list>
<pin id="289" dir="1" index="0" bw="1" slack="0"/>
</pin_list>
<bind>
<StgValue><ssdm name="mxm_execute_ursa_signed_char_unsigned_short_unsigned_char_unsigned_short_i_40"/></StgValue>
</bind>
</comp>

<comp id="290" class="1000" name="mxm_execute_ursa_signed_char_unsigned_short_unsigned_char_unsigned_short_i_39">
<pin_list>
<pin id="291" dir="1" index="0" bw="1" slack="0"/>
</pin_list>
<bind>
<StgValue><ssdm name="mxm_execute_ursa_signed_char_unsigned_short_unsigned_char_unsigned_short_i_39"/></StgValue>
</bind>
</comp>

<comp id="292" class="1000" name="mxm_execute_ursa_signed_char_unsigned_short_unsigned_char_unsigned_short_i_38">
<pin_list>
<pin id="293" dir="1" index="0" bw="1" slack="0"/>
</pin_list>
<bind>
<StgValue><ssdm name="mxm_execute_ursa_signed_char_unsigned_short_unsigned_char_unsigned_short_i_38"/></StgValue>
</bind>
</comp>

<comp id="294" class="1000" name="mxm_execute_ursa_signed_char_unsigned_short_unsigned_char_unsigned_short_i_37">
<pin_list>
<pin id="295" dir="1" index="0" bw="1" slack="0"/>
</pin_list>
<bind>
<StgValue><ssdm name="mxm_execute_ursa_signed_char_unsigned_short_unsigned_char_unsigned_short_i_37"/></StgValue>
</bind>
</comp>

<comp id="296" class="1000" name="mxm_execute_ursa_signed_char_unsigned_short_unsigned_char_unsigned_short_i_36">
<pin_list>
<pin id="297" dir="1" index="0" bw="1" slack="0"/>
</pin_list>
<bind>
<StgValue><ssdm name="mxm_execute_ursa_signed_char_unsigned_short_unsigned_char_unsigned_short_i_36"/></StgValue>
</bind>
</comp>

<comp id="298" class="1000" name="mxm_execute_ursa_signed_char_unsigned_short_unsigned_char_unsigned_short_i_35">
<pin_list>
<pin id="299" dir="1" index="0" bw="1" slack="0"/>
</pin_list>
<bind>
<StgValue><ssdm name="mxm_execute_ursa_signed_char_unsigned_short_unsigned_char_unsigned_short_i_35"/></StgValue>
</bind>
</comp>

<comp id="300" class="1000" name="mxm_execute_ursa_signed_char_unsigned_short_unsigned_char_unsigned_short_i_34">
<pin_list>
<pin id="301" dir="1" index="0" bw="1" slack="0"/>
</pin_list>
<bind>
<StgValue><ssdm name="mxm_execute_ursa_signed_char_unsigned_short_unsigned_char_unsigned_short_i_34"/></StgValue>
</bind>
</comp>

<comp id="302" class="1000" name="mxm_execute_ursa_signed_char_unsigned_short_unsigned_char_unsigned_short_i_33">
<pin_list>
<pin id="303" dir="1" index="0" bw="1" slack="0"/>
</pin_list>
<bind>
<StgValue><ssdm name="mxm_execute_ursa_signed_char_unsigned_short_unsigned_char_unsigned_short_i_33"/></StgValue>
</bind>
</comp>

<comp id="304" class="1000" name="mxm_execute_ursa_signed_char_unsigned_short_unsigned_char_unsigned_short_i_32">
<pin_list>
<pin id="305" dir="1" index="0" bw="1" slack="0"/>
</pin_list>
<bind>
<StgValue><ssdm name="mxm_execute_ursa_signed_char_unsigned_short_unsigned_char_unsigned_short_i_32"/></StgValue>
</bind>
</comp>

<comp id="306" class="1000" name="mxm_execute_ursa_signed_char_unsigned_short_unsigned_char_unsigned_short_i_31">
<pin_list>
<pin id="307" dir="1" index="0" bw="1" slack="0"/>
</pin_list>
<bind>
<StgValue><ssdm name="mxm_execute_ursa_signed_char_unsigned_short_unsigned_char_unsigned_short_i_31"/></StgValue>
</bind>
</comp>

<comp id="308" class="1000" name="mxm_execute_ursa_signed_char_unsigned_short_unsigned_char_unsigned_short_i_30">
<pin_list>
<pin id="309" dir="1" index="0" bw="1" slack="0"/>
</pin_list>
<bind>
<StgValue><ssdm name="mxm_execute_ursa_signed_char_unsigned_short_unsigned_char_unsigned_short_i_30"/></StgValue>
</bind>
</comp>

<comp id="310" class="1000" name="mxm_execute_ursa_signed_char_unsigned_short_unsigned_char_unsigned_short_i_29">
<pin_list>
<pin id="311" dir="1" index="0" bw="1" slack="0"/>
</pin_list>
<bind>
<StgValue><ssdm name="mxm_execute_ursa_signed_char_unsigned_short_unsigned_char_unsigned_short_i_29"/></StgValue>
</bind>
</comp>

<comp id="312" class="1000" name="mxm_execute_ursa_signed_char_unsigned_short_unsigned_char_unsigned_short_i_28">
<pin_list>
<pin id="313" dir="1" index="0" bw="1" slack="0"/>
</pin_list>
<bind>
<StgValue><ssdm name="mxm_execute_ursa_signed_char_unsigned_short_unsigned_char_unsigned_short_i_28"/></StgValue>
</bind>
</comp>

<comp id="314" class="1000" name="mxm_execute_ursa_signed_char_unsigned_short_unsigned_char_unsigned_short_i_27">
<pin_list>
<pin id="315" dir="1" index="0" bw="1" slack="0"/>
</pin_list>
<bind>
<StgValue><ssdm name="mxm_execute_ursa_signed_char_unsigned_short_unsigned_char_unsigned_short_i_27"/></StgValue>
</bind>
</comp>

<comp id="316" class="1000" name="mxm_execute_ursa_signed_char_unsigned_short_unsigned_char_unsigned_short_i_26">
<pin_list>
<pin id="317" dir="1" index="0" bw="1" slack="0"/>
</pin_list>
<bind>
<StgValue><ssdm name="mxm_execute_ursa_signed_char_unsigned_short_unsigned_char_unsigned_short_i_26"/></StgValue>
</bind>
</comp>

<comp id="318" class="1000" name="mxm_execute_ursa_signed_char_unsigned_short_unsigned_char_unsigned_short_i_25">
<pin_list>
<pin id="319" dir="1" index="0" bw="1" slack="0"/>
</pin_list>
<bind>
<StgValue><ssdm name="mxm_execute_ursa_signed_char_unsigned_short_unsigned_char_unsigned_short_i_25"/></StgValue>
</bind>
</comp>

<comp id="320" class="1000" name="mxm_execute_ursa_signed_char_unsigned_short_unsigned_char_unsigned_short_i_24">
<pin_list>
<pin id="321" dir="1" index="0" bw="1" slack="0"/>
</pin_list>
<bind>
<StgValue><ssdm name="mxm_execute_ursa_signed_char_unsigned_short_unsigned_char_unsigned_short_i_24"/></StgValue>
</bind>
</comp>

<comp id="322" class="1000" name="mxm_execute_ursa_signed_char_unsigned_short_unsigned_char_unsigned_short_i_23">
<pin_list>
<pin id="323" dir="1" index="0" bw="1" slack="0"/>
</pin_list>
<bind>
<StgValue><ssdm name="mxm_execute_ursa_signed_char_unsigned_short_unsigned_char_unsigned_short_i_23"/></StgValue>
</bind>
</comp>

<comp id="324" class="1000" name="mxm_execute_ursa_signed_char_unsigned_short_unsigned_char_unsigned_short_i_22">
<pin_list>
<pin id="325" dir="1" index="0" bw="1" slack="0"/>
</pin_list>
<bind>
<StgValue><ssdm name="mxm_execute_ursa_signed_char_unsigned_short_unsigned_char_unsigned_short_i_22"/></StgValue>
</bind>
</comp>

<comp id="326" class="1000" name="mxm_execute_ursa_signed_char_unsigned_short_unsigned_char_unsigned_short_i_21">
<pin_list>
<pin id="327" dir="1" index="0" bw="1" slack="0"/>
</pin_list>
<bind>
<StgValue><ssdm name="mxm_execute_ursa_signed_char_unsigned_short_unsigned_char_unsigned_short_i_21"/></StgValue>
</bind>
</comp>

<comp id="328" class="1000" name="mxm_execute_ursa_signed_char_unsigned_short_unsigned_char_unsigned_short_i_20">
<pin_list>
<pin id="329" dir="1" index="0" bw="1" slack="0"/>
</pin_list>
<bind>
<StgValue><ssdm name="mxm_execute_ursa_signed_char_unsigned_short_unsigned_char_unsigned_short_i_20"/></StgValue>
</bind>
</comp>

<comp id="330" class="1000" name="mxm_execute_ursa_signed_char_unsigned_short_unsigned_char_unsigned_short_i_19">
<pin_list>
<pin id="331" dir="1" index="0" bw="1" slack="0"/>
</pin_list>
<bind>
<StgValue><ssdm name="mxm_execute_ursa_signed_char_unsigned_short_unsigned_char_unsigned_short_i_19"/></StgValue>
</bind>
</comp>

<comp id="332" class="1000" name="mxm_execute_ursa_signed_char_unsigned_short_unsigned_char_unsigned_short_i_18">
<pin_list>
<pin id="333" dir="1" index="0" bw="1" slack="0"/>
</pin_list>
<bind>
<StgValue><ssdm name="mxm_execute_ursa_signed_char_unsigned_short_unsigned_char_unsigned_short_i_18"/></StgValue>
</bind>
</comp>

<comp id="334" class="1000" name="mxm_execute_ursa_signed_char_unsigned_short_unsigned_char_unsigned_short_i_17">
<pin_list>
<pin id="335" dir="1" index="0" bw="1" slack="0"/>
</pin_list>
<bind>
<StgValue><ssdm name="mxm_execute_ursa_signed_char_unsigned_short_unsigned_char_unsigned_short_i_17"/></StgValue>
</bind>
</comp>

<comp id="336" class="1000" name="mxm_execute_ursa_signed_char_unsigned_short_unsigned_char_unsigned_short_i_16">
<pin_list>
<pin id="337" dir="1" index="0" bw="1" slack="0"/>
</pin_list>
<bind>
<StgValue><ssdm name="mxm_execute_ursa_signed_char_unsigned_short_unsigned_char_unsigned_short_i_16"/></StgValue>
</bind>
</comp>

<comp id="338" class="1000" name="mxm_execute_ursa_signed_char_unsigned_short_unsigned_char_unsigned_short_i_15">
<pin_list>
<pin id="339" dir="1" index="0" bw="1" slack="0"/>
</pin_list>
<bind>
<StgValue><ssdm name="mxm_execute_ursa_signed_char_unsigned_short_unsigned_char_unsigned_short_i_15"/></StgValue>
</bind>
</comp>

<comp id="340" class="1000" name="mxm_execute_ursa_signed_char_unsigned_short_unsigned_char_unsigned_short_i_14">
<pin_list>
<pin id="341" dir="1" index="0" bw="1" slack="0"/>
</pin_list>
<bind>
<StgValue><ssdm name="mxm_execute_ursa_signed_char_unsigned_short_unsigned_char_unsigned_short_i_14"/></StgValue>
</bind>
</comp>

<comp id="342" class="1000" name="mxm_execute_ursa_signed_char_unsigned_short_unsigned_char_unsigned_short_i_13">
<pin_list>
<pin id="343" dir="1" index="0" bw="1" slack="0"/>
</pin_list>
<bind>
<StgValue><ssdm name="mxm_execute_ursa_signed_char_unsigned_short_unsigned_char_unsigned_short_i_13"/></StgValue>
</bind>
</comp>

<comp id="344" class="1000" name="mxm_execute_ursa_signed_char_unsigned_short_unsigned_char_unsigned_short_i_12">
<pin_list>
<pin id="345" dir="1" index="0" bw="1" slack="0"/>
</pin_list>
<bind>
<StgValue><ssdm name="mxm_execute_ursa_signed_char_unsigned_short_unsigned_char_unsigned_short_i_12"/></StgValue>
</bind>
</comp>

<comp id="346" class="1000" name="mxm_execute_ursa_signed_char_unsigned_short_unsigned_char_unsigned_short_i_11">
<pin_list>
<pin id="347" dir="1" index="0" bw="1" slack="0"/>
</pin_list>
<bind>
<StgValue><ssdm name="mxm_execute_ursa_signed_char_unsigned_short_unsigned_char_unsigned_short_i_11"/></StgValue>
</bind>
</comp>

<comp id="348" class="1000" name="mxm_execute_ursa_signed_char_unsigned_short_unsigned_char_unsigned_short_i_10">
<pin_list>
<pin id="349" dir="1" index="0" bw="1" slack="0"/>
</pin_list>
<bind>
<StgValue><ssdm name="mxm_execute_ursa_signed_char_unsigned_short_unsigned_char_unsigned_short_i_10"/></StgValue>
</bind>
</comp>

<comp id="350" class="1000" name="mxm_execute_ursa_signed_char_unsigned_short_unsigned_char_unsigned_short_i_9">
<pin_list>
<pin id="351" dir="1" index="0" bw="1" slack="0"/>
</pin_list>
<bind>
<StgValue><ssdm name="mxm_execute_ursa_signed_char_unsigned_short_unsigned_char_unsigned_short_i_9"/></StgValue>
</bind>
</comp>

<comp id="352" class="1000" name="mxm_execute_ursa_signed_char_unsigned_short_unsigned_char_unsigned_short_i_8">
<pin_list>
<pin id="353" dir="1" index="0" bw="1" slack="0"/>
</pin_list>
<bind>
<StgValue><ssdm name="mxm_execute_ursa_signed_char_unsigned_short_unsigned_char_unsigned_short_i_8"/></StgValue>
</bind>
</comp>

<comp id="354" class="1000" name="mxm_execute_ursa_signed_char_unsigned_short_unsigned_char_unsigned_short_i_7">
<pin_list>
<pin id="355" dir="1" index="0" bw="1" slack="0"/>
</pin_list>
<bind>
<StgValue><ssdm name="mxm_execute_ursa_signed_char_unsigned_short_unsigned_char_unsigned_short_i_7"/></StgValue>
</bind>
</comp>

<comp id="356" class="1000" name="mxm_execute_ursa_signed_char_unsigned_short_unsigned_char_unsigned_short_i_6">
<pin_list>
<pin id="357" dir="1" index="0" bw="1" slack="0"/>
</pin_list>
<bind>
<StgValue><ssdm name="mxm_execute_ursa_signed_char_unsigned_short_unsigned_char_unsigned_short_i_6"/></StgValue>
</bind>
</comp>

<comp id="358" class="1000" name="mxm_execute_ursa_signed_char_unsigned_short_unsigned_char_unsigned_short_i_5">
<pin_list>
<pin id="359" dir="1" index="0" bw="1" slack="0"/>
</pin_list>
<bind>
<StgValue><ssdm name="mxm_execute_ursa_signed_char_unsigned_short_unsigned_char_unsigned_short_i_5"/></StgValue>
</bind>
</comp>

<comp id="360" class="1000" name="mxm_execute_ursa_signed_char_unsigned_short_unsigned_char_unsigned_short_i_4">
<pin_list>
<pin id="361" dir="1" index="0" bw="1" slack="0"/>
</pin_list>
<bind>
<StgValue><ssdm name="mxm_execute_ursa_signed_char_unsigned_short_unsigned_char_unsigned_short_i_4"/></StgValue>
</bind>
</comp>

<comp id="362" class="1000" name="mxm_execute_ursa_signed_char_unsigned_short_unsigned_char_unsigned_short_i_3">
<pin_list>
<pin id="363" dir="1" index="0" bw="1" slack="0"/>
</pin_list>
<bind>
<StgValue><ssdm name="mxm_execute_ursa_signed_char_unsigned_short_unsigned_char_unsigned_short_i_3"/></StgValue>
</bind>
</comp>

<comp id="364" class="1000" name="mxm_execute_ursa_signed_char_unsigned_short_unsigned_char_unsigned_short_i_2">
<pin_list>
<pin id="365" dir="1" index="0" bw="1" slack="0"/>
</pin_list>
<bind>
<StgValue><ssdm name="mxm_execute_ursa_signed_char_unsigned_short_unsigned_char_unsigned_short_i_2"/></StgValue>
</bind>
</comp>

<comp id="366" class="1000" name="mxm_execute_ursa_signed_char_unsigned_short_unsigned_char_unsigned_short_i_1">
<pin_list>
<pin id="367" dir="1" index="0" bw="1" slack="0"/>
</pin_list>
<bind>
<StgValue><ssdm name="mxm_execute_ursa_signed_char_unsigned_short_unsigned_char_unsigned_short_i_1"/></StgValue>
</bind>
</comp>

<comp id="368" class="1000" name="mxm_execute_ursa_signed_char_unsigned_short_unsigned_char_unsigned_short_i">
<pin_list>
<pin id="369" dir="1" index="0" bw="1" slack="0"/>
</pin_list>
<bind>
<StgValue><ssdm name="mxm_execute_ursa_signed_char_unsigned_short_unsigned_char_unsigned_short_i"/></StgValue>
</bind>
</comp>

<comp id="370" class="1001" name="const_370">
<pin_list>
<pin id="371" dir="1" index="0" bw="1" slack="0"/>
</pin_list>
<bind>
<StgValue><ssdm name=""/></StgValue>
</bind>
</comp>

<comp id="372" class="1001" name="const_372">
<pin_list>
<pin id="373" dir="1" index="0" bw="1" slack="0"/>
</pin_list>
<bind>
<StgValue><ssdm name="_ssdm_op_Read.s_axilite.i16"/></StgValue>
</bind>
</comp>

<comp id="374" class="1001" name="const_374">
<pin_list>
<pin id="375" dir="1" index="0" bw="1" slack="0"/>
</pin_list>
<bind>
<StgValue><ssdm name="_ssdm_op_Read.s_axilite.i32"/></StgValue>
</bind>
</comp>

<comp id="376" class="1001" name="const_376">
<pin_list>
<pin id="377" dir="1" index="0" bw="1" slack="0"/>
</pin_list>
<bind>
<StgValue><ssdm name=""/></StgValue>
</bind>
</comp>

<comp id="378" class="1001" name="const_378">
<pin_list>
<pin id="379" dir="1" index="0" bw="1" slack="0"/>
</pin_list>
<bind>
<StgValue><ssdm name=""/></StgValue>
</bind>
</comp>

<comp id="380" class="1001" name="const_380">
<pin_list>
<pin id="381" dir="1" index="0" bw="1" slack="2147483647"/>
</pin_list>
<bind>
<StgValue><ssdm name="_ssdm_op_SpecBitsMap"/></StgValue>
</bind>
</comp>

<comp id="382" class="1001" name="const_382">
<pin_list>
<pin id="383" dir="1" index="0" bw="1" slack="2147483647"/>
</pin_list>
<bind>
<StgValue><ssdm name=""/></StgValue>
</bind>
</comp>

<comp id="384" class="1001" name="const_384">
<pin_list>
<pin id="385" dir="1" index="0" bw="1" slack="2147483647"/>
</pin_list>
<bind>
<StgValue><ssdm name="_ssdm_op_SpecTopModule"/></StgValue>
</bind>
</comp>

<comp id="386" class="1001" name="const_386">
<pin_list>
<pin id="387" dir="1" index="0" bw="1" slack="2147483647"/>
</pin_list>
<bind>
<StgValue><ssdm name="empty_11"/></StgValue>
</bind>
</comp>

<comp id="388" class="1001" name="const_388">
<pin_list>
<pin id="389" dir="1" index="0" bw="1" slack="2147483647"/>
</pin_list>
<bind>
<StgValue><ssdm name="_ssdm_op_SpecInterface"/></StgValue>
</bind>
</comp>

<comp id="390" class="1001" name="const_390">
<pin_list>
<pin id="391" dir="1" index="0" bw="1" slack="2147483647"/>
</pin_list>
<bind>
<StgValue><ssdm name="empty_14"/></StgValue>
</bind>
</comp>

<comp id="392" class="1001" name="const_392">
<pin_list>
<pin id="393" dir="1" index="0" bw="1" slack="2147483647"/>
</pin_list>
<bind>
<StgValue><ssdm name=""/></StgValue>
</bind>
</comp>

<comp id="394" class="1001" name="const_394">
<pin_list>
<pin id="395" dir="1" index="0" bw="1" slack="2147483647"/>
</pin_list>
<bind>
<StgValue><ssdm name="empty_0"/></StgValue>
</bind>
</comp>

<comp id="396" class="1001" name="const_396">
<pin_list>
<pin id="397" dir="1" index="0" bw="1" slack="2147483647"/>
</pin_list>
<bind>
<StgValue><ssdm name="empty_2"/></StgValue>
</bind>
</comp>

<comp id="398" class="1001" name="const_398">
<pin_list>
<pin id="399" dir="1" index="0" bw="1" slack="2147483647"/>
</pin_list>
<bind>
<StgValue><ssdm name="empty_3"/></StgValue>
</bind>
</comp>

<comp id="400" class="1001" name="const_400">
<pin_list>
<pin id="401" dir="1" index="0" bw="1" slack="2147483647"/>
</pin_list>
<bind>
<StgValue><ssdm name=""/></StgValue>
</bind>
</comp>

<comp id="402" class="1001" name="const_402">
<pin_list>
<pin id="403" dir="1" index="0" bw="1" slack="2147483647"/>
</pin_list>
<bind>
<StgValue><ssdm name=""/></StgValue>
</bind>
</comp>

<comp id="404" class="1001" name="const_404">
<pin_list>
<pin id="405" dir="1" index="0" bw="1" slack="2147483647"/>
</pin_list>
<bind>
<StgValue><ssdm name=""/></StgValue>
</bind>
</comp>

<comp id="406" class="1001" name="const_406">
<pin_list>
<pin id="407" dir="1" index="0" bw="1" slack="2147483647"/>
</pin_list>
<bind>
<StgValue><ssdm name=""/></StgValue>
</bind>
</comp>

<comp id="408" class="1001" name="const_408">
<pin_list>
<pin id="409" dir="1" index="0" bw="1" slack="2147483647"/>
</pin_list>
<bind>
<StgValue><ssdm name="empty_4"/></StgValue>
</bind>
</comp>

<comp id="410" class="1001" name="const_410">
<pin_list>
<pin id="411" dir="1" index="0" bw="1" slack="2147483647"/>
</pin_list>
<bind>
<StgValue><ssdm name="empty_5"/></StgValue>
</bind>
</comp>

<comp id="412" class="1001" name="const_412">
<pin_list>
<pin id="413" dir="1" index="0" bw="1" slack="2147483647"/>
</pin_list>
<bind>
<StgValue><ssdm name="empty_6"/></StgValue>
</bind>
</comp>

<comp id="414" class="1001" name="const_414">
<pin_list>
<pin id="415" dir="1" index="0" bw="1" slack="2147483647"/>
</pin_list>
<bind>
<StgValue><ssdm name="empty"/></StgValue>
</bind>
</comp>

<comp id="416" class="1001" name="const_416">
<pin_list>
<pin id="417" dir="1" index="0" bw="1" slack="2147483647"/>
</pin_list>
<bind>
<StgValue><ssdm name="empty_16"/></StgValue>
</bind>
</comp>

<comp id="418" class="1001" name="const_418">
<pin_list>
<pin id="419" dir="1" index="0" bw="1" slack="2147483647"/>
</pin_list>
<bind>
<StgValue><ssdm name="empty_7"/></StgValue>
</bind>
</comp>

<comp id="420" class="1001" name="const_420">
<pin_list>
<pin id="421" dir="1" index="0" bw="1" slack="2147483647"/>
</pin_list>
<bind>
<StgValue><ssdm name="empty_8"/></StgValue>
</bind>
</comp>

<comp id="422" class="1001" name="const_422">
<pin_list>
<pin id="423" dir="1" index="0" bw="1" slack="2147483647"/>
</pin_list>
<bind>
<StgValue><ssdm name="empty_13"/></StgValue>
</bind>
</comp>

<comp id="424" class="1001" name="const_424">
<pin_list>
<pin id="425" dir="1" index="0" bw="1" slack="2147483647"/>
</pin_list>
<bind>
<StgValue><ssdm name="empty_15"/></StgValue>
</bind>
</comp>

<comp id="426" class="1001" name="const_426">
<pin_list>
<pin id="427" dir="1" index="0" bw="1" slack="2147483647"/>
</pin_list>
<bind>
<StgValue><ssdm name="empty_1"/></StgValue>
</bind>
</comp>

<comp id="428" class="1001" name="const_428">
<pin_list>
<pin id="429" dir="1" index="0" bw="1" slack="2147483647"/>
</pin_list>
<bind>
<StgValue><ssdm name="empty_9"/></StgValue>
</bind>
</comp>

<comp id="430" class="1001" name="const_430">
<pin_list>
<pin id="431" dir="1" index="0" bw="1" slack="2147483647"/>
</pin_list>
<bind>
<StgValue><ssdm name="empty_10"/></StgValue>
</bind>
</comp>

<comp id="432" class="1001" name="const_432">
<pin_list>
<pin id="433" dir="1" index="0" bw="1" slack="0"/>
</pin_list>
<bind>
<StgValue><ssdm name=""/></StgValue>
</bind>
</comp>

<comp id="434" class="1001" name="const_434">
<pin_list>
<pin id="435" dir="1" index="0" bw="1" slack="0"/>
</pin_list>
<bind>
<StgValue><ssdm name="_ssdm_op_PartSelect.i13.i16.i32.i32"/></StgValue>
</bind>
</comp>

<comp id="436" class="1001" name="const_436">
<pin_list>
<pin id="437" dir="1" index="0" bw="1" slack="0"/>
</pin_list>
<bind>
<StgValue><ssdm name=""/></StgValue>
</bind>
</comp>

<comp id="438" class="1001" name="const_438">
<pin_list>
<pin id="439" dir="1" index="0" bw="1" slack="0"/>
</pin_list>
<bind>
<StgValue><ssdm name=""/></StgValue>
</bind>
</comp>

<comp id="440" class="1001" name="const_440">
<pin_list>
<pin id="441" dir="1" index="0" bw="1" slack="0"/>
</pin_list>
<bind>
<StgValue><ssdm name=""/></StgValue>
</bind>
</comp>

<comp id="442" class="1001" name="const_442">
<pin_list>
<pin id="443" dir="1" index="0" bw="1" slack="0"/>
</pin_list>
<bind>
<StgValue><ssdm name=""/></StgValue>
</bind>
</comp>

<comp id="444" class="1001" name="const_444">
<pin_list>
<pin id="445" dir="1" index="0" bw="1" slack="0"/>
</pin_list>
<bind>
<StgValue><ssdm name="_ssdm_op_BitConcatenate.i32.i29.i3"/></StgValue>
</bind>
</comp>

<comp id="446" class="1001" name="const_446">
<pin_list>
<pin id="447" dir="1" index="0" bw="1" slack="0"/>
</pin_list>
<bind>
<StgValue><ssdm name=""/></StgValue>
</bind>
</comp>

<comp id="448" class="1001" name="const_448">
<pin_list>
<pin id="449" dir="1" index="0" bw="1" slack="0"/>
</pin_list>
<bind>
<StgValue><ssdm name="_ssdm_op_BitConcatenate.i30.i27.i3"/></StgValue>
</bind>
</comp>

<comp id="450" class="1001" name="const_450">
<pin_list>
<pin id="451" dir="1" index="0" bw="1" slack="0"/>
</pin_list>
<bind>
<StgValue><ssdm name="_ssdm_op_BitConcatenate.i16.i13.i3"/></StgValue>
</bind>
</comp>

<comp id="452" class="1001" name="const_452">
<pin_list>
<pin id="453" dir="1" index="0" bw="1" slack="0"/>
</pin_list>
<bind>
<StgValue><ssdm name="mxm_execute_ursa_Pipeline_VITIS_LOOP_284_3"/></StgValue>
</bind>
</comp>

<comp id="454" class="1001" name="const_454">
<pin_list>
<pin id="455" dir="1" index="0" bw="1" slack="0"/>
</pin_list>
<bind>
<StgValue><ssdm name="_ssdm_op_BitConcatenate.i32.i30.i2"/></StgValue>
</bind>
</comp>

<comp id="456" class="1001" name="const_456">
<pin_list>
<pin id="457" dir="1" index="0" bw="1" slack="0"/>
</pin_list>
<bind>
<StgValue><ssdm name=""/></StgValue>
</bind>
</comp>

<comp id="458" class="1001" name="const_458">
<pin_list>
<pin id="459" dir="1" index="0" bw="1" slack="0"/>
</pin_list>
<bind>
<StgValue><ssdm name="sa_store"/></StgValue>
</bind>
</comp>

<comp id="460" class="1001" name="const_460">
<pin_list>
<pin id="461" dir="1" index="0" bw="1" slack="2147483647"/>
</pin_list>
<bind>
<StgValue><ssdm name="_ssdm_op_SpecLoopName"/></StgValue>
</bind>
</comp>

<comp id="462" class="1001" name="const_462">
<pin_list>
<pin id="463" dir="1" index="0" bw="1" slack="2147483647"/>
</pin_list>
<bind>
<StgValue><ssdm name="VITIS_LOOP_267_1_VITIS_LOOP_268_2_str"/></StgValue>
</bind>
</comp>

<comp id="464" class="1001" name="const_464">
<pin_list>
<pin id="465" dir="1" index="0" bw="1" slack="2147483647"/>
</pin_list>
<bind>
<StgValue><ssdm name="_ssdm_op_SpecLoopTripCount"/></StgValue>
</bind>
</comp>

<comp id="466" class="1001" name="const_466">
<pin_list>
<pin id="467" dir="1" index="0" bw="1" slack="2147483647"/>
</pin_list>
<bind>
<StgValue><ssdm name=""/></StgValue>
</bind>
</comp>

<comp id="468" class="1001" name="const_468">
<pin_list>
<pin id="469" dir="1" index="0" bw="1" slack="2147483647"/>
</pin_list>
<bind>
<StgValue><ssdm name=""/></StgValue>
</bind>
</comp>

<comp id="470" class="1001" name="const_470">
<pin_list>
<pin id="471" dir="1" index="0" bw="1" slack="2147483647"/>
</pin_list>
<bind>
<StgValue><ssdm name=""/></StgValue>
</bind>
</comp>

<comp id="472" class="1001" name="const_472">
<pin_list>
<pin id="473" dir="1" index="0" bw="1" slack="0"/>
</pin_list>
<bind>
<StgValue><ssdm name="sa_reset"/></StgValue>
</bind>
</comp>

<comp id="474" class="1004" name="j_fu_474">
<pin_list>
<pin id="475" dir="0" index="0" bw="1" slack="0"/>
<pin id="476" dir="1" index="1" bw="13" slack="0"/>
</pin_list>
<bind>
<opcode="alloca(26) " fcode="alloca"/>
<opset="j/1 "/>
</bind>
</comp>

<comp id="478" class="1004" name="i_fu_478">
<pin_list>
<pin id="479" dir="0" index="0" bw="1" slack="0"/>
<pin id="480" dir="1" index="1" bw="13" slack="0"/>
</pin_list>
<bind>
<opcode="alloca(26) " fcode="alloca"/>
<opset="i/1 "/>
</bind>
</comp>

<comp id="482" class="1004" name="indvar_flatten_fu_482">
<pin_list>
<pin id="483" dir="0" index="0" bw="1" slack="0"/>
<pin id="484" dir="1" index="1" bw="26" slack="0"/>
</pin_list>
<bind>
<opcode="alloca(26) " fcode="alloca"/>
<opset="indvar_flatten/1 "/>
</bind>
</comp>

<comp id="486" class="1004" name="grp_read_fu_486">
<pin_list>
<pin id="487" dir="0" index="0" bw="16" slack="0"/>
<pin id="488" dir="0" index="1" bw="16" slack="0"/>
<pin id="489" dir="1" index="2" bw="16" slack="0"/>
</pin_list>
<bind>
<opcode="read(1150) " fcode="read"/>
<opset="m_read/1 "/>
</bind>
</comp>

<comp id="492" class="1004" name="addr_c0_read_read_fu_492">
<pin_list>
<pin id="493" dir="0" index="0" bw="32" slack="0"/>
<pin id="494" dir="0" index="1" bw="32" slack="0"/>
<pin id="495" dir="1" index="2" bw="32" slack="4"/>
</pin_list>
<bind>
<opcode="read(1150) " fcode="read"/>
<opset="addr_c0_read/1 "/>
</bind>
</comp>

<comp id="498" class="1004" name="grp_read_fu_498">
<pin_list>
<pin id="499" dir="0" index="0" bw="16" slack="0"/>
<pin id="500" dir="0" index="1" bw="16" slack="0"/>
<pin id="501" dir="1" index="2" bw="16" slack="0"/>
</pin_list>
<bind>
<opcode="read(1150) " fcode="read"/>
<opset="b0_q_read/1 "/>
</bind>
</comp>

<comp id="504" class="1004" name="addr_b0_read_read_fu_504">
<pin_list>
<pin id="505" dir="0" index="0" bw="32" slack="0"/>
<pin id="506" dir="0" index="1" bw="32" slack="0"/>
<pin id="507" dir="1" index="2" bw="32" slack="4"/>
</pin_list>
<bind>
<opcode="read(1150) " fcode="read"/>
<opset="addr_b0_read/1 "/>
</bind>
</comp>

<comp id="510" class="1004" name="grp_read_fu_510">
<pin_list>
<pin id="511" dir="0" index="0" bw="16" slack="0"/>
<pin id="512" dir="0" index="1" bw="16" slack="0"/>
<pin id="513" dir="1" index="2" bw="16" slack="0"/>
</pin_list>
<bind>
<opcode="read(1150) " fcode="read"/>
<opset="a0_p_read/1 "/>
</bind>
</comp>

<comp id="516" class="1004" name="addr_a0_read_read_fu_516">
<pin_list>
<pin id="517" dir="0" index="0" bw="32" slack="0"/>
<pin id="518" dir="0" index="1" bw="32" slack="0"/>
<pin id="519" dir="1" index="2" bw="32" slack="4"/>
</pin_list>
<bind>
<opcode="read(1150) " fcode="read"/>
<opset="addr_a0_read/1 "/>
</bind>
</comp>

<comp id="522" class="1004" name="grp_mxm_execute_ursa_Pipeline_VITIS_LOOP_284_3_fu_522">
<pin_list>
<pin id="523" dir="0" index="0" bw="0" slack="0"/>
<pin id="524" dir="0" index="1" bw="8" slack="0"/>
<pin id="525" dir="0" index="2" bw="8" slack="0"/>
<pin id="526" dir="0" index="3" bw="17" slack="3"/>
<pin id="527" dir="0" index="4" bw="16" slack="3"/>
<pin id="528" dir="0" index="5" bw="16" slack="3"/>
<pin id="529" dir="0" index="6" bw="16" slack="3"/>
<pin id="530" dir="0" index="7" bw="32" slack="0"/>
<pin id="531" dir="0" index="8" bw="32" slack="4"/>
<pin id="532" dir="0" index="9" bw="16" slack="0"/>
<pin id="533" dir="0" index="10" bw="32" slack="4"/>
<pin id="534" dir="0" index="11" bw="16" slack="0"/>
<pin id="535" dir="0" index="12" bw="8" slack="0"/>
<pin id="536" dir="0" index="13" bw="8" slack="0"/>
<pin id="537" dir="0" index="14" bw="8" slack="0"/>
<pin id="538" dir="0" index="15" bw="8" slack="0"/>
<pin id="539" dir="0" index="16" bw="8" slack="0"/>
<pin id="540" dir="0" index="17" bw="8" slack="0"/>
<pin id="541" dir="0" index="18" bw="8" slack="0"/>
<pin id="542" dir="0" index="19" bw="8" slack="0"/>
<pin id="543" dir="0" index="20" bw="8" slack="0"/>
<pin id="544" dir="0" index="21" bw="8" slack="0"/>
<pin id="545" dir="0" index="22" bw="8" slack="0"/>
<pin id="546" dir="0" index="23" bw="8" slack="0"/>
<pin id="547" dir="0" index="24" bw="8" slack="0"/>
<pin id="548" dir="0" index="25" bw="8" slack="0"/>
<pin id="549" dir="0" index="26" bw="8" slack="0"/>
<pin id="550" dir="0" index="27" bw="8" slack="0"/>
<pin id="551" dir="0" index="28" bw="8" slack="0"/>
<pin id="552" dir="0" index="29" bw="8" slack="0"/>
<pin id="553" dir="0" index="30" bw="8" slack="0"/>
<pin id="554" dir="0" index="31" bw="8" slack="0"/>
<pin id="555" dir="0" index="32" bw="8" slack="0"/>
<pin id="556" dir="0" index="33" bw="8" slack="0"/>
<pin id="557" dir="0" index="34" bw="8" slack="0"/>
<pin id="558" dir="0" index="35" bw="8" slack="0"/>
<pin id="559" dir="0" index="36" bw="8" slack="0"/>
<pin id="560" dir="0" index="37" bw="8" slack="0"/>
<pin id="561" dir="0" index="38" bw="8" slack="0"/>
<pin id="562" dir="0" index="39" bw="8" slack="0"/>
<pin id="563" dir="0" index="40" bw="8" slack="0"/>
<pin id="564" dir="0" index="41" bw="8" slack="0"/>
<pin id="565" dir="0" index="42" bw="8" slack="0"/>
<pin id="566" dir="0" index="43" bw="8" slack="0"/>
<pin id="567" dir="0" index="44" bw="8" slack="0"/>
<pin id="568" dir="0" index="45" bw="8" slack="0"/>
<pin id="569" dir="0" index="46" bw="8" slack="0"/>
<pin id="570" dir="0" index="47" bw="8" slack="0"/>
<pin id="571" dir="0" index="48" bw="8" slack="0"/>
<pin id="572" dir="0" index="49" bw="8" slack="0"/>
<pin id="573" dir="0" index="50" bw="8" slack="0"/>
<pin id="574" dir="0" index="51" bw="8" slack="0"/>
<pin id="575" dir="0" index="52" bw="8" slack="0"/>
<pin id="576" dir="0" index="53" bw="8" slack="0"/>
<pin id="577" dir="0" index="54" bw="8" slack="0"/>
<pin id="578" dir="0" index="55" bw="8" slack="0"/>
<pin id="579" dir="0" index="56" bw="8" slack="0"/>
<pin id="580" dir="0" index="57" bw="8" slack="0"/>
<pin id="581" dir="0" index="58" bw="8" slack="0"/>
<pin id="582" dir="0" index="59" bw="8" slack="0"/>
<pin id="583" dir="0" index="60" bw="8" slack="0"/>
<pin id="584" dir="0" index="61" bw="8" slack="0"/>
<pin id="585" dir="0" index="62" bw="8" slack="0"/>
<pin id="586" dir="0" index="63" bw="8" slack="0"/>
<pin id="587" dir="0" index="64" bw="8" slack="0"/>
<pin id="588" dir="0" index="65" bw="8" slack="0"/>
<pin id="589" dir="0" index="66" bw="8" slack="0"/>
<pin id="590" dir="0" index="67" bw="8" slack="0"/>
<pin id="591" dir="0" index="68" bw="8" slack="0"/>
<pin id="592" dir="0" index="69" bw="8" slack="0"/>
<pin id="593" dir="0" index="70" bw="8" slack="0"/>
<pin id="594" dir="0" index="71" bw="8" slack="0"/>
<pin id="595" dir="0" index="72" bw="8" slack="0"/>
<pin id="596" dir="0" index="73" bw="8" slack="0"/>
<pin id="597" dir="0" index="74" bw="8" slack="0"/>
<pin id="598" dir="0" index="75" bw="8" slack="0"/>
<pin id="599" dir="0" index="76" bw="8" slack="0"/>
<pin id="600" dir="0" index="77" bw="8" slack="0"/>
<pin id="601" dir="0" index="78" bw="8" slack="0"/>
<pin id="602" dir="0" index="79" bw="8" slack="0"/>
<pin id="603" dir="0" index="80" bw="8" slack="0"/>
<pin id="604" dir="0" index="81" bw="8" slack="0"/>
<pin id="605" dir="0" index="82" bw="8" slack="0"/>
<pin id="606" dir="0" index="83" bw="8" slack="0"/>
<pin id="607" dir="0" index="84" bw="8" slack="0"/>
<pin id="608" dir="0" index="85" bw="8" slack="0"/>
<pin id="609" dir="0" index="86" bw="8" slack="0"/>
<pin id="610" dir="0" index="87" bw="8" slack="0"/>
<pin id="611" dir="0" index="88" bw="8" slack="0"/>
<pin id="612" dir="0" index="89" bw="8" slack="0"/>
<pin id="613" dir="0" index="90" bw="8" slack="0"/>
<pin id="614" dir="0" index="91" bw="8" slack="0"/>
<pin id="615" dir="0" index="92" bw="8" slack="0"/>
<pin id="616" dir="0" index="93" bw="8" slack="0"/>
<pin id="617" dir="0" index="94" bw="8" slack="0"/>
<pin id="618" dir="0" index="95" bw="8" slack="0"/>
<pin id="619" dir="0" index="96" bw="8" slack="0"/>
<pin id="620" dir="0" index="97" bw="8" slack="0"/>
<pin id="621" dir="0" index="98" bw="8" slack="0"/>
<pin id="622" dir="0" index="99" bw="8" slack="0"/>
<pin id="623" dir="0" index="100" bw="8" slack="0"/>
<pin id="624" dir="0" index="101" bw="8" slack="0"/>
<pin id="625" dir="0" index="102" bw="8" slack="0"/>
<pin id="626" dir="0" index="103" bw="8" slack="0"/>
<pin id="627" dir="0" index="104" bw="8" slack="0"/>
<pin id="628" dir="0" index="105" bw="8" slack="0"/>
<pin id="629" dir="0" index="106" bw="8" slack="0"/>
<pin id="630" dir="0" index="107" bw="8" slack="0"/>
<pin id="631" dir="0" index="108" bw="8" slack="0"/>
<pin id="632" dir="0" index="109" bw="8" slack="0"/>
<pin id="633" dir="0" index="110" bw="8" slack="0"/>
<pin id="634" dir="0" index="111" bw="8" slack="0"/>
<pin id="635" dir="0" index="112" bw="8" slack="0"/>
<pin id="636" dir="0" index="113" bw="8" slack="0"/>
<pin id="637" dir="0" index="114" bw="8" slack="0"/>
<pin id="638" dir="0" index="115" bw="8" slack="0"/>
<pin id="639" dir="0" index="116" bw="8" slack="0"/>
<pin id="640" dir="0" index="117" bw="8" slack="0"/>
<pin id="641" dir="0" index="118" bw="8" slack="0"/>
<pin id="642" dir="0" index="119" bw="8" slack="0"/>
<pin id="643" dir="0" index="120" bw="8" slack="0"/>
<pin id="644" dir="0" index="121" bw="8" slack="0"/>
<pin id="645" dir="0" index="122" bw="8" slack="0"/>
<pin id="646" dir="0" index="123" bw="8" slack="0"/>
<pin id="647" dir="0" index="124" bw="20" slack="0"/>
<pin id="648" dir="0" index="125" bw="20" slack="0"/>
<pin id="649" dir="0" index="126" bw="20" slack="0"/>
<pin id="650" dir="0" index="127" bw="20" slack="0"/>
<pin id="651" dir="0" index="128" bw="20" slack="0"/>
<pin id="652" dir="0" index="129" bw="20" slack="0"/>
<pin id="653" dir="0" index="130" bw="20" slack="0"/>
<pin id="654" dir="0" index="131" bw="20" slack="0"/>
<pin id="655" dir="0" index="132" bw="20" slack="0"/>
<pin id="656" dir="0" index="133" bw="20" slack="0"/>
<pin id="657" dir="0" index="134" bw="20" slack="0"/>
<pin id="658" dir="0" index="135" bw="20" slack="0"/>
<pin id="659" dir="0" index="136" bw="20" slack="0"/>
<pin id="660" dir="0" index="137" bw="20" slack="0"/>
<pin id="661" dir="0" index="138" bw="20" slack="0"/>
<pin id="662" dir="0" index="139" bw="20" slack="0"/>
<pin id="663" dir="0" index="140" bw="20" slack="0"/>
<pin id="664" dir="0" index="141" bw="20" slack="0"/>
<pin id="665" dir="0" index="142" bw="20" slack="0"/>
<pin id="666" dir="0" index="143" bw="20" slack="0"/>
<pin id="667" dir="0" index="144" bw="20" slack="0"/>
<pin id="668" dir="0" index="145" bw="20" slack="0"/>
<pin id="669" dir="0" index="146" bw="20" slack="0"/>
<pin id="670" dir="0" index="147" bw="20" slack="0"/>
<pin id="671" dir="0" index="148" bw="20" slack="0"/>
<pin id="672" dir="0" index="149" bw="20" slack="0"/>
<pin id="673" dir="0" index="150" bw="20" slack="0"/>
<pin id="674" dir="0" index="151" bw="20" slack="0"/>
<pin id="675" dir="0" index="152" bw="20" slack="0"/>
<pin id="676" dir="0" index="153" bw="20" slack="0"/>
<pin id="677" dir="0" index="154" bw="20" slack="0"/>
<pin id="678" dir="0" index="155" bw="20" slack="0"/>
<pin id="679" dir="0" index="156" bw="20" slack="0"/>
<pin id="680" dir="0" index="157" bw="20" slack="0"/>
<pin id="681" dir="0" index="158" bw="20" slack="0"/>
<pin id="682" dir="0" index="159" bw="20" slack="0"/>
<pin id="683" dir="0" index="160" bw="20" slack="0"/>
<pin id="684" dir="0" index="161" bw="20" slack="0"/>
<pin id="685" dir="0" index="162" bw="20" slack="0"/>
<pin id="686" dir="0" index="163" bw="20" slack="0"/>
<pin id="687" dir="0" index="164" bw="20" slack="0"/>
<pin id="688" dir="0" index="165" bw="20" slack="0"/>
<pin id="689" dir="0" index="166" bw="20" slack="0"/>
<pin id="690" dir="0" index="167" bw="20" slack="0"/>
<pin id="691" dir="0" index="168" bw="20" slack="0"/>
<pin id="692" dir="0" index="169" bw="20" slack="0"/>
<pin id="693" dir="0" index="170" bw="20" slack="0"/>
<pin id="694" dir="0" index="171" bw="20" slack="0"/>
<pin id="695" dir="0" index="172" bw="20" slack="0"/>
<pin id="696" dir="0" index="173" bw="20" slack="0"/>
<pin id="697" dir="0" index="174" bw="20" slack="0"/>
<pin id="698" dir="0" index="175" bw="20" slack="0"/>
<pin id="699" dir="0" index="176" bw="20" slack="0"/>
<pin id="700" dir="0" index="177" bw="20" slack="0"/>
<pin id="701" dir="0" index="178" bw="20" slack="0"/>
<pin id="702" dir="0" index="179" bw="20" slack="0"/>
<pin id="703" dir="0" index="180" bw="20" slack="0"/>
<pin id="704" dir="0" index="181" bw="20" slack="0"/>
<pin id="705" dir="0" index="182" bw="20" slack="0"/>
<pin id="706" dir="0" index="183" bw="20" slack="0"/>
<pin id="707" dir="0" index="184" bw="20" slack="0"/>
<pin id="708" dir="0" index="185" bw="20" slack="0"/>
<pin id="709" dir="0" index="186" bw="20" slack="0"/>
<pin id="710" dir="0" index="187" bw="20" slack="0"/>
<pin id="711" dir="1" index="188" bw="0" slack="2147483647"/>
</pin_list>
<bind>
<opcode="call(48) " fcode="call"/>
<opset="call_ln140/5 "/>
</bind>
</comp>

<comp id="891" class="1004" name="grp_sa_store_fu_891">
<pin_list>
<pin id="892" dir="0" index="0" bw="0" slack="0"/>
<pin id="893" dir="0" index="1" bw="32" slack="0"/>
<pin id="894" dir="0" index="2" bw="32" slack="60"/>
<pin id="895" dir="0" index="3" bw="16" slack="63"/>
<pin id="896" dir="0" index="4" bw="20" slack="0"/>
<pin id="897" dir="0" index="5" bw="20" slack="0"/>
<pin id="898" dir="0" index="6" bw="20" slack="0"/>
<pin id="899" dir="0" index="7" bw="20" slack="0"/>
<pin id="900" dir="0" index="8" bw="20" slack="0"/>
<pin id="901" dir="0" index="9" bw="20" slack="0"/>
<pin id="902" dir="0" index="10" bw="20" slack="0"/>
<pin id="903" dir="0" index="11" bw="20" slack="0"/>
<pin id="904" dir="0" index="12" bw="20" slack="0"/>
<pin id="905" dir="0" index="13" bw="20" slack="0"/>
<pin id="906" dir="0" index="14" bw="20" slack="0"/>
<pin id="907" dir="0" index="15" bw="20" slack="0"/>
<pin id="908" dir="0" index="16" bw="20" slack="0"/>
<pin id="909" dir="0" index="17" bw="20" slack="0"/>
<pin id="910" dir="0" index="18" bw="20" slack="0"/>
<pin id="911" dir="0" index="19" bw="20" slack="0"/>
<pin id="912" dir="0" index="20" bw="20" slack="0"/>
<pin id="913" dir="0" index="21" bw="20" slack="0"/>
<pin id="914" dir="0" index="22" bw="20" slack="0"/>
<pin id="915" dir="0" index="23" bw="20" slack="0"/>
<pin id="916" dir="0" index="24" bw="20" slack="0"/>
<pin id="917" dir="0" index="25" bw="20" slack="0"/>
<pin id="918" dir="0" index="26" bw="20" slack="0"/>
<pin id="919" dir="0" index="27" bw="20" slack="0"/>
<pin id="920" dir="0" index="28" bw="20" slack="0"/>
<pin id="921" dir="0" index="29" bw="20" slack="0"/>
<pin id="922" dir="0" index="30" bw="20" slack="0"/>
<pin id="923" dir="0" index="31" bw="20" slack="0"/>
<pin id="924" dir="0" index="32" bw="20" slack="0"/>
<pin id="925" dir="0" index="33" bw="20" slack="0"/>
<pin id="926" dir="0" index="34" bw="20" slack="0"/>
<pin id="927" dir="0" index="35" bw="20" slack="0"/>
<pin id="928" dir="0" index="36" bw="20" slack="0"/>
<pin id="929" dir="0" index="37" bw="20" slack="0"/>
<pin id="930" dir="0" index="38" bw="20" slack="0"/>
<pin id="931" dir="0" index="39" bw="20" slack="0"/>
<pin id="932" dir="0" index="40" bw="20" slack="0"/>
<pin id="933" dir="0" index="41" bw="20" slack="0"/>
<pin id="934" dir="0" index="42" bw="20" slack="0"/>
<pin id="935" dir="0" index="43" bw="20" slack="0"/>
<pin id="936" dir="0" index="44" bw="20" slack="0"/>
<pin id="937" dir="0" index="45" bw="20" slack="0"/>
<pin id="938" dir="0" index="46" bw="20" slack="0"/>
<pin id="939" dir="0" index="47" bw="20" slack="0"/>
<pin id="940" dir="0" index="48" bw="20" slack="0"/>
<pin id="941" dir="0" index="49" bw="20" slack="0"/>
<pin id="942" dir="0" index="50" bw="20" slack="0"/>
<pin id="943" dir="0" index="51" bw="20" slack="0"/>
<pin id="944" dir="0" index="52" bw="20" slack="0"/>
<pin id="945" dir="0" index="53" bw="20" slack="0"/>
<pin id="946" dir="0" index="54" bw="20" slack="0"/>
<pin id="947" dir="0" index="55" bw="20" slack="0"/>
<pin id="948" dir="0" index="56" bw="20" slack="0"/>
<pin id="949" dir="0" index="57" bw="20" slack="0"/>
<pin id="950" dir="0" index="58" bw="20" slack="0"/>
<pin id="951" dir="0" index="59" bw="20" slack="0"/>
<pin id="952" dir="0" index="60" bw="20" slack="0"/>
<pin id="953" dir="0" index="61" bw="20" slack="0"/>
<pin id="954" dir="0" index="62" bw="20" slack="0"/>
<pin id="955" dir="0" index="63" bw="20" slack="0"/>
<pin id="956" dir="0" index="64" bw="20" slack="0"/>
<pin id="957" dir="0" index="65" bw="20" slack="0"/>
<pin id="958" dir="0" index="66" bw="20" slack="0"/>
<pin id="959" dir="0" index="67" bw="20" slack="0"/>
<pin id="960" dir="1" index="68" bw="0" slack="2147483647"/>
</pin_list>
<bind>
<opcode="call(48) " fcode="call"/>
<opset="call_ln301/65 "/>
</bind>
</comp>

<comp id="1027" class="1004" name="call_ln302_sa_reset_fu_1027">
<pin_list>
<pin id="1028" dir="0" index="0" bw="0" slack="0"/>
<pin id="1029" dir="0" index="1" bw="20" slack="0"/>
<pin id="1030" dir="0" index="2" bw="20" slack="0"/>
<pin id="1031" dir="0" index="3" bw="20" slack="0"/>
<pin id="1032" dir="0" index="4" bw="20" slack="0"/>
<pin id="1033" dir="0" index="5" bw="20" slack="0"/>
<pin id="1034" dir="0" index="6" bw="20" slack="0"/>
<pin id="1035" dir="0" index="7" bw="20" slack="0"/>
<pin id="1036" dir="0" index="8" bw="20" slack="0"/>
<pin id="1037" dir="0" index="9" bw="20" slack="0"/>
<pin id="1038" dir="0" index="10" bw="20" slack="0"/>
<pin id="1039" dir="0" index="11" bw="20" slack="0"/>
<pin id="1040" dir="0" index="12" bw="20" slack="0"/>
<pin id="1041" dir="0" index="13" bw="20" slack="0"/>
<pin id="1042" dir="0" index="14" bw="20" slack="0"/>
<pin id="1043" dir="0" index="15" bw="20" slack="0"/>
<pin id="1044" dir="0" index="16" bw="20" slack="0"/>
<pin id="1045" dir="0" index="17" bw="20" slack="0"/>
<pin id="1046" dir="0" index="18" bw="20" slack="0"/>
<pin id="1047" dir="0" index="19" bw="20" slack="0"/>
<pin id="1048" dir="0" index="20" bw="20" slack="0"/>
<pin id="1049" dir="0" index="21" bw="20" slack="0"/>
<pin id="1050" dir="0" index="22" bw="20" slack="0"/>
<pin id="1051" dir="0" index="23" bw="20" slack="0"/>
<pin id="1052" dir="0" index="24" bw="20" slack="0"/>
<pin id="1053" dir="0" index="25" bw="20" slack="0"/>
<pin id="1054" dir="0" index="26" bw="20" slack="0"/>
<pin id="1055" dir="0" index="27" bw="20" slack="0"/>
<pin id="1056" dir="0" index="28" bw="20" slack="0"/>
<pin id="1057" dir="0" index="29" bw="20" slack="0"/>
<pin id="1058" dir="0" index="30" bw="20" slack="0"/>
<pin id="1059" dir="0" index="31" bw="20" slack="0"/>
<pin id="1060" dir="0" index="32" bw="20" slack="0"/>
<pin id="1061" dir="0" index="33" bw="20" slack="0"/>
<pin id="1062" dir="0" index="34" bw="20" slack="0"/>
<pin id="1063" dir="0" index="35" bw="20" slack="0"/>
<pin id="1064" dir="0" index="36" bw="20" slack="0"/>
<pin id="1065" dir="0" index="37" bw="20" slack="0"/>
<pin id="1066" dir="0" index="38" bw="20" slack="0"/>
<pin id="1067" dir="0" index="39" bw="20" slack="0"/>
<pin id="1068" dir="0" index="40" bw="20" slack="0"/>
<pin id="1069" dir="0" index="41" bw="20" slack="0"/>
<pin id="1070" dir="0" index="42" bw="20" slack="0"/>
<pin id="1071" dir="0" index="43" bw="20" slack="0"/>
<pin id="1072" dir="0" index="44" bw="20" slack="0"/>
<pin id="1073" dir="0" index="45" bw="20" slack="0"/>
<pin id="1074" dir="0" index="46" bw="20" slack="0"/>
<pin id="1075" dir="0" index="47" bw="20" slack="0"/>
<pin id="1076" dir="0" index="48" bw="20" slack="0"/>
<pin id="1077" dir="0" index="49" bw="20" slack="0"/>
<pin id="1078" dir="0" index="50" bw="20" slack="0"/>
<pin id="1079" dir="0" index="51" bw="20" slack="0"/>
<pin id="1080" dir="0" index="52" bw="20" slack="0"/>
<pin id="1081" dir="0" index="53" bw="20" slack="0"/>
<pin id="1082" dir="0" index="54" bw="20" slack="0"/>
<pin id="1083" dir="0" index="55" bw="20" slack="0"/>
<pin id="1084" dir="0" index="56" bw="20" slack="0"/>
<pin id="1085" dir="0" index="57" bw="20" slack="0"/>
<pin id="1086" dir="0" index="58" bw="20" slack="0"/>
<pin id="1087" dir="0" index="59" bw="20" slack="0"/>
<pin id="1088" dir="0" index="60" bw="20" slack="0"/>
<pin id="1089" dir="0" index="61" bw="20" slack="0"/>
<pin id="1090" dir="0" index="62" bw="20" slack="0"/>
<pin id="1091" dir="0" index="63" bw="20" slack="0"/>
<pin id="1092" dir="0" index="64" bw="20" slack="0"/>
<pin id="1093" dir="1" index="65" bw="0" slack="2147483647"/>
</pin_list>
<bind>
<opcode="call(48) " fcode="call"/>
<opset="call_ln302/135 "/>
</bind>
</comp>

<comp id="1159" class="1004" name="store_ln0_store_fu_1159">
<pin_list>
<pin id="1160" dir="0" index="0" bw="1" slack="0"/>
<pin id="1161" dir="0" index="1" bw="26" slack="0"/>
<pin id="1162" dir="1" index="2" bw="0" slack="2147483647"/>
</pin_list>
<bind>
<opcode="store(28) " fcode="store"/>
<opset="store_ln0/1 "/>
</bind>
</comp>

<comp id="1164" class="1004" name="store_ln267_store_fu_1164">
<pin_list>
<pin id="1165" dir="0" index="0" bw="1" slack="0"/>
<pin id="1166" dir="0" index="1" bw="13" slack="0"/>
<pin id="1167" dir="1" index="2" bw="0" slack="2147483647"/>
</pin_list>
<bind>
<opcode="store(28) " fcode="store"/>
<opset="store_ln267/1 "/>
</bind>
</comp>

<comp id="1169" class="1004" name="store_ln268_store_fu_1169">
<pin_list>
<pin id="1170" dir="0" index="0" bw="1" slack="0"/>
<pin id="1171" dir="0" index="1" bw="13" slack="0"/>
<pin id="1172" dir="1" index="2" bw="0" slack="2147483647"/>
</pin_list>
<bind>
<opcode="store(28) " fcode="store"/>
<opset="store_ln268/1 "/>
</bind>
</comp>

<comp id="1174" class="1004" name="m_cast_fu_1174">
<pin_list>
<pin id="1175" dir="0" index="0" bw="16" slack="0"/>
<pin id="1176" dir="1" index="1" bw="17" slack="0"/>
</pin_list>
<bind>
<opcode="zext(34) " fcode="zext"/>
<opset="m_cast/2 "/>
</bind>
</comp>

<comp id="1178" class="1004" name="sub24_fu_1178">
<pin_list>
<pin id="1179" dir="0" index="0" bw="16" slack="0"/>
<pin id="1180" dir="0" index="1" bw="5" slack="0"/>
<pin id="1181" dir="1" index="2" bw="17" slack="3"/>
</pin_list>
<bind>
<opcode="add(8) " fcode="add"/>
<opset="sub24/2 "/>
</bind>
</comp>

<comp id="1184" class="1004" name="call_b_cast_fu_1184">
<pin_list>
<pin id="1185" dir="0" index="0" bw="13" slack="0"/>
<pin id="1186" dir="0" index="1" bw="16" slack="0"/>
<pin id="1187" dir="0" index="2" bw="3" slack="0"/>
<pin id="1188" dir="0" index="3" bw="5" slack="0"/>
<pin id="1189" dir="1" index="4" bw="13" slack="0"/>
</pin_list>
<bind>
<opcode="partselect(1002) " fcode="partselect"/>
<opset="call_b_cast/2 "/>
</bind>
</comp>

<comp id="1194" class="1004" name="trunc_ln_fu_1194">
<pin_list>
<pin id="1195" dir="0" index="0" bw="13" slack="0"/>
<pin id="1196" dir="0" index="1" bw="16" slack="0"/>
<pin id="1197" dir="0" index="2" bw="3" slack="0"/>
<pin id="1198" dir="0" index="3" bw="5" slack="0"/>
<pin id="1199" dir="1" index="4" bw="13" slack="0"/>
</pin_list>
<bind>
<opcode="partselect(1002) " fcode="partselect"/>
<opset="trunc_ln/2 "/>
</bind>
</comp>

<comp id="1204" class="1004" name="zext_ln300_1_fu_1204">
<pin_list>
<pin id="1205" dir="0" index="0" bw="16" slack="0"/>
<pin id="1206" dir="1" index="1" bw="29" slack="2"/>
</pin_list>
<bind>
<opcode="zext(34) " fcode="zext"/>
<opset="zext_ln300_1/2 "/>
</bind>
</comp>

<comp id="1208" class="1004" name="zext_ln300_fu_1208">
<pin_list>
<pin id="1209" dir="0" index="0" bw="16" slack="0"/>
<pin id="1210" dir="1" index="1" bw="27" slack="2"/>
</pin_list>
<bind>
<opcode="zext(34) " fcode="zext"/>
<opset="zext_ln300/2 "/>
</bind>
</comp>

<comp id="1212" class="1004" name="cast_fu_1212">
<pin_list>
<pin id="1213" dir="0" index="0" bw="13" slack="0"/>
<pin id="1214" dir="1" index="1" bw="26" slack="0"/>
</pin_list>
<bind>
<opcode="zext(34) " fcode="zext"/>
<opset="cast/2 "/>
</bind>
</comp>

<comp id="1216" class="1004" name="cast1_fu_1216">
<pin_list>
<pin id="1217" dir="0" index="0" bw="13" slack="0"/>
<pin id="1218" dir="1" index="1" bw="26" slack="0"/>
</pin_list>
<bind>
<opcode="zext(34) " fcode="zext"/>
<opset="cast1/2 "/>
</bind>
</comp>

<comp id="1220" class="1004" name="bound_fu_1220">
<pin_list>
<pin id="1221" dir="0" index="0" bw="13" slack="0"/>
<pin id="1222" dir="0" index="1" bw="13" slack="0"/>
<pin id="1223" dir="1" index="2" bw="26" slack="1"/>
</pin_list>
<bind>
<opcode="mul(12) " fcode="mul"/>
<opset="bound/2 "/>
</bind>
</comp>

<comp id="1226" class="1004" name="indvar_flatten_load_load_fu_1226">
<pin_list>
<pin id="1227" dir="0" index="0" bw="26" slack="2"/>
<pin id="1228" dir="1" index="1" bw="26" slack="0"/>
</pin_list>
<bind>
<opcode="load(27) " fcode="load"/>
<opset="indvar_flatten_load/3 "/>
</bind>
</comp>

<comp id="1229" class="1004" name="icmp_ln267_fu_1229">
<pin_list>
<pin id="1230" dir="0" index="0" bw="26" slack="0"/>
<pin id="1231" dir="0" index="1" bw="26" slack="1"/>
<pin id="1232" dir="1" index="2" bw="1" slack="2147483647"/>
</pin_list>
<bind>
<opcode="icmp(45) " fcode="icmp"/>
<opset="icmp_ln267/3 "/>
</bind>
</comp>

<comp id="1234" class="1004" name="add_ln267_fu_1234">
<pin_list>
<pin id="1235" dir="0" index="0" bw="26" slack="0"/>
<pin id="1236" dir="0" index="1" bw="1" slack="0"/>
<pin id="1237" dir="1" index="2" bw="26" slack="0"/>
</pin_list>
<bind>
<opcode="add(8) " fcode="add"/>
<opset="add_ln267/3 "/>
</bind>
</comp>

<comp id="1240" class="1004" name="j_load_load_fu_1240">
<pin_list>
<pin id="1241" dir="0" index="0" bw="13" slack="2"/>
<pin id="1242" dir="1" index="1" bw="13" slack="0"/>
</pin_list>
<bind>
<opcode="load(27) " fcode="load"/>
<opset="j_load/3 "/>
</bind>
</comp>

<comp id="1243" class="1004" name="i_load_load_fu_1243">
<pin_list>
<pin id="1244" dir="0" index="0" bw="13" slack="2"/>
<pin id="1245" dir="1" index="1" bw="13" slack="0"/>
</pin_list>
<bind>
<opcode="load(27) " fcode="load"/>
<opset="i_load/3 "/>
</bind>
</comp>

<comp id="1246" class="1004" name="icmp_ln268_fu_1246">
<pin_list>
<pin id="1247" dir="0" index="0" bw="13" slack="0"/>
<pin id="1248" dir="0" index="1" bw="13" slack="1"/>
<pin id="1249" dir="1" index="2" bw="1" slack="0"/>
</pin_list>
<bind>
<opcode="icmp(45) " fcode="icmp"/>
<opset="icmp_ln268/3 "/>
</bind>
</comp>

<comp id="1251" class="1004" name="select_ln267_fu_1251">
<pin_list>
<pin id="1252" dir="0" index="0" bw="1" slack="0"/>
<pin id="1253" dir="0" index="1" bw="13" slack="0"/>
<pin id="1254" dir="0" index="2" bw="13" slack="0"/>
<pin id="1255" dir="1" index="3" bw="13" slack="0"/>
</pin_list>
<bind>
<opcode="select(49) " fcode="select"/>
<opset="select_ln267/3 "/>
</bind>
</comp>

<comp id="1259" class="1004" name="add_ln267_1_fu_1259">
<pin_list>
<pin id="1260" dir="0" index="0" bw="13" slack="0"/>
<pin id="1261" dir="0" index="1" bw="1" slack="0"/>
<pin id="1262" dir="1" index="2" bw="13" slack="0"/>
</pin_list>
<bind>
<opcode="add(8) " fcode="add"/>
<opset="add_ln267_1/3 "/>
</bind>
</comp>

<comp id="1265" class="1004" name="select_ln267_1_fu_1265">
<pin_list>
<pin id="1266" dir="0" index="0" bw="1" slack="0"/>
<pin id="1267" dir="0" index="1" bw="13" slack="0"/>
<pin id="1268" dir="0" index="2" bw="13" slack="0"/>
<pin id="1269" dir="1" index="3" bw="13" slack="0"/>
</pin_list>
<bind>
<opcode="select(49) " fcode="select"/>
<opset="select_ln267_1/3 "/>
</bind>
</comp>

<comp id="1273" class="1004" name="add_ln268_fu_1273">
<pin_list>
<pin id="1274" dir="0" index="0" bw="13" slack="0"/>
<pin id="1275" dir="0" index="1" bw="1" slack="0"/>
<pin id="1276" dir="1" index="2" bw="13" slack="0"/>
</pin_list>
<bind>
<opcode="add(8) " fcode="add"/>
<opset="add_ln268/3 "/>
</bind>
</comp>

<comp id="1279" class="1004" name="store_ln267_store_fu_1279">
<pin_list>
<pin id="1280" dir="0" index="0" bw="26" slack="0"/>
<pin id="1281" dir="0" index="1" bw="26" slack="2"/>
<pin id="1282" dir="1" index="2" bw="0" slack="2147483647"/>
</pin_list>
<bind>
<opcode="store(28) " fcode="store"/>
<opset="store_ln267/3 "/>
</bind>
</comp>

<comp id="1284" class="1004" name="store_ln267_store_fu_1284">
<pin_list>
<pin id="1285" dir="0" index="0" bw="13" slack="0"/>
<pin id="1286" dir="0" index="1" bw="13" slack="2"/>
<pin id="1287" dir="1" index="2" bw="0" slack="2147483647"/>
</pin_list>
<bind>
<opcode="store(28) " fcode="store"/>
<opset="store_ln267/3 "/>
</bind>
</comp>

<comp id="1289" class="1004" name="store_ln268_store_fu_1289">
<pin_list>
<pin id="1290" dir="0" index="0" bw="13" slack="0"/>
<pin id="1291" dir="0" index="1" bw="13" slack="2"/>
<pin id="1292" dir="1" index="2" bw="0" slack="2147483647"/>
</pin_list>
<bind>
<opcode="store(28) " fcode="store"/>
<opset="store_ln268/3 "/>
</bind>
</comp>

<comp id="1294" class="1004" name="zext_ln267_fu_1294">
<pin_list>
<pin id="1295" dir="0" index="0" bw="13" slack="1"/>
<pin id="1296" dir="1" index="1" bw="29" slack="0"/>
</pin_list>
<bind>
<opcode="zext(34) " fcode="zext"/>
<opset="zext_ln267/4 "/>
</bind>
</comp>

<comp id="1297" class="1004" name="mul_ln267_fu_1297">
<pin_list>
<pin id="1298" dir="0" index="0" bw="13" slack="0"/>
<pin id="1299" dir="0" index="1" bw="16" slack="2"/>
<pin id="1300" dir="1" index="2" bw="29" slack="1"/>
</pin_list>
<bind>
<opcode="mul(12) " fcode="mul"/>
<opset="mul_ln267/4 "/>
</bind>
</comp>

<comp id="1302" class="1004" name="zext_ln267_1_fu_1302">
<pin_list>
<pin id="1303" dir="0" index="0" bw="13" slack="1"/>
<pin id="1304" dir="1" index="1" bw="27" slack="0"/>
</pin_list>
<bind>
<opcode="zext(34) " fcode="zext"/>
<opset="zext_ln267_1/4 "/>
</bind>
</comp>

<comp id="1305" class="1004" name="mul_ln267_1_fu_1305">
<pin_list>
<pin id="1306" dir="0" index="0" bw="13" slack="0"/>
<pin id="1307" dir="0" index="1" bw="16" slack="2"/>
<pin id="1308" dir="1" index="2" bw="27" slack="1"/>
</pin_list>
<bind>
<opcode="mul(12) " fcode="mul"/>
<opset="mul_ln267_1/4 "/>
</bind>
</comp>

<comp id="1310" class="1004" name="shl_ln21_1_mid2_fu_1310">
<pin_list>
<pin id="1311" dir="0" index="0" bw="32" slack="0"/>
<pin id="1312" dir="0" index="1" bw="29" slack="1"/>
<pin id="1313" dir="0" index="2" bw="1" slack="0"/>
<pin id="1314" dir="1" index="3" bw="32" slack="0"/>
</pin_list>
<bind>
<opcode="bitconcatenate(1004) " fcode="bitconcatenate"/>
<opset="shl_ln21_1_mid2/5 "/>
</bind>
</comp>

<comp id="1318" class="1004" name="shl_ln300_mid2_fu_1318">
<pin_list>
<pin id="1319" dir="0" index="0" bw="30" slack="0"/>
<pin id="1320" dir="0" index="1" bw="27" slack="1"/>
<pin id="1321" dir="0" index="2" bw="1" slack="0"/>
<pin id="1322" dir="1" index="3" bw="30" slack="0"/>
</pin_list>
<bind>
<opcode="bitconcatenate(1004) " fcode="bitconcatenate"/>
<opset="shl_ln300_mid2/5 "/>
</bind>
</comp>

<comp id="1325" class="1004" name="shl_ln_fu_1325">
<pin_list>
<pin id="1326" dir="0" index="0" bw="16" slack="0"/>
<pin id="1327" dir="0" index="1" bw="13" slack="2"/>
<pin id="1328" dir="0" index="2" bw="1" slack="0"/>
<pin id="1329" dir="1" index="3" bw="16" slack="0"/>
</pin_list>
<bind>
<opcode="bitconcatenate(1004) " fcode="bitconcatenate"/>
<opset="shl_ln/5 "/>
</bind>
</comp>

<comp id="1334" class="1004" name="zext_ln300_2_fu_1334">
<pin_list>
<pin id="1335" dir="0" index="0" bw="16" slack="0"/>
<pin id="1336" dir="1" index="1" bw="30" slack="0"/>
</pin_list>
<bind>
<opcode="zext(34) " fcode="zext"/>
<opset="zext_ln300_2/5 "/>
</bind>
</comp>

<comp id="1338" class="1004" name="add_ln300_fu_1338">
<pin_list>
<pin id="1339" dir="0" index="0" bw="16" slack="0"/>
<pin id="1340" dir="0" index="1" bw="30" slack="0"/>
<pin id="1341" dir="1" index="2" bw="30" slack="0"/>
</pin_list>
<bind>
<opcode="add(8) " fcode="add"/>
<opset="add_ln300/5 "/>
</bind>
</comp>

<comp id="1344" class="1004" name="shl_ln300_1_fu_1344">
<pin_list>
<pin id="1345" dir="0" index="0" bw="32" slack="0"/>
<pin id="1346" dir="0" index="1" bw="30" slack="0"/>
<pin id="1347" dir="0" index="2" bw="1" slack="0"/>
<pin id="1348" dir="1" index="3" bw="32" slack="0"/>
</pin_list>
<bind>
<opcode="bitconcatenate(1004) " fcode="bitconcatenate"/>
<opset="shl_ln300_1/5 "/>
</bind>
</comp>

<comp id="1352" class="1004" name="addr_sa_c_fu_1352">
<pin_list>
<pin id="1353" dir="0" index="0" bw="32" slack="0"/>
<pin id="1354" dir="0" index="1" bw="32" slack="4"/>
<pin id="1355" dir="1" index="2" bw="32" slack="60"/>
</pin_list>
<bind>
<opcode="add(8) " fcode="add"/>
<opset="addr_sa_c/5 "/>
</bind>
</comp>

<comp id="1357" class="1005" name="j_reg_1357">
<pin_list>
<pin id="1358" dir="0" index="0" bw="13" slack="0"/>
<pin id="1359" dir="1" index="1" bw="13" slack="0"/>
</pin_list>
<bind>
<opset="j "/>
</bind>
</comp>

<comp id="1364" class="1005" name="i_reg_1364">
<pin_list>
<pin id="1365" dir="0" index="0" bw="13" slack="0"/>
<pin id="1366" dir="1" index="1" bw="13" slack="0"/>
</pin_list>
<bind>
<opset="i "/>
</bind>
</comp>

<comp id="1371" class="1005" name="indvar_flatten_reg_1371">
<pin_list>
<pin id="1372" dir="0" index="0" bw="26" slack="0"/>
<pin id="1373" dir="1" index="1" bw="26" slack="0"/>
</pin_list>
<bind>
<opset="indvar_flatten "/>
</bind>
</comp>

<comp id="1378" class="1005" name="addr_c0_read_reg_1378">
<pin_list>
<pin id="1379" dir="0" index="0" bw="32" slack="4"/>
<pin id="1380" dir="1" index="1" bw="32" slack="4"/>
</pin_list>
<bind>
<opset="addr_c0_read "/>
</bind>
</comp>

<comp id="1383" class="1005" name="addr_b0_read_reg_1383">
<pin_list>
<pin id="1384" dir="0" index="0" bw="32" slack="4"/>
<pin id="1385" dir="1" index="1" bw="32" slack="4"/>
</pin_list>
<bind>
<opset="addr_b0_read "/>
</bind>
</comp>

<comp id="1388" class="1005" name="addr_a0_read_reg_1388">
<pin_list>
<pin id="1389" dir="0" index="0" bw="32" slack="4"/>
<pin id="1390" dir="1" index="1" bw="32" slack="4"/>
</pin_list>
<bind>
<opset="addr_a0_read "/>
</bind>
</comp>

<comp id="1393" class="1005" name="m_read_reg_1393">
<pin_list>
<pin id="1394" dir="0" index="0" bw="16" slack="3"/>
<pin id="1395" dir="1" index="1" bw="16" slack="3"/>
</pin_list>
<bind>
<opset="m_read "/>
</bind>
</comp>

<comp id="1399" class="1005" name="b0_q_read_reg_1399">
<pin_list>
<pin id="1400" dir="0" index="0" bw="16" slack="3"/>
<pin id="1401" dir="1" index="1" bw="16" slack="3"/>
</pin_list>
<bind>
<opset="b0_q_read "/>
</bind>
</comp>

<comp id="1405" class="1005" name="sub24_reg_1405">
<pin_list>
<pin id="1406" dir="0" index="0" bw="17" slack="3"/>
<pin id="1407" dir="1" index="1" bw="17" slack="3"/>
</pin_list>
<bind>
<opset="sub24 "/>
</bind>
</comp>

<comp id="1410" class="1005" name="call_b_cast_reg_1410">
<pin_list>
<pin id="1411" dir="0" index="0" bw="13" slack="1"/>
<pin id="1412" dir="1" index="1" bw="13" slack="1"/>
</pin_list>
<bind>
<opset="call_b_cast "/>
</bind>
</comp>

<comp id="1415" class="1005" name="zext_ln300_1_reg_1415">
<pin_list>
<pin id="1416" dir="0" index="0" bw="29" slack="2"/>
<pin id="1417" dir="1" index="1" bw="29" slack="2"/>
</pin_list>
<bind>
<opset="zext_ln300_1 "/>
</bind>
</comp>

<comp id="1420" class="1005" name="zext_ln300_reg_1420">
<pin_list>
<pin id="1421" dir="0" index="0" bw="27" slack="2"/>
<pin id="1422" dir="1" index="1" bw="27" slack="2"/>
</pin_list>
<bind>
<opset="zext_ln300 "/>
</bind>
</comp>

<comp id="1425" class="1005" name="bound_reg_1425">
<pin_list>
<pin id="1426" dir="0" index="0" bw="26" slack="1"/>
<pin id="1427" dir="1" index="1" bw="26" slack="1"/>
</pin_list>
<bind>
<opset="bound "/>
</bind>
</comp>

<comp id="1433" class="1005" name="select_ln267_reg_1433">
<pin_list>
<pin id="1434" dir="0" index="0" bw="13" slack="2"/>
<pin id="1435" dir="1" index="1" bw="13" slack="2"/>
</pin_list>
<bind>
<opset="select_ln267 "/>
</bind>
</comp>

<comp id="1438" class="1005" name="select_ln267_1_reg_1438">
<pin_list>
<pin id="1439" dir="0" index="0" bw="13" slack="1"/>
<pin id="1440" dir="1" index="1" bw="13" slack="1"/>
</pin_list>
<bind>
<opset="select_ln267_1 "/>
</bind>
</comp>

<comp id="1444" class="1005" name="mul_ln267_reg_1444">
<pin_list>
<pin id="1445" dir="0" index="0" bw="29" slack="1"/>
<pin id="1446" dir="1" index="1" bw="29" slack="1"/>
</pin_list>
<bind>
<opset="mul_ln267 "/>
</bind>
</comp>

<comp id="1449" class="1005" name="mul_ln267_1_reg_1449">
<pin_list>
<pin id="1450" dir="0" index="0" bw="27" slack="1"/>
<pin id="1451" dir="1" index="1" bw="27" slack="1"/>
</pin_list>
<bind>
<opset="mul_ln267_1 "/>
</bind>
</comp>

<comp id="1454" class="1005" name="shl_ln21_1_mid2_reg_1454">
<pin_list>
<pin id="1455" dir="0" index="0" bw="32" slack="1"/>
<pin id="1456" dir="1" index="1" bw="32" slack="1"/>
</pin_list>
<bind>
<opset="shl_ln21_1_mid2 "/>
</bind>
</comp>

<comp id="1459" class="1005" name="shl_ln_reg_1459">
<pin_list>
<pin id="1460" dir="0" index="0" bw="16" slack="1"/>
<pin id="1461" dir="1" index="1" bw="16" slack="1"/>
</pin_list>
<bind>
<opset="shl_ln "/>
</bind>
</comp>

<comp id="1465" class="1005" name="addr_sa_c_reg_1465">
<pin_list>
<pin id="1466" dir="0" index="0" bw="32" slack="60"/>
<pin id="1467" dir="1" index="1" bw="32" slack="60"/>
</pin_list>
<bind>
<opset="addr_sa_c "/>
</bind>
</comp>

</comp_list>

<net_list>
<net id="477"><net_src comp="370" pin="0"/><net_sink comp="474" pin=0"/></net>

<net id="481"><net_src comp="370" pin="0"/><net_sink comp="478" pin=0"/></net>

<net id="485"><net_src comp="370" pin="0"/><net_sink comp="482" pin=0"/></net>

<net id="490"><net_src comp="372" pin="0"/><net_sink comp="486" pin=0"/></net>

<net id="491"><net_src comp="16" pin="0"/><net_sink comp="486" pin=1"/></net>

<net id="496"><net_src comp="374" pin="0"/><net_sink comp="492" pin=0"/></net>

<net id="497"><net_src comp="14" pin="0"/><net_sink comp="492" pin=1"/></net>

<net id="502"><net_src comp="372" pin="0"/><net_sink comp="498" pin=0"/></net>

<net id="503"><net_src comp="12" pin="0"/><net_sink comp="498" pin=1"/></net>

<net id="508"><net_src comp="374" pin="0"/><net_sink comp="504" pin=0"/></net>

<net id="509"><net_src comp="10" pin="0"/><net_sink comp="504" pin=1"/></net>

<net id="514"><net_src comp="372" pin="0"/><net_sink comp="510" pin=0"/></net>

<net id="515"><net_src comp="8" pin="0"/><net_sink comp="510" pin=1"/></net>

<net id="520"><net_src comp="374" pin="0"/><net_sink comp="516" pin=0"/></net>

<net id="521"><net_src comp="6" pin="0"/><net_sink comp="516" pin=1"/></net>

<net id="712"><net_src comp="452" pin="0"/><net_sink comp="522" pin=0"/></net>

<net id="713"><net_src comp="2" pin="0"/><net_sink comp="522" pin=1"/></net>

<net id="714"><net_src comp="0" pin="0"/><net_sink comp="522" pin=2"/></net>

<net id="715"><net_src comp="18" pin="0"/><net_sink comp="522" pin=12"/></net>

<net id="716"><net_src comp="20" pin="0"/><net_sink comp="522" pin=13"/></net>

<net id="717"><net_src comp="22" pin="0"/><net_sink comp="522" pin=14"/></net>

<net id="718"><net_src comp="24" pin="0"/><net_sink comp="522" pin=15"/></net>

<net id="719"><net_src comp="26" pin="0"/><net_sink comp="522" pin=16"/></net>

<net id="720"><net_src comp="28" pin="0"/><net_sink comp="522" pin=17"/></net>

<net id="721"><net_src comp="30" pin="0"/><net_sink comp="522" pin=18"/></net>

<net id="722"><net_src comp="32" pin="0"/><net_sink comp="522" pin=19"/></net>

<net id="723"><net_src comp="34" pin="0"/><net_sink comp="522" pin=20"/></net>

<net id="724"><net_src comp="36" pin="0"/><net_sink comp="522" pin=21"/></net>

<net id="725"><net_src comp="38" pin="0"/><net_sink comp="522" pin=22"/></net>

<net id="726"><net_src comp="40" pin="0"/><net_sink comp="522" pin=23"/></net>

<net id="727"><net_src comp="42" pin="0"/><net_sink comp="522" pin=24"/></net>

<net id="728"><net_src comp="44" pin="0"/><net_sink comp="522" pin=25"/></net>

<net id="729"><net_src comp="46" pin="0"/><net_sink comp="522" pin=26"/></net>

<net id="730"><net_src comp="48" pin="0"/><net_sink comp="522" pin=27"/></net>

<net id="731"><net_src comp="50" pin="0"/><net_sink comp="522" pin=28"/></net>

<net id="732"><net_src comp="52" pin="0"/><net_sink comp="522" pin=29"/></net>

<net id="733"><net_src comp="54" pin="0"/><net_sink comp="522" pin=30"/></net>

<net id="734"><net_src comp="56" pin="0"/><net_sink comp="522" pin=31"/></net>

<net id="735"><net_src comp="58" pin="0"/><net_sink comp="522" pin=32"/></net>

<net id="736"><net_src comp="60" pin="0"/><net_sink comp="522" pin=33"/></net>

<net id="737"><net_src comp="62" pin="0"/><net_sink comp="522" pin=34"/></net>

<net id="738"><net_src comp="64" pin="0"/><net_sink comp="522" pin=35"/></net>

<net id="739"><net_src comp="66" pin="0"/><net_sink comp="522" pin=36"/></net>

<net id="740"><net_src comp="68" pin="0"/><net_sink comp="522" pin=37"/></net>

<net id="741"><net_src comp="70" pin="0"/><net_sink comp="522" pin=38"/></net>

<net id="742"><net_src comp="72" pin="0"/><net_sink comp="522" pin=39"/></net>

<net id="743"><net_src comp="74" pin="0"/><net_sink comp="522" pin=40"/></net>

<net id="744"><net_src comp="76" pin="0"/><net_sink comp="522" pin=41"/></net>

<net id="745"><net_src comp="78" pin="0"/><net_sink comp="522" pin=42"/></net>

<net id="746"><net_src comp="80" pin="0"/><net_sink comp="522" pin=43"/></net>

<net id="747"><net_src comp="82" pin="0"/><net_sink comp="522" pin=44"/></net>

<net id="748"><net_src comp="84" pin="0"/><net_sink comp="522" pin=45"/></net>

<net id="749"><net_src comp="86" pin="0"/><net_sink comp="522" pin=46"/></net>

<net id="750"><net_src comp="88" pin="0"/><net_sink comp="522" pin=47"/></net>

<net id="751"><net_src comp="90" pin="0"/><net_sink comp="522" pin=48"/></net>

<net id="752"><net_src comp="92" pin="0"/><net_sink comp="522" pin=49"/></net>

<net id="753"><net_src comp="94" pin="0"/><net_sink comp="522" pin=50"/></net>

<net id="754"><net_src comp="96" pin="0"/><net_sink comp="522" pin=51"/></net>

<net id="755"><net_src comp="98" pin="0"/><net_sink comp="522" pin=52"/></net>

<net id="756"><net_src comp="100" pin="0"/><net_sink comp="522" pin=53"/></net>

<net id="757"><net_src comp="102" pin="0"/><net_sink comp="522" pin=54"/></net>

<net id="758"><net_src comp="104" pin="0"/><net_sink comp="522" pin=55"/></net>

<net id="759"><net_src comp="106" pin="0"/><net_sink comp="522" pin=56"/></net>

<net id="760"><net_src comp="108" pin="0"/><net_sink comp="522" pin=57"/></net>

<net id="761"><net_src comp="110" pin="0"/><net_sink comp="522" pin=58"/></net>

<net id="762"><net_src comp="112" pin="0"/><net_sink comp="522" pin=59"/></net>

<net id="763"><net_src comp="114" pin="0"/><net_sink comp="522" pin=60"/></net>

<net id="764"><net_src comp="116" pin="0"/><net_sink comp="522" pin=61"/></net>

<net id="765"><net_src comp="118" pin="0"/><net_sink comp="522" pin=62"/></net>

<net id="766"><net_src comp="120" pin="0"/><net_sink comp="522" pin=63"/></net>

<net id="767"><net_src comp="122" pin="0"/><net_sink comp="522" pin=64"/></net>

<net id="768"><net_src comp="124" pin="0"/><net_sink comp="522" pin=65"/></net>

<net id="769"><net_src comp="126" pin="0"/><net_sink comp="522" pin=66"/></net>

<net id="770"><net_src comp="128" pin="0"/><net_sink comp="522" pin=67"/></net>

<net id="771"><net_src comp="130" pin="0"/><net_sink comp="522" pin=68"/></net>

<net id="772"><net_src comp="132" pin="0"/><net_sink comp="522" pin=69"/></net>

<net id="773"><net_src comp="134" pin="0"/><net_sink comp="522" pin=70"/></net>

<net id="774"><net_src comp="136" pin="0"/><net_sink comp="522" pin=71"/></net>

<net id="775"><net_src comp="138" pin="0"/><net_sink comp="522" pin=72"/></net>

<net id="776"><net_src comp="140" pin="0"/><net_sink comp="522" pin=73"/></net>

<net id="777"><net_src comp="142" pin="0"/><net_sink comp="522" pin=74"/></net>

<net id="778"><net_src comp="144" pin="0"/><net_sink comp="522" pin=75"/></net>

<net id="779"><net_src comp="146" pin="0"/><net_sink comp="522" pin=76"/></net>

<net id="780"><net_src comp="148" pin="0"/><net_sink comp="522" pin=77"/></net>

<net id="781"><net_src comp="150" pin="0"/><net_sink comp="522" pin=78"/></net>

<net id="782"><net_src comp="152" pin="0"/><net_sink comp="522" pin=79"/></net>

<net id="783"><net_src comp="154" pin="0"/><net_sink comp="522" pin=80"/></net>

<net id="784"><net_src comp="156" pin="0"/><net_sink comp="522" pin=81"/></net>

<net id="785"><net_src comp="158" pin="0"/><net_sink comp="522" pin=82"/></net>

<net id="786"><net_src comp="160" pin="0"/><net_sink comp="522" pin=83"/></net>

<net id="787"><net_src comp="162" pin="0"/><net_sink comp="522" pin=84"/></net>

<net id="788"><net_src comp="164" pin="0"/><net_sink comp="522" pin=85"/></net>

<net id="789"><net_src comp="166" pin="0"/><net_sink comp="522" pin=86"/></net>

<net id="790"><net_src comp="168" pin="0"/><net_sink comp="522" pin=87"/></net>

<net id="791"><net_src comp="170" pin="0"/><net_sink comp="522" pin=88"/></net>

<net id="792"><net_src comp="172" pin="0"/><net_sink comp="522" pin=89"/></net>

<net id="793"><net_src comp="174" pin="0"/><net_sink comp="522" pin=90"/></net>

<net id="794"><net_src comp="176" pin="0"/><net_sink comp="522" pin=91"/></net>

<net id="795"><net_src comp="178" pin="0"/><net_sink comp="522" pin=92"/></net>

<net id="796"><net_src comp="180" pin="0"/><net_sink comp="522" pin=93"/></net>

<net id="797"><net_src comp="182" pin="0"/><net_sink comp="522" pin=94"/></net>

<net id="798"><net_src comp="184" pin="0"/><net_sink comp="522" pin=95"/></net>

<net id="799"><net_src comp="186" pin="0"/><net_sink comp="522" pin=96"/></net>

<net id="800"><net_src comp="188" pin="0"/><net_sink comp="522" pin=97"/></net>

<net id="801"><net_src comp="190" pin="0"/><net_sink comp="522" pin=98"/></net>

<net id="802"><net_src comp="192" pin="0"/><net_sink comp="522" pin=99"/></net>

<net id="803"><net_src comp="194" pin="0"/><net_sink comp="522" pin=100"/></net>

<net id="804"><net_src comp="196" pin="0"/><net_sink comp="522" pin=101"/></net>

<net id="805"><net_src comp="198" pin="0"/><net_sink comp="522" pin=102"/></net>

<net id="806"><net_src comp="200" pin="0"/><net_sink comp="522" pin=103"/></net>

<net id="807"><net_src comp="202" pin="0"/><net_sink comp="522" pin=104"/></net>

<net id="808"><net_src comp="204" pin="0"/><net_sink comp="522" pin=105"/></net>

<net id="809"><net_src comp="206" pin="0"/><net_sink comp="522" pin=106"/></net>

<net id="810"><net_src comp="208" pin="0"/><net_sink comp="522" pin=107"/></net>

<net id="811"><net_src comp="210" pin="0"/><net_sink comp="522" pin=108"/></net>

<net id="812"><net_src comp="212" pin="0"/><net_sink comp="522" pin=109"/></net>

<net id="813"><net_src comp="214" pin="0"/><net_sink comp="522" pin=110"/></net>

<net id="814"><net_src comp="216" pin="0"/><net_sink comp="522" pin=111"/></net>

<net id="815"><net_src comp="218" pin="0"/><net_sink comp="522" pin=112"/></net>

<net id="816"><net_src comp="220" pin="0"/><net_sink comp="522" pin=113"/></net>

<net id="817"><net_src comp="222" pin="0"/><net_sink comp="522" pin=114"/></net>

<net id="818"><net_src comp="224" pin="0"/><net_sink comp="522" pin=115"/></net>

<net id="819"><net_src comp="226" pin="0"/><net_sink comp="522" pin=116"/></net>

<net id="820"><net_src comp="228" pin="0"/><net_sink comp="522" pin=117"/></net>

<net id="821"><net_src comp="230" pin="0"/><net_sink comp="522" pin=118"/></net>

<net id="822"><net_src comp="232" pin="0"/><net_sink comp="522" pin=119"/></net>

<net id="823"><net_src comp="234" pin="0"/><net_sink comp="522" pin=120"/></net>

<net id="824"><net_src comp="236" pin="0"/><net_sink comp="522" pin=121"/></net>

<net id="825"><net_src comp="238" pin="0"/><net_sink comp="522" pin=122"/></net>

<net id="826"><net_src comp="240" pin="0"/><net_sink comp="522" pin=123"/></net>

<net id="827"><net_src comp="242" pin="0"/><net_sink comp="522" pin=124"/></net>

<net id="828"><net_src comp="244" pin="0"/><net_sink comp="522" pin=125"/></net>

<net id="829"><net_src comp="246" pin="0"/><net_sink comp="522" pin=126"/></net>

<net id="830"><net_src comp="248" pin="0"/><net_sink comp="522" pin=127"/></net>

<net id="831"><net_src comp="250" pin="0"/><net_sink comp="522" pin=128"/></net>

<net id="832"><net_src comp="252" pin="0"/><net_sink comp="522" pin=129"/></net>

<net id="833"><net_src comp="254" pin="0"/><net_sink comp="522" pin=130"/></net>

<net id="834"><net_src comp="256" pin="0"/><net_sink comp="522" pin=131"/></net>

<net id="835"><net_src comp="258" pin="0"/><net_sink comp="522" pin=132"/></net>

<net id="836"><net_src comp="260" pin="0"/><net_sink comp="522" pin=133"/></net>

<net id="837"><net_src comp="262" pin="0"/><net_sink comp="522" pin=134"/></net>

<net id="838"><net_src comp="264" pin="0"/><net_sink comp="522" pin=135"/></net>

<net id="839"><net_src comp="266" pin="0"/><net_sink comp="522" pin=136"/></net>

<net id="840"><net_src comp="268" pin="0"/><net_sink comp="522" pin=137"/></net>

<net id="841"><net_src comp="270" pin="0"/><net_sink comp="522" pin=138"/></net>

<net id="842"><net_src comp="272" pin="0"/><net_sink comp="522" pin=139"/></net>

<net id="843"><net_src comp="274" pin="0"/><net_sink comp="522" pin=140"/></net>

<net id="844"><net_src comp="276" pin="0"/><net_sink comp="522" pin=141"/></net>

<net id="845"><net_src comp="278" pin="0"/><net_sink comp="522" pin=142"/></net>

<net id="846"><net_src comp="280" pin="0"/><net_sink comp="522" pin=143"/></net>

<net id="847"><net_src comp="282" pin="0"/><net_sink comp="522" pin=144"/></net>

<net id="848"><net_src comp="284" pin="0"/><net_sink comp="522" pin=145"/></net>

<net id="849"><net_src comp="286" pin="0"/><net_sink comp="522" pin=146"/></net>

<net id="850"><net_src comp="288" pin="0"/><net_sink comp="522" pin=147"/></net>

<net id="851"><net_src comp="290" pin="0"/><net_sink comp="522" pin=148"/></net>

<net id="852"><net_src comp="292" pin="0"/><net_sink comp="522" pin=149"/></net>

<net id="853"><net_src comp="294" pin="0"/><net_sink comp="522" pin=150"/></net>

<net id="854"><net_src comp="296" pin="0"/><net_sink comp="522" pin=151"/></net>

<net id="855"><net_src comp="298" pin="0"/><net_sink comp="522" pin=152"/></net>

<net id="856"><net_src comp="300" pin="0"/><net_sink comp="522" pin=153"/></net>

<net id="857"><net_src comp="302" pin="0"/><net_sink comp="522" pin=154"/></net>

<net id="858"><net_src comp="304" pin="0"/><net_sink comp="522" pin=155"/></net>

<net id="859"><net_src comp="306" pin="0"/><net_sink comp="522" pin=156"/></net>

<net id="860"><net_src comp="308" pin="0"/><net_sink comp="522" pin=157"/></net>

<net id="861"><net_src comp="310" pin="0"/><net_sink comp="522" pin=158"/></net>

<net id="862"><net_src comp="312" pin="0"/><net_sink comp="522" pin=159"/></net>

<net id="863"><net_src comp="314" pin="0"/><net_sink comp="522" pin=160"/></net>

<net id="864"><net_src comp="316" pin="0"/><net_sink comp="522" pin=161"/></net>

<net id="865"><net_src comp="318" pin="0"/><net_sink comp="522" pin=162"/></net>

<net id="866"><net_src comp="320" pin="0"/><net_sink comp="522" pin=163"/></net>

<net id="867"><net_src comp="322" pin="0"/><net_sink comp="522" pin=164"/></net>

<net id="868"><net_src comp="324" pin="0"/><net_sink comp="522" pin=165"/></net>

<net id="869"><net_src comp="326" pin="0"/><net_sink comp="522" pin=166"/></net>

<net id="870"><net_src comp="328" pin="0"/><net_sink comp="522" pin=167"/></net>

<net id="871"><net_src comp="330" pin="0"/><net_sink comp="522" pin=168"/></net>

<net id="872"><net_src comp="332" pin="0"/><net_sink comp="522" pin=169"/></net>

<net id="873"><net_src comp="334" pin="0"/><net_sink comp="522" pin=170"/></net>

<net id="874"><net_src comp="336" pin="0"/><net_sink comp="522" pin=171"/></net>

<net id="875"><net_src comp="338" pin="0"/><net_sink comp="522" pin=172"/></net>

<net id="876"><net_src comp="340" pin="0"/><net_sink comp="522" pin=173"/></net>

<net id="877"><net_src comp="342" pin="0"/><net_sink comp="522" pin=174"/></net>

<net id="878"><net_src comp="344" pin="0"/><net_sink comp="522" pin=175"/></net>

<net id="879"><net_src comp="346" pin="0"/><net_sink comp="522" pin=176"/></net>

<net id="880"><net_src comp="348" pin="0"/><net_sink comp="522" pin=177"/></net>

<net id="881"><net_src comp="350" pin="0"/><net_sink comp="522" pin=178"/></net>

<net id="882"><net_src comp="352" pin="0"/><net_sink comp="522" pin=179"/></net>

<net id="883"><net_src comp="354" pin="0"/><net_sink comp="522" pin=180"/></net>

<net id="884"><net_src comp="356" pin="0"/><net_sink comp="522" pin=181"/></net>

<net id="885"><net_src comp="358" pin="0"/><net_sink comp="522" pin=182"/></net>

<net id="886"><net_src comp="360" pin="0"/><net_sink comp="522" pin=183"/></net>

<net id="887"><net_src comp="362" pin="0"/><net_sink comp="522" pin=184"/></net>

<net id="888"><net_src comp="364" pin="0"/><net_sink comp="522" pin=185"/></net>

<net id="889"><net_src comp="366" pin="0"/><net_sink comp="522" pin=186"/></net>

<net id="890"><net_src comp="368" pin="0"/><net_sink comp="522" pin=187"/></net>

<net id="961"><net_src comp="458" pin="0"/><net_sink comp="891" pin=0"/></net>

<net id="962"><net_src comp="4" pin="0"/><net_sink comp="891" pin=1"/></net>

<net id="963"><net_src comp="242" pin="0"/><net_sink comp="891" pin=4"/></net>

<net id="964"><net_src comp="244" pin="0"/><net_sink comp="891" pin=5"/></net>

<net id="965"><net_src comp="246" pin="0"/><net_sink comp="891" pin=6"/></net>

<net id="966"><net_src comp="248" pin="0"/><net_sink comp="891" pin=7"/></net>

<net id="967"><net_src comp="250" pin="0"/><net_sink comp="891" pin=8"/></net>

<net id="968"><net_src comp="252" pin="0"/><net_sink comp="891" pin=9"/></net>

<net id="969"><net_src comp="254" pin="0"/><net_sink comp="891" pin=10"/></net>

<net id="970"><net_src comp="256" pin="0"/><net_sink comp="891" pin=11"/></net>

<net id="971"><net_src comp="258" pin="0"/><net_sink comp="891" pin=12"/></net>

<net id="972"><net_src comp="260" pin="0"/><net_sink comp="891" pin=13"/></net>

<net id="973"><net_src comp="262" pin="0"/><net_sink comp="891" pin=14"/></net>

<net id="974"><net_src comp="264" pin="0"/><net_sink comp="891" pin=15"/></net>

<net id="975"><net_src comp="266" pin="0"/><net_sink comp="891" pin=16"/></net>

<net id="976"><net_src comp="268" pin="0"/><net_sink comp="891" pin=17"/></net>

<net id="977"><net_src comp="270" pin="0"/><net_sink comp="891" pin=18"/></net>

<net id="978"><net_src comp="272" pin="0"/><net_sink comp="891" pin=19"/></net>

<net id="979"><net_src comp="274" pin="0"/><net_sink comp="891" pin=20"/></net>

<net id="980"><net_src comp="276" pin="0"/><net_sink comp="891" pin=21"/></net>

<net id="981"><net_src comp="278" pin="0"/><net_sink comp="891" pin=22"/></net>

<net id="982"><net_src comp="280" pin="0"/><net_sink comp="891" pin=23"/></net>

<net id="983"><net_src comp="282" pin="0"/><net_sink comp="891" pin=24"/></net>

<net id="984"><net_src comp="284" pin="0"/><net_sink comp="891" pin=25"/></net>

<net id="985"><net_src comp="286" pin="0"/><net_sink comp="891" pin=26"/></net>

<net id="986"><net_src comp="288" pin="0"/><net_sink comp="891" pin=27"/></net>

<net id="987"><net_src comp="290" pin="0"/><net_sink comp="891" pin=28"/></net>

<net id="988"><net_src comp="292" pin="0"/><net_sink comp="891" pin=29"/></net>

<net id="989"><net_src comp="294" pin="0"/><net_sink comp="891" pin=30"/></net>

<net id="990"><net_src comp="296" pin="0"/><net_sink comp="891" pin=31"/></net>

<net id="991"><net_src comp="298" pin="0"/><net_sink comp="891" pin=32"/></net>

<net id="992"><net_src comp="300" pin="0"/><net_sink comp="891" pin=33"/></net>

<net id="993"><net_src comp="302" pin="0"/><net_sink comp="891" pin=34"/></net>

<net id="994"><net_src comp="304" pin="0"/><net_sink comp="891" pin=35"/></net>

<net id="995"><net_src comp="306" pin="0"/><net_sink comp="891" pin=36"/></net>

<net id="996"><net_src comp="308" pin="0"/><net_sink comp="891" pin=37"/></net>

<net id="997"><net_src comp="310" pin="0"/><net_sink comp="891" pin=38"/></net>

<net id="998"><net_src comp="312" pin="0"/><net_sink comp="891" pin=39"/></net>

<net id="999"><net_src comp="314" pin="0"/><net_sink comp="891" pin=40"/></net>

<net id="1000"><net_src comp="316" pin="0"/><net_sink comp="891" pin=41"/></net>

<net id="1001"><net_src comp="318" pin="0"/><net_sink comp="891" pin=42"/></net>

<net id="1002"><net_src comp="320" pin="0"/><net_sink comp="891" pin=43"/></net>

<net id="1003"><net_src comp="322" pin="0"/><net_sink comp="891" pin=44"/></net>

<net id="1004"><net_src comp="324" pin="0"/><net_sink comp="891" pin=45"/></net>

<net id="1005"><net_src comp="326" pin="0"/><net_sink comp="891" pin=46"/></net>

<net id="1006"><net_src comp="328" pin="0"/><net_sink comp="891" pin=47"/></net>

<net id="1007"><net_src comp="330" pin="0"/><net_sink comp="891" pin=48"/></net>

<net id="1008"><net_src comp="332" pin="0"/><net_sink comp="891" pin=49"/></net>

<net id="1009"><net_src comp="334" pin="0"/><net_sink comp="891" pin=50"/></net>

<net id="1010"><net_src comp="336" pin="0"/><net_sink comp="891" pin=51"/></net>

<net id="1011"><net_src comp="338" pin="0"/><net_sink comp="891" pin=52"/></net>

<net id="1012"><net_src comp="340" pin="0"/><net_sink comp="891" pin=53"/></net>

<net id="1013"><net_src comp="342" pin="0"/><net_sink comp="891" pin=54"/></net>

<net id="1014"><net_src comp="344" pin="0"/><net_sink comp="891" pin=55"/></net>

<net id="1015"><net_src comp="346" pin="0"/><net_sink comp="891" pin=56"/></net>

<net id="1016"><net_src comp="348" pin="0"/><net_sink comp="891" pin=57"/></net>

<net id="1017"><net_src comp="350" pin="0"/><net_sink comp="891" pin=58"/></net>

<net id="1018"><net_src comp="352" pin="0"/><net_sink comp="891" pin=59"/></net>

<net id="1019"><net_src comp="354" pin="0"/><net_sink comp="891" pin=60"/></net>

<net id="1020"><net_src comp="356" pin="0"/><net_sink comp="891" pin=61"/></net>

<net id="1021"><net_src comp="358" pin="0"/><net_sink comp="891" pin=62"/></net>

<net id="1022"><net_src comp="360" pin="0"/><net_sink comp="891" pin=63"/></net>

<net id="1023"><net_src comp="362" pin="0"/><net_sink comp="891" pin=64"/></net>

<net id="1024"><net_src comp="364" pin="0"/><net_sink comp="891" pin=65"/></net>

<net id="1025"><net_src comp="366" pin="0"/><net_sink comp="891" pin=66"/></net>

<net id="1026"><net_src comp="368" pin="0"/><net_sink comp="891" pin=67"/></net>

<net id="1094"><net_src comp="472" pin="0"/><net_sink comp="1027" pin=0"/></net>

<net id="1095"><net_src comp="242" pin="0"/><net_sink comp="1027" pin=1"/></net>

<net id="1096"><net_src comp="244" pin="0"/><net_sink comp="1027" pin=2"/></net>

<net id="1097"><net_src comp="246" pin="0"/><net_sink comp="1027" pin=3"/></net>

<net id="1098"><net_src comp="248" pin="0"/><net_sink comp="1027" pin=4"/></net>

<net id="1099"><net_src comp="250" pin="0"/><net_sink comp="1027" pin=5"/></net>

<net id="1100"><net_src comp="252" pin="0"/><net_sink comp="1027" pin=6"/></net>

<net id="1101"><net_src comp="254" pin="0"/><net_sink comp="1027" pin=7"/></net>

<net id="1102"><net_src comp="256" pin="0"/><net_sink comp="1027" pin=8"/></net>

<net id="1103"><net_src comp="258" pin="0"/><net_sink comp="1027" pin=9"/></net>

<net id="1104"><net_src comp="260" pin="0"/><net_sink comp="1027" pin=10"/></net>

<net id="1105"><net_src comp="262" pin="0"/><net_sink comp="1027" pin=11"/></net>

<net id="1106"><net_src comp="264" pin="0"/><net_sink comp="1027" pin=12"/></net>

<net id="1107"><net_src comp="266" pin="0"/><net_sink comp="1027" pin=13"/></net>

<net id="1108"><net_src comp="268" pin="0"/><net_sink comp="1027" pin=14"/></net>

<net id="1109"><net_src comp="270" pin="0"/><net_sink comp="1027" pin=15"/></net>

<net id="1110"><net_src comp="272" pin="0"/><net_sink comp="1027" pin=16"/></net>

<net id="1111"><net_src comp="274" pin="0"/><net_sink comp="1027" pin=17"/></net>

<net id="1112"><net_src comp="276" pin="0"/><net_sink comp="1027" pin=18"/></net>

<net id="1113"><net_src comp="278" pin="0"/><net_sink comp="1027" pin=19"/></net>

<net id="1114"><net_src comp="280" pin="0"/><net_sink comp="1027" pin=20"/></net>

<net id="1115"><net_src comp="282" pin="0"/><net_sink comp="1027" pin=21"/></net>

<net id="1116"><net_src comp="284" pin="0"/><net_sink comp="1027" pin=22"/></net>

<net id="1117"><net_src comp="286" pin="0"/><net_sink comp="1027" pin=23"/></net>

<net id="1118"><net_src comp="288" pin="0"/><net_sink comp="1027" pin=24"/></net>

<net id="1119"><net_src comp="290" pin="0"/><net_sink comp="1027" pin=25"/></net>

<net id="1120"><net_src comp="292" pin="0"/><net_sink comp="1027" pin=26"/></net>

<net id="1121"><net_src comp="294" pin="0"/><net_sink comp="1027" pin=27"/></net>

<net id="1122"><net_src comp="296" pin="0"/><net_sink comp="1027" pin=28"/></net>

<net id="1123"><net_src comp="298" pin="0"/><net_sink comp="1027" pin=29"/></net>

<net id="1124"><net_src comp="300" pin="0"/><net_sink comp="1027" pin=30"/></net>

<net id="1125"><net_src comp="302" pin="0"/><net_sink comp="1027" pin=31"/></net>

<net id="1126"><net_src comp="304" pin="0"/><net_sink comp="1027" pin=32"/></net>

<net id="1127"><net_src comp="306" pin="0"/><net_sink comp="1027" pin=33"/></net>

<net id="1128"><net_src comp="308" pin="0"/><net_sink comp="1027" pin=34"/></net>

<net id="1129"><net_src comp="310" pin="0"/><net_sink comp="1027" pin=35"/></net>

<net id="1130"><net_src comp="312" pin="0"/><net_sink comp="1027" pin=36"/></net>

<net id="1131"><net_src comp="314" pin="0"/><net_sink comp="1027" pin=37"/></net>

<net id="1132"><net_src comp="316" pin="0"/><net_sink comp="1027" pin=38"/></net>

<net id="1133"><net_src comp="318" pin="0"/><net_sink comp="1027" pin=39"/></net>

<net id="1134"><net_src comp="320" pin="0"/><net_sink comp="1027" pin=40"/></net>

<net id="1135"><net_src comp="322" pin="0"/><net_sink comp="1027" pin=41"/></net>

<net id="1136"><net_src comp="324" pin="0"/><net_sink comp="1027" pin=42"/></net>

<net id="1137"><net_src comp="326" pin="0"/><net_sink comp="1027" pin=43"/></net>

<net id="1138"><net_src comp="328" pin="0"/><net_sink comp="1027" pin=44"/></net>

<net id="1139"><net_src comp="330" pin="0"/><net_sink comp="1027" pin=45"/></net>

<net id="1140"><net_src comp="332" pin="0"/><net_sink comp="1027" pin=46"/></net>

<net id="1141"><net_src comp="334" pin="0"/><net_sink comp="1027" pin=47"/></net>

<net id="1142"><net_src comp="336" pin="0"/><net_sink comp="1027" pin=48"/></net>

<net id="1143"><net_src comp="338" pin="0"/><net_sink comp="1027" pin=49"/></net>

<net id="1144"><net_src comp="340" pin="0"/><net_sink comp="1027" pin=50"/></net>

<net id="1145"><net_src comp="342" pin="0"/><net_sink comp="1027" pin=51"/></net>

<net id="1146"><net_src comp="344" pin="0"/><net_sink comp="1027" pin=52"/></net>

<net id="1147"><net_src comp="346" pin="0"/><net_sink comp="1027" pin=53"/></net>

<net id="1148"><net_src comp="348" pin="0"/><net_sink comp="1027" pin=54"/></net>

<net id="1149"><net_src comp="350" pin="0"/><net_sink comp="1027" pin=55"/></net>

<net id="1150"><net_src comp="352" pin="0"/><net_sink comp="1027" pin=56"/></net>

<net id="1151"><net_src comp="354" pin="0"/><net_sink comp="1027" pin=57"/></net>

<net id="1152"><net_src comp="356" pin="0"/><net_sink comp="1027" pin=58"/></net>

<net id="1153"><net_src comp="358" pin="0"/><net_sink comp="1027" pin=59"/></net>

<net id="1154"><net_src comp="360" pin="0"/><net_sink comp="1027" pin=60"/></net>

<net id="1155"><net_src comp="362" pin="0"/><net_sink comp="1027" pin=61"/></net>

<net id="1156"><net_src comp="364" pin="0"/><net_sink comp="1027" pin=62"/></net>

<net id="1157"><net_src comp="366" pin="0"/><net_sink comp="1027" pin=63"/></net>

<net id="1158"><net_src comp="368" pin="0"/><net_sink comp="1027" pin=64"/></net>

<net id="1163"><net_src comp="376" pin="0"/><net_sink comp="1159" pin=0"/></net>

<net id="1168"><net_src comp="378" pin="0"/><net_sink comp="1164" pin=0"/></net>

<net id="1173"><net_src comp="378" pin="0"/><net_sink comp="1169" pin=0"/></net>

<net id="1177"><net_src comp="486" pin="2"/><net_sink comp="1174" pin=0"/></net>

<net id="1182"><net_src comp="1174" pin="1"/><net_sink comp="1178" pin=0"/></net>

<net id="1183"><net_src comp="432" pin="0"/><net_sink comp="1178" pin=1"/></net>

<net id="1190"><net_src comp="434" pin="0"/><net_sink comp="1184" pin=0"/></net>

<net id="1191"><net_src comp="498" pin="2"/><net_sink comp="1184" pin=1"/></net>

<net id="1192"><net_src comp="436" pin="0"/><net_sink comp="1184" pin=2"/></net>

<net id="1193"><net_src comp="438" pin="0"/><net_sink comp="1184" pin=3"/></net>

<net id="1200"><net_src comp="434" pin="0"/><net_sink comp="1194" pin=0"/></net>

<net id="1201"><net_src comp="510" pin="2"/><net_sink comp="1194" pin=1"/></net>

<net id="1202"><net_src comp="436" pin="0"/><net_sink comp="1194" pin=2"/></net>

<net id="1203"><net_src comp="438" pin="0"/><net_sink comp="1194" pin=3"/></net>

<net id="1207"><net_src comp="486" pin="2"/><net_sink comp="1204" pin=0"/></net>

<net id="1211"><net_src comp="498" pin="2"/><net_sink comp="1208" pin=0"/></net>

<net id="1215"><net_src comp="1194" pin="4"/><net_sink comp="1212" pin=0"/></net>

<net id="1219"><net_src comp="1184" pin="4"/><net_sink comp="1216" pin=0"/></net>

<net id="1224"><net_src comp="1212" pin="1"/><net_sink comp="1220" pin=0"/></net>

<net id="1225"><net_src comp="1216" pin="1"/><net_sink comp="1220" pin=1"/></net>

<net id="1233"><net_src comp="1226" pin="1"/><net_sink comp="1229" pin=0"/></net>

<net id="1238"><net_src comp="1226" pin="1"/><net_sink comp="1234" pin=0"/></net>

<net id="1239"><net_src comp="440" pin="0"/><net_sink comp="1234" pin=1"/></net>

<net id="1250"><net_src comp="1240" pin="1"/><net_sink comp="1246" pin=0"/></net>

<net id="1256"><net_src comp="1246" pin="2"/><net_sink comp="1251" pin=0"/></net>

<net id="1257"><net_src comp="378" pin="0"/><net_sink comp="1251" pin=1"/></net>

<net id="1258"><net_src comp="1240" pin="1"/><net_sink comp="1251" pin=2"/></net>

<net id="1263"><net_src comp="1243" pin="1"/><net_sink comp="1259" pin=0"/></net>

<net id="1264"><net_src comp="442" pin="0"/><net_sink comp="1259" pin=1"/></net>

<net id="1270"><net_src comp="1246" pin="2"/><net_sink comp="1265" pin=0"/></net>

<net id="1271"><net_src comp="1259" pin="2"/><net_sink comp="1265" pin=1"/></net>

<net id="1272"><net_src comp="1243" pin="1"/><net_sink comp="1265" pin=2"/></net>

<net id="1277"><net_src comp="1251" pin="3"/><net_sink comp="1273" pin=0"/></net>

<net id="1278"><net_src comp="442" pin="0"/><net_sink comp="1273" pin=1"/></net>

<net id="1283"><net_src comp="1234" pin="2"/><net_sink comp="1279" pin=0"/></net>

<net id="1288"><net_src comp="1265" pin="3"/><net_sink comp="1284" pin=0"/></net>

<net id="1293"><net_src comp="1273" pin="2"/><net_sink comp="1289" pin=0"/></net>

<net id="1301"><net_src comp="1294" pin="1"/><net_sink comp="1297" pin=0"/></net>

<net id="1309"><net_src comp="1302" pin="1"/><net_sink comp="1305" pin=0"/></net>

<net id="1315"><net_src comp="444" pin="0"/><net_sink comp="1310" pin=0"/></net>

<net id="1316"><net_src comp="446" pin="0"/><net_sink comp="1310" pin=2"/></net>

<net id="1317"><net_src comp="1310" pin="3"/><net_sink comp="522" pin=7"/></net>

<net id="1323"><net_src comp="448" pin="0"/><net_sink comp="1318" pin=0"/></net>

<net id="1324"><net_src comp="446" pin="0"/><net_sink comp="1318" pin=2"/></net>

<net id="1330"><net_src comp="450" pin="0"/><net_sink comp="1325" pin=0"/></net>

<net id="1331"><net_src comp="446" pin="0"/><net_sink comp="1325" pin=2"/></net>

<net id="1332"><net_src comp="1325" pin="3"/><net_sink comp="522" pin=9"/></net>

<net id="1333"><net_src comp="1325" pin="3"/><net_sink comp="522" pin=11"/></net>

<net id="1337"><net_src comp="1325" pin="3"/><net_sink comp="1334" pin=0"/></net>

<net id="1342"><net_src comp="1334" pin="1"/><net_sink comp="1338" pin=0"/></net>

<net id="1343"><net_src comp="1318" pin="3"/><net_sink comp="1338" pin=1"/></net>

<net id="1349"><net_src comp="454" pin="0"/><net_sink comp="1344" pin=0"/></net>

<net id="1350"><net_src comp="1338" pin="2"/><net_sink comp="1344" pin=1"/></net>

<net id="1351"><net_src comp="456" pin="0"/><net_sink comp="1344" pin=2"/></net>

<net id="1356"><net_src comp="1344" pin="3"/><net_sink comp="1352" pin=0"/></net>

<net id="1360"><net_src comp="474" pin="1"/><net_sink comp="1357" pin=0"/></net>

<net id="1361"><net_src comp="1357" pin="1"/><net_sink comp="1169" pin=1"/></net>

<net id="1362"><net_src comp="1357" pin="1"/><net_sink comp="1240" pin=0"/></net>

<net id="1363"><net_src comp="1357" pin="1"/><net_sink comp="1289" pin=1"/></net>

<net id="1367"><net_src comp="478" pin="1"/><net_sink comp="1364" pin=0"/></net>

<net id="1368"><net_src comp="1364" pin="1"/><net_sink comp="1164" pin=1"/></net>

<net id="1369"><net_src comp="1364" pin="1"/><net_sink comp="1243" pin=0"/></net>

<net id="1370"><net_src comp="1364" pin="1"/><net_sink comp="1284" pin=1"/></net>

<net id="1374"><net_src comp="482" pin="1"/><net_sink comp="1371" pin=0"/></net>

<net id="1375"><net_src comp="1371" pin="1"/><net_sink comp="1159" pin=1"/></net>

<net id="1376"><net_src comp="1371" pin="1"/><net_sink comp="1226" pin=0"/></net>

<net id="1377"><net_src comp="1371" pin="1"/><net_sink comp="1279" pin=1"/></net>

<net id="1381"><net_src comp="492" pin="2"/><net_sink comp="1378" pin=0"/></net>

<net id="1382"><net_src comp="1378" pin="1"/><net_sink comp="1352" pin=1"/></net>

<net id="1386"><net_src comp="504" pin="2"/><net_sink comp="1383" pin=0"/></net>

<net id="1387"><net_src comp="1383" pin="1"/><net_sink comp="522" pin=10"/></net>

<net id="1391"><net_src comp="516" pin="2"/><net_sink comp="1388" pin=0"/></net>

<net id="1392"><net_src comp="1388" pin="1"/><net_sink comp="522" pin=8"/></net>

<net id="1396"><net_src comp="486" pin="2"/><net_sink comp="1393" pin=0"/></net>

<net id="1397"><net_src comp="1393" pin="1"/><net_sink comp="522" pin=5"/></net>

<net id="1398"><net_src comp="1393" pin="1"/><net_sink comp="522" pin=6"/></net>

<net id="1402"><net_src comp="498" pin="2"/><net_sink comp="1399" pin=0"/></net>

<net id="1403"><net_src comp="1399" pin="1"/><net_sink comp="522" pin=4"/></net>

<net id="1404"><net_src comp="1399" pin="1"/><net_sink comp="891" pin=3"/></net>

<net id="1408"><net_src comp="1178" pin="2"/><net_sink comp="1405" pin=0"/></net>

<net id="1409"><net_src comp="1405" pin="1"/><net_sink comp="522" pin=3"/></net>

<net id="1413"><net_src comp="1184" pin="4"/><net_sink comp="1410" pin=0"/></net>

<net id="1414"><net_src comp="1410" pin="1"/><net_sink comp="1246" pin=1"/></net>

<net id="1418"><net_src comp="1204" pin="1"/><net_sink comp="1415" pin=0"/></net>

<net id="1419"><net_src comp="1415" pin="1"/><net_sink comp="1297" pin=1"/></net>

<net id="1423"><net_src comp="1208" pin="1"/><net_sink comp="1420" pin=0"/></net>

<net id="1424"><net_src comp="1420" pin="1"/><net_sink comp="1305" pin=1"/></net>

<net id="1428"><net_src comp="1220" pin="2"/><net_sink comp="1425" pin=0"/></net>

<net id="1429"><net_src comp="1425" pin="1"/><net_sink comp="1229" pin=1"/></net>

<net id="1436"><net_src comp="1251" pin="3"/><net_sink comp="1433" pin=0"/></net>

<net id="1437"><net_src comp="1433" pin="1"/><net_sink comp="1325" pin=1"/></net>

<net id="1441"><net_src comp="1265" pin="3"/><net_sink comp="1438" pin=0"/></net>

<net id="1442"><net_src comp="1438" pin="1"/><net_sink comp="1294" pin=0"/></net>

<net id="1443"><net_src comp="1438" pin="1"/><net_sink comp="1302" pin=0"/></net>

<net id="1447"><net_src comp="1297" pin="2"/><net_sink comp="1444" pin=0"/></net>

<net id="1448"><net_src comp="1444" pin="1"/><net_sink comp="1310" pin=1"/></net>

<net id="1452"><net_src comp="1305" pin="2"/><net_sink comp="1449" pin=0"/></net>

<net id="1453"><net_src comp="1449" pin="1"/><net_sink comp="1318" pin=1"/></net>

<net id="1457"><net_src comp="1310" pin="3"/><net_sink comp="1454" pin=0"/></net>

<net id="1458"><net_src comp="1454" pin="1"/><net_sink comp="522" pin=7"/></net>

<net id="1462"><net_src comp="1325" pin="3"/><net_sink comp="1459" pin=0"/></net>

<net id="1463"><net_src comp="1459" pin="1"/><net_sink comp="522" pin=9"/></net>

<net id="1464"><net_src comp="1459" pin="1"/><net_sink comp="522" pin=11"/></net>

<net id="1468"><net_src comp="1352" pin="2"/><net_sink comp="1465" pin=0"/></net>

<net id="1469"><net_src comp="1465" pin="1"/><net_sink comp="891" pin=2"/></net>

</net_list>

</model> 
---------------- Datapath Model END ------------------

* FSMD analyzer results:
  - Output states:
	Port: ca | {65 66 67 68 69 70 71 72 73 74 75 76 77 78 79 80 81 82 83 84 85 86 87 88 89 90 91 92 93 94 95 96 97 98 99 100 101 102 103 104 105 106 107 108 109 110 111 112 113 114 115 116 117 118 119 120 121 122 123 124 125 126 127 128 129 130 131 132 133 134 }
	Port: mxm_execute_ursa_signed_char_unsigned_short_unsigned_char_unsigned_short_i_175 | {5 6 }
	Port: mxm_execute_ursa_signed_char_unsigned_short_unsigned_char_unsigned_short_i_182 | {5 6 }
	Port: mxm_execute_ursa_signed_char_unsigned_short_unsigned_char_unsigned_short_i_189 | {5 6 }
	Port: mxm_execute_ursa_signed_char_unsigned_short_unsigned_char_unsigned_short_i_196 | {5 6 }
	Port: mxm_execute_ursa_signed_char_unsigned_short_unsigned_char_unsigned_short_i_203 | {5 6 }
	Port: mxm_execute_ursa_signed_char_unsigned_short_unsigned_char_unsigned_short_i_210 | {5 6 }
	Port: mxm_execute_ursa_signed_char_unsigned_short_unsigned_char_unsigned_short_i_217 | {5 6 }
	Port: mxm_execute_ursa_signed_char_unsigned_short_unsigned_char_unsigned_short_i_224 | {5 6 }
	Port: mxm_execute_ursa_signed_char_unsigned_short_unsigned_char_unsigned_short_i_176 | {5 6 }
	Port: mxm_execute_ursa_signed_char_unsigned_short_unsigned_char_unsigned_short_i_183 | {5 6 }
	Port: mxm_execute_ursa_signed_char_unsigned_short_unsigned_char_unsigned_short_i_190 | {5 6 }
	Port: mxm_execute_ursa_signed_char_unsigned_short_unsigned_char_unsigned_short_i_197 | {5 6 }
	Port: mxm_execute_ursa_signed_char_unsigned_short_unsigned_char_unsigned_short_i_204 | {5 6 }
	Port: mxm_execute_ursa_signed_char_unsigned_short_unsigned_char_unsigned_short_i_211 | {5 6 }
	Port: mxm_execute_ursa_signed_char_unsigned_short_unsigned_char_unsigned_short_i_218 | {5 6 }
	Port: mxm_execute_ursa_signed_char_unsigned_short_unsigned_char_unsigned_short_i_225 | {5 6 }
	Port: mxm_execute_ursa_signed_char_unsigned_short_unsigned_char_unsigned_short_i_177 | {5 6 }
	Port: mxm_execute_ursa_signed_char_unsigned_short_unsigned_char_unsigned_short_i_184 | {5 6 }
	Port: mxm_execute_ursa_signed_char_unsigned_short_unsigned_char_unsigned_short_i_191 | {5 6 }
	Port: mxm_execute_ursa_signed_char_unsigned_short_unsigned_char_unsigned_short_i_198 | {5 6 }
	Port: mxm_execute_ursa_signed_char_unsigned_short_unsigned_char_unsigned_short_i_205 | {5 6 }
	Port: mxm_execute_ursa_signed_char_unsigned_short_unsigned_char_unsigned_short_i_212 | {5 6 }
	Port: mxm_execute_ursa_signed_char_unsigned_short_unsigned_char_unsigned_short_i_219 | {5 6 }
	Port: mxm_execute_ursa_signed_char_unsigned_short_unsigned_char_unsigned_short_i_226 | {5 6 }
	Port: mxm_execute_ursa_signed_char_unsigned_short_unsigned_char_unsigned_short_i_178 | {5 6 }
	Port: mxm_execute_ursa_signed_char_unsigned_short_unsigned_char_unsigned_short_i_185 | {5 6 }
	Port: mxm_execute_ursa_signed_char_unsigned_short_unsigned_char_unsigned_short_i_192 | {5 6 }
	Port: mxm_execute_ursa_signed_char_unsigned_short_unsigned_char_unsigned_short_i_199 | {5 6 }
	Port: mxm_execute_ursa_signed_char_unsigned_short_unsigned_char_unsigned_short_i_206 | {5 6 }
	Port: mxm_execute_ursa_signed_char_unsigned_short_unsigned_char_unsigned_short_i_213 | {5 6 }
	Port: mxm_execute_ursa_signed_char_unsigned_short_unsigned_char_unsigned_short_i_220 | {5 6 }
	Port: mxm_execute_ursa_signed_char_unsigned_short_unsigned_char_unsigned_short_i_227 | {5 6 }
	Port: mxm_execute_ursa_signed_char_unsigned_short_unsigned_char_unsigned_short_i_179 | {5 6 }
	Port: mxm_execute_ursa_signed_char_unsigned_short_unsigned_char_unsigned_short_i_186 | {5 6 }
	Port: mxm_execute_ursa_signed_char_unsigned_short_unsigned_char_unsigned_short_i_193 | {5 6 }
	Port: mxm_execute_ursa_signed_char_unsigned_short_unsigned_char_unsigned_short_i_200 | {5 6 }
	Port: mxm_execute_ursa_signed_char_unsigned_short_unsigned_char_unsigned_short_i_207 | {5 6 }
	Port: mxm_execute_ursa_signed_char_unsigned_short_unsigned_char_unsigned_short_i_214 | {5 6 }
	Port: mxm_execute_ursa_signed_char_unsigned_short_unsigned_char_unsigned_short_i_221 | {5 6 }
	Port: mxm_execute_ursa_signed_char_unsigned_short_unsigned_char_unsigned_short_i_228 | {5 6 }
	Port: mxm_execute_ursa_signed_char_unsigned_short_unsigned_char_unsigned_short_i_180 | {5 6 }
	Port: mxm_execute_ursa_signed_char_unsigned_short_unsigned_char_unsigned_short_i_187 | {5 6 }
	Port: mxm_execute_ursa_signed_char_unsigned_short_unsigned_char_unsigned_short_i_194 | {5 6 }
	Port: mxm_execute_ursa_signed_char_unsigned_short_unsigned_char_unsigned_short_i_201 | {5 6 }
	Port: mxm_execute_ursa_signed_char_unsigned_short_unsigned_char_unsigned_short_i_208 | {5 6 }
	Port: mxm_execute_ursa_signed_char_unsigned_short_unsigned_char_unsigned_short_i_215 | {5 6 }
	Port: mxm_execute_ursa_signed_char_unsigned_short_unsigned_char_unsigned_short_i_222 | {5 6 }
	Port: mxm_execute_ursa_signed_char_unsigned_short_unsigned_char_unsigned_short_i_229 | {5 6 }
	Port: mxm_execute_ursa_signed_char_unsigned_short_unsigned_char_unsigned_short_i_181 | {5 6 }
	Port: mxm_execute_ursa_signed_char_unsigned_short_unsigned_char_unsigned_short_i_188 | {5 6 }
	Port: mxm_execute_ursa_signed_char_unsigned_short_unsigned_char_unsigned_short_i_195 | {5 6 }
	Port: mxm_execute_ursa_signed_char_unsigned_short_unsigned_char_unsigned_short_i_202 | {5 6 }
	Port: mxm_execute_ursa_signed_char_unsigned_short_unsigned_char_unsigned_short_i_209 | {5 6 }
	Port: mxm_execute_ursa_signed_char_unsigned_short_unsigned_char_unsigned_short_i_216 | {5 6 }
	Port: mxm_execute_ursa_signed_char_unsigned_short_unsigned_char_unsigned_short_i_223 | {5 6 }
	Port: mxm_execute_ursa_signed_char_unsigned_short_unsigned_char_unsigned_short_i_230 | {5 6 }
	Port: mxm_execute_ursa_signed_char_unsigned_short_unsigned_char_unsigned_short_i_231 | {5 6 }
	Port: mxm_execute_ursa_signed_char_unsigned_short_unsigned_char_unsigned_short_i_232 | {5 6 }
	Port: mxm_execute_ursa_signed_char_unsigned_short_unsigned_char_unsigned_short_i_233 | {5 6 }
	Port: mxm_execute_ursa_signed_char_unsigned_short_unsigned_char_unsigned_short_i_234 | {5 6 }
	Port: mxm_execute_ursa_signed_char_unsigned_short_unsigned_char_unsigned_short_i_235 | {5 6 }
	Port: mxm_execute_ursa_signed_char_unsigned_short_unsigned_char_unsigned_short_i_236 | {5 6 }
	Port: mxm_execute_ursa_signed_char_unsigned_short_unsigned_char_unsigned_short_i_237 | {5 6 }
	Port: mxm_execute_ursa_signed_char_unsigned_short_unsigned_char_unsigned_short_i_238 | {5 6 }
	Port: mxm_execute_ursa_signed_char_unsigned_short_unsigned_char_unsigned_short_i_239 | {5 6 }
	Port: mxm_execute_ursa_signed_char_unsigned_short_unsigned_char_unsigned_short_i_240 | {5 6 }
	Port: mxm_execute_ursa_signed_char_unsigned_short_unsigned_char_unsigned_short_i_241 | {5 6 }
	Port: mxm_execute_ursa_signed_char_unsigned_short_unsigned_char_unsigned_short_i_242 | {5 6 }
	Port: mxm_execute_ursa_signed_char_unsigned_short_unsigned_char_unsigned_short_i_243 | {5 6 }
	Port: mxm_execute_ursa_signed_char_unsigned_short_unsigned_char_unsigned_short_i_244 | {5 6 }
	Port: mxm_execute_ursa_signed_char_unsigned_short_unsigned_char_unsigned_short_i_245 | {5 6 }
	Port: mxm_execute_ursa_signed_char_unsigned_short_unsigned_char_unsigned_short_i_246 | {5 6 }
	Port: mxm_execute_ursa_signed_char_unsigned_short_unsigned_char_unsigned_short_i_247 | {5 6 }
	Port: mxm_execute_ursa_signed_char_unsigned_short_unsigned_char_unsigned_short_i_248 | {5 6 }
	Port: mxm_execute_ursa_signed_char_unsigned_short_unsigned_char_unsigned_short_i_249 | {5 6 }
	Port: mxm_execute_ursa_signed_char_unsigned_short_unsigned_char_unsigned_short_i_250 | {5 6 }
	Port: mxm_execute_ursa_signed_char_unsigned_short_unsigned_char_unsigned_short_i_99 | {5 6 }
	Port: mxm_execute_ursa_signed_char_unsigned_short_unsigned_char_unsigned_short_i_98 | {5 6 }
	Port: mxm_execute_ursa_signed_char_unsigned_short_unsigned_char_unsigned_short_i_97 | {5 6 }
	Port: mxm_execute_ursa_signed_char_unsigned_short_unsigned_char_unsigned_short_i_96 | {5 6 }
	Port: mxm_execute_ursa_signed_char_unsigned_short_unsigned_char_unsigned_short_i_95 | {5 6 }
	Port: mxm_execute_ursa_signed_char_unsigned_short_unsigned_char_unsigned_short_i_94 | {5 6 }
	Port: mxm_execute_ursa_signed_char_unsigned_short_unsigned_char_unsigned_short_i_93 | {5 6 }
	Port: mxm_execute_ursa_signed_char_unsigned_short_unsigned_char_unsigned_short_i_92 | {5 6 }
	Port: mxm_execute_ursa_signed_char_unsigned_short_unsigned_char_unsigned_short_i_91 | {5 6 }
	Port: mxm_execute_ursa_signed_char_unsigned_short_unsigned_char_unsigned_short_i_90 | {5 6 }
	Port: mxm_execute_ursa_signed_char_unsigned_short_unsigned_char_unsigned_short_i_89 | {5 6 }
	Port: mxm_execute_ursa_signed_char_unsigned_short_unsigned_char_unsigned_short_i_88 | {5 6 }
	Port: mxm_execute_ursa_signed_char_unsigned_short_unsigned_char_unsigned_short_i_87 | {5 6 }
	Port: mxm_execute_ursa_signed_char_unsigned_short_unsigned_char_unsigned_short_i_86 | {5 6 }
	Port: mxm_execute_ursa_signed_char_unsigned_short_unsigned_char_unsigned_short_i_85 | {5 6 }
	Port: mxm_execute_ursa_signed_char_unsigned_short_unsigned_char_unsigned_short_i_84 | {5 6 }
	Port: mxm_execute_ursa_signed_char_unsigned_short_unsigned_char_unsigned_short_i_83 | {5 6 }
	Port: mxm_execute_ursa_signed_char_unsigned_short_unsigned_char_unsigned_short_i_82 | {5 6 }
	Port: mxm_execute_ursa_signed_char_unsigned_short_unsigned_char_unsigned_short_i_81 | {5 6 }
	Port: mxm_execute_ursa_signed_char_unsigned_short_unsigned_char_unsigned_short_i_80 | {5 6 }
	Port: mxm_execute_ursa_signed_char_unsigned_short_unsigned_char_unsigned_short_i_79 | {5 6 }
	Port: mxm_execute_ursa_signed_char_unsigned_short_unsigned_char_unsigned_short_i_78 | {5 6 }
	Port: mxm_execute_ursa_signed_char_unsigned_short_unsigned_char_unsigned_short_i_77 | {5 6 }
	Port: mxm_execute_ursa_signed_char_unsigned_short_unsigned_char_unsigned_short_i_76 | {5 6 }
	Port: mxm_execute_ursa_signed_char_unsigned_short_unsigned_char_unsigned_short_i_75 | {5 6 }
	Port: mxm_execute_ursa_signed_char_unsigned_short_unsigned_char_unsigned_short_i_74 | {5 6 }
	Port: mxm_execute_ursa_signed_char_unsigned_short_unsigned_char_unsigned_short_i_73 | {5 6 }
	Port: mxm_execute_ursa_signed_char_unsigned_short_unsigned_char_unsigned_short_i_72 | {5 6 }
	Port: mxm_execute_ursa_signed_char_unsigned_short_unsigned_char_unsigned_short_i_71 | {5 6 }
	Port: mxm_execute_ursa_signed_char_unsigned_short_unsigned_char_unsigned_short_i_70 | {5 6 }
	Port: mxm_execute_ursa_signed_char_unsigned_short_unsigned_char_unsigned_short_i_69 | {5 6 }
	Port: mxm_execute_ursa_signed_char_unsigned_short_unsigned_char_unsigned_short_i_68 | {5 6 }
	Port: mxm_execute_ursa_signed_char_unsigned_short_unsigned_char_unsigned_short_i_67 | {5 6 }
	Port: mxm_execute_ursa_signed_char_unsigned_short_unsigned_char_unsigned_short_i_66 | {5 6 }
	Port: mxm_execute_ursa_signed_char_unsigned_short_unsigned_char_unsigned_short_i_65 | {5 6 }
	Port: mxm_execute_ursa_signed_char_unsigned_short_unsigned_char_unsigned_short_i_64 | {5 6 }
	Port: mxm_execute_ursa_signed_char_unsigned_short_unsigned_char_unsigned_short_i_63 | {5 6 135 }
	Port: mxm_execute_ursa_signed_char_unsigned_short_unsigned_char_unsigned_short_i_62 | {5 6 135 }
	Port: mxm_execute_ursa_signed_char_unsigned_short_unsigned_char_unsigned_short_i_61 | {5 6 135 }
	Port: mxm_execute_ursa_signed_char_unsigned_short_unsigned_char_unsigned_short_i_60 | {5 6 135 }
	Port: mxm_execute_ursa_signed_char_unsigned_short_unsigned_char_unsigned_short_i_59 | {5 6 135 }
	Port: mxm_execute_ursa_signed_char_unsigned_short_unsigned_char_unsigned_short_i_58 | {5 6 135 }
	Port: mxm_execute_ursa_signed_char_unsigned_short_unsigned_char_unsigned_short_i_57 | {5 6 135 }
	Port: mxm_execute_ursa_signed_char_unsigned_short_unsigned_char_unsigned_short_i_56 | {5 6 135 }
	Port: mxm_execute_ursa_signed_char_unsigned_short_unsigned_char_unsigned_short_i_55 | {5 6 135 }
	Port: mxm_execute_ursa_signed_char_unsigned_short_unsigned_char_unsigned_short_i_54 | {5 6 135 }
	Port: mxm_execute_ursa_signed_char_unsigned_short_unsigned_char_unsigned_short_i_53 | {5 6 135 }
	Port: mxm_execute_ursa_signed_char_unsigned_short_unsigned_char_unsigned_short_i_52 | {5 6 135 }
	Port: mxm_execute_ursa_signed_char_unsigned_short_unsigned_char_unsigned_short_i_51 | {5 6 135 }
	Port: mxm_execute_ursa_signed_char_unsigned_short_unsigned_char_unsigned_short_i_50 | {5 6 135 }
	Port: mxm_execute_ursa_signed_char_unsigned_short_unsigned_char_unsigned_short_i_49 | {5 6 135 }
	Port: mxm_execute_ursa_signed_char_unsigned_short_unsigned_char_unsigned_short_i_48 | {5 6 135 }
	Port: mxm_execute_ursa_signed_char_unsigned_short_unsigned_char_unsigned_short_i_47 | {5 6 135 }
	Port: mxm_execute_ursa_signed_char_unsigned_short_unsigned_char_unsigned_short_i_46 | {5 6 135 }
	Port: mxm_execute_ursa_signed_char_unsigned_short_unsigned_char_unsigned_short_i_45 | {5 6 135 }
	Port: mxm_execute_ursa_signed_char_unsigned_short_unsigned_char_unsigned_short_i_44 | {5 6 135 }
	Port: mxm_execute_ursa_signed_char_unsigned_short_unsigned_char_unsigned_short_i_43 | {5 6 135 }
	Port: mxm_execute_ursa_signed_char_unsigned_short_unsigned_char_unsigned_short_i_42 | {5 6 135 }
	Port: mxm_execute_ursa_signed_char_unsigned_short_unsigned_char_unsigned_short_i_41 | {5 6 135 }
	Port: mxm_execute_ursa_signed_char_unsigned_short_unsigned_char_unsigned_short_i_40 | {5 6 135 }
	Port: mxm_execute_ursa_signed_char_unsigned_short_unsigned_char_unsigned_short_i_39 | {5 6 135 }
	Port: mxm_execute_ursa_signed_char_unsigned_short_unsigned_char_unsigned_short_i_38 | {5 6 135 }
	Port: mxm_execute_ursa_signed_char_unsigned_short_unsigned_char_unsigned_short_i_37 | {5 6 135 }
	Port: mxm_execute_ursa_signed_char_unsigned_short_unsigned_char_unsigned_short_i_36 | {5 6 135 }
	Port: mxm_execute_ursa_signed_char_unsigned_short_unsigned_char_unsigned_short_i_35 | {5 6 135 }
	Port: mxm_execute_ursa_signed_char_unsigned_short_unsigned_char_unsigned_short_i_34 | {5 6 135 }
	Port: mxm_execute_ursa_signed_char_unsigned_short_unsigned_char_unsigned_short_i_33 | {5 6 135 }
	Port: mxm_execute_ursa_signed_char_unsigned_short_unsigned_char_unsigned_short_i_32 | {5 6 135 }
	Port: mxm_execute_ursa_signed_char_unsigned_short_unsigned_char_unsigned_short_i_31 | {5 6 135 }
	Port: mxm_execute_ursa_signed_char_unsigned_short_unsigned_char_unsigned_short_i_30 | {5 6 135 }
	Port: mxm_execute_ursa_signed_char_unsigned_short_unsigned_char_unsigned_short_i_29 | {5 6 135 }
	Port: mxm_execute_ursa_signed_char_unsigned_short_unsigned_char_unsigned_short_i_28 | {5 6 135 }
	Port: mxm_execute_ursa_signed_char_unsigned_short_unsigned_char_unsigned_short_i_27 | {5 6 135 }
	Port: mxm_execute_ursa_signed_char_unsigned_short_unsigned_char_unsigned_short_i_26 | {5 6 135 }
	Port: mxm_execute_ursa_signed_char_unsigned_short_unsigned_char_unsigned_short_i_25 | {5 6 135 }
	Port: mxm_execute_ursa_signed_char_unsigned_short_unsigned_char_unsigned_short_i_24 | {5 6 135 }
	Port: mxm_execute_ursa_signed_char_unsigned_short_unsigned_char_unsigned_short_i_23 | {5 6 135 }
	Port: mxm_execute_ursa_signed_char_unsigned_short_unsigned_char_unsigned_short_i_22 | {5 6 135 }
	Port: mxm_execute_ursa_signed_char_unsigned_short_unsigned_char_unsigned_short_i_21 | {5 6 135 }
	Port: mxm_execute_ursa_signed_char_unsigned_short_unsigned_char_unsigned_short_i_20 | {5 6 135 }
	Port: mxm_execute_ursa_signed_char_unsigned_short_unsigned_char_unsigned_short_i_19 | {5 6 135 }
	Port: mxm_execute_ursa_signed_char_unsigned_short_unsigned_char_unsigned_short_i_18 | {5 6 135 }
	Port: mxm_execute_ursa_signed_char_unsigned_short_unsigned_char_unsigned_short_i_17 | {5 6 135 }
	Port: mxm_execute_ursa_signed_char_unsigned_short_unsigned_char_unsigned_short_i_16 | {5 6 135 }
	Port: mxm_execute_ursa_signed_char_unsigned_short_unsigned_char_unsigned_short_i_15 | {5 6 135 }
	Port: mxm_execute_ursa_signed_char_unsigned_short_unsigned_char_unsigned_short_i_14 | {5 6 135 }
	Port: mxm_execute_ursa_signed_char_unsigned_short_unsigned_char_unsigned_short_i_13 | {5 6 135 }
	Port: mxm_execute_ursa_signed_char_unsigned_short_unsigned_char_unsigned_short_i_12 | {5 6 135 }
	Port: mxm_execute_ursa_signed_char_unsigned_short_unsigned_char_unsigned_short_i_11 | {5 6 135 }
	Port: mxm_execute_ursa_signed_char_unsigned_short_unsigned_char_unsigned_short_i_10 | {5 6 135 }
	Port: mxm_execute_ursa_signed_char_unsigned_short_unsigned_char_unsigned_short_i_9 | {5 6 135 }
	Port: mxm_execute_ursa_signed_char_unsigned_short_unsigned_char_unsigned_short_i_8 | {5 6 135 }
	Port: mxm_execute_ursa_signed_char_unsigned_short_unsigned_char_unsigned_short_i_7 | {5 6 135 }
	Port: mxm_execute_ursa_signed_char_unsigned_short_unsigned_char_unsigned_short_i_6 | {5 6 135 }
	Port: mxm_execute_ursa_signed_char_unsigned_short_unsigned_char_unsigned_short_i_5 | {5 6 135 }
	Port: mxm_execute_ursa_signed_char_unsigned_short_unsigned_char_unsigned_short_i_4 | {5 6 135 }
	Port: mxm_execute_ursa_signed_char_unsigned_short_unsigned_char_unsigned_short_i_3 | {5 6 135 }
	Port: mxm_execute_ursa_signed_char_unsigned_short_unsigned_char_unsigned_short_i_2 | {5 6 135 }
	Port: mxm_execute_ursa_signed_char_unsigned_short_unsigned_char_unsigned_short_i_1 | {5 6 135 }
	Port: mxm_execute_ursa_signed_char_unsigned_short_unsigned_char_unsigned_short_i | {5 6 135 }
 - Input state : 
	Port: mxm_execute_ursa : aw | {5 6 }
	Port: mxm_execute_ursa : bi | {5 6 }
	Port: mxm_execute_ursa : addr_a0 | {1 }
	Port: mxm_execute_ursa : a0_p | {1 }
	Port: mxm_execute_ursa : addr_b0 | {1 }
	Port: mxm_execute_ursa : b0_q | {1 }
	Port: mxm_execute_ursa : addr_c0 | {1 }
	Port: mxm_execute_ursa : m | {1 }
	Port: mxm_execute_ursa : mxm_execute_ursa_signed_char_unsigned_short_unsigned_char_unsigned_short_i_175 | {5 6 }
	Port: mxm_execute_ursa : mxm_execute_ursa_signed_char_unsigned_short_unsigned_char_unsigned_short_i_182 | {5 6 }
	Port: mxm_execute_ursa : mxm_execute_ursa_signed_char_unsigned_short_unsigned_char_unsigned_short_i_189 | {5 6 }
	Port: mxm_execute_ursa : mxm_execute_ursa_signed_char_unsigned_short_unsigned_char_unsigned_short_i_196 | {5 6 }
	Port: mxm_execute_ursa : mxm_execute_ursa_signed_char_unsigned_short_unsigned_char_unsigned_short_i_203 | {5 6 }
	Port: mxm_execute_ursa : mxm_execute_ursa_signed_char_unsigned_short_unsigned_char_unsigned_short_i_210 | {5 6 }
	Port: mxm_execute_ursa : mxm_execute_ursa_signed_char_unsigned_short_unsigned_char_unsigned_short_i_217 | {5 6 }
	Port: mxm_execute_ursa : mxm_execute_ursa_signed_char_unsigned_short_unsigned_char_unsigned_short_i_224 | {5 6 }
	Port: mxm_execute_ursa : mxm_execute_ursa_signed_char_unsigned_short_unsigned_char_unsigned_short_i_176 | {5 6 }
	Port: mxm_execute_ursa : mxm_execute_ursa_signed_char_unsigned_short_unsigned_char_unsigned_short_i_183 | {5 6 }
	Port: mxm_execute_ursa : mxm_execute_ursa_signed_char_unsigned_short_unsigned_char_unsigned_short_i_190 | {5 6 }
	Port: mxm_execute_ursa : mxm_execute_ursa_signed_char_unsigned_short_unsigned_char_unsigned_short_i_197 | {5 6 }
	Port: mxm_execute_ursa : mxm_execute_ursa_signed_char_unsigned_short_unsigned_char_unsigned_short_i_204 | {5 6 }
	Port: mxm_execute_ursa : mxm_execute_ursa_signed_char_unsigned_short_unsigned_char_unsigned_short_i_211 | {5 6 }
	Port: mxm_execute_ursa : mxm_execute_ursa_signed_char_unsigned_short_unsigned_char_unsigned_short_i_218 | {5 6 }
	Port: mxm_execute_ursa : mxm_execute_ursa_signed_char_unsigned_short_unsigned_char_unsigned_short_i_225 | {5 6 }
	Port: mxm_execute_ursa : mxm_execute_ursa_signed_char_unsigned_short_unsigned_char_unsigned_short_i_177 | {5 6 }
	Port: mxm_execute_ursa : mxm_execute_ursa_signed_char_unsigned_short_unsigned_char_unsigned_short_i_184 | {5 6 }
	Port: mxm_execute_ursa : mxm_execute_ursa_signed_char_unsigned_short_unsigned_char_unsigned_short_i_191 | {5 6 }
	Port: mxm_execute_ursa : mxm_execute_ursa_signed_char_unsigned_short_unsigned_char_unsigned_short_i_198 | {5 6 }
	Port: mxm_execute_ursa : mxm_execute_ursa_signed_char_unsigned_short_unsigned_char_unsigned_short_i_205 | {5 6 }
	Port: mxm_execute_ursa : mxm_execute_ursa_signed_char_unsigned_short_unsigned_char_unsigned_short_i_212 | {5 6 }
	Port: mxm_execute_ursa : mxm_execute_ursa_signed_char_unsigned_short_unsigned_char_unsigned_short_i_219 | {5 6 }
	Port: mxm_execute_ursa : mxm_execute_ursa_signed_char_unsigned_short_unsigned_char_unsigned_short_i_226 | {5 6 }
	Port: mxm_execute_ursa : mxm_execute_ursa_signed_char_unsigned_short_unsigned_char_unsigned_short_i_178 | {5 6 }
	Port: mxm_execute_ursa : mxm_execute_ursa_signed_char_unsigned_short_unsigned_char_unsigned_short_i_185 | {5 6 }
	Port: mxm_execute_ursa : mxm_execute_ursa_signed_char_unsigned_short_unsigned_char_unsigned_short_i_192 | {5 6 }
	Port: mxm_execute_ursa : mxm_execute_ursa_signed_char_unsigned_short_unsigned_char_unsigned_short_i_199 | {5 6 }
	Port: mxm_execute_ursa : mxm_execute_ursa_signed_char_unsigned_short_unsigned_char_unsigned_short_i_206 | {5 6 }
	Port: mxm_execute_ursa : mxm_execute_ursa_signed_char_unsigned_short_unsigned_char_unsigned_short_i_213 | {5 6 }
	Port: mxm_execute_ursa : mxm_execute_ursa_signed_char_unsigned_short_unsigned_char_unsigned_short_i_220 | {5 6 }
	Port: mxm_execute_ursa : mxm_execute_ursa_signed_char_unsigned_short_unsigned_char_unsigned_short_i_227 | {5 6 }
	Port: mxm_execute_ursa : mxm_execute_ursa_signed_char_unsigned_short_unsigned_char_unsigned_short_i_179 | {5 6 }
	Port: mxm_execute_ursa : mxm_execute_ursa_signed_char_unsigned_short_unsigned_char_unsigned_short_i_186 | {5 6 }
	Port: mxm_execute_ursa : mxm_execute_ursa_signed_char_unsigned_short_unsigned_char_unsigned_short_i_193 | {5 6 }
	Port: mxm_execute_ursa : mxm_execute_ursa_signed_char_unsigned_short_unsigned_char_unsigned_short_i_200 | {5 6 }
	Port: mxm_execute_ursa : mxm_execute_ursa_signed_char_unsigned_short_unsigned_char_unsigned_short_i_207 | {5 6 }
	Port: mxm_execute_ursa : mxm_execute_ursa_signed_char_unsigned_short_unsigned_char_unsigned_short_i_214 | {5 6 }
	Port: mxm_execute_ursa : mxm_execute_ursa_signed_char_unsigned_short_unsigned_char_unsigned_short_i_221 | {5 6 }
	Port: mxm_execute_ursa : mxm_execute_ursa_signed_char_unsigned_short_unsigned_char_unsigned_short_i_228 | {5 6 }
	Port: mxm_execute_ursa : mxm_execute_ursa_signed_char_unsigned_short_unsigned_char_unsigned_short_i_180 | {5 6 }
	Port: mxm_execute_ursa : mxm_execute_ursa_signed_char_unsigned_short_unsigned_char_unsigned_short_i_187 | {5 6 }
	Port: mxm_execute_ursa : mxm_execute_ursa_signed_char_unsigned_short_unsigned_char_unsigned_short_i_194 | {5 6 }
	Port: mxm_execute_ursa : mxm_execute_ursa_signed_char_unsigned_short_unsigned_char_unsigned_short_i_201 | {5 6 }
	Port: mxm_execute_ursa : mxm_execute_ursa_signed_char_unsigned_short_unsigned_char_unsigned_short_i_208 | {5 6 }
	Port: mxm_execute_ursa : mxm_execute_ursa_signed_char_unsigned_short_unsigned_char_unsigned_short_i_215 | {5 6 }
	Port: mxm_execute_ursa : mxm_execute_ursa_signed_char_unsigned_short_unsigned_char_unsigned_short_i_222 | {5 6 }
	Port: mxm_execute_ursa : mxm_execute_ursa_signed_char_unsigned_short_unsigned_char_unsigned_short_i_229 | {5 6 }
	Port: mxm_execute_ursa : mxm_execute_ursa_signed_char_unsigned_short_unsigned_char_unsigned_short_i_181 | {5 6 }
	Port: mxm_execute_ursa : mxm_execute_ursa_signed_char_unsigned_short_unsigned_char_unsigned_short_i_188 | {5 6 }
	Port: mxm_execute_ursa : mxm_execute_ursa_signed_char_unsigned_short_unsigned_char_unsigned_short_i_195 | {5 6 }
	Port: mxm_execute_ursa : mxm_execute_ursa_signed_char_unsigned_short_unsigned_char_unsigned_short_i_202 | {5 6 }
	Port: mxm_execute_ursa : mxm_execute_ursa_signed_char_unsigned_short_unsigned_char_unsigned_short_i_209 | {5 6 }
	Port: mxm_execute_ursa : mxm_execute_ursa_signed_char_unsigned_short_unsigned_char_unsigned_short_i_216 | {5 6 }
	Port: mxm_execute_ursa : mxm_execute_ursa_signed_char_unsigned_short_unsigned_char_unsigned_short_i_223 | {5 6 }
	Port: mxm_execute_ursa : mxm_execute_ursa_signed_char_unsigned_short_unsigned_char_unsigned_short_i_230 | {5 6 }
	Port: mxm_execute_ursa : mxm_execute_ursa_signed_char_unsigned_short_unsigned_char_unsigned_short_i_231 | {5 6 }
	Port: mxm_execute_ursa : mxm_execute_ursa_signed_char_unsigned_short_unsigned_char_unsigned_short_i_232 | {5 6 }
	Port: mxm_execute_ursa : mxm_execute_ursa_signed_char_unsigned_short_unsigned_char_unsigned_short_i_233 | {5 6 }
	Port: mxm_execute_ursa : mxm_execute_ursa_signed_char_unsigned_short_unsigned_char_unsigned_short_i_234 | {5 6 }
	Port: mxm_execute_ursa : mxm_execute_ursa_signed_char_unsigned_short_unsigned_char_unsigned_short_i_235 | {5 6 }
	Port: mxm_execute_ursa : mxm_execute_ursa_signed_char_unsigned_short_unsigned_char_unsigned_short_i_236 | {5 6 }
	Port: mxm_execute_ursa : mxm_execute_ursa_signed_char_unsigned_short_unsigned_char_unsigned_short_i_237 | {5 6 }
	Port: mxm_execute_ursa : mxm_execute_ursa_signed_char_unsigned_short_unsigned_char_unsigned_short_i_238 | {5 6 }
	Port: mxm_execute_ursa : mxm_execute_ursa_signed_char_unsigned_short_unsigned_char_unsigned_short_i_239 | {5 6 }
	Port: mxm_execute_ursa : mxm_execute_ursa_signed_char_unsigned_short_unsigned_char_unsigned_short_i_240 | {5 6 }
	Port: mxm_execute_ursa : mxm_execute_ursa_signed_char_unsigned_short_unsigned_char_unsigned_short_i_241 | {5 6 }
	Port: mxm_execute_ursa : mxm_execute_ursa_signed_char_unsigned_short_unsigned_char_unsigned_short_i_242 | {5 6 }
	Port: mxm_execute_ursa : mxm_execute_ursa_signed_char_unsigned_short_unsigned_char_unsigned_short_i_243 | {5 6 }
	Port: mxm_execute_ursa : mxm_execute_ursa_signed_char_unsigned_short_unsigned_char_unsigned_short_i_244 | {5 6 }
	Port: mxm_execute_ursa : mxm_execute_ursa_signed_char_unsigned_short_unsigned_char_unsigned_short_i_245 | {5 6 }
	Port: mxm_execute_ursa : mxm_execute_ursa_signed_char_unsigned_short_unsigned_char_unsigned_short_i_246 | {5 6 }
	Port: mxm_execute_ursa : mxm_execute_ursa_signed_char_unsigned_short_unsigned_char_unsigned_short_i_247 | {5 6 }
	Port: mxm_execute_ursa : mxm_execute_ursa_signed_char_unsigned_short_unsigned_char_unsigned_short_i_248 | {5 6 }
	Port: mxm_execute_ursa : mxm_execute_ursa_signed_char_unsigned_short_unsigned_char_unsigned_short_i_249 | {5 6 }
	Port: mxm_execute_ursa : mxm_execute_ursa_signed_char_unsigned_short_unsigned_char_unsigned_short_i_250 | {5 6 }
	Port: mxm_execute_ursa : mxm_execute_ursa_signed_char_unsigned_short_unsigned_char_unsigned_short_i_99 | {5 6 }
	Port: mxm_execute_ursa : mxm_execute_ursa_signed_char_unsigned_short_unsigned_char_unsigned_short_i_98 | {5 6 }
	Port: mxm_execute_ursa : mxm_execute_ursa_signed_char_unsigned_short_unsigned_char_unsigned_short_i_97 | {5 6 }
	Port: mxm_execute_ursa : mxm_execute_ursa_signed_char_unsigned_short_unsigned_char_unsigned_short_i_96 | {5 6 }
	Port: mxm_execute_ursa : mxm_execute_ursa_signed_char_unsigned_short_unsigned_char_unsigned_short_i_95 | {5 6 }
	Port: mxm_execute_ursa : mxm_execute_ursa_signed_char_unsigned_short_unsigned_char_unsigned_short_i_94 | {5 6 }
	Port: mxm_execute_ursa : mxm_execute_ursa_signed_char_unsigned_short_unsigned_char_unsigned_short_i_93 | {5 6 }
	Port: mxm_execute_ursa : mxm_execute_ursa_signed_char_unsigned_short_unsigned_char_unsigned_short_i_92 | {5 6 }
	Port: mxm_execute_ursa : mxm_execute_ursa_signed_char_unsigned_short_unsigned_char_unsigned_short_i_91 | {5 6 }
	Port: mxm_execute_ursa : mxm_execute_ursa_signed_char_unsigned_short_unsigned_char_unsigned_short_i_90 | {5 6 }
	Port: mxm_execute_ursa : mxm_execute_ursa_signed_char_unsigned_short_unsigned_char_unsigned_short_i_89 | {5 6 }
	Port: mxm_execute_ursa : mxm_execute_ursa_signed_char_unsigned_short_unsigned_char_unsigned_short_i_88 | {5 6 }
	Port: mxm_execute_ursa : mxm_execute_ursa_signed_char_unsigned_short_unsigned_char_unsigned_short_i_87 | {5 6 }
	Port: mxm_execute_ursa : mxm_execute_ursa_signed_char_unsigned_short_unsigned_char_unsigned_short_i_86 | {5 6 }
	Port: mxm_execute_ursa : mxm_execute_ursa_signed_char_unsigned_short_unsigned_char_unsigned_short_i_85 | {5 6 }
	Port: mxm_execute_ursa : mxm_execute_ursa_signed_char_unsigned_short_unsigned_char_unsigned_short_i_84 | {5 6 }
	Port: mxm_execute_ursa : mxm_execute_ursa_signed_char_unsigned_short_unsigned_char_unsigned_short_i_83 | {5 6 }
	Port: mxm_execute_ursa : mxm_execute_ursa_signed_char_unsigned_short_unsigned_char_unsigned_short_i_82 | {5 6 }
	Port: mxm_execute_ursa : mxm_execute_ursa_signed_char_unsigned_short_unsigned_char_unsigned_short_i_81 | {5 6 }
	Port: mxm_execute_ursa : mxm_execute_ursa_signed_char_unsigned_short_unsigned_char_unsigned_short_i_80 | {5 6 }
	Port: mxm_execute_ursa : mxm_execute_ursa_signed_char_unsigned_short_unsigned_char_unsigned_short_i_79 | {5 6 }
	Port: mxm_execute_ursa : mxm_execute_ursa_signed_char_unsigned_short_unsigned_char_unsigned_short_i_78 | {5 6 }
	Port: mxm_execute_ursa : mxm_execute_ursa_signed_char_unsigned_short_unsigned_char_unsigned_short_i_77 | {5 6 }
	Port: mxm_execute_ursa : mxm_execute_ursa_signed_char_unsigned_short_unsigned_char_unsigned_short_i_76 | {5 6 }
	Port: mxm_execute_ursa : mxm_execute_ursa_signed_char_unsigned_short_unsigned_char_unsigned_short_i_75 | {5 6 }
	Port: mxm_execute_ursa : mxm_execute_ursa_signed_char_unsigned_short_unsigned_char_unsigned_short_i_74 | {5 6 }
	Port: mxm_execute_ursa : mxm_execute_ursa_signed_char_unsigned_short_unsigned_char_unsigned_short_i_73 | {5 6 }
	Port: mxm_execute_ursa : mxm_execute_ursa_signed_char_unsigned_short_unsigned_char_unsigned_short_i_72 | {5 6 }
	Port: mxm_execute_ursa : mxm_execute_ursa_signed_char_unsigned_short_unsigned_char_unsigned_short_i_71 | {5 6 }
	Port: mxm_execute_ursa : mxm_execute_ursa_signed_char_unsigned_short_unsigned_char_unsigned_short_i_70 | {5 6 }
	Port: mxm_execute_ursa : mxm_execute_ursa_signed_char_unsigned_short_unsigned_char_unsigned_short_i_69 | {5 6 }
	Port: mxm_execute_ursa : mxm_execute_ursa_signed_char_unsigned_short_unsigned_char_unsigned_short_i_68 | {5 6 }
	Port: mxm_execute_ursa : mxm_execute_ursa_signed_char_unsigned_short_unsigned_char_unsigned_short_i_67 | {5 6 }
	Port: mxm_execute_ursa : mxm_execute_ursa_signed_char_unsigned_short_unsigned_char_unsigned_short_i_66 | {5 6 }
	Port: mxm_execute_ursa : mxm_execute_ursa_signed_char_unsigned_short_unsigned_char_unsigned_short_i_65 | {5 6 }
	Port: mxm_execute_ursa : mxm_execute_ursa_signed_char_unsigned_short_unsigned_char_unsigned_short_i_64 | {5 6 }
	Port: mxm_execute_ursa : mxm_execute_ursa_signed_char_unsigned_short_unsigned_char_unsigned_short_i_63 | {5 6 66 }
	Port: mxm_execute_ursa : mxm_execute_ursa_signed_char_unsigned_short_unsigned_char_unsigned_short_i_62 | {5 6 67 }
	Port: mxm_execute_ursa : mxm_execute_ursa_signed_char_unsigned_short_unsigned_char_unsigned_short_i_61 | {5 6 68 }
	Port: mxm_execute_ursa : mxm_execute_ursa_signed_char_unsigned_short_unsigned_char_unsigned_short_i_60 | {5 6 69 }
	Port: mxm_execute_ursa : mxm_execute_ursa_signed_char_unsigned_short_unsigned_char_unsigned_short_i_59 | {5 6 70 }
	Port: mxm_execute_ursa : mxm_execute_ursa_signed_char_unsigned_short_unsigned_char_unsigned_short_i_58 | {5 6 71 }
	Port: mxm_execute_ursa : mxm_execute_ursa_signed_char_unsigned_short_unsigned_char_unsigned_short_i_57 | {5 6 72 }
	Port: mxm_execute_ursa : mxm_execute_ursa_signed_char_unsigned_short_unsigned_char_unsigned_short_i_56 | {5 6 73 }
	Port: mxm_execute_ursa : mxm_execute_ursa_signed_char_unsigned_short_unsigned_char_unsigned_short_i_55 | {5 6 74 }
	Port: mxm_execute_ursa : mxm_execute_ursa_signed_char_unsigned_short_unsigned_char_unsigned_short_i_54 | {5 6 75 }
	Port: mxm_execute_ursa : mxm_execute_ursa_signed_char_unsigned_short_unsigned_char_unsigned_short_i_53 | {5 6 76 }
	Port: mxm_execute_ursa : mxm_execute_ursa_signed_char_unsigned_short_unsigned_char_unsigned_short_i_52 | {5 6 77 }
	Port: mxm_execute_ursa : mxm_execute_ursa_signed_char_unsigned_short_unsigned_char_unsigned_short_i_51 | {5 6 78 }
	Port: mxm_execute_ursa : mxm_execute_ursa_signed_char_unsigned_short_unsigned_char_unsigned_short_i_50 | {5 6 79 }
	Port: mxm_execute_ursa : mxm_execute_ursa_signed_char_unsigned_short_unsigned_char_unsigned_short_i_49 | {5 6 80 }
	Port: mxm_execute_ursa : mxm_execute_ursa_signed_char_unsigned_short_unsigned_char_unsigned_short_i_48 | {5 6 81 }
	Port: mxm_execute_ursa : mxm_execute_ursa_signed_char_unsigned_short_unsigned_char_unsigned_short_i_47 | {5 6 82 }
	Port: mxm_execute_ursa : mxm_execute_ursa_signed_char_unsigned_short_unsigned_char_unsigned_short_i_46 | {5 6 83 }
	Port: mxm_execute_ursa : mxm_execute_ursa_signed_char_unsigned_short_unsigned_char_unsigned_short_i_45 | {5 6 84 }
	Port: mxm_execute_ursa : mxm_execute_ursa_signed_char_unsigned_short_unsigned_char_unsigned_short_i_44 | {5 6 85 }
	Port: mxm_execute_ursa : mxm_execute_ursa_signed_char_unsigned_short_unsigned_char_unsigned_short_i_43 | {5 6 86 }
	Port: mxm_execute_ursa : mxm_execute_ursa_signed_char_unsigned_short_unsigned_char_unsigned_short_i_42 | {5 6 87 }
	Port: mxm_execute_ursa : mxm_execute_ursa_signed_char_unsigned_short_unsigned_char_unsigned_short_i_41 | {5 6 88 }
	Port: mxm_execute_ursa : mxm_execute_ursa_signed_char_unsigned_short_unsigned_char_unsigned_short_i_40 | {5 6 89 }
	Port: mxm_execute_ursa : mxm_execute_ursa_signed_char_unsigned_short_unsigned_char_unsigned_short_i_39 | {5 6 90 }
	Port: mxm_execute_ursa : mxm_execute_ursa_signed_char_unsigned_short_unsigned_char_unsigned_short_i_38 | {5 6 91 }
	Port: mxm_execute_ursa : mxm_execute_ursa_signed_char_unsigned_short_unsigned_char_unsigned_short_i_37 | {5 6 92 }
	Port: mxm_execute_ursa : mxm_execute_ursa_signed_char_unsigned_short_unsigned_char_unsigned_short_i_36 | {5 6 93 }
	Port: mxm_execute_ursa : mxm_execute_ursa_signed_char_unsigned_short_unsigned_char_unsigned_short_i_35 | {5 6 94 }
	Port: mxm_execute_ursa : mxm_execute_ursa_signed_char_unsigned_short_unsigned_char_unsigned_short_i_34 | {5 6 95 }
	Port: mxm_execute_ursa : mxm_execute_ursa_signed_char_unsigned_short_unsigned_char_unsigned_short_i_33 | {5 6 96 }
	Port: mxm_execute_ursa : mxm_execute_ursa_signed_char_unsigned_short_unsigned_char_unsigned_short_i_32 | {5 6 97 }
	Port: mxm_execute_ursa : mxm_execute_ursa_signed_char_unsigned_short_unsigned_char_unsigned_short_i_31 | {5 6 98 }
	Port: mxm_execute_ursa : mxm_execute_ursa_signed_char_unsigned_short_unsigned_char_unsigned_short_i_30 | {5 6 99 }
	Port: mxm_execute_ursa : mxm_execute_ursa_signed_char_unsigned_short_unsigned_char_unsigned_short_i_29 | {5 6 100 }
	Port: mxm_execute_ursa : mxm_execute_ursa_signed_char_unsigned_short_unsigned_char_unsigned_short_i_28 | {5 6 101 }
	Port: mxm_execute_ursa : mxm_execute_ursa_signed_char_unsigned_short_unsigned_char_unsigned_short_i_27 | {5 6 102 }
	Port: mxm_execute_ursa : mxm_execute_ursa_signed_char_unsigned_short_unsigned_char_unsigned_short_i_26 | {5 6 103 }
	Port: mxm_execute_ursa : mxm_execute_ursa_signed_char_unsigned_short_unsigned_char_unsigned_short_i_25 | {5 6 104 }
	Port: mxm_execute_ursa : mxm_execute_ursa_signed_char_unsigned_short_unsigned_char_unsigned_short_i_24 | {5 6 105 }
	Port: mxm_execute_ursa : mxm_execute_ursa_signed_char_unsigned_short_unsigned_char_unsigned_short_i_23 | {5 6 106 }
	Port: mxm_execute_ursa : mxm_execute_ursa_signed_char_unsigned_short_unsigned_char_unsigned_short_i_22 | {5 6 107 }
	Port: mxm_execute_ursa : mxm_execute_ursa_signed_char_unsigned_short_unsigned_char_unsigned_short_i_21 | {5 6 108 }
	Port: mxm_execute_ursa : mxm_execute_ursa_signed_char_unsigned_short_unsigned_char_unsigned_short_i_20 | {5 6 109 }
	Port: mxm_execute_ursa : mxm_execute_ursa_signed_char_unsigned_short_unsigned_char_unsigned_short_i_19 | {5 6 110 }
	Port: mxm_execute_ursa : mxm_execute_ursa_signed_char_unsigned_short_unsigned_char_unsigned_short_i_18 | {5 6 111 }
	Port: mxm_execute_ursa : mxm_execute_ursa_signed_char_unsigned_short_unsigned_char_unsigned_short_i_17 | {5 6 112 }
	Port: mxm_execute_ursa : mxm_execute_ursa_signed_char_unsigned_short_unsigned_char_unsigned_short_i_16 | {5 6 113 }
	Port: mxm_execute_ursa : mxm_execute_ursa_signed_char_unsigned_short_unsigned_char_unsigned_short_i_15 | {5 6 114 }
	Port: mxm_execute_ursa : mxm_execute_ursa_signed_char_unsigned_short_unsigned_char_unsigned_short_i_14 | {5 6 115 }
	Port: mxm_execute_ursa : mxm_execute_ursa_signed_char_unsigned_short_unsigned_char_unsigned_short_i_13 | {5 6 116 }
	Port: mxm_execute_ursa : mxm_execute_ursa_signed_char_unsigned_short_unsigned_char_unsigned_short_i_12 | {5 6 117 }
	Port: mxm_execute_ursa : mxm_execute_ursa_signed_char_unsigned_short_unsigned_char_unsigned_short_i_11 | {5 6 118 }
	Port: mxm_execute_ursa : mxm_execute_ursa_signed_char_unsigned_short_unsigned_char_unsigned_short_i_10 | {5 6 119 }
	Port: mxm_execute_ursa : mxm_execute_ursa_signed_char_unsigned_short_unsigned_char_unsigned_short_i_9 | {5 6 120 }
	Port: mxm_execute_ursa : mxm_execute_ursa_signed_char_unsigned_short_unsigned_char_unsigned_short_i_8 | {5 6 121 }
	Port: mxm_execute_ursa : mxm_execute_ursa_signed_char_unsigned_short_unsigned_char_unsigned_short_i_7 | {5 6 122 }
	Port: mxm_execute_ursa : mxm_execute_ursa_signed_char_unsigned_short_unsigned_char_unsigned_short_i_6 | {5 6 123 }
	Port: mxm_execute_ursa : mxm_execute_ursa_signed_char_unsigned_short_unsigned_char_unsigned_short_i_5 | {5 6 124 }
	Port: mxm_execute_ursa : mxm_execute_ursa_signed_char_unsigned_short_unsigned_char_unsigned_short_i_4 | {5 6 125 }
	Port: mxm_execute_ursa : mxm_execute_ursa_signed_char_unsigned_short_unsigned_char_unsigned_short_i_3 | {5 6 126 }
	Port: mxm_execute_ursa : mxm_execute_ursa_signed_char_unsigned_short_unsigned_char_unsigned_short_i_2 | {5 6 127 }
	Port: mxm_execute_ursa : mxm_execute_ursa_signed_char_unsigned_short_unsigned_char_unsigned_short_i_1 | {5 6 128 }
	Port: mxm_execute_ursa : mxm_execute_ursa_signed_char_unsigned_short_unsigned_char_unsigned_short_i | {5 6 129 }
  - Chain level:
	State 1
		store_ln0 : 1
		store_ln267 : 1
		store_ln268 : 1
	State 2
		sub24 : 1
		cast : 1
		cast1 : 1
		bound : 2
	State 3
		icmp_ln267 : 1
		add_ln267 : 1
		br_ln267 : 2
		icmp_ln268 : 1
		select_ln267 : 2
		add_ln267_1 : 1
		select_ln267_1 : 2
		add_ln268 : 3
		store_ln267 : 2
		store_ln267 : 3
		store_ln268 : 4
	State 4
		mul_ln267 : 1
		mul_ln267_1 : 1
	State 5
		call_ln140 : 1
		zext_ln300_2 : 1
		add_ln300 : 2
		shl_ln300_1 : 3
		addr_sa_c : 4
	State 6
	State 7
	State 8
	State 9
	State 10
	State 11
	State 12
	State 13
	State 14
	State 15
	State 16
	State 17
	State 18
	State 19
	State 20
	State 21
	State 22
	State 23
	State 24
	State 25
	State 26
	State 27
	State 28
	State 29
	State 30
	State 31
	State 32
	State 33
	State 34
	State 35
	State 36
	State 37
	State 38
	State 39
	State 40
	State 41
	State 42
	State 43
	State 44
	State 45
	State 46
	State 47
	State 48
	State 49
	State 50
	State 51
	State 52
	State 53
	State 54
	State 55
	State 56
	State 57
	State 58
	State 59
	State 60
	State 61
	State 62
	State 63
	State 64
	State 65
	State 66
	State 67
	State 68
	State 69
	State 70
	State 71
	State 72
	State 73
	State 74
	State 75
	State 76
	State 77
	State 78
	State 79
	State 80
	State 81
	State 82
	State 83
	State 84
	State 85
	State 86
	State 87
	State 88
	State 89
	State 90
	State 91
	State 92
	State 93
	State 94
	State 95
	State 96
	State 97
	State 98
	State 99
	State 100
	State 101
	State 102
	State 103
	State 104
	State 105
	State 106
	State 107
	State 108
	State 109
	State 110
	State 111
	State 112
	State 113
	State 114
	State 115
	State 116
	State 117
	State 118
	State 119
	State 120
	State 121
	State 122
	State 123
	State 124
	State 125
	State 126
	State 127
	State 128
	State 129
	State 130
	State 131
	State 132
	State 133
	State 134
	State 135


============================================================
+ Verbose Summary: Datapath Resource usage 
============================================================

* Functional unit list:
|----------|-------------------------------------------------------|---------|---------|---------|---------|
| Operation|                    Functional Unit                    |   DSP   |  Delay  |    FF   |   LUT   |
|----------|-------------------------------------------------------|---------|---------|---------|---------|
|          | grp_mxm_execute_ursa_Pipeline_VITIS_LOOP_284_3_fu_522 |    72   | 228.367 |   4921  |   4228  |
|   call   |                  grp_sa_store_fu_891                  |    0    |  25.408 |   583   |   428   |
|          |              call_ln302_sa_reset_fu_1027              |    0    |    0    |    0    |    0    |
|----------|-------------------------------------------------------|---------|---------|---------|---------|
|          |                     sub24_fu_1178                     |    0    |    0    |    0    |    23   |
|          |                   add_ln267_fu_1234                   |    0    |    0    |    0    |    33   |
|    add   |                  add_ln267_1_fu_1259                  |    0    |    0    |    0    |    14   |
|          |                   add_ln268_fu_1273                   |    0    |    0    |    0    |    14   |
|          |                   add_ln300_fu_1338                   |    0    |    0    |    0    |    37   |
|          |                   addr_sa_c_fu_1352                   |    0    |    0    |    0    |    39   |
|----------|-------------------------------------------------------|---------|---------|---------|---------|
|   icmp   |                   icmp_ln267_fu_1229                  |    0    |    0    |    0    |    33   |
|          |                   icmp_ln268_fu_1246                  |    0    |    0    |    0    |    14   |
|----------|-------------------------------------------------------|---------|---------|---------|---------|
|  select  |                  select_ln267_fu_1251                 |    0    |    0    |    0    |    13   |
|          |                 select_ln267_1_fu_1265                |    0    |    0    |    0    |    13   |
|----------|-------------------------------------------------------|---------|---------|---------|---------|
|          |                     bound_fu_1220                     |    1    |    0    |    0    |    6    |
|    mul   |                   mul_ln267_fu_1297                   |    1    |    0    |    0    |    6    |
|          |                  mul_ln267_1_fu_1305                  |    1    |    0    |    0    |    6    |
|----------|-------------------------------------------------------|---------|---------|---------|---------|
|          |                    grp_read_fu_486                    |    0    |    0    |    0    |    0    |
|          |                addr_c0_read_read_fu_492               |    0    |    0    |    0    |    0    |
|   read   |                    grp_read_fu_498                    |    0    |    0    |    0    |    0    |
|          |                addr_b0_read_read_fu_504               |    0    |    0    |    0    |    0    |
|          |                    grp_read_fu_510                    |    0    |    0    |    0    |    0    |
|          |                addr_a0_read_read_fu_516               |    0    |    0    |    0    |    0    |
|----------|-------------------------------------------------------|---------|---------|---------|---------|
|          |                     m_cast_fu_1174                    |    0    |    0    |    0    |    0    |
|          |                  zext_ln300_1_fu_1204                 |    0    |    0    |    0    |    0    |
|          |                   zext_ln300_fu_1208                  |    0    |    0    |    0    |    0    |
|   zext   |                      cast_fu_1212                     |    0    |    0    |    0    |    0    |
|          |                     cast1_fu_1216                     |    0    |    0    |    0    |    0    |
|          |                   zext_ln267_fu_1294                  |    0    |    0    |    0    |    0    |
|          |                  zext_ln267_1_fu_1302                 |    0    |    0    |    0    |    0    |
|          |                  zext_ln300_2_fu_1334                 |    0    |    0    |    0    |    0    |
|----------|-------------------------------------------------------|---------|---------|---------|---------|
|partselect|                  call_b_cast_fu_1184                  |    0    |    0    |    0    |    0    |
|          |                    trunc_ln_fu_1194                   |    0    |    0    |    0    |    0    |
|----------|-------------------------------------------------------|---------|---------|---------|---------|
|          |                shl_ln21_1_mid2_fu_1310                |    0    |    0    |    0    |    0    |
|bitconcatenate|                 shl_ln300_mid2_fu_1318                |    0    |    0    |    0    |    0    |
|          |                     shl_ln_fu_1325                    |    0    |    0    |    0    |    0    |
|          |                  shl_ln300_1_fu_1344                  |    0    |    0    |    0    |    0    |
|----------|-------------------------------------------------------|---------|---------|---------|---------|
|   Total  |                                                       |    75   | 253.775 |   5504  |   4907  |
|----------|-------------------------------------------------------|---------|---------|---------|---------|

Memories:
N/A

* Register list:
+------------------------+--------+
|                        |   FF   |
+------------------------+--------+
|  addr_a0_read_reg_1388 |   32   |
|  addr_b0_read_reg_1383 |   32   |
|  addr_c0_read_reg_1378 |   32   |
|   addr_sa_c_reg_1465   |   32   |
|   b0_q_read_reg_1399   |   16   |
|     bound_reg_1425     |   26   |
|  call_b_cast_reg_1410  |   13   |
|       i_reg_1364       |   13   |
| indvar_flatten_reg_1371|   26   |
|       j_reg_1357       |   13   |
|     m_read_reg_1393    |   16   |
|  mul_ln267_1_reg_1449  |   27   |
|   mul_ln267_reg_1444   |   29   |
| select_ln267_1_reg_1438|   13   |
|  select_ln267_reg_1433 |   13   |
|shl_ln21_1_mid2_reg_1454|   32   |
|     shl_ln_reg_1459    |   16   |
|     sub24_reg_1405     |   17   |
|  zext_ln300_1_reg_1415 |   29   |
|   zext_ln300_reg_1420  |   27   |
+------------------------+--------+
|          Total         |   454  |
+------------------------+--------+

* Multiplexer (MUX) list: 
|-------------------------------------------------------|------|------|------|--------||---------||---------|
|                          Comp                         |  Pin | Size |  BW  | S x BW ||  Delay  ||   LUT   |
|-------------------------------------------------------|------|------|------|--------||---------||---------|
| grp_mxm_execute_ursa_Pipeline_VITIS_LOOP_284_3_fu_522 |  p7  |   2  |  32  |   64   ||    9    |
| grp_mxm_execute_ursa_Pipeline_VITIS_LOOP_284_3_fu_522 |  p9  |   2  |  16  |   32   ||    9    |
| grp_mxm_execute_ursa_Pipeline_VITIS_LOOP_284_3_fu_522 |  p11 |   2  |  16  |   32   ||    9    |
|-------------------------------------------------------|------|------|------|--------||---------||---------|
|                         Total                         |      |      |      |   128  ||  4.764  ||    27   |
|-------------------------------------------------------|------|------|------|--------||---------||---------|



* Summary:
+-----------+--------+--------+--------+--------+
|           |   DSP  |  Delay |   FF   |   LUT  |
+-----------+--------+--------+--------+--------+
|  Function |   75   |   253  |  5504  |  4907  |
|   Memory  |    -   |    -   |    -   |    -   |
|Multiplexer|    -   |    4   |    -   |   27   |
|  Register |    -   |    -   |   454  |    -   |
+-----------+--------+--------+--------+--------+
|   Total   |   75   |   258  |  5958  |  4934  |
+-----------+--------+--------+--------+--------+
