

================================================================
== Synthesis Summary Report of 'mxm_execute_ursa'
================================================================
+ General Information: 
    * Date:           Mon Sep 21 23:36:00 2026
    * Version:        2023.2 (Build 4023990 on Oct 11 2023)
    * Project:        mxm_execute_ursa
    * Solution:       hls (Vivado IP Flow Target)
    * Product family: zynq
    * Target device:  xc7z020-clg484-1
    

+ Performance & Resource Estimates: 
    
    PS: '+' for module; 'o' for loop; '*' for dataflow
    +----------------------------------------+--------+-------+----------------+-----------+----------+----------------+----------+----------+--------+---------+-------------+--------------+-----+
    |                 Modules                |  Issue |       |    Latency     |  Latency  | Iteration|                |   Trip   |          |        |         |             |              |     |
    |                 & Loops                |  Type  | Slack |    (cycles)    |    (ns)   |  Latency |    Interval    |   Count  | Pipelined|  BRAM  |   DSP   |      FF     |      LUT     | URAM|
    +----------------------------------------+--------+-------+----------------+-----------+----------+----------------+----------+----------+--------+---------+-------------+--------------+-----+
    |+ mxm_execute_ursa                      |  Timing|  -0.04|  17596190696179|  8.798e+13|         -|  17596190696180|         -|        no|  8 (2%)|   8 (3%)|  68820 (64%)|  75295 (141%)|    -|
    | o TILE_ROW_TILE_COL                    |       -|   3.65|  17596190696175|  8.798e+13|   1049327|               -|  16769025|        no|       -|        -|            -|             -|    -|
    |  + mxm_execute_ursa_Pipeline_STREAM_K  |  Timing|  -0.04|         1049060|  5.245e+06|         -|         1049060|         -|        no|       -|   5 (2%)|  59200 (55%)|  66059 (124%)|    -|
    |   o STREAM_K                           |      II|   3.65|         1049058|  5.245e+06|        35|              16|     65565|       yes|       -|        -|            -|             -|    -|
    |  + sa_store                            |       -|   0.00|             261|  1.305e+03|         -|             261|         -|        no|       -|  2 (~0%)|    974 (~0%)|     3558 (6%)|    -|
    |  + sa_reset                            |       -|   3.65|               0|      0.000|         -|               1|         -|       yes|       -|        -|            -|             -|    -|
    +----------------------------------------+--------+-------+----------------+-----------+----------+----------------+----------+----------+--------+---------+-------------+--------------+-----+


================================================================
== HW Interfaces
================================================================
* M_AXI
+-----------+------------+---------------+---------+--------+----------+-----------+--------------+--------------+-------------+-------------+-------------------+
| Interface | Data Width | Address Width | Latency | Offset | Register | Max Widen | Max Read     | Max Write    | Num Read    | Num Write   | Resource Estimate |
|           | (SW->HW)   |               |         |        |          | Bitwidth  | Burst Length | Burst Length | Outstanding | Outstanding |                   |
+-----------+------------+---------------+---------+--------+----------+-----------+--------------+--------------+-------------+-------------+-------------------+
| m_axi_aw  | 8 -> 8     | 32            | 0       | slave  | 0        | 0         | 16           | 2            | 16          | 1           | BRAM=2            |
| m_axi_bi  | 8 -> 8     | 32            | 0       | slave  | 0        | 0         | 16           | 2            | 16          | 1           | BRAM=2            |
| m_axi_ca  | 32 -> 32   | 32            | 0       | slave  | 0        | 0         | 2            | 16           | 1           | 32          | BRAM=4            |
+-----------+------------+---------------+---------+--------+----------+-----------+--------------+--------------+-------------+-------------+-------------------+

* S_AXILITE Interfaces
+---------------+------------+---------------+--------+----------+
| Interface     | Data Width | Address Width | Offset | Register |
+---------------+------------+---------------+--------+----------+
| s_axi_ap      | 32         | 6             | 24     | 1        |
| s_axi_control | 32         | 6             | 16     | 0        |
+---------------+------------+---------------+--------+----------+

* S_AXILITE Registers
+---------------+-----------+--------+-------+--------+----------------------------------+----------------------------------------------------------------------+
| Interface     | Register  | Offset | Width | Access | Description                      | Bit Fields                                                           |
+---------------+-----------+--------+-------+--------+----------------------------------+----------------------------------------------------------------------+
| s_axi_ap      | CTRL      | 0x00   | 32    | RW     | Control signals                  | 0=AP_START 1=AP_DONE 2=AP_IDLE 3=AP_READY 7=AUTO_RESTART 9=INTERRUPT |
| s_axi_ap      | GIER      | 0x04   | 32    | RW     | Global Interrupt Enable Register | 0=Enable                                                             |
| s_axi_ap      | IP_IER    | 0x08   | 32    | RW     | IP Interrupt Enable Register     | 0=CHAN0_INT_EN 1=CHAN1_INT_EN                                        |
| s_axi_ap      | IP_ISR    | 0x0c   | 32    | RW     | IP Interrupt Status Register     | 0=CHAN0_INT_ST 1=CHAN1_INT_ST                                        |
| s_axi_ap      | ap_return | 0x10   | 32    | R      | Data signal of ap_return         |                                                                      |
| s_axi_ap      | a0_p      | 0x18   | 32    | W      | Data signal of a0_p              |                                                                      |
| s_axi_ap      | b0_q      | 0x20   | 32    | W      | Data signal of b0_q              |                                                                      |
| s_axi_ap      | m         | 0x28   | 32    | W      | Data signal of m                 |                                                                      |
| s_axi_control | addr_a0   | 0x10   | 32    | W      | Data signal of addr_a0           |                                                                      |
| s_axi_control | addr_b0   | 0x18   | 32    | W      | Data signal of addr_b0           |                                                                      |
| s_axi_control | addr_c0   | 0x20   | 32    | W      | Data signal of addr_c0           |                                                                      |
+---------------+-----------+--------+-------+--------+----------------------------------+----------------------------------------------------------------------+

* TOP LEVEL CONTROL
+-----------+------------+-----------+
| Interface | Type       | Ports     |
+-----------+------------+-----------+
| ap_clk    | clock      | ap_clk    |
| ap_rst_n  | reset      | ap_rst_n  |
| interrupt | interrupt  | interrupt |
| ap_ctrl   | ap_ctrl_hs |           |
+-----------+------------+-----------+


================================================================
== SW I/O Information
================================================================
* Top Function Arguments
+----------+-----------+----------------+
| Argument | Direction | Datatype       |
+----------+-----------+----------------+
| addr_a0  | in        | signed char*   |
| a0_p     | in        | unsigned short |
| addr_b0  | in        | unsigned char* |
| b0_q     | in        | unsigned short |
| addr_c0  | out       | int*           |
| m        | in        | unsigned short |
| return   | out       | unsigned char  |
+----------+-----------+----------------+

* SW-to-HW Mapping
+----------+---------------+-----------+----------+-------------------------------------+
| Argument | HW Interface  | HW Type   | HW Usage | HW Info                             |
+----------+---------------+-----------+----------+-------------------------------------+
| addr_a0  | m_axi_aw      | interface |          |                                     |
| addr_a0  | s_axi_control | register  | offset   | name=addr_a0 offset=0x10 range=32   |
| a0_p     | s_axi_ap      | register  |          | name=a0_p offset=0x18 range=32      |
| addr_b0  | m_axi_bi      | interface |          |                                     |
| addr_b0  | s_axi_control | register  | offset   | name=addr_b0 offset=0x18 range=32   |
| b0_q     | s_axi_ap      | register  |          | name=b0_q offset=0x20 range=32      |
| addr_c0  | m_axi_ca      | interface |          |                                     |
| addr_c0  | s_axi_control | register  | offset   | name=addr_c0 offset=0x20 range=32   |
| m        | s_axi_ap      | register  |          | name=m offset=0x28 range=32         |
| return   | s_axi_ap      | register  |          | name=ap_return offset=0x10 range=32 |
+----------+---------------+-----------+----------+-------------------------------------+


================================================================
== M_AXI Burst Information
================================================================
 Note: All burst requests might be further partitioned into multiple requests during RTL generation based on max_read_burst_length or max_write_burst_length settings.

* Inferred Burst Summary
+--------------+-----------+--------+-------+
| HW Interface | Direction | Length | Width |
+--------------+-----------+--------+-------+
| m_axi_ca     | write     | 16     | 32    |
+--------------+-----------+--------+-------+

* All M_AXI Variable Accesses
+--------------+----------+-----------------------------------------------------------------------------------------------------------+-----------+--------------+--------+------------+-------------------------------------------------------------------------------------------------------+
| HW Interface | Variable | Access Location                                                                                           | Direction | Burst Status | Length | Resolution | Problem                                                                                               |
+--------------+----------+-----------------------------------------------------------------------------------------------------------+-----------+--------------+--------+------------+-------------------------------------------------------------------------------------------------------+
| m_axi_ca     | out      | /home/ulisses/Projects/ursa/exp/output-stationary/vitis_component/inp_data_exp/hls_src/core/sa.cpp:107:17 | write     | Widen Fail   |        | 214-353    | Could not widen since type i32 size is greater than or equal to the max_widen_bitwidth threshold of 0 |
| m_axi_ca     | out      | /home/ulisses/Projects/ursa/exp/output-stationary/vitis_component/inp_data_exp/hls_src/core/sa.cpp:107:17 | write     | Inferred     | 16     |            |                                                                                                       |
+--------------+----------+-----------------------------------------------------------------------------------------------------------+-----------+--------------+--------+------------+-------------------------------------------------------------------------------------------------------+

    * Resolution URL: docs.xilinx.com/access/sources/dita/topic?Doc_Version=2023.2%20English&url=ug1448-hls-guidance&resourceid=XXX-YYY.html (replace XXX-YYY with column value)

================================================================
== Bind Op Report
================================================================
+----------------------------------------+-----+--------+--------------+-----+-----------+---------+
| Name                                   | DSP | Pragma | Variable     | Op  | Impl      | Latency |
+----------------------------------------+-----+--------+--------------+-----+-----------+---------+
| + mxm_execute_ursa                     | 8   |        |              |     |           |         |
|   sub22_fu_4276_p2                     |     |        | sub22        | add | fabric    | 0       |
|   mul_12ns_12ns_24_2_1_U807            | 1   |        | bound        | mul | auto      | 1       |
|   add_ln208_fu_4290_p2                 |     |        | add_ln208    | add | fabric    | 0       |
|   add_ln255_fu_4324_p2                 |     |        | add_ln255    | add | fabric    | 0       |
|   add_ln254_fu_4345_p2                 |     |        | add_ln254    | add | fabric    | 0       |
|   addr_sa_c_fu_4377_p2                 |     |        | addr_sa_c    | add | fabric    | 0       |
|   add_ln250_fu_4382_p2                 |     |        | add_ln250    | add | fabric    | 0       |
|   off_cj_2_fu_4387_p2                  |     |        | off_cj_2     | add | fabric    | 0       |
|   add_ln214_fu_4358_p2                 |     |        | add_ln214    | add | fabric    | 0       |
|  + mxm_execute_ursa_Pipeline_STREAM_K  | 5   |        |              |     |           |         |
|    k_fu_2691_p2                        |     |        | k            | add | fabric    | 0       |
|    add_ln24_fu_2703_p2                 |     |        | add_ln24     | add | fabric    | 0       |
|    add_ln24_1_fu_2709_p2               |     |        | add_ln24_1   | add | fabric    | 0       |
|    add_ln24_2_fu_3210_p2               |     |        | add_ln24_2   | add | fabric    | 0       |
|    sub_ln24_fu_4114_p2                 |     |        | sub_ln24     | sub | fabric    | 0       |
|    add_ln22_fu_2715_p2                 |     |        | add_ln22     | add | fabric    | 0       |
|    add_ln24_3_fu_3230_p2               |     |        | add_ln24_3   | add | fabric    | 0       |
|    add_ln24_4_fu_4136_p2               |     |        | add_ln24_4   | add | fabric    | 0       |
|    sub_ln24_1_fu_5572_p2               |     |        | sub_ln24_1   | sub | fabric    | 0       |
|    add_ln22_1_fu_3234_p2               |     |        | add_ln22_1   | add | fabric    | 0       |
|    add_ln24_5_fu_4185_p2               |     |        | add_ln24_5   | add | fabric    | 0       |
|    add_ln24_6_fu_4193_p2               |     |        | add_ln24_6   | add | fabric    | 0       |
|    add_ln24_7_fu_5582_p2               |     |        | add_ln24_7   | add | fabric    | 0       |
|    sub_ln24_2_fu_7484_p2               |     |        | sub_ln24_2   | sub | fabric    | 0       |
|    add_ln22_2_fu_4214_p2               |     |        | add_ln22_2   | add | fabric    | 0       |
|    add_ln24_8_fu_5598_p2               |     |        | add_ln24_8   | add | fabric    | 0       |
|    add_ln24_9_fu_7499_p2               |     |        | add_ln24_9   | add | fabric    | 0       |
|    sub_ln24_3_fu_9283_p2               |     |        | sub_ln24_3   | sub | fabric    | 0       |
|    add_ln22_3_fu_4234_p2               |     |        | add_ln22_3   | add | fabric    | 0       |
|    add_ln24_10_fu_5612_p2              |     |        | add_ln24_10  | add | fabric    | 0       |
|    add_ln24_11_fu_5620_p2              |     |        | add_ln24_11  | add | fabric    | 0       |
|    add_ln24_12_fu_7504_p2              |     |        | add_ln24_12  | add | fabric    | 0       |
|    sub_ln24_4_fu_9293_p2               |     |        | sub_ln24_4   | sub | fabric    | 0       |
|    add_ln22_4_fu_4244_p2               |     |        | add_ln22_4   | add | fabric    | 0       |
|    add_ln24_13_fu_5634_p2              |     |        | add_ln24_13  | add | fabric    | 0       |
|    add_ln24_14_fu_7508_p2              |     |        | add_ln24_14  | add | fabric    | 0       |
|    add_ln24_15_fu_5642_p2              |     |        | add_ln24_15  | add | fabric    | 0       |
|    add_ln24_16_fu_9306_p2              |     |        | add_ln24_16  | add | fabric    | 0       |
|    sub_ln24_5_fu_11277_p2              |     |        | sub_ln24_5   | sub | fabric    | 0       |
|    sub_ln16_fu_4260_p2                 |     |        | sub_ln16     | sub | fabric    | 0       |
|    add_ln22_5_fu_3239_p2               |     |        | add_ln22_5   | add | fabric    | 0       |
|    add_ln24_17_fu_5653_p2              |     |        | add_ln24_17  | add | fabric    | 0       |
|    add_ln24_18_fu_5661_p2              |     |        | add_ln24_18  | add | fabric    | 0       |
|    add_ln24_19_fu_7512_p2              |     |        | add_ln24_19  | add | fabric    | 0       |
|    sub_ln24_6_fu_9311_p2               |     |        | sub_ln24_6   | sub | fabric    | 0       |
|    add_ln22_6_fu_4286_p2               |     |        | add_ln22_6   | add | fabric    | 0       |
|    add_ln24_20_fu_5675_p2              |     |        | add_ln24_20  | add | fabric    | 0       |
|    add_ln24_21_fu_7521_p2              |     |        | add_ln24_21  | add | fabric    | 0       |
|    sub_ln24_7_fu_9321_p2               |     |        | sub_ln24_7   | sub | fabric    | 0       |
|    add_ln22_7_fu_4306_p2               |     |        | add_ln22_7   | add | fabric    | 0       |
|    add_ln24_22_fu_5689_p2              |     |        | add_ln24_22  | add | fabric    | 0       |
|    add_ln24_23_fu_5697_p2              |     |        | add_ln24_23  | add | fabric    | 0       |
|    add_ln24_24_fu_7526_p2              |     |        | add_ln24_24  | add | fabric    | 0       |
|    sub_ln24_8_fu_9331_p2               |     |        | sub_ln24_8   | sub | fabric    | 0       |
|    add_ln22_8_fu_4316_p2               |     |        | add_ln22_8   | add | fabric    | 0       |
|    add_ln24_25_fu_5711_p2              |     |        | add_ln24_25  | add | fabric    | 0       |
|    add_ln24_26_fu_7530_p2              |     |        | add_ln24_26  | add | fabric    | 0       |
|    add_ln24_27_fu_5719_p2              |     |        | add_ln24_27  | add | fabric    | 0       |
|    add_ln24_28_fu_9344_p2              |     |        | add_ln24_28  | add | fabric    | 0       |
|    sub_ln24_9_fu_11287_p2              |     |        | sub_ln24_9   | sub | fabric    | 0       |
|    add_ln22_9_fu_3244_p2               |     |        | add_ln22_9   | add | fabric    | 0       |
|    add_ln24_29_fu_4336_p2              |     |        | add_ln24_29  | add | fabric    | 0       |
|    add_ln24_30_fu_5727_p2              |     |        | add_ln24_30  | add | fabric    | 0       |
|    add_ln24_31_fu_5735_p2              |     |        | add_ln24_31  | add | fabric    | 0       |
|    add_ln24_32_fu_7534_p2              |     |        | add_ln24_32  | add | fabric    | 0       |
|    sub_ln24_10_fu_9349_p2              |     |        | sub_ln24_10  | sub | fabric    | 0       |
|    mul_16ns_5ns_20_2_1_U1              | 1   |        | mul_ln16     | mul | auto      | 1       |
|    add_ln22_10_fu_3249_p2              |     |        | add_ln22_10  | add | fabric    | 0       |
|    add_ln24_33_fu_4360_p2              |     |        | add_ln24_33  | add | fabric    | 0       |
|    add_ln24_34_fu_4368_p2              |     |        | add_ln24_34  | add | fabric    | 0       |
|    add_ln24_35_fu_5740_p2              |     |        | add_ln24_35  | add | fabric    | 0       |
|    sub_ln24_11_fu_7538_p2              |     |        | sub_ln24_11  | sub | fabric    | 0       |
|    sub_ln16_1_fu_4373_p2               |     |        | sub_ln16_1   | sub | fabric    | 0       |
|    add_ln22_11_fu_4383_p2              |     |        | add_ln22_11  | add | fabric    | 0       |
|    add_ln24_36_fu_5756_p2              |     |        | add_ln24_36  | add | fabric    | 0       |
|    add_ln24_37_fu_5764_p2              |     |        | add_ln24_37  | add | fabric    | 0       |
|    add_ln24_38_fu_7548_p2              |     |        | add_ln24_38  | add | fabric    | 0       |
|    sub_ln24_12_fu_9359_p2              |     |        | sub_ln24_12  | sub | fabric    | 0       |
|    mul_16ns_5ns_20_2_1_U4              | 1   |        | mul_ln16_1   | mul | auto      | 1       |
|    add_ln22_12_fu_4393_p2              |     |        | add_ln22_12  | add | fabric    | 0       |
|    add_ln24_39_fu_9372_p2              |     |        | add_ln24_39  | add | fabric    | 0       |
|    add_ln24_40_fu_9380_p2              |     |        | add_ln24_40  | add | fabric    | 0       |
|    add_ln24_41_fu_11297_p2             |     |        | add_ln24_41  | add | fabric    | 0       |
|    sub_ln24_13_fu_13151_p2             |     |        | sub_ln24_13  | sub | fabric    | 0       |
|    sub_ln16_2_fu_4398_p2               |     |        | sub_ln16_2   | sub | fabric    | 0       |
|    add_ln22_13_fu_3254_p2              |     |        | add_ln22_13  | add | fabric    | 0       |
|    add_ln24_42_fu_5786_p2              |     |        | add_ln24_42  | add | fabric    | 0       |
|    add_ln24_43_fu_5794_p2              |     |        | add_ln24_43  | add | fabric    | 0       |
|    add_ln24_44_fu_7552_p2              |     |        | add_ln24_44  | add | fabric    | 0       |
|    sub_ln24_14_fu_9385_p2              |     |        | sub_ln24_14  | sub | fabric    | 0       |
|    add_ln22_14_fu_2727_p2              |     |        | add_ln22_14  | add | fabric    | 0       |
|    add_ln24_45_fu_3274_p2              |     |        | add_ln24_45  | add | fabric    | 0       |
|    add_ln24_46_fu_4423_p2              |     |        | add_ln24_46  | add | fabric    | 0       |
|    sub_ln24_15_fu_5799_p2              |     |        | sub_ln24_15  | sub | fabric    | 0       |
|    add_ln64_fu_2733_p2                 |     |        | add_ln64     | add | fabric    | 0       |
|    sub_ln64_fu_3278_p2                 |     |        | sub_ln64     | sub | fabric    | 0       |
|    mul_17s_16ns_32_2_1_U3              | 1   |        | row_off      | mul | auto      | 1       |
|    add_ln80_fu_7556_p2                 |     |        | add_ln80     | add | fabric    | 0       |
|    add_ln80_1_fu_9395_p2               |     |        | add_ln80_1   | add | fabric    | 0       |
|    grp_fu_2597_p2                      |     |        | add_ln80_2   | add | fabric    | 0       |
|    add_ln80_3_fu_7560_p2               |     |        | add_ln80_3   | add | fabric    | 0       |
|    add_ln80_5_fu_9408_p2               |     |        | add_ln80_5   | add | fabric    | 0       |
|    add_ln80_4_fu_11301_p2              |     |        | add_ln80_4   | add | fabric    | 0       |
|    add_ln80_6_fu_9432_p2               |     |        | add_ln80_6   | add | fabric    | 0       |
|    add_ln80_8_fu_7565_p2               |     |        | add_ln80_8   | add | fabric    | 0       |
|    add_ln80_9_fu_9437_p2               |     |        | add_ln80_9   | add | fabric    | 0       |
|    add_ln80_7_fu_11315_p2              |     |        | add_ln80_7   | add | fabric    | 0       |
|    col_off_1_fu_9460_p2                |     |        | col_off_1    | sub | fabric    | 0       |
|    add_ln80_11_fu_11329_p2             |     |        | add_ln80_11  | add | fabric    | 0       |
|    add_ln80_12_fu_9465_p2              |     |        | add_ln80_12  | add | fabric    | 0       |
|    add_ln80_14_fu_11334_p2             |     |        | add_ln80_14  | add | fabric    | 0       |
|    add_ln80_10_fu_13164_p2             |     |        | add_ln80_10  | add | fabric    | 0       |
|    add_ln80_15_fu_9470_p2              |     |        | add_ln80_15  | add | fabric    | 0       |
|    add_ln80_17_fu_7570_p2              |     |        | add_ln80_17  | add | fabric    | 0       |
|    add_ln80_18_fu_9475_p2              |     |        | add_ln80_18  | add | fabric    | 0       |
|    add_ln80_13_fu_11341_p2             |     |        | add_ln80_13  | add | fabric    | 0       |
|    grp_fu_2597_p2                      |     |        | add_ln80_20  | add | fabric    | 0       |
|    add_ln80_21_fu_9479_p2              |     |        | add_ln80_21  | add | fabric    | 0       |
|    add_ln80_23_fu_7575_p2              |     |        | add_ln80_23  | add | fabric    | 0       |
|    add_ln80_24_fu_9488_p2              |     |        | add_ln80_24  | add | fabric    | 0       |
|    add_ln80_16_fu_11352_p2             |     |        | add_ln80_16  | add | fabric    | 0       |
|    col_off_3_fu_9508_p2                |     |        | col_off_3    | sub | fabric    | 0       |
|    add_ln80_26_fu_11365_p2             |     |        | add_ln80_26  | add | fabric    | 0       |
|    add_ln80_27_fu_9514_p2              |     |        | add_ln80_27  | add | fabric    | 0       |
|    add_ln80_29_fu_11370_p2             |     |        | add_ln80_29  | add | fabric    | 0       |
|    add_ln80_19_fu_13178_p2             |     |        | add_ln80_19  | add | fabric    | 0       |
|    col_off_4_fu_9519_p2                |     |        | col_off_4    | sub | fabric    | 0       |
|    add_ln80_30_fu_11377_p2             |     |        | add_ln80_30  | add | fabric    | 0       |
|    add_ln80_32_fu_9524_p2              |     |        | add_ln80_32  | add | fabric    | 0       |
|    add_ln80_33_fu_11382_p2             |     |        | add_ln80_33  | add | fabric    | 0       |
|    add_ln80_22_fu_13192_p2             |     |        | add_ln80_22  | add | fabric    | 0       |
|    add_ln80_35_fu_11386_p2             |     |        | add_ln80_35  | add | fabric    | 0       |
|    add_ln80_36_fu_9529_p2              |     |        | add_ln80_36  | add | fabric    | 0       |
|    add_ln80_38_fu_11390_p2             |     |        | add_ln80_38  | add | fabric    | 0       |
|    add_ln80_25_fu_13206_p2             |     |        | add_ln80_25  | add | fabric    | 0       |
|    add_ln80_39_fu_7580_p2              |     |        | add_ln80_39  | add | fabric    | 0       |
|    add_ln80_41_fu_9534_p2              |     |        | add_ln80_41  | add | fabric    | 0       |
|    add_ln80_42_fu_7584_p2              |     |        | add_ln80_42  | add | fabric    | 0       |
|    add_ln80_44_fu_9542_p2              |     |        | add_ln80_44  | add | fabric    | 0       |
|    add_ln80_28_fu_11394_p2             |     |        | add_ln80_28  | add | fabric    | 0       |
|    add_ln80_45_fu_9547_p2              |     |        | add_ln80_45  | add | fabric    | 0       |
|    add_ln80_47_fu_11407_p2             |     |        | add_ln80_47  | add | fabric    | 0       |
|    add_ln80_48_fu_9552_p2              |     |        | add_ln80_48  | add | fabric    | 0       |
|    add_ln80_49_fu_11412_p2             |     |        | add_ln80_49  | add | fabric    | 0       |
|    add_ln80_31_fu_13220_p2             |     |        | add_ln80_31  | add | fabric    | 0       |
|    mul_16ns_5ns_20_2_1_U2              | 1   |        | col_off_6    | mul | auto      | 1       |
|    add_ln80_50_fu_9557_p2              |     |        | add_ln80_50  | add | fabric    | 0       |
|    add_ln80_51_fu_7589_p2              |     |        | add_ln80_51  | add | fabric    | 0       |
|    add_ln80_52_fu_9561_p2              |     |        | add_ln80_52  | add | fabric    | 0       |
|    add_ln80_34_fu_11419_p2             |     |        | add_ln80_34  | add | fabric    | 0       |
|    col_off_7_fu_9565_p2                |     |        | col_off_7    | sub | fabric    | 0       |
|    add_ln80_53_fu_11433_p2             |     |        | add_ln80_53  | add | fabric    | 0       |
|    add_ln80_54_fu_9570_p2              |     |        | add_ln80_54  | add | fabric    | 0       |
|    add_ln80_55_fu_11438_p2             |     |        | add_ln80_55  | add | fabric    | 0       |
|    add_ln80_37_fu_13234_p2             |     |        | add_ln80_37  | add | fabric    | 0       |
|    mul_16ns_5ns_20_2_1_U5              | 1   |        | col_off_8    | mul | auto      | 1       |
|    add_ln80_56_fu_11442_p2             |     |        | add_ln80_56  | add | fabric    | 0       |
|    add_ln80_57_fu_9575_p2              |     |        | add_ln80_57  | add | fabric    | 0       |
|    add_ln80_58_fu_11446_p2             |     |        | add_ln80_58  | add | fabric    | 0       |
|    add_ln80_40_fu_13248_p2             |     |        | add_ln80_40  | add | fabric    | 0       |
|    col_off_9_fu_9580_p2                |     |        | col_off_9    | sub | fabric    | 0       |
|    add_ln80_59_fu_11453_p2             |     |        | add_ln80_59  | add | fabric    | 0       |
|    add_ln80_60_fu_9585_p2              |     |        | add_ln80_60  | add | fabric    | 0       |
|    add_ln80_61_fu_11458_p2             |     |        | add_ln80_61  | add | fabric    | 0       |
|    add_ln80_43_fu_13262_p2             |     |        | add_ln80_43  | add | fabric    | 0       |
|    col_off_10_fu_7599_p2               |     |        | col_off_10   | sub | fabric    | 0       |
|    add_ln80_62_fu_9593_p2              |     |        | add_ln80_62  | add | fabric    | 0       |
|    add_ln80_63_fu_7603_p2              |     |        | add_ln80_63  | add | fabric    | 0       |
|    add_ln80_64_fu_9598_p2              |     |        | add_ln80_64  | add | fabric    | 0       |
|    add_ln80_46_fu_11465_p2             |     |        | add_ln80_46  | add | fabric    | 0       |
|    add_ln27_fu_26353_p2                |     |        | add_ln27     | add | fabric    | 0       |
|    sub_ln28_fu_27879_p2                |     |        | sub_ln28     | sub | fabric    | 0       |
|    add_ln28_fu_28027_p2                |     |        | add_ln28     | add | fabric    | 0       |
|    add_ln27_1_fu_28375_p2              |     |        | add_ln27_1   | add | fabric    | 0       |
|    sub_ln28_1_fu_29240_p2              |     |        | sub_ln28_1   | sub | fabric    | 0       |
|    add_ln28_1_fu_29732_p2              |     |        | add_ln28_1   | add | fabric    | 0       |
|    add_ln27_2_fu_28397_p2              |     |        | add_ln27_2   | add | fabric    | 0       |
|    sub_ln28_2_fu_29256_p2              |     |        | sub_ln28_2   | sub | fabric    | 0       |
|    add_ln28_2_fu_29765_p2              |     |        | add_ln28_2   | add | fabric    | 0       |
|    add_ln27_3_fu_28419_p2              |     |        | add_ln27_3   | add | fabric    | 0       |
|    sub_ln28_3_fu_29272_p2              |     |        | sub_ln28_3   | sub | fabric    | 0       |
|    add_ln28_3_fu_29798_p2              |     |        | add_ln28_3   | add | fabric    | 0       |
|    add_ln27_4_fu_28441_p2              |     |        | add_ln27_4   | add | fabric    | 0       |
|    sub_ln28_4_fu_29288_p2              |     |        | sub_ln28_4   | sub | fabric    | 0       |
|    add_ln28_4_fu_29831_p2              |     |        | add_ln28_4   | add | fabric    | 0       |
|    add_ln27_5_fu_28463_p2              |     |        | add_ln27_5   | add | fabric    | 0       |
|    sub_ln28_5_fu_29304_p2              |     |        | sub_ln28_5   | sub | fabric    | 0       |
|    add_ln28_5_fu_29864_p2              |     |        | add_ln28_5   | add | fabric    | 0       |
|    add_ln27_6_fu_28485_p2              |     |        | add_ln27_6   | add | fabric    | 0       |
|    sub_ln28_6_fu_29320_p2              |     |        | sub_ln28_6   | sub | fabric    | 0       |
|    add_ln28_6_fu_29897_p2              |     |        | add_ln28_6   | add | fabric    | 0       |
|    add_ln27_7_fu_28501_p2              |     |        | add_ln27_7   | add | fabric    | 0       |
|    sub_ln28_7_fu_29336_p2              |     |        | sub_ln28_7   | sub | fabric    | 0       |
|    add_ln28_7_fu_29930_p2              |     |        | add_ln28_7   | add | fabric    | 0       |
|    add_ln27_8_fu_28831_p2              |     |        | add_ln27_8   | add | fabric    | 0       |
|    sub_ln28_8_fu_29952_p2              |     |        | sub_ln28_8   | sub | fabric    | 0       |
|    add_ln28_8_fu_30391_p2              |     |        | add_ln28_8   | add | fabric    | 0       |
|    add_ln27_9_fu_28853_p2              |     |        | add_ln27_9   | add | fabric    | 0       |
|    sub_ln28_9_fu_29968_p2              |     |        | sub_ln28_9   | sub | fabric    | 0       |
|    add_ln28_9_fu_30424_p2              |     |        | add_ln28_9   | add | fabric    | 0       |
|    add_ln27_10_fu_28875_p2             |     |        | add_ln27_10  | add | fabric    | 0       |
|    sub_ln28_10_fu_29984_p2             |     |        | sub_ln28_10  | sub | fabric    | 0       |
|    add_ln28_10_fu_30457_p2             |     |        | add_ln28_10  | add | fabric    | 0       |
|    add_ln27_11_fu_28897_p2             |     |        | add_ln27_11  | add | fabric    | 0       |
|    sub_ln28_11_fu_30000_p2             |     |        | sub_ln28_11  | sub | fabric    | 0       |
|    add_ln28_11_fu_30490_p2             |     |        | add_ln28_11  | add | fabric    | 0       |
|    add_ln27_12_fu_28919_p2             |     |        | add_ln27_12  | add | fabric    | 0       |
|    sub_ln28_12_fu_30016_p2             |     |        | sub_ln28_12  | sub | fabric    | 0       |
|    add_ln28_12_fu_30523_p2             |     |        | add_ln28_12  | add | fabric    | 0       |
|    add_ln27_13_fu_28941_p2             |     |        | add_ln27_13  | add | fabric    | 0       |
|    sub_ln28_13_fu_30032_p2             |     |        | sub_ln28_13  | sub | fabric    | 0       |
|    add_ln28_13_fu_30556_p2             |     |        | add_ln28_13  | add | fabric    | 0       |
|    add_ln27_14_fu_28963_p2             |     |        | add_ln27_14  | add | fabric    | 0       |
|    sub_ln28_14_fu_30048_p2             |     |        | sub_ln28_14  | sub | fabric    | 0       |
|    add_ln28_14_fu_30589_p2             |     |        | add_ln28_14  | add | fabric    | 0       |
|    add_ln27_15_fu_28979_p2             |     |        | add_ln27_15  | add | fabric    | 0       |
|    sub_ln28_15_fu_30064_p2             |     |        | sub_ln28_15  | sub | fabric    | 0       |
|    add_ln28_15_fu_30622_p2             |     |        | add_ln28_15  | add | fabric    | 0       |
|    add_ln27_16_fu_23538_p2             |     |        | add_ln27_16  | add | fabric    | 0       |
|    sub_ln28_16_fu_26374_p2             |     |        | sub_ln28_16  | sub | fabric    | 0       |
|    add_ln28_16_fu_27294_p2             |     |        | add_ln28_16  | add | fabric    | 0       |
|    add_ln27_17_fu_2877_p2              |     |        | add_ln27_17  | add | fabric    | 0       |
|    sub_ln28_17_fu_4634_p2              |     |        | sub_ln28_17  | sub | fabric    | 0       |
|    add_ln28_17_fu_6022_p2              |     |        | add_ln28_17  | add | fabric    | 0       |
|    add_ln27_18_fu_21863_p2             |     |        | add_ln27_18  | add | fabric    | 0       |
|    sub_ln28_18_fu_25132_p2             |     |        | sub_ln28_18  | sub | fabric    | 0       |
|    add_ln28_18_fu_26401_p2             |     |        | add_ln28_18  | add | fabric    | 0       |
|    add_ln27_19_fu_21885_p2             |     |        | add_ln27_19  | add | fabric    | 0       |
|    sub_ln28_19_fu_25148_p2             |     |        | sub_ln28_19  | sub | fabric    | 0       |
|    add_ln28_19_fu_26434_p2             |     |        | add_ln28_19  | add | fabric    | 0       |
|    add_ln27_20_fu_21907_p2             |     |        | add_ln27_20  | add | fabric    | 0       |
|    sub_ln28_20_fu_25164_p2             |     |        | sub_ln28_20  | sub | fabric    | 0       |
|    add_ln28_20_fu_26467_p2             |     |        | add_ln28_20  | add | fabric    | 0       |
|    add_ln27_21_fu_21929_p2             |     |        | add_ln27_21  | add | fabric    | 0       |
|    sub_ln28_21_fu_25180_p2             |     |        | sub_ln28_21  | sub | fabric    | 0       |
|    add_ln28_21_fu_26500_p2             |     |        | add_ln28_21  | add | fabric    | 0       |
|    add_ln27_22_fu_21945_p2             |     |        | add_ln27_22  | add | fabric    | 0       |
|    sub_ln28_22_fu_25196_p2             |     |        | sub_ln28_22  | sub | fabric    | 0       |
|    add_ln28_22_fu_26533_p2             |     |        | add_ln28_22  | add | fabric    | 0       |
|    add_ln27_23_fu_23680_p2             |     |        | add_ln27_23  | add | fabric    | 0       |
|    sub_ln28_23_fu_26555_p2             |     |        | sub_ln28_23  | sub | fabric    | 0       |
|    add_ln28_23_fu_27327_p2             |     |        | add_ln28_23  | add | fabric    | 0       |
|    add_ln27_24_fu_23702_p2             |     |        | add_ln27_24  | add | fabric    | 0       |
|    sub_ln28_24_fu_26571_p2             |     |        | sub_ln28_24  | sub | fabric    | 0       |
|    add_ln28_24_fu_27360_p2             |     |        | add_ln28_24  | add | fabric    | 0       |
|    add_ln27_25_fu_23724_p2             |     |        | add_ln27_25  | add | fabric    | 0       |
|    sub_ln28_25_fu_26587_p2             |     |        | sub_ln28_25  | sub | fabric    | 0       |
|    add_ln28_25_fu_27393_p2             |     |        | add_ln28_25  | add | fabric    | 0       |
|    add_ln27_26_fu_23746_p2             |     |        | add_ln27_26  | add | fabric    | 0       |
|    sub_ln28_26_fu_26603_p2             |     |        | sub_ln28_26  | sub | fabric    | 0       |
|    add_ln28_26_fu_27426_p2             |     |        | add_ln28_26  | add | fabric    | 0       |
|    add_ln27_27_fu_23768_p2             |     |        | add_ln27_27  | add | fabric    | 0       |
|    sub_ln28_27_fu_26619_p2             |     |        | sub_ln28_27  | sub | fabric    | 0       |
|    add_ln28_27_fu_27459_p2             |     |        | add_ln28_27  | add | fabric    | 0       |
|    add_ln27_28_fu_23790_p2             |     |        | add_ln27_28  | add | fabric    | 0       |
|    sub_ln28_28_fu_26635_p2             |     |        | sub_ln28_28  | sub | fabric    | 0       |
|    add_ln28_28_fu_27492_p2             |     |        | add_ln28_28  | add | fabric    | 0       |
|    add_ln27_29_fu_23806_p2             |     |        | add_ln27_29  | add | fabric    | 0       |
|    sub_ln28_29_fu_26651_p2             |     |        | sub_ln28_29  | sub | fabric    | 0       |
|    add_ln28_29_fu_27525_p2             |     |        | add_ln28_29  | add | fabric    | 0       |
|    add_ln27_30_fu_25384_p2             |     |        | add_ln27_30  | add | fabric    | 0       |
|    sub_ln28_30_fu_27547_p2             |     |        | sub_ln28_30  | sub | fabric    | 0       |
|    add_ln28_30_fu_27906_p2             |     |        | add_ln28_30  | add | fabric    | 0       |
|    add_ln27_31_fu_25400_p2             |     |        | add_ln27_31  | add | fabric    | 0       |
|    sub_ln28_31_fu_27563_p2             |     |        | sub_ln28_31  | sub | fabric    | 0       |
|    add_ln28_31_fu_27939_p2             |     |        | add_ln28_31  | add | fabric    | 0       |
|    add_ln27_32_fu_25422_p2             |     |        | add_ln27_32  | add | fabric    | 0       |
|    sub_ln28_32_fu_27579_p2             |     |        | sub_ln28_32  | sub | fabric    | 0       |
|    add_ln28_32_fu_27973_p2             |     |        | add_ln28_32  | add | fabric    | 0       |
|    add_ln27_33_fu_2899_p2              |     |        | add_ln27_33  | add | fabric    | 0       |
|    sub_ln28_33_fu_4650_p2              |     |        | sub_ln28_33  | sub | fabric    | 0       |
|    add_ln28_33_fu_6055_p2              |     |        | add_ln28_33  | add | fabric    | 0       |
|    add_ln27_34_fu_2921_p2              |     |        | add_ln27_34  | add | fabric    | 0       |
|    sub_ln28_34_fu_4671_p2              |     |        | sub_ln28_34  | sub | fabric    | 0       |
|    add_ln28_34_fu_6088_p2              |     |        | add_ln28_34  | add | fabric    | 0       |
|    add_ln27_35_fu_2943_p2              |     |        | add_ln27_35  | add | fabric    | 0       |
|    sub_ln28_35_fu_4692_p2              |     |        | sub_ln28_35  | sub | fabric    | 0       |
|    add_ln28_35_fu_6121_p2              |     |        | add_ln28_35  | add | fabric    | 0       |
|    add_ln27_36_fu_2965_p2              |     |        | add_ln27_36  | add | fabric    | 0       |
|    sub_ln28_36_fu_4713_p2              |     |        | sub_ln28_36  | sub | fabric    | 0       |
|    add_ln28_36_fu_6154_p2              |     |        | add_ln28_36  | add | fabric    | 0       |
|    add_ln27_37_fu_2987_p2              |     |        | add_ln27_37  | add | fabric    | 0       |
|    sub_ln28_37_fu_4734_p2              |     |        | sub_ln28_37  | sub | fabric    | 0       |
|    add_ln28_37_fu_6187_p2              |     |        | add_ln28_37  | add | fabric    | 0       |
|    add_ln27_38_fu_3009_p2              |     |        | add_ln27_38  | add | fabric    | 0       |
|    sub_ln28_38_fu_4755_p2              |     |        | sub_ln28_38  | sub | fabric    | 0       |
|    add_ln28_38_fu_6220_p2              |     |        | add_ln28_38  | add | fabric    | 0       |
|    add_ln27_39_fu_3031_p2              |     |        | add_ln27_39  | add | fabric    | 0       |
|    sub_ln28_39_fu_4776_p2              |     |        | sub_ln28_39  | sub | fabric    | 0       |
|    add_ln28_39_fu_6253_p2              |     |        | add_ln28_39  | add | fabric    | 0       |
|    add_ln27_40_fu_3053_p2              |     |        | add_ln27_40  | add | fabric    | 0       |
|    sub_ln28_40_fu_4797_p2              |     |        | sub_ln28_40  | sub | fabric    | 0       |
|    add_ln28_40_fu_6286_p2              |     |        | add_ln28_40  | add | fabric    | 0       |
|    add_ln27_41_fu_3075_p2              |     |        | add_ln27_41  | add | fabric    | 0       |
|    sub_ln28_41_fu_4818_p2              |     |        | sub_ln28_41  | sub | fabric    | 0       |
|    add_ln28_41_fu_6319_p2              |     |        | add_ln28_41  | add | fabric    | 0       |
|    add_ln27_42_fu_3097_p2              |     |        | add_ln27_42  | add | fabric    | 0       |
|    sub_ln28_42_fu_4839_p2              |     |        | sub_ln28_42  | sub | fabric    | 0       |
|    add_ln28_42_fu_6352_p2              |     |        | add_ln28_42  | add | fabric    | 0       |
|    add_ln27_43_fu_3119_p2              |     |        | add_ln27_43  | add | fabric    | 0       |
|    sub_ln28_43_fu_4860_p2              |     |        | sub_ln28_43  | sub | fabric    | 0       |
|    add_ln28_43_fu_6385_p2              |     |        | add_ln28_43  | add | fabric    | 0       |
|    add_ln27_44_fu_3141_p2              |     |        | add_ln27_44  | add | fabric    | 0       |
|    sub_ln28_44_fu_4881_p2              |     |        | sub_ln28_44  | sub | fabric    | 0       |
|    add_ln28_44_fu_6418_p2              |     |        | add_ln28_44  | add | fabric    | 0       |
|    add_ln27_45_fu_3163_p2              |     |        | add_ln27_45  | add | fabric    | 0       |
|    sub_ln28_45_fu_4902_p2              |     |        | sub_ln28_45  | sub | fabric    | 0       |
|    add_ln28_45_fu_6451_p2              |     |        | add_ln28_45  | add | fabric    | 0       |
|    add_ln27_46_fu_3185_p2              |     |        | add_ln27_46  | add | fabric    | 0       |
|    sub_ln28_46_fu_4923_p2              |     |        | sub_ln28_46  | sub | fabric    | 0       |
|    add_ln28_46_fu_6484_p2              |     |        | add_ln28_46  | add | fabric    | 0       |
|    add_ln27_47_fu_3201_p2              |     |        | add_ln27_47  | add | fabric    | 0       |
|    sub_ln28_47_fu_4944_p2              |     |        | sub_ln28_47  | sub | fabric    | 0       |
|    add_ln28_47_fu_6517_p2              |     |        | add_ln28_47  | add | fabric    | 0       |
|    add_ln27_48_fu_26742_p2             |     |        | add_ln27_48  | add | fabric    | 0       |
|    sub_ln28_48_fu_27995_p2             |     |        | sub_ln28_48  | sub | fabric    | 0       |
|    add_ln28_48_fu_28067_p2             |     |        | add_ln28_48  | add | fabric    | 0       |
|    add_ln27_49_fu_3783_p2              |     |        | add_ln27_49  | add | fabric    | 0       |
|    sub_ln28_49_fu_6539_p2              |     |        | sub_ln28_49  | sub | fabric    | 0       |
|    add_ln28_49_fu_7821_p2              |     |        | add_ln28_49  | add | fabric    | 0       |
|    add_ln27_50_fu_3805_p2              |     |        | add_ln27_50  | add | fabric    | 0       |
|    sub_ln28_50_fu_6555_p2              |     |        | sub_ln28_50  | sub | fabric    | 0       |
|    add_ln28_50_fu_7854_p2              |     |        | add_ln28_50  | add | fabric    | 0       |
|    add_ln27_51_fu_3827_p2              |     |        | add_ln27_51  | add | fabric    | 0       |
|    sub_ln28_51_fu_6576_p2              |     |        | sub_ln28_51  | sub | fabric    | 0       |
|    add_ln28_51_fu_7887_p2              |     |        | add_ln28_51  | add | fabric    | 0       |
|    add_ln27_52_fu_3849_p2              |     |        | add_ln27_52  | add | fabric    | 0       |
|    sub_ln28_52_fu_6597_p2              |     |        | sub_ln28_52  | sub | fabric    | 0       |
|    add_ln28_52_fu_7920_p2              |     |        | add_ln28_52  | add | fabric    | 0       |
|    add_ln27_53_fu_3871_p2              |     |        | add_ln27_53  | add | fabric    | 0       |
|    sub_ln28_53_fu_6618_p2              |     |        | sub_ln28_53  | sub | fabric    | 0       |
|    add_ln28_53_fu_7953_p2              |     |        | add_ln28_53  | add | fabric    | 0       |
|    add_ln27_54_fu_3893_p2              |     |        | add_ln27_54  | add | fabric    | 0       |
|    sub_ln28_54_fu_6639_p2              |     |        | sub_ln28_54  | sub | fabric    | 0       |
|    add_ln28_54_fu_7986_p2              |     |        | add_ln28_54  | add | fabric    | 0       |
|    add_ln27_55_fu_3915_p2              |     |        | add_ln27_55  | add | fabric    | 0       |
|    sub_ln28_55_fu_6660_p2              |     |        | sub_ln28_55  | sub | fabric    | 0       |
|    add_ln28_55_fu_8019_p2              |     |        | add_ln28_55  | add | fabric    | 0       |
|    add_ln27_56_fu_3937_p2              |     |        | add_ln27_56  | add | fabric    | 0       |
|    sub_ln28_56_fu_6681_p2              |     |        | sub_ln28_56  | sub | fabric    | 0       |
|    add_ln28_56_fu_8052_p2              |     |        | add_ln28_56  | add | fabric    | 0       |
|    add_ln27_57_fu_3959_p2              |     |        | add_ln27_57  | add | fabric    | 0       |
|    sub_ln28_57_fu_6702_p2              |     |        | sub_ln28_57  | sub | fabric    | 0       |
|    add_ln28_57_fu_8085_p2              |     |        | add_ln28_57  | add | fabric    | 0       |
|    add_ln27_58_fu_3981_p2              |     |        | add_ln27_58  | add | fabric    | 0       |
|    sub_ln28_58_fu_6723_p2              |     |        | sub_ln28_58  | sub | fabric    | 0       |
|    add_ln28_58_fu_8118_p2              |     |        | add_ln28_58  | add | fabric    | 0       |
|    add_ln27_59_fu_4003_p2              |     |        | add_ln27_59  | add | fabric    | 0       |
|    sub_ln28_59_fu_6744_p2              |     |        | sub_ln28_59  | sub | fabric    | 0       |
|    add_ln28_59_fu_8151_p2              |     |        | add_ln28_59  | add | fabric    | 0       |
|    add_ln27_60_fu_4025_p2              |     |        | add_ln27_60  | add | fabric    | 0       |
|    sub_ln28_60_fu_6765_p2              |     |        | sub_ln28_60  | sub | fabric    | 0       |
|    add_ln28_60_fu_8184_p2              |     |        | add_ln28_60  | add | fabric    | 0       |
|    add_ln27_61_fu_4047_p2              |     |        | add_ln27_61  | add | fabric    | 0       |
|    sub_ln28_61_fu_6786_p2              |     |        | sub_ln28_61  | sub | fabric    | 0       |
|    add_ln28_61_fu_8217_p2              |     |        | add_ln28_61  | add | fabric    | 0       |
|    add_ln27_62_fu_4069_p2              |     |        | add_ln27_62  | add | fabric    | 0       |
|    sub_ln28_62_fu_6807_p2              |     |        | sub_ln28_62  | sub | fabric    | 0       |
|    add_ln28_62_fu_8250_p2              |     |        | add_ln28_62  | add | fabric    | 0       |
|    add_ln27_63_fu_4085_p2              |     |        | add_ln27_63  | add | fabric    | 0       |
|    sub_ln28_63_fu_6828_p2              |     |        | sub_ln28_63  | sub | fabric    | 0       |
|    add_ln28_63_fu_8283_p2              |     |        | add_ln28_63  | add | fabric    | 0       |
|    add_ln27_64_fu_28527_p2             |     |        | add_ln27_64  | add | fabric    | 0       |
|    sub_ln28_64_fu_29488_p2             |     |        | sub_ln28_64  | sub | fabric    | 0       |
|    add_ln28_64_fu_30092_p2             |     |        | add_ln28_64  | add | fabric    | 0       |
|    add_ln27_65_fu_21967_p2             |     |        | add_ln27_65  | add | fabric    | 0       |
|    sub_ln28_65_fu_25438_p2             |     |        | sub_ln28_65  | sub | fabric    | 0       |
|    add_ln28_65_fu_26769_p2             |     |        | add_ln28_65  | add | fabric    | 0       |
|    add_ln27_66_fu_4101_p2              |     |        | add_ln27_66  | add | fabric    | 0       |
|    sub_ln28_66_fu_6849_p2              |     |        | sub_ln28_66  | sub | fabric    | 0       |
|    add_ln28_66_fu_8316_p2              |     |        | add_ln28_66  | add | fabric    | 0       |
|    add_ln27_67_fu_5248_p2              |     |        | add_ln27_67  | add | fabric    | 0       |
|    sub_ln28_67_fu_8338_p2              |     |        | sub_ln28_67  | sub | fabric    | 0       |
|    add_ln28_67_fu_9815_p2              |     |        | add_ln28_67  | add | fabric    | 0       |
|    add_ln27_68_fu_5270_p2              |     |        | add_ln27_68  | add | fabric    | 0       |
|    sub_ln28_68_fu_8354_p2              |     |        | sub_ln28_68  | sub | fabric    | 0       |
|    add_ln28_68_fu_9848_p2              |     |        | add_ln28_68  | add | fabric    | 0       |
|    add_ln27_69_fu_5292_p2              |     |        | add_ln27_69  | add | fabric    | 0       |
|    sub_ln28_69_fu_8375_p2              |     |        | sub_ln28_69  | sub | fabric    | 0       |
|    add_ln28_69_fu_9881_p2              |     |        | add_ln28_69  | add | fabric    | 0       |
|    add_ln27_70_fu_5314_p2              |     |        | add_ln27_70  | add | fabric    | 0       |
|    sub_ln28_70_fu_8396_p2              |     |        | sub_ln28_70  | sub | fabric    | 0       |
|    add_ln28_70_fu_9914_p2              |     |        | add_ln28_70  | add | fabric    | 0       |
|    add_ln27_71_fu_5336_p2              |     |        | add_ln27_71  | add | fabric    | 0       |
|    sub_ln28_71_fu_8417_p2              |     |        | sub_ln28_71  | sub | fabric    | 0       |
|    add_ln28_71_fu_9947_p2              |     |        | add_ln28_71  | add | fabric    | 0       |
|    add_ln27_72_fu_5358_p2              |     |        | add_ln27_72  | add | fabric    | 0       |
|    sub_ln28_72_fu_8438_p2              |     |        | sub_ln28_72  | sub | fabric    | 0       |
|    add_ln28_72_fu_9980_p2              |     |        | add_ln28_72  | add | fabric    | 0       |
|    add_ln27_73_fu_5380_p2              |     |        | add_ln27_73  | add | fabric    | 0       |
|    sub_ln28_73_fu_8459_p2              |     |        | sub_ln28_73  | sub | fabric    | 0       |
|    add_ln28_73_fu_10013_p2             |     |        | add_ln28_73  | add | fabric    | 0       |
|    add_ln27_74_fu_5402_p2              |     |        | add_ln27_74  | add | fabric    | 0       |
|    sub_ln28_74_fu_8480_p2              |     |        | sub_ln28_74  | sub | fabric    | 0       |
|    add_ln28_74_fu_10046_p2             |     |        | add_ln28_74  | add | fabric    | 0       |
|    add_ln27_75_fu_5424_p2              |     |        | add_ln27_75  | add | fabric    | 0       |
|    sub_ln28_75_fu_8501_p2              |     |        | sub_ln28_75  | sub | fabric    | 0       |
|    add_ln28_75_fu_10079_p2             |     |        | add_ln28_75  | add | fabric    | 0       |
|    add_ln27_76_fu_5446_p2              |     |        | add_ln27_76  | add | fabric    | 0       |
|    sub_ln28_76_fu_8522_p2              |     |        | sub_ln28_76  | sub | fabric    | 0       |
|    add_ln28_76_fu_10112_p2             |     |        | add_ln28_76  | add | fabric    | 0       |
|    add_ln27_77_fu_5468_p2              |     |        | add_ln27_77  | add | fabric    | 0       |
|    sub_ln28_77_fu_8543_p2              |     |        | sub_ln28_77  | sub | fabric    | 0       |
|    add_ln28_77_fu_10145_p2             |     |        | add_ln28_77  | add | fabric    | 0       |
|    add_ln27_78_fu_5490_p2              |     |        | add_ln27_78  | add | fabric    | 0       |
|    sub_ln28_78_fu_8564_p2              |     |        | sub_ln28_78  | sub | fabric    | 0       |
|    add_ln28_78_fu_10178_p2             |     |        | add_ln28_78  | add | fabric    | 0       |
|    add_ln27_79_fu_5506_p2              |     |        | add_ln27_79  | add | fabric    | 0       |
|    sub_ln28_79_fu_8585_p2              |     |        | sub_ln28_79  | sub | fabric    | 0       |
|    add_ln28_79_fu_10211_p2             |     |        | add_ln28_79  | add | fabric    | 0       |
|    add_ln27_80_fu_28541_p2             |     |        | add_ln27_80  | add | fabric    | 0       |
|    sub_ln28_80_fu_29504_p2             |     |        | sub_ln28_80  | sub | fabric    | 0       |
|    add_ln28_80_fu_30126_p2             |     |        | add_ln28_80  | add | fabric    | 0       |
|    add_ln27_81_fu_21989_p2             |     |        | add_ln27_81  | add | fabric    | 0       |
|    sub_ln28_81_fu_25454_p2             |     |        | sub_ln28_81  | sub | fabric    | 0       |
|    add_ln28_81_fu_26802_p2             |     |        | add_ln28_81  | add | fabric    | 0       |
|    add_ln27_82_fu_5528_p2              |     |        | add_ln27_82  | add | fabric    | 0       |
|    sub_ln28_82_fu_8606_p2              |     |        | sub_ln28_82  | sub | fabric    | 0       |
|    add_ln28_82_fu_10244_p2             |     |        | add_ln28_82  | add | fabric    | 0       |
|    add_ln27_83_fu_5550_p2              |     |        | add_ln27_83  | add | fabric    | 0       |
|    sub_ln28_83_fu_8627_p2              |     |        | sub_ln28_83  | sub | fabric    | 0       |
|    add_ln28_83_fu_10277_p2             |     |        | add_ln28_83  | add | fabric    | 0       |
|    add_ln27_84_fu_5566_p2              |     |        | add_ln27_84  | add | fabric    | 0       |
|    sub_ln28_84_fu_8648_p2              |     |        | sub_ln28_84  | sub | fabric    | 0       |
|    add_ln28_84_fu_10310_p2             |     |        | add_ln28_84  | add | fabric    | 0       |
|    add_ln27_85_fu_7160_p2              |     |        | add_ln27_85  | add | fabric    | 0       |
|    sub_ln28_85_fu_10332_p2             |     |        | sub_ln28_85  | sub | fabric    | 0       |
|    add_ln28_85_fu_11689_p2             |     |        | add_ln28_85  | add | fabric    | 0       |
|    add_ln27_86_fu_7182_p2              |     |        | add_ln27_86  | add | fabric    | 0       |
|    sub_ln28_86_fu_10348_p2             |     |        | sub_ln28_86  | sub | fabric    | 0       |
|    add_ln28_86_fu_11722_p2             |     |        | add_ln28_86  | add | fabric    | 0       |
|    add_ln27_87_fu_7204_p2              |     |        | add_ln27_87  | add | fabric    | 0       |
|    sub_ln28_87_fu_10369_p2             |     |        | sub_ln28_87  | sub | fabric    | 0       |
|    add_ln28_87_fu_11755_p2             |     |        | add_ln28_87  | add | fabric    | 0       |
|    add_ln27_88_fu_7226_p2              |     |        | add_ln27_88  | add | fabric    | 0       |
|    sub_ln28_88_fu_10390_p2             |     |        | sub_ln28_88  | sub | fabric    | 0       |
|    add_ln28_88_fu_11788_p2             |     |        | add_ln28_88  | add | fabric    | 0       |
|    add_ln27_89_fu_7248_p2              |     |        | add_ln27_89  | add | fabric    | 0       |
|    sub_ln28_89_fu_10411_p2             |     |        | sub_ln28_89  | sub | fabric    | 0       |
|    add_ln28_89_fu_11821_p2             |     |        | add_ln28_89  | add | fabric    | 0       |
|    add_ln27_90_fu_7270_p2              |     |        | add_ln27_90  | add | fabric    | 0       |
|    sub_ln28_90_fu_10432_p2             |     |        | sub_ln28_90  | sub | fabric    | 0       |
|    add_ln28_90_fu_11854_p2             |     |        | add_ln28_90  | add | fabric    | 0       |
|    add_ln27_91_fu_7292_p2              |     |        | add_ln27_91  | add | fabric    | 0       |
|    sub_ln28_91_fu_10453_p2             |     |        | sub_ln28_91  | sub | fabric    | 0       |
|    add_ln28_91_fu_11887_p2             |     |        | add_ln28_91  | add | fabric    | 0       |
|    add_ln27_92_fu_7314_p2              |     |        | add_ln27_92  | add | fabric    | 0       |
|    sub_ln28_92_fu_10474_p2             |     |        | sub_ln28_92  | sub | fabric    | 0       |
|    add_ln28_92_fu_11920_p2             |     |        | add_ln28_92  | add | fabric    | 0       |
|    add_ln27_93_fu_7336_p2              |     |        | add_ln27_93  | add | fabric    | 0       |
|    sub_ln28_93_fu_10495_p2             |     |        | sub_ln28_93  | sub | fabric    | 0       |
|    add_ln28_93_fu_11953_p2             |     |        | add_ln28_93  | add | fabric    | 0       |
|    add_ln27_94_fu_7358_p2              |     |        | add_ln27_94  | add | fabric    | 0       |
|    sub_ln28_94_fu_10516_p2             |     |        | sub_ln28_94  | sub | fabric    | 0       |
|    add_ln28_94_fu_11986_p2             |     |        | add_ln28_94  | add | fabric    | 0       |
|    add_ln27_95_fu_7374_p2              |     |        | add_ln27_95  | add | fabric    | 0       |
|    sub_ln28_95_fu_10537_p2             |     |        | sub_ln28_95  | sub | fabric    | 0       |
|    add_ln28_95_fu_12019_p2             |     |        | add_ln28_95  | add | fabric    | 0       |
|    add_ln27_96_fu_28555_p2             |     |        | add_ln27_96  | add | fabric    | 0       |
|    sub_ln28_96_fu_29520_p2             |     |        | sub_ln28_96  | sub | fabric    | 0       |
|    add_ln28_96_fu_30160_p2             |     |        | add_ln28_96  | add | fabric    | 0       |
|    add_ln27_97_fu_22011_p2             |     |        | add_ln27_97  | add | fabric    | 0       |
|    sub_ln28_97_fu_25470_p2             |     |        | sub_ln28_97  | sub | fabric    | 0       |
|    add_ln28_97_fu_26835_p2             |     |        | add_ln28_97  | add | fabric    | 0       |
|    add_ln27_98_fu_7396_p2              |     |        | add_ln27_98  | add | fabric    | 0       |
|    sub_ln28_98_fu_10558_p2             |     |        | sub_ln28_98  | sub | fabric    | 0       |
|    add_ln28_98_fu_12052_p2             |     |        | add_ln28_98  | add | fabric    | 0       |
|    add_ln27_99_fu_7418_p2              |     |        | add_ln27_99  | add | fabric    | 0       |
|    sub_ln28_99_fu_10579_p2             |     |        | sub_ln28_99  | sub | fabric    | 0       |
|    add_ln28_99_fu_12085_p2             |     |        | add_ln28_99  | add | fabric    | 0       |
|    add_ln27_100_fu_7440_p2             |     |        | add_ln27_100 | add | fabric    | 0       |
|    sub_ln28_100_fu_10600_p2            |     |        | sub_ln28_100 | sub | fabric    | 0       |
|    add_ln28_100_fu_12118_p2            |     |        | add_ln28_100 | add | fabric    | 0       |
|    add_ln27_101_fu_7462_p2             |     |        | add_ln27_101 | add | fabric    | 0       |
|    sub_ln28_101_fu_10621_p2            |     |        | sub_ln28_101 | sub | fabric    | 0       |
|    add_ln28_101_fu_12151_p2            |     |        | add_ln28_101 | add | fabric    | 0       |
|    add_ln27_102_fu_7478_p2             |     |        | add_ln27_102 | add | fabric    | 0       |
|    sub_ln28_102_fu_10642_p2            |     |        | sub_ln28_102 | sub | fabric    | 0       |
|    add_ln28_102_fu_12184_p2            |     |        | add_ln28_102 | add | fabric    | 0       |
|    add_ln27_103_fu_8959_p2             |     |        | add_ln27_103 | add | fabric    | 0       |
|    sub_ln28_103_fu_12206_p2            |     |        | sub_ln28_103 | sub | fabric    | 0       |
|    add_ln28_103_fu_13486_p2            |     |        | add_ln28_103 | add | fabric    | 0       |
|    add_ln27_104_fu_8981_p2             |     |        | add_ln27_104 | add | fabric    | 0       |
|    sub_ln28_104_fu_12222_p2            |     |        | sub_ln28_104 | sub | fabric    | 0       |
|    add_ln28_104_fu_13519_p2            |     |        | add_ln28_104 | add | fabric    | 0       |
|    add_ln27_105_fu_9003_p2             |     |        | add_ln27_105 | add | fabric    | 0       |
|    sub_ln28_105_fu_12243_p2            |     |        | sub_ln28_105 | sub | fabric    | 0       |
|    add_ln28_105_fu_13552_p2            |     |        | add_ln28_105 | add | fabric    | 0       |
|    add_ln27_106_fu_9025_p2             |     |        | add_ln27_106 | add | fabric    | 0       |
|    sub_ln28_106_fu_12264_p2            |     |        | sub_ln28_106 | sub | fabric    | 0       |
|    add_ln28_106_fu_13585_p2            |     |        | add_ln28_106 | add | fabric    | 0       |
|    add_ln27_107_fu_9047_p2             |     |        | add_ln27_107 | add | fabric    | 0       |
|    sub_ln28_107_fu_12285_p2            |     |        | sub_ln28_107 | sub | fabric    | 0       |
|    add_ln28_107_fu_13618_p2            |     |        | add_ln28_107 | add | fabric    | 0       |
|    add_ln27_108_fu_9069_p2             |     |        | add_ln27_108 | add | fabric    | 0       |
|    sub_ln28_108_fu_12306_p2            |     |        | sub_ln28_108 | sub | fabric    | 0       |
|    add_ln28_108_fu_13651_p2            |     |        | add_ln28_108 | add | fabric    | 0       |
|    add_ln27_109_fu_9091_p2             |     |        | add_ln27_109 | add | fabric    | 0       |
|    sub_ln28_109_fu_12327_p2            |     |        | sub_ln28_109 | sub | fabric    | 0       |
|    add_ln28_109_fu_13684_p2            |     |        | add_ln28_109 | add | fabric    | 0       |
|    add_ln27_110_fu_9113_p2             |     |        | add_ln27_110 | add | fabric    | 0       |
|    sub_ln28_110_fu_12348_p2            |     |        | sub_ln28_110 | sub | fabric    | 0       |
|    add_ln28_110_fu_13717_p2            |     |        | add_ln28_110 | add | fabric    | 0       |
|    add_ln27_111_fu_9129_p2             |     |        | add_ln27_111 | add | fabric    | 0       |
|    sub_ln28_111_fu_12369_p2            |     |        | sub_ln28_111 | sub | fabric    | 0       |
|    add_ln28_111_fu_13750_p2            |     |        | add_ln28_111 | add | fabric    | 0       |
|    add_ln27_112_fu_28569_p2            |     |        | add_ln27_112 | add | fabric    | 0       |
|    sub_ln28_112_fu_29536_p2            |     |        | sub_ln28_112 | sub | fabric    | 0       |
|    add_ln28_112_fu_30194_p2            |     |        | add_ln28_112 | add | fabric    | 0       |
|    add_ln27_113_fu_22033_p2            |     |        | add_ln27_113 | add | fabric    | 0       |
|    sub_ln28_113_fu_25491_p2            |     |        | sub_ln28_113 | sub | fabric    | 0       |
|    add_ln28_113_fu_26868_p2            |     |        | add_ln28_113 | add | fabric    | 0       |
|    add_ln27_114_fu_9151_p2             |     |        | add_ln27_114 | add | fabric    | 0       |
|    sub_ln28_114_fu_12390_p2            |     |        | sub_ln28_114 | sub | fabric    | 0       |
|    add_ln28_114_fu_13783_p2            |     |        | add_ln28_114 | add | fabric    | 0       |
|    add_ln27_115_fu_9173_p2             |     |        | add_ln27_115 | add | fabric    | 0       |
|    sub_ln28_115_fu_12411_p2            |     |        | sub_ln28_115 | sub | fabric    | 0       |
|    add_ln28_115_fu_13816_p2            |     |        | add_ln28_115 | add | fabric    | 0       |
|    add_ln27_116_fu_9195_p2             |     |        | add_ln27_116 | add | fabric    | 0       |
|    sub_ln28_116_fu_12432_p2            |     |        | sub_ln28_116 | sub | fabric    | 0       |
|    add_ln28_116_fu_13849_p2            |     |        | add_ln28_116 | add | fabric    | 0       |
|    add_ln27_117_fu_9217_p2             |     |        | add_ln27_117 | add | fabric    | 0       |
|    sub_ln28_117_fu_12453_p2            |     |        | sub_ln28_117 | sub | fabric    | 0       |
|    add_ln28_117_fu_13882_p2            |     |        | add_ln28_117 | add | fabric    | 0       |
|    add_ln27_118_fu_9239_p2             |     |        | add_ln27_118 | add | fabric    | 0       |
|    sub_ln28_118_fu_12474_p2            |     |        | sub_ln28_118 | sub | fabric    | 0       |
|    add_ln28_118_fu_13915_p2            |     |        | add_ln28_118 | add | fabric    | 0       |
|    add_ln27_119_fu_9261_p2             |     |        | add_ln27_119 | add | fabric    | 0       |
|    sub_ln28_119_fu_12495_p2            |     |        | sub_ln28_119 | sub | fabric    | 0       |
|    add_ln28_119_fu_13948_p2            |     |        | add_ln28_119 | add | fabric    | 0       |
|    add_ln27_120_fu_9277_p2             |     |        | add_ln27_120 | add | fabric    | 0       |
|    sub_ln28_120_fu_12516_p2            |     |        | sub_ln28_120 | sub | fabric    | 0       |
|    add_ln28_120_fu_13981_p2            |     |        | add_ln28_120 | add | fabric    | 0       |
|    add_ln27_121_fu_10953_p2            |     |        | add_ln27_121 | add | fabric    | 0       |
|    sub_ln28_121_fu_14003_p2            |     |        | sub_ln28_121 | sub | fabric    | 0       |
|    add_ln28_121_fu_15161_p2            |     |        | add_ln28_121 | add | fabric    | 0       |
|    add_ln27_122_fu_10975_p2            |     |        | add_ln27_122 | add | fabric    | 0       |
|    sub_ln28_122_fu_14019_p2            |     |        | sub_ln28_122 | sub | fabric    | 0       |
|    add_ln28_122_fu_15194_p2            |     |        | add_ln28_122 | add | fabric    | 0       |
|    add_ln27_123_fu_10997_p2            |     |        | add_ln27_123 | add | fabric    | 0       |
|    sub_ln28_123_fu_14040_p2            |     |        | sub_ln28_123 | sub | fabric    | 0       |
|    add_ln28_123_fu_15227_p2            |     |        | add_ln28_123 | add | fabric    | 0       |
|    add_ln27_124_fu_11019_p2            |     |        | add_ln27_124 | add | fabric    | 0       |
|    sub_ln28_124_fu_14061_p2            |     |        | sub_ln28_124 | sub | fabric    | 0       |
|    add_ln28_124_fu_15260_p2            |     |        | add_ln28_124 | add | fabric    | 0       |
|    add_ln27_125_fu_11041_p2            |     |        | add_ln27_125 | add | fabric    | 0       |
|    sub_ln28_125_fu_14082_p2            |     |        | sub_ln28_125 | sub | fabric    | 0       |
|    add_ln28_125_fu_15293_p2            |     |        | add_ln28_125 | add | fabric    | 0       |
|    add_ln27_126_fu_11063_p2            |     |        | add_ln27_126 | add | fabric    | 0       |
|    sub_ln28_126_fu_14103_p2            |     |        | sub_ln28_126 | sub | fabric    | 0       |
|    add_ln28_126_fu_15326_p2            |     |        | add_ln28_126 | add | fabric    | 0       |
|    add_ln27_127_fu_11079_p2            |     |        | add_ln27_127 | add | fabric    | 0       |
|    sub_ln28_127_fu_14124_p2            |     |        | sub_ln28_127 | sub | fabric    | 0       |
|    add_ln28_127_fu_15359_p2            |     |        | add_ln28_127 | add | fabric    | 0       |
|    add_ln27_128_fu_28583_p2            |     |        | add_ln27_128 | add | fabric    | 0       |
|    sub_ln28_128_fu_29552_p2            |     |        | sub_ln28_128 | sub | fabric    | 0       |
|    add_ln28_128_fu_30228_p2            |     |        | add_ln28_128 | add | fabric    | 0       |
|    add_ln27_129_fu_23919_p2            |     |        | add_ln27_129 | add | fabric    | 0       |
|    sub_ln28_129_fu_26890_p2            |     |        | sub_ln28_129 | sub | fabric    | 0       |
|    add_ln28_129_fu_27622_p2            |     |        | add_ln28_129 | add | fabric    | 0       |
|    add_ln27_130_fu_11101_p2            |     |        | add_ln27_130 | add | fabric    | 0       |
|    sub_ln28_130_fu_14145_p2            |     |        | sub_ln28_130 | sub | fabric    | 0       |
|    add_ln28_130_fu_15392_p2            |     |        | add_ln28_130 | add | fabric    | 0       |
|    add_ln27_131_fu_11123_p2            |     |        | add_ln27_131 | add | fabric    | 0       |
|    sub_ln28_131_fu_14166_p2            |     |        | sub_ln28_131 | sub | fabric    | 0       |
|    add_ln28_131_fu_15425_p2            |     |        | add_ln28_131 | add | fabric    | 0       |
|    add_ln27_132_fu_11145_p2            |     |        | add_ln27_132 | add | fabric    | 0       |
|    sub_ln28_132_fu_14187_p2            |     |        | sub_ln28_132 | sub | fabric    | 0       |
|    add_ln28_132_fu_15458_p2            |     |        | add_ln28_132 | add | fabric    | 0       |
|    add_ln27_133_fu_11167_p2            |     |        | add_ln27_133 | add | fabric    | 0       |
|    sub_ln28_133_fu_14208_p2            |     |        | sub_ln28_133 | sub | fabric    | 0       |
|    add_ln28_133_fu_15491_p2            |     |        | add_ln28_133 | add | fabric    | 0       |
|    add_ln27_134_fu_11189_p2            |     |        | add_ln27_134 | add | fabric    | 0       |
|    sub_ln28_134_fu_14229_p2            |     |        | sub_ln28_134 | sub | fabric    | 0       |
|    add_ln28_134_fu_15524_p2            |     |        | add_ln28_134 | add | fabric    | 0       |
|    add_ln27_135_fu_11211_p2            |     |        | add_ln27_135 | add | fabric    | 0       |
|    sub_ln28_135_fu_14250_p2            |     |        | sub_ln28_135 | sub | fabric    | 0       |
|    add_ln28_135_fu_15557_p2            |     |        | add_ln28_135 | add | fabric    | 0       |
|    add_ln27_136_fu_11233_p2            |     |        | add_ln27_136 | add | fabric    | 0       |
|    sub_ln28_136_fu_14271_p2            |     |        | sub_ln28_136 | sub | fabric    | 0       |
|    add_ln28_136_fu_15590_p2            |     |        | add_ln28_136 | add | fabric    | 0       |
|    add_ln27_137_fu_11255_p2            |     |        | add_ln27_137 | add | fabric    | 0       |
|    sub_ln28_137_fu_14292_p2            |     |        | sub_ln28_137 | sub | fabric    | 0       |
|    add_ln28_137_fu_15623_p2            |     |        | add_ln28_137 | add | fabric    | 0       |
|    add_ln27_138_fu_11271_p2            |     |        | add_ln27_138 | add | fabric    | 0       |
|    sub_ln28_138_fu_14313_p2            |     |        | sub_ln28_138 | sub | fabric    | 0       |
|    add_ln28_138_fu_15656_p2            |     |        | add_ln28_138 | add | fabric    | 0       |
|    add_ln27_139_fu_12827_p2            |     |        | add_ln27_139 | add | fabric    | 0       |
|    sub_ln28_139_fu_15678_p2            |     |        | sub_ln28_139 | sub | fabric    | 0       |
|    add_ln28_139_fu_16830_p2            |     |        | add_ln28_139 | add | fabric    | 0       |
|    add_ln27_140_fu_12849_p2            |     |        | add_ln27_140 | add | fabric    | 0       |
|    sub_ln28_140_fu_15694_p2            |     |        | sub_ln28_140 | sub | fabric    | 0       |
|    add_ln28_140_fu_16863_p2            |     |        | add_ln28_140 | add | fabric    | 0       |
|    add_ln27_141_fu_12871_p2            |     |        | add_ln27_141 | add | fabric    | 0       |
|    sub_ln28_141_fu_15715_p2            |     |        | sub_ln28_141 | sub | fabric    | 0       |
|    add_ln28_141_fu_16896_p2            |     |        | add_ln28_141 | add | fabric    | 0       |
|    add_ln27_142_fu_12893_p2            |     |        | add_ln27_142 | add | fabric    | 0       |
|    sub_ln28_142_fu_15736_p2            |     |        | sub_ln28_142 | sub | fabric    | 0       |
|    add_ln28_142_fu_16929_p2            |     |        | add_ln28_142 | add | fabric    | 0       |
|    add_ln27_143_fu_12909_p2            |     |        | add_ln27_143 | add | fabric    | 0       |
|    sub_ln28_143_fu_15757_p2            |     |        | sub_ln28_143 | sub | fabric    | 0       |
|    add_ln28_143_fu_16962_p2            |     |        | add_ln28_143 | add | fabric    | 0       |
|    add_ln27_144_fu_28597_p2            |     |        | add_ln27_144 | add | fabric    | 0       |
|    sub_ln28_144_fu_29573_p2            |     |        | sub_ln28_144 | sub | fabric    | 0       |
|    add_ln28_144_fu_30262_p2            |     |        | add_ln28_144 | add | fabric    | 0       |
|    add_ln27_145_fu_23941_p2            |     |        | add_ln27_145 | add | fabric    | 0       |
|    sub_ln28_145_fu_26906_p2            |     |        | sub_ln28_145 | sub | fabric    | 0       |
|    add_ln28_145_fu_27655_p2            |     |        | add_ln28_145 | add | fabric    | 0       |
|    add_ln27_146_fu_12931_p2            |     |        | add_ln27_146 | add | fabric    | 0       |
|    sub_ln28_146_fu_15778_p2            |     |        | sub_ln28_146 | sub | fabric    | 0       |
|    add_ln28_146_fu_16995_p2            |     |        | add_ln28_146 | add | fabric    | 0       |
|    add_ln27_147_fu_12953_p2            |     |        | add_ln27_147 | add | fabric    | 0       |
|    sub_ln28_147_fu_15799_p2            |     |        | sub_ln28_147 | sub | fabric    | 0       |
|    add_ln28_147_fu_17028_p2            |     |        | add_ln28_147 | add | fabric    | 0       |
|    add_ln27_148_fu_12975_p2            |     |        | add_ln27_148 | add | fabric    | 0       |
|    sub_ln28_148_fu_15820_p2            |     |        | sub_ln28_148 | sub | fabric    | 0       |
|    add_ln28_148_fu_17061_p2            |     |        | add_ln28_148 | add | fabric    | 0       |
|    add_ln27_149_fu_12997_p2            |     |        | add_ln27_149 | add | fabric    | 0       |
|    sub_ln28_149_fu_15841_p2            |     |        | sub_ln28_149 | sub | fabric    | 0       |
|    add_ln28_149_fu_17094_p2            |     |        | add_ln28_149 | add | fabric    | 0       |
|    add_ln27_150_fu_13019_p2            |     |        | add_ln27_150 | add | fabric    | 0       |
|    sub_ln28_150_fu_15862_p2            |     |        | sub_ln28_150 | sub | fabric    | 0       |
|    add_ln28_150_fu_17127_p2            |     |        | add_ln28_150 | add | fabric    | 0       |
|    add_ln27_151_fu_13041_p2            |     |        | add_ln27_151 | add | fabric    | 0       |
|    sub_ln28_151_fu_15883_p2            |     |        | sub_ln28_151 | sub | fabric    | 0       |
|    add_ln28_151_fu_17160_p2            |     |        | add_ln28_151 | add | fabric    | 0       |
|    add_ln27_152_fu_13063_p2            |     |        | add_ln27_152 | add | fabric    | 0       |
|    sub_ln28_152_fu_15904_p2            |     |        | sub_ln28_152 | sub | fabric    | 0       |
|    add_ln28_152_fu_17193_p2            |     |        | add_ln28_152 | add | fabric    | 0       |
|    add_ln27_153_fu_13085_p2            |     |        | add_ln27_153 | add | fabric    | 0       |
|    sub_ln28_153_fu_15925_p2            |     |        | sub_ln28_153 | sub | fabric    | 0       |
|    add_ln28_153_fu_17226_p2            |     |        | add_ln28_153 | add | fabric    | 0       |
|    add_ln27_154_fu_13107_p2            |     |        | add_ln27_154 | add | fabric    | 0       |
|    sub_ln28_154_fu_15946_p2            |     |        | sub_ln28_154 | sub | fabric    | 0       |
|    add_ln28_154_fu_17259_p2            |     |        | add_ln28_154 | add | fabric    | 0       |
|    add_ln27_155_fu_13129_p2            |     |        | add_ln27_155 | add | fabric    | 0       |
|    sub_ln28_155_fu_15967_p2            |     |        | sub_ln28_155 | sub | fabric    | 0       |
|    add_ln28_155_fu_17292_p2            |     |        | add_ln28_155 | add | fabric    | 0       |
|    add_ln27_156_fu_13145_p2            |     |        | add_ln27_156 | add | fabric    | 0       |
|    sub_ln28_156_fu_15988_p2            |     |        | sub_ln28_156 | sub | fabric    | 0       |
|    add_ln28_156_fu_17325_p2            |     |        | add_ln28_156 | add | fabric    | 0       |
|    add_ln27_157_fu_14624_p2            |     |        | add_ln27_157 | add | fabric    | 0       |
|    sub_ln28_157_fu_17347_p2            |     |        | sub_ln28_157 | sub | fabric    | 0       |
|    add_ln28_157_fu_18505_p2            |     |        | add_ln28_157 | add | fabric    | 0       |
|    add_ln27_158_fu_14646_p2            |     |        | add_ln27_158 | add | fabric    | 0       |
|    sub_ln28_158_fu_17363_p2            |     |        | sub_ln28_158 | sub | fabric    | 0       |
|    add_ln28_158_fu_18538_p2            |     |        | add_ln28_158 | add | fabric    | 0       |
|    add_ln27_159_fu_14662_p2            |     |        | add_ln27_159 | add | fabric    | 0       |
|    sub_ln28_159_fu_17384_p2            |     |        | sub_ln28_159 | sub | fabric    | 0       |
|    add_ln28_159_fu_18571_p2            |     |        | add_ln28_159 | add | fabric    | 0       |
|    add_ln27_160_fu_29130_p2            |     |        | add_ln27_160 | add | fabric    | 0       |
|    sub_ln28_160_fu_30284_p2            |     |        | sub_ln28_160 | sub | fabric    | 0       |
|    add_ln28_160_fu_30656_p2            |     |        | add_ln28_160 | add | fabric    | 0       |
|    add_ln27_161_fu_23963_p2            |     |        | add_ln27_161 | add | fabric    | 0       |
|    sub_ln28_161_fu_26922_p2            |     |        | sub_ln28_161 | sub | fabric    | 0       |
|    add_ln28_161_fu_27688_p2            |     |        | add_ln28_161 | add | fabric    | 0       |
|    add_ln27_162_fu_14684_p2            |     |        | add_ln27_162 | add | fabric    | 0       |
|    sub_ln28_162_fu_17405_p2            |     |        | sub_ln28_162 | sub | fabric    | 0       |
|    add_ln28_162_fu_18604_p2            |     |        | add_ln28_162 | add | fabric    | 0       |
|    add_ln27_163_fu_14706_p2            |     |        | add_ln27_163 | add | fabric    | 0       |
|    sub_ln28_163_fu_17426_p2            |     |        | sub_ln28_163 | sub | fabric    | 0       |
|    add_ln28_163_fu_18637_p2            |     |        | add_ln28_163 | add | fabric    | 0       |
|    add_ln27_164_fu_14728_p2            |     |        | add_ln27_164 | add | fabric    | 0       |
|    sub_ln28_164_fu_17447_p2            |     |        | sub_ln28_164 | sub | fabric    | 0       |
|    add_ln28_164_fu_18670_p2            |     |        | add_ln28_164 | add | fabric    | 0       |
|    add_ln27_165_fu_14750_p2            |     |        | add_ln27_165 | add | fabric    | 0       |
|    sub_ln28_165_fu_17468_p2            |     |        | sub_ln28_165 | sub | fabric    | 0       |
|    add_ln28_165_fu_18703_p2            |     |        | add_ln28_165 | add | fabric    | 0       |
|    add_ln27_166_fu_14772_p2            |     |        | add_ln27_166 | add | fabric    | 0       |
|    sub_ln28_166_fu_17489_p2            |     |        | sub_ln28_166 | sub | fabric    | 0       |
|    add_ln28_166_fu_18736_p2            |     |        | add_ln28_166 | add | fabric    | 0       |
|    add_ln27_167_fu_14794_p2            |     |        | add_ln27_167 | add | fabric    | 0       |
|    sub_ln28_167_fu_17510_p2            |     |        | sub_ln28_167 | sub | fabric    | 0       |
|    add_ln28_167_fu_18769_p2            |     |        | add_ln28_167 | add | fabric    | 0       |
|    add_ln27_168_fu_14816_p2            |     |        | add_ln27_168 | add | fabric    | 0       |
|    sub_ln28_168_fu_17531_p2            |     |        | sub_ln28_168 | sub | fabric    | 0       |
|    add_ln28_168_fu_18802_p2            |     |        | add_ln28_168 | add | fabric    | 0       |
|    add_ln27_169_fu_14838_p2            |     |        | add_ln27_169 | add | fabric    | 0       |
|    sub_ln28_169_fu_17552_p2            |     |        | sub_ln28_169 | sub | fabric    | 0       |
|    add_ln28_169_fu_18835_p2            |     |        | add_ln28_169 | add | fabric    | 0       |
|    add_ln27_170_fu_14860_p2            |     |        | add_ln27_170 | add | fabric    | 0       |
|    sub_ln28_170_fu_17573_p2            |     |        | sub_ln28_170 | sub | fabric    | 0       |
|    add_ln28_170_fu_18868_p2            |     |        | add_ln28_170 | add | fabric    | 0       |
|    add_ln27_171_fu_14882_p2            |     |        | add_ln27_171 | add | fabric    | 0       |
|    sub_ln28_171_fu_17594_p2            |     |        | sub_ln28_171 | sub | fabric    | 0       |
|    add_ln28_171_fu_18901_p2            |     |        | add_ln28_171 | add | fabric    | 0       |
|    add_ln27_172_fu_14904_p2            |     |        | add_ln27_172 | add | fabric    | 0       |
|    sub_ln28_172_fu_17615_p2            |     |        | sub_ln28_172 | sub | fabric    | 0       |
|    add_ln28_172_fu_18934_p2            |     |        | add_ln28_172 | add | fabric    | 0       |
|    add_ln27_173_fu_14926_p2            |     |        | add_ln27_173 | add | fabric    | 0       |
|    sub_ln28_173_fu_17636_p2            |     |        | sub_ln28_173 | sub | fabric    | 0       |
|    add_ln28_173_fu_18967_p2            |     |        | add_ln28_173 | add | fabric    | 0       |
|    add_ln27_174_fu_14942_p2            |     |        | add_ln27_174 | add | fabric    | 0       |
|    sub_ln28_174_fu_17657_p2            |     |        | sub_ln28_174 | sub | fabric    | 0       |
|    add_ln28_174_fu_19000_p2            |     |        | add_ln28_174 | add | fabric    | 0       |
|    add_ln27_175_fu_16293_p2            |     |        | add_ln27_175 | add | fabric    | 0       |
|    sub_ln28_175_fu_19022_p2            |     |        | sub_ln28_175 | sub | fabric    | 0       |
|    add_ln28_175_fu_20184_p2            |     |        | add_ln28_175 | add | fabric    | 0       |
|    add_ln27_176_fu_29144_p2            |     |        | add_ln27_176 | add | fabric    | 0       |
|    sub_ln28_176_fu_30300_p2            |     |        | sub_ln28_176 | sub | fabric    | 0       |
|    add_ln28_176_fu_30690_p2            |     |        | add_ln28_176 | add | fabric    | 0       |
|    add_ln27_177_fu_23985_p2            |     |        | add_ln27_177 | add | fabric    | 0       |
|    sub_ln28_177_fu_26938_p2            |     |        | sub_ln28_177 | sub | fabric    | 0       |
|    add_ln28_177_fu_27721_p2            |     |        | add_ln28_177 | add | fabric    | 0       |
|    add_ln27_178_fu_16315_p2            |     |        | add_ln27_178 | add | fabric    | 0       |
|    sub_ln28_178_fu_19038_p2            |     |        | sub_ln28_178 | sub | fabric    | 0       |
|    add_ln28_178_fu_20217_p2            |     |        | add_ln28_178 | add | fabric    | 0       |
|    add_ln27_179_fu_16337_p2            |     |        | add_ln27_179 | add | fabric    | 0       |
|    sub_ln28_179_fu_19059_p2            |     |        | sub_ln28_179 | sub | fabric    | 0       |
|    add_ln28_179_fu_20250_p2            |     |        | add_ln28_179 | add | fabric    | 0       |
|    add_ln27_180_fu_16359_p2            |     |        | add_ln27_180 | add | fabric    | 0       |
|    sub_ln28_180_fu_19080_p2            |     |        | sub_ln28_180 | sub | fabric    | 0       |
|    add_ln28_180_fu_20283_p2            |     |        | add_ln28_180 | add | fabric    | 0       |
|    add_ln27_181_fu_16381_p2            |     |        | add_ln27_181 | add | fabric    | 0       |
|    sub_ln28_181_fu_19101_p2            |     |        | sub_ln28_181 | sub | fabric    | 0       |
|    add_ln28_181_fu_20316_p2            |     |        | add_ln28_181 | add | fabric    | 0       |
|    add_ln27_182_fu_16403_p2            |     |        | add_ln27_182 | add | fabric    | 0       |
|    sub_ln28_182_fu_19122_p2            |     |        | sub_ln28_182 | sub | fabric    | 0       |
|    add_ln28_182_fu_20349_p2            |     |        | add_ln28_182 | add | fabric    | 0       |
|    add_ln27_183_fu_16425_p2            |     |        | add_ln27_183 | add | fabric    | 0       |
|    sub_ln28_183_fu_19143_p2            |     |        | sub_ln28_183 | sub | fabric    | 0       |
|    add_ln28_183_fu_20382_p2            |     |        | add_ln28_183 | add | fabric    | 0       |
|    add_ln27_184_fu_16447_p2            |     |        | add_ln27_184 | add | fabric    | 0       |
|    sub_ln28_184_fu_19164_p2            |     |        | sub_ln28_184 | sub | fabric    | 0       |
|    add_ln28_184_fu_20415_p2            |     |        | add_ln28_184 | add | fabric    | 0       |
|    add_ln27_185_fu_16469_p2            |     |        | add_ln27_185 | add | fabric    | 0       |
|    sub_ln28_185_fu_19185_p2            |     |        | sub_ln28_185 | sub | fabric    | 0       |
|    add_ln28_185_fu_20448_p2            |     |        | add_ln28_185 | add | fabric    | 0       |
|    add_ln27_186_fu_16491_p2            |     |        | add_ln27_186 | add | fabric    | 0       |
|    sub_ln28_186_fu_19206_p2            |     |        | sub_ln28_186 | sub | fabric    | 0       |
|    add_ln28_186_fu_20481_p2            |     |        | add_ln28_186 | add | fabric    | 0       |
|    add_ln27_187_fu_16513_p2            |     |        | add_ln27_187 | add | fabric    | 0       |
|    sub_ln28_187_fu_19227_p2            |     |        | sub_ln28_187 | sub | fabric    | 0       |
|    add_ln28_187_fu_20514_p2            |     |        | add_ln28_187 | add | fabric    | 0       |
|    add_ln27_188_fu_16535_p2            |     |        | add_ln27_188 | add | fabric    | 0       |
|    sub_ln28_188_fu_19248_p2            |     |        | sub_ln28_188 | sub | fabric    | 0       |
|    add_ln28_188_fu_20547_p2            |     |        | add_ln28_188 | add | fabric    | 0       |
|    add_ln27_189_fu_16557_p2            |     |        | add_ln27_189 | add | fabric    | 0       |
|    sub_ln28_189_fu_19269_p2            |     |        | sub_ln28_189 | sub | fabric    | 0       |
|    add_ln28_189_fu_20580_p2            |     |        | add_ln28_189 | add | fabric    | 0       |
|    add_ln27_190_fu_16579_p2            |     |        | add_ln27_190 | add | fabric    | 0       |
|    sub_ln28_190_fu_19290_p2            |     |        | sub_ln28_190 | sub | fabric    | 0       |
|    add_ln28_190_fu_20613_p2            |     |        | add_ln28_190 | add | fabric    | 0       |
|    add_ln27_191_fu_16595_p2            |     |        | add_ln27_191 | add | fabric    | 0       |
|    sub_ln28_191_fu_19311_p2            |     |        | sub_ln28_191 | sub | fabric    | 0       |
|    add_ln28_191_fu_20646_p2            |     |        | add_ln28_191 | add | fabric    | 0       |
|    add_ln27_192_fu_29158_p2            |     |        | add_ln27_192 | add | fabric    | 0       |
|    sub_ln28_192_fu_30316_p2            |     |        | sub_ln28_192 | sub | fabric    | 0       |
|    add_ln28_192_fu_30724_p2            |     |        | add_ln28_192 | add | fabric    | 0       |
|    add_ln27_193_fu_24007_p2            |     |        | add_ln27_193 | add | fabric    | 0       |
|    sub_ln28_193_fu_26954_p2            |     |        | sub_ln28_193 | sub | fabric    | 0       |
|    add_ln28_193_fu_27754_p2            |     |        | add_ln28_193 | add | fabric    | 0       |
|    add_ln27_194_fu_16611_p2            |     |        | add_ln27_194 | add | fabric    | 0       |
|    sub_ln28_194_fu_19332_p2            |     |        | sub_ln28_194 | sub | fabric    | 0       |
|    add_ln28_194_fu_20679_p2            |     |        | add_ln28_194 | add | fabric    | 0       |
|    add_ln27_195_fu_17968_p2            |     |        | add_ln27_195 | add | fabric    | 0       |
|    sub_ln28_195_fu_20701_p2            |     |        | sub_ln28_195 | sub | fabric    | 0       |
|    add_ln28_195_fu_22060_p2            |     |        | add_ln28_195 | add | fabric    | 0       |
|    add_ln27_196_fu_17990_p2            |     |        | add_ln27_196 | add | fabric    | 0       |
|    sub_ln28_196_fu_20717_p2            |     |        | sub_ln28_196 | sub | fabric    | 0       |
|    add_ln28_196_fu_22093_p2            |     |        | add_ln28_196 | add | fabric    | 0       |
|    add_ln27_197_fu_18012_p2            |     |        | add_ln27_197 | add | fabric    | 0       |
|    sub_ln28_197_fu_20738_p2            |     |        | sub_ln28_197 | sub | fabric    | 0       |
|    add_ln28_197_fu_22126_p2            |     |        | add_ln28_197 | add | fabric    | 0       |
|    add_ln27_198_fu_18034_p2            |     |        | add_ln27_198 | add | fabric    | 0       |
|    sub_ln28_198_fu_20759_p2            |     |        | sub_ln28_198 | sub | fabric    | 0       |
|    add_ln28_198_fu_22159_p2            |     |        | add_ln28_198 | add | fabric    | 0       |
|    add_ln27_199_fu_18056_p2            |     |        | add_ln27_199 | add | fabric    | 0       |
|    sub_ln28_199_fu_20780_p2            |     |        | sub_ln28_199 | sub | fabric    | 0       |
|    add_ln28_199_fu_22192_p2            |     |        | add_ln28_199 | add | fabric    | 0       |
|    add_ln27_200_fu_18078_p2            |     |        | add_ln27_200 | add | fabric    | 0       |
|    sub_ln28_200_fu_20801_p2            |     |        | sub_ln28_200 | sub | fabric    | 0       |
|    add_ln28_200_fu_22225_p2            |     |        | add_ln28_200 | add | fabric    | 0       |
|    add_ln27_201_fu_18100_p2            |     |        | add_ln27_201 | add | fabric    | 0       |
|    sub_ln28_201_fu_20822_p2            |     |        | sub_ln28_201 | sub | fabric    | 0       |
|    add_ln28_201_fu_22258_p2            |     |        | add_ln28_201 | add | fabric    | 0       |
|    add_ln27_202_fu_18122_p2            |     |        | add_ln27_202 | add | fabric    | 0       |
|    sub_ln28_202_fu_20843_p2            |     |        | sub_ln28_202 | sub | fabric    | 0       |
|    add_ln28_202_fu_22291_p2            |     |        | add_ln28_202 | add | fabric    | 0       |
|    add_ln27_203_fu_18144_p2            |     |        | add_ln27_203 | add | fabric    | 0       |
|    sub_ln28_203_fu_20864_p2            |     |        | sub_ln28_203 | sub | fabric    | 0       |
|    add_ln28_203_fu_22324_p2            |     |        | add_ln28_203 | add | fabric    | 0       |
|    add_ln27_204_fu_18166_p2            |     |        | add_ln27_204 | add | fabric    | 0       |
|    sub_ln28_204_fu_20885_p2            |     |        | sub_ln28_204 | sub | fabric    | 0       |
|    add_ln28_204_fu_22357_p2            |     |        | add_ln28_204 | add | fabric    | 0       |
|    add_ln27_205_fu_18188_p2            |     |        | add_ln27_205 | add | fabric    | 0       |
|    sub_ln28_205_fu_20906_p2            |     |        | sub_ln28_205 | sub | fabric    | 0       |
|    add_ln28_205_fu_22390_p2            |     |        | add_ln28_205 | add | fabric    | 0       |
|    add_ln27_206_fu_18210_p2            |     |        | add_ln27_206 | add | fabric    | 0       |
|    sub_ln28_206_fu_20927_p2            |     |        | sub_ln28_206 | sub | fabric    | 0       |
|    add_ln28_206_fu_22423_p2            |     |        | add_ln28_206 | add | fabric    | 0       |
|    add_ln27_207_fu_18226_p2            |     |        | add_ln27_207 | add | fabric    | 0       |
|    sub_ln28_207_fu_20948_p2            |     |        | sub_ln28_207 | sub | fabric    | 0       |
|    add_ln28_207_fu_22456_p2            |     |        | add_ln28_207 | add | fabric    | 0       |
|    add_ln27_208_fu_29172_p2            |     |        | add_ln27_208 | add | fabric    | 0       |
|    sub_ln28_208_fu_30332_p2            |     |        | sub_ln28_208 | sub | fabric    | 0       |
|    add_ln28_208_fu_30758_p2            |     |        | add_ln28_208 | add | fabric    | 0       |
|    add_ln27_209_fu_24029_p2            |     |        | add_ln27_209 | add | fabric    | 0       |
|    sub_ln28_209_fu_26970_p2            |     |        | sub_ln28_209 | sub | fabric    | 0       |
|    add_ln28_209_fu_27787_p2            |     |        | add_ln28_209 | add | fabric    | 0       |
|    add_ln27_210_fu_18248_p2            |     |        | add_ln27_210 | add | fabric    | 0       |
|    sub_ln28_210_fu_20969_p2            |     |        | sub_ln28_210 | sub | fabric    | 0       |
|    add_ln28_210_fu_22489_p2            |     |        | add_ln28_210 | add | fabric    | 0       |
|    add_ln27_211_fu_18270_p2            |     |        | add_ln27_211 | add | fabric    | 0       |
|    sub_ln28_211_fu_20990_p2            |     |        | sub_ln28_211 | sub | fabric    | 0       |
|    add_ln28_211_fu_22522_p2            |     |        | add_ln28_211 | add | fabric    | 0       |
|    add_ln27_212_fu_18286_p2            |     |        | add_ln27_212 | add | fabric    | 0       |
|    sub_ln28_212_fu_21011_p2            |     |        | sub_ln28_212 | sub | fabric    | 0       |
|    add_ln28_212_fu_22555_p2            |     |        | add_ln28_212 | add | fabric    | 0       |
|    add_ln27_213_fu_19643_p2            |     |        | add_ln27_213 | add | fabric    | 0       |
|    sub_ln28_213_fu_22577_p2            |     |        | sub_ln28_213 | sub | fabric    | 0       |
|    add_ln28_213_fu_24056_p2            |     |        | add_ln28_213 | add | fabric    | 0       |
|    add_ln27_214_fu_19665_p2            |     |        | add_ln27_214 | add | fabric    | 0       |
|    sub_ln28_214_fu_22593_p2            |     |        | sub_ln28_214 | sub | fabric    | 0       |
|    add_ln28_214_fu_24089_p2            |     |        | add_ln28_214 | add | fabric    | 0       |
|    add_ln27_215_fu_19687_p2            |     |        | add_ln27_215 | add | fabric    | 0       |
|    sub_ln28_215_fu_22614_p2            |     |        | sub_ln28_215 | sub | fabric    | 0       |
|    add_ln28_215_fu_24122_p2            |     |        | add_ln28_215 | add | fabric    | 0       |
|    add_ln27_216_fu_19709_p2            |     |        | add_ln27_216 | add | fabric    | 0       |
|    sub_ln28_216_fu_22635_p2            |     |        | sub_ln28_216 | sub | fabric    | 0       |
|    add_ln28_216_fu_24155_p2            |     |        | add_ln28_216 | add | fabric    | 0       |
|    add_ln27_217_fu_19731_p2            |     |        | add_ln27_217 | add | fabric    | 0       |
|    sub_ln28_217_fu_22656_p2            |     |        | sub_ln28_217 | sub | fabric    | 0       |
|    add_ln28_217_fu_24188_p2            |     |        | add_ln28_217 | add | fabric    | 0       |
|    add_ln27_218_fu_19753_p2            |     |        | add_ln27_218 | add | fabric    | 0       |
|    sub_ln28_218_fu_22677_p2            |     |        | sub_ln28_218 | sub | fabric    | 0       |
|    add_ln28_218_fu_24221_p2            |     |        | add_ln28_218 | add | fabric    | 0       |
|    add_ln27_219_fu_19775_p2            |     |        | add_ln27_219 | add | fabric    | 0       |
|    sub_ln28_219_fu_22698_p2            |     |        | sub_ln28_219 | sub | fabric    | 0       |
|    add_ln28_219_fu_24254_p2            |     |        | add_ln28_219 | add | fabric    | 0       |
|    add_ln27_220_fu_19797_p2            |     |        | add_ln27_220 | add | fabric    | 0       |
|    sub_ln28_220_fu_22719_p2            |     |        | sub_ln28_220 | sub | fabric    | 0       |
|    add_ln28_220_fu_24287_p2            |     |        | add_ln28_220 | add | fabric    | 0       |
|    add_ln27_221_fu_19819_p2            |     |        | add_ln27_221 | add | fabric    | 0       |
|    sub_ln28_221_fu_22740_p2            |     |        | sub_ln28_221 | sub | fabric    | 0       |
|    add_ln28_221_fu_24320_p2            |     |        | add_ln28_221 | add | fabric    | 0       |
|    add_ln27_222_fu_19841_p2            |     |        | add_ln27_222 | add | fabric    | 0       |
|    sub_ln28_222_fu_22761_p2            |     |        | sub_ln28_222 | sub | fabric    | 0       |
|    add_ln28_222_fu_24353_p2            |     |        | add_ln28_222 | add | fabric    | 0       |
|    add_ln27_223_fu_19857_p2            |     |        | add_ln27_223 | add | fabric    | 0       |
|    sub_ln28_223_fu_22782_p2            |     |        | sub_ln28_223 | sub | fabric    | 0       |
|    add_ln28_223_fu_24386_p2            |     |        | add_ln28_223 | add | fabric    | 0       |
|    add_ln27_224_fu_29186_p2            |     |        | add_ln27_224 | add | fabric    | 0       |
|    sub_ln28_224_fu_30348_p2            |     |        | sub_ln28_224 | sub | fabric    | 0       |
|    add_ln28_224_fu_30792_p2            |     |        | add_ln28_224 | add | fabric    | 0       |
|    add_ln27_225_fu_24414_p2            |     |        | add_ln27_225 | add | fabric    | 0       |
|    sub_ln28_225_fu_26986_p2            |     |        | sub_ln28_225 | sub | fabric    | 0       |
|    add_ln28_225_fu_27820_p2            |     |        | add_ln28_225 | add | fabric    | 0       |
|    add_ln27_226_fu_19879_p2            |     |        | add_ln27_226 | add | fabric    | 0       |
|    sub_ln28_226_fu_22803_p2            |     |        | sub_ln28_226 | sub | fabric    | 0       |
|    add_ln28_226_fu_24441_p2            |     |        | add_ln28_226 | add | fabric    | 0       |
|    add_ln27_227_fu_19901_p2            |     |        | add_ln27_227 | add | fabric    | 0       |
|    sub_ln28_227_fu_22824_p2            |     |        | sub_ln28_227 | sub | fabric    | 0       |
|    add_ln28_227_fu_24474_p2            |     |        | add_ln28_227 | add | fabric    | 0       |
|    add_ln27_228_fu_19923_p2            |     |        | add_ln27_228 | add | fabric    | 0       |
|    sub_ln28_228_fu_22845_p2            |     |        | sub_ln28_228 | sub | fabric    | 0       |
|    add_ln28_228_fu_24507_p2            |     |        | add_ln28_228 | add | fabric    | 0       |
|    add_ln27_229_fu_19945_p2            |     |        | add_ln27_229 | add | fabric    | 0       |
|    sub_ln28_229_fu_22866_p2            |     |        | sub_ln28_229 | sub | fabric    | 0       |
|    add_ln28_229_fu_24540_p2            |     |        | add_ln28_229 | add | fabric    | 0       |
|    add_ln27_230_fu_19961_p2            |     |        | add_ln27_230 | add | fabric    | 0       |
|    sub_ln28_230_fu_22887_p2            |     |        | sub_ln28_230 | sub | fabric    | 0       |
|    add_ln28_230_fu_24573_p2            |     |        | add_ln28_230 | add | fabric    | 0       |
|    add_ln27_231_fu_21322_p2            |     |        | add_ln27_231 | add | fabric    | 0       |
|    sub_ln28_231_fu_24595_p2            |     |        | sub_ln28_231 | sub | fabric    | 0       |
|    add_ln28_231_fu_25679_p2            |     |        | add_ln28_231 | add | fabric    | 0       |
|    add_ln27_232_fu_21344_p2            |     |        | add_ln27_232 | add | fabric    | 0       |
|    sub_ln28_232_fu_24611_p2            |     |        | sub_ln28_232 | sub | fabric    | 0       |
|    add_ln28_232_fu_25712_p2            |     |        | add_ln28_232 | add | fabric    | 0       |
|    add_ln27_233_fu_21366_p2            |     |        | add_ln27_233 | add | fabric    | 0       |
|    sub_ln28_233_fu_24632_p2            |     |        | sub_ln28_233 | sub | fabric    | 0       |
|    add_ln28_233_fu_25745_p2            |     |        | add_ln28_233 | add | fabric    | 0       |
|    add_ln27_234_fu_21388_p2            |     |        | add_ln27_234 | add | fabric    | 0       |
|    sub_ln28_234_fu_24653_p2            |     |        | sub_ln28_234 | sub | fabric    | 0       |
|    add_ln28_234_fu_25778_p2            |     |        | add_ln28_234 | add | fabric    | 0       |
|    add_ln27_235_fu_21410_p2            |     |        | add_ln27_235 | add | fabric    | 0       |
|    sub_ln28_235_fu_24674_p2            |     |        | sub_ln28_235 | sub | fabric    | 0       |
|    add_ln28_235_fu_25811_p2            |     |        | add_ln28_235 | add | fabric    | 0       |
|    add_ln27_236_fu_21432_p2            |     |        | add_ln27_236 | add | fabric    | 0       |
|    sub_ln28_236_fu_24695_p2            |     |        | sub_ln28_236 | sub | fabric    | 0       |
|    add_ln28_236_fu_25844_p2            |     |        | add_ln28_236 | add | fabric    | 0       |
|    add_ln27_237_fu_21454_p2            |     |        | add_ln27_237 | add | fabric    | 0       |
|    sub_ln28_237_fu_24716_p2            |     |        | sub_ln28_237 | sub | fabric    | 0       |
|    add_ln28_237_fu_25877_p2            |     |        | add_ln28_237 | add | fabric    | 0       |
|    add_ln27_238_fu_21476_p2            |     |        | add_ln27_238 | add | fabric    | 0       |
|    sub_ln28_238_fu_24737_p2            |     |        | sub_ln28_238 | sub | fabric    | 0       |
|    add_ln28_238_fu_25910_p2            |     |        | add_ln28_238 | add | fabric    | 0       |
|    add_ln27_239_fu_21492_p2            |     |        | add_ln27_239 | add | fabric    | 0       |
|    sub_ln28_239_fu_24758_p2            |     |        | sub_ln28_239 | sub | fabric    | 0       |
|    add_ln28_239_fu_25943_p2            |     |        | add_ln28_239 | add | fabric    | 0       |
|    add_ln27_240_fu_29200_p2            |     |        | add_ln27_240 | add | fabric    | 0       |
|    sub_ln28_240_fu_30364_p2            |     |        | sub_ln28_240 | sub | fabric    | 0       |
|    add_ln28_240_fu_30826_p2            |     |        | add_ln28_240 | add | fabric    | 0       |
|    add_ln27_241_fu_24780_p2            |     |        | add_ln27_241 | add | fabric    | 0       |
|    sub_ln28_241_fu_27002_p2            |     |        | sub_ln28_241 | sub | fabric    | 0       |
|    add_ln28_241_fu_27853_p2            |     |        | add_ln28_241 | add | fabric    | 0       |
|    add_ln27_242_fu_21514_p2            |     |        | add_ln27_242 | add | fabric    | 0       |
|    sub_ln28_242_fu_24796_p2            |     |        | sub_ln28_242 | sub | fabric    | 0       |
|    add_ln28_242_fu_25993_p2            |     |        | add_ln28_242 | add | fabric    | 0       |
|    add_ln27_243_fu_21536_p2            |     |        | add_ln27_243 | add | fabric    | 0       |
|    sub_ln28_243_fu_24812_p2            |     |        | sub_ln28_243 | sub | fabric    | 0       |
|    add_ln28_243_fu_26026_p2            |     |        | add_ln28_243 | add | fabric    | 0       |
|    add_ln27_244_fu_21558_p2            |     |        | add_ln27_244 | add | fabric    | 0       |
|    sub_ln28_244_fu_24828_p2            |     |        | sub_ln28_244 | sub | fabric    | 0       |
|    add_ln28_244_fu_26059_p2            |     |        | add_ln28_244 | add | fabric    | 0       |
|    add_ln27_245_fu_21580_p2            |     |        | add_ln27_245 | add | fabric    | 0       |
|    sub_ln28_245_fu_24844_p2            |     |        | sub_ln28_245 | sub | fabric    | 0       |
|    add_ln28_245_fu_26092_p2            |     |        | add_ln28_245 | add | fabric    | 0       |
|    add_ln27_246_fu_21602_p2            |     |        | add_ln27_246 | add | fabric    | 0       |
|    sub_ln28_246_fu_24860_p2            |     |        | sub_ln28_246 | sub | fabric    | 0       |
|    add_ln28_246_fu_26125_p2            |     |        | add_ln28_246 | add | fabric    | 0       |
|    add_ln27_247_fu_21624_p2            |     |        | add_ln27_247 | add | fabric    | 0       |
|    sub_ln28_247_fu_24876_p2            |     |        | sub_ln28_247 | sub | fabric    | 0       |
|    add_ln28_247_fu_26158_p2            |     |        | add_ln28_247 | add | fabric    | 0       |
|    add_ln27_248_fu_21640_p2            |     |        | add_ln27_248 | add | fabric    | 0       |
|    sub_ln28_248_fu_24892_p2            |     |        | sub_ln28_248 | sub | fabric    | 0       |
|    add_ln28_248_fu_26191_p2            |     |        | add_ln28_248 | add | fabric    | 0       |
|    add_ln27_249_fu_23198_p2            |     |        | add_ln27_249 | add | fabric    | 0       |
|    sub_ln28_249_fu_26213_p2            |     |        | sub_ln28_249 | sub | fabric    | 0       |
|    add_ln28_249_fu_27029_p2            |     |        | add_ln28_249 | add | fabric    | 0       |
|    add_ln27_250_fu_23220_p2            |     |        | add_ln27_250 | add | fabric    | 0       |
|    sub_ln28_250_fu_26229_p2            |     |        | sub_ln28_250 | sub | fabric    | 0       |
|    add_ln28_250_fu_27062_p2            |     |        | add_ln28_250 | add | fabric    | 0       |
|    add_ln27_251_fu_23242_p2            |     |        | add_ln27_251 | add | fabric    | 0       |
|    sub_ln28_251_fu_26245_p2            |     |        | sub_ln28_251 | sub | fabric    | 0       |
|    add_ln28_251_fu_27095_p2            |     |        | add_ln28_251 | add | fabric    | 0       |
|    add_ln27_252_fu_23264_p2            |     |        | add_ln27_252 | add | fabric    | 0       |
|    sub_ln28_252_fu_26261_p2            |     |        | sub_ln28_252 | sub | fabric    | 0       |
|    add_ln28_252_fu_27128_p2            |     |        | add_ln28_252 | add | fabric    | 0       |
|    add_ln27_253_fu_23286_p2            |     |        | add_ln27_253 | add | fabric    | 0       |
|    sub_ln28_253_fu_26277_p2            |     |        | sub_ln28_253 | sub | fabric    | 0       |
|    add_ln28_253_fu_27161_p2            |     |        | add_ln28_253 | add | fabric    | 0       |
|    add_ln27_254_fu_23308_p2            |     |        | add_ln27_254 | add | fabric    | 0       |
|    sub_ln28_254_fu_26293_p2            |     |        | sub_ln28_254 | sub | fabric    | 0       |
|    add_ln28_254_fu_27194_p2            |     |        | add_ln28_254 | add | fabric    | 0       |
|    add_ln27_255_fu_23324_p2            |     |        | add_ln27_255 | add | fabric    | 0       |
|    sub_ln28_255_fu_26309_p2            |     |        | sub_ln28_255 | sub | fabric    | 0       |
|    add_ln28_255_fu_27227_p2            |     |        | add_ln28_255 | add | fabric    | 0       |
|  + sa_store                            | 2   |        |              |     |           |         |
|    empty_25_fu_2810_p2                 |     |        | empty_25     | add | fabric    | 0       |
|    empty_28_fu_2858_p2                 |     |        | empty_28     | add | fabric    | 0       |
|    empty_31_fu_2884_p2                 |     |        | empty_31     | sub | fabric    | 0       |
|    empty_32_fu_2912_p2                 |     |        | empty_32     | add | fabric    | 0       |
|    empty_35_fu_2949_p2                 |     |        | empty_35     | add | fabric    | 0       |
|    empty_38_fu_2964_p2                 |     |        | empty_38     | add | fabric    | 0       |
|    empty_41_fu_3012_p2                 |     |        | empty_41     | sub | fabric    | 0       |
|    empty_42_fu_3043_p2                 |     |        | empty_42     | add | fabric    | 0       |
|    empty_45_fu_3058_p2                 |     |        | empty_45     | sub | fabric    | 0       |
|    empty_46_fu_3085_p2                 |     |        | empty_46     | add | fabric    | 0       |
|    empty_49_fu_3134_p2                 |     |        | empty_49     | add | fabric    | 0       |
|    empty_52_fu_3149_p2                 |     |        | empty_52     | add | fabric    | 0       |
|    empty_55_fu_3164_p2                 |     |        | empty_55     | add | fabric    | 0       |
|    mac_muladd_16ns_6ns_32s_32_4_1_U289 | 1   |        | empty_58     | mul | dsp_slice | 3       |
|    mac_muladd_16ns_6ns_32s_32_4_1_U289 | 1   |        | empty_59     | add | dsp_slice | 3       |
|    empty_62_fu_3190_p2                 |     |        | empty_62     | sub | fabric    | 0       |
|    empty_63_fu_3249_p2                 |     |        | empty_63     | add | fabric    | 0       |
|    mac_muladd_16ns_6ns_32s_32_4_1_U290 | 1   |        | empty_66     | mul | dsp_slice | 3       |
|    mac_muladd_16ns_6ns_32s_32_4_1_U290 | 1   |        | empty_67     | add | dsp_slice | 3       |
|    empty_70_fu_3196_p2                 |     |        | empty_70     | sub | fabric    | 0       |
|    empty_71_fu_3267_p2                 |     |        | empty_71     | add | fabric    | 0       |
|    empty_74_fu_3202_p2                 |     |        | empty_74     | sub | fabric    | 0       |
|    empty_75_fu_3285_p2                 |     |        | empty_75     | add | fabric    | 0       |
+----------------------------------------+-----+--------+--------------+-----+-----------+---------+


================================================================
== Storage Report
================================================================
+--------------------+-----------+-----------+------+------+--------+----------+------+---------+------------------+
| Name               | Usage     | Type      | BRAM | URAM | Pragma | Variable | Impl | Latency | Bitwidth, Depth, |
|                    |           |           |      |      |        |          |      |         | Banks            |
+--------------------+-----------+-----------+------+------+--------+----------+------+---------+------------------+
| + mxm_execute_ursa |           |           | 8    | 0    |        |          |      |         |                  |
|   ap_s_axi_U       | interface | s_axilite |      |      |        |          |      |         |                  |
|   control_s_axi_U  | interface | s_axilite |      |      |        |          |      |         |                  |
|   aw_m_axi_U       | interface | m_axi     | 2    |      |        |          |      |         |                  |
|   bi_m_axi_U       | interface | m_axi     | 2    |      |        |          |      |         |                  |
|   ca_m_axi_U       | interface | m_axi     | 4    |      |        |          |      |         |                  |
+--------------------+-----------+-----------+------+------+--------+----------+------+---------+------------------+


================================================================
== Pragma Report
================================================================
* Valid Pragma Syntax
+-----------------+---------------------------------------------------------------------------------------------------------------------------------------------------------------+----------------------------------------------------------------------------------------------+
| Type            | Options                                                                                                                                                       | Location                                                                                     |
+-----------------+---------------------------------------------------------------------------------------------------------------------------------------------------------------+----------------------------------------------------------------------------------------------+
| array_partition | variable=sa->pe complete                                                                                                                                      | ../../vitis_component/inp_data_exp/hls_src/core/sa.cpp:8 in sa_init, sa->pe                  |
| array_partition | variable=sa->in_mtx_a_li complete                                                                                                                             | ../../vitis_component/inp_data_exp/hls_src/core/sa.cpp:9 in sa_init, sa->in_mtx_a_li         |
| array_partition | variable=sa->in_mtx_b_tw complete                                                                                                                             | ../../vitis_component/inp_data_exp/hls_src/core/sa.cpp:10 in sa_init, sa->in_mtx_b_tw        |
| pipeline        | II=1                                                                                                                                                          | ../../vitis_component/inp_data_exp/hls_src/core/sa.cpp:14 in sa_init                         |
| unroll          |                                                                                                                                                               | ../../vitis_component/inp_data_exp/hls_src/core/sa.cpp:17 in sa_init                         |
| unroll          |                                                                                                                                                               | ../../vitis_component/inp_data_exp/hls_src/core/sa.cpp:19 in sa_init                         |
| pipeline        | II=1                                                                                                                                                          | ../../vitis_component/inp_data_exp/hls_src/core/sa.cpp:26 in sa_reset                        |
| unroll          |                                                                                                                                                               | ../../vitis_component/inp_data_exp/hls_src/core/sa.cpp:29 in sa_reset                        |
| unroll          |                                                                                                                                                               | ../../vitis_component/inp_data_exp/hls_src/core/sa.cpp:31 in sa_reset                        |
| dependence      | variable=sa->in_mtx_a_li inter false                                                                                                                          | ../../vitis_component/inp_data_exp/hls_src/core/sa.cpp:38 in sa_input_a_b, sa->in_mtx_a_li   |
| dependence      | variable=sa->in_mtx_b_tw inter false                                                                                                                          | ../../vitis_component/inp_data_exp/hls_src/core/sa.cpp:39 in sa_input_a_b, sa->in_mtx_b_tw   |
| pipeline        | II=1                                                                                                                                                          | ../../vitis_component/inp_data_exp/hls_src/core/sa.cpp:48 in sa_compute                      |
| unroll          |                                                                                                                                                               | ../../vitis_component/inp_data_exp/hls_src/core/sa.cpp:52 in sa_compute                      |
| unroll          |                                                                                                                                                               | ../../vitis_component/inp_data_exp/hls_src/core/sa.cpp:59 in sa_compute                      |
| unroll          |                                                                                                                                                               | ../../vitis_component/inp_data_exp/hls_src/core/sa.cpp:61 in sa_compute                      |
| unroll          |                                                                                                                                                               | ../../vitis_component/inp_data_exp/hls_src/core/sa.cpp:68 in sa_compute                      |
| unroll          |                                                                                                                                                               | ../../vitis_component/inp_data_exp/hls_src/core/sa.cpp:70 in sa_compute                      |
| unroll          |                                                                                                                                                               | ../../vitis_component/inp_data_exp/hls_src/core/sa.cpp:77 in sa_compute                      |
| unroll          |                                                                                                                                                               | ../../vitis_component/inp_data_exp/hls_src/core/sa.cpp:79 in sa_compute                      |
| unroll          |                                                                                                                                                               | ../../vitis_component/inp_data_exp/hls_src/core/sa.cpp:104 in sa_store                       |
| unroll          |                                                                                                                                                               | ../../vitis_component/inp_data_exp/hls_src/core/sa.cpp:106 in sa_store                       |
| pipeline        | II=1                                                                                                                                                          | ../../vitis_component/inp_data_exp/hls_src/core/shell.cpp:13 in fill_inputs_a                |
| unroll          |                                                                                                                                                               | ../../vitis_component/inp_data_exp/hls_src/core/shell.cpp:15 in fill_inputs_a                |
| pipeline        | II=1                                                                                                                                                          | ../../vitis_component/inp_data_exp/hls_src/core/shell.cpp:45 in fill_inputs_b                |
| unroll          |                                                                                                                                                               | ../../vitis_component/inp_data_exp/hls_src/core/shell.cpp:67 in fill_inputs_b                |
| pipeline        | II=1                                                                                                                                                          | ../../vitis_component/inp_data_exp/hls_src/core/shell.cpp:123 in load_inputs_sa              |
| unroll          | factor=16                                                                                                                                                     | ../../vitis_component/inp_data_exp/hls_src/core/shell.cpp:126 in load_inputs_sa              |
| interface       | mode=m_axi port=casted_a0 bundle=aw offset=slave num_read_outstanding=16 max_read_burst_length=16 num_write_outstanding=1 max_write_burst_length=2 depth=4096 | ../../vitis_component/inp_data_exp/hls_src/core/shell.cpp:160 in mxm_execute_ursa, casted_a0 |
| interface       | mode=m_axi port=casted_b0 bundle=bi offset=slave num_read_outstanding=16 max_read_burst_length=16 num_write_outstanding=1 max_write_burst_length=2 depth=4096 | ../../vitis_component/inp_data_exp/hls_src/core/shell.cpp:164 in mxm_execute_ursa, casted_b0 |
| interface       | mode=m_axi port=casted_c0 bundle=ca offset=slave num_read_outstanding=1 max_read_burst_length=2 num_write_outstanding=32 max_write_burst_length=16 depth=4096 | ../../vitis_component/inp_data_exp/hls_src/core/shell.cpp:168 in mxm_execute_ursa, casted_c0 |
| interface       | mode=s_axilite port=return bundle=ap register                                                                                                                 | ../../vitis_component/inp_data_exp/hls_src/core/shell.cpp:173 in mxm_execute_ursa, return    |
| interface       | mode=s_axilite port=a0_p bundle=ap register                                                                                                                   | ../../vitis_component/inp_data_exp/hls_src/core/shell.cpp:174 in mxm_execute_ursa, a0_p      |
| interface       | mode=s_axilite port=b0_q bundle=ap register                                                                                                                   | ../../vitis_component/inp_data_exp/hls_src/core/shell.cpp:175 in mxm_execute_ursa, b0_q      |
| interface       | mode=s_axilite port=m bundle=ap register                                                                                                                      | ../../vitis_component/inp_data_exp/hls_src/core/shell.cpp:176 in mxm_execute_ursa, m         |
| array_partition | variable=in_a complete dim=1                                                                                                                                  | ../../vitis_component/inp_data_exp/hls_src/core/shell.cpp:180 in mxm_execute_ursa, in_a      |
| array_partition | variable=in_b complete dim=1                                                                                                                                  | ../../vitis_component/inp_data_exp/hls_src/core/shell.cpp:183 in mxm_execute_ursa, in_b      |
| array_partition | variable=sa complete dim=1                                                                                                                                    | ../../vitis_component/inp_data_exp/hls_src/core/shell.cpp:192 in mxm_execute_ursa, sa        |
| pipeline        | II=1                                                                                                                                                          | ../../vitis_component/inp_data_exp/hls_src/core/shell.cpp:224 in mxm_execute_ursa            |
+-----------------+---------------------------------------------------------------------------------------------------------------------------------------------------------------+----------------------------------------------------------------------------------------------+


