#-----------------------------------------------------------
# Vivado v2023.2 (64-bit)
# SW Build 4029153 on Fri Oct 13 20:13:54 MDT 2023
# IP Build 4028589 on Sat Oct 14 00:45:43 MDT 2023
# SharedData Build 4025554 on Tue Oct 10 17:18:54 MDT 2023
# Start of session at: Tue Sep 15 18:43:40 2026
# Process ID: 883270
# Current directory: /home/ulisses/Projects/ursa/exp/output-stationary
# Command line: vivado -mode batch -nojournal -notrace -log /home/ulisses/Projects/ursa/exp/output-stationary/bitstreams/ursa_vanilla_8x8_acc20_hybrid_tmr_vivado.log -source /home/ulisses/Projects/ursa/exp/output-stationary/tcl/build_one.tcl -tclargs /home/ulisses/Projects/ursa/exp/output-stationary/ip_ursa/ursa_vanilla_8x8_acc20 /home/ulisses/Projects/ursa/exp/output-stationary/tcl/bd_hybrid_tmr.tcl /home/ulisses/Projects/ursa/exp/output-stationary/bitstreams ursa_vanilla_8x8_acc20_hybrid_tmr 16 none off
# Log file: /home/ulisses/Projects/ursa/exp/output-stationary/bitstreams/ursa_vanilla_8x8_acc20_hybrid_tmr_vivado.log
# Journal file: 
# Running On: pc626690, OS: Linux, CPU Frequency: 2961.783 MHz, CPU Physical cores: 24, Host memory: 64927 MB
#-----------------------------------------------------------
Sourcing tcl script '/opt/Xilinx/Vivado/2023.2/scripts/Vivado_init.tcl'
source /home/ulisses/Projects/ursa/exp/output-stationary/tcl/build_one.tcl -notrace
==============================================================
 Build      : ursa_vanilla_8x8_acc20_hybrid_tmr
 IP repo    : /home/ulisses/Projects/ursa/exp/output-stationary/ip_ursa/ursa_vanilla_8x8_acc20
 BD script  : /home/ulisses/Projects/ursa/exp/output-stationary/tcl/bd_hybrid_tmr.tcl
 Constraints: none
 Scrub      : off
 Output     : /home/ulisses/Projects/ursa/exp/output-stationary/bitstreams
==============================================================
INFO: [IP_Flow 19-234] Refreshing IP repositories
INFO: [IP_Flow 19-1700] Loaded user IP repository '/home/ulisses/Projects/ursa/exp/output-stationary/ip_ursa/ursa_vanilla_8x8_acc20'.
INFO: [IP_Flow 19-2313] Loaded Vivado IP repository '/opt/Xilinx/Vivado/2023.2/data/ip'.
INFO: [BD::TCL 103-2003] Currently there is no design <ursa_vanilla_tmr_hybrid> in project, so creating one...
Wrote  : </home/ulisses/Projects/ursa/exp/output-stationary/bitstreams/ursa_vanilla_8x8_acc20_hybrid_tmr.proj/ursa_vanilla_8x8_acc20_hybrid_tmr.srcs/sources_1/bd/ursa_vanilla_tmr_hybrid/ursa_vanilla_tmr_hybrid.bd> 
INFO: [BD::TCL 103-2004] Making design <ursa_vanilla_tmr_hybrid> as current_bd_design.
INFO: [BD::TCL 103-2005] Currently the variable <design_name> is equal to "ursa_vanilla_tmr_hybrid".
INFO: [BD::TCL 103-2011] Checking if the following IPs exist in the project's IP catalog:  
xilinx.com:ip:processing_system7:5.5 xilinx.com:ip:proc_sys_reset:5.0 xilinx.com:hls:mxm_execute_ursa:1.0 xilinx.com:ip:tmr_voter:1.0 xilinx.com:ip:axi_bram_ctrl:4.1 xilinx.com:ip:blk_mem_gen:8.4  .
WARNING: [PS7-6] The applied preset does not match with  board preset. You may not get expected settings for  board. The ZedBoard preset is designed for ZedBoard board.
INFO: [xilinx.com:ip:axi_bram_ctrl:4.1-2] ursa_vanilla_tmr_hybrid_axi_bram_ctrl_0_0: In IP Integrator, please note that memory depth value gets calculated based on the Data Width of the IP and Address range selected in the Address Editor.Incase a validation error occured on the range of this parameter, please check if the selected Data width and the Address Range are valid. For valid Data width and memory depth values, please refer to the AXI BRAM Controller Product Guide.
INFO: [xilinx.com:ip:axi_bram_ctrl:4.1-1] ursa_vanilla_tmr_hybrid_axi_bram_ctrl_0_0: In IP Integrator, The Maximum address range supported is 2G. Selecting the address range more than 2G in the address editor may resets the value of Memory depth to default value (1024). please refer to the AXI BRAM Controller Product Guide.
Slave segment '/axi_bram_ctrl_0/S_AXI/Mem0' is being assigned into address space '/processing_system7_0/Data' at <0x4002_0000 [ 4K ]>.
Slave segment '/mxm_execute_ursa_0/s_axi_ap/Reg' is being assigned into address space '/processing_system7_0/Data' at <0x4000_0000 [ 8K ]>.
Slave segment '/mxm_execute_ursa_0/s_axi_control/Reg' is being assigned into address space '/processing_system7_0/Data' at <0x4001_0000 [ 8K ]>.
Slave segment '/mxm_execute_ursa_1/s_axi_ap/Reg' is being assigned into address space '/processing_system7_0/Data' at <0x4005_0000 [ 8K ]>.
Slave segment '/mxm_execute_ursa_1/s_axi_control/Reg' is being assigned into address space '/processing_system7_0/Data' at <0x4006_0000 [ 8K ]>.
Slave segment '/mxm_execute_ursa_2/s_axi_ap/Reg' is being assigned into address space '/processing_system7_0/Data' at <0x4007_0000 [ 8K ]>.
Slave segment '/mxm_execute_ursa_2/s_axi_control/Reg' is being assigned into address space '/processing_system7_0/Data' at <0x4008_0000 [ 8K ]>.
Slave segment '/axi_bram_ctrl_0/S_AXI/Mem0' is being assigned into address space '/mxm_execute_ursa_0/Data_m_axi_aw' at <0x4002_0000 [ 4K ]>.
Slave segment '/processing_system7_0/S_AXI_ACP/ACP_DDR_LOWOCM' is being assigned into address space '/mxm_execute_ursa_0/Data_m_axi_bi' at <0x0000_0000 [ 512M ]>.
Slave segment '/processing_system7_0/S_AXI_ACP/ACP_QSPI_LINEAR' is being assigned into address space '/mxm_execute_ursa_0/Data_m_axi_bi' at <0xFC00_0000 [ 16M ]>.
Slave segment '/processing_system7_0/S_AXI_ACP/ACP_DDR_LOWOCM' is being assigned into address space '/mxm_execute_ursa_0/Data_m_axi_ca' at <0x0000_0000 [ 512M ]>.
Slave segment '/processing_system7_0/S_AXI_ACP/ACP_QSPI_LINEAR' is being assigned into address space '/mxm_execute_ursa_0/Data_m_axi_ca' at <0xFC00_0000 [ 16M ]>.
Slave segment '/axi_bram_ctrl_0/S_AXI/Mem0' is being assigned into address space '/mxm_execute_ursa_1/Data_m_axi_aw' at <0x4002_0000 [ 4K ]>.
Slave segment '/processing_system7_0/S_AXI_ACP/ACP_DDR_LOWOCM' is being assigned into address space '/mxm_execute_ursa_1/Data_m_axi_bi' at <0x0000_0000 [ 512M ]>.
Slave segment '/processing_system7_0/S_AXI_ACP/ACP_QSPI_LINEAR' is being assigned into address space '/mxm_execute_ursa_1/Data_m_axi_bi' at <0xFC00_0000 [ 16M ]>.
Slave segment '/processing_system7_0/S_AXI_ACP/ACP_DDR_LOWOCM' is being assigned into address space '/mxm_execute_ursa_1/Data_m_axi_ca' at <0x0000_0000 [ 512M ]>.
Slave segment '/processing_system7_0/S_AXI_ACP/ACP_QSPI_LINEAR' is being assigned into address space '/mxm_execute_ursa_1/Data_m_axi_ca' at <0xFC00_0000 [ 16M ]>.
Slave segment '/axi_bram_ctrl_0/S_AXI/Mem0' is being assigned into address space '/mxm_execute_ursa_2/Data_m_axi_aw' at <0x4002_0000 [ 4K ]>.
Slave segment '/processing_system7_0/S_AXI_ACP/ACP_DDR_LOWOCM' is being assigned into address space '/mxm_execute_ursa_2/Data_m_axi_bi' at <0x0000_0000 [ 512M ]>.
Slave segment '/processing_system7_0/S_AXI_ACP/ACP_QSPI_LINEAR' is being assigned into address space '/mxm_execute_ursa_2/Data_m_axi_bi' at <0xFC00_0000 [ 16M ]>.
Slave segment '/processing_system7_0/S_AXI_ACP/ACP_DDR_LOWOCM' is being assigned into address space '/mxm_execute_ursa_2/Data_m_axi_ca' at <0x0000_0000 [ 512M ]>.
Slave segment '/processing_system7_0/S_AXI_ACP/ACP_QSPI_LINEAR' is being assigned into address space '/mxm_execute_ursa_2/Data_m_axi_ca' at <0xFC00_0000 [ 16M ]>.
Slave segment '/processing_system7_0/S_AXI_ACP/ACP_IOP' is being assigned into address space '/mxm_execute_ursa_0/Data_m_axi_bi' at <0xE000_0000 [ 4M ]>.
Excluding slave segment /processing_system7_0/S_AXI_ACP/ACP_IOP from address space /mxm_execute_ursa_0/Data_m_axi_bi.
Slave segment '/processing_system7_0/S_AXI_ACP/ACP_M_AXI_GP0' is being assigned into address space '/mxm_execute_ursa_0/Data_m_axi_bi' at <0x4000_0000 [ 1G ]>.
Excluding slave segment /processing_system7_0/S_AXI_ACP/ACP_M_AXI_GP0 from address space /mxm_execute_ursa_0/Data_m_axi_bi.
Slave segment '/processing_system7_0/S_AXI_ACP/ACP_IOP' is being assigned into address space '/mxm_execute_ursa_0/Data_m_axi_ca' at <0xE000_0000 [ 4M ]>.
Excluding slave segment /processing_system7_0/S_AXI_ACP/ACP_IOP from address space /mxm_execute_ursa_0/Data_m_axi_ca.
Slave segment '/processing_system7_0/S_AXI_ACP/ACP_M_AXI_GP0' is being assigned into address space '/mxm_execute_ursa_0/Data_m_axi_ca' at <0x4000_0000 [ 1G ]>.
Excluding slave segment /processing_system7_0/S_AXI_ACP/ACP_M_AXI_GP0 from address space /mxm_execute_ursa_0/Data_m_axi_ca.
Slave segment '/processing_system7_0/S_AXI_ACP/ACP_IOP' is being assigned into address space '/mxm_execute_ursa_1/Data_m_axi_bi' at <0xE000_0000 [ 4M ]>.
Excluding slave segment /processing_system7_0/S_AXI_ACP/ACP_IOP from address space /mxm_execute_ursa_1/Data_m_axi_bi.
Slave segment '/processing_system7_0/S_AXI_ACP/ACP_M_AXI_GP0' is being assigned into address space '/mxm_execute_ursa_1/Data_m_axi_bi' at <0x4000_0000 [ 1G ]>.
Excluding slave segment /processing_system7_0/S_AXI_ACP/ACP_M_AXI_GP0 from address space /mxm_execute_ursa_1/Data_m_axi_bi.
Slave segment '/processing_system7_0/S_AXI_ACP/ACP_IOP' is being assigned into address space '/mxm_execute_ursa_1/Data_m_axi_ca' at <0xE000_0000 [ 4M ]>.
Excluding slave segment /processing_system7_0/S_AXI_ACP/ACP_IOP from address space /mxm_execute_ursa_1/Data_m_axi_ca.
Slave segment '/processing_system7_0/S_AXI_ACP/ACP_M_AXI_GP0' is being assigned into address space '/mxm_execute_ursa_1/Data_m_axi_ca' at <0x4000_0000 [ 1G ]>.
Excluding slave segment /processing_system7_0/S_AXI_ACP/ACP_M_AXI_GP0 from address space /mxm_execute_ursa_1/Data_m_axi_ca.
Slave segment '/processing_system7_0/S_AXI_ACP/ACP_IOP' is being assigned into address space '/mxm_execute_ursa_2/Data_m_axi_bi' at <0xE000_0000 [ 4M ]>.
Excluding slave segment /processing_system7_0/S_AXI_ACP/ACP_IOP from address space /mxm_execute_ursa_2/Data_m_axi_bi.
Slave segment '/processing_system7_0/S_AXI_ACP/ACP_M_AXI_GP0' is being assigned into address space '/mxm_execute_ursa_2/Data_m_axi_bi' at <0x4000_0000 [ 1G ]>.
Excluding slave segment /processing_system7_0/S_AXI_ACP/ACP_M_AXI_GP0 from address space /mxm_execute_ursa_2/Data_m_axi_bi.
Slave segment '/processing_system7_0/S_AXI_ACP/ACP_IOP' is being assigned into address space '/mxm_execute_ursa_2/Data_m_axi_ca' at <0xE000_0000 [ 4M ]>.
Excluding slave segment /processing_system7_0/S_AXI_ACP/ACP_IOP from address space /mxm_execute_ursa_2/Data_m_axi_ca.
Slave segment '/processing_system7_0/S_AXI_ACP/ACP_M_AXI_GP0' is being assigned into address space '/mxm_execute_ursa_2/Data_m_axi_ca' at <0x4000_0000 [ 1G ]>.
Excluding slave segment /processing_system7_0/S_AXI_ACP/ACP_M_AXI_GP0 from address space /mxm_execute_ursa_2/Data_m_axi_ca.
WARNING: [BD 41-1629] Slave segment </processing_system7_0/S_AXI_ACP/ACP_M_AXI_GP0> is excluded from all addressing paths.
WARNING: [BD 41-1629] Slave segment </processing_system7_0/S_AXI_ACP/ACP_IOP> is excluded from all addressing paths.
Excluding slave segment /processing_system7_0/S_AXI_ACP/ACP_IOP from address space /mxm_execute_ursa_0/Data_m_axi_bi.
Excluding slave segment /processing_system7_0/S_AXI_ACP/ACP_IOP from address space /mxm_execute_ursa_0/Data_m_axi_ca.
Excluding slave segment /processing_system7_0/S_AXI_ACP/ACP_IOP from address space /mxm_execute_ursa_1/Data_m_axi_bi.
Excluding slave segment /processing_system7_0/S_AXI_ACP/ACP_IOP from address space /mxm_execute_ursa_1/Data_m_axi_ca.
Excluding slave segment /processing_system7_0/S_AXI_ACP/ACP_IOP from address space /mxm_execute_ursa_2/Data_m_axi_bi.
Excluding slave segment /processing_system7_0/S_AXI_ACP/ACP_IOP from address space /mxm_execute_ursa_2/Data_m_axi_ca.
Excluding slave segment /processing_system7_0/S_AXI_ACP/ACP_M_AXI_GP0 from address space /mxm_execute_ursa_0/Data_m_axi_bi.
Excluding slave segment /processing_system7_0/S_AXI_ACP/ACP_M_AXI_GP0 from address space /mxm_execute_ursa_0/Data_m_axi_ca.
Excluding slave segment /processing_system7_0/S_AXI_ACP/ACP_M_AXI_GP0 from address space /mxm_execute_ursa_1/Data_m_axi_bi.
Excluding slave segment /processing_system7_0/S_AXI_ACP/ACP_M_AXI_GP0 from address space /mxm_execute_ursa_1/Data_m_axi_ca.
Excluding slave segment /processing_system7_0/S_AXI_ACP/ACP_M_AXI_GP0 from address space /mxm_execute_ursa_2/Data_m_axi_bi.
Excluding slave segment /processing_system7_0/S_AXI_ACP/ACP_M_AXI_GP0 from address space /mxm_execute_ursa_2/Data_m_axi_ca.
Excluding slave segment /processing_system7_0/S_AXI_ACP/ACP_IOP from address space /mxm_execute_ursa_0/Data_m_axi_bi.
Excluding slave segment /processing_system7_0/S_AXI_ACP/ACP_IOP from address space /mxm_execute_ursa_1/Data_m_axi_bi.
Excluding slave segment /processing_system7_0/S_AXI_ACP/ACP_IOP from address space /mxm_execute_ursa_2/Data_m_axi_bi.
Excluding slave segment /processing_system7_0/S_AXI_ACP/ACP_M_AXI_GP0 from address space /mxm_execute_ursa_0/Data_m_axi_bi.
Excluding slave segment /processing_system7_0/S_AXI_ACP/ACP_M_AXI_GP0 from address space /mxm_execute_ursa_1/Data_m_axi_bi.
Excluding slave segment /processing_system7_0/S_AXI_ACP/ACP_M_AXI_GP0 from address space /mxm_execute_ursa_2/Data_m_axi_bi.
Excluding slave segment /processing_system7_0/S_AXI_ACP/ACP_IOP from address space /mxm_execute_ursa_0/Data_m_axi_ca.
Excluding slave segment /processing_system7_0/S_AXI_ACP/ACP_IOP from address space /mxm_execute_ursa_1/Data_m_axi_ca.
Excluding slave segment /processing_system7_0/S_AXI_ACP/ACP_IOP from address space /mxm_execute_ursa_2/Data_m_axi_ca.
Excluding slave segment /processing_system7_0/S_AXI_ACP/ACP_M_AXI_GP0 from address space /mxm_execute_ursa_0/Data_m_axi_ca.
Excluding slave segment /processing_system7_0/S_AXI_ACP/ACP_M_AXI_GP0 from address space /mxm_execute_ursa_1/Data_m_axi_ca.
Excluding slave segment /processing_system7_0/S_AXI_ACP/ACP_M_AXI_GP0 from address space /mxm_execute_ursa_2/Data_m_axi_ca.
Excluding slave segment /processing_system7_0/S_AXI_ACP/ACP_IOP from address space /mxm_execute_ursa_0/Data_m_axi_bi.
Excluding slave segment /processing_system7_0/S_AXI_ACP/ACP_IOP from address space /mxm_execute_ursa_0/Data_m_axi_ca.
Excluding slave segment /processing_system7_0/S_AXI_ACP/ACP_IOP from address space /mxm_execute_ursa_1/Data_m_axi_bi.
Excluding slave segment /processing_system7_0/S_AXI_ACP/ACP_IOP from address space /mxm_execute_ursa_1/Data_m_axi_ca.
Excluding slave segment /processing_system7_0/S_AXI_ACP/ACP_IOP from address space /mxm_execute_ursa_2/Data_m_axi_bi.
Excluding slave segment /processing_system7_0/S_AXI_ACP/ACP_IOP from address space /mxm_execute_ursa_2/Data_m_axi_ca.
Excluding slave segment /processing_system7_0/S_AXI_ACP/ACP_M_AXI_GP0 from address space /mxm_execute_ursa_0/Data_m_axi_bi.
Excluding slave segment /processing_system7_0/S_AXI_ACP/ACP_M_AXI_GP0 from address space /mxm_execute_ursa_0/Data_m_axi_ca.
Excluding slave segment /processing_system7_0/S_AXI_ACP/ACP_M_AXI_GP0 from address space /mxm_execute_ursa_1/Data_m_axi_bi.
Excluding slave segment /processing_system7_0/S_AXI_ACP/ACP_M_AXI_GP0 from address space /mxm_execute_ursa_1/Data_m_axi_ca.
Excluding slave segment /processing_system7_0/S_AXI_ACP/ACP_M_AXI_GP0 from address space /mxm_execute_ursa_2/Data_m_axi_bi.
Excluding slave segment /processing_system7_0/S_AXI_ACP/ACP_M_AXI_GP0 from address space /mxm_execute_ursa_2/Data_m_axi_ca.
Excluding slave segment /processing_system7_0/S_AXI_ACP/ACP_IOP from address space /mxm_execute_ursa_0/Data_m_axi_bi.
Excluding slave segment /processing_system7_0/S_AXI_ACP/ACP_IOP from address space /mxm_execute_ursa_1/Data_m_axi_bi.
Excluding slave segment /processing_system7_0/S_AXI_ACP/ACP_IOP from address space /mxm_execute_ursa_2/Data_m_axi_bi.
Excluding slave segment /processing_system7_0/S_AXI_ACP/ACP_M_AXI_GP0 from address space /mxm_execute_ursa_0/Data_m_axi_bi.
Excluding slave segment /processing_system7_0/S_AXI_ACP/ACP_M_AXI_GP0 from address space /mxm_execute_ursa_1/Data_m_axi_bi.
Excluding slave segment /processing_system7_0/S_AXI_ACP/ACP_M_AXI_GP0 from address space /mxm_execute_ursa_2/Data_m_axi_bi.
Excluding slave segment /processing_system7_0/S_AXI_ACP/ACP_IOP from address space /mxm_execute_ursa_0/Data_m_axi_ca.
Excluding slave segment /processing_system7_0/S_AXI_ACP/ACP_IOP from address space /mxm_execute_ursa_1/Data_m_axi_ca.
Excluding slave segment /processing_system7_0/S_AXI_ACP/ACP_IOP from address space /mxm_execute_ursa_2/Data_m_axi_ca.
Excluding slave segment /processing_system7_0/S_AXI_ACP/ACP_M_AXI_GP0 from address space /mxm_execute_ursa_0/Data_m_axi_ca.
Excluding slave segment /processing_system7_0/S_AXI_ACP/ACP_M_AXI_GP0 from address space /mxm_execute_ursa_1/Data_m_axi_ca.
Excluding slave segment /processing_system7_0/S_AXI_ACP/ACP_M_AXI_GP0 from address space /mxm_execute_ursa_2/Data_m_axi_ca.
Excluding slave segment /processing_system7_0/S_AXI_ACP/ACP_IOP from address space /mxm_execute_ursa_0/Data_m_axi_bi.
Excluding slave segment /processing_system7_0/S_AXI_ACP/ACP_IOP from address space /mxm_execute_ursa_0/Data_m_axi_ca.
Excluding slave segment /processing_system7_0/S_AXI_ACP/ACP_IOP from address space /mxm_execute_ursa_1/Data_m_axi_bi.
Excluding slave segment /processing_system7_0/S_AXI_ACP/ACP_IOP from address space /mxm_execute_ursa_1/Data_m_axi_ca.
Excluding slave segment /processing_system7_0/S_AXI_ACP/ACP_IOP from address space /mxm_execute_ursa_2/Data_m_axi_bi.
Excluding slave segment /processing_system7_0/S_AXI_ACP/ACP_IOP from address space /mxm_execute_ursa_2/Data_m_axi_ca.
Excluding slave segment /processing_system7_0/S_AXI_ACP/ACP_M_AXI_GP0 from address space /mxm_execute_ursa_0/Data_m_axi_bi.
Excluding slave segment /processing_system7_0/S_AXI_ACP/ACP_M_AXI_GP0 from address space /mxm_execute_ursa_0/Data_m_axi_ca.
Excluding slave segment /processing_system7_0/S_AXI_ACP/ACP_M_AXI_GP0 from address space /mxm_execute_ursa_1/Data_m_axi_bi.
Excluding slave segment /processing_system7_0/S_AXI_ACP/ACP_M_AXI_GP0 from address space /mxm_execute_ursa_1/Data_m_axi_ca.
Excluding slave segment /processing_system7_0/S_AXI_ACP/ACP_M_AXI_GP0 from address space /mxm_execute_ursa_2/Data_m_axi_bi.
Excluding slave segment /processing_system7_0/S_AXI_ACP/ACP_M_AXI_GP0 from address space /mxm_execute_ursa_2/Data_m_axi_ca.
Excluding slave segment /processing_system7_0/S_AXI_ACP/ACP_IOP from address space /mxm_execute_ursa_0/Data_m_axi_bi.
Excluding slave segment /processing_system7_0/S_AXI_ACP/ACP_IOP from address space /mxm_execute_ursa_0/Data_m_axi_ca.
Excluding slave segment /processing_system7_0/S_AXI_ACP/ACP_IOP from address space /mxm_execute_ursa_1/Data_m_axi_bi.
Excluding slave segment /processing_system7_0/S_AXI_ACP/ACP_IOP from address space /mxm_execute_ursa_1/Data_m_axi_ca.
Excluding slave segment /processing_system7_0/S_AXI_ACP/ACP_IOP from address space /mxm_execute_ursa_2/Data_m_axi_bi.
Excluding slave segment /processing_system7_0/S_AXI_ACP/ACP_IOP from address space /mxm_execute_ursa_2/Data_m_axi_ca.
Excluding slave segment /processing_system7_0/S_AXI_ACP/ACP_M_AXI_GP0 from address space /mxm_execute_ursa_0/Data_m_axi_bi.
Excluding slave segment /processing_system7_0/S_AXI_ACP/ACP_M_AXI_GP0 from address space /mxm_execute_ursa_0/Data_m_axi_ca.
Excluding slave segment /processing_system7_0/S_AXI_ACP/ACP_M_AXI_GP0 from address space /mxm_execute_ursa_1/Data_m_axi_bi.
Excluding slave segment /processing_system7_0/S_AXI_ACP/ACP_M_AXI_GP0 from address space /mxm_execute_ursa_1/Data_m_axi_ca.
Excluding slave segment /processing_system7_0/S_AXI_ACP/ACP_M_AXI_GP0 from address space /mxm_execute_ursa_2/Data_m_axi_bi.
Excluding slave segment /processing_system7_0/S_AXI_ACP/ACP_M_AXI_GP0 from address space /mxm_execute_ursa_2/Data_m_axi_ca.
Excluding slave segment /processing_system7_0/S_AXI_ACP/ACP_IOP from address space /mxm_execute_ursa_0/Data_m_axi_bi.
Excluding slave segment /processing_system7_0/S_AXI_ACP/ACP_IOP from address space /mxm_execute_ursa_0/Data_m_axi_ca.
Excluding slave segment /processing_system7_0/S_AXI_ACP/ACP_IOP from address space /mxm_execute_ursa_1/Data_m_axi_bi.
Excluding slave segment /processing_system7_0/S_AXI_ACP/ACP_IOP from address space /mxm_execute_ursa_1/Data_m_axi_ca.
Excluding slave segment /processing_system7_0/S_AXI_ACP/ACP_IOP from address space /mxm_execute_ursa_2/Data_m_axi_bi.
Excluding slave segment /processing_system7_0/S_AXI_ACP/ACP_IOP from address space /mxm_execute_ursa_2/Data_m_axi_ca.
Excluding slave segment /processing_system7_0/S_AXI_ACP/ACP_M_AXI_GP0 from address space /mxm_execute_ursa_0/Data_m_axi_bi.
Excluding slave segment /processing_system7_0/S_AXI_ACP/ACP_M_AXI_GP0 from address space /mxm_execute_ursa_0/Data_m_axi_ca.
Excluding slave segment /processing_system7_0/S_AXI_ACP/ACP_M_AXI_GP0 from address space /mxm_execute_ursa_1/Data_m_axi_bi.
Excluding slave segment /processing_system7_0/S_AXI_ACP/ACP_M_AXI_GP0 from address space /mxm_execute_ursa_1/Data_m_axi_ca.
Excluding slave segment /processing_system7_0/S_AXI_ACP/ACP_M_AXI_GP0 from address space /mxm_execute_ursa_2/Data_m_axi_bi.
Excluding slave segment /processing_system7_0/S_AXI_ACP/ACP_M_AXI_GP0 from address space /mxm_execute_ursa_2/Data_m_axi_ca.
Excluding slave segment /processing_system7_0/S_AXI_ACP/ACP_IOP from address space /mxm_execute_ursa_0/Data_m_axi_bi.
Excluding slave segment /processing_system7_0/S_AXI_ACP/ACP_IOP from address space /mxm_execute_ursa_0/Data_m_axi_ca.
Excluding slave segment /processing_system7_0/S_AXI_ACP/ACP_IOP from address space /mxm_execute_ursa_1/Data_m_axi_bi.
Excluding slave segment /processing_system7_0/S_AXI_ACP/ACP_IOP from address space /mxm_execute_ursa_1/Data_m_axi_ca.
Excluding slave segment /processing_system7_0/S_AXI_ACP/ACP_IOP from address space /mxm_execute_ursa_2/Data_m_axi_bi.
Excluding slave segment /processing_system7_0/S_AXI_ACP/ACP_IOP from address space /mxm_execute_ursa_2/Data_m_axi_ca.
Excluding slave segment /processing_system7_0/S_AXI_ACP/ACP_M_AXI_GP0 from address space /mxm_execute_ursa_0/Data_m_axi_bi.
Excluding slave segment /processing_system7_0/S_AXI_ACP/ACP_M_AXI_GP0 from address space /mxm_execute_ursa_0/Data_m_axi_ca.
Excluding slave segment /processing_system7_0/S_AXI_ACP/ACP_M_AXI_GP0 from address space /mxm_execute_ursa_1/Data_m_axi_bi.
Excluding slave segment /processing_system7_0/S_AXI_ACP/ACP_M_AXI_GP0 from address space /mxm_execute_ursa_1/Data_m_axi_ca.
Excluding slave segment /processing_system7_0/S_AXI_ACP/ACP_M_AXI_GP0 from address space /mxm_execute_ursa_2/Data_m_axi_bi.
Excluding slave segment /processing_system7_0/S_AXI_ACP/ACP_M_AXI_GP0 from address space /mxm_execute_ursa_2/Data_m_axi_ca.
Excluding slave segment /processing_system7_0/S_AXI_ACP/ACP_IOP from address space /mxm_execute_ursa_0/Data_m_axi_bi.
Excluding slave segment /processing_system7_0/S_AXI_ACP/ACP_IOP from address space /mxm_execute_ursa_0/Data_m_axi_ca.
Excluding slave segment /processing_system7_0/S_AXI_ACP/ACP_IOP from address space /mxm_execute_ursa_1/Data_m_axi_bi.
Excluding slave segment /processing_system7_0/S_AXI_ACP/ACP_IOP from address space /mxm_execute_ursa_1/Data_m_axi_ca.
Excluding slave segment /processing_system7_0/S_AXI_ACP/ACP_IOP from address space /mxm_execute_ursa_2/Data_m_axi_bi.
Excluding slave segment /processing_system7_0/S_AXI_ACP/ACP_IOP from address space /mxm_execute_ursa_2/Data_m_axi_ca.
Excluding slave segment /processing_system7_0/S_AXI_ACP/ACP_M_AXI_GP0 from address space /mxm_execute_ursa_0/Data_m_axi_bi.
Excluding slave segment /processing_system7_0/S_AXI_ACP/ACP_M_AXI_GP0 from address space /mxm_execute_ursa_0/Data_m_axi_ca.
Excluding slave segment /processing_system7_0/S_AXI_ACP/ACP_M_AXI_GP0 from address space /mxm_execute_ursa_1/Data_m_axi_bi.
Excluding slave segment /processing_system7_0/S_AXI_ACP/ACP_M_AXI_GP0 from address space /mxm_execute_ursa_1/Data_m_axi_ca.
Excluding slave segment /processing_system7_0/S_AXI_ACP/ACP_M_AXI_GP0 from address space /mxm_execute_ursa_2/Data_m_axi_bi.
Excluding slave segment /processing_system7_0/S_AXI_ACP/ACP_M_AXI_GP0 from address space /mxm_execute_ursa_2/Data_m_axi_ca.
WARNING: [BD 5-699] No address segments matched 'get_bd_addr_segs -of_object /processing_system7_0/S_AXI_ACP/ACP_IOP'
WARNING: [BD 5-699] No address segments matched 'get_bd_addr_segs -of_object /processing_system7_0/S_AXI_ACP/ACP_M_AXI_GP0'
Excluding slave segment /processing_system7_0/S_AXI_ACP/ACP_IOP from address space /mxm_execute_ursa_0/Data_m_axi_bi.
Excluding slave segment /processing_system7_0/S_AXI_ACP/ACP_IOP from address space /mxm_execute_ursa_1/Data_m_axi_bi.
Excluding slave segment /processing_system7_0/S_AXI_ACP/ACP_IOP from address space /mxm_execute_ursa_2/Data_m_axi_bi.
Excluding slave segment /processing_system7_0/S_AXI_ACP/ACP_M_AXI_GP0 from address space /mxm_execute_ursa_0/Data_m_axi_bi.
Excluding slave segment /processing_system7_0/S_AXI_ACP/ACP_M_AXI_GP0 from address space /mxm_execute_ursa_1/Data_m_axi_bi.
Excluding slave segment /processing_system7_0/S_AXI_ACP/ACP_M_AXI_GP0 from address space /mxm_execute_ursa_2/Data_m_axi_bi.
Excluding slave segment /processing_system7_0/S_AXI_ACP/ACP_IOP from address space /mxm_execute_ursa_0/Data_m_axi_ca.
Excluding slave segment /processing_system7_0/S_AXI_ACP/ACP_IOP from address space /mxm_execute_ursa_1/Data_m_axi_ca.
Excluding slave segment /processing_system7_0/S_AXI_ACP/ACP_IOP from address space /mxm_execute_ursa_2/Data_m_axi_ca.
Excluding slave segment /processing_system7_0/S_AXI_ACP/ACP_M_AXI_GP0 from address space /mxm_execute_ursa_0/Data_m_axi_ca.
Excluding slave segment /processing_system7_0/S_AXI_ACP/ACP_M_AXI_GP0 from address space /mxm_execute_ursa_1/Data_m_axi_ca.
Excluding slave segment /processing_system7_0/S_AXI_ACP/ACP_M_AXI_GP0 from address space /mxm_execute_ursa_2/Data_m_axi_ca.
Excluding slave segment /processing_system7_0/S_AXI_ACP/ACP_IOP from address space /mxm_execute_ursa_0/Data_m_axi_bi.
Excluding slave segment /processing_system7_0/S_AXI_ACP/ACP_IOP from address space /mxm_execute_ursa_1/Data_m_axi_bi.
Excluding slave segment /processing_system7_0/S_AXI_ACP/ACP_IOP from address space /mxm_execute_ursa_2/Data_m_axi_bi.
Excluding slave segment /processing_system7_0/S_AXI_ACP/ACP_M_AXI_GP0 from address space /mxm_execute_ursa_0/Data_m_axi_bi.
Excluding slave segment /processing_system7_0/S_AXI_ACP/ACP_M_AXI_GP0 from address space /mxm_execute_ursa_1/Data_m_axi_bi.
Excluding slave segment /processing_system7_0/S_AXI_ACP/ACP_M_AXI_GP0 from address space /mxm_execute_ursa_2/Data_m_axi_bi.
Excluding slave segment /processing_system7_0/S_AXI_ACP/ACP_IOP from address space /mxm_execute_ursa_0/Data_m_axi_ca.
Excluding slave segment /processing_system7_0/S_AXI_ACP/ACP_IOP from address space /mxm_execute_ursa_1/Data_m_axi_ca.
Excluding slave segment /processing_system7_0/S_AXI_ACP/ACP_IOP from address space /mxm_execute_ursa_2/Data_m_axi_ca.
Excluding slave segment /processing_system7_0/S_AXI_ACP/ACP_M_AXI_GP0 from address space /mxm_execute_ursa_0/Data_m_axi_ca.
Excluding slave segment /processing_system7_0/S_AXI_ACP/ACP_M_AXI_GP0 from address space /mxm_execute_ursa_1/Data_m_axi_ca.
Excluding slave segment /processing_system7_0/S_AXI_ACP/ACP_M_AXI_GP0 from address space /mxm_execute_ursa_2/Data_m_axi_ca.
Excluding slave segment /processing_system7_0/S_AXI_ACP/ACP_IOP from address space /mxm_execute_ursa_0/Data_m_axi_bi.
Excluding slave segment /processing_system7_0/S_AXI_ACP/ACP_IOP from address space /mxm_execute_ursa_0/Data_m_axi_ca.
Excluding slave segment /processing_system7_0/S_AXI_ACP/ACP_IOP from address space /mxm_execute_ursa_1/Data_m_axi_bi.
Excluding slave segment /processing_system7_0/S_AXI_ACP/ACP_IOP from address space /mxm_execute_ursa_1/Data_m_axi_ca.
Excluding slave segment /processing_system7_0/S_AXI_ACP/ACP_IOP from address space /mxm_execute_ursa_2/Data_m_axi_bi.
Excluding slave segment /processing_system7_0/S_AXI_ACP/ACP_IOP from address space /mxm_execute_ursa_2/Data_m_axi_ca.
Excluding slave segment /processing_system7_0/S_AXI_ACP/ACP_M_AXI_GP0 from address space /mxm_execute_ursa_0/Data_m_axi_bi.
Excluding slave segment /processing_system7_0/S_AXI_ACP/ACP_M_AXI_GP0 from address space /mxm_execute_ursa_0/Data_m_axi_ca.
Excluding slave segment /processing_system7_0/S_AXI_ACP/ACP_M_AXI_GP0 from address space /mxm_execute_ursa_1/Data_m_axi_bi.
Excluding slave segment /processing_system7_0/S_AXI_ACP/ACP_M_AXI_GP0 from address space /mxm_execute_ursa_1/Data_m_axi_ca.
Excluding slave segment /processing_system7_0/S_AXI_ACP/ACP_M_AXI_GP0 from address space /mxm_execute_ursa_2/Data_m_axi_bi.
Excluding slave segment /processing_system7_0/S_AXI_ACP/ACP_M_AXI_GP0 from address space /mxm_execute_ursa_2/Data_m_axi_ca.
Excluding slave segment /processing_system7_0/S_AXI_ACP/ACP_IOP from address space /mxm_execute_ursa_0/Data_m_axi_bi.
Excluding slave segment /processing_system7_0/S_AXI_ACP/ACP_IOP from address space /mxm_execute_ursa_0/Data_m_axi_ca.
Excluding slave segment /processing_system7_0/S_AXI_ACP/ACP_IOP from address space /mxm_execute_ursa_1/Data_m_axi_bi.
Excluding slave segment /processing_system7_0/S_AXI_ACP/ACP_IOP from address space /mxm_execute_ursa_1/Data_m_axi_ca.
Excluding slave segment /processing_system7_0/S_AXI_ACP/ACP_IOP from address space /mxm_execute_ursa_2/Data_m_axi_bi.
Excluding slave segment /processing_system7_0/S_AXI_ACP/ACP_IOP from address space /mxm_execute_ursa_2/Data_m_axi_ca.
Excluding slave segment /processing_system7_0/S_AXI_ACP/ACP_M_AXI_GP0 from address space /mxm_execute_ursa_0/Data_m_axi_bi.
Excluding slave segment /processing_system7_0/S_AXI_ACP/ACP_M_AXI_GP0 from address space /mxm_execute_ursa_0/Data_m_axi_ca.
Excluding slave segment /processing_system7_0/S_AXI_ACP/ACP_M_AXI_GP0 from address space /mxm_execute_ursa_1/Data_m_axi_bi.
Excluding slave segment /processing_system7_0/S_AXI_ACP/ACP_M_AXI_GP0 from address space /mxm_execute_ursa_1/Data_m_axi_ca.
Excluding slave segment /processing_system7_0/S_AXI_ACP/ACP_M_AXI_GP0 from address space /mxm_execute_ursa_2/Data_m_axi_bi.
Excluding slave segment /processing_system7_0/S_AXI_ACP/ACP_M_AXI_GP0 from address space /mxm_execute_ursa_2/Data_m_axi_ca.
Excluding slave segment /processing_system7_0/S_AXI_ACP/ACP_IOP from address space /mxm_execute_ursa_0/Data_m_axi_bi.
Excluding slave segment /processing_system7_0/S_AXI_ACP/ACP_IOP from address space /mxm_execute_ursa_0/Data_m_axi_ca.
Excluding slave segment /processing_system7_0/S_AXI_ACP/ACP_IOP from address space /mxm_execute_ursa_1/Data_m_axi_bi.
Excluding slave segment /processing_system7_0/S_AXI_ACP/ACP_IOP from address space /mxm_execute_ursa_1/Data_m_axi_ca.
Excluding slave segment /processing_system7_0/S_AXI_ACP/ACP_IOP from address space /mxm_execute_ursa_2/Data_m_axi_bi.
Excluding slave segment /processing_system7_0/S_AXI_ACP/ACP_IOP from address space /mxm_execute_ursa_2/Data_m_axi_ca.
Excluding slave segment /processing_system7_0/S_AXI_ACP/ACP_M_AXI_GP0 from address space /mxm_execute_ursa_0/Data_m_axi_bi.
Excluding slave segment /processing_system7_0/S_AXI_ACP/ACP_M_AXI_GP0 from address space /mxm_execute_ursa_0/Data_m_axi_ca.
Excluding slave segment /processing_system7_0/S_AXI_ACP/ACP_M_AXI_GP0 from address space /mxm_execute_ursa_1/Data_m_axi_bi.
Excluding slave segment /processing_system7_0/S_AXI_ACP/ACP_M_AXI_GP0 from address space /mxm_execute_ursa_1/Data_m_axi_ca.
Excluding slave segment /processing_system7_0/S_AXI_ACP/ACP_M_AXI_GP0 from address space /mxm_execute_ursa_2/Data_m_axi_bi.
Excluding slave segment /processing_system7_0/S_AXI_ACP/ACP_M_AXI_GP0 from address space /mxm_execute_ursa_2/Data_m_axi_ca.
Excluding slave segment /processing_system7_0/S_AXI_ACP/ACP_IOP from address space /mxm_execute_ursa_0/Data_m_axi_bi.
Excluding slave segment /processing_system7_0/S_AXI_ACP/ACP_IOP from address space /mxm_execute_ursa_1/Data_m_axi_bi.
Excluding slave segment /processing_system7_0/S_AXI_ACP/ACP_IOP from address space /mxm_execute_ursa_2/Data_m_axi_bi.
Excluding slave segment /processing_system7_0/S_AXI_ACP/ACP_M_AXI_GP0 from address space /mxm_execute_ursa_0/Data_m_axi_bi.
Excluding slave segment /processing_system7_0/S_AXI_ACP/ACP_M_AXI_GP0 from address space /mxm_execute_ursa_1/Data_m_axi_bi.
Excluding slave segment /processing_system7_0/S_AXI_ACP/ACP_M_AXI_GP0 from address space /mxm_execute_ursa_2/Data_m_axi_bi.
Excluding slave segment /processing_system7_0/S_AXI_ACP/ACP_IOP from address space /mxm_execute_ursa_0/Data_m_axi_ca.
Excluding slave segment /processing_system7_0/S_AXI_ACP/ACP_IOP from address space /mxm_execute_ursa_1/Data_m_axi_ca.
Excluding slave segment /processing_system7_0/S_AXI_ACP/ACP_IOP from address space /mxm_execute_ursa_2/Data_m_axi_ca.
Excluding slave segment /processing_system7_0/S_AXI_ACP/ACP_M_AXI_GP0 from address space /mxm_execute_ursa_0/Data_m_axi_ca.
Excluding slave segment /processing_system7_0/S_AXI_ACP/ACP_M_AXI_GP0 from address space /mxm_execute_ursa_1/Data_m_axi_ca.
Excluding slave segment /processing_system7_0/S_AXI_ACP/ACP_M_AXI_GP0 from address space /mxm_execute_ursa_2/Data_m_axi_ca.
Excluding slave segment /processing_system7_0/S_AXI_ACP/ACP_IOP from address space /mxm_execute_ursa_0/Data_m_axi_bi.
Excluding slave segment /processing_system7_0/S_AXI_ACP/ACP_IOP from address space /mxm_execute_ursa_1/Data_m_axi_bi.
Excluding slave segment /processing_system7_0/S_AXI_ACP/ACP_IOP from address space /mxm_execute_ursa_2/Data_m_axi_bi.
Excluding slave segment /processing_system7_0/S_AXI_ACP/ACP_M_AXI_GP0 from address space /mxm_execute_ursa_0/Data_m_axi_bi.
Excluding slave segment /processing_system7_0/S_AXI_ACP/ACP_M_AXI_GP0 from address space /mxm_execute_ursa_1/Data_m_axi_bi.
Excluding slave segment /processing_system7_0/S_AXI_ACP/ACP_M_AXI_GP0 from address space /mxm_execute_ursa_2/Data_m_axi_bi.
Excluding slave segment /processing_system7_0/S_AXI_ACP/ACP_IOP from address space /mxm_execute_ursa_0/Data_m_axi_ca.
Excluding slave segment /processing_system7_0/S_AXI_ACP/ACP_IOP from address space /mxm_execute_ursa_1/Data_m_axi_ca.
Excluding slave segment /processing_system7_0/S_AXI_ACP/ACP_IOP from address space /mxm_execute_ursa_2/Data_m_axi_ca.
Excluding slave segment /processing_system7_0/S_AXI_ACP/ACP_M_AXI_GP0 from address space /mxm_execute_ursa_0/Data_m_axi_ca.
Excluding slave segment /processing_system7_0/S_AXI_ACP/ACP_M_AXI_GP0 from address space /mxm_execute_ursa_1/Data_m_axi_ca.
Excluding slave segment /processing_system7_0/S_AXI_ACP/ACP_M_AXI_GP0 from address space /mxm_execute_ursa_2/Data_m_axi_ca.
Excluding slave segment /processing_system7_0/S_AXI_ACP/ACP_IOP from address space /mxm_execute_ursa_0/Data_m_axi_bi.
Excluding slave segment /processing_system7_0/S_AXI_ACP/ACP_IOP from address space /mxm_execute_ursa_0/Data_m_axi_ca.
Excluding slave segment /processing_system7_0/S_AXI_ACP/ACP_IOP from address space /mxm_execute_ursa_1/Data_m_axi_bi.
Excluding slave segment /processing_system7_0/S_AXI_ACP/ACP_IOP from address space /mxm_execute_ursa_1/Data_m_axi_ca.
Excluding slave segment /processing_system7_0/S_AXI_ACP/ACP_IOP from address space /mxm_execute_ursa_2/Data_m_axi_bi.
Excluding slave segment /processing_system7_0/S_AXI_ACP/ACP_IOP from address space /mxm_execute_ursa_2/Data_m_axi_ca.
Excluding slave segment /processing_system7_0/S_AXI_ACP/ACP_M_AXI_GP0 from address space /mxm_execute_ursa_0/Data_m_axi_bi.
Excluding slave segment /processing_system7_0/S_AXI_ACP/ACP_M_AXI_GP0 from address space /mxm_execute_ursa_0/Data_m_axi_ca.
Excluding slave segment /processing_system7_0/S_AXI_ACP/ACP_M_AXI_GP0 from address space /mxm_execute_ursa_1/Data_m_axi_bi.
Excluding slave segment /processing_system7_0/S_AXI_ACP/ACP_M_AXI_GP0 from address space /mxm_execute_ursa_1/Data_m_axi_ca.
Excluding slave segment /processing_system7_0/S_AXI_ACP/ACP_M_AXI_GP0 from address space /mxm_execute_ursa_2/Data_m_axi_bi.
Excluding slave segment /processing_system7_0/S_AXI_ACP/ACP_M_AXI_GP0 from address space /mxm_execute_ursa_2/Data_m_axi_ca.
Excluding slave segment /processing_system7_0/S_AXI_ACP/ACP_IOP from address space /mxm_execute_ursa_0/Data_m_axi_bi.
Excluding slave segment /processing_system7_0/S_AXI_ACP/ACP_IOP from address space /mxm_execute_ursa_0/Data_m_axi_ca.
Excluding slave segment /processing_system7_0/S_AXI_ACP/ACP_IOP from address space /mxm_execute_ursa_1/Data_m_axi_bi.
Excluding slave segment /processing_system7_0/S_AXI_ACP/ACP_IOP from address space /mxm_execute_ursa_1/Data_m_axi_ca.
Excluding slave segment /processing_system7_0/S_AXI_ACP/ACP_IOP from address space /mxm_execute_ursa_2/Data_m_axi_bi.
Excluding slave segment /processing_system7_0/S_AXI_ACP/ACP_IOP from address space /mxm_execute_ursa_2/Data_m_axi_ca.
Excluding slave segment /processing_system7_0/S_AXI_ACP/ACP_M_AXI_GP0 from address space /mxm_execute_ursa_0/Data_m_axi_bi.
Excluding slave segment /processing_system7_0/S_AXI_ACP/ACP_M_AXI_GP0 from address space /mxm_execute_ursa_0/Data_m_axi_ca.
Excluding slave segment /processing_system7_0/S_AXI_ACP/ACP_M_AXI_GP0 from address space /mxm_execute_ursa_1/Data_m_axi_bi.
Excluding slave segment /processing_system7_0/S_AXI_ACP/ACP_M_AXI_GP0 from address space /mxm_execute_ursa_1/Data_m_axi_ca.
Excluding slave segment /processing_system7_0/S_AXI_ACP/ACP_M_AXI_GP0 from address space /mxm_execute_ursa_2/Data_m_axi_bi.
Excluding slave segment /processing_system7_0/S_AXI_ACP/ACP_M_AXI_GP0 from address space /mxm_execute_ursa_2/Data_m_axi_ca.
Excluding slave segment /processing_system7_0/S_AXI_ACP/ACP_IOP from address space /mxm_execute_ursa_0/Data_m_axi_bi.
Excluding slave segment /processing_system7_0/S_AXI_ACP/ACP_IOP from address space /mxm_execute_ursa_0/Data_m_axi_ca.
Excluding slave segment /processing_system7_0/S_AXI_ACP/ACP_IOP from address space /mxm_execute_ursa_1/Data_m_axi_bi.
Excluding slave segment /processing_system7_0/S_AXI_ACP/ACP_IOP from address space /mxm_execute_ursa_1/Data_m_axi_ca.
Excluding slave segment /processing_system7_0/S_AXI_ACP/ACP_IOP from address space /mxm_execute_ursa_2/Data_m_axi_bi.
Excluding slave segment /processing_system7_0/S_AXI_ACP/ACP_IOP from address space /mxm_execute_ursa_2/Data_m_axi_ca.
Excluding slave segment /processing_system7_0/S_AXI_ACP/ACP_M_AXI_GP0 from address space /mxm_execute_ursa_0/Data_m_axi_bi.
Excluding slave segment /processing_system7_0/S_AXI_ACP/ACP_M_AXI_GP0 from address space /mxm_execute_ursa_0/Data_m_axi_ca.
Excluding slave segment /processing_system7_0/S_AXI_ACP/ACP_M_AXI_GP0 from address space /mxm_execute_ursa_1/Data_m_axi_bi.
Excluding slave segment /processing_system7_0/S_AXI_ACP/ACP_M_AXI_GP0 from address space /mxm_execute_ursa_1/Data_m_axi_ca.
Excluding slave segment /processing_system7_0/S_AXI_ACP/ACP_M_AXI_GP0 from address space /mxm_execute_ursa_2/Data_m_axi_bi.
Excluding slave segment /processing_system7_0/S_AXI_ACP/ACP_M_AXI_GP0 from address space /mxm_execute_ursa_2/Data_m_axi_ca.
Excluding slave segment /processing_system7_0/S_AXI_ACP/ACP_IOP from address space /mxm_execute_ursa_0/Data_m_axi_bi.
Excluding slave segment /processing_system7_0/S_AXI_ACP/ACP_IOP from address space /mxm_execute_ursa_1/Data_m_axi_bi.
Excluding slave segment /processing_system7_0/S_AXI_ACP/ACP_IOP from address space /mxm_execute_ursa_2/Data_m_axi_bi.
Excluding slave segment /processing_system7_0/S_AXI_ACP/ACP_M_AXI_GP0 from address space /mxm_execute_ursa_0/Data_m_axi_bi.
Excluding slave segment /processing_system7_0/S_AXI_ACP/ACP_M_AXI_GP0 from address space /mxm_execute_ursa_1/Data_m_axi_bi.
Excluding slave segment /processing_system7_0/S_AXI_ACP/ACP_M_AXI_GP0 from address space /mxm_execute_ursa_2/Data_m_axi_bi.
Excluding slave segment /processing_system7_0/S_AXI_ACP/ACP_IOP from address space /mxm_execute_ursa_0/Data_m_axi_ca.
Excluding slave segment /processing_system7_0/S_AXI_ACP/ACP_IOP from address space /mxm_execute_ursa_1/Data_m_axi_ca.
Excluding slave segment /processing_system7_0/S_AXI_ACP/ACP_IOP from address space /mxm_execute_ursa_2/Data_m_axi_ca.
Excluding slave segment /processing_system7_0/S_AXI_ACP/ACP_M_AXI_GP0 from address space /mxm_execute_ursa_0/Data_m_axi_ca.
Excluding slave segment /processing_system7_0/S_AXI_ACP/ACP_M_AXI_GP0 from address space /mxm_execute_ursa_1/Data_m_axi_ca.
Excluding slave segment /processing_system7_0/S_AXI_ACP/ACP_M_AXI_GP0 from address space /mxm_execute_ursa_2/Data_m_axi_ca.
Excluding slave segment /processing_system7_0/S_AXI_ACP/ACP_IOP from address space /mxm_execute_ursa_0/Data_m_axi_bi.
Excluding slave segment /processing_system7_0/S_AXI_ACP/ACP_IOP from address space /mxm_execute_ursa_0/Data_m_axi_ca.
Excluding slave segment /processing_system7_0/S_AXI_ACP/ACP_IOP from address space /mxm_execute_ursa_1/Data_m_axi_bi.
Excluding slave segment /processing_system7_0/S_AXI_ACP/ACP_IOP from address space /mxm_execute_ursa_1/Data_m_axi_ca.
Excluding slave segment /processing_system7_0/S_AXI_ACP/ACP_IOP from address space /mxm_execute_ursa_2/Data_m_axi_bi.
Excluding slave segment /processing_system7_0/S_AXI_ACP/ACP_IOP from address space /mxm_execute_ursa_2/Data_m_axi_ca.
Excluding slave segment /processing_system7_0/S_AXI_ACP/ACP_M_AXI_GP0 from address space /mxm_execute_ursa_0/Data_m_axi_bi.
Excluding slave segment /processing_system7_0/S_AXI_ACP/ACP_M_AXI_GP0 from address space /mxm_execute_ursa_0/Data_m_axi_ca.
Excluding slave segment /processing_system7_0/S_AXI_ACP/ACP_M_AXI_GP0 from address space /mxm_execute_ursa_1/Data_m_axi_bi.
Excluding slave segment /processing_system7_0/S_AXI_ACP/ACP_M_AXI_GP0 from address space /mxm_execute_ursa_1/Data_m_axi_ca.
Excluding slave segment /processing_system7_0/S_AXI_ACP/ACP_M_AXI_GP0 from address space /mxm_execute_ursa_2/Data_m_axi_bi.
Excluding slave segment /processing_system7_0/S_AXI_ACP/ACP_M_AXI_GP0 from address space /mxm_execute_ursa_2/Data_m_axi_ca.
Excluding slave segment /processing_system7_0/S_AXI_ACP/ACP_IOP from address space /mxm_execute_ursa_0/Data_m_axi_bi.
Excluding slave segment /processing_system7_0/S_AXI_ACP/ACP_IOP from address space /mxm_execute_ursa_0/Data_m_axi_ca.
Excluding slave segment /processing_system7_0/S_AXI_ACP/ACP_IOP from address space /mxm_execute_ursa_1/Data_m_axi_bi.
Excluding slave segment /processing_system7_0/S_AXI_ACP/ACP_IOP from address space /mxm_execute_ursa_1/Data_m_axi_ca.
Excluding slave segment /processing_system7_0/S_AXI_ACP/ACP_IOP from address space /mxm_execute_ursa_2/Data_m_axi_bi.
Excluding slave segment /processing_system7_0/S_AXI_ACP/ACP_IOP from address space /mxm_execute_ursa_2/Data_m_axi_ca.
Excluding slave segment /processing_system7_0/S_AXI_ACP/ACP_M_AXI_GP0 from address space /mxm_execute_ursa_0/Data_m_axi_bi.
Excluding slave segment /processing_system7_0/S_AXI_ACP/ACP_M_AXI_GP0 from address space /mxm_execute_ursa_0/Data_m_axi_ca.
Excluding slave segment /processing_system7_0/S_AXI_ACP/ACP_M_AXI_GP0 from address space /mxm_execute_ursa_1/Data_m_axi_bi.
Excluding slave segment /processing_system7_0/S_AXI_ACP/ACP_M_AXI_GP0 from address space /mxm_execute_ursa_1/Data_m_axi_ca.
Excluding slave segment /processing_system7_0/S_AXI_ACP/ACP_M_AXI_GP0 from address space /mxm_execute_ursa_2/Data_m_axi_bi.
Excluding slave segment /processing_system7_0/S_AXI_ACP/ACP_M_AXI_GP0 from address space /mxm_execute_ursa_2/Data_m_axi_ca.
Excluding slave segment /processing_system7_0/S_AXI_ACP/ACP_IOP from address space /mxm_execute_ursa_0/Data_m_axi_bi.
Excluding slave segment /processing_system7_0/S_AXI_ACP/ACP_IOP from address space /mxm_execute_ursa_0/Data_m_axi_ca.
Excluding slave segment /processing_system7_0/S_AXI_ACP/ACP_IOP from address space /mxm_execute_ursa_1/Data_m_axi_bi.
Excluding slave segment /processing_system7_0/S_AXI_ACP/ACP_IOP from address space /mxm_execute_ursa_1/Data_m_axi_ca.
Excluding slave segment /processing_system7_0/S_AXI_ACP/ACP_IOP from address space /mxm_execute_ursa_2/Data_m_axi_bi.
Excluding slave segment /processing_system7_0/S_AXI_ACP/ACP_IOP from address space /mxm_execute_ursa_2/Data_m_axi_ca.
Excluding slave segment /processing_system7_0/S_AXI_ACP/ACP_M_AXI_GP0 from address space /mxm_execute_ursa_0/Data_m_axi_bi.
Excluding slave segment /processing_system7_0/S_AXI_ACP/ACP_M_AXI_GP0 from address space /mxm_execute_ursa_0/Data_m_axi_ca.
Excluding slave segment /processing_system7_0/S_AXI_ACP/ACP_M_AXI_GP0 from address space /mxm_execute_ursa_1/Data_m_axi_bi.
Excluding slave segment /processing_system7_0/S_AXI_ACP/ACP_M_AXI_GP0 from address space /mxm_execute_ursa_1/Data_m_axi_ca.
Excluding slave segment /processing_system7_0/S_AXI_ACP/ACP_M_AXI_GP0 from address space /mxm_execute_ursa_2/Data_m_axi_bi.
Excluding slave segment /processing_system7_0/S_AXI_ACP/ACP_M_AXI_GP0 from address space /mxm_execute_ursa_2/Data_m_axi_ca.
Excluding slave segment /processing_system7_0/S_AXI_ACP/ACP_IOP from address space /mxm_execute_ursa_0/Data_m_axi_bi.
Excluding slave segment /processing_system7_0/S_AXI_ACP/ACP_IOP from address space /mxm_execute_ursa_0/Data_m_axi_ca.
Excluding slave segment /processing_system7_0/S_AXI_ACP/ACP_IOP from address space /mxm_execute_ursa_1/Data_m_axi_bi.
Excluding slave segment /processing_system7_0/S_AXI_ACP/ACP_IOP from address space /mxm_execute_ursa_1/Data_m_axi_ca.
Excluding slave segment /processing_system7_0/S_AXI_ACP/ACP_IOP from address space /mxm_execute_ursa_2/Data_m_axi_bi.
Excluding slave segment /processing_system7_0/S_AXI_ACP/ACP_IOP from address space /mxm_execute_ursa_2/Data_m_axi_ca.
Excluding slave segment /processing_system7_0/S_AXI_ACP/ACP_M_AXI_GP0 from address space /mxm_execute_ursa_0/Data_m_axi_bi.
Excluding slave segment /processing_system7_0/S_AXI_ACP/ACP_M_AXI_GP0 from address space /mxm_execute_ursa_0/Data_m_axi_ca.
Excluding slave segment /processing_system7_0/S_AXI_ACP/ACP_M_AXI_GP0 from address space /mxm_execute_ursa_1/Data_m_axi_bi.
Excluding slave segment /processing_system7_0/S_AXI_ACP/ACP_M_AXI_GP0 from address space /mxm_execute_ursa_1/Data_m_axi_ca.
Excluding slave segment /processing_system7_0/S_AXI_ACP/ACP_M_AXI_GP0 from address space /mxm_execute_ursa_2/Data_m_axi_bi.
Excluding slave segment /processing_system7_0/S_AXI_ACP/ACP_M_AXI_GP0 from address space /mxm_execute_ursa_2/Data_m_axi_ca.
Excluding slave segment /processing_system7_0/S_AXI_ACP/ACP_IOP from address space /mxm_execute_ursa_0/Data_m_axi_bi.
Excluding slave segment /processing_system7_0/S_AXI_ACP/ACP_IOP from address space /mxm_execute_ursa_0/Data_m_axi_ca.
Excluding slave segment /processing_system7_0/S_AXI_ACP/ACP_IOP from address space /mxm_execute_ursa_1/Data_m_axi_bi.
Excluding slave segment /processing_system7_0/S_AXI_ACP/ACP_IOP from address space /mxm_execute_ursa_1/Data_m_axi_ca.
Excluding slave segment /processing_system7_0/S_AXI_ACP/ACP_IOP from address space /mxm_execute_ursa_2/Data_m_axi_bi.
Excluding slave segment /processing_system7_0/S_AXI_ACP/ACP_IOP from address space /mxm_execute_ursa_2/Data_m_axi_ca.
Excluding slave segment /processing_system7_0/S_AXI_ACP/ACP_M_AXI_GP0 from address space /mxm_execute_ursa_0/Data_m_axi_bi.
Excluding slave segment /processing_system7_0/S_AXI_ACP/ACP_M_AXI_GP0 from address space /mxm_execute_ursa_0/Data_m_axi_ca.
Excluding slave segment /processing_system7_0/S_AXI_ACP/ACP_M_AXI_GP0 from address space /mxm_execute_ursa_1/Data_m_axi_bi.
Excluding slave segment /processing_system7_0/S_AXI_ACP/ACP_M_AXI_GP0 from address space /mxm_execute_ursa_1/Data_m_axi_ca.
Excluding slave segment /processing_system7_0/S_AXI_ACP/ACP_M_AXI_GP0 from address space /mxm_execute_ursa_2/Data_m_axi_bi.
Excluding slave segment /processing_system7_0/S_AXI_ACP/ACP_M_AXI_GP0 from address space /mxm_execute_ursa_2/Data_m_axi_ca.
WARNING: [BD 41-2180] Resetting the memory initialization file of </blk_mem_gen_0> to default.
WARNING: [filemgmt 56-443] The ECC Algorithm string is empty. Setting the Memory Map to default ECC value to ECC_NONE.
WARNING: [BD 41-237] Bus Interface property AWUSER_WIDTH does not match between /processing_system7_0/S_AXI_ACP(5) and /axi_interconnect_2/m00_couplers/auto_pc/M_AXI(0)
WARNING: [BD 41-237] Bus Interface property ARUSER_WIDTH does not match between /processing_system7_0/S_AXI_ACP(5) and /axi_interconnect_2/m00_couplers/auto_pc/M_AXI(0)
Wrote  : </home/ulisses/Projects/ursa/exp/output-stationary/bitstreams/ursa_vanilla_8x8_acc20_hybrid_tmr.proj/ursa_vanilla_8x8_acc20_hybrid_tmr.srcs/sources_1/bd/ursa_vanilla_tmr_hybrid/ursa_vanilla_tmr_hybrid.bd> 
Block design created: ursa_vanilla_tmr_hybrid
INFO: [BD 41-1662] The design 'ursa_vanilla_tmr_hybrid.bd' is already validated. Therefore parameter propagation will not be re-run.
WARNING: [filemgmt 56-443] The ECC Algorithm string is empty. Setting the Memory Map to default ECC value to ECC_NONE.
WARNING: [filemgmt 56-443] The ECC Algorithm string is empty. Setting the Memory Map to default ECC value to ECC_NONE.
WARNING: [BD 41-2384] Width mismatch when connecting pin: '/axi_interconnect_0/xbar/m_axi_bid'(12) to pin: '/axi_interconnect_0/m02_couplers/S_AXI_bid'(13) - Only lower order bits will be connected.
WARNING: [BD 41-2384] Width mismatch when connecting pin: '/axi_interconnect_0/xbar/m_axi_rid'(12) to pin: '/axi_interconnect_0/m02_couplers/S_AXI_rid'(13) - Only lower order bits will be connected.
WARNING: [BD 41-2384] Width mismatch when connecting pin: '/axi_interconnect_1/xbar/s_axi_arid'(13) to pin: '/axi_interconnect_1/s00_couplers/M_AXI_arid'(1) - Only lower order bits will be connected.
WARNING: [BD 41-2384] Width mismatch when connecting pin: '/axi_interconnect_1/xbar/s_axi_awid'(13) to pin: '/axi_interconnect_1/s00_couplers/M_AXI_awid'(1) - Only lower order bits will be connected.
WARNING: [BD 41-2384] Width mismatch when connecting pin: '/axi_interconnect_1/xbar/s_axi_arid'(13) to pin: '/axi_interconnect_1/s01_couplers/M_AXI_arid'(12) - Only lower order bits will be connected.
WARNING: [BD 41-2384] Width mismatch when connecting pin: '/axi_interconnect_1/xbar/s_axi_awid'(13) to pin: '/axi_interconnect_1/s01_couplers/M_AXI_awid'(12) - Only lower order bits will be connected.
WARNING: [BD 41-2384] Width mismatch when connecting pin: '/axi_interconnect_2/m00_couplers/auto_pc/m_axi_bid'(1) to pin: '/axi_interconnect_2/m00_couplers/M_AXI_bid'(3) - Only lower order bits will be connected.
WARNING: [BD 41-2384] Width mismatch when connecting pin: '/axi_interconnect_2/m00_couplers/auto_pc/m_axi_rid'(1) to pin: '/axi_interconnect_2/m00_couplers/M_AXI_rid'(3) - Only lower order bits will be connected.
WARNING: [BD 41-2384] Width mismatch when connecting pin: '/blk_mem_gen_0/addra'(32) to pin: '/axi_bram_ctrl_0/bram_addr_a'(12) - Only lower order bits will be connected.
WARNING: [BD 41-2384] Width mismatch when connecting pin: '/processing_system7_0/S_AXI_ACP_WID'(3) to pin: '/axi_interconnect_2/M00_AXI_wid'(1) - Only lower order bits will be connected.
WARNING: [BD 41-2384] Width mismatch when connecting pin: '/processing_system7_0/S_AXI_ACP_AWID'(3) to pin: '/axi_interconnect_2/M00_AXI_awid'(1) - Only lower order bits will be connected.
WARNING: [BD 41-2384] Width mismatch when connecting pin: '/processing_system7_0/S_AXI_ACP_ARID'(3) to pin: '/axi_interconnect_2/M00_AXI_arid'(1) - Only lower order bits will be connected.
WARNING: [BD 41-2384] Width mismatch when connecting pin: '/tmr_voter_2/M_AXI_RID'(1) to pin: '/axi_interconnect_1/S00_AXI_rid'(13) - Only lower order bits will be connected.
WARNING: [BD 41-2384] Width mismatch when connecting pin: '/tmr_voter_2/M_AXI_BID'(1) to pin: '/axi_interconnect_1/S00_AXI_bid'(13) - Only lower order bits will be connected.
Verilog Output written to : /home/ulisses/Projects/ursa/exp/output-stationary/bitstreams/ursa_vanilla_8x8_acc20_hybrid_tmr.proj/ursa_vanilla_8x8_acc20_hybrid_tmr.gen/sources_1/bd/ursa_vanilla_tmr_hybrid/synth/ursa_vanilla_tmr_hybrid.v
WARNING: [BD 41-2384] Width mismatch when connecting pin: '/axi_interconnect_0/xbar/m_axi_bid'(12) to pin: '/axi_interconnect_0/m02_couplers/S_AXI_bid'(13) - Only lower order bits will be connected.
WARNING: [BD 41-2384] Width mismatch when connecting pin: '/axi_interconnect_0/xbar/m_axi_rid'(12) to pin: '/axi_interconnect_0/m02_couplers/S_AXI_rid'(13) - Only lower order bits will be connected.
WARNING: [BD 41-2384] Width mismatch when connecting pin: '/axi_interconnect_1/xbar/s_axi_arid'(13) to pin: '/axi_interconnect_1/s00_couplers/M_AXI_arid'(1) - Only lower order bits will be connected.
WARNING: [BD 41-2384] Width mismatch when connecting pin: '/axi_interconnect_1/xbar/s_axi_awid'(13) to pin: '/axi_interconnect_1/s00_couplers/M_AXI_awid'(1) - Only lower order bits will be connected.
WARNING: [BD 41-2384] Width mismatch when connecting pin: '/axi_interconnect_1/xbar/s_axi_arid'(13) to pin: '/axi_interconnect_1/s01_couplers/M_AXI_arid'(12) - Only lower order bits will be connected.
WARNING: [BD 41-2384] Width mismatch when connecting pin: '/axi_interconnect_1/xbar/s_axi_awid'(13) to pin: '/axi_interconnect_1/s01_couplers/M_AXI_awid'(12) - Only lower order bits will be connected.
WARNING: [BD 41-2384] Width mismatch when connecting pin: '/axi_interconnect_2/m00_couplers/auto_pc/m_axi_bid'(1) to pin: '/axi_interconnect_2/m00_couplers/M_AXI_bid'(3) - Only lower order bits will be connected.
WARNING: [BD 41-2384] Width mismatch when connecting pin: '/axi_interconnect_2/m00_couplers/auto_pc/m_axi_rid'(1) to pin: '/axi_interconnect_2/m00_couplers/M_AXI_rid'(3) - Only lower order bits will be connected.
WARNING: [BD 41-2384] Width mismatch when connecting pin: '/blk_mem_gen_0/addra'(32) to pin: '/axi_bram_ctrl_0/bram_addr_a'(12) - Only lower order bits will be connected.
WARNING: [BD 41-2384] Width mismatch when connecting pin: '/processing_system7_0/S_AXI_ACP_WID'(3) to pin: '/axi_interconnect_2/M00_AXI_wid'(1) - Only lower order bits will be connected.
WARNING: [BD 41-2384] Width mismatch when connecting pin: '/processing_system7_0/S_AXI_ACP_AWID'(3) to pin: '/axi_interconnect_2/M00_AXI_awid'(1) - Only lower order bits will be connected.
WARNING: [BD 41-2384] Width mismatch when connecting pin: '/processing_system7_0/S_AXI_ACP_ARID'(3) to pin: '/axi_interconnect_2/M00_AXI_arid'(1) - Only lower order bits will be connected.
WARNING: [BD 41-2384] Width mismatch when connecting pin: '/tmr_voter_2/M_AXI_RID'(1) to pin: '/axi_interconnect_1/S00_AXI_rid'(13) - Only lower order bits will be connected.
WARNING: [BD 41-2384] Width mismatch when connecting pin: '/tmr_voter_2/M_AXI_BID'(1) to pin: '/axi_interconnect_1/S00_AXI_bid'(13) - Only lower order bits will be connected.
Verilog Output written to : /home/ulisses/Projects/ursa/exp/output-stationary/bitstreams/ursa_vanilla_8x8_acc20_hybrid_tmr.proj/ursa_vanilla_8x8_acc20_hybrid_tmr.gen/sources_1/bd/ursa_vanilla_tmr_hybrid/sim/ursa_vanilla_tmr_hybrid.v
Verilog Output written to : /home/ulisses/Projects/ursa/exp/output-stationary/bitstreams/ursa_vanilla_8x8_acc20_hybrid_tmr.proj/ursa_vanilla_8x8_acc20_hybrid_tmr.gen/sources_1/bd/ursa_vanilla_tmr_hybrid/hdl/ursa_vanilla_tmr_hybrid_wrapper.v
INFO: [BD 41-1662] The design 'ursa_vanilla_tmr_hybrid.bd' is already validated. Therefore parameter propagation will not be re-run.
WARNING: [filemgmt 56-443] The ECC Algorithm string is empty. Setting the Memory Map to default ECC value to ECC_NONE.
WARNING: [filemgmt 56-443] The ECC Algorithm string is empty. Setting the Memory Map to default ECC value to ECC_NONE.
WARNING: [BD 41-2384] Width mismatch when connecting pin: '/axi_interconnect_0/xbar/m_axi_bid'(12) to pin: '/axi_interconnect_0/m02_couplers/S_AXI_bid'(13) - Only lower order bits will be connected.
WARNING: [BD 41-2384] Width mismatch when connecting pin: '/axi_interconnect_0/xbar/m_axi_rid'(12) to pin: '/axi_interconnect_0/m02_couplers/S_AXI_rid'(13) - Only lower order bits will be connected.
WARNING: [BD 41-2384] Width mismatch when connecting pin: '/axi_interconnect_1/xbar/s_axi_arid'(13) to pin: '/axi_interconnect_1/s00_couplers/M_AXI_arid'(1) - Only lower order bits will be connected.
WARNING: [BD 41-2384] Width mismatch when connecting pin: '/axi_interconnect_1/xbar/s_axi_awid'(13) to pin: '/axi_interconnect_1/s00_couplers/M_AXI_awid'(1) - Only lower order bits will be connected.
WARNING: [BD 41-2384] Width mismatch when connecting pin: '/axi_interconnect_1/xbar/s_axi_arid'(13) to pin: '/axi_interconnect_1/s01_couplers/M_AXI_arid'(12) - Only lower order bits will be connected.
WARNING: [BD 41-2384] Width mismatch when connecting pin: '/axi_interconnect_1/xbar/s_axi_awid'(13) to pin: '/axi_interconnect_1/s01_couplers/M_AXI_awid'(12) - Only lower order bits will be connected.
WARNING: [BD 41-2384] Width mismatch when connecting pin: '/axi_interconnect_2/m00_couplers/auto_pc/m_axi_bid'(1) to pin: '/axi_interconnect_2/m00_couplers/M_AXI_bid'(3) - Only lower order bits will be connected.
WARNING: [BD 41-2384] Width mismatch when connecting pin: '/axi_interconnect_2/m00_couplers/auto_pc/m_axi_rid'(1) to pin: '/axi_interconnect_2/m00_couplers/M_AXI_rid'(3) - Only lower order bits will be connected.
WARNING: [BD 41-2384] Width mismatch when connecting pin: '/blk_mem_gen_0/addra'(32) to pin: '/axi_bram_ctrl_0/bram_addr_a'(12) - Only lower order bits will be connected.
WARNING: [BD 41-2384] Width mismatch when connecting pin: '/processing_system7_0/S_AXI_ACP_WID'(3) to pin: '/axi_interconnect_2/M00_AXI_wid'(1) - Only lower order bits will be connected.
WARNING: [BD 41-2384] Width mismatch when connecting pin: '/processing_system7_0/S_AXI_ACP_AWID'(3) to pin: '/axi_interconnect_2/M00_AXI_awid'(1) - Only lower order bits will be connected.
WARNING: [BD 41-2384] Width mismatch when connecting pin: '/processing_system7_0/S_AXI_ACP_ARID'(3) to pin: '/axi_interconnect_2/M00_AXI_arid'(1) - Only lower order bits will be connected.
WARNING: [BD 41-2384] Width mismatch when connecting pin: '/tmr_voter_2/M_AXI_RID'(1) to pin: '/axi_interconnect_1/S00_AXI_rid'(13) - Only lower order bits will be connected.
WARNING: [BD 41-2384] Width mismatch when connecting pin: '/tmr_voter_2/M_AXI_BID'(1) to pin: '/axi_interconnect_1/S00_AXI_bid'(13) - Only lower order bits will be connected.
Verilog Output written to : /home/ulisses/Projects/ursa/exp/output-stationary/bitstreams/ursa_vanilla_8x8_acc20_hybrid_tmr.proj/ursa_vanilla_8x8_acc20_hybrid_tmr.gen/sources_1/bd/ursa_vanilla_tmr_hybrid/synth/ursa_vanilla_tmr_hybrid.v
WARNING: [BD 41-2384] Width mismatch when connecting pin: '/axi_interconnect_0/xbar/m_axi_bid'(12) to pin: '/axi_interconnect_0/m02_couplers/S_AXI_bid'(13) - Only lower order bits will be connected.
WARNING: [BD 41-2384] Width mismatch when connecting pin: '/axi_interconnect_0/xbar/m_axi_rid'(12) to pin: '/axi_interconnect_0/m02_couplers/S_AXI_rid'(13) - Only lower order bits will be connected.
WARNING: [BD 41-2384] Width mismatch when connecting pin: '/axi_interconnect_1/xbar/s_axi_arid'(13) to pin: '/axi_interconnect_1/s00_couplers/M_AXI_arid'(1) - Only lower order bits will be connected.
WARNING: [BD 41-2384] Width mismatch when connecting pin: '/axi_interconnect_1/xbar/s_axi_awid'(13) to pin: '/axi_interconnect_1/s00_couplers/M_AXI_awid'(1) - Only lower order bits will be connected.
WARNING: [BD 41-2384] Width mismatch when connecting pin: '/axi_interconnect_1/xbar/s_axi_arid'(13) to pin: '/axi_interconnect_1/s01_couplers/M_AXI_arid'(12) - Only lower order bits will be connected.
WARNING: [BD 41-2384] Width mismatch when connecting pin: '/axi_interconnect_1/xbar/s_axi_awid'(13) to pin: '/axi_interconnect_1/s01_couplers/M_AXI_awid'(12) - Only lower order bits will be connected.
WARNING: [BD 41-2384] Width mismatch when connecting pin: '/axi_interconnect_2/m00_couplers/auto_pc/m_axi_bid'(1) to pin: '/axi_interconnect_2/m00_couplers/M_AXI_bid'(3) - Only lower order bits will be connected.
WARNING: [BD 41-2384] Width mismatch when connecting pin: '/axi_interconnect_2/m00_couplers/auto_pc/m_axi_rid'(1) to pin: '/axi_interconnect_2/m00_couplers/M_AXI_rid'(3) - Only lower order bits will be connected.
WARNING: [BD 41-2384] Width mismatch when connecting pin: '/blk_mem_gen_0/addra'(32) to pin: '/axi_bram_ctrl_0/bram_addr_a'(12) - Only lower order bits will be connected.
WARNING: [BD 41-2384] Width mismatch when connecting pin: '/processing_system7_0/S_AXI_ACP_WID'(3) to pin: '/axi_interconnect_2/M00_AXI_wid'(1) - Only lower order bits will be connected.
WARNING: [BD 41-2384] Width mismatch when connecting pin: '/processing_system7_0/S_AXI_ACP_AWID'(3) to pin: '/axi_interconnect_2/M00_AXI_awid'(1) - Only lower order bits will be connected.
WARNING: [BD 41-2384] Width mismatch when connecting pin: '/processing_system7_0/S_AXI_ACP_ARID'(3) to pin: '/axi_interconnect_2/M00_AXI_arid'(1) - Only lower order bits will be connected.
WARNING: [BD 41-2384] Width mismatch when connecting pin: '/tmr_voter_2/M_AXI_RID'(1) to pin: '/axi_interconnect_1/S00_AXI_rid'(13) - Only lower order bits will be connected.
WARNING: [BD 41-2384] Width mismatch when connecting pin: '/tmr_voter_2/M_AXI_BID'(1) to pin: '/axi_interconnect_1/S00_AXI_bid'(13) - Only lower order bits will be connected.
Verilog Output written to : /home/ulisses/Projects/ursa/exp/output-stationary/bitstreams/ursa_vanilla_8x8_acc20_hybrid_tmr.proj/ursa_vanilla_8x8_acc20_hybrid_tmr.gen/sources_1/bd/ursa_vanilla_tmr_hybrid/sim/ursa_vanilla_tmr_hybrid.v
Verilog Output written to : /home/ulisses/Projects/ursa/exp/output-stationary/bitstreams/ursa_vanilla_8x8_acc20_hybrid_tmr.proj/ursa_vanilla_8x8_acc20_hybrid_tmr.gen/sources_1/bd/ursa_vanilla_tmr_hybrid/hdl/ursa_vanilla_tmr_hybrid_wrapper.v
INFO: [IP_Flow 19-5611] Unable to find an associated reset port for the interface 'M_AXI_GP0'. A default connection has been created.
INFO: [IP_Flow 19-5611] Unable to find an associated reset port for the interface 'S_AXI_ACP'. A default connection has been created.
INFO: [BD 41-1029] Generation completed for the IP Integrator block processing_system7_0 .
INFO: [BD 41-1029] Generation completed for the IP Integrator block proc_sys_reset_0 .
INFO: [BD 41-1029] Generation completed for the IP Integrator block axi_interconnect_0/xbar .
WARNING: [IP_Flow 19-4994] Overwriting existing constraint file '/home/ulisses/Projects/ursa/exp/output-stationary/bitstreams/ursa_vanilla_8x8_acc20_hybrid_tmr.proj/ursa_vanilla_8x8_acc20_hybrid_tmr.gen/sources_1/bd/ursa_vanilla_tmr_hybrid/ip/ursa_vanilla_tmr_hybrid_auto_pc_2/ursa_vanilla_tmr_hybrid_auto_pc_2_ooc.xdc'
INFO: [BD 41-1029] Generation completed for the IP Integrator block axi_interconnect_0/s00_couplers/auto_pc .
WARNING: [IP_Flow 19-4994] Overwriting existing constraint file '/home/ulisses/Projects/ursa/exp/output-stationary/bitstreams/ursa_vanilla_8x8_acc20_hybrid_tmr.proj/ursa_vanilla_8x8_acc20_hybrid_tmr.gen/sources_1/bd/ursa_vanilla_tmr_hybrid/ip/ursa_vanilla_tmr_hybrid_auto_pc_0/ursa_vanilla_tmr_hybrid_auto_pc_0_ooc.xdc'
INFO: [BD 41-1029] Generation completed for the IP Integrator block axi_interconnect_0/m00_couplers/auto_pc .
WARNING: [IP_Flow 19-4994] Overwriting existing constraint file '/home/ulisses/Projects/ursa/exp/output-stationary/bitstreams/ursa_vanilla_8x8_acc20_hybrid_tmr.proj/ursa_vanilla_8x8_acc20_hybrid_tmr.gen/sources_1/bd/ursa_vanilla_tmr_hybrid/ip/ursa_vanilla_tmr_hybrid_auto_pc_1/ursa_vanilla_tmr_hybrid_auto_pc_1_ooc.xdc'
INFO: [BD 41-1029] Generation completed for the IP Integrator block axi_interconnect_0/m01_couplers/auto_pc .
INFO: [BD 41-1029] Generation completed for the IP Integrator block mxm_execute_ursa_0 .
INFO: [BD 41-1029] Generation completed for the IP Integrator block mxm_execute_ursa_1 .
INFO: [BD 41-1029] Generation completed for the IP Integrator block mxm_execute_ursa_2 .
INFO: [BD 41-1029] Generation completed for the IP Integrator block tmr_voter_0 .
INFO: [BD 41-1029] Generation completed for the IP Integrator block tmr_voter_1 .
INFO: [BD 41-1029] Generation completed for the IP Integrator block axi_bram_ctrl_0 .
INFO: [BD 41-1029] Generation completed for the IP Integrator block blk_mem_gen_0 .
INFO: [BD 41-1029] Generation completed for the IP Integrator block axi_interconnect_1/xbar .
INFO: [BD 41-1029] Generation completed for the IP Integrator block axi_interconnect_2/xbar .
WARNING: [IP_Flow 19-4994] Overwriting existing constraint file '/home/ulisses/Projects/ursa/exp/output-stationary/bitstreams/ursa_vanilla_8x8_acc20_hybrid_tmr.proj/ursa_vanilla_8x8_acc20_hybrid_tmr.gen/sources_1/bd/ursa_vanilla_tmr_hybrid/ip/ursa_vanilla_tmr_hybrid_auto_us_0/ursa_vanilla_tmr_hybrid_auto_us_0_ooc.xdc'
INFO: [IP_Flow 19-5611] Unable to find an associated reset port for the interface 'S_AXI'. A default connection has been created.
INFO: [IP_Flow 19-5611] Unable to find an associated reset port for the interface 'M_AXI'. A default connection has been created.
INFO: [BD 41-1029] Generation completed for the IP Integrator block axi_interconnect_2/s00_couplers/auto_us .
WARNING: [IP_Flow 19-4994] Overwriting existing constraint file '/home/ulisses/Projects/ursa/exp/output-stationary/bitstreams/ursa_vanilla_8x8_acc20_hybrid_tmr.proj/ursa_vanilla_8x8_acc20_hybrid_tmr.gen/sources_1/bd/ursa_vanilla_tmr_hybrid/ip/ursa_vanilla_tmr_hybrid_auto_us_1/ursa_vanilla_tmr_hybrid_auto_us_1_ooc.xdc'
INFO: [IP_Flow 19-5611] Unable to find an associated reset port for the interface 'S_AXI'. A default connection has been created.
INFO: [IP_Flow 19-5611] Unable to find an associated reset port for the interface 'M_AXI'. A default connection has been created.
INFO: [BD 41-1029] Generation completed for the IP Integrator block axi_interconnect_2/s01_couplers/auto_us .
WARNING: [IP_Flow 19-4994] Overwriting existing constraint file '/home/ulisses/Projects/ursa/exp/output-stationary/bitstreams/ursa_vanilla_8x8_acc20_hybrid_tmr.proj/ursa_vanilla_8x8_acc20_hybrid_tmr.gen/sources_1/bd/ursa_vanilla_tmr_hybrid/ip/ursa_vanilla_tmr_hybrid_auto_pc_3/ursa_vanilla_tmr_hybrid_auto_pc_3_ooc.xdc'
INFO: [BD 41-1029] Generation completed for the IP Integrator block axi_interconnect_2/m00_couplers/auto_pc .
INFO: [BD 41-1029] Generation completed for the IP Integrator block tmr_voter_2 .
INFO: [BD 41-1029] Generation completed for the IP Integrator block tmr_voter_3 .
INFO: [BD 41-1029] Generation completed for the IP Integrator block tmr_voter_4 .
Exporting to file /home/ulisses/Projects/ursa/exp/output-stationary/bitstreams/ursa_vanilla_8x8_acc20_hybrid_tmr.proj/ursa_vanilla_8x8_acc20_hybrid_tmr.gen/sources_1/bd/ursa_vanilla_tmr_hybrid/hw_handoff/ursa_vanilla_tmr_hybrid.hwh
Generated Hardware Definition File /home/ulisses/Projects/ursa/exp/output-stationary/bitstreams/ursa_vanilla_8x8_acc20_hybrid_tmr.proj/ursa_vanilla_8x8_acc20_hybrid_tmr.gen/sources_1/bd/ursa_vanilla_tmr_hybrid/synth/ursa_vanilla_tmr_hybrid.hwdef
INFO: [IP_Flow 19-6930] IPCACHE: runCacheChecks() number of threads = 8
INFO: [IP_Flow 19-6921] IPCACHE: Adding cache check func to thread queue for IP ursa_vanilla_tmr_hybrid_auto_pc_0
INFO: [IP_Flow 19-6921] IPCACHE: Adding cache check func to thread queue for IP ursa_vanilla_tmr_hybrid_auto_pc_1
INFO: [IP_Flow 19-6921] IPCACHE: Adding cache check func to thread queue for IP ursa_vanilla_tmr_hybrid_auto_pc_2
INFO: [IP_Flow 19-6921] IPCACHE: Adding cache check func to thread queue for IP ursa_vanilla_tmr_hybrid_auto_pc_3
INFO: [IP_Flow 19-6921] IPCACHE: Adding cache check func to thread queue for IP ursa_vanilla_tmr_hybrid_auto_us_0
INFO: [IP_Flow 19-6921] IPCACHE: Adding cache check func to thread queue for IP ursa_vanilla_tmr_hybrid_auto_us_1
INFO: [IP_Flow 19-6921] IPCACHE: Adding cache check func to thread queue for IP ursa_vanilla_tmr_hybrid_axi_bram_ctrl_0_0
INFO: [IP_Flow 19-6921] IPCACHE: Adding cache check func to thread queue for IP ursa_vanilla_tmr_hybrid_blk_mem_gen_0_0
INFO: [IP_Flow 19-6921] IPCACHE: Adding cache check func to thread queue for IP ursa_vanilla_tmr_hybrid_mxm_execute_ursa_0_0
INFO: [IP_Flow 19-6921] IPCACHE: Adding cache check func to thread queue for IP ursa_vanilla_tmr_hybrid_mxm_execute_ursa_1_0
INFO: [IP_Flow 19-6921] IPCACHE: Adding cache check func to thread queue for IP ursa_vanilla_tmr_hybrid_mxm_execute_ursa_2_0
INFO: [IP_Flow 19-6921] IPCACHE: Adding cache check func to thread queue for IP ursa_vanilla_tmr_hybrid_proc_sys_reset_0_0
INFO: [IP_Flow 19-6921] IPCACHE: Adding cache check func to thread queue for IP ursa_vanilla_tmr_hybrid_tmr_voter_0_0
INFO: [IP_Flow 19-6921] IPCACHE: Adding cache check func to thread queue for IP ursa_vanilla_tmr_hybrid_tmr_voter_1_0
INFO: [IP_Flow 19-6921] IPCACHE: Adding cache check func to thread queue for IP ursa_vanilla_tmr_hybrid_tmr_voter_2_0
INFO: [IP_Flow 19-6921] IPCACHE: Adding cache check func to thread queue for IP ursa_vanilla_tmr_hybrid_tmr_voter_3_0
INFO: [IP_Flow 19-6921] IPCACHE: Adding cache check func to thread queue for IP ursa_vanilla_tmr_hybrid_tmr_voter_4_0
INFO: [IP_Flow 19-6921] IPCACHE: Adding cache check func to thread queue for IP ursa_vanilla_tmr_hybrid_xbar_0
INFO: [IP_Flow 19-6921] IPCACHE: Adding cache check func to thread queue for IP ursa_vanilla_tmr_hybrid_xbar_1
INFO: [IP_Flow 19-6921] IPCACHE: Adding cache check func to thread queue for IP ursa_vanilla_tmr_hybrid_xbar_2
INFO: [IP_Flow 19-8020] IPCACHE: runCacheChecks() calling threadPool finishWork()
INFO: [IP_Flow 19-6924] IPCACHE: Running cache check for IP inst: ursa_vanilla_tmr_hybrid_auto_pc_0
INFO: [IP_Flow 19-6924] IPCACHE: Running cache check for IP inst: ursa_vanilla_tmr_hybrid_auto_pc_2
INFO: [IP_Flow 19-6924] IPCACHE: Running cache check for IP inst: ursa_vanilla_tmr_hybrid_auto_pc_3
INFO: [IP_Flow 19-6924] IPCACHE: Running cache check for IP inst: ursa_vanilla_tmr_hybrid_xbar_1
INFO: [IP_Flow 19-6924] IPCACHE: Running cache check for IP inst: ursa_vanilla_tmr_hybrid_auto_pc_1
INFO: [IP_Flow 19-6924] IPCACHE: Running cache check for IP inst: ursa_vanilla_tmr_hybrid_tmr_voter_2_0
INFO: [IP_Flow 19-6924] IPCACHE: Running cache check for IP inst: ursa_vanilla_tmr_hybrid_auto_us_0
INFO: [IP_Flow 19-6924] IPCACHE: Running cache check for IP inst: ursa_vanilla_tmr_hybrid_auto_us_1
INFO: [IP_Flow 19-6924] IPCACHE: Running cache check for IP inst: ursa_vanilla_tmr_hybrid_axi_bram_ctrl_0_0
INFO: [IP_Flow 19-6924] IPCACHE: Running cache check for IP inst: ursa_vanilla_tmr_hybrid_mxm_execute_ursa_2_0
INFO: [IP_Flow 19-6924] IPCACHE: Running cache check for IP inst: ursa_vanilla_tmr_hybrid_tmr_voter_3_0
INFO: [IP_Flow 19-6924] IPCACHE: Running cache check for IP inst: ursa_vanilla_tmr_hybrid_blk_mem_gen_0_0
INFO: [IP_Flow 19-6924] IPCACHE: Running cache check for IP inst: ursa_vanilla_tmr_hybrid_proc_sys_reset_0_0
INFO: [IP_Flow 19-6924] IPCACHE: Running cache check for IP inst: ursa_vanilla_tmr_hybrid_tmr_voter_4_0
INFO: [IP_Flow 19-6924] IPCACHE: Running cache check for IP inst: ursa_vanilla_tmr_hybrid_mxm_execute_ursa_0_0
INFO: [IP_Flow 19-6924] IPCACHE: Running cache check for IP inst: ursa_vanilla_tmr_hybrid_tmr_voter_0_0
INFO: [IP_Flow 19-6924] IPCACHE: Running cache check for IP inst: ursa_vanilla_tmr_hybrid_xbar_0
INFO: [IP_Flow 19-6924] IPCACHE: Running cache check for IP inst: ursa_vanilla_tmr_hybrid_mxm_execute_ursa_1_0
INFO: [IP_Flow 19-6924] IPCACHE: Running cache check for IP inst: ursa_vanilla_tmr_hybrid_tmr_voter_1_0
INFO: [IP_Flow 19-6924] IPCACHE: Running cache check for IP inst: ursa_vanilla_tmr_hybrid_xbar_2
WARNING: [Vivado 12-7122] Auto Incremental Compile:: No reference checkpoint was found in run synth_1. Auto-incremental flow will not be run, the standard flow will be run instead.
[Tue Sep 15 18:43:55 2026] Launched ursa_vanilla_tmr_hybrid_tmr_voter_0_0_synth_1, ursa_vanilla_tmr_hybrid_tmr_voter_2_0_synth_1, ursa_vanilla_tmr_hybrid_axi_bram_ctrl_0_0_synth_1, ursa_vanilla_tmr_hybrid_auto_pc_3_synth_1, ursa_vanilla_tmr_hybrid_blk_mem_gen_0_0_synth_1, ursa_vanilla_tmr_hybrid_auto_us_1_synth_1, ursa_vanilla_tmr_hybrid_auto_us_0_synth_1, ursa_vanilla_tmr_hybrid_xbar_2_synth_1, ursa_vanilla_tmr_hybrid_proc_sys_reset_0_0_synth_1, ursa_vanilla_tmr_hybrid_processing_system7_0_0_synth_1, ursa_vanilla_tmr_hybrid_tmr_voter_1_0_synth_1, ursa_vanilla_tmr_hybrid_tmr_voter_4_0_synth_1, ursa_vanilla_tmr_hybrid_tmr_voter_3_0_synth_1, ursa_vanilla_tmr_hybrid_xbar_1_synth_1, ursa_vanilla_tmr_hybrid_mxm_execute_ursa_2_0_synth_1, ursa_vanilla_tmr_hybrid_mxm_execute_ursa_0_0_synth_1, ursa_vanilla_tmr_hybrid_auto_pc_1_synth_1, ursa_vanilla_tmr_hybrid_auto_pc_0_synth_1, ursa_vanilla_tmr_hybrid_mxm_execute_ursa_1_0_synth_1, ursa_vanilla_tmr_hybrid_auto_pc_2_synth_1, ursa_vanilla_tmr_hybrid_xbar_0_synth_1...
Run output will be captured here:
ursa_vanilla_tmr_hybrid_tmr_voter_0_0_synth_1: /home/ulisses/Projects/ursa/exp/output-stationary/bitstreams/ursa_vanilla_8x8_acc20_hybrid_tmr.proj/ursa_vanilla_8x8_acc20_hybrid_tmr.runs/ursa_vanilla_tmr_hybrid_tmr_voter_0_0_synth_1/runme.log
ursa_vanilla_tmr_hybrid_tmr_voter_2_0_synth_1: /home/ulisses/Projects/ursa/exp/output-stationary/bitstreams/ursa_vanilla_8x8_acc20_hybrid_tmr.proj/ursa_vanilla_8x8_acc20_hybrid_tmr.runs/ursa_vanilla_tmr_hybrid_tmr_voter_2_0_synth_1/runme.log
ursa_vanilla_tmr_hybrid_axi_bram_ctrl_0_0_synth_1: /home/ulisses/Projects/ursa/exp/output-stationary/bitstreams/ursa_vanilla_8x8_acc20_hybrid_tmr.proj/ursa_vanilla_8x8_acc20_hybrid_tmr.runs/ursa_vanilla_tmr_hybrid_axi_bram_ctrl_0_0_synth_1/runme.log
ursa_vanilla_tmr_hybrid_auto_pc_3_synth_1: /home/ulisses/Projects/ursa/exp/output-stationary/bitstreams/ursa_vanilla_8x8_acc20_hybrid_tmr.proj/ursa_vanilla_8x8_acc20_hybrid_tmr.runs/ursa_vanilla_tmr_hybrid_auto_pc_3_synth_1/runme.log
ursa_vanilla_tmr_hybrid_blk_mem_gen_0_0_synth_1: /home/ulisses/Projects/ursa/exp/output-stationary/bitstreams/ursa_vanilla_8x8_acc20_hybrid_tmr.proj/ursa_vanilla_8x8_acc20_hybrid_tmr.runs/ursa_vanilla_tmr_hybrid_blk_mem_gen_0_0_synth_1/runme.log
ursa_vanilla_tmr_hybrid_auto_us_1_synth_1: /home/ulisses/Projects/ursa/exp/output-stationary/bitstreams/ursa_vanilla_8x8_acc20_hybrid_tmr.proj/ursa_vanilla_8x8_acc20_hybrid_tmr.runs/ursa_vanilla_tmr_hybrid_auto_us_1_synth_1/runme.log
ursa_vanilla_tmr_hybrid_auto_us_0_synth_1: /home/ulisses/Projects/ursa/exp/output-stationary/bitstreams/ursa_vanilla_8x8_acc20_hybrid_tmr.proj/ursa_vanilla_8x8_acc20_hybrid_tmr.runs/ursa_vanilla_tmr_hybrid_auto_us_0_synth_1/runme.log
ursa_vanilla_tmr_hybrid_xbar_2_synth_1: /home/ulisses/Projects/ursa/exp/output-stationary/bitstreams/ursa_vanilla_8x8_acc20_hybrid_tmr.proj/ursa_vanilla_8x8_acc20_hybrid_tmr.runs/ursa_vanilla_tmr_hybrid_xbar_2_synth_1/runme.log
ursa_vanilla_tmr_hybrid_proc_sys_reset_0_0_synth_1: /home/ulisses/Projects/ursa/exp/output-stationary/bitstreams/ursa_vanilla_8x8_acc20_hybrid_tmr.proj/ursa_vanilla_8x8_acc20_hybrid_tmr.runs/ursa_vanilla_tmr_hybrid_proc_sys_reset_0_0_synth_1/runme.log
ursa_vanilla_tmr_hybrid_processing_system7_0_0_synth_1: /home/ulisses/Projects/ursa/exp/output-stationary/bitstreams/ursa_vanilla_8x8_acc20_hybrid_tmr.proj/ursa_vanilla_8x8_acc20_hybrid_tmr.runs/ursa_vanilla_tmr_hybrid_processing_system7_0_0_synth_1/runme.log
ursa_vanilla_tmr_hybrid_tmr_voter_1_0_synth_1: /home/ulisses/Projects/ursa/exp/output-stationary/bitstreams/ursa_vanilla_8x8_acc20_hybrid_tmr.proj/ursa_vanilla_8x8_acc20_hybrid_tmr.runs/ursa_vanilla_tmr_hybrid_tmr_voter_1_0_synth_1/runme.log
ursa_vanilla_tmr_hybrid_tmr_voter_4_0_synth_1: /home/ulisses/Projects/ursa/exp/output-stationary/bitstreams/ursa_vanilla_8x8_acc20_hybrid_tmr.proj/ursa_vanilla_8x8_acc20_hybrid_tmr.runs/ursa_vanilla_tmr_hybrid_tmr_voter_4_0_synth_1/runme.log
ursa_vanilla_tmr_hybrid_tmr_voter_3_0_synth_1: /home/ulisses/Projects/ursa/exp/output-stationary/bitstreams/ursa_vanilla_8x8_acc20_hybrid_tmr.proj/ursa_vanilla_8x8_acc20_hybrid_tmr.runs/ursa_vanilla_tmr_hybrid_tmr_voter_3_0_synth_1/runme.log
ursa_vanilla_tmr_hybrid_xbar_1_synth_1: /home/ulisses/Projects/ursa/exp/output-stationary/bitstreams/ursa_vanilla_8x8_acc20_hybrid_tmr.proj/ursa_vanilla_8x8_acc20_hybrid_tmr.runs/ursa_vanilla_tmr_hybrid_xbar_1_synth_1/runme.log
ursa_vanilla_tmr_hybrid_mxm_execute_ursa_2_0_synth_1: /home/ulisses/Projects/ursa/exp/output-stationary/bitstreams/ursa_vanilla_8x8_acc20_hybrid_tmr.proj/ursa_vanilla_8x8_acc20_hybrid_tmr.runs/ursa_vanilla_tmr_hybrid_mxm_execute_ursa_2_0_synth_1/runme.log
ursa_vanilla_tmr_hybrid_mxm_execute_ursa_0_0_synth_1: /home/ulisses/Projects/ursa/exp/output-stationary/bitstreams/ursa_vanilla_8x8_acc20_hybrid_tmr.proj/ursa_vanilla_8x8_acc20_hybrid_tmr.runs/ursa_vanilla_tmr_hybrid_mxm_execute_ursa_0_0_synth_1/runme.log
ursa_vanilla_tmr_hybrid_auto_pc_1_synth_1: /home/ulisses/Projects/ursa/exp/output-stationary/bitstreams/ursa_vanilla_8x8_acc20_hybrid_tmr.proj/ursa_vanilla_8x8_acc20_hybrid_tmr.runs/ursa_vanilla_tmr_hybrid_auto_pc_1_synth_1/runme.log
ursa_vanilla_tmr_hybrid_auto_pc_0_synth_1: /home/ulisses/Projects/ursa/exp/output-stationary/bitstreams/ursa_vanilla_8x8_acc20_hybrid_tmr.proj/ursa_vanilla_8x8_acc20_hybrid_tmr.runs/ursa_vanilla_tmr_hybrid_auto_pc_0_synth_1/runme.log
ursa_vanilla_tmr_hybrid_mxm_execute_ursa_1_0_synth_1: /home/ulisses/Projects/ursa/exp/output-stationary/bitstreams/ursa_vanilla_8x8_acc20_hybrid_tmr.proj/ursa_vanilla_8x8_acc20_hybrid_tmr.runs/ursa_vanilla_tmr_hybrid_mxm_execute_ursa_1_0_synth_1/runme.log
ursa_vanilla_tmr_hybrid_auto_pc_2_synth_1: /home/ulisses/Projects/ursa/exp/output-stationary/bitstreams/ursa_vanilla_8x8_acc20_hybrid_tmr.proj/ursa_vanilla_8x8_acc20_hybrid_tmr.runs/ursa_vanilla_tmr_hybrid_auto_pc_2_synth_1/runme.log
ursa_vanilla_tmr_hybrid_xbar_0_synth_1: /home/ulisses/Projects/ursa/exp/output-stationary/bitstreams/ursa_vanilla_8x8_acc20_hybrid_tmr.proj/ursa_vanilla_8x8_acc20_hybrid_tmr.runs/ursa_vanilla_tmr_hybrid_xbar_0_synth_1/runme.log
[Tue Sep 15 18:43:55 2026] Launched synth_1...
Run output will be captured here: /home/ulisses/Projects/ursa/exp/output-stationary/bitstreams/ursa_vanilla_8x8_acc20_hybrid_tmr.proj/ursa_vanilla_8x8_acc20_hybrid_tmr.runs/synth_1/runme.log
launch_runs: Time (s): cpu = 00:00:06 ; elapsed = 00:00:07 . Memory (MB): peak = 2231.254 ; gain = 227.938 ; free physical = 38628 ; free virtual = 74219
[Tue Sep 15 18:43:55 2026] Waiting for synth_1 to finish...

*** Running vivado
    with args -log ursa_vanilla_tmr_hybrid_wrapper.vds -m64 -product Vivado -mode batch -messageDb vivado.pb -notrace -source ursa_vanilla_tmr_hybrid_wrapper.tcl


****** Vivado v2023.2 (64-bit)
  **** SW Build 4029153 on Fri Oct 13 20:13:54 MDT 2023
  **** IP Build 4028589 on Sat Oct 14 00:45:43 MDT 2023
  **** SharedData Build 4025554 on Tue Oct 10 17:18:54 MDT 2023
    ** Copyright 1986-2022 Xilinx, Inc. All Rights Reserved.
    ** Copyright 2022-2023 Advanced Micro Devices, Inc. All Rights Reserved.

Sourcing tcl script '/opt/Xilinx/Vivado/2023.2/scripts/Vivado_init.tcl'
source ursa_vanilla_tmr_hybrid_wrapper.tcl -notrace
INFO: [IP_Flow 19-234] Refreshing IP repositories
INFO: [IP_Flow 19-1700] Loaded user IP repository '/home/ulisses/Projects/ursa/exp/output-stationary/ip_ursa/ursa_vanilla_8x8_acc20'.
INFO: [IP_Flow 19-2313] Loaded Vivado IP repository '/opt/Xilinx/Vivado/2023.2/data/ip'.
Command: synth_design -top ursa_vanilla_tmr_hybrid_wrapper -part xc7z020clg484-1
Starting synth_design
Attempting to get a license for feature 'Synthesis' and/or device 'xc7z020'
INFO: [Common 17-349] Got license for feature 'Synthesis' and/or device 'xc7z020'
INFO: [Device 21-403] Loading part xc7z020clg484-1
INFO: [Synth 8-7079] Multithreading enabled for synth_design using a maximum of 4 processes.
INFO: [Synth 8-7078] Launching helper process for spawning children vivado processes
INFO: [Synth 8-7075] Helper process launched with PID 886521
---------------------------------------------------------------------------------
Starting RTL Elaboration : Time (s): cpu = 00:00:01 ; elapsed = 00:00:01 . Memory (MB): peak = 2092.863 ; gain = 404.715 ; free physical = 36993 ; free virtual = 72682
---------------------------------------------------------------------------------
INFO: [Synth 8-6157] synthesizing module 'ursa_vanilla_tmr_hybrid_wrapper' [/home/ulisses/Projects/ursa/exp/output-stationary/bitstreams/ursa_vanilla_8x8_acc20_hybrid_tmr.proj/ursa_vanilla_8x8_acc20_hybrid_tmr.srcs/sources_1/imports/hdl/ursa_vanilla_tmr_hybrid_wrapper.v:13]
INFO: [Synth 8-6157] synthesizing module 'ursa_vanilla_tmr_hybrid' [/home/ulisses/Projects/ursa/exp/output-stationary/bitstreams/ursa_vanilla_8x8_acc20_hybrid_tmr.proj/ursa_vanilla_8x8_acc20_hybrid_tmr.gen/sources_1/bd/ursa_vanilla_tmr_hybrid/synth/ursa_vanilla_tmr_hybrid.v:2879]
INFO: [Synth 8-6157] synthesizing module 'ursa_vanilla_tmr_hybrid_axi_bram_ctrl_0_0' [/home/ulisses/Projects/ursa/exp/output-stationary/bitstreams/ursa_vanilla_8x8_acc20_hybrid_tmr.proj/ursa_vanilla_8x8_acc20_hybrid_tmr.runs/synth_1/.Xil/Vivado-886495-pc626690/realtime/ursa_vanilla_tmr_hybrid_axi_bram_ctrl_0_0_stub.v:6]
INFO: [Synth 8-6155] done synthesizing module 'ursa_vanilla_tmr_hybrid_axi_bram_ctrl_0_0' (0#1) [/home/ulisses/Projects/ursa/exp/output-stationary/bitstreams/ursa_vanilla_8x8_acc20_hybrid_tmr.proj/ursa_vanilla_8x8_acc20_hybrid_tmr.runs/synth_1/.Xil/Vivado-886495-pc626690/realtime/ursa_vanilla_tmr_hybrid_axi_bram_ctrl_0_0_stub.v:6]
INFO: [Synth 8-6157] synthesizing module 'ursa_vanilla_tmr_hybrid_axi_interconnect_0_0' [/home/ulisses/Projects/ursa/exp/output-stationary/bitstreams/ursa_vanilla_8x8_acc20_hybrid_tmr.proj/ursa_vanilla_8x8_acc20_hybrid_tmr.gen/sources_1/bd/ursa_vanilla_tmr_hybrid/synth/ursa_vanilla_tmr_hybrid.v:5147]
INFO: [Synth 8-6157] synthesizing module 'm00_couplers_imp_1B76JEW' [/home/ulisses/Projects/ursa/exp/output-stationary/bitstreams/ursa_vanilla_8x8_acc20_hybrid_tmr.proj/ursa_vanilla_8x8_acc20_hybrid_tmr.gen/sources_1/bd/ursa_vanilla_tmr_hybrid/synth/ursa_vanilla_tmr_hybrid.v:13]
INFO: [Synth 8-6157] synthesizing module 'ursa_vanilla_tmr_hybrid_auto_pc_0' [/home/ulisses/Projects/ursa/exp/output-stationary/bitstreams/ursa_vanilla_8x8_acc20_hybrid_tmr.proj/ursa_vanilla_8x8_acc20_hybrid_tmr.runs/synth_1/.Xil/Vivado-886495-pc626690/realtime/ursa_vanilla_tmr_hybrid_auto_pc_0_stub.v:6]
INFO: [Synth 8-6155] done synthesizing module 'ursa_vanilla_tmr_hybrid_auto_pc_0' (0#1) [/home/ulisses/Projects/ursa/exp/output-stationary/bitstreams/ursa_vanilla_8x8_acc20_hybrid_tmr.proj/ursa_vanilla_8x8_acc20_hybrid_tmr.runs/synth_1/.Xil/Vivado-886495-pc626690/realtime/ursa_vanilla_tmr_hybrid_auto_pc_0_stub.v:6]
WARNING: [Synth 8-7071] port 'm_axi_awprot' of module 'ursa_vanilla_tmr_hybrid_auto_pc_0' is unconnected for instance 'auto_pc' [/home/ulisses/Projects/ursa/exp/output-stationary/bitstreams/ursa_vanilla_8x8_acc20_hybrid_tmr.proj/ursa_vanilla_8x8_acc20_hybrid_tmr.gen/sources_1/bd/ursa_vanilla_tmr_hybrid/synth/ursa_vanilla_tmr_hybrid.v:252]
WARNING: [Synth 8-7071] port 'm_axi_arprot' of module 'ursa_vanilla_tmr_hybrid_auto_pc_0' is unconnected for instance 'auto_pc' [/home/ulisses/Projects/ursa/exp/output-stationary/bitstreams/ursa_vanilla_8x8_acc20_hybrid_tmr.proj/ursa_vanilla_8x8_acc20_hybrid_tmr.gen/sources_1/bd/ursa_vanilla_tmr_hybrid/synth/ursa_vanilla_tmr_hybrid.v:252]
WARNING: [Synth 8-7023] instance 'auto_pc' of module 'ursa_vanilla_tmr_hybrid_auto_pc_0' has 60 connections declared, but only 58 given [/home/ulisses/Projects/ursa/exp/output-stationary/bitstreams/ursa_vanilla_8x8_acc20_hybrid_tmr.proj/ursa_vanilla_8x8_acc20_hybrid_tmr.gen/sources_1/bd/ursa_vanilla_tmr_hybrid/synth/ursa_vanilla_tmr_hybrid.v:252]
INFO: [Synth 8-6155] done synthesizing module 'm00_couplers_imp_1B76JEW' (0#1) [/home/ulisses/Projects/ursa/exp/output-stationary/bitstreams/ursa_vanilla_8x8_acc20_hybrid_tmr.proj/ursa_vanilla_8x8_acc20_hybrid_tmr.gen/sources_1/bd/ursa_vanilla_tmr_hybrid/synth/ursa_vanilla_tmr_hybrid.v:13]
INFO: [Synth 8-6157] synthesizing module 'm01_couplers_imp_17JJZNF' [/home/ulisses/Projects/ursa/exp/output-stationary/bitstreams/ursa_vanilla_8x8_acc20_hybrid_tmr.proj/ursa_vanilla_8x8_acc20_hybrid_tmr.gen/sources_1/bd/ursa_vanilla_tmr_hybrid/synth/ursa_vanilla_tmr_hybrid.v:976]
INFO: [Synth 8-6157] synthesizing module 'ursa_vanilla_tmr_hybrid_auto_pc_1' [/home/ulisses/Projects/ursa/exp/output-stationary/bitstreams/ursa_vanilla_8x8_acc20_hybrid_tmr.proj/ursa_vanilla_8x8_acc20_hybrid_tmr.runs/synth_1/.Xil/Vivado-886495-pc626690/realtime/ursa_vanilla_tmr_hybrid_auto_pc_1_stub.v:6]
INFO: [Synth 8-6155] done synthesizing module 'ursa_vanilla_tmr_hybrid_auto_pc_1' (0#1) [/home/ulisses/Projects/ursa/exp/output-stationary/bitstreams/ursa_vanilla_8x8_acc20_hybrid_tmr.proj/ursa_vanilla_8x8_acc20_hybrid_tmr.runs/synth_1/.Xil/Vivado-886495-pc626690/realtime/ursa_vanilla_tmr_hybrid_auto_pc_1_stub.v:6]
WARNING: [Synth 8-7071] port 'm_axi_awprot' of module 'ursa_vanilla_tmr_hybrid_auto_pc_1' is unconnected for instance 'auto_pc' [/home/ulisses/Projects/ursa/exp/output-stationary/bitstreams/ursa_vanilla_8x8_acc20_hybrid_tmr.proj/ursa_vanilla_8x8_acc20_hybrid_tmr.gen/sources_1/bd/ursa_vanilla_tmr_hybrid/synth/ursa_vanilla_tmr_hybrid.v:1215]
WARNING: [Synth 8-7071] port 'm_axi_arprot' of module 'ursa_vanilla_tmr_hybrid_auto_pc_1' is unconnected for instance 'auto_pc' [/home/ulisses/Projects/ursa/exp/output-stationary/bitstreams/ursa_vanilla_8x8_acc20_hybrid_tmr.proj/ursa_vanilla_8x8_acc20_hybrid_tmr.gen/sources_1/bd/ursa_vanilla_tmr_hybrid/synth/ursa_vanilla_tmr_hybrid.v:1215]
WARNING: [Synth 8-7023] instance 'auto_pc' of module 'ursa_vanilla_tmr_hybrid_auto_pc_1' has 60 connections declared, but only 58 given [/home/ulisses/Projects/ursa/exp/output-stationary/bitstreams/ursa_vanilla_8x8_acc20_hybrid_tmr.proj/ursa_vanilla_8x8_acc20_hybrid_tmr.gen/sources_1/bd/ursa_vanilla_tmr_hybrid/synth/ursa_vanilla_tmr_hybrid.v:1215]
INFO: [Synth 8-6155] done synthesizing module 'm01_couplers_imp_17JJZNF' (0#1) [/home/ulisses/Projects/ursa/exp/output-stationary/bitstreams/ursa_vanilla_8x8_acc20_hybrid_tmr.proj/ursa_vanilla_8x8_acc20_hybrid_tmr.gen/sources_1/bd/ursa_vanilla_tmr_hybrid/synth/ursa_vanilla_tmr_hybrid.v:976]
INFO: [Synth 8-6157] synthesizing module 'm02_couplers_imp_1JHH0RY' [/home/ulisses/Projects/ursa/exp/output-stationary/bitstreams/ursa_vanilla_8x8_acc20_hybrid_tmr.proj/ursa_vanilla_8x8_acc20_hybrid_tmr.gen/sources_1/bd/ursa_vanilla_tmr_hybrid/synth/ursa_vanilla_tmr_hybrid.v:1276]
INFO: [Synth 8-6155] done synthesizing module 'm02_couplers_imp_1JHH0RY' (0#1) [/home/ulisses/Projects/ursa/exp/output-stationary/bitstreams/ursa_vanilla_8x8_acc20_hybrid_tmr.proj/ursa_vanilla_8x8_acc20_hybrid_tmr.gen/sources_1/bd/ursa_vanilla_tmr_hybrid/synth/ursa_vanilla_tmr_hybrid.v:1276]
INFO: [Synth 8-6157] synthesizing module 's00_couplers_imp_1R3ZRP1' [/home/ulisses/Projects/ursa/exp/output-stationary/bitstreams/ursa_vanilla_8x8_acc20_hybrid_tmr.proj/ursa_vanilla_8x8_acc20_hybrid_tmr.gen/sources_1/bd/ursa_vanilla_tmr_hybrid/synth/ursa_vanilla_tmr_hybrid.v:1548]
INFO: [Synth 8-6157] synthesizing module 'ursa_vanilla_tmr_hybrid_auto_pc_2' [/home/ulisses/Projects/ursa/exp/output-stationary/bitstreams/ursa_vanilla_8x8_acc20_hybrid_tmr.proj/ursa_vanilla_8x8_acc20_hybrid_tmr.runs/synth_1/.Xil/Vivado-886495-pc626690/realtime/ursa_vanilla_tmr_hybrid_auto_pc_2_stub.v:6]
INFO: [Synth 8-6155] done synthesizing module 'ursa_vanilla_tmr_hybrid_auto_pc_2' (0#1) [/home/ulisses/Projects/ursa/exp/output-stationary/bitstreams/ursa_vanilla_8x8_acc20_hybrid_tmr.proj/ursa_vanilla_8x8_acc20_hybrid_tmr.runs/synth_1/.Xil/Vivado-886495-pc626690/realtime/ursa_vanilla_tmr_hybrid_auto_pc_2_stub.v:6]
WARNING: [Synth 8-7071] port 'm_axi_awregion' of module 'ursa_vanilla_tmr_hybrid_auto_pc_2' is unconnected for instance 'auto_pc' [/home/ulisses/Projects/ursa/exp/output-stationary/bitstreams/ursa_vanilla_8x8_acc20_hybrid_tmr.proj/ursa_vanilla_8x8_acc20_hybrid_tmr.gen/sources_1/bd/ursa_vanilla_tmr_hybrid/synth/ursa_vanilla_tmr_hybrid.v:1863]
WARNING: [Synth 8-7071] port 'm_axi_arregion' of module 'ursa_vanilla_tmr_hybrid_auto_pc_2' is unconnected for instance 'auto_pc' [/home/ulisses/Projects/ursa/exp/output-stationary/bitstreams/ursa_vanilla_8x8_acc20_hybrid_tmr.proj/ursa_vanilla_8x8_acc20_hybrid_tmr.gen/sources_1/bd/ursa_vanilla_tmr_hybrid/synth/ursa_vanilla_tmr_hybrid.v:1863]
WARNING: [Synth 8-7023] instance 'auto_pc' of module 'ursa_vanilla_tmr_hybrid_auto_pc_2' has 79 connections declared, but only 77 given [/home/ulisses/Projects/ursa/exp/output-stationary/bitstreams/ursa_vanilla_8x8_acc20_hybrid_tmr.proj/ursa_vanilla_8x8_acc20_hybrid_tmr.gen/sources_1/bd/ursa_vanilla_tmr_hybrid/synth/ursa_vanilla_tmr_hybrid.v:1863]
INFO: [Synth 8-6155] done synthesizing module 's00_couplers_imp_1R3ZRP1' (0#1) [/home/ulisses/Projects/ursa/exp/output-stationary/bitstreams/ursa_vanilla_8x8_acc20_hybrid_tmr.proj/ursa_vanilla_8x8_acc20_hybrid_tmr.gen/sources_1/bd/ursa_vanilla_tmr_hybrid/synth/ursa_vanilla_tmr_hybrid.v:1548]
INFO: [Synth 8-6157] synthesizing module 'ursa_vanilla_tmr_hybrid_xbar_0' [/home/ulisses/Projects/ursa/exp/output-stationary/bitstreams/ursa_vanilla_8x8_acc20_hybrid_tmr.proj/ursa_vanilla_8x8_acc20_hybrid_tmr.runs/synth_1/.Xil/Vivado-886495-pc626690/realtime/ursa_vanilla_tmr_hybrid_xbar_0_stub.v:6]
INFO: [Synth 8-6155] done synthesizing module 'ursa_vanilla_tmr_hybrid_xbar_0' (0#1) [/home/ulisses/Projects/ursa/exp/output-stationary/bitstreams/ursa_vanilla_8x8_acc20_hybrid_tmr.proj/ursa_vanilla_8x8_acc20_hybrid_tmr.runs/synth_1/.Xil/Vivado-886495-pc626690/realtime/ursa_vanilla_tmr_hybrid_xbar_0_stub.v:6]
WARNING: [Synth 8-689] width (8) of port connection 'm_axi_arregion' does not match port width (12) of module 'ursa_vanilla_tmr_hybrid_xbar_0' [/home/ulisses/Projects/ursa/exp/output-stationary/bitstreams/ursa_vanilla_8x8_acc20_hybrid_tmr.proj/ursa_vanilla_8x8_acc20_hybrid_tmr.gen/sources_1/bd/ursa_vanilla_tmr_hybrid/synth/ursa_vanilla_tmr_hybrid.v:6055]
WARNING: [Synth 8-689] width (8) of port connection 'm_axi_awregion' does not match port width (12) of module 'ursa_vanilla_tmr_hybrid_xbar_0' [/home/ulisses/Projects/ursa/exp/output-stationary/bitstreams/ursa_vanilla_8x8_acc20_hybrid_tmr.proj/ursa_vanilla_8x8_acc20_hybrid_tmr.gen/sources_1/bd/ursa_vanilla_tmr_hybrid/synth/ursa_vanilla_tmr_hybrid.v:6067]
INFO: [Synth 8-6155] done synthesizing module 'ursa_vanilla_tmr_hybrid_axi_interconnect_0_0' (0#1) [/home/ulisses/Projects/ursa/exp/output-stationary/bitstreams/ursa_vanilla_8x8_acc20_hybrid_tmr.proj/ursa_vanilla_8x8_acc20_hybrid_tmr.gen/sources_1/bd/ursa_vanilla_tmr_hybrid/synth/ursa_vanilla_tmr_hybrid.v:5147]
INFO: [Synth 8-6157] synthesizing module 'ursa_vanilla_tmr_hybrid_axi_interconnect_1_0' [/home/ulisses/Projects/ursa/exp/output-stationary/bitstreams/ursa_vanilla_8x8_acc20_hybrid_tmr.proj/ursa_vanilla_8x8_acc20_hybrid_tmr.gen/sources_1/bd/ursa_vanilla_tmr_hybrid/synth/ursa_vanilla_tmr_hybrid.v:6124]
INFO: [Synth 8-6157] synthesizing module 'm00_couplers_imp_BWQSBB' [/home/ulisses/Projects/ursa/exp/output-stationary/bitstreams/ursa_vanilla_8x8_acc20_hybrid_tmr.proj/ursa_vanilla_8x8_acc20_hybrid_tmr.gen/sources_1/bd/ursa_vanilla_tmr_hybrid/synth/ursa_vanilla_tmr_hybrid.v:313]
INFO: [Synth 8-6155] done synthesizing module 'm00_couplers_imp_BWQSBB' (0#1) [/home/ulisses/Projects/ursa/exp/output-stationary/bitstreams/ursa_vanilla_8x8_acc20_hybrid_tmr.proj/ursa_vanilla_8x8_acc20_hybrid_tmr.gen/sources_1/bd/ursa_vanilla_tmr_hybrid/synth/ursa_vanilla_tmr_hybrid.v:313]
INFO: [Synth 8-6157] synthesizing module 's00_couplers_imp_RM2416' [/home/ulisses/Projects/ursa/exp/output-stationary/bitstreams/ursa_vanilla_8x8_acc20_hybrid_tmr.proj/ursa_vanilla_8x8_acc20_hybrid_tmr.gen/sources_1/bd/ursa_vanilla_tmr_hybrid/synth/ursa_vanilla_tmr_hybrid.v:2124]
INFO: [Synth 8-6155] done synthesizing module 's00_couplers_imp_RM2416' (0#1) [/home/ulisses/Projects/ursa/exp/output-stationary/bitstreams/ursa_vanilla_8x8_acc20_hybrid_tmr.proj/ursa_vanilla_8x8_acc20_hybrid_tmr.gen/sources_1/bd/ursa_vanilla_tmr_hybrid/synth/ursa_vanilla_tmr_hybrid.v:2124]
INFO: [Synth 8-6157] synthesizing module 's01_couplers_imp_NPNIFT' [/home/ulisses/Projects/ursa/exp/output-stationary/bitstreams/ursa_vanilla_8x8_acc20_hybrid_tmr.proj/ursa_vanilla_8x8_acc20_hybrid_tmr.gen/sources_1/bd/ursa_vanilla_tmr_hybrid/synth/ursa_vanilla_tmr_hybrid.v:2607]
INFO: [Synth 8-6155] done synthesizing module 's01_couplers_imp_NPNIFT' (0#1) [/home/ulisses/Projects/ursa/exp/output-stationary/bitstreams/ursa_vanilla_8x8_acc20_hybrid_tmr.proj/ursa_vanilla_8x8_acc20_hybrid_tmr.gen/sources_1/bd/ursa_vanilla_tmr_hybrid/synth/ursa_vanilla_tmr_hybrid.v:2607]
INFO: [Synth 8-6157] synthesizing module 'ursa_vanilla_tmr_hybrid_xbar_1' [/home/ulisses/Projects/ursa/exp/output-stationary/bitstreams/ursa_vanilla_8x8_acc20_hybrid_tmr.proj/ursa_vanilla_8x8_acc20_hybrid_tmr.runs/synth_1/.Xil/Vivado-886495-pc626690/realtime/ursa_vanilla_tmr_hybrid_xbar_1_stub.v:6]
INFO: [Synth 8-6155] done synthesizing module 'ursa_vanilla_tmr_hybrid_xbar_1' (0#1) [/home/ulisses/Projects/ursa/exp/output-stationary/bitstreams/ursa_vanilla_8x8_acc20_hybrid_tmr.proj/ursa_vanilla_8x8_acc20_hybrid_tmr.runs/synth_1/.Xil/Vivado-886495-pc626690/realtime/ursa_vanilla_tmr_hybrid_xbar_1_stub.v:6]
WARNING: [Synth 8-7071] port 'm_axi_awregion' of module 'ursa_vanilla_tmr_hybrid_xbar_1' is unconnected for instance 'xbar' [/home/ulisses/Projects/ursa/exp/output-stationary/bitstreams/ursa_vanilla_8x8_acc20_hybrid_tmr.proj/ursa_vanilla_8x8_acc20_hybrid_tmr.gen/sources_1/bd/ursa_vanilla_tmr_hybrid/synth/ursa_vanilla_tmr_hybrid.v:6925]
WARNING: [Synth 8-7071] port 'm_axi_awqos' of module 'ursa_vanilla_tmr_hybrid_xbar_1' is unconnected for instance 'xbar' [/home/ulisses/Projects/ursa/exp/output-stationary/bitstreams/ursa_vanilla_8x8_acc20_hybrid_tmr.proj/ursa_vanilla_8x8_acc20_hybrid_tmr.gen/sources_1/bd/ursa_vanilla_tmr_hybrid/synth/ursa_vanilla_tmr_hybrid.v:6925]
WARNING: [Synth 8-7071] port 'm_axi_arregion' of module 'ursa_vanilla_tmr_hybrid_xbar_1' is unconnected for instance 'xbar' [/home/ulisses/Projects/ursa/exp/output-stationary/bitstreams/ursa_vanilla_8x8_acc20_hybrid_tmr.proj/ursa_vanilla_8x8_acc20_hybrid_tmr.gen/sources_1/bd/ursa_vanilla_tmr_hybrid/synth/ursa_vanilla_tmr_hybrid.v:6925]
WARNING: [Synth 8-7071] port 'm_axi_arqos' of module 'ursa_vanilla_tmr_hybrid_xbar_1' is unconnected for instance 'xbar' [/home/ulisses/Projects/ursa/exp/output-stationary/bitstreams/ursa_vanilla_8x8_acc20_hybrid_tmr.proj/ursa_vanilla_8x8_acc20_hybrid_tmr.gen/sources_1/bd/ursa_vanilla_tmr_hybrid/synth/ursa_vanilla_tmr_hybrid.v:6925]
WARNING: [Synth 8-7023] instance 'xbar' of module 'ursa_vanilla_tmr_hybrid_xbar_1' has 78 connections declared, but only 74 given [/home/ulisses/Projects/ursa/exp/output-stationary/bitstreams/ursa_vanilla_8x8_acc20_hybrid_tmr.proj/ursa_vanilla_8x8_acc20_hybrid_tmr.gen/sources_1/bd/ursa_vanilla_tmr_hybrid/synth/ursa_vanilla_tmr_hybrid.v:6925]
INFO: [Synth 8-6155] done synthesizing module 'ursa_vanilla_tmr_hybrid_axi_interconnect_1_0' (0#1) [/home/ulisses/Projects/ursa/exp/output-stationary/bitstreams/ursa_vanilla_8x8_acc20_hybrid_tmr.proj/ursa_vanilla_8x8_acc20_hybrid_tmr.gen/sources_1/bd/ursa_vanilla_tmr_hybrid/synth/ursa_vanilla_tmr_hybrid.v:6124]
INFO: [Synth 8-6157] synthesizing module 'ursa_vanilla_tmr_hybrid_axi_interconnect_2_0' [/home/ulisses/Projects/ursa/exp/output-stationary/bitstreams/ursa_vanilla_8x8_acc20_hybrid_tmr.proj/ursa_vanilla_8x8_acc20_hybrid_tmr.gen/sources_1/bd/ursa_vanilla_tmr_hybrid/synth/ursa_vanilla_tmr_hybrid.v:7002]
INFO: [Synth 8-6157] synthesizing module 'm00_couplers_imp_V88LH3' [/home/ulisses/Projects/ursa/exp/output-stationary/bitstreams/ursa_vanilla_8x8_acc20_hybrid_tmr.proj/ursa_vanilla_8x8_acc20_hybrid_tmr.gen/sources_1/bd/ursa_vanilla_tmr_hybrid/synth/ursa_vanilla_tmr_hybrid.v:571]
INFO: [Synth 8-6157] synthesizing module 'ursa_vanilla_tmr_hybrid_auto_pc_3' [/home/ulisses/Projects/ursa/exp/output-stationary/bitstreams/ursa_vanilla_8x8_acc20_hybrid_tmr.proj/ursa_vanilla_8x8_acc20_hybrid_tmr.runs/synth_1/.Xil/Vivado-886495-pc626690/realtime/ursa_vanilla_tmr_hybrid_auto_pc_3_stub.v:6]
INFO: [Synth 8-6155] done synthesizing module 'ursa_vanilla_tmr_hybrid_auto_pc_3' (0#1) [/home/ulisses/Projects/ursa/exp/output-stationary/bitstreams/ursa_vanilla_8x8_acc20_hybrid_tmr.proj/ursa_vanilla_8x8_acc20_hybrid_tmr.runs/synth_1/.Xil/Vivado-886495-pc626690/realtime/ursa_vanilla_tmr_hybrid_auto_pc_3_stub.v:6]
INFO: [Synth 8-6155] done synthesizing module 'm00_couplers_imp_V88LH3' (0#1) [/home/ulisses/Projects/ursa/exp/output-stationary/bitstreams/ursa_vanilla_8x8_acc20_hybrid_tmr.proj/ursa_vanilla_8x8_acc20_hybrid_tmr.gen/sources_1/bd/ursa_vanilla_tmr_hybrid/synth/ursa_vanilla_tmr_hybrid.v:571]
INFO: [Synth 8-6157] synthesizing module 's00_couplers_imp_G2BDZE' [/home/ulisses/Projects/ursa/exp/output-stationary/bitstreams/ursa_vanilla_8x8_acc20_hybrid_tmr.proj/ursa_vanilla_8x8_acc20_hybrid_tmr.gen/sources_1/bd/ursa_vanilla_tmr_hybrid/synth/ursa_vanilla_tmr_hybrid.v:1943]
INFO: [Synth 8-6157] synthesizing module 'ursa_vanilla_tmr_hybrid_auto_us_0' [/home/ulisses/Projects/ursa/exp/output-stationary/bitstreams/ursa_vanilla_8x8_acc20_hybrid_tmr.proj/ursa_vanilla_8x8_acc20_hybrid_tmr.runs/synth_1/.Xil/Vivado-886495-pc626690/realtime/ursa_vanilla_tmr_hybrid_auto_us_0_stub.v:6]
INFO: [Synth 8-6155] done synthesizing module 'ursa_vanilla_tmr_hybrid_auto_us_0' (0#1) [/home/ulisses/Projects/ursa/exp/output-stationary/bitstreams/ursa_vanilla_8x8_acc20_hybrid_tmr.proj/ursa_vanilla_8x8_acc20_hybrid_tmr.runs/synth_1/.Xil/Vivado-886495-pc626690/realtime/ursa_vanilla_tmr_hybrid_auto_us_0_stub.v:6]
WARNING: [Synth 8-7071] port 'm_axi_arregion' of module 'ursa_vanilla_tmr_hybrid_auto_us_0' is unconnected for instance 'auto_us' [/home/ulisses/Projects/ursa/exp/output-stationary/bitstreams/ursa_vanilla_8x8_acc20_hybrid_tmr.proj/ursa_vanilla_8x8_acc20_hybrid_tmr.gen/sources_1/bd/ursa_vanilla_tmr_hybrid/synth/ursa_vanilla_tmr_hybrid.v:2086]
WARNING: [Synth 8-7023] instance 'auto_us' of module 'ursa_vanilla_tmr_hybrid_auto_us_0' has 36 connections declared, but only 35 given [/home/ulisses/Projects/ursa/exp/output-stationary/bitstreams/ursa_vanilla_8x8_acc20_hybrid_tmr.proj/ursa_vanilla_8x8_acc20_hybrid_tmr.gen/sources_1/bd/ursa_vanilla_tmr_hybrid/synth/ursa_vanilla_tmr_hybrid.v:2086]
INFO: [Synth 8-6155] done synthesizing module 's00_couplers_imp_G2BDZE' (0#1) [/home/ulisses/Projects/ursa/exp/output-stationary/bitstreams/ursa_vanilla_8x8_acc20_hybrid_tmr.proj/ursa_vanilla_8x8_acc20_hybrid_tmr.gen/sources_1/bd/ursa_vanilla_tmr_hybrid/synth/ursa_vanilla_tmr_hybrid.v:1943]
INFO: [Synth 8-6157] synthesizing module 's01_couplers_imp_46QAGP' [/home/ulisses/Projects/ursa/exp/output-stationary/bitstreams/ursa_vanilla_8x8_acc20_hybrid_tmr.proj/ursa_vanilla_8x8_acc20_hybrid_tmr.gen/sources_1/bd/ursa_vanilla_tmr_hybrid/synth/ursa_vanilla_tmr_hybrid.v:2396]
INFO: [Synth 8-6157] synthesizing module 'ursa_vanilla_tmr_hybrid_auto_us_1' [/home/ulisses/Projects/ursa/exp/output-stationary/bitstreams/ursa_vanilla_8x8_acc20_hybrid_tmr.proj/ursa_vanilla_8x8_acc20_hybrid_tmr.runs/synth_1/.Xil/Vivado-886495-pc626690/realtime/ursa_vanilla_tmr_hybrid_auto_us_1_stub.v:6]
INFO: [Synth 8-6155] done synthesizing module 'ursa_vanilla_tmr_hybrid_auto_us_1' (0#1) [/home/ulisses/Projects/ursa/exp/output-stationary/bitstreams/ursa_vanilla_8x8_acc20_hybrid_tmr.proj/ursa_vanilla_8x8_acc20_hybrid_tmr.runs/synth_1/.Xil/Vivado-886495-pc626690/realtime/ursa_vanilla_tmr_hybrid_auto_us_1_stub.v:6]
WARNING: [Synth 8-7071] port 'm_axi_awregion' of module 'ursa_vanilla_tmr_hybrid_auto_us_1' is unconnected for instance 'auto_us' [/home/ulisses/Projects/ursa/exp/output-stationary/bitstreams/ursa_vanilla_8x8_acc20_hybrid_tmr.proj/ursa_vanilla_8x8_acc20_hybrid_tmr.gen/sources_1/bd/ursa_vanilla_tmr_hybrid/synth/ursa_vanilla_tmr_hybrid.v:2563]
WARNING: [Synth 8-7023] instance 'auto_us' of module 'ursa_vanilla_tmr_hybrid_auto_us_1' has 42 connections declared, but only 41 given [/home/ulisses/Projects/ursa/exp/output-stationary/bitstreams/ursa_vanilla_8x8_acc20_hybrid_tmr.proj/ursa_vanilla_8x8_acc20_hybrid_tmr.gen/sources_1/bd/ursa_vanilla_tmr_hybrid/synth/ursa_vanilla_tmr_hybrid.v:2563]
INFO: [Synth 8-6155] done synthesizing module 's01_couplers_imp_46QAGP' (0#1) [/home/ulisses/Projects/ursa/exp/output-stationary/bitstreams/ursa_vanilla_8x8_acc20_hybrid_tmr.proj/ursa_vanilla_8x8_acc20_hybrid_tmr.gen/sources_1/bd/ursa_vanilla_tmr_hybrid/synth/ursa_vanilla_tmr_hybrid.v:2396]
INFO: [Synth 8-6157] synthesizing module 'ursa_vanilla_tmr_hybrid_xbar_2' [/home/ulisses/Projects/ursa/exp/output-stationary/bitstreams/ursa_vanilla_8x8_acc20_hybrid_tmr.proj/ursa_vanilla_8x8_acc20_hybrid_tmr.runs/synth_1/.Xil/Vivado-886495-pc626690/realtime/ursa_vanilla_tmr_hybrid_xbar_2_stub.v:6]
INFO: [Synth 8-6155] done synthesizing module 'ursa_vanilla_tmr_hybrid_xbar_2' (0#1) [/home/ulisses/Projects/ursa/exp/output-stationary/bitstreams/ursa_vanilla_8x8_acc20_hybrid_tmr.proj/ursa_vanilla_8x8_acc20_hybrid_tmr.runs/synth_1/.Xil/Vivado-886495-pc626690/realtime/ursa_vanilla_tmr_hybrid_xbar_2_stub.v:6]
WARNING: [Synth 8-689] width (1) of port connection 's_axi_arready' does not match port width (2) of module 'ursa_vanilla_tmr_hybrid_xbar_2' [/home/ulisses/Projects/ursa/exp/output-stationary/bitstreams/ursa_vanilla_8x8_acc20_hybrid_tmr.proj/ursa_vanilla_8x8_acc20_hybrid_tmr.gen/sources_1/bd/ursa_vanilla_tmr_hybrid/synth/ursa_vanilla_tmr_hybrid.v:7613]
WARNING: [Synth 8-689] width (64) of port connection 's_axi_rdata' does not match port width (128) of module 'ursa_vanilla_tmr_hybrid_xbar_2' [/home/ulisses/Projects/ursa/exp/output-stationary/bitstreams/ursa_vanilla_8x8_acc20_hybrid_tmr.proj/ursa_vanilla_8x8_acc20_hybrid_tmr.gen/sources_1/bd/ursa_vanilla_tmr_hybrid/synth/ursa_vanilla_tmr_hybrid.v:7630]
WARNING: [Synth 8-689] width (1) of port connection 's_axi_rlast' does not match port width (2) of module 'ursa_vanilla_tmr_hybrid_xbar_2' [/home/ulisses/Projects/ursa/exp/output-stationary/bitstreams/ursa_vanilla_8x8_acc20_hybrid_tmr.proj/ursa_vanilla_8x8_acc20_hybrid_tmr.gen/sources_1/bd/ursa_vanilla_tmr_hybrid/synth/ursa_vanilla_tmr_hybrid.v:7631]
WARNING: [Synth 8-689] width (2) of port connection 's_axi_rresp' does not match port width (4) of module 'ursa_vanilla_tmr_hybrid_xbar_2' [/home/ulisses/Projects/ursa/exp/output-stationary/bitstreams/ursa_vanilla_8x8_acc20_hybrid_tmr.proj/ursa_vanilla_8x8_acc20_hybrid_tmr.gen/sources_1/bd/ursa_vanilla_tmr_hybrid/synth/ursa_vanilla_tmr_hybrid.v:7633]
WARNING: [Synth 8-689] width (1) of port connection 's_axi_rvalid' does not match port width (2) of module 'ursa_vanilla_tmr_hybrid_xbar_2' [/home/ulisses/Projects/ursa/exp/output-stationary/bitstreams/ursa_vanilla_8x8_acc20_hybrid_tmr.proj/ursa_vanilla_8x8_acc20_hybrid_tmr.gen/sources_1/bd/ursa_vanilla_tmr_hybrid/synth/ursa_vanilla_tmr_hybrid.v:7634]
WARNING: [Synth 8-7071] port 's_axi_bid' of module 'ursa_vanilla_tmr_hybrid_xbar_2' is unconnected for instance 'xbar' [/home/ulisses/Projects/ursa/exp/output-stationary/bitstreams/ursa_vanilla_8x8_acc20_hybrid_tmr.proj/ursa_vanilla_8x8_acc20_hybrid_tmr.gen/sources_1/bd/ursa_vanilla_tmr_hybrid/synth/ursa_vanilla_tmr_hybrid.v:7563]
WARNING: [Synth 8-7071] port 's_axi_rid' of module 'ursa_vanilla_tmr_hybrid_xbar_2' is unconnected for instance 'xbar' [/home/ulisses/Projects/ursa/exp/output-stationary/bitstreams/ursa_vanilla_8x8_acc20_hybrid_tmr.proj/ursa_vanilla_8x8_acc20_hybrid_tmr.gen/sources_1/bd/ursa_vanilla_tmr_hybrid/synth/ursa_vanilla_tmr_hybrid.v:7563]
WARNING: [Synth 8-7023] instance 'xbar' of module 'ursa_vanilla_tmr_hybrid_xbar_2' has 78 connections declared, but only 76 given [/home/ulisses/Projects/ursa/exp/output-stationary/bitstreams/ursa_vanilla_8x8_acc20_hybrid_tmr.proj/ursa_vanilla_8x8_acc20_hybrid_tmr.gen/sources_1/bd/ursa_vanilla_tmr_hybrid/synth/ursa_vanilla_tmr_hybrid.v:7563]
INFO: [Synth 8-6155] done synthesizing module 'ursa_vanilla_tmr_hybrid_axi_interconnect_2_0' (0#1) [/home/ulisses/Projects/ursa/exp/output-stationary/bitstreams/ursa_vanilla_8x8_acc20_hybrid_tmr.proj/ursa_vanilla_8x8_acc20_hybrid_tmr.gen/sources_1/bd/ursa_vanilla_tmr_hybrid/synth/ursa_vanilla_tmr_hybrid.v:7002]
INFO: [Synth 8-6157] synthesizing module 'ursa_vanilla_tmr_hybrid_blk_mem_gen_0_0' [/home/ulisses/Projects/ursa/exp/output-stationary/bitstreams/ursa_vanilla_8x8_acc20_hybrid_tmr.proj/ursa_vanilla_8x8_acc20_hybrid_tmr.runs/synth_1/.Xil/Vivado-886495-pc626690/realtime/ursa_vanilla_tmr_hybrid_blk_mem_gen_0_0_stub.v:6]
INFO: [Synth 8-6155] done synthesizing module 'ursa_vanilla_tmr_hybrid_blk_mem_gen_0_0' (0#1) [/home/ulisses/Projects/ursa/exp/output-stationary/bitstreams/ursa_vanilla_8x8_acc20_hybrid_tmr.proj/ursa_vanilla_8x8_acc20_hybrid_tmr.runs/synth_1/.Xil/Vivado-886495-pc626690/realtime/ursa_vanilla_tmr_hybrid_blk_mem_gen_0_0_stub.v:6]
WARNING: [Synth 8-7071] port 'rsta_busy' of module 'ursa_vanilla_tmr_hybrid_blk_mem_gen_0_0' is unconnected for instance 'blk_mem_gen_0' [/home/ulisses/Projects/ursa/exp/output-stationary/bitstreams/ursa_vanilla_8x8_acc20_hybrid_tmr.proj/ursa_vanilla_8x8_acc20_hybrid_tmr.gen/sources_1/bd/ursa_vanilla_tmr_hybrid/synth/ursa_vanilla_tmr_hybrid.v:4016]
WARNING: [Synth 8-7023] instance 'blk_mem_gen_0' of module 'ursa_vanilla_tmr_hybrid_blk_mem_gen_0_0' has 8 connections declared, but only 7 given [/home/ulisses/Projects/ursa/exp/output-stationary/bitstreams/ursa_vanilla_8x8_acc20_hybrid_tmr.proj/ursa_vanilla_8x8_acc20_hybrid_tmr.gen/sources_1/bd/ursa_vanilla_tmr_hybrid/synth/ursa_vanilla_tmr_hybrid.v:4016]
INFO: [Synth 8-6157] synthesizing module 'ursa_vanilla_tmr_hybrid_mxm_execute_ursa_0_0' [/home/ulisses/Projects/ursa/exp/output-stationary/bitstreams/ursa_vanilla_8x8_acc20_hybrid_tmr.proj/ursa_vanilla_8x8_acc20_hybrid_tmr.runs/synth_1/.Xil/Vivado-886495-pc626690/realtime/ursa_vanilla_tmr_hybrid_mxm_execute_ursa_0_0_stub.v:6]
INFO: [Synth 8-6155] done synthesizing module 'ursa_vanilla_tmr_hybrid_mxm_execute_ursa_0_0' (0#1) [/home/ulisses/Projects/ursa/exp/output-stationary/bitstreams/ursa_vanilla_8x8_acc20_hybrid_tmr.proj/ursa_vanilla_8x8_acc20_hybrid_tmr.runs/synth_1/.Xil/Vivado-886495-pc626690/realtime/ursa_vanilla_tmr_hybrid_mxm_execute_ursa_0_0_stub.v:6]
WARNING: [Synth 8-7071] port 'interrupt' of module 'ursa_vanilla_tmr_hybrid_mxm_execute_ursa_0_0' is unconnected for instance 'mxm_execute_ursa_0' [/home/ulisses/Projects/ursa/exp/output-stationary/bitstreams/ursa_vanilla_8x8_acc20_hybrid_tmr.proj/ursa_vanilla_8x8_acc20_hybrid_tmr.gen/sources_1/bd/ursa_vanilla_tmr_hybrid/synth/ursa_vanilla_tmr_hybrid.v:4024]
WARNING: [Synth 8-7071] port 'm_axi_aw_AWREGION' of module 'ursa_vanilla_tmr_hybrid_mxm_execute_ursa_0_0' is unconnected for instance 'mxm_execute_ursa_0' [/home/ulisses/Projects/ursa/exp/output-stationary/bitstreams/ursa_vanilla_8x8_acc20_hybrid_tmr.proj/ursa_vanilla_8x8_acc20_hybrid_tmr.gen/sources_1/bd/ursa_vanilla_tmr_hybrid/synth/ursa_vanilla_tmr_hybrid.v:4024]
WARNING: [Synth 8-7071] port 'm_axi_aw_WID' of module 'ursa_vanilla_tmr_hybrid_mxm_execute_ursa_0_0' is unconnected for instance 'mxm_execute_ursa_0' [/home/ulisses/Projects/ursa/exp/output-stationary/bitstreams/ursa_vanilla_8x8_acc20_hybrid_tmr.proj/ursa_vanilla_8x8_acc20_hybrid_tmr.gen/sources_1/bd/ursa_vanilla_tmr_hybrid/synth/ursa_vanilla_tmr_hybrid.v:4024]
WARNING: [Synth 8-7071] port 'm_axi_aw_ARREGION' of module 'ursa_vanilla_tmr_hybrid_mxm_execute_ursa_0_0' is unconnected for instance 'mxm_execute_ursa_0' [/home/ulisses/Projects/ursa/exp/output-stationary/bitstreams/ursa_vanilla_8x8_acc20_hybrid_tmr.proj/ursa_vanilla_8x8_acc20_hybrid_tmr.gen/sources_1/bd/ursa_vanilla_tmr_hybrid/synth/ursa_vanilla_tmr_hybrid.v:4024]
WARNING: [Synth 8-7071] port 'm_axi_bi_AWREGION' of module 'ursa_vanilla_tmr_hybrid_mxm_execute_ursa_0_0' is unconnected for instance 'mxm_execute_ursa_0' [/home/ulisses/Projects/ursa/exp/output-stationary/bitstreams/ursa_vanilla_8x8_acc20_hybrid_tmr.proj/ursa_vanilla_8x8_acc20_hybrid_tmr.gen/sources_1/bd/ursa_vanilla_tmr_hybrid/synth/ursa_vanilla_tmr_hybrid.v:4024]
WARNING: [Synth 8-7071] port 'm_axi_bi_WID' of module 'ursa_vanilla_tmr_hybrid_mxm_execute_ursa_0_0' is unconnected for instance 'mxm_execute_ursa_0' [/home/ulisses/Projects/ursa/exp/output-stationary/bitstreams/ursa_vanilla_8x8_acc20_hybrid_tmr.proj/ursa_vanilla_8x8_acc20_hybrid_tmr.gen/sources_1/bd/ursa_vanilla_tmr_hybrid/synth/ursa_vanilla_tmr_hybrid.v:4024]
WARNING: [Synth 8-7071] port 'm_axi_bi_ARREGION' of module 'ursa_vanilla_tmr_hybrid_mxm_execute_ursa_0_0' is unconnected for instance 'mxm_execute_ursa_0' [/home/ulisses/Projects/ursa/exp/output-stationary/bitstreams/ursa_vanilla_8x8_acc20_hybrid_tmr.proj/ursa_vanilla_8x8_acc20_hybrid_tmr.gen/sources_1/bd/ursa_vanilla_tmr_hybrid/synth/ursa_vanilla_tmr_hybrid.v:4024]
WARNING: [Synth 8-7071] port 'm_axi_ca_AWREGION' of module 'ursa_vanilla_tmr_hybrid_mxm_execute_ursa_0_0' is unconnected for instance 'mxm_execute_ursa_0' [/home/ulisses/Projects/ursa/exp/output-stationary/bitstreams/ursa_vanilla_8x8_acc20_hybrid_tmr.proj/ursa_vanilla_8x8_acc20_hybrid_tmr.gen/sources_1/bd/ursa_vanilla_tmr_hybrid/synth/ursa_vanilla_tmr_hybrid.v:4024]
WARNING: [Synth 8-7071] port 'm_axi_ca_WID' of module 'ursa_vanilla_tmr_hybrid_mxm_execute_ursa_0_0' is unconnected for instance 'mxm_execute_ursa_0' [/home/ulisses/Projects/ursa/exp/output-stationary/bitstreams/ursa_vanilla_8x8_acc20_hybrid_tmr.proj/ursa_vanilla_8x8_acc20_hybrid_tmr.gen/sources_1/bd/ursa_vanilla_tmr_hybrid/synth/ursa_vanilla_tmr_hybrid.v:4024]
WARNING: [Synth 8-7071] port 'm_axi_ca_ARREGION' of module 'ursa_vanilla_tmr_hybrid_mxm_execute_ursa_0_0' is unconnected for instance 'mxm_execute_ursa_0' [/home/ulisses/Projects/ursa/exp/output-stationary/bitstreams/ursa_vanilla_8x8_acc20_hybrid_tmr.proj/ursa_vanilla_8x8_acc20_hybrid_tmr.gen/sources_1/bd/ursa_vanilla_tmr_hybrid/synth/ursa_vanilla_tmr_hybrid.v:4024]
WARNING: [Synth 8-7023] instance 'mxm_execute_ursa_0' of module 'ursa_vanilla_tmr_hybrid_mxm_execute_ursa_0_0' has 157 connections declared, but only 147 given [/home/ulisses/Projects/ursa/exp/output-stationary/bitstreams/ursa_vanilla_8x8_acc20_hybrid_tmr.proj/ursa_vanilla_8x8_acc20_hybrid_tmr.gen/sources_1/bd/ursa_vanilla_tmr_hybrid/synth/ursa_vanilla_tmr_hybrid.v:4024]
INFO: [Synth 8-6157] synthesizing module 'ursa_vanilla_tmr_hybrid_mxm_execute_ursa_1_0' [/home/ulisses/Projects/ursa/exp/output-stationary/bitstreams/ursa_vanilla_8x8_acc20_hybrid_tmr.proj/ursa_vanilla_8x8_acc20_hybrid_tmr.runs/synth_1/.Xil/Vivado-886495-pc626690/realtime/ursa_vanilla_tmr_hybrid_mxm_execute_ursa_1_0_stub.v:6]
INFO: [Synth 8-6155] done synthesizing module 'ursa_vanilla_tmr_hybrid_mxm_execute_ursa_1_0' (0#1) [/home/ulisses/Projects/ursa/exp/output-stationary/bitstreams/ursa_vanilla_8x8_acc20_hybrid_tmr.proj/ursa_vanilla_8x8_acc20_hybrid_tmr.runs/synth_1/.Xil/Vivado-886495-pc626690/realtime/ursa_vanilla_tmr_hybrid_mxm_execute_ursa_1_0_stub.v:6]
WARNING: [Synth 8-7071] port 'interrupt' of module 'ursa_vanilla_tmr_hybrid_mxm_execute_ursa_1_0' is unconnected for instance 'mxm_execute_ursa_1' [/home/ulisses/Projects/ursa/exp/output-stationary/bitstreams/ursa_vanilla_8x8_acc20_hybrid_tmr.proj/ursa_vanilla_8x8_acc20_hybrid_tmr.gen/sources_1/bd/ursa_vanilla_tmr_hybrid/synth/ursa_vanilla_tmr_hybrid.v:4172]
WARNING: [Synth 8-7071] port 'm_axi_aw_AWREGION' of module 'ursa_vanilla_tmr_hybrid_mxm_execute_ursa_1_0' is unconnected for instance 'mxm_execute_ursa_1' [/home/ulisses/Projects/ursa/exp/output-stationary/bitstreams/ursa_vanilla_8x8_acc20_hybrid_tmr.proj/ursa_vanilla_8x8_acc20_hybrid_tmr.gen/sources_1/bd/ursa_vanilla_tmr_hybrid/synth/ursa_vanilla_tmr_hybrid.v:4172]
WARNING: [Synth 8-7071] port 'm_axi_aw_WID' of module 'ursa_vanilla_tmr_hybrid_mxm_execute_ursa_1_0' is unconnected for instance 'mxm_execute_ursa_1' [/home/ulisses/Projects/ursa/exp/output-stationary/bitstreams/ursa_vanilla_8x8_acc20_hybrid_tmr.proj/ursa_vanilla_8x8_acc20_hybrid_tmr.gen/sources_1/bd/ursa_vanilla_tmr_hybrid/synth/ursa_vanilla_tmr_hybrid.v:4172]
WARNING: [Synth 8-7071] port 'm_axi_aw_ARREGION' of module 'ursa_vanilla_tmr_hybrid_mxm_execute_ursa_1_0' is unconnected for instance 'mxm_execute_ursa_1' [/home/ulisses/Projects/ursa/exp/output-stationary/bitstreams/ursa_vanilla_8x8_acc20_hybrid_tmr.proj/ursa_vanilla_8x8_acc20_hybrid_tmr.gen/sources_1/bd/ursa_vanilla_tmr_hybrid/synth/ursa_vanilla_tmr_hybrid.v:4172]
WARNING: [Synth 8-7071] port 'm_axi_bi_AWREGION' of module 'ursa_vanilla_tmr_hybrid_mxm_execute_ursa_1_0' is unconnected for instance 'mxm_execute_ursa_1' [/home/ulisses/Projects/ursa/exp/output-stationary/bitstreams/ursa_vanilla_8x8_acc20_hybrid_tmr.proj/ursa_vanilla_8x8_acc20_hybrid_tmr.gen/sources_1/bd/ursa_vanilla_tmr_hybrid/synth/ursa_vanilla_tmr_hybrid.v:4172]
WARNING: [Synth 8-7071] port 'm_axi_bi_WID' of module 'ursa_vanilla_tmr_hybrid_mxm_execute_ursa_1_0' is unconnected for instance 'mxm_execute_ursa_1' [/home/ulisses/Projects/ursa/exp/output-stationary/bitstreams/ursa_vanilla_8x8_acc20_hybrid_tmr.proj/ursa_vanilla_8x8_acc20_hybrid_tmr.gen/sources_1/bd/ursa_vanilla_tmr_hybrid/synth/ursa_vanilla_tmr_hybrid.v:4172]
WARNING: [Synth 8-7071] port 'm_axi_bi_ARREGION' of module 'ursa_vanilla_tmr_hybrid_mxm_execute_ursa_1_0' is unconnected for instance 'mxm_execute_ursa_1' [/home/ulisses/Projects/ursa/exp/output-stationary/bitstreams/ursa_vanilla_8x8_acc20_hybrid_tmr.proj/ursa_vanilla_8x8_acc20_hybrid_tmr.gen/sources_1/bd/ursa_vanilla_tmr_hybrid/synth/ursa_vanilla_tmr_hybrid.v:4172]
WARNING: [Synth 8-7071] port 'm_axi_ca_AWREGION' of module 'ursa_vanilla_tmr_hybrid_mxm_execute_ursa_1_0' is unconnected for instance 'mxm_execute_ursa_1' [/home/ulisses/Projects/ursa/exp/output-stationary/bitstreams/ursa_vanilla_8x8_acc20_hybrid_tmr.proj/ursa_vanilla_8x8_acc20_hybrid_tmr.gen/sources_1/bd/ursa_vanilla_tmr_hybrid/synth/ursa_vanilla_tmr_hybrid.v:4172]
WARNING: [Synth 8-7071] port 'm_axi_ca_WID' of module 'ursa_vanilla_tmr_hybrid_mxm_execute_ursa_1_0' is unconnected for instance 'mxm_execute_ursa_1' [/home/ulisses/Projects/ursa/exp/output-stationary/bitstreams/ursa_vanilla_8x8_acc20_hybrid_tmr.proj/ursa_vanilla_8x8_acc20_hybrid_tmr.gen/sources_1/bd/ursa_vanilla_tmr_hybrid/synth/ursa_vanilla_tmr_hybrid.v:4172]
WARNING: [Synth 8-7071] port 'm_axi_ca_ARREGION' of module 'ursa_vanilla_tmr_hybrid_mxm_execute_ursa_1_0' is unconnected for instance 'mxm_execute_ursa_1' [/home/ulisses/Projects/ursa/exp/output-stationary/bitstreams/ursa_vanilla_8x8_acc20_hybrid_tmr.proj/ursa_vanilla_8x8_acc20_hybrid_tmr.gen/sources_1/bd/ursa_vanilla_tmr_hybrid/synth/ursa_vanilla_tmr_hybrid.v:4172]
WARNING: [Synth 8-7023] instance 'mxm_execute_ursa_1' of module 'ursa_vanilla_tmr_hybrid_mxm_execute_ursa_1_0' has 157 connections declared, but only 147 given [/home/ulisses/Projects/ursa/exp/output-stationary/bitstreams/ursa_vanilla_8x8_acc20_hybrid_tmr.proj/ursa_vanilla_8x8_acc20_hybrid_tmr.gen/sources_1/bd/ursa_vanilla_tmr_hybrid/synth/ursa_vanilla_tmr_hybrid.v:4172]
INFO: [Synth 8-6157] synthesizing module 'ursa_vanilla_tmr_hybrid_mxm_execute_ursa_2_0' [/home/ulisses/Projects/ursa/exp/output-stationary/bitstreams/ursa_vanilla_8x8_acc20_hybrid_tmr.proj/ursa_vanilla_8x8_acc20_hybrid_tmr.runs/synth_1/.Xil/Vivado-886495-pc626690/realtime/ursa_vanilla_tmr_hybrid_mxm_execute_ursa_2_0_stub.v:6]
INFO: [Synth 8-6155] done synthesizing module 'ursa_vanilla_tmr_hybrid_mxm_execute_ursa_2_0' (0#1) [/home/ulisses/Projects/ursa/exp/output-stationary/bitstreams/ursa_vanilla_8x8_acc20_hybrid_tmr.proj/ursa_vanilla_8x8_acc20_hybrid_tmr.runs/synth_1/.Xil/Vivado-886495-pc626690/realtime/ursa_vanilla_tmr_hybrid_mxm_execute_ursa_2_0_stub.v:6]
WARNING: [Synth 8-7071] port 'interrupt' of module 'ursa_vanilla_tmr_hybrid_mxm_execute_ursa_2_0' is unconnected for instance 'mxm_execute_ursa_2' [/home/ulisses/Projects/ursa/exp/output-stationary/bitstreams/ursa_vanilla_8x8_acc20_hybrid_tmr.proj/ursa_vanilla_8x8_acc20_hybrid_tmr.gen/sources_1/bd/ursa_vanilla_tmr_hybrid/synth/ursa_vanilla_tmr_hybrid.v:4320]
WARNING: [Synth 8-7071] port 'm_axi_aw_AWREGION' of module 'ursa_vanilla_tmr_hybrid_mxm_execute_ursa_2_0' is unconnected for instance 'mxm_execute_ursa_2' [/home/ulisses/Projects/ursa/exp/output-stationary/bitstreams/ursa_vanilla_8x8_acc20_hybrid_tmr.proj/ursa_vanilla_8x8_acc20_hybrid_tmr.gen/sources_1/bd/ursa_vanilla_tmr_hybrid/synth/ursa_vanilla_tmr_hybrid.v:4320]
WARNING: [Synth 8-7071] port 'm_axi_aw_WID' of module 'ursa_vanilla_tmr_hybrid_mxm_execute_ursa_2_0' is unconnected for instance 'mxm_execute_ursa_2' [/home/ulisses/Projects/ursa/exp/output-stationary/bitstreams/ursa_vanilla_8x8_acc20_hybrid_tmr.proj/ursa_vanilla_8x8_acc20_hybrid_tmr.gen/sources_1/bd/ursa_vanilla_tmr_hybrid/synth/ursa_vanilla_tmr_hybrid.v:4320]
WARNING: [Synth 8-7071] port 'm_axi_aw_ARREGION' of module 'ursa_vanilla_tmr_hybrid_mxm_execute_ursa_2_0' is unconnected for instance 'mxm_execute_ursa_2' [/home/ulisses/Projects/ursa/exp/output-stationary/bitstreams/ursa_vanilla_8x8_acc20_hybrid_tmr.proj/ursa_vanilla_8x8_acc20_hybrid_tmr.gen/sources_1/bd/ursa_vanilla_tmr_hybrid/synth/ursa_vanilla_tmr_hybrid.v:4320]
WARNING: [Synth 8-7071] port 'm_axi_bi_AWREGION' of module 'ursa_vanilla_tmr_hybrid_mxm_execute_ursa_2_0' is unconnected for instance 'mxm_execute_ursa_2' [/home/ulisses/Projects/ursa/exp/output-stationary/bitstreams/ursa_vanilla_8x8_acc20_hybrid_tmr.proj/ursa_vanilla_8x8_acc20_hybrid_tmr.gen/sources_1/bd/ursa_vanilla_tmr_hybrid/synth/ursa_vanilla_tmr_hybrid.v:4320]
WARNING: [Synth 8-7071] port 'm_axi_bi_WID' of module 'ursa_vanilla_tmr_hybrid_mxm_execute_ursa_2_0' is unconnected for instance 'mxm_execute_ursa_2' [/home/ulisses/Projects/ursa/exp/output-stationary/bitstreams/ursa_vanilla_8x8_acc20_hybrid_tmr.proj/ursa_vanilla_8x8_acc20_hybrid_tmr.gen/sources_1/bd/ursa_vanilla_tmr_hybrid/synth/ursa_vanilla_tmr_hybrid.v:4320]
WARNING: [Synth 8-7071] port 'm_axi_bi_ARREGION' of module 'ursa_vanilla_tmr_hybrid_mxm_execute_ursa_2_0' is unconnected for instance 'mxm_execute_ursa_2' [/home/ulisses/Projects/ursa/exp/output-stationary/bitstreams/ursa_vanilla_8x8_acc20_hybrid_tmr.proj/ursa_vanilla_8x8_acc20_hybrid_tmr.gen/sources_1/bd/ursa_vanilla_tmr_hybrid/synth/ursa_vanilla_tmr_hybrid.v:4320]
WARNING: [Synth 8-7071] port 'm_axi_ca_AWREGION' of module 'ursa_vanilla_tmr_hybrid_mxm_execute_ursa_2_0' is unconnected for instance 'mxm_execute_ursa_2' [/home/ulisses/Projects/ursa/exp/output-stationary/bitstreams/ursa_vanilla_8x8_acc20_hybrid_tmr.proj/ursa_vanilla_8x8_acc20_hybrid_tmr.gen/sources_1/bd/ursa_vanilla_tmr_hybrid/synth/ursa_vanilla_tmr_hybrid.v:4320]
WARNING: [Synth 8-7071] port 'm_axi_ca_WID' of module 'ursa_vanilla_tmr_hybrid_mxm_execute_ursa_2_0' is unconnected for instance 'mxm_execute_ursa_2' [/home/ulisses/Projects/ursa/exp/output-stationary/bitstreams/ursa_vanilla_8x8_acc20_hybrid_tmr.proj/ursa_vanilla_8x8_acc20_hybrid_tmr.gen/sources_1/bd/ursa_vanilla_tmr_hybrid/synth/ursa_vanilla_tmr_hybrid.v:4320]
WARNING: [Synth 8-7071] port 'm_axi_ca_ARREGION' of module 'ursa_vanilla_tmr_hybrid_mxm_execute_ursa_2_0' is unconnected for instance 'mxm_execute_ursa_2' [/home/ulisses/Projects/ursa/exp/output-stationary/bitstreams/ursa_vanilla_8x8_acc20_hybrid_tmr.proj/ursa_vanilla_8x8_acc20_hybrid_tmr.gen/sources_1/bd/ursa_vanilla_tmr_hybrid/synth/ursa_vanilla_tmr_hybrid.v:4320]
WARNING: [Synth 8-7023] instance 'mxm_execute_ursa_2' of module 'ursa_vanilla_tmr_hybrid_mxm_execute_ursa_2_0' has 157 connections declared, but only 147 given [/home/ulisses/Projects/ursa/exp/output-stationary/bitstreams/ursa_vanilla_8x8_acc20_hybrid_tmr.proj/ursa_vanilla_8x8_acc20_hybrid_tmr.gen/sources_1/bd/ursa_vanilla_tmr_hybrid/synth/ursa_vanilla_tmr_hybrid.v:4320]
INFO: [Synth 8-6157] synthesizing module 'ursa_vanilla_tmr_hybrid_proc_sys_reset_0_0' [/home/ulisses/Projects/ursa/exp/output-stationary/bitstreams/ursa_vanilla_8x8_acc20_hybrid_tmr.proj/ursa_vanilla_8x8_acc20_hybrid_tmr.runs/synth_1/.Xil/Vivado-886495-pc626690/realtime/ursa_vanilla_tmr_hybrid_proc_sys_reset_0_0_stub.v:6]
INFO: [Synth 8-6155] done synthesizing module 'ursa_vanilla_tmr_hybrid_proc_sys_reset_0_0' (0#1) [/home/ulisses/Projects/ursa/exp/output-stationary/bitstreams/ursa_vanilla_8x8_acc20_hybrid_tmr.proj/ursa_vanilla_8x8_acc20_hybrid_tmr.runs/synth_1/.Xil/Vivado-886495-pc626690/realtime/ursa_vanilla_tmr_hybrid_proc_sys_reset_0_0_stub.v:6]
WARNING: [Synth 8-7071] port 'mb_reset' of module 'ursa_vanilla_tmr_hybrid_proc_sys_reset_0_0' is unconnected for instance 'proc_sys_reset_0' [/home/ulisses/Projects/ursa/exp/output-stationary/bitstreams/ursa_vanilla_8x8_acc20_hybrid_tmr.proj/ursa_vanilla_8x8_acc20_hybrid_tmr.gen/sources_1/bd/ursa_vanilla_tmr_hybrid/synth/ursa_vanilla_tmr_hybrid.v:4468]
WARNING: [Synth 8-7071] port 'bus_struct_reset' of module 'ursa_vanilla_tmr_hybrid_proc_sys_reset_0_0' is unconnected for instance 'proc_sys_reset_0' [/home/ulisses/Projects/ursa/exp/output-stationary/bitstreams/ursa_vanilla_8x8_acc20_hybrid_tmr.proj/ursa_vanilla_8x8_acc20_hybrid_tmr.gen/sources_1/bd/ursa_vanilla_tmr_hybrid/synth/ursa_vanilla_tmr_hybrid.v:4468]
WARNING: [Synth 8-7071] port 'peripheral_reset' of module 'ursa_vanilla_tmr_hybrid_proc_sys_reset_0_0' is unconnected for instance 'proc_sys_reset_0' [/home/ulisses/Projects/ursa/exp/output-stationary/bitstreams/ursa_vanilla_8x8_acc20_hybrid_tmr.proj/ursa_vanilla_8x8_acc20_hybrid_tmr.gen/sources_1/bd/ursa_vanilla_tmr_hybrid/synth/ursa_vanilla_tmr_hybrid.v:4468]
WARNING: [Synth 8-7071] port 'interconnect_aresetn' of module 'ursa_vanilla_tmr_hybrid_proc_sys_reset_0_0' is unconnected for instance 'proc_sys_reset_0' [/home/ulisses/Projects/ursa/exp/output-stationary/bitstreams/ursa_vanilla_8x8_acc20_hybrid_tmr.proj/ursa_vanilla_8x8_acc20_hybrid_tmr.gen/sources_1/bd/ursa_vanilla_tmr_hybrid/synth/ursa_vanilla_tmr_hybrid.v:4468]
WARNING: [Synth 8-7023] instance 'proc_sys_reset_0' of module 'ursa_vanilla_tmr_hybrid_proc_sys_reset_0_0' has 10 connections declared, but only 6 given [/home/ulisses/Projects/ursa/exp/output-stationary/bitstreams/ursa_vanilla_8x8_acc20_hybrid_tmr.proj/ursa_vanilla_8x8_acc20_hybrid_tmr.gen/sources_1/bd/ursa_vanilla_tmr_hybrid/synth/ursa_vanilla_tmr_hybrid.v:4468]
INFO: [Synth 8-6157] synthesizing module 'ursa_vanilla_tmr_hybrid_processing_system7_0_0' [/home/ulisses/Projects/ursa/exp/output-stationary/bitstreams/ursa_vanilla_8x8_acc20_hybrid_tmr.proj/ursa_vanilla_8x8_acc20_hybrid_tmr.runs/synth_1/.Xil/Vivado-886495-pc626690/realtime/ursa_vanilla_tmr_hybrid_processing_system7_0_0_stub.v:6]
INFO: [Synth 8-6155] done synthesizing module 'ursa_vanilla_tmr_hybrid_processing_system7_0_0' (0#1) [/home/ulisses/Projects/ursa/exp/output-stationary/bitstreams/ursa_vanilla_8x8_acc20_hybrid_tmr.proj/ursa_vanilla_8x8_acc20_hybrid_tmr.runs/synth_1/.Xil/Vivado-886495-pc626690/realtime/ursa_vanilla_tmr_hybrid_processing_system7_0_0_stub.v:6]
WARNING: [Synth 8-7071] port 'TTC0_WAVE0_OUT' of module 'ursa_vanilla_tmr_hybrid_processing_system7_0_0' is unconnected for instance 'processing_system7_0' [/home/ulisses/Projects/ursa/exp/output-stationary/bitstreams/ursa_vanilla_8x8_acc20_hybrid_tmr.proj/ursa_vanilla_8x8_acc20_hybrid_tmr.gen/sources_1/bd/ursa_vanilla_tmr_hybrid/synth/ursa_vanilla_tmr_hybrid.v:4477]
WARNING: [Synth 8-7071] port 'TTC0_WAVE1_OUT' of module 'ursa_vanilla_tmr_hybrid_processing_system7_0_0' is unconnected for instance 'processing_system7_0' [/home/ulisses/Projects/ursa/exp/output-stationary/bitstreams/ursa_vanilla_8x8_acc20_hybrid_tmr.proj/ursa_vanilla_8x8_acc20_hybrid_tmr.gen/sources_1/bd/ursa_vanilla_tmr_hybrid/synth/ursa_vanilla_tmr_hybrid.v:4477]
WARNING: [Synth 8-7071] port 'TTC0_WAVE2_OUT' of module 'ursa_vanilla_tmr_hybrid_processing_system7_0_0' is unconnected for instance 'processing_system7_0' [/home/ulisses/Projects/ursa/exp/output-stationary/bitstreams/ursa_vanilla_8x8_acc20_hybrid_tmr.proj/ursa_vanilla_8x8_acc20_hybrid_tmr.gen/sources_1/bd/ursa_vanilla_tmr_hybrid/synth/ursa_vanilla_tmr_hybrid.v:4477]
WARNING: [Synth 8-7023] instance 'processing_system7_0' of module 'ursa_vanilla_tmr_hybrid_processing_system7_0_0' has 106 connections declared, but only 103 given [/home/ulisses/Projects/ursa/exp/output-stationary/bitstreams/ursa_vanilla_8x8_acc20_hybrid_tmr.proj/ursa_vanilla_8x8_acc20_hybrid_tmr.gen/sources_1/bd/ursa_vanilla_tmr_hybrid/synth/ursa_vanilla_tmr_hybrid.v:4477]
INFO: [Synth 8-6157] synthesizing module 'ursa_vanilla_tmr_hybrid_tmr_voter_0_0' [/home/ulisses/Projects/ursa/exp/output-stationary/bitstreams/ursa_vanilla_8x8_acc20_hybrid_tmr.proj/ursa_vanilla_8x8_acc20_hybrid_tmr.runs/synth_1/.Xil/Vivado-886495-pc626690/realtime/ursa_vanilla_tmr_hybrid_tmr_voter_0_0_stub.v:6]
INFO: [Synth 8-6155] done synthesizing module 'ursa_vanilla_tmr_hybrid_tmr_voter_0_0' (0#1) [/home/ulisses/Projects/ursa/exp/output-stationary/bitstreams/ursa_vanilla_8x8_acc20_hybrid_tmr.proj/ursa_vanilla_8x8_acc20_hybrid_tmr.runs/synth_1/.Xil/Vivado-886495-pc626690/realtime/ursa_vanilla_tmr_hybrid_tmr_voter_0_0_stub.v:6]
INFO: [Synth 8-6157] synthesizing module 'ursa_vanilla_tmr_hybrid_tmr_voter_1_0' [/home/ulisses/Projects/ursa/exp/output-stationary/bitstreams/ursa_vanilla_8x8_acc20_hybrid_tmr.proj/ursa_vanilla_8x8_acc20_hybrid_tmr.runs/synth_1/.Xil/Vivado-886495-pc626690/realtime/ursa_vanilla_tmr_hybrid_tmr_voter_1_0_stub.v:6]
INFO: [Synth 8-6155] done synthesizing module 'ursa_vanilla_tmr_hybrid_tmr_voter_1_0' (0#1) [/home/ulisses/Projects/ursa/exp/output-stationary/bitstreams/ursa_vanilla_8x8_acc20_hybrid_tmr.proj/ursa_vanilla_8x8_acc20_hybrid_tmr.runs/synth_1/.Xil/Vivado-886495-pc626690/realtime/ursa_vanilla_tmr_hybrid_tmr_voter_1_0_stub.v:6]
INFO: [Synth 8-6157] synthesizing module 'ursa_vanilla_tmr_hybrid_tmr_voter_2_0' [/home/ulisses/Projects/ursa/exp/output-stationary/bitstreams/ursa_vanilla_8x8_acc20_hybrid_tmr.proj/ursa_vanilla_8x8_acc20_hybrid_tmr.runs/synth_1/.Xil/Vivado-886495-pc626690/realtime/ursa_vanilla_tmr_hybrid_tmr_voter_2_0_stub.v:6]
INFO: [Synth 8-6155] done synthesizing module 'ursa_vanilla_tmr_hybrid_tmr_voter_2_0' (0#1) [/home/ulisses/Projects/ursa/exp/output-stationary/bitstreams/ursa_vanilla_8x8_acc20_hybrid_tmr.proj/ursa_vanilla_8x8_acc20_hybrid_tmr.runs/synth_1/.Xil/Vivado-886495-pc626690/realtime/ursa_vanilla_tmr_hybrid_tmr_voter_2_0_stub.v:6]
INFO: [Synth 8-6157] synthesizing module 'ursa_vanilla_tmr_hybrid_tmr_voter_3_0' [/home/ulisses/Projects/ursa/exp/output-stationary/bitstreams/ursa_vanilla_8x8_acc20_hybrid_tmr.proj/ursa_vanilla_8x8_acc20_hybrid_tmr.runs/synth_1/.Xil/Vivado-886495-pc626690/realtime/ursa_vanilla_tmr_hybrid_tmr_voter_3_0_stub.v:6]
INFO: [Synth 8-6155] done synthesizing module 'ursa_vanilla_tmr_hybrid_tmr_voter_3_0' (0#1) [/home/ulisses/Projects/ursa/exp/output-stationary/bitstreams/ursa_vanilla_8x8_acc20_hybrid_tmr.proj/ursa_vanilla_8x8_acc20_hybrid_tmr.runs/synth_1/.Xil/Vivado-886495-pc626690/realtime/ursa_vanilla_tmr_hybrid_tmr_voter_3_0_stub.v:6]
WARNING: [Synth 8-7071] port 'M_AXI_AWID' of module 'ursa_vanilla_tmr_hybrid_tmr_voter_3_0' is unconnected for instance 'tmr_voter_3' [/home/ulisses/Projects/ursa/exp/output-stationary/bitstreams/ursa_vanilla_8x8_acc20_hybrid_tmr.proj/ursa_vanilla_8x8_acc20_hybrid_tmr.gen/sources_1/bd/ursa_vanilla_tmr_hybrid/synth/ursa_vanilla_tmr_hybrid.v:4871]
WARNING: [Synth 8-7071] port 'M_AXI_AWADDR' of module 'ursa_vanilla_tmr_hybrid_tmr_voter_3_0' is unconnected for instance 'tmr_voter_3' [/home/ulisses/Projects/ursa/exp/output-stationary/bitstreams/ursa_vanilla_8x8_acc20_hybrid_tmr.proj/ursa_vanilla_8x8_acc20_hybrid_tmr.gen/sources_1/bd/ursa_vanilla_tmr_hybrid/synth/ursa_vanilla_tmr_hybrid.v:4871]
WARNING: [Synth 8-7071] port 'M_AXI_AWLEN' of module 'ursa_vanilla_tmr_hybrid_tmr_voter_3_0' is unconnected for instance 'tmr_voter_3' [/home/ulisses/Projects/ursa/exp/output-stationary/bitstreams/ursa_vanilla_8x8_acc20_hybrid_tmr.proj/ursa_vanilla_8x8_acc20_hybrid_tmr.gen/sources_1/bd/ursa_vanilla_tmr_hybrid/synth/ursa_vanilla_tmr_hybrid.v:4871]
WARNING: [Synth 8-7071] port 'M_AXI_AWSIZE' of module 'ursa_vanilla_tmr_hybrid_tmr_voter_3_0' is unconnected for instance 'tmr_voter_3' [/home/ulisses/Projects/ursa/exp/output-stationary/bitstreams/ursa_vanilla_8x8_acc20_hybrid_tmr.proj/ursa_vanilla_8x8_acc20_hybrid_tmr.gen/sources_1/bd/ursa_vanilla_tmr_hybrid/synth/ursa_vanilla_tmr_hybrid.v:4871]
WARNING: [Synth 8-7071] port 'M_AXI_AWBURST' of module 'ursa_vanilla_tmr_hybrid_tmr_voter_3_0' is unconnected for instance 'tmr_voter_3' [/home/ulisses/Projects/ursa/exp/output-stationary/bitstreams/ursa_vanilla_8x8_acc20_hybrid_tmr.proj/ursa_vanilla_8x8_acc20_hybrid_tmr.gen/sources_1/bd/ursa_vanilla_tmr_hybrid/synth/ursa_vanilla_tmr_hybrid.v:4871]
WARNING: [Synth 8-7071] port 'M_AXI_AWLOCK' of module 'ursa_vanilla_tmr_hybrid_tmr_voter_3_0' is unconnected for instance 'tmr_voter_3' [/home/ulisses/Projects/ursa/exp/output-stationary/bitstreams/ursa_vanilla_8x8_acc20_hybrid_tmr.proj/ursa_vanilla_8x8_acc20_hybrid_tmr.gen/sources_1/bd/ursa_vanilla_tmr_hybrid/synth/ursa_vanilla_tmr_hybrid.v:4871]
WARNING: [Synth 8-7071] port 'M_AXI_AWCACHE' of module 'ursa_vanilla_tmr_hybrid_tmr_voter_3_0' is unconnected for instance 'tmr_voter_3' [/home/ulisses/Projects/ursa/exp/output-stationary/bitstreams/ursa_vanilla_8x8_acc20_hybrid_tmr.proj/ursa_vanilla_8x8_acc20_hybrid_tmr.gen/sources_1/bd/ursa_vanilla_tmr_hybrid/synth/ursa_vanilla_tmr_hybrid.v:4871]
WARNING: [Synth 8-7071] port 'M_AXI_AWPROT' of module 'ursa_vanilla_tmr_hybrid_tmr_voter_3_0' is unconnected for instance 'tmr_voter_3' [/home/ulisses/Projects/ursa/exp/output-stationary/bitstreams/ursa_vanilla_8x8_acc20_hybrid_tmr.proj/ursa_vanilla_8x8_acc20_hybrid_tmr.gen/sources_1/bd/ursa_vanilla_tmr_hybrid/synth/ursa_vanilla_tmr_hybrid.v:4871]
WARNING: [Synth 8-7071] port 'M_AXI_AWQOS' of module 'ursa_vanilla_tmr_hybrid_tmr_voter_3_0' is unconnected for instance 'tmr_voter_3' [/home/ulisses/Projects/ursa/exp/output-stationary/bitstreams/ursa_vanilla_8x8_acc20_hybrid_tmr.proj/ursa_vanilla_8x8_acc20_hybrid_tmr.gen/sources_1/bd/ursa_vanilla_tmr_hybrid/synth/ursa_vanilla_tmr_hybrid.v:4871]
WARNING: [Synth 8-7071] port 'M_AXI_AWVALID' of module 'ursa_vanilla_tmr_hybrid_tmr_voter_3_0' is unconnected for instance 'tmr_voter_3' [/home/ulisses/Projects/ursa/exp/output-stationary/bitstreams/ursa_vanilla_8x8_acc20_hybrid_tmr.proj/ursa_vanilla_8x8_acc20_hybrid_tmr.gen/sources_1/bd/ursa_vanilla_tmr_hybrid/synth/ursa_vanilla_tmr_hybrid.v:4871]
WARNING: [Synth 8-7071] port 'M_AXI_WDATA' of module 'ursa_vanilla_tmr_hybrid_tmr_voter_3_0' is unconnected for instance 'tmr_voter_3' [/home/ulisses/Projects/ursa/exp/output-stationary/bitstreams/ursa_vanilla_8x8_acc20_hybrid_tmr.proj/ursa_vanilla_8x8_acc20_hybrid_tmr.gen/sources_1/bd/ursa_vanilla_tmr_hybrid/synth/ursa_vanilla_tmr_hybrid.v:4871]
WARNING: [Synth 8-7071] port 'M_AXI_WSTRB' of module 'ursa_vanilla_tmr_hybrid_tmr_voter_3_0' is unconnected for instance 'tmr_voter_3' [/home/ulisses/Projects/ursa/exp/output-stationary/bitstreams/ursa_vanilla_8x8_acc20_hybrid_tmr.proj/ursa_vanilla_8x8_acc20_hybrid_tmr.gen/sources_1/bd/ursa_vanilla_tmr_hybrid/synth/ursa_vanilla_tmr_hybrid.v:4871]
WARNING: [Synth 8-7071] port 'M_AXI_WLAST' of module 'ursa_vanilla_tmr_hybrid_tmr_voter_3_0' is unconnected for instance 'tmr_voter_3' [/home/ulisses/Projects/ursa/exp/output-stationary/bitstreams/ursa_vanilla_8x8_acc20_hybrid_tmr.proj/ursa_vanilla_8x8_acc20_hybrid_tmr.gen/sources_1/bd/ursa_vanilla_tmr_hybrid/synth/ursa_vanilla_tmr_hybrid.v:4871]
WARNING: [Synth 8-7071] port 'M_AXI_WVALID' of module 'ursa_vanilla_tmr_hybrid_tmr_voter_3_0' is unconnected for instance 'tmr_voter_3' [/home/ulisses/Projects/ursa/exp/output-stationary/bitstreams/ursa_vanilla_8x8_acc20_hybrid_tmr.proj/ursa_vanilla_8x8_acc20_hybrid_tmr.gen/sources_1/bd/ursa_vanilla_tmr_hybrid/synth/ursa_vanilla_tmr_hybrid.v:4871]
WARNING: [Synth 8-7071] port 'M_AXI_BREADY' of module 'ursa_vanilla_tmr_hybrid_tmr_voter_3_0' is unconnected for instance 'tmr_voter_3' [/home/ulisses/Projects/ursa/exp/output-stationary/bitstreams/ursa_vanilla_8x8_acc20_hybrid_tmr.proj/ursa_vanilla_8x8_acc20_hybrid_tmr.gen/sources_1/bd/ursa_vanilla_tmr_hybrid/synth/ursa_vanilla_tmr_hybrid.v:4871]
WARNING: [Synth 8-7023] instance 'tmr_voter_3' of module 'ursa_vanilla_tmr_hybrid_tmr_voter_3_0' has 149 connections declared, but only 134 given [/home/ulisses/Projects/ursa/exp/output-stationary/bitstreams/ursa_vanilla_8x8_acc20_hybrid_tmr.proj/ursa_vanilla_8x8_acc20_hybrid_tmr.gen/sources_1/bd/ursa_vanilla_tmr_hybrid/synth/ursa_vanilla_tmr_hybrid.v:4871]
INFO: [Synth 8-6157] synthesizing module 'ursa_vanilla_tmr_hybrid_tmr_voter_4_0' [/home/ulisses/Projects/ursa/exp/output-stationary/bitstreams/ursa_vanilla_8x8_acc20_hybrid_tmr.proj/ursa_vanilla_8x8_acc20_hybrid_tmr.runs/synth_1/.Xil/Vivado-886495-pc626690/realtime/ursa_vanilla_tmr_hybrid_tmr_voter_4_0_stub.v:6]
INFO: [Synth 8-6155] done synthesizing module 'ursa_vanilla_tmr_hybrid_tmr_voter_4_0' (0#1) [/home/ulisses/Projects/ursa/exp/output-stationary/bitstreams/ursa_vanilla_8x8_acc20_hybrid_tmr.proj/ursa_vanilla_8x8_acc20_hybrid_tmr.runs/synth_1/.Xil/Vivado-886495-pc626690/realtime/ursa_vanilla_tmr_hybrid_tmr_voter_4_0_stub.v:6]
WARNING: [Synth 8-7071] port 'M_AXI_ARID' of module 'ursa_vanilla_tmr_hybrid_tmr_voter_4_0' is unconnected for instance 'tmr_voter_4' [/home/ulisses/Projects/ursa/exp/output-stationary/bitstreams/ursa_vanilla_8x8_acc20_hybrid_tmr.proj/ursa_vanilla_8x8_acc20_hybrid_tmr.gen/sources_1/bd/ursa_vanilla_tmr_hybrid/synth/ursa_vanilla_tmr_hybrid.v:5006]
WARNING: [Synth 8-7071] port 'M_AXI_ARADDR' of module 'ursa_vanilla_tmr_hybrid_tmr_voter_4_0' is unconnected for instance 'tmr_voter_4' [/home/ulisses/Projects/ursa/exp/output-stationary/bitstreams/ursa_vanilla_8x8_acc20_hybrid_tmr.proj/ursa_vanilla_8x8_acc20_hybrid_tmr.gen/sources_1/bd/ursa_vanilla_tmr_hybrid/synth/ursa_vanilla_tmr_hybrid.v:5006]
WARNING: [Synth 8-7071] port 'M_AXI_ARLEN' of module 'ursa_vanilla_tmr_hybrid_tmr_voter_4_0' is unconnected for instance 'tmr_voter_4' [/home/ulisses/Projects/ursa/exp/output-stationary/bitstreams/ursa_vanilla_8x8_acc20_hybrid_tmr.proj/ursa_vanilla_8x8_acc20_hybrid_tmr.gen/sources_1/bd/ursa_vanilla_tmr_hybrid/synth/ursa_vanilla_tmr_hybrid.v:5006]
WARNING: [Synth 8-7071] port 'M_AXI_ARSIZE' of module 'ursa_vanilla_tmr_hybrid_tmr_voter_4_0' is unconnected for instance 'tmr_voter_4' [/home/ulisses/Projects/ursa/exp/output-stationary/bitstreams/ursa_vanilla_8x8_acc20_hybrid_tmr.proj/ursa_vanilla_8x8_acc20_hybrid_tmr.gen/sources_1/bd/ursa_vanilla_tmr_hybrid/synth/ursa_vanilla_tmr_hybrid.v:5006]
WARNING: [Synth 8-7071] port 'M_AXI_ARBURST' of module 'ursa_vanilla_tmr_hybrid_tmr_voter_4_0' is unconnected for instance 'tmr_voter_4' [/home/ulisses/Projects/ursa/exp/output-stationary/bitstreams/ursa_vanilla_8x8_acc20_hybrid_tmr.proj/ursa_vanilla_8x8_acc20_hybrid_tmr.gen/sources_1/bd/ursa_vanilla_tmr_hybrid/synth/ursa_vanilla_tmr_hybrid.v:5006]
WARNING: [Synth 8-7071] port 'M_AXI_ARLOCK' of module 'ursa_vanilla_tmr_hybrid_tmr_voter_4_0' is unconnected for instance 'tmr_voter_4' [/home/ulisses/Projects/ursa/exp/output-stationary/bitstreams/ursa_vanilla_8x8_acc20_hybrid_tmr.proj/ursa_vanilla_8x8_acc20_hybrid_tmr.gen/sources_1/bd/ursa_vanilla_tmr_hybrid/synth/ursa_vanilla_tmr_hybrid.v:5006]
WARNING: [Synth 8-7071] port 'M_AXI_ARCACHE' of module 'ursa_vanilla_tmr_hybrid_tmr_voter_4_0' is unconnected for instance 'tmr_voter_4' [/home/ulisses/Projects/ursa/exp/output-stationary/bitstreams/ursa_vanilla_8x8_acc20_hybrid_tmr.proj/ursa_vanilla_8x8_acc20_hybrid_tmr.gen/sources_1/bd/ursa_vanilla_tmr_hybrid/synth/ursa_vanilla_tmr_hybrid.v:5006]
WARNING: [Synth 8-7071] port 'M_AXI_ARPROT' of module 'ursa_vanilla_tmr_hybrid_tmr_voter_4_0' is unconnected for instance 'tmr_voter_4' [/home/ulisses/Projects/ursa/exp/output-stationary/bitstreams/ursa_vanilla_8x8_acc20_hybrid_tmr.proj/ursa_vanilla_8x8_acc20_hybrid_tmr.gen/sources_1/bd/ursa_vanilla_tmr_hybrid/synth/ursa_vanilla_tmr_hybrid.v:5006]
WARNING: [Synth 8-7071] port 'M_AXI_ARQOS' of module 'ursa_vanilla_tmr_hybrid_tmr_voter_4_0' is unconnected for instance 'tmr_voter_4' [/home/ulisses/Projects/ursa/exp/output-stationary/bitstreams/ursa_vanilla_8x8_acc20_hybrid_tmr.proj/ursa_vanilla_8x8_acc20_hybrid_tmr.gen/sources_1/bd/ursa_vanilla_tmr_hybrid/synth/ursa_vanilla_tmr_hybrid.v:5006]
WARNING: [Synth 8-7071] port 'M_AXI_ARVALID' of module 'ursa_vanilla_tmr_hybrid_tmr_voter_4_0' is unconnected for instance 'tmr_voter_4' [/home/ulisses/Projects/ursa/exp/output-stationary/bitstreams/ursa_vanilla_8x8_acc20_hybrid_tmr.proj/ursa_vanilla_8x8_acc20_hybrid_tmr.gen/sources_1/bd/ursa_vanilla_tmr_hybrid/synth/ursa_vanilla_tmr_hybrid.v:5006]
WARNING: [Synth 8-7071] port 'M_AXI_RREADY' of module 'ursa_vanilla_tmr_hybrid_tmr_voter_4_0' is unconnected for instance 'tmr_voter_4' [/home/ulisses/Projects/ursa/exp/output-stationary/bitstreams/ursa_vanilla_8x8_acc20_hybrid_tmr.proj/ursa_vanilla_8x8_acc20_hybrid_tmr.gen/sources_1/bd/ursa_vanilla_tmr_hybrid/synth/ursa_vanilla_tmr_hybrid.v:5006]
WARNING: [Synth 8-7023] instance 'tmr_voter_4' of module 'ursa_vanilla_tmr_hybrid_tmr_voter_4_0' has 149 connections declared, but only 138 given [/home/ulisses/Projects/ursa/exp/output-stationary/bitstreams/ursa_vanilla_8x8_acc20_hybrid_tmr.proj/ursa_vanilla_8x8_acc20_hybrid_tmr.gen/sources_1/bd/ursa_vanilla_tmr_hybrid/synth/ursa_vanilla_tmr_hybrid.v:5006]
INFO: [Synth 8-6155] done synthesizing module 'ursa_vanilla_tmr_hybrid' (0#1) [/home/ulisses/Projects/ursa/exp/output-stationary/bitstreams/ursa_vanilla_8x8_acc20_hybrid_tmr.proj/ursa_vanilla_8x8_acc20_hybrid_tmr.gen/sources_1/bd/ursa_vanilla_tmr_hybrid/synth/ursa_vanilla_tmr_hybrid.v:2879]
INFO: [Synth 8-6155] done synthesizing module 'ursa_vanilla_tmr_hybrid_wrapper' (0#1) [/home/ulisses/Projects/ursa/exp/output-stationary/bitstreams/ursa_vanilla_8x8_acc20_hybrid_tmr.proj/ursa_vanilla_8x8_acc20_hybrid_tmr.srcs/sources_1/imports/hdl/ursa_vanilla_tmr_hybrid_wrapper.v:13]
WARNING: [Synth 8-7129] Port M_ACLK in module s01_couplers_imp_46QAGP is either unconnected or has no load
WARNING: [Synth 8-7129] Port M_ARESETN in module s01_couplers_imp_46QAGP is either unconnected or has no load
WARNING: [Synth 8-7129] Port M_ACLK in module s00_couplers_imp_G2BDZE is either unconnected or has no load
WARNING: [Synth 8-7129] Port M_ARESETN in module s00_couplers_imp_G2BDZE is either unconnected or has no load
WARNING: [Synth 8-7129] Port M_ACLK in module m00_couplers_imp_V88LH3 is either unconnected or has no load
WARNING: [Synth 8-7129] Port M_ARESETN in module m00_couplers_imp_V88LH3 is either unconnected or has no load
WARNING: [Synth 8-7129] Port M_AXI_bid[2] in module m00_couplers_imp_V88LH3 is either unconnected or has no load
WARNING: [Synth 8-7129] Port M_AXI_bid[1] in module m00_couplers_imp_V88LH3 is either unconnected or has no load
WARNING: [Synth 8-7129] Port M_AXI_rid[2] in module m00_couplers_imp_V88LH3 is either unconnected or has no load
WARNING: [Synth 8-7129] Port M_AXI_rid[1] in module m00_couplers_imp_V88LH3 is either unconnected or has no load
WARNING: [Synth 8-7129] Port M00_ACLK in module ursa_vanilla_tmr_hybrid_axi_interconnect_2_0 is either unconnected or has no load
WARNING: [Synth 8-7129] Port M00_ARESETN in module ursa_vanilla_tmr_hybrid_axi_interconnect_2_0 is either unconnected or has no load
WARNING: [Synth 8-7129] Port S00_ACLK in module ursa_vanilla_tmr_hybrid_axi_interconnect_2_0 is either unconnected or has no load
WARNING: [Synth 8-7129] Port S00_ARESETN in module ursa_vanilla_tmr_hybrid_axi_interconnect_2_0 is either unconnected or has no load
WARNING: [Synth 8-7129] Port S01_ACLK in module ursa_vanilla_tmr_hybrid_axi_interconnect_2_0 is either unconnected or has no load
WARNING: [Synth 8-7129] Port S01_ARESETN in module ursa_vanilla_tmr_hybrid_axi_interconnect_2_0 is either unconnected or has no load
WARNING: [Synth 8-7129] Port M_ACLK in module s01_couplers_imp_NPNIFT is either unconnected or has no load
WARNING: [Synth 8-7129] Port M_ARESETN in module s01_couplers_imp_NPNIFT is either unconnected or has no load
WARNING: [Synth 8-7129] Port S_ACLK in module s01_couplers_imp_NPNIFT is either unconnected or has no load
WARNING: [Synth 8-7129] Port S_ARESETN in module s01_couplers_imp_NPNIFT is either unconnected or has no load
WARNING: [Synth 8-7129] Port M_ACLK in module s00_couplers_imp_RM2416 is either unconnected or has no load
WARNING: [Synth 8-7129] Port M_ARESETN in module s00_couplers_imp_RM2416 is either unconnected or has no load
WARNING: [Synth 8-7129] Port S_ACLK in module s00_couplers_imp_RM2416 is either unconnected or has no load
WARNING: [Synth 8-7129] Port S_ARESETN in module s00_couplers_imp_RM2416 is either unconnected or has no load
WARNING: [Synth 8-7129] Port M_ACLK in module m00_couplers_imp_BWQSBB is either unconnected or has no load
WARNING: [Synth 8-7129] Port M_ARESETN in module m00_couplers_imp_BWQSBB is either unconnected or has no load
WARNING: [Synth 8-7129] Port S_ACLK in module m00_couplers_imp_BWQSBB is either unconnected or has no load
WARNING: [Synth 8-7129] Port S_ARESETN in module m00_couplers_imp_BWQSBB is either unconnected or has no load
WARNING: [Synth 8-7129] Port M00_ACLK in module ursa_vanilla_tmr_hybrid_axi_interconnect_1_0 is either unconnected or has no load
WARNING: [Synth 8-7129] Port M00_ARESETN in module ursa_vanilla_tmr_hybrid_axi_interconnect_1_0 is either unconnected or has no load
WARNING: [Synth 8-7129] Port S00_ACLK in module ursa_vanilla_tmr_hybrid_axi_interconnect_1_0 is either unconnected or has no load
WARNING: [Synth 8-7129] Port S00_ARESETN in module ursa_vanilla_tmr_hybrid_axi_interconnect_1_0 is either unconnected or has no load
WARNING: [Synth 8-7129] Port S01_ACLK in module ursa_vanilla_tmr_hybrid_axi_interconnect_1_0 is either unconnected or has no load
WARNING: [Synth 8-7129] Port S01_ARESETN in module ursa_vanilla_tmr_hybrid_axi_interconnect_1_0 is either unconnected or has no load
WARNING: [Synth 8-7129] Port M_ACLK in module s00_couplers_imp_1R3ZRP1 is either unconnected or has no load
WARNING: [Synth 8-7129] Port M_ARESETN in module s00_couplers_imp_1R3ZRP1 is either unconnected or has no load
WARNING: [Synth 8-7129] Port M_ACLK in module m02_couplers_imp_1JHH0RY is either unconnected or has no load
WARNING: [Synth 8-7129] Port M_ARESETN in module m02_couplers_imp_1JHH0RY is either unconnected or has no load
WARNING: [Synth 8-7129] Port S_ACLK in module m02_couplers_imp_1JHH0RY is either unconnected or has no load
WARNING: [Synth 8-7129] Port S_ARESETN in module m02_couplers_imp_1JHH0RY is either unconnected or has no load
WARNING: [Synth 8-7129] Port M_ACLK in module m01_couplers_imp_17JJZNF is either unconnected or has no load
WARNING: [Synth 8-7129] Port M_ARESETN in module m01_couplers_imp_17JJZNF is either unconnected or has no load
WARNING: [Synth 8-7129] Port M_ACLK in module m00_couplers_imp_1B76JEW is either unconnected or has no load
WARNING: [Synth 8-7129] Port M_ARESETN in module m00_couplers_imp_1B76JEW is either unconnected or has no load
WARNING: [Synth 8-7129] Port M00_ACLK in module ursa_vanilla_tmr_hybrid_axi_interconnect_0_0 is either unconnected or has no load
WARNING: [Synth 8-7129] Port M00_ARESETN in module ursa_vanilla_tmr_hybrid_axi_interconnect_0_0 is either unconnected or has no load
WARNING: [Synth 8-7129] Port M01_ACLK in module ursa_vanilla_tmr_hybrid_axi_interconnect_0_0 is either unconnected or has no load
WARNING: [Synth 8-7129] Port M01_ARESETN in module ursa_vanilla_tmr_hybrid_axi_interconnect_0_0 is either unconnected or has no load
WARNING: [Synth 8-7129] Port M02_ACLK in module ursa_vanilla_tmr_hybrid_axi_interconnect_0_0 is either unconnected or has no load
WARNING: [Synth 8-7129] Port M02_ARESETN in module ursa_vanilla_tmr_hybrid_axi_interconnect_0_0 is either unconnected or has no load
WARNING: [Synth 8-7129] Port S00_ACLK in module ursa_vanilla_tmr_hybrid_axi_interconnect_0_0 is either unconnected or has no load
WARNING: [Synth 8-7129] Port S00_ARESETN in module ursa_vanilla_tmr_hybrid_axi_interconnect_0_0 is either unconnected or has no load
---------------------------------------------------------------------------------
Finished RTL Elaboration : Time (s): cpu = 00:00:02 ; elapsed = 00:00:02 . Memory (MB): peak = 2191.832 ; gain = 503.684 ; free physical = 36875 ; free virtual = 72566
---------------------------------------------------------------------------------
---------------------------------------------------------------------------------
Start Handling Custom Attributes
---------------------------------------------------------------------------------
---------------------------------------------------------------------------------
Finished Handling Custom Attributes : Time (s): cpu = 00:00:02 ; elapsed = 00:00:02 . Memory (MB): peak = 2209.645 ; gain = 521.496 ; free physical = 36875 ; free virtual = 72566
---------------------------------------------------------------------------------
---------------------------------------------------------------------------------
Finished RTL Optimization Phase 1 : Time (s): cpu = 00:00:02 ; elapsed = 00:00:02 . Memory (MB): peak = 2209.645 ; gain = 521.496 ; free physical = 36875 ; free virtual = 72566
---------------------------------------------------------------------------------
Netlist sorting complete. Time (s): cpu = 00:00:00.01 ; elapsed = 00:00:00.01 . Memory (MB): peak = 2209.645 ; gain = 0.000 ; free physical = 36876 ; free virtual = 72567
INFO: [Project 1-570] Preparing netlist for logic optimization

Processing XDC Constraints
Initializing timing engine
Parsing XDC File [/home/ulisses/Projects/ursa/exp/output-stationary/bitstreams/ursa_vanilla_8x8_acc20_hybrid_tmr.proj/ursa_vanilla_8x8_acc20_hybrid_tmr.gen/sources_1/bd/ursa_vanilla_tmr_hybrid/ip/ursa_vanilla_tmr_hybrid_processing_system7_0_0/ursa_vanilla_tmr_hybrid_processing_system7_0_0/ursa_vanilla_tmr_hybrid_processing_system7_0_0_in_context.xdc] for cell 'ursa_vanilla_tmr_hybrid_i/processing_system7_0'
Finished Parsing XDC File [/home/ulisses/Projects/ursa/exp/output-stationary/bitstreams/ursa_vanilla_8x8_acc20_hybrid_tmr.proj/ursa_vanilla_8x8_acc20_hybrid_tmr.gen/sources_1/bd/ursa_vanilla_tmr_hybrid/ip/ursa_vanilla_tmr_hybrid_processing_system7_0_0/ursa_vanilla_tmr_hybrid_processing_system7_0_0/ursa_vanilla_tmr_hybrid_processing_system7_0_0_in_context.xdc] for cell 'ursa_vanilla_tmr_hybrid_i/processing_system7_0'
Parsing XDC File [/home/ulisses/Projects/ursa/exp/output-stationary/bitstreams/ursa_vanilla_8x8_acc20_hybrid_tmr.proj/ursa_vanilla_8x8_acc20_hybrid_tmr.gen/sources_1/bd/ursa_vanilla_tmr_hybrid/ip/ursa_vanilla_tmr_hybrid_proc_sys_reset_0_0/ursa_vanilla_tmr_hybrid_proc_sys_reset_0_0/ursa_vanilla_tmr_hybrid_proc_sys_reset_0_0_in_context.xdc] for cell 'ursa_vanilla_tmr_hybrid_i/proc_sys_reset_0'
Finished Parsing XDC File [/home/ulisses/Projects/ursa/exp/output-stationary/bitstreams/ursa_vanilla_8x8_acc20_hybrid_tmr.proj/ursa_vanilla_8x8_acc20_hybrid_tmr.gen/sources_1/bd/ursa_vanilla_tmr_hybrid/ip/ursa_vanilla_tmr_hybrid_proc_sys_reset_0_0/ursa_vanilla_tmr_hybrid_proc_sys_reset_0_0/ursa_vanilla_tmr_hybrid_proc_sys_reset_0_0_in_context.xdc] for cell 'ursa_vanilla_tmr_hybrid_i/proc_sys_reset_0'
Parsing XDC File [/home/ulisses/Projects/ursa/exp/output-stationary/bitstreams/ursa_vanilla_8x8_acc20_hybrid_tmr.proj/ursa_vanilla_8x8_acc20_hybrid_tmr.gen/sources_1/bd/ursa_vanilla_tmr_hybrid/ip/ursa_vanilla_tmr_hybrid_xbar_0/ursa_vanilla_tmr_hybrid_xbar_0/ursa_vanilla_tmr_hybrid_xbar_0_in_context.xdc] for cell 'ursa_vanilla_tmr_hybrid_i/axi_interconnect_0/xbar'
Finished Parsing XDC File [/home/ulisses/Projects/ursa/exp/output-stationary/bitstreams/ursa_vanilla_8x8_acc20_hybrid_tmr.proj/ursa_vanilla_8x8_acc20_hybrid_tmr.gen/sources_1/bd/ursa_vanilla_tmr_hybrid/ip/ursa_vanilla_tmr_hybrid_xbar_0/ursa_vanilla_tmr_hybrid_xbar_0/ursa_vanilla_tmr_hybrid_xbar_0_in_context.xdc] for cell 'ursa_vanilla_tmr_hybrid_i/axi_interconnect_0/xbar'
Parsing XDC File [/home/ulisses/Projects/ursa/exp/output-stationary/bitstreams/ursa_vanilla_8x8_acc20_hybrid_tmr.proj/ursa_vanilla_8x8_acc20_hybrid_tmr.gen/sources_1/bd/ursa_vanilla_tmr_hybrid/ip/ursa_vanilla_tmr_hybrid_auto_pc_2/ursa_vanilla_tmr_hybrid_auto_pc_2/ursa_vanilla_tmr_hybrid_auto_pc_2_in_context.xdc] for cell 'ursa_vanilla_tmr_hybrid_i/axi_interconnect_0/s00_couplers/auto_pc'
Finished Parsing XDC File [/home/ulisses/Projects/ursa/exp/output-stationary/bitstreams/ursa_vanilla_8x8_acc20_hybrid_tmr.proj/ursa_vanilla_8x8_acc20_hybrid_tmr.gen/sources_1/bd/ursa_vanilla_tmr_hybrid/ip/ursa_vanilla_tmr_hybrid_auto_pc_2/ursa_vanilla_tmr_hybrid_auto_pc_2/ursa_vanilla_tmr_hybrid_auto_pc_2_in_context.xdc] for cell 'ursa_vanilla_tmr_hybrid_i/axi_interconnect_0/s00_couplers/auto_pc'
Parsing XDC File [/home/ulisses/Projects/ursa/exp/output-stationary/bitstreams/ursa_vanilla_8x8_acc20_hybrid_tmr.proj/ursa_vanilla_8x8_acc20_hybrid_tmr.gen/sources_1/bd/ursa_vanilla_tmr_hybrid/ip/ursa_vanilla_tmr_hybrid_auto_pc_0/ursa_vanilla_tmr_hybrid_auto_pc_0/ursa_vanilla_tmr_hybrid_auto_pc_1_in_context.xdc] for cell 'ursa_vanilla_tmr_hybrid_i/axi_interconnect_0/m00_couplers/auto_pc'
Finished Parsing XDC File [/home/ulisses/Projects/ursa/exp/output-stationary/bitstreams/ursa_vanilla_8x8_acc20_hybrid_tmr.proj/ursa_vanilla_8x8_acc20_hybrid_tmr.gen/sources_1/bd/ursa_vanilla_tmr_hybrid/ip/ursa_vanilla_tmr_hybrid_auto_pc_0/ursa_vanilla_tmr_hybrid_auto_pc_0/ursa_vanilla_tmr_hybrid_auto_pc_1_in_context.xdc] for cell 'ursa_vanilla_tmr_hybrid_i/axi_interconnect_0/m00_couplers/auto_pc'
Parsing XDC File [/home/ulisses/Projects/ursa/exp/output-stationary/bitstreams/ursa_vanilla_8x8_acc20_hybrid_tmr.proj/ursa_vanilla_8x8_acc20_hybrid_tmr.gen/sources_1/bd/ursa_vanilla_tmr_hybrid/ip/ursa_vanilla_tmr_hybrid_auto_pc_1/ursa_vanilla_tmr_hybrid_auto_pc_1/ursa_vanilla_tmr_hybrid_auto_pc_1_in_context.xdc] for cell 'ursa_vanilla_tmr_hybrid_i/axi_interconnect_0/m01_couplers/auto_pc'
Finished Parsing XDC File [/home/ulisses/Projects/ursa/exp/output-stationary/bitstreams/ursa_vanilla_8x8_acc20_hybrid_tmr.proj/ursa_vanilla_8x8_acc20_hybrid_tmr.gen/sources_1/bd/ursa_vanilla_tmr_hybrid/ip/ursa_vanilla_tmr_hybrid_auto_pc_1/ursa_vanilla_tmr_hybrid_auto_pc_1/ursa_vanilla_tmr_hybrid_auto_pc_1_in_context.xdc] for cell 'ursa_vanilla_tmr_hybrid_i/axi_interconnect_0/m01_couplers/auto_pc'
Parsing XDC File [/home/ulisses/Projects/ursa/exp/output-stationary/bitstreams/ursa_vanilla_8x8_acc20_hybrid_tmr.proj/ursa_vanilla_8x8_acc20_hybrid_tmr.gen/sources_1/bd/ursa_vanilla_tmr_hybrid/ip/ursa_vanilla_tmr_hybrid_mxm_execute_ursa_0_0/ursa_vanilla_tmr_hybrid_mxm_execute_ursa_0_0/ursa_vanilla_tmr_hybrid_mxm_execute_ursa_2_0_in_context.xdc] for cell 'ursa_vanilla_tmr_hybrid_i/mxm_execute_ursa_0'
Finished Parsing XDC File [/home/ulisses/Projects/ursa/exp/output-stationary/bitstreams/ursa_vanilla_8x8_acc20_hybrid_tmr.proj/ursa_vanilla_8x8_acc20_hybrid_tmr.gen/sources_1/bd/ursa_vanilla_tmr_hybrid/ip/ursa_vanilla_tmr_hybrid_mxm_execute_ursa_0_0/ursa_vanilla_tmr_hybrid_mxm_execute_ursa_0_0/ursa_vanilla_tmr_hybrid_mxm_execute_ursa_2_0_in_context.xdc] for cell 'ursa_vanilla_tmr_hybrid_i/mxm_execute_ursa_0'
Parsing XDC File [/home/ulisses/Projects/ursa/exp/output-stationary/bitstreams/ursa_vanilla_8x8_acc20_hybrid_tmr.proj/ursa_vanilla_8x8_acc20_hybrid_tmr.gen/sources_1/bd/ursa_vanilla_tmr_hybrid/ip/ursa_vanilla_tmr_hybrid_mxm_execute_ursa_1_0/ursa_vanilla_tmr_hybrid_mxm_execute_ursa_1_0/ursa_vanilla_tmr_hybrid_mxm_execute_ursa_2_0_in_context.xdc] for cell 'ursa_vanilla_tmr_hybrid_i/mxm_execute_ursa_1'
Finished Parsing XDC File [/home/ulisses/Projects/ursa/exp/output-stationary/bitstreams/ursa_vanilla_8x8_acc20_hybrid_tmr.proj/ursa_vanilla_8x8_acc20_hybrid_tmr.gen/sources_1/bd/ursa_vanilla_tmr_hybrid/ip/ursa_vanilla_tmr_hybrid_mxm_execute_ursa_1_0/ursa_vanilla_tmr_hybrid_mxm_execute_ursa_1_0/ursa_vanilla_tmr_hybrid_mxm_execute_ursa_2_0_in_context.xdc] for cell 'ursa_vanilla_tmr_hybrid_i/mxm_execute_ursa_1'
Parsing XDC File [/home/ulisses/Projects/ursa/exp/output-stationary/bitstreams/ursa_vanilla_8x8_acc20_hybrid_tmr.proj/ursa_vanilla_8x8_acc20_hybrid_tmr.gen/sources_1/bd/ursa_vanilla_tmr_hybrid/ip/ursa_vanilla_tmr_hybrid_mxm_execute_ursa_2_0/ursa_vanilla_tmr_hybrid_mxm_execute_ursa_2_0/ursa_vanilla_tmr_hybrid_mxm_execute_ursa_2_0_in_context.xdc] for cell 'ursa_vanilla_tmr_hybrid_i/mxm_execute_ursa_2'
Finished Parsing XDC File [/home/ulisses/Projects/ursa/exp/output-stationary/bitstreams/ursa_vanilla_8x8_acc20_hybrid_tmr.proj/ursa_vanilla_8x8_acc20_hybrid_tmr.gen/sources_1/bd/ursa_vanilla_tmr_hybrid/ip/ursa_vanilla_tmr_hybrid_mxm_execute_ursa_2_0/ursa_vanilla_tmr_hybrid_mxm_execute_ursa_2_0/ursa_vanilla_tmr_hybrid_mxm_execute_ursa_2_0_in_context.xdc] for cell 'ursa_vanilla_tmr_hybrid_i/mxm_execute_ursa_2'
Parsing XDC File [/home/ulisses/Projects/ursa/exp/output-stationary/bitstreams/ursa_vanilla_8x8_acc20_hybrid_tmr.proj/ursa_vanilla_8x8_acc20_hybrid_tmr.gen/sources_1/bd/ursa_vanilla_tmr_hybrid/ip/ursa_vanilla_tmr_hybrid_tmr_voter_0_0/ursa_vanilla_tmr_hybrid_tmr_voter_0_0/ursa_vanilla_tmr_hybrid_tmr_voter_0_0_in_context.xdc] for cell 'ursa_vanilla_tmr_hybrid_i/tmr_voter_0'
Finished Parsing XDC File [/home/ulisses/Projects/ursa/exp/output-stationary/bitstreams/ursa_vanilla_8x8_acc20_hybrid_tmr.proj/ursa_vanilla_8x8_acc20_hybrid_tmr.gen/sources_1/bd/ursa_vanilla_tmr_hybrid/ip/ursa_vanilla_tmr_hybrid_tmr_voter_0_0/ursa_vanilla_tmr_hybrid_tmr_voter_0_0/ursa_vanilla_tmr_hybrid_tmr_voter_0_0_in_context.xdc] for cell 'ursa_vanilla_tmr_hybrid_i/tmr_voter_0'
Parsing XDC File [/home/ulisses/Projects/ursa/exp/output-stationary/bitstreams/ursa_vanilla_8x8_acc20_hybrid_tmr.proj/ursa_vanilla_8x8_acc20_hybrid_tmr.gen/sources_1/bd/ursa_vanilla_tmr_hybrid/ip/ursa_vanilla_tmr_hybrid_tmr_voter_1_0/ursa_vanilla_tmr_hybrid_tmr_voter_1_0/ursa_vanilla_tmr_hybrid_tmr_voter_0_0_in_context.xdc] for cell 'ursa_vanilla_tmr_hybrid_i/tmr_voter_1'
Finished Parsing XDC File [/home/ulisses/Projects/ursa/exp/output-stationary/bitstreams/ursa_vanilla_8x8_acc20_hybrid_tmr.proj/ursa_vanilla_8x8_acc20_hybrid_tmr.gen/sources_1/bd/ursa_vanilla_tmr_hybrid/ip/ursa_vanilla_tmr_hybrid_tmr_voter_1_0/ursa_vanilla_tmr_hybrid_tmr_voter_1_0/ursa_vanilla_tmr_hybrid_tmr_voter_0_0_in_context.xdc] for cell 'ursa_vanilla_tmr_hybrid_i/tmr_voter_1'
Parsing XDC File [/home/ulisses/Projects/ursa/exp/output-stationary/bitstreams/ursa_vanilla_8x8_acc20_hybrid_tmr.proj/ursa_vanilla_8x8_acc20_hybrid_tmr.gen/sources_1/bd/ursa_vanilla_tmr_hybrid/ip/ursa_vanilla_tmr_hybrid_axi_bram_ctrl_0_0/ursa_vanilla_tmr_hybrid_axi_bram_ctrl_0_0/ursa_vanilla_tmr_hybrid_axi_bram_ctrl_0_0_in_context.xdc] for cell 'ursa_vanilla_tmr_hybrid_i/axi_bram_ctrl_0'
Finished Parsing XDC File [/home/ulisses/Projects/ursa/exp/output-stationary/bitstreams/ursa_vanilla_8x8_acc20_hybrid_tmr.proj/ursa_vanilla_8x8_acc20_hybrid_tmr.gen/sources_1/bd/ursa_vanilla_tmr_hybrid/ip/ursa_vanilla_tmr_hybrid_axi_bram_ctrl_0_0/ursa_vanilla_tmr_hybrid_axi_bram_ctrl_0_0/ursa_vanilla_tmr_hybrid_axi_bram_ctrl_0_0_in_context.xdc] for cell 'ursa_vanilla_tmr_hybrid_i/axi_bram_ctrl_0'
Parsing XDC File [/home/ulisses/Projects/ursa/exp/output-stationary/bitstreams/ursa_vanilla_8x8_acc20_hybrid_tmr.proj/ursa_vanilla_8x8_acc20_hybrid_tmr.gen/sources_1/bd/ursa_vanilla_tmr_hybrid/ip/ursa_vanilla_tmr_hybrid_blk_mem_gen_0_0/ursa_vanilla_tmr_hybrid_blk_mem_gen_0_0/ursa_vanilla_tmr_hybrid_blk_mem_gen_0_0_in_context.xdc] for cell 'ursa_vanilla_tmr_hybrid_i/blk_mem_gen_0'
Finished Parsing XDC File [/home/ulisses/Projects/ursa/exp/output-stationary/bitstreams/ursa_vanilla_8x8_acc20_hybrid_tmr.proj/ursa_vanilla_8x8_acc20_hybrid_tmr.gen/sources_1/bd/ursa_vanilla_tmr_hybrid/ip/ursa_vanilla_tmr_hybrid_blk_mem_gen_0_0/ursa_vanilla_tmr_hybrid_blk_mem_gen_0_0/ursa_vanilla_tmr_hybrid_blk_mem_gen_0_0_in_context.xdc] for cell 'ursa_vanilla_tmr_hybrid_i/blk_mem_gen_0'
Parsing XDC File [/home/ulisses/Projects/ursa/exp/output-stationary/bitstreams/ursa_vanilla_8x8_acc20_hybrid_tmr.proj/ursa_vanilla_8x8_acc20_hybrid_tmr.gen/sources_1/bd/ursa_vanilla_tmr_hybrid/ip/ursa_vanilla_tmr_hybrid_xbar_1/ursa_vanilla_tmr_hybrid_xbar_1/ursa_vanilla_tmr_hybrid_xbar_1_in_context.xdc] for cell 'ursa_vanilla_tmr_hybrid_i/axi_interconnect_1/xbar'
Finished Parsing XDC File [/home/ulisses/Projects/ursa/exp/output-stationary/bitstreams/ursa_vanilla_8x8_acc20_hybrid_tmr.proj/ursa_vanilla_8x8_acc20_hybrid_tmr.gen/sources_1/bd/ursa_vanilla_tmr_hybrid/ip/ursa_vanilla_tmr_hybrid_xbar_1/ursa_vanilla_tmr_hybrid_xbar_1/ursa_vanilla_tmr_hybrid_xbar_1_in_context.xdc] for cell 'ursa_vanilla_tmr_hybrid_i/axi_interconnect_1/xbar'
Parsing XDC File [/home/ulisses/Projects/ursa/exp/output-stationary/bitstreams/ursa_vanilla_8x8_acc20_hybrid_tmr.proj/ursa_vanilla_8x8_acc20_hybrid_tmr.gen/sources_1/bd/ursa_vanilla_tmr_hybrid/ip/ursa_vanilla_tmr_hybrid_xbar_2/ursa_vanilla_tmr_hybrid_xbar_2/ursa_vanilla_tmr_hybrid_xbar_2_in_context.xdc] for cell 'ursa_vanilla_tmr_hybrid_i/axi_interconnect_2/xbar'
Finished Parsing XDC File [/home/ulisses/Projects/ursa/exp/output-stationary/bitstreams/ursa_vanilla_8x8_acc20_hybrid_tmr.proj/ursa_vanilla_8x8_acc20_hybrid_tmr.gen/sources_1/bd/ursa_vanilla_tmr_hybrid/ip/ursa_vanilla_tmr_hybrid_xbar_2/ursa_vanilla_tmr_hybrid_xbar_2/ursa_vanilla_tmr_hybrid_xbar_2_in_context.xdc] for cell 'ursa_vanilla_tmr_hybrid_i/axi_interconnect_2/xbar'
Parsing XDC File [/home/ulisses/Projects/ursa/exp/output-stationary/bitstreams/ursa_vanilla_8x8_acc20_hybrid_tmr.proj/ursa_vanilla_8x8_acc20_hybrid_tmr.gen/sources_1/bd/ursa_vanilla_tmr_hybrid/ip/ursa_vanilla_tmr_hybrid_auto_us_0/ursa_vanilla_tmr_hybrid_auto_us_0/ursa_vanilla_tmr_hybrid_auto_us_0_in_context.xdc] for cell 'ursa_vanilla_tmr_hybrid_i/axi_interconnect_2/s00_couplers/auto_us'
Finished Parsing XDC File [/home/ulisses/Projects/ursa/exp/output-stationary/bitstreams/ursa_vanilla_8x8_acc20_hybrid_tmr.proj/ursa_vanilla_8x8_acc20_hybrid_tmr.gen/sources_1/bd/ursa_vanilla_tmr_hybrid/ip/ursa_vanilla_tmr_hybrid_auto_us_0/ursa_vanilla_tmr_hybrid_auto_us_0/ursa_vanilla_tmr_hybrid_auto_us_0_in_context.xdc] for cell 'ursa_vanilla_tmr_hybrid_i/axi_interconnect_2/s00_couplers/auto_us'
Parsing XDC File [/home/ulisses/Projects/ursa/exp/output-stationary/bitstreams/ursa_vanilla_8x8_acc20_hybrid_tmr.proj/ursa_vanilla_8x8_acc20_hybrid_tmr.gen/sources_1/bd/ursa_vanilla_tmr_hybrid/ip/ursa_vanilla_tmr_hybrid_auto_us_1/ursa_vanilla_tmr_hybrid_auto_us_1/ursa_vanilla_tmr_hybrid_auto_us_1_in_context.xdc] for cell 'ursa_vanilla_tmr_hybrid_i/axi_interconnect_2/s01_couplers/auto_us'
Finished Parsing XDC File [/home/ulisses/Projects/ursa/exp/output-stationary/bitstreams/ursa_vanilla_8x8_acc20_hybrid_tmr.proj/ursa_vanilla_8x8_acc20_hybrid_tmr.gen/sources_1/bd/ursa_vanilla_tmr_hybrid/ip/ursa_vanilla_tmr_hybrid_auto_us_1/ursa_vanilla_tmr_hybrid_auto_us_1/ursa_vanilla_tmr_hybrid_auto_us_1_in_context.xdc] for cell 'ursa_vanilla_tmr_hybrid_i/axi_interconnect_2/s01_couplers/auto_us'
Parsing XDC File [/home/ulisses/Projects/ursa/exp/output-stationary/bitstreams/ursa_vanilla_8x8_acc20_hybrid_tmr.proj/ursa_vanilla_8x8_acc20_hybrid_tmr.gen/sources_1/bd/ursa_vanilla_tmr_hybrid/ip/ursa_vanilla_tmr_hybrid_auto_pc_3/ursa_vanilla_tmr_hybrid_auto_pc_3/ursa_vanilla_tmr_hybrid_auto_pc_3_in_context.xdc] for cell 'ursa_vanilla_tmr_hybrid_i/axi_interconnect_2/m00_couplers/auto_pc'
Finished Parsing XDC File [/home/ulisses/Projects/ursa/exp/output-stationary/bitstreams/ursa_vanilla_8x8_acc20_hybrid_tmr.proj/ursa_vanilla_8x8_acc20_hybrid_tmr.gen/sources_1/bd/ursa_vanilla_tmr_hybrid/ip/ursa_vanilla_tmr_hybrid_auto_pc_3/ursa_vanilla_tmr_hybrid_auto_pc_3/ursa_vanilla_tmr_hybrid_auto_pc_3_in_context.xdc] for cell 'ursa_vanilla_tmr_hybrid_i/axi_interconnect_2/m00_couplers/auto_pc'
Parsing XDC File [/home/ulisses/Projects/ursa/exp/output-stationary/bitstreams/ursa_vanilla_8x8_acc20_hybrid_tmr.proj/ursa_vanilla_8x8_acc20_hybrid_tmr.gen/sources_1/bd/ursa_vanilla_tmr_hybrid/ip/ursa_vanilla_tmr_hybrid_tmr_voter_2_0/ursa_vanilla_tmr_hybrid_tmr_voter_2_0/ursa_vanilla_tmr_hybrid_tmr_voter_2_0_in_context.xdc] for cell 'ursa_vanilla_tmr_hybrid_i/tmr_voter_2'
Finished Parsing XDC File [/home/ulisses/Projects/ursa/exp/output-stationary/bitstreams/ursa_vanilla_8x8_acc20_hybrid_tmr.proj/ursa_vanilla_8x8_acc20_hybrid_tmr.gen/sources_1/bd/ursa_vanilla_tmr_hybrid/ip/ursa_vanilla_tmr_hybrid_tmr_voter_2_0/ursa_vanilla_tmr_hybrid_tmr_voter_2_0/ursa_vanilla_tmr_hybrid_tmr_voter_2_0_in_context.xdc] for cell 'ursa_vanilla_tmr_hybrid_i/tmr_voter_2'
Parsing XDC File [/home/ulisses/Projects/ursa/exp/output-stationary/bitstreams/ursa_vanilla_8x8_acc20_hybrid_tmr.proj/ursa_vanilla_8x8_acc20_hybrid_tmr.gen/sources_1/bd/ursa_vanilla_tmr_hybrid/ip/ursa_vanilla_tmr_hybrid_tmr_voter_3_0/ursa_vanilla_tmr_hybrid_tmr_voter_3_0/ursa_vanilla_tmr_hybrid_tmr_voter_2_0_in_context.xdc] for cell 'ursa_vanilla_tmr_hybrid_i/tmr_voter_3'
Finished Parsing XDC File [/home/ulisses/Projects/ursa/exp/output-stationary/bitstreams/ursa_vanilla_8x8_acc20_hybrid_tmr.proj/ursa_vanilla_8x8_acc20_hybrid_tmr.gen/sources_1/bd/ursa_vanilla_tmr_hybrid/ip/ursa_vanilla_tmr_hybrid_tmr_voter_3_0/ursa_vanilla_tmr_hybrid_tmr_voter_3_0/ursa_vanilla_tmr_hybrid_tmr_voter_2_0_in_context.xdc] for cell 'ursa_vanilla_tmr_hybrid_i/tmr_voter_3'
Parsing XDC File [/home/ulisses/Projects/ursa/exp/output-stationary/bitstreams/ursa_vanilla_8x8_acc20_hybrid_tmr.proj/ursa_vanilla_8x8_acc20_hybrid_tmr.gen/sources_1/bd/ursa_vanilla_tmr_hybrid/ip/ursa_vanilla_tmr_hybrid_tmr_voter_4_0/ursa_vanilla_tmr_hybrid_tmr_voter_4_0/ursa_vanilla_tmr_hybrid_tmr_voter_2_0_in_context.xdc] for cell 'ursa_vanilla_tmr_hybrid_i/tmr_voter_4'
Finished Parsing XDC File [/home/ulisses/Projects/ursa/exp/output-stationary/bitstreams/ursa_vanilla_8x8_acc20_hybrid_tmr.proj/ursa_vanilla_8x8_acc20_hybrid_tmr.gen/sources_1/bd/ursa_vanilla_tmr_hybrid/ip/ursa_vanilla_tmr_hybrid_tmr_voter_4_0/ursa_vanilla_tmr_hybrid_tmr_voter_4_0/ursa_vanilla_tmr_hybrid_tmr_voter_2_0_in_context.xdc] for cell 'ursa_vanilla_tmr_hybrid_i/tmr_voter_4'
Parsing XDC File [/home/ulisses/Projects/ursa/exp/output-stationary/bitstreams/ursa_vanilla_8x8_acc20_hybrid_tmr.proj/ursa_vanilla_8x8_acc20_hybrid_tmr.runs/synth_1/dont_touch.xdc]
Finished Parsing XDC File [/home/ulisses/Projects/ursa/exp/output-stationary/bitstreams/ursa_vanilla_8x8_acc20_hybrid_tmr.proj/ursa_vanilla_8x8_acc20_hybrid_tmr.runs/synth_1/dont_touch.xdc]
Completed Processing XDC Constraints

Netlist sorting complete. Time (s): cpu = 00:00:00 ; elapsed = 00:00:00 . Memory (MB): peak = 2314.598 ; gain = 0.000 ; free physical = 36868 ; free virtual = 72559
INFO: [Project 1-111] Unisim Transformation Summary:
No Unisim elements were transformed.

Constraint Validation Runtime : Time (s): cpu = 00:00:00 ; elapsed = 00:00:00.01 . Memory (MB): peak = 2314.633 ; gain = 0.000 ; free physical = 36868 ; free virtual = 72559
WARNING: [Timing 38-316] Clock period '20.000' specified during out-of-context synthesis of instance 'ursa_vanilla_tmr_hybrid_i/blk_mem_gen_0' at clock pin 'clka' is different from the actual clock period '10.000', this can lead to different synthesis results.
---------------------------------------------------------------------------------
Finished Constraint Validation : Time (s): cpu = 00:00:05 ; elapsed = 00:00:05 . Memory (MB): peak = 2314.633 ; gain = 626.484 ; free physical = 36872 ; free virtual = 72563
---------------------------------------------------------------------------------
---------------------------------------------------------------------------------
Start Loading Part and Timing Information
---------------------------------------------------------------------------------
Loading part: xc7z020clg484-1
---------------------------------------------------------------------------------
Finished Loading Part and Timing Information : Time (s): cpu = 00:00:05 ; elapsed = 00:00:05 . Memory (MB): peak = 2314.633 ; gain = 626.484 ; free physical = 36872 ; free virtual = 72563
---------------------------------------------------------------------------------
---------------------------------------------------------------------------------
Start Applying 'set_property' XDC Constraints
---------------------------------------------------------------------------------
Applied set_property IO_BUFFER_TYPE = NONE for DDR_addr[0]. (constraint file  /home/ulisses/Projects/ursa/exp/output-stationary/bitstreams/ursa_vanilla_8x8_acc20_hybrid_tmr.proj/ursa_vanilla_8x8_acc20_hybrid_tmr.gen/sources_1/bd/ursa_vanilla_tmr_hybrid/ip/ursa_vanilla_tmr_hybrid_processing_system7_0_0/ursa_vanilla_tmr_hybrid_processing_system7_0_0/ursa_vanilla_tmr_hybrid_processing_system7_0_0_in_context.xdc, line 2).
Applied set_property CLOCK_BUFFER_TYPE = NONE for DDR_addr[0]. (constraint file  /home/ulisses/Projects/ursa/exp/output-stationary/bitstreams/ursa_vanilla_8x8_acc20_hybrid_tmr.proj/ursa_vanilla_8x8_acc20_hybrid_tmr.gen/sources_1/bd/ursa_vanilla_tmr_hybrid/ip/ursa_vanilla_tmr_hybrid_processing_system7_0_0/ursa_vanilla_tmr_hybrid_processing_system7_0_0/ursa_vanilla_tmr_hybrid_processing_system7_0_0_in_context.xdc, line 3).
Applied set_property IO_BUFFER_TYPE = NONE for DDR_addr[10]. (constraint file  /home/ulisses/Projects/ursa/exp/output-stationary/bitstreams/ursa_vanilla_8x8_acc20_hybrid_tmr.proj/ursa_vanilla_8x8_acc20_hybrid_tmr.gen/sources_1/bd/ursa_vanilla_tmr_hybrid/ip/ursa_vanilla_tmr_hybrid_processing_system7_0_0/ursa_vanilla_tmr_hybrid_processing_system7_0_0/ursa_vanilla_tmr_hybrid_processing_system7_0_0_in_context.xdc, line 4).
Applied set_property CLOCK_BUFFER_TYPE = NONE for DDR_addr[10]. (constraint file  /home/ulisses/Projects/ursa/exp/output-stationary/bitstreams/ursa_vanilla_8x8_acc20_hybrid_tmr.proj/ursa_vanilla_8x8_acc20_hybrid_tmr.gen/sources_1/bd/ursa_vanilla_tmr_hybrid/ip/ursa_vanilla_tmr_hybrid_processing_system7_0_0/ursa_vanilla_tmr_hybrid_processing_system7_0_0/ursa_vanilla_tmr_hybrid_processing_system7_0_0_in_context.xdc, line 5).
Applied set_property IO_BUFFER_TYPE = NONE for DDR_addr[11]. (constraint file  /home/ulisses/Projects/ursa/exp/output-stationary/bitstreams/ursa_vanilla_8x8_acc20_hybrid_tmr.proj/ursa_vanilla_8x8_acc20_hybrid_tmr.gen/sources_1/bd/ursa_vanilla_tmr_hybrid/ip/ursa_vanilla_tmr_hybrid_processing_system7_0_0/ursa_vanilla_tmr_hybrid_processing_system7_0_0/ursa_vanilla_tmr_hybrid_processing_system7_0_0_in_context.xdc, line 6).
Applied set_property CLOCK_BUFFER_TYPE = NONE for DDR_addr[11]. (constraint file  /home/ulisses/Projects/ursa/exp/output-stationary/bitstreams/ursa_vanilla_8x8_acc20_hybrid_tmr.proj/ursa_vanilla_8x8_acc20_hybrid_tmr.gen/sources_1/bd/ursa_vanilla_tmr_hybrid/ip/ursa_vanilla_tmr_hybrid_processing_system7_0_0/ursa_vanilla_tmr_hybrid_processing_system7_0_0/ursa_vanilla_tmr_hybrid_processing_system7_0_0_in_context.xdc, line 7).
Applied set_property IO_BUFFER_TYPE = NONE for DDR_addr[12]. (constraint file  /home/ulisses/Projects/ursa/exp/output-stationary/bitstreams/ursa_vanilla_8x8_acc20_hybrid_tmr.proj/ursa_vanilla_8x8_acc20_hybrid_tmr.gen/sources_1/bd/ursa_vanilla_tmr_hybrid/ip/ursa_vanilla_tmr_hybrid_processing_system7_0_0/ursa_vanilla_tmr_hybrid_processing_system7_0_0/ursa_vanilla_tmr_hybrid_processing_system7_0_0_in_context.xdc, line 8).
Applied set_property CLOCK_BUFFER_TYPE = NONE for DDR_addr[12]. (constraint file  /home/ulisses/Projects/ursa/exp/output-stationary/bitstreams/ursa_vanilla_8x8_acc20_hybrid_tmr.proj/ursa_vanilla_8x8_acc20_hybrid_tmr.gen/sources_1/bd/ursa_vanilla_tmr_hybrid/ip/ursa_vanilla_tmr_hybrid_processing_system7_0_0/ursa_vanilla_tmr_hybrid_processing_system7_0_0/ursa_vanilla_tmr_hybrid_processing_system7_0_0_in_context.xdc, line 9).
Applied set_property IO_BUFFER_TYPE = NONE for DDR_addr[13]. (constraint file  /home/ulisses/Projects/ursa/exp/output-stationary/bitstreams/ursa_vanilla_8x8_acc20_hybrid_tmr.proj/ursa_vanilla_8x8_acc20_hybrid_tmr.gen/sources_1/bd/ursa_vanilla_tmr_hybrid/ip/ursa_vanilla_tmr_hybrid_processing_system7_0_0/ursa_vanilla_tmr_hybrid_processing_system7_0_0/ursa_vanilla_tmr_hybrid_processing_system7_0_0_in_context.xdc, line 10).
Applied set_property CLOCK_BUFFER_TYPE = NONE for DDR_addr[13]. (constraint file  /home/ulisses/Projects/ursa/exp/output-stationary/bitstreams/ursa_vanilla_8x8_acc20_hybrid_tmr.proj/ursa_vanilla_8x8_acc20_hybrid_tmr.gen/sources_1/bd/ursa_vanilla_tmr_hybrid/ip/ursa_vanilla_tmr_hybrid_processing_system7_0_0/ursa_vanilla_tmr_hybrid_processing_system7_0_0/ursa_vanilla_tmr_hybrid_processing_system7_0_0_in_context.xdc, line 11).
Applied set_property IO_BUFFER_TYPE = NONE for DDR_addr[14]. (constraint file  /home/ulisses/Projects/ursa/exp/output-stationary/bitstreams/ursa_vanilla_8x8_acc20_hybrid_tmr.proj/ursa_vanilla_8x8_acc20_hybrid_tmr.gen/sources_1/bd/ursa_vanilla_tmr_hybrid/ip/ursa_vanilla_tmr_hybrid_processing_system7_0_0/ursa_vanilla_tmr_hybrid_processing_system7_0_0/ursa_vanilla_tmr_hybrid_processing_system7_0_0_in_context.xdc, line 12).
Applied set_property CLOCK_BUFFER_TYPE = NONE for DDR_addr[14]. (constraint file  /home/ulisses/Projects/ursa/exp/output-stationary/bitstreams/ursa_vanilla_8x8_acc20_hybrid_tmr.proj/ursa_vanilla_8x8_acc20_hybrid_tmr.gen/sources_1/bd/ursa_vanilla_tmr_hybrid/ip/ursa_vanilla_tmr_hybrid_processing_system7_0_0/ursa_vanilla_tmr_hybrid_processing_system7_0_0/ursa_vanilla_tmr_hybrid_processing_system7_0_0_in_context.xdc, line 13).
Applied set_property IO_BUFFER_TYPE = NONE for DDR_addr[1]. (constraint file  /home/ulisses/Projects/ursa/exp/output-stationary/bitstreams/ursa_vanilla_8x8_acc20_hybrid_tmr.proj/ursa_vanilla_8x8_acc20_hybrid_tmr.gen/sources_1/bd/ursa_vanilla_tmr_hybrid/ip/ursa_vanilla_tmr_hybrid_processing_system7_0_0/ursa_vanilla_tmr_hybrid_processing_system7_0_0/ursa_vanilla_tmr_hybrid_processing_system7_0_0_in_context.xdc, line 14).
Applied set_property CLOCK_BUFFER_TYPE = NONE for DDR_addr[1]. (constraint file  /home/ulisses/Projects/ursa/exp/output-stationary/bitstreams/ursa_vanilla_8x8_acc20_hybrid_tmr.proj/ursa_vanilla_8x8_acc20_hybrid_tmr.gen/sources_1/bd/ursa_vanilla_tmr_hybrid/ip/ursa_vanilla_tmr_hybrid_processing_system7_0_0/ursa_vanilla_tmr_hybrid_processing_system7_0_0/ursa_vanilla_tmr_hybrid_processing_system7_0_0_in_context.xdc, line 15).
Applied set_property IO_BUFFER_TYPE = NONE for DDR_addr[2]. (constraint file  /home/ulisses/Projects/ursa/exp/output-stationary/bitstreams/ursa_vanilla_8x8_acc20_hybrid_tmr.proj/ursa_vanilla_8x8_acc20_hybrid_tmr.gen/sources_1/bd/ursa_vanilla_tmr_hybrid/ip/ursa_vanilla_tmr_hybrid_processing_system7_0_0/ursa_vanilla_tmr_hybrid_processing_system7_0_0/ursa_vanilla_tmr_hybrid_processing_system7_0_0_in_context.xdc, line 16).
Applied set_property CLOCK_BUFFER_TYPE = NONE for DDR_addr[2]. (constraint file  /home/ulisses/Projects/ursa/exp/output-stationary/bitstreams/ursa_vanilla_8x8_acc20_hybrid_tmr.proj/ursa_vanilla_8x8_acc20_hybrid_tmr.gen/sources_1/bd/ursa_vanilla_tmr_hybrid/ip/ursa_vanilla_tmr_hybrid_processing_system7_0_0/ursa_vanilla_tmr_hybrid_processing_system7_0_0/ursa_vanilla_tmr_hybrid_processing_system7_0_0_in_context.xdc, line 17).
Applied set_property IO_BUFFER_TYPE = NONE for DDR_addr[3]. (constraint file  /home/ulisses/Projects/ursa/exp/output-stationary/bitstreams/ursa_vanilla_8x8_acc20_hybrid_tmr.proj/ursa_vanilla_8x8_acc20_hybrid_tmr.gen/sources_1/bd/ursa_vanilla_tmr_hybrid/ip/ursa_vanilla_tmr_hybrid_processing_system7_0_0/ursa_vanilla_tmr_hybrid_processing_system7_0_0/ursa_vanilla_tmr_hybrid_processing_system7_0_0_in_context.xdc, line 18).
Applied set_property CLOCK_BUFFER_TYPE = NONE for DDR_addr[3]. (constraint file  /home/ulisses/Projects/ursa/exp/output-stationary/bitstreams/ursa_vanilla_8x8_acc20_hybrid_tmr.proj/ursa_vanilla_8x8_acc20_hybrid_tmr.gen/sources_1/bd/ursa_vanilla_tmr_hybrid/ip/ursa_vanilla_tmr_hybrid_processing_system7_0_0/ursa_vanilla_tmr_hybrid_processing_system7_0_0/ursa_vanilla_tmr_hybrid_processing_system7_0_0_in_context.xdc, line 19).
Applied set_property IO_BUFFER_TYPE = NONE for DDR_addr[4]. (constraint file  /home/ulisses/Projects/ursa/exp/output-stationary/bitstreams/ursa_vanilla_8x8_acc20_hybrid_tmr.proj/ursa_vanilla_8x8_acc20_hybrid_tmr.gen/sources_1/bd/ursa_vanilla_tmr_hybrid/ip/ursa_vanilla_tmr_hybrid_processing_system7_0_0/ursa_vanilla_tmr_hybrid_processing_system7_0_0/ursa_vanilla_tmr_hybrid_processing_system7_0_0_in_context.xdc, line 20).
Applied set_property CLOCK_BUFFER_TYPE = NONE for DDR_addr[4]. (constraint file  /home/ulisses/Projects/ursa/exp/output-stationary/bitstreams/ursa_vanilla_8x8_acc20_hybrid_tmr.proj/ursa_vanilla_8x8_acc20_hybrid_tmr.gen/sources_1/bd/ursa_vanilla_tmr_hybrid/ip/ursa_vanilla_tmr_hybrid_processing_system7_0_0/ursa_vanilla_tmr_hybrid_processing_system7_0_0/ursa_vanilla_tmr_hybrid_processing_system7_0_0_in_context.xdc, line 21).
Applied set_property IO_BUFFER_TYPE = NONE for DDR_addr[5]. (constraint file  /home/ulisses/Projects/ursa/exp/output-stationary/bitstreams/ursa_vanilla_8x8_acc20_hybrid_tmr.proj/ursa_vanilla_8x8_acc20_hybrid_tmr.gen/sources_1/bd/ursa_vanilla_tmr_hybrid/ip/ursa_vanilla_tmr_hybrid_processing_system7_0_0/ursa_vanilla_tmr_hybrid_processing_system7_0_0/ursa_vanilla_tmr_hybrid_processing_system7_0_0_in_context.xdc, line 22).
Applied set_property CLOCK_BUFFER_TYPE = NONE for DDR_addr[5]. (constraint file  /home/ulisses/Projects/ursa/exp/output-stationary/bitstreams/ursa_vanilla_8x8_acc20_hybrid_tmr.proj/ursa_vanilla_8x8_acc20_hybrid_tmr.gen/sources_1/bd/ursa_vanilla_tmr_hybrid/ip/ursa_vanilla_tmr_hybrid_processing_system7_0_0/ursa_vanilla_tmr_hybrid_processing_system7_0_0/ursa_vanilla_tmr_hybrid_processing_system7_0_0_in_context.xdc, line 23).
Applied set_property IO_BUFFER_TYPE = NONE for DDR_addr[6]. (constraint file  /home/ulisses/Projects/ursa/exp/output-stationary/bitstreams/ursa_vanilla_8x8_acc20_hybrid_tmr.proj/ursa_vanilla_8x8_acc20_hybrid_tmr.gen/sources_1/bd/ursa_vanilla_tmr_hybrid/ip/ursa_vanilla_tmr_hybrid_processing_system7_0_0/ursa_vanilla_tmr_hybrid_processing_system7_0_0/ursa_vanilla_tmr_hybrid_processing_system7_0_0_in_context.xdc, line 24).
Applied set_property CLOCK_BUFFER_TYPE = NONE for DDR_addr[6]. (constraint file  /home/ulisses/Projects/ursa/exp/output-stationary/bitstreams/ursa_vanilla_8x8_acc20_hybrid_tmr.proj/ursa_vanilla_8x8_acc20_hybrid_tmr.gen/sources_1/bd/ursa_vanilla_tmr_hybrid/ip/ursa_vanilla_tmr_hybrid_processing_system7_0_0/ursa_vanilla_tmr_hybrid_processing_system7_0_0/ursa_vanilla_tmr_hybrid_processing_system7_0_0_in_context.xdc, line 25).
Applied set_property IO_BUFFER_TYPE = NONE for DDR_addr[7]. (constraint file  /home/ulisses/Projects/ursa/exp/output-stationary/bitstreams/ursa_vanilla_8x8_acc20_hybrid_tmr.proj/ursa_vanilla_8x8_acc20_hybrid_tmr.gen/sources_1/bd/ursa_vanilla_tmr_hybrid/ip/ursa_vanilla_tmr_hybrid_processing_system7_0_0/ursa_vanilla_tmr_hybrid_processing_system7_0_0/ursa_vanilla_tmr_hybrid_processing_system7_0_0_in_context.xdc, line 26).
Applied set_property CLOCK_BUFFER_TYPE = NONE for DDR_addr[7]. (constraint file  /home/ulisses/Projects/ursa/exp/output-stationary/bitstreams/ursa_vanilla_8x8_acc20_hybrid_tmr.proj/ursa_vanilla_8x8_acc20_hybrid_tmr.gen/sources_1/bd/ursa_vanilla_tmr_hybrid/ip/ursa_vanilla_tmr_hybrid_processing_system7_0_0/ursa_vanilla_tmr_hybrid_processing_system7_0_0/ursa_vanilla_tmr_hybrid_processing_system7_0_0_in_context.xdc, line 27).
Applied set_property IO_BUFFER_TYPE = NONE for DDR_addr[8]. (constraint file  /home/ulisses/Projects/ursa/exp/output-stationary/bitstreams/ursa_vanilla_8x8_acc20_hybrid_tmr.proj/ursa_vanilla_8x8_acc20_hybrid_tmr.gen/sources_1/bd/ursa_vanilla_tmr_hybrid/ip/ursa_vanilla_tmr_hybrid_processing_system7_0_0/ursa_vanilla_tmr_hybrid_processing_system7_0_0/ursa_vanilla_tmr_hybrid_processing_system7_0_0_in_context.xdc, line 28).
Applied set_property CLOCK_BUFFER_TYPE = NONE for DDR_addr[8]. (constraint file  /home/ulisses/Projects/ursa/exp/output-stationary/bitstreams/ursa_vanilla_8x8_acc20_hybrid_tmr.proj/ursa_vanilla_8x8_acc20_hybrid_tmr.gen/sources_1/bd/ursa_vanilla_tmr_hybrid/ip/ursa_vanilla_tmr_hybrid_processing_system7_0_0/ursa_vanilla_tmr_hybrid_processing_system7_0_0/ursa_vanilla_tmr_hybrid_processing_system7_0_0_in_context.xdc, line 29).
Applied set_property IO_BUFFER_TYPE = NONE for DDR_addr[9]. (constraint file  /home/ulisses/Projects/ursa/exp/output-stationary/bitstreams/ursa_vanilla_8x8_acc20_hybrid_tmr.proj/ursa_vanilla_8x8_acc20_hybrid_tmr.gen/sources_1/bd/ursa_vanilla_tmr_hybrid/ip/ursa_vanilla_tmr_hybrid_processing_system7_0_0/ursa_vanilla_tmr_hybrid_processing_system7_0_0/ursa_vanilla_tmr_hybrid_processing_system7_0_0_in_context.xdc, line 30).
Applied set_property CLOCK_BUFFER_TYPE = NONE for DDR_addr[9]. (constraint file  /home/ulisses/Projects/ursa/exp/output-stationary/bitstreams/ursa_vanilla_8x8_acc20_hybrid_tmr.proj/ursa_vanilla_8x8_acc20_hybrid_tmr.gen/sources_1/bd/ursa_vanilla_tmr_hybrid/ip/ursa_vanilla_tmr_hybrid_processing_system7_0_0/ursa_vanilla_tmr_hybrid_processing_system7_0_0/ursa_vanilla_tmr_hybrid_processing_system7_0_0_in_context.xdc, line 31).
Applied set_property IO_BUFFER_TYPE = NONE for DDR_ba[0]. (constraint file  /home/ulisses/Projects/ursa/exp/output-stationary/bitstreams/ursa_vanilla_8x8_acc20_hybrid_tmr.proj/ursa_vanilla_8x8_acc20_hybrid_tmr.gen/sources_1/bd/ursa_vanilla_tmr_hybrid/ip/ursa_vanilla_tmr_hybrid_processing_system7_0_0/ursa_vanilla_tmr_hybrid_processing_system7_0_0/ursa_vanilla_tmr_hybrid_processing_system7_0_0_in_context.xdc, line 32).
Applied set_property CLOCK_BUFFER_TYPE = NONE for DDR_ba[0]. (constraint file  /home/ulisses/Projects/ursa/exp/output-stationary/bitstreams/ursa_vanilla_8x8_acc20_hybrid_tmr.proj/ursa_vanilla_8x8_acc20_hybrid_tmr.gen/sources_1/bd/ursa_vanilla_tmr_hybrid/ip/ursa_vanilla_tmr_hybrid_processing_system7_0_0/ursa_vanilla_tmr_hybrid_processing_system7_0_0/ursa_vanilla_tmr_hybrid_processing_system7_0_0_in_context.xdc, line 33).
Applied set_property IO_BUFFER_TYPE = NONE for DDR_ba[1]. (constraint file  /home/ulisses/Projects/ursa/exp/output-stationary/bitstreams/ursa_vanilla_8x8_acc20_hybrid_tmr.proj/ursa_vanilla_8x8_acc20_hybrid_tmr.gen/sources_1/bd/ursa_vanilla_tmr_hybrid/ip/ursa_vanilla_tmr_hybrid_processing_system7_0_0/ursa_vanilla_tmr_hybrid_processing_system7_0_0/ursa_vanilla_tmr_hybrid_processing_system7_0_0_in_context.xdc, line 34).
Applied set_property CLOCK_BUFFER_TYPE = NONE for DDR_ba[1]. (constraint file  /home/ulisses/Projects/ursa/exp/output-stationary/bitstreams/ursa_vanilla_8x8_acc20_hybrid_tmr.proj/ursa_vanilla_8x8_acc20_hybrid_tmr.gen/sources_1/bd/ursa_vanilla_tmr_hybrid/ip/ursa_vanilla_tmr_hybrid_processing_system7_0_0/ursa_vanilla_tmr_hybrid_processing_system7_0_0/ursa_vanilla_tmr_hybrid_processing_system7_0_0_in_context.xdc, line 35).
Applied set_property IO_BUFFER_TYPE = NONE for DDR_ba[2]. (constraint file  /home/ulisses/Projects/ursa/exp/output-stationary/bitstreams/ursa_vanilla_8x8_acc20_hybrid_tmr.proj/ursa_vanilla_8x8_acc20_hybrid_tmr.gen/sources_1/bd/ursa_vanilla_tmr_hybrid/ip/ursa_vanilla_tmr_hybrid_processing_system7_0_0/ursa_vanilla_tmr_hybrid_processing_system7_0_0/ursa_vanilla_tmr_hybrid_processing_system7_0_0_in_context.xdc, line 36).
Applied set_property CLOCK_BUFFER_TYPE = NONE for DDR_ba[2]. (constraint file  /home/ulisses/Projects/ursa/exp/output-stationary/bitstreams/ursa_vanilla_8x8_acc20_hybrid_tmr.proj/ursa_vanilla_8x8_acc20_hybrid_tmr.gen/sources_1/bd/ursa_vanilla_tmr_hybrid/ip/ursa_vanilla_tmr_hybrid_processing_system7_0_0/ursa_vanilla_tmr_hybrid_processing_system7_0_0/ursa_vanilla_tmr_hybrid_processing_system7_0_0_in_context.xdc, line 37).
Applied set_property IO_BUFFER_TYPE = NONE for DDR_cas_n. (constraint file  /home/ulisses/Projects/ursa/exp/output-stationary/bitstreams/ursa_vanilla_8x8_acc20_hybrid_tmr.proj/ursa_vanilla_8x8_acc20_hybrid_tmr.gen/sources_1/bd/ursa_vanilla_tmr_hybrid/ip/ursa_vanilla_tmr_hybrid_processing_system7_0_0/ursa_vanilla_tmr_hybrid_processing_system7_0_0/ursa_vanilla_tmr_hybrid_processing_system7_0_0_in_context.xdc, line 38).
Applied set_property CLOCK_BUFFER_TYPE = NONE for DDR_cas_n. (constraint file  /home/ulisses/Projects/ursa/exp/output-stationary/bitstreams/ursa_vanilla_8x8_acc20_hybrid_tmr.proj/ursa_vanilla_8x8_acc20_hybrid_tmr.gen/sources_1/bd/ursa_vanilla_tmr_hybrid/ip/ursa_vanilla_tmr_hybrid_processing_system7_0_0/ursa_vanilla_tmr_hybrid_processing_system7_0_0/ursa_vanilla_tmr_hybrid_processing_system7_0_0_in_context.xdc, line 39).
Applied set_property IO_BUFFER_TYPE = NONE for DDR_cke. (constraint file  /home/ulisses/Projects/ursa/exp/output-stationary/bitstreams/ursa_vanilla_8x8_acc20_hybrid_tmr.proj/ursa_vanilla_8x8_acc20_hybrid_tmr.gen/sources_1/bd/ursa_vanilla_tmr_hybrid/ip/ursa_vanilla_tmr_hybrid_processing_system7_0_0/ursa_vanilla_tmr_hybrid_processing_system7_0_0/ursa_vanilla_tmr_hybrid_processing_system7_0_0_in_context.xdc, line 40).
Applied set_property CLOCK_BUFFER_TYPE = NONE for DDR_cke. (constraint file  /home/ulisses/Projects/ursa/exp/output-stationary/bitstreams/ursa_vanilla_8x8_acc20_hybrid_tmr.proj/ursa_vanilla_8x8_acc20_hybrid_tmr.gen/sources_1/bd/ursa_vanilla_tmr_hybrid/ip/ursa_vanilla_tmr_hybrid_processing_system7_0_0/ursa_vanilla_tmr_hybrid_processing_system7_0_0/ursa_vanilla_tmr_hybrid_processing_system7_0_0_in_context.xdc, line 41).
Applied set_property IO_BUFFER_TYPE = NONE for DDR_cs_n. (constraint file  /home/ulisses/Projects/ursa/exp/output-stationary/bitstreams/ursa_vanilla_8x8_acc20_hybrid_tmr.proj/ursa_vanilla_8x8_acc20_hybrid_tmr.gen/sources_1/bd/ursa_vanilla_tmr_hybrid/ip/ursa_vanilla_tmr_hybrid_processing_system7_0_0/ursa_vanilla_tmr_hybrid_processing_system7_0_0/ursa_vanilla_tmr_hybrid_processing_system7_0_0_in_context.xdc, line 42).
Applied set_property CLOCK_BUFFER_TYPE = NONE for DDR_cs_n. (constraint file  /home/ulisses/Projects/ursa/exp/output-stationary/bitstreams/ursa_vanilla_8x8_acc20_hybrid_tmr.proj/ursa_vanilla_8x8_acc20_hybrid_tmr.gen/sources_1/bd/ursa_vanilla_tmr_hybrid/ip/ursa_vanilla_tmr_hybrid_processing_system7_0_0/ursa_vanilla_tmr_hybrid_processing_system7_0_0/ursa_vanilla_tmr_hybrid_processing_system7_0_0_in_context.xdc, line 43).
Applied set_property IO_BUFFER_TYPE = NONE for DDR_ck_p. (constraint file  /home/ulisses/Projects/ursa/exp/output-stationary/bitstreams/ursa_vanilla_8x8_acc20_hybrid_tmr.proj/ursa_vanilla_8x8_acc20_hybrid_tmr.gen/sources_1/bd/ursa_vanilla_tmr_hybrid/ip/ursa_vanilla_tmr_hybrid_processing_system7_0_0/ursa_vanilla_tmr_hybrid_processing_system7_0_0/ursa_vanilla_tmr_hybrid_processing_system7_0_0_in_context.xdc, line 44).
Applied set_property CLOCK_BUFFER_TYPE = NONE for DDR_ck_p. (constraint file  /home/ulisses/Projects/ursa/exp/output-stationary/bitstreams/ursa_vanilla_8x8_acc20_hybrid_tmr.proj/ursa_vanilla_8x8_acc20_hybrid_tmr.gen/sources_1/bd/ursa_vanilla_tmr_hybrid/ip/ursa_vanilla_tmr_hybrid_processing_system7_0_0/ursa_vanilla_tmr_hybrid_processing_system7_0_0/ursa_vanilla_tmr_hybrid_processing_system7_0_0_in_context.xdc, line 45).
Applied set_property IO_BUFFER_TYPE = NONE for DDR_ck_n. (constraint file  /home/ulisses/Projects/ursa/exp/output-stationary/bitstreams/ursa_vanilla_8x8_acc20_hybrid_tmr.proj/ursa_vanilla_8x8_acc20_hybrid_tmr.gen/sources_1/bd/ursa_vanilla_tmr_hybrid/ip/ursa_vanilla_tmr_hybrid_processing_system7_0_0/ursa_vanilla_tmr_hybrid_processing_system7_0_0/ursa_vanilla_tmr_hybrid_processing_system7_0_0_in_context.xdc, line 46).
Applied set_property CLOCK_BUFFER_TYPE = NONE for DDR_ck_n. (constraint file  /home/ulisses/Projects/ursa/exp/output-stationary/bitstreams/ursa_vanilla_8x8_acc20_hybrid_tmr.proj/ursa_vanilla_8x8_acc20_hybrid_tmr.gen/sources_1/bd/ursa_vanilla_tmr_hybrid/ip/ursa_vanilla_tmr_hybrid_processing_system7_0_0/ursa_vanilla_tmr_hybrid_processing_system7_0_0/ursa_vanilla_tmr_hybrid_processing_system7_0_0_in_context.xdc, line 47).
Applied set_property IO_BUFFER_TYPE = NONE for DDR_dm[0]. (constraint file  /home/ulisses/Projects/ursa/exp/output-stationary/bitstreams/ursa_vanilla_8x8_acc20_hybrid_tmr.proj/ursa_vanilla_8x8_acc20_hybrid_tmr.gen/sources_1/bd/ursa_vanilla_tmr_hybrid/ip/ursa_vanilla_tmr_hybrid_processing_system7_0_0/ursa_vanilla_tmr_hybrid_processing_system7_0_0/ursa_vanilla_tmr_hybrid_processing_system7_0_0_in_context.xdc, line 48).
Applied set_property CLOCK_BUFFER_TYPE = NONE for DDR_dm[0]. (constraint file  /home/ulisses/Projects/ursa/exp/output-stationary/bitstreams/ursa_vanilla_8x8_acc20_hybrid_tmr.proj/ursa_vanilla_8x8_acc20_hybrid_tmr.gen/sources_1/bd/ursa_vanilla_tmr_hybrid/ip/ursa_vanilla_tmr_hybrid_processing_system7_0_0/ursa_vanilla_tmr_hybrid_processing_system7_0_0/ursa_vanilla_tmr_hybrid_processing_system7_0_0_in_context.xdc, line 49).
Applied set_property IO_BUFFER_TYPE = NONE for DDR_dm[1]. (constraint file  /home/ulisses/Projects/ursa/exp/output-stationary/bitstreams/ursa_vanilla_8x8_acc20_hybrid_tmr.proj/ursa_vanilla_8x8_acc20_hybrid_tmr.gen/sources_1/bd/ursa_vanilla_tmr_hybrid/ip/ursa_vanilla_tmr_hybrid_processing_system7_0_0/ursa_vanilla_tmr_hybrid_processing_system7_0_0/ursa_vanilla_tmr_hybrid_processing_system7_0_0_in_context.xdc, line 50).
Applied set_property CLOCK_BUFFER_TYPE = NONE for DDR_dm[1]. (constraint file  /home/ulisses/Projects/ursa/exp/output-stationary/bitstreams/ursa_vanilla_8x8_acc20_hybrid_tmr.proj/ursa_vanilla_8x8_acc20_hybrid_tmr.gen/sources_1/bd/ursa_vanilla_tmr_hybrid/ip/ursa_vanilla_tmr_hybrid_processing_system7_0_0/ursa_vanilla_tmr_hybrid_processing_system7_0_0/ursa_vanilla_tmr_hybrid_processing_system7_0_0_in_context.xdc, line 51).
Applied set_property IO_BUFFER_TYPE = NONE for DDR_dm[2]. (constraint file  /home/ulisses/Projects/ursa/exp/output-stationary/bitstreams/ursa_vanilla_8x8_acc20_hybrid_tmr.proj/ursa_vanilla_8x8_acc20_hybrid_tmr.gen/sources_1/bd/ursa_vanilla_tmr_hybrid/ip/ursa_vanilla_tmr_hybrid_processing_system7_0_0/ursa_vanilla_tmr_hybrid_processing_system7_0_0/ursa_vanilla_tmr_hybrid_processing_system7_0_0_in_context.xdc, line 52).
Applied set_property CLOCK_BUFFER_TYPE = NONE for DDR_dm[2]. (constraint file  /home/ulisses/Projects/ursa/exp/output-stationary/bitstreams/ursa_vanilla_8x8_acc20_hybrid_tmr.proj/ursa_vanilla_8x8_acc20_hybrid_tmr.gen/sources_1/bd/ursa_vanilla_tmr_hybrid/ip/ursa_vanilla_tmr_hybrid_processing_system7_0_0/ursa_vanilla_tmr_hybrid_processing_system7_0_0/ursa_vanilla_tmr_hybrid_processing_system7_0_0_in_context.xdc, line 53).
Applied set_property IO_BUFFER_TYPE = NONE for DDR_dm[3]. (constraint file  /home/ulisses/Projects/ursa/exp/output-stationary/bitstreams/ursa_vanilla_8x8_acc20_hybrid_tmr.proj/ursa_vanilla_8x8_acc20_hybrid_tmr.gen/sources_1/bd/ursa_vanilla_tmr_hybrid/ip/ursa_vanilla_tmr_hybrid_processing_system7_0_0/ursa_vanilla_tmr_hybrid_processing_system7_0_0/ursa_vanilla_tmr_hybrid_processing_system7_0_0_in_context.xdc, line 54).
Applied set_property CLOCK_BUFFER_TYPE = NONE for DDR_dm[3]. (constraint file  /home/ulisses/Projects/ursa/exp/output-stationary/bitstreams/ursa_vanilla_8x8_acc20_hybrid_tmr.proj/ursa_vanilla_8x8_acc20_hybrid_tmr.gen/sources_1/bd/ursa_vanilla_tmr_hybrid/ip/ursa_vanilla_tmr_hybrid_processing_system7_0_0/ursa_vanilla_tmr_hybrid_processing_system7_0_0/ursa_vanilla_tmr_hybrid_processing_system7_0_0_in_context.xdc, line 55).
Applied set_property IO_BUFFER_TYPE = NONE for DDR_dqs_p[0]. (constraint file  /home/ulisses/Projects/ursa/exp/output-stationary/bitstreams/ursa_vanilla_8x8_acc20_hybrid_tmr.proj/ursa_vanilla_8x8_acc20_hybrid_tmr.gen/sources_1/bd/ursa_vanilla_tmr_hybrid/ip/ursa_vanilla_tmr_hybrid_processing_system7_0_0/ursa_vanilla_tmr_hybrid_processing_system7_0_0/ursa_vanilla_tmr_hybrid_processing_system7_0_0_in_context.xdc, line 56).
Applied set_property CLOCK_BUFFER_TYPE = NONE for DDR_dqs_p[0]. (constraint file  /home/ulisses/Projects/ursa/exp/output-stationary/bitstreams/ursa_vanilla_8x8_acc20_hybrid_tmr.proj/ursa_vanilla_8x8_acc20_hybrid_tmr.gen/sources_1/bd/ursa_vanilla_tmr_hybrid/ip/ursa_vanilla_tmr_hybrid_processing_system7_0_0/ursa_vanilla_tmr_hybrid_processing_system7_0_0/ursa_vanilla_tmr_hybrid_processing_system7_0_0_in_context.xdc, line 57).
Applied set_property IO_BUFFER_TYPE = NONE for DDR_dqs_p[1]. (constraint file  /home/ulisses/Projects/ursa/exp/output-stationary/bitstreams/ursa_vanilla_8x8_acc20_hybrid_tmr.proj/ursa_vanilla_8x8_acc20_hybrid_tmr.gen/sources_1/bd/ursa_vanilla_tmr_hybrid/ip/ursa_vanilla_tmr_hybrid_processing_system7_0_0/ursa_vanilla_tmr_hybrid_processing_system7_0_0/ursa_vanilla_tmr_hybrid_processing_system7_0_0_in_context.xdc, line 58).
Applied set_property CLOCK_BUFFER_TYPE = NONE for DDR_dqs_p[1]. (constraint file  /home/ulisses/Projects/ursa/exp/output-stationary/bitstreams/ursa_vanilla_8x8_acc20_hybrid_tmr.proj/ursa_vanilla_8x8_acc20_hybrid_tmr.gen/sources_1/bd/ursa_vanilla_tmr_hybrid/ip/ursa_vanilla_tmr_hybrid_processing_system7_0_0/ursa_vanilla_tmr_hybrid_processing_system7_0_0/ursa_vanilla_tmr_hybrid_processing_system7_0_0_in_context.xdc, line 59).
Applied set_property IO_BUFFER_TYPE = NONE for DDR_dqs_p[2]. (constraint file  /home/ulisses/Projects/ursa/exp/output-stationary/bitstreams/ursa_vanilla_8x8_acc20_hybrid_tmr.proj/ursa_vanilla_8x8_acc20_hybrid_tmr.gen/sources_1/bd/ursa_vanilla_tmr_hybrid/ip/ursa_vanilla_tmr_hybrid_processing_system7_0_0/ursa_vanilla_tmr_hybrid_processing_system7_0_0/ursa_vanilla_tmr_hybrid_processing_system7_0_0_in_context.xdc, line 60).
Applied set_property CLOCK_BUFFER_TYPE = NONE for DDR_dqs_p[2]. (constraint file  /home/ulisses/Projects/ursa/exp/output-stationary/bitstreams/ursa_vanilla_8x8_acc20_hybrid_tmr.proj/ursa_vanilla_8x8_acc20_hybrid_tmr.gen/sources_1/bd/ursa_vanilla_tmr_hybrid/ip/ursa_vanilla_tmr_hybrid_processing_system7_0_0/ursa_vanilla_tmr_hybrid_processing_system7_0_0/ursa_vanilla_tmr_hybrid_processing_system7_0_0_in_context.xdc, line 61).
Applied set_property IO_BUFFER_TYPE = NONE for DDR_dqs_p[3]. (constraint file  /home/ulisses/Projects/ursa/exp/output-stationary/bitstreams/ursa_vanilla_8x8_acc20_hybrid_tmr.proj/ursa_vanilla_8x8_acc20_hybrid_tmr.gen/sources_1/bd/ursa_vanilla_tmr_hybrid/ip/ursa_vanilla_tmr_hybrid_processing_system7_0_0/ursa_vanilla_tmr_hybrid_processing_system7_0_0/ursa_vanilla_tmr_hybrid_processing_system7_0_0_in_context.xdc, line 62).
Applied set_property CLOCK_BUFFER_TYPE = NONE for DDR_dqs_p[3]. (constraint file  /home/ulisses/Projects/ursa/exp/output-stationary/bitstreams/ursa_vanilla_8x8_acc20_hybrid_tmr.proj/ursa_vanilla_8x8_acc20_hybrid_tmr.gen/sources_1/bd/ursa_vanilla_tmr_hybrid/ip/ursa_vanilla_tmr_hybrid_processing_system7_0_0/ursa_vanilla_tmr_hybrid_processing_system7_0_0/ursa_vanilla_tmr_hybrid_processing_system7_0_0_in_context.xdc, line 63).
Applied set_property IO_BUFFER_TYPE = NONE for DDR_dqs_n[0]. (constraint file  /home/ulisses/Projects/ursa/exp/output-stationary/bitstreams/ursa_vanilla_8x8_acc20_hybrid_tmr.proj/ursa_vanilla_8x8_acc20_hybrid_tmr.gen/sources_1/bd/ursa_vanilla_tmr_hybrid/ip/ursa_vanilla_tmr_hybrid_processing_system7_0_0/ursa_vanilla_tmr_hybrid_processing_system7_0_0/ursa_vanilla_tmr_hybrid_processing_system7_0_0_in_context.xdc, line 64).
Applied set_property CLOCK_BUFFER_TYPE = NONE for DDR_dqs_n[0]. (constraint file  /home/ulisses/Projects/ursa/exp/output-stationary/bitstreams/ursa_vanilla_8x8_acc20_hybrid_tmr.proj/ursa_vanilla_8x8_acc20_hybrid_tmr.gen/sources_1/bd/ursa_vanilla_tmr_hybrid/ip/ursa_vanilla_tmr_hybrid_processing_system7_0_0/ursa_vanilla_tmr_hybrid_processing_system7_0_0/ursa_vanilla_tmr_hybrid_processing_system7_0_0_in_context.xdc, line 65).
Applied set_property IO_BUFFER_TYPE = NONE for DDR_dqs_n[1]. (constraint file  /home/ulisses/Projects/ursa/exp/output-stationary/bitstreams/ursa_vanilla_8x8_acc20_hybrid_tmr.proj/ursa_vanilla_8x8_acc20_hybrid_tmr.gen/sources_1/bd/ursa_vanilla_tmr_hybrid/ip/ursa_vanilla_tmr_hybrid_processing_system7_0_0/ursa_vanilla_tmr_hybrid_processing_system7_0_0/ursa_vanilla_tmr_hybrid_processing_system7_0_0_in_context.xdc, line 66).
Applied set_property CLOCK_BUFFER_TYPE = NONE for DDR_dqs_n[1]. (constraint file  /home/ulisses/Projects/ursa/exp/output-stationary/bitstreams/ursa_vanilla_8x8_acc20_hybrid_tmr.proj/ursa_vanilla_8x8_acc20_hybrid_tmr.gen/sources_1/bd/ursa_vanilla_tmr_hybrid/ip/ursa_vanilla_tmr_hybrid_processing_system7_0_0/ursa_vanilla_tmr_hybrid_processing_system7_0_0/ursa_vanilla_tmr_hybrid_processing_system7_0_0_in_context.xdc, line 67).
Applied set_property IO_BUFFER_TYPE = NONE for DDR_dqs_n[2]. (constraint file  /home/ulisses/Projects/ursa/exp/output-stationary/bitstreams/ursa_vanilla_8x8_acc20_hybrid_tmr.proj/ursa_vanilla_8x8_acc20_hybrid_tmr.gen/sources_1/bd/ursa_vanilla_tmr_hybrid/ip/ursa_vanilla_tmr_hybrid_processing_system7_0_0/ursa_vanilla_tmr_hybrid_processing_system7_0_0/ursa_vanilla_tmr_hybrid_processing_system7_0_0_in_context.xdc, line 68).
Applied set_property CLOCK_BUFFER_TYPE = NONE for DDR_dqs_n[2]. (constraint file  /home/ulisses/Projects/ursa/exp/output-stationary/bitstreams/ursa_vanilla_8x8_acc20_hybrid_tmr.proj/ursa_vanilla_8x8_acc20_hybrid_tmr.gen/sources_1/bd/ursa_vanilla_tmr_hybrid/ip/ursa_vanilla_tmr_hybrid_processing_system7_0_0/ursa_vanilla_tmr_hybrid_processing_system7_0_0/ursa_vanilla_tmr_hybrid_processing_system7_0_0_in_context.xdc, line 69).
Applied set_property IO_BUFFER_TYPE = NONE for DDR_dqs_n[3]. (constraint file  /home/ulisses/Projects/ursa/exp/output-stationary/bitstreams/ursa_vanilla_8x8_acc20_hybrid_tmr.proj/ursa_vanilla_8x8_acc20_hybrid_tmr.gen/sources_1/bd/ursa_vanilla_tmr_hybrid/ip/ursa_vanilla_tmr_hybrid_processing_system7_0_0/ursa_vanilla_tmr_hybrid_processing_system7_0_0/ursa_vanilla_tmr_hybrid_processing_system7_0_0_in_context.xdc, line 70).
Applied set_property CLOCK_BUFFER_TYPE = NONE for DDR_dqs_n[3]. (constraint file  /home/ulisses/Projects/ursa/exp/output-stationary/bitstreams/ursa_vanilla_8x8_acc20_hybrid_tmr.proj/ursa_vanilla_8x8_acc20_hybrid_tmr.gen/sources_1/bd/ursa_vanilla_tmr_hybrid/ip/ursa_vanilla_tmr_hybrid_processing_system7_0_0/ursa_vanilla_tmr_hybrid_processing_system7_0_0/ursa_vanilla_tmr_hybrid_processing_system7_0_0_in_context.xdc, line 71).
Applied set_property IO_BUFFER_TYPE = NONE for DDR_dq[0]. (constraint file  /home/ulisses/Projects/ursa/exp/output-stationary/bitstreams/ursa_vanilla_8x8_acc20_hybrid_tmr.proj/ursa_vanilla_8x8_acc20_hybrid_tmr.gen/sources_1/bd/ursa_vanilla_tmr_hybrid/ip/ursa_vanilla_tmr_hybrid_processing_system7_0_0/ursa_vanilla_tmr_hybrid_processing_system7_0_0/ursa_vanilla_tmr_hybrid_processing_system7_0_0_in_context.xdc, line 72).
Applied set_property CLOCK_BUFFER_TYPE = NONE for DDR_dq[0]. (constraint file  /home/ulisses/Projects/ursa/exp/output-stationary/bitstreams/ursa_vanilla_8x8_acc20_hybrid_tmr.proj/ursa_vanilla_8x8_acc20_hybrid_tmr.gen/sources_1/bd/ursa_vanilla_tmr_hybrid/ip/ursa_vanilla_tmr_hybrid_processing_system7_0_0/ursa_vanilla_tmr_hybrid_processing_system7_0_0/ursa_vanilla_tmr_hybrid_processing_system7_0_0_in_context.xdc, line 73).
Applied set_property IO_BUFFER_TYPE = NONE for DDR_dq[10]. (constraint file  /home/ulisses/Projects/ursa/exp/output-stationary/bitstreams/ursa_vanilla_8x8_acc20_hybrid_tmr.proj/ursa_vanilla_8x8_acc20_hybrid_tmr.gen/sources_1/bd/ursa_vanilla_tmr_hybrid/ip/ursa_vanilla_tmr_hybrid_processing_system7_0_0/ursa_vanilla_tmr_hybrid_processing_system7_0_0/ursa_vanilla_tmr_hybrid_processing_system7_0_0_in_context.xdc, line 74).
Applied set_property CLOCK_BUFFER_TYPE = NONE for DDR_dq[10]. (constraint file  /home/ulisses/Projects/ursa/exp/output-stationary/bitstreams/ursa_vanilla_8x8_acc20_hybrid_tmr.proj/ursa_vanilla_8x8_acc20_hybrid_tmr.gen/sources_1/bd/ursa_vanilla_tmr_hybrid/ip/ursa_vanilla_tmr_hybrid_processing_system7_0_0/ursa_vanilla_tmr_hybrid_processing_system7_0_0/ursa_vanilla_tmr_hybrid_processing_system7_0_0_in_context.xdc, line 75).
Applied set_property IO_BUFFER_TYPE = NONE for DDR_dq[11]. (constraint file  /home/ulisses/Projects/ursa/exp/output-stationary/bitstreams/ursa_vanilla_8x8_acc20_hybrid_tmr.proj/ursa_vanilla_8x8_acc20_hybrid_tmr.gen/sources_1/bd/ursa_vanilla_tmr_hybrid/ip/ursa_vanilla_tmr_hybrid_processing_system7_0_0/ursa_vanilla_tmr_hybrid_processing_system7_0_0/ursa_vanilla_tmr_hybrid_processing_system7_0_0_in_context.xdc, line 76).
Applied set_property CLOCK_BUFFER_TYPE = NONE for DDR_dq[11]. (constraint file  /home/ulisses/Projects/ursa/exp/output-stationary/bitstreams/ursa_vanilla_8x8_acc20_hybrid_tmr.proj/ursa_vanilla_8x8_acc20_hybrid_tmr.gen/sources_1/bd/ursa_vanilla_tmr_hybrid/ip/ursa_vanilla_tmr_hybrid_processing_system7_0_0/ursa_vanilla_tmr_hybrid_processing_system7_0_0/ursa_vanilla_tmr_hybrid_processing_system7_0_0_in_context.xdc, line 77).
Applied set_property IO_BUFFER_TYPE = NONE for DDR_dq[12]. (constraint file  /home/ulisses/Projects/ursa/exp/output-stationary/bitstreams/ursa_vanilla_8x8_acc20_hybrid_tmr.proj/ursa_vanilla_8x8_acc20_hybrid_tmr.gen/sources_1/bd/ursa_vanilla_tmr_hybrid/ip/ursa_vanilla_tmr_hybrid_processing_system7_0_0/ursa_vanilla_tmr_hybrid_processing_system7_0_0/ursa_vanilla_tmr_hybrid_processing_system7_0_0_in_context.xdc, line 78).
Applied set_property CLOCK_BUFFER_TYPE = NONE for DDR_dq[12]. (constraint file  /home/ulisses/Projects/ursa/exp/output-stationary/bitstreams/ursa_vanilla_8x8_acc20_hybrid_tmr.proj/ursa_vanilla_8x8_acc20_hybrid_tmr.gen/sources_1/bd/ursa_vanilla_tmr_hybrid/ip/ursa_vanilla_tmr_hybrid_processing_system7_0_0/ursa_vanilla_tmr_hybrid_processing_system7_0_0/ursa_vanilla_tmr_hybrid_processing_system7_0_0_in_context.xdc, line 79).
Applied set_property IO_BUFFER_TYPE = NONE for DDR_dq[13]. (constraint file  /home/ulisses/Projects/ursa/exp/output-stationary/bitstreams/ursa_vanilla_8x8_acc20_hybrid_tmr.proj/ursa_vanilla_8x8_acc20_hybrid_tmr.gen/sources_1/bd/ursa_vanilla_tmr_hybrid/ip/ursa_vanilla_tmr_hybrid_processing_system7_0_0/ursa_vanilla_tmr_hybrid_processing_system7_0_0/ursa_vanilla_tmr_hybrid_processing_system7_0_0_in_context.xdc, line 80).
Applied set_property CLOCK_BUFFER_TYPE = NONE for DDR_dq[13]. (constraint file  /home/ulisses/Projects/ursa/exp/output-stationary/bitstreams/ursa_vanilla_8x8_acc20_hybrid_tmr.proj/ursa_vanilla_8x8_acc20_hybrid_tmr.gen/sources_1/bd/ursa_vanilla_tmr_hybrid/ip/ursa_vanilla_tmr_hybrid_processing_system7_0_0/ursa_vanilla_tmr_hybrid_processing_system7_0_0/ursa_vanilla_tmr_hybrid_processing_system7_0_0_in_context.xdc, line 81).
Applied set_property IO_BUFFER_TYPE = NONE for DDR_dq[14]. (constraint file  /home/ulisses/Projects/ursa/exp/output-stationary/bitstreams/ursa_vanilla_8x8_acc20_hybrid_tmr.proj/ursa_vanilla_8x8_acc20_hybrid_tmr.gen/sources_1/bd/ursa_vanilla_tmr_hybrid/ip/ursa_vanilla_tmr_hybrid_processing_system7_0_0/ursa_vanilla_tmr_hybrid_processing_system7_0_0/ursa_vanilla_tmr_hybrid_processing_system7_0_0_in_context.xdc, line 82).
Applied set_property CLOCK_BUFFER_TYPE = NONE for DDR_dq[14]. (constraint file  /home/ulisses/Projects/ursa/exp/output-stationary/bitstreams/ursa_vanilla_8x8_acc20_hybrid_tmr.proj/ursa_vanilla_8x8_acc20_hybrid_tmr.gen/sources_1/bd/ursa_vanilla_tmr_hybrid/ip/ursa_vanilla_tmr_hybrid_processing_system7_0_0/ursa_vanilla_tmr_hybrid_processing_system7_0_0/ursa_vanilla_tmr_hybrid_processing_system7_0_0_in_context.xdc, line 83).
Applied set_property IO_BUFFER_TYPE = NONE for DDR_dq[15]. (constraint file  /home/ulisses/Projects/ursa/exp/output-stationary/bitstreams/ursa_vanilla_8x8_acc20_hybrid_tmr.proj/ursa_vanilla_8x8_acc20_hybrid_tmr.gen/sources_1/bd/ursa_vanilla_tmr_hybrid/ip/ursa_vanilla_tmr_hybrid_processing_system7_0_0/ursa_vanilla_tmr_hybrid_processing_system7_0_0/ursa_vanilla_tmr_hybrid_processing_system7_0_0_in_context.xdc, line 84).
Applied set_property CLOCK_BUFFER_TYPE = NONE for DDR_dq[15]. (constraint file  /home/ulisses/Projects/ursa/exp/output-stationary/bitstreams/ursa_vanilla_8x8_acc20_hybrid_tmr.proj/ursa_vanilla_8x8_acc20_hybrid_tmr.gen/sources_1/bd/ursa_vanilla_tmr_hybrid/ip/ursa_vanilla_tmr_hybrid_processing_system7_0_0/ursa_vanilla_tmr_hybrid_processing_system7_0_0/ursa_vanilla_tmr_hybrid_processing_system7_0_0_in_context.xdc, line 85).
Applied set_property IO_BUFFER_TYPE = NONE for DDR_dq[16]. (constraint file  /home/ulisses/Projects/ursa/exp/output-stationary/bitstreams/ursa_vanilla_8x8_acc20_hybrid_tmr.proj/ursa_vanilla_8x8_acc20_hybrid_tmr.gen/sources_1/bd/ursa_vanilla_tmr_hybrid/ip/ursa_vanilla_tmr_hybrid_processing_system7_0_0/ursa_vanilla_tmr_hybrid_processing_system7_0_0/ursa_vanilla_tmr_hybrid_processing_system7_0_0_in_context.xdc, line 86).
Applied set_property CLOCK_BUFFER_TYPE = NONE for DDR_dq[16]. (constraint file  /home/ulisses/Projects/ursa/exp/output-stationary/bitstreams/ursa_vanilla_8x8_acc20_hybrid_tmr.proj/ursa_vanilla_8x8_acc20_hybrid_tmr.gen/sources_1/bd/ursa_vanilla_tmr_hybrid/ip/ursa_vanilla_tmr_hybrid_processing_system7_0_0/ursa_vanilla_tmr_hybrid_processing_system7_0_0/ursa_vanilla_tmr_hybrid_processing_system7_0_0_in_context.xdc, line 87).
Applied set_property IO_BUFFER_TYPE = NONE for DDR_dq[17]. (constraint file  /home/ulisses/Projects/ursa/exp/output-stationary/bitstreams/ursa_vanilla_8x8_acc20_hybrid_tmr.proj/ursa_vanilla_8x8_acc20_hybrid_tmr.gen/sources_1/bd/ursa_vanilla_tmr_hybrid/ip/ursa_vanilla_tmr_hybrid_processing_system7_0_0/ursa_vanilla_tmr_hybrid_processing_system7_0_0/ursa_vanilla_tmr_hybrid_processing_system7_0_0_in_context.xdc, line 88).
Applied set_property CLOCK_BUFFER_TYPE = NONE for DDR_dq[17]. (constraint file  /home/ulisses/Projects/ursa/exp/output-stationary/bitstreams/ursa_vanilla_8x8_acc20_hybrid_tmr.proj/ursa_vanilla_8x8_acc20_hybrid_tmr.gen/sources_1/bd/ursa_vanilla_tmr_hybrid/ip/ursa_vanilla_tmr_hybrid_processing_system7_0_0/ursa_vanilla_tmr_hybrid_processing_system7_0_0/ursa_vanilla_tmr_hybrid_processing_system7_0_0_in_context.xdc, line 89).
Applied set_property IO_BUFFER_TYPE = NONE for DDR_dq[18]. (constraint file  /home/ulisses/Projects/ursa/exp/output-stationary/bitstreams/ursa_vanilla_8x8_acc20_hybrid_tmr.proj/ursa_vanilla_8x8_acc20_hybrid_tmr.gen/sources_1/bd/ursa_vanilla_tmr_hybrid/ip/ursa_vanilla_tmr_hybrid_processing_system7_0_0/ursa_vanilla_tmr_hybrid_processing_system7_0_0/ursa_vanilla_tmr_hybrid_processing_system7_0_0_in_context.xdc, line 90).
Applied set_property CLOCK_BUFFER_TYPE = NONE for DDR_dq[18]. (constraint file  /home/ulisses/Projects/ursa/exp/output-stationary/bitstreams/ursa_vanilla_8x8_acc20_hybrid_tmr.proj/ursa_vanilla_8x8_acc20_hybrid_tmr.gen/sources_1/bd/ursa_vanilla_tmr_hybrid/ip/ursa_vanilla_tmr_hybrid_processing_system7_0_0/ursa_vanilla_tmr_hybrid_processing_system7_0_0/ursa_vanilla_tmr_hybrid_processing_system7_0_0_in_context.xdc, line 91).
Applied set_property IO_BUFFER_TYPE = NONE for DDR_dq[19]. (constraint file  /home/ulisses/Projects/ursa/exp/output-stationary/bitstreams/ursa_vanilla_8x8_acc20_hybrid_tmr.proj/ursa_vanilla_8x8_acc20_hybrid_tmr.gen/sources_1/bd/ursa_vanilla_tmr_hybrid/ip/ursa_vanilla_tmr_hybrid_processing_system7_0_0/ursa_vanilla_tmr_hybrid_processing_system7_0_0/ursa_vanilla_tmr_hybrid_processing_system7_0_0_in_context.xdc, line 92).
Applied set_property CLOCK_BUFFER_TYPE = NONE for DDR_dq[19]. (constraint file  /home/ulisses/Projects/ursa/exp/output-stationary/bitstreams/ursa_vanilla_8x8_acc20_hybrid_tmr.proj/ursa_vanilla_8x8_acc20_hybrid_tmr.gen/sources_1/bd/ursa_vanilla_tmr_hybrid/ip/ursa_vanilla_tmr_hybrid_processing_system7_0_0/ursa_vanilla_tmr_hybrid_processing_system7_0_0/ursa_vanilla_tmr_hybrid_processing_system7_0_0_in_context.xdc, line 93).
Applied set_property IO_BUFFER_TYPE = NONE for DDR_dq[1]. (constraint file  /home/ulisses/Projects/ursa/exp/output-stationary/bitstreams/ursa_vanilla_8x8_acc20_hybrid_tmr.proj/ursa_vanilla_8x8_acc20_hybrid_tmr.gen/sources_1/bd/ursa_vanilla_tmr_hybrid/ip/ursa_vanilla_tmr_hybrid_processing_system7_0_0/ursa_vanilla_tmr_hybrid_processing_system7_0_0/ursa_vanilla_tmr_hybrid_processing_system7_0_0_in_context.xdc, line 94).
Applied set_property CLOCK_BUFFER_TYPE = NONE for DDR_dq[1]. (constraint file  /home/ulisses/Projects/ursa/exp/output-stationary/bitstreams/ursa_vanilla_8x8_acc20_hybrid_tmr.proj/ursa_vanilla_8x8_acc20_hybrid_tmr.gen/sources_1/bd/ursa_vanilla_tmr_hybrid/ip/ursa_vanilla_tmr_hybrid_processing_system7_0_0/ursa_vanilla_tmr_hybrid_processing_system7_0_0/ursa_vanilla_tmr_hybrid_processing_system7_0_0_in_context.xdc, line 95).
Applied set_property IO_BUFFER_TYPE = NONE for DDR_dq[20]. (constraint file  /home/ulisses/Projects/ursa/exp/output-stationary/bitstreams/ursa_vanilla_8x8_acc20_hybrid_tmr.proj/ursa_vanilla_8x8_acc20_hybrid_tmr.gen/sources_1/bd/ursa_vanilla_tmr_hybrid/ip/ursa_vanilla_tmr_hybrid_processing_system7_0_0/ursa_vanilla_tmr_hybrid_processing_system7_0_0/ursa_vanilla_tmr_hybrid_processing_system7_0_0_in_context.xdc, line 96).
Applied set_property CLOCK_BUFFER_TYPE = NONE for DDR_dq[20]. (constraint file  /home/ulisses/Projects/ursa/exp/output-stationary/bitstreams/ursa_vanilla_8x8_acc20_hybrid_tmr.proj/ursa_vanilla_8x8_acc20_hybrid_tmr.gen/sources_1/bd/ursa_vanilla_tmr_hybrid/ip/ursa_vanilla_tmr_hybrid_processing_system7_0_0/ursa_vanilla_tmr_hybrid_processing_system7_0_0/ursa_vanilla_tmr_hybrid_processing_system7_0_0_in_context.xdc, line 97).
Applied set_property IO_BUFFER_TYPE = NONE for DDR_dq[21]. (constraint file  /home/ulisses/Projects/ursa/exp/output-stationary/bitstreams/ursa_vanilla_8x8_acc20_hybrid_tmr.proj/ursa_vanilla_8x8_acc20_hybrid_tmr.gen/sources_1/bd/ursa_vanilla_tmr_hybrid/ip/ursa_vanilla_tmr_hybrid_processing_system7_0_0/ursa_vanilla_tmr_hybrid_processing_system7_0_0/ursa_vanilla_tmr_hybrid_processing_system7_0_0_in_context.xdc, line 98).
Applied set_property CLOCK_BUFFER_TYPE = NONE for DDR_dq[21]. (constraint file  /home/ulisses/Projects/ursa/exp/output-stationary/bitstreams/ursa_vanilla_8x8_acc20_hybrid_tmr.proj/ursa_vanilla_8x8_acc20_hybrid_tmr.gen/sources_1/bd/ursa_vanilla_tmr_hybrid/ip/ursa_vanilla_tmr_hybrid_processing_system7_0_0/ursa_vanilla_tmr_hybrid_processing_system7_0_0/ursa_vanilla_tmr_hybrid_processing_system7_0_0_in_context.xdc, line 99).
Applied set_property IO_BUFFER_TYPE = NONE for DDR_dq[22]. (constraint file  /home/ulisses/Projects/ursa/exp/output-stationary/bitstreams/ursa_vanilla_8x8_acc20_hybrid_tmr.proj/ursa_vanilla_8x8_acc20_hybrid_tmr.gen/sources_1/bd/ursa_vanilla_tmr_hybrid/ip/ursa_vanilla_tmr_hybrid_processing_system7_0_0/ursa_vanilla_tmr_hybrid_processing_system7_0_0/ursa_vanilla_tmr_hybrid_processing_system7_0_0_in_context.xdc, line 100).
Applied set_property CLOCK_BUFFER_TYPE = NONE for DDR_dq[22]. (constraint file  /home/ulisses/Projects/ursa/exp/output-stationary/bitstreams/ursa_vanilla_8x8_acc20_hybrid_tmr.proj/ursa_vanilla_8x8_acc20_hybrid_tmr.gen/sources_1/bd/ursa_vanilla_tmr_hybrid/ip/ursa_vanilla_tmr_hybrid_processing_system7_0_0/ursa_vanilla_tmr_hybrid_processing_system7_0_0/ursa_vanilla_tmr_hybrid_processing_system7_0_0_in_context.xdc, line 101).
Applied set_property IO_BUFFER_TYPE = NONE for DDR_dq[23]. (constraint file  /home/ulisses/Projects/ursa/exp/output-stationary/bitstreams/ursa_vanilla_8x8_acc20_hybrid_tmr.proj/ursa_vanilla_8x8_acc20_hybrid_tmr.gen/sources_1/bd/ursa_vanilla_tmr_hybrid/ip/ursa_vanilla_tmr_hybrid_processing_system7_0_0/ursa_vanilla_tmr_hybrid_processing_system7_0_0/ursa_vanilla_tmr_hybrid_processing_system7_0_0_in_context.xdc, line 102).
Applied set_property CLOCK_BUFFER_TYPE = NONE for DDR_dq[23]. (constraint file  /home/ulisses/Projects/ursa/exp/output-stationary/bitstreams/ursa_vanilla_8x8_acc20_hybrid_tmr.proj/ursa_vanilla_8x8_acc20_hybrid_tmr.gen/sources_1/bd/ursa_vanilla_tmr_hybrid/ip/ursa_vanilla_tmr_hybrid_processing_system7_0_0/ursa_vanilla_tmr_hybrid_processing_system7_0_0/ursa_vanilla_tmr_hybrid_processing_system7_0_0_in_context.xdc, line 103).
Applied set_property IO_BUFFER_TYPE = NONE for DDR_dq[24]. (constraint file  /home/ulisses/Projects/ursa/exp/output-stationary/bitstreams/ursa_vanilla_8x8_acc20_hybrid_tmr.proj/ursa_vanilla_8x8_acc20_hybrid_tmr.gen/sources_1/bd/ursa_vanilla_tmr_hybrid/ip/ursa_vanilla_tmr_hybrid_processing_system7_0_0/ursa_vanilla_tmr_hybrid_processing_system7_0_0/ursa_vanilla_tmr_hybrid_processing_system7_0_0_in_context.xdc, line 104).
Applied set_property CLOCK_BUFFER_TYPE = NONE for DDR_dq[24]. (constraint file  /home/ulisses/Projects/ursa/exp/output-stationary/bitstreams/ursa_vanilla_8x8_acc20_hybrid_tmr.proj/ursa_vanilla_8x8_acc20_hybrid_tmr.gen/sources_1/bd/ursa_vanilla_tmr_hybrid/ip/ursa_vanilla_tmr_hybrid_processing_system7_0_0/ursa_vanilla_tmr_hybrid_processing_system7_0_0/ursa_vanilla_tmr_hybrid_processing_system7_0_0_in_context.xdc, line 105).
Applied set_property IO_BUFFER_TYPE = NONE for DDR_dq[25]. (constraint file  /home/ulisses/Projects/ursa/exp/output-stationary/bitstreams/ursa_vanilla_8x8_acc20_hybrid_tmr.proj/ursa_vanilla_8x8_acc20_hybrid_tmr.gen/sources_1/bd/ursa_vanilla_tmr_hybrid/ip/ursa_vanilla_tmr_hybrid_processing_system7_0_0/ursa_vanilla_tmr_hybrid_processing_system7_0_0/ursa_vanilla_tmr_hybrid_processing_system7_0_0_in_context.xdc, line 106).
Applied set_property CLOCK_BUFFER_TYPE = NONE for DDR_dq[25]. (constraint file  /home/ulisses/Projects/ursa/exp/output-stationary/bitstreams/ursa_vanilla_8x8_acc20_hybrid_tmr.proj/ursa_vanilla_8x8_acc20_hybrid_tmr.gen/sources_1/bd/ursa_vanilla_tmr_hybrid/ip/ursa_vanilla_tmr_hybrid_processing_system7_0_0/ursa_vanilla_tmr_hybrid_processing_system7_0_0/ursa_vanilla_tmr_hybrid_processing_system7_0_0_in_context.xdc, line 107).
Applied set_property IO_BUFFER_TYPE = NONE for DDR_dq[26]. (constraint file  /home/ulisses/Projects/ursa/exp/output-stationary/bitstreams/ursa_vanilla_8x8_acc20_hybrid_tmr.proj/ursa_vanilla_8x8_acc20_hybrid_tmr.gen/sources_1/bd/ursa_vanilla_tmr_hybrid/ip/ursa_vanilla_tmr_hybrid_processing_system7_0_0/ursa_vanilla_tmr_hybrid_processing_system7_0_0/ursa_vanilla_tmr_hybrid_processing_system7_0_0_in_context.xdc, line 108).
Applied set_property CLOCK_BUFFER_TYPE = NONE for DDR_dq[26]. (constraint file  /home/ulisses/Projects/ursa/exp/output-stationary/bitstreams/ursa_vanilla_8x8_acc20_hybrid_tmr.proj/ursa_vanilla_8x8_acc20_hybrid_tmr.gen/sources_1/bd/ursa_vanilla_tmr_hybrid/ip/ursa_vanilla_tmr_hybrid_processing_system7_0_0/ursa_vanilla_tmr_hybrid_processing_system7_0_0/ursa_vanilla_tmr_hybrid_processing_system7_0_0_in_context.xdc, line 109).
Applied set_property IO_BUFFER_TYPE = NONE for DDR_dq[27]. (constraint file  /home/ulisses/Projects/ursa/exp/output-stationary/bitstreams/ursa_vanilla_8x8_acc20_hybrid_tmr.proj/ursa_vanilla_8x8_acc20_hybrid_tmr.gen/sources_1/bd/ursa_vanilla_tmr_hybrid/ip/ursa_vanilla_tmr_hybrid_processing_system7_0_0/ursa_vanilla_tmr_hybrid_processing_system7_0_0/ursa_vanilla_tmr_hybrid_processing_system7_0_0_in_context.xdc, line 110).
Applied set_property CLOCK_BUFFER_TYPE = NONE for DDR_dq[27]. (constraint file  /home/ulisses/Projects/ursa/exp/output-stationary/bitstreams/ursa_vanilla_8x8_acc20_hybrid_tmr.proj/ursa_vanilla_8x8_acc20_hybrid_tmr.gen/sources_1/bd/ursa_vanilla_tmr_hybrid/ip/ursa_vanilla_tmr_hybrid_processing_system7_0_0/ursa_vanilla_tmr_hybrid_processing_system7_0_0/ursa_vanilla_tmr_hybrid_processing_system7_0_0_in_context.xdc, line 111).
Applied set_property IO_BUFFER_TYPE = NONE for DDR_dq[28]. (constraint file  /home/ulisses/Projects/ursa/exp/output-stationary/bitstreams/ursa_vanilla_8x8_acc20_hybrid_tmr.proj/ursa_vanilla_8x8_acc20_hybrid_tmr.gen/sources_1/bd/ursa_vanilla_tmr_hybrid/ip/ursa_vanilla_tmr_hybrid_processing_system7_0_0/ursa_vanilla_tmr_hybrid_processing_system7_0_0/ursa_vanilla_tmr_hybrid_processing_system7_0_0_in_context.xdc, line 112).
Applied set_property CLOCK_BUFFER_TYPE = NONE for DDR_dq[28]. (constraint file  /home/ulisses/Projects/ursa/exp/output-stationary/bitstreams/ursa_vanilla_8x8_acc20_hybrid_tmr.proj/ursa_vanilla_8x8_acc20_hybrid_tmr.gen/sources_1/bd/ursa_vanilla_tmr_hybrid/ip/ursa_vanilla_tmr_hybrid_processing_system7_0_0/ursa_vanilla_tmr_hybrid_processing_system7_0_0/ursa_vanilla_tmr_hybrid_processing_system7_0_0_in_context.xdc, line 113).
Applied set_property IO_BUFFER_TYPE = NONE for DDR_dq[29]. (constraint file  /home/ulisses/Projects/ursa/exp/output-stationary/bitstreams/ursa_vanilla_8x8_acc20_hybrid_tmr.proj/ursa_vanilla_8x8_acc20_hybrid_tmr.gen/sources_1/bd/ursa_vanilla_tmr_hybrid/ip/ursa_vanilla_tmr_hybrid_processing_system7_0_0/ursa_vanilla_tmr_hybrid_processing_system7_0_0/ursa_vanilla_tmr_hybrid_processing_system7_0_0_in_context.xdc, line 114).
Applied set_property CLOCK_BUFFER_TYPE = NONE for DDR_dq[29]. (constraint file  /home/ulisses/Projects/ursa/exp/output-stationary/bitstreams/ursa_vanilla_8x8_acc20_hybrid_tmr.proj/ursa_vanilla_8x8_acc20_hybrid_tmr.gen/sources_1/bd/ursa_vanilla_tmr_hybrid/ip/ursa_vanilla_tmr_hybrid_processing_system7_0_0/ursa_vanilla_tmr_hybrid_processing_system7_0_0/ursa_vanilla_tmr_hybrid_processing_system7_0_0_in_context.xdc, line 115).
Applied set_property IO_BUFFER_TYPE = NONE for DDR_dq[2]. (constraint file  /home/ulisses/Projects/ursa/exp/output-stationary/bitstreams/ursa_vanilla_8x8_acc20_hybrid_tmr.proj/ursa_vanilla_8x8_acc20_hybrid_tmr.gen/sources_1/bd/ursa_vanilla_tmr_hybrid/ip/ursa_vanilla_tmr_hybrid_processing_system7_0_0/ursa_vanilla_tmr_hybrid_processing_system7_0_0/ursa_vanilla_tmr_hybrid_processing_system7_0_0_in_context.xdc, line 116).
Applied set_property CLOCK_BUFFER_TYPE = NONE for DDR_dq[2]. (constraint file  /home/ulisses/Projects/ursa/exp/output-stationary/bitstreams/ursa_vanilla_8x8_acc20_hybrid_tmr.proj/ursa_vanilla_8x8_acc20_hybrid_tmr.gen/sources_1/bd/ursa_vanilla_tmr_hybrid/ip/ursa_vanilla_tmr_hybrid_processing_system7_0_0/ursa_vanilla_tmr_hybrid_processing_system7_0_0/ursa_vanilla_tmr_hybrid_processing_system7_0_0_in_context.xdc, line 117).
Applied set_property IO_BUFFER_TYPE = NONE for DDR_dq[30]. (constraint file  /home/ulisses/Projects/ursa/exp/output-stationary/bitstreams/ursa_vanilla_8x8_acc20_hybrid_tmr.proj/ursa_vanilla_8x8_acc20_hybrid_tmr.gen/sources_1/bd/ursa_vanilla_tmr_hybrid/ip/ursa_vanilla_tmr_hybrid_processing_system7_0_0/ursa_vanilla_tmr_hybrid_processing_system7_0_0/ursa_vanilla_tmr_hybrid_processing_system7_0_0_in_context.xdc, line 118).
Applied set_property CLOCK_BUFFER_TYPE = NONE for DDR_dq[30]. (constraint file  /home/ulisses/Projects/ursa/exp/output-stationary/bitstreams/ursa_vanilla_8x8_acc20_hybrid_tmr.proj/ursa_vanilla_8x8_acc20_hybrid_tmr.gen/sources_1/bd/ursa_vanilla_tmr_hybrid/ip/ursa_vanilla_tmr_hybrid_processing_system7_0_0/ursa_vanilla_tmr_hybrid_processing_system7_0_0/ursa_vanilla_tmr_hybrid_processing_system7_0_0_in_context.xdc, line 119).
Applied set_property IO_BUFFER_TYPE = NONE for DDR_dq[31]. (constraint file  /home/ulisses/Projects/ursa/exp/output-stationary/bitstreams/ursa_vanilla_8x8_acc20_hybrid_tmr.proj/ursa_vanilla_8x8_acc20_hybrid_tmr.gen/sources_1/bd/ursa_vanilla_tmr_hybrid/ip/ursa_vanilla_tmr_hybrid_processing_system7_0_0/ursa_vanilla_tmr_hybrid_processing_system7_0_0/ursa_vanilla_tmr_hybrid_processing_system7_0_0_in_context.xdc, line 120).
Applied set_property CLOCK_BUFFER_TYPE = NONE for DDR_dq[31]. (constraint file  /home/ulisses/Projects/ursa/exp/output-stationary/bitstreams/ursa_vanilla_8x8_acc20_hybrid_tmr.proj/ursa_vanilla_8x8_acc20_hybrid_tmr.gen/sources_1/bd/ursa_vanilla_tmr_hybrid/ip/ursa_vanilla_tmr_hybrid_processing_system7_0_0/ursa_vanilla_tmr_hybrid_processing_system7_0_0/ursa_vanilla_tmr_hybrid_processing_system7_0_0_in_context.xdc, line 121).
Applied set_property IO_BUFFER_TYPE = NONE for DDR_dq[3]. (constraint file  /home/ulisses/Projects/ursa/exp/output-stationary/bitstreams/ursa_vanilla_8x8_acc20_hybrid_tmr.proj/ursa_vanilla_8x8_acc20_hybrid_tmr.gen/sources_1/bd/ursa_vanilla_tmr_hybrid/ip/ursa_vanilla_tmr_hybrid_processing_system7_0_0/ursa_vanilla_tmr_hybrid_processing_system7_0_0/ursa_vanilla_tmr_hybrid_processing_system7_0_0_in_context.xdc, line 122).
Applied set_property CLOCK_BUFFER_TYPE = NONE for DDR_dq[3]. (constraint file  /home/ulisses/Projects/ursa/exp/output-stationary/bitstreams/ursa_vanilla_8x8_acc20_hybrid_tmr.proj/ursa_vanilla_8x8_acc20_hybrid_tmr.gen/sources_1/bd/ursa_vanilla_tmr_hybrid/ip/ursa_vanilla_tmr_hybrid_processing_system7_0_0/ursa_vanilla_tmr_hybrid_processing_system7_0_0/ursa_vanilla_tmr_hybrid_processing_system7_0_0_in_context.xdc, line 123).
Applied set_property IO_BUFFER_TYPE = NONE for DDR_dq[4]. (constraint file  /home/ulisses/Projects/ursa/exp/output-stationary/bitstreams/ursa_vanilla_8x8_acc20_hybrid_tmr.proj/ursa_vanilla_8x8_acc20_hybrid_tmr.gen/sources_1/bd/ursa_vanilla_tmr_hybrid/ip/ursa_vanilla_tmr_hybrid_processing_system7_0_0/ursa_vanilla_tmr_hybrid_processing_system7_0_0/ursa_vanilla_tmr_hybrid_processing_system7_0_0_in_context.xdc, line 124).
Applied set_property CLOCK_BUFFER_TYPE = NONE for DDR_dq[4]. (constraint file  /home/ulisses/Projects/ursa/exp/output-stationary/bitstreams/ursa_vanilla_8x8_acc20_hybrid_tmr.proj/ursa_vanilla_8x8_acc20_hybrid_tmr.gen/sources_1/bd/ursa_vanilla_tmr_hybrid/ip/ursa_vanilla_tmr_hybrid_processing_system7_0_0/ursa_vanilla_tmr_hybrid_processing_system7_0_0/ursa_vanilla_tmr_hybrid_processing_system7_0_0_in_context.xdc, line 125).
Applied set_property IO_BUFFER_TYPE = NONE for DDR_dq[5]. (constraint file  /home/ulisses/Projects/ursa/exp/output-stationary/bitstreams/ursa_vanilla_8x8_acc20_hybrid_tmr.proj/ursa_vanilla_8x8_acc20_hybrid_tmr.gen/sources_1/bd/ursa_vanilla_tmr_hybrid/ip/ursa_vanilla_tmr_hybrid_processing_system7_0_0/ursa_vanilla_tmr_hybrid_processing_system7_0_0/ursa_vanilla_tmr_hybrid_processing_system7_0_0_in_context.xdc, line 126).
Applied set_property CLOCK_BUFFER_TYPE = NONE for DDR_dq[5]. (constraint file  /home/ulisses/Projects/ursa/exp/output-stationary/bitstreams/ursa_vanilla_8x8_acc20_hybrid_tmr.proj/ursa_vanilla_8x8_acc20_hybrid_tmr.gen/sources_1/bd/ursa_vanilla_tmr_hybrid/ip/ursa_vanilla_tmr_hybrid_processing_system7_0_0/ursa_vanilla_tmr_hybrid_processing_system7_0_0/ursa_vanilla_tmr_hybrid_processing_system7_0_0_in_context.xdc, line 127).
Applied set_property IO_BUFFER_TYPE = NONE for DDR_dq[6]. (constraint file  /home/ulisses/Projects/ursa/exp/output-stationary/bitstreams/ursa_vanilla_8x8_acc20_hybrid_tmr.proj/ursa_vanilla_8x8_acc20_hybrid_tmr.gen/sources_1/bd/ursa_vanilla_tmr_hybrid/ip/ursa_vanilla_tmr_hybrid_processing_system7_0_0/ursa_vanilla_tmr_hybrid_processing_system7_0_0/ursa_vanilla_tmr_hybrid_processing_system7_0_0_in_context.xdc, line 128).
Applied set_property CLOCK_BUFFER_TYPE = NONE for DDR_dq[6]. (constraint file  /home/ulisses/Projects/ursa/exp/output-stationary/bitstreams/ursa_vanilla_8x8_acc20_hybrid_tmr.proj/ursa_vanilla_8x8_acc20_hybrid_tmr.gen/sources_1/bd/ursa_vanilla_tmr_hybrid/ip/ursa_vanilla_tmr_hybrid_processing_system7_0_0/ursa_vanilla_tmr_hybrid_processing_system7_0_0/ursa_vanilla_tmr_hybrid_processing_system7_0_0_in_context.xdc, line 129).
Applied set_property IO_BUFFER_TYPE = NONE for DDR_dq[7]. (constraint file  /home/ulisses/Projects/ursa/exp/output-stationary/bitstreams/ursa_vanilla_8x8_acc20_hybrid_tmr.proj/ursa_vanilla_8x8_acc20_hybrid_tmr.gen/sources_1/bd/ursa_vanilla_tmr_hybrid/ip/ursa_vanilla_tmr_hybrid_processing_system7_0_0/ursa_vanilla_tmr_hybrid_processing_system7_0_0/ursa_vanilla_tmr_hybrid_processing_system7_0_0_in_context.xdc, line 130).
Applied set_property CLOCK_BUFFER_TYPE = NONE for DDR_dq[7]. (constraint file  /home/ulisses/Projects/ursa/exp/output-stationary/bitstreams/ursa_vanilla_8x8_acc20_hybrid_tmr.proj/ursa_vanilla_8x8_acc20_hybrid_tmr.gen/sources_1/bd/ursa_vanilla_tmr_hybrid/ip/ursa_vanilla_tmr_hybrid_processing_system7_0_0/ursa_vanilla_tmr_hybrid_processing_system7_0_0/ursa_vanilla_tmr_hybrid_processing_system7_0_0_in_context.xdc, line 131).
Applied set_property IO_BUFFER_TYPE = NONE for DDR_dq[8]. (constraint file  /home/ulisses/Projects/ursa/exp/output-stationary/bitstreams/ursa_vanilla_8x8_acc20_hybrid_tmr.proj/ursa_vanilla_8x8_acc20_hybrid_tmr.gen/sources_1/bd/ursa_vanilla_tmr_hybrid/ip/ursa_vanilla_tmr_hybrid_processing_system7_0_0/ursa_vanilla_tmr_hybrid_processing_system7_0_0/ursa_vanilla_tmr_hybrid_processing_system7_0_0_in_context.xdc, line 132).
Applied set_property CLOCK_BUFFER_TYPE = NONE for DDR_dq[8]. (constraint file  /home/ulisses/Projects/ursa/exp/output-stationary/bitstreams/ursa_vanilla_8x8_acc20_hybrid_tmr.proj/ursa_vanilla_8x8_acc20_hybrid_tmr.gen/sources_1/bd/ursa_vanilla_tmr_hybrid/ip/ursa_vanilla_tmr_hybrid_processing_system7_0_0/ursa_vanilla_tmr_hybrid_processing_system7_0_0/ursa_vanilla_tmr_hybrid_processing_system7_0_0_in_context.xdc, line 133).
Applied set_property IO_BUFFER_TYPE = NONE for DDR_dq[9]. (constraint file  /home/ulisses/Projects/ursa/exp/output-stationary/bitstreams/ursa_vanilla_8x8_acc20_hybrid_tmr.proj/ursa_vanilla_8x8_acc20_hybrid_tmr.gen/sources_1/bd/ursa_vanilla_tmr_hybrid/ip/ursa_vanilla_tmr_hybrid_processing_system7_0_0/ursa_vanilla_tmr_hybrid_processing_system7_0_0/ursa_vanilla_tmr_hybrid_processing_system7_0_0_in_context.xdc, line 134).
Applied set_property CLOCK_BUFFER_TYPE = NONE for DDR_dq[9]. (constraint file  /home/ulisses/Projects/ursa/exp/output-stationary/bitstreams/ursa_vanilla_8x8_acc20_hybrid_tmr.proj/ursa_vanilla_8x8_acc20_hybrid_tmr.gen/sources_1/bd/ursa_vanilla_tmr_hybrid/ip/ursa_vanilla_tmr_hybrid_processing_system7_0_0/ursa_vanilla_tmr_hybrid_processing_system7_0_0/ursa_vanilla_tmr_hybrid_processing_system7_0_0_in_context.xdc, line 135).
Applied set_property IO_BUFFER_TYPE = NONE for DDR_reset_n. (constraint file  /home/ulisses/Projects/ursa/exp/output-stationary/bitstreams/ursa_vanilla_8x8_acc20_hybrid_tmr.proj/ursa_vanilla_8x8_acc20_hybrid_tmr.gen/sources_1/bd/ursa_vanilla_tmr_hybrid/ip/ursa_vanilla_tmr_hybrid_processing_system7_0_0/ursa_vanilla_tmr_hybrid_processing_system7_0_0/ursa_vanilla_tmr_hybrid_processing_system7_0_0_in_context.xdc, line 136).
Applied set_property CLOCK_BUFFER_TYPE = NONE for DDR_reset_n. (constraint file  /home/ulisses/Projects/ursa/exp/output-stationary/bitstreams/ursa_vanilla_8x8_acc20_hybrid_tmr.proj/ursa_vanilla_8x8_acc20_hybrid_tmr.gen/sources_1/bd/ursa_vanilla_tmr_hybrid/ip/ursa_vanilla_tmr_hybrid_processing_system7_0_0/ursa_vanilla_tmr_hybrid_processing_system7_0_0/ursa_vanilla_tmr_hybrid_processing_system7_0_0_in_context.xdc, line 137).
Applied set_property IO_BUFFER_TYPE = NONE for DDR_odt. (constraint file  /home/ulisses/Projects/ursa/exp/output-stationary/bitstreams/ursa_vanilla_8x8_acc20_hybrid_tmr.proj/ursa_vanilla_8x8_acc20_hybrid_tmr.gen/sources_1/bd/ursa_vanilla_tmr_hybrid/ip/ursa_vanilla_tmr_hybrid_processing_system7_0_0/ursa_vanilla_tmr_hybrid_processing_system7_0_0/ursa_vanilla_tmr_hybrid_processing_system7_0_0_in_context.xdc, line 138).
Applied set_property CLOCK_BUFFER_TYPE = NONE for DDR_odt. (constraint file  /home/ulisses/Projects/ursa/exp/output-stationary/bitstreams/ursa_vanilla_8x8_acc20_hybrid_tmr.proj/ursa_vanilla_8x8_acc20_hybrid_tmr.gen/sources_1/bd/ursa_vanilla_tmr_hybrid/ip/ursa_vanilla_tmr_hybrid_processing_system7_0_0/ursa_vanilla_tmr_hybrid_processing_system7_0_0/ursa_vanilla_tmr_hybrid_processing_system7_0_0_in_context.xdc, line 139).
Applied set_property IO_BUFFER_TYPE = NONE for DDR_ras_n. (constraint file  /home/ulisses/Projects/ursa/exp/output-stationary/bitstreams/ursa_vanilla_8x8_acc20_hybrid_tmr.proj/ursa_vanilla_8x8_acc20_hybrid_tmr.gen/sources_1/bd/ursa_vanilla_tmr_hybrid/ip/ursa_vanilla_tmr_hybrid_processing_system7_0_0/ursa_vanilla_tmr_hybrid_processing_system7_0_0/ursa_vanilla_tmr_hybrid_processing_system7_0_0_in_context.xdc, line 140).
Applied set_property CLOCK_BUFFER_TYPE = NONE for DDR_ras_n. (constraint file  /home/ulisses/Projects/ursa/exp/output-stationary/bitstreams/ursa_vanilla_8x8_acc20_hybrid_tmr.proj/ursa_vanilla_8x8_acc20_hybrid_tmr.gen/sources_1/bd/ursa_vanilla_tmr_hybrid/ip/ursa_vanilla_tmr_hybrid_processing_system7_0_0/ursa_vanilla_tmr_hybrid_processing_system7_0_0/ursa_vanilla_tmr_hybrid_processing_system7_0_0_in_context.xdc, line 141).
Applied set_property IO_BUFFER_TYPE = NONE for FIXED_IO_ddr_vrn. (constraint file  /home/ulisses/Projects/ursa/exp/output-stationary/bitstreams/ursa_vanilla_8x8_acc20_hybrid_tmr.proj/ursa_vanilla_8x8_acc20_hybrid_tmr.gen/sources_1/bd/ursa_vanilla_tmr_hybrid/ip/ursa_vanilla_tmr_hybrid_processing_system7_0_0/ursa_vanilla_tmr_hybrid_processing_system7_0_0/ursa_vanilla_tmr_hybrid_processing_system7_0_0_in_context.xdc, line 142).
Applied set_property CLOCK_BUFFER_TYPE = NONE for FIXED_IO_ddr_vrn. (constraint file  /home/ulisses/Projects/ursa/exp/output-stationary/bitstreams/ursa_vanilla_8x8_acc20_hybrid_tmr.proj/ursa_vanilla_8x8_acc20_hybrid_tmr.gen/sources_1/bd/ursa_vanilla_tmr_hybrid/ip/ursa_vanilla_tmr_hybrid_processing_system7_0_0/ursa_vanilla_tmr_hybrid_processing_system7_0_0/ursa_vanilla_tmr_hybrid_processing_system7_0_0_in_context.xdc, line 143).
Applied set_property IO_BUFFER_TYPE = NONE for FIXED_IO_ddr_vrp. (constraint file  /home/ulisses/Projects/ursa/exp/output-stationary/bitstreams/ursa_vanilla_8x8_acc20_hybrid_tmr.proj/ursa_vanilla_8x8_acc20_hybrid_tmr.gen/sources_1/bd/ursa_vanilla_tmr_hybrid/ip/ursa_vanilla_tmr_hybrid_processing_system7_0_0/ursa_vanilla_tmr_hybrid_processing_system7_0_0/ursa_vanilla_tmr_hybrid_processing_system7_0_0_in_context.xdc, line 144).
Applied set_property CLOCK_BUFFER_TYPE = NONE for FIXED_IO_ddr_vrp. (constraint file  /home/ulisses/Projects/ursa/exp/output-stationary/bitstreams/ursa_vanilla_8x8_acc20_hybrid_tmr.proj/ursa_vanilla_8x8_acc20_hybrid_tmr.gen/sources_1/bd/ursa_vanilla_tmr_hybrid/ip/ursa_vanilla_tmr_hybrid_processing_system7_0_0/ursa_vanilla_tmr_hybrid_processing_system7_0_0/ursa_vanilla_tmr_hybrid_processing_system7_0_0_in_context.xdc, line 145).
Applied set_property IO_BUFFER_TYPE = NONE for DDR_we_n. (constraint file  /home/ulisses/Projects/ursa/exp/output-stationary/bitstreams/ursa_vanilla_8x8_acc20_hybrid_tmr.proj/ursa_vanilla_8x8_acc20_hybrid_tmr.gen/sources_1/bd/ursa_vanilla_tmr_hybrid/ip/ursa_vanilla_tmr_hybrid_processing_system7_0_0/ursa_vanilla_tmr_hybrid_processing_system7_0_0/ursa_vanilla_tmr_hybrid_processing_system7_0_0_in_context.xdc, line 146).
Applied set_property CLOCK_BUFFER_TYPE = NONE for DDR_we_n. (constraint file  /home/ulisses/Projects/ursa/exp/output-stationary/bitstreams/ursa_vanilla_8x8_acc20_hybrid_tmr.proj/ursa_vanilla_8x8_acc20_hybrid_tmr.gen/sources_1/bd/ursa_vanilla_tmr_hybrid/ip/ursa_vanilla_tmr_hybrid_processing_system7_0_0/ursa_vanilla_tmr_hybrid_processing_system7_0_0/ursa_vanilla_tmr_hybrid_processing_system7_0_0_in_context.xdc, line 147).
Applied set_property IO_BUFFER_TYPE = NONE for FIXED_IO_mio[0]. (constraint file  /home/ulisses/Projects/ursa/exp/output-stationary/bitstreams/ursa_vanilla_8x8_acc20_hybrid_tmr.proj/ursa_vanilla_8x8_acc20_hybrid_tmr.gen/sources_1/bd/ursa_vanilla_tmr_hybrid/ip/ursa_vanilla_tmr_hybrid_processing_system7_0_0/ursa_vanilla_tmr_hybrid_processing_system7_0_0/ursa_vanilla_tmr_hybrid_processing_system7_0_0_in_context.xdc, line 148).
Applied set_property CLOCK_BUFFER_TYPE = NONE for FIXED_IO_mio[0]. (constraint file  /home/ulisses/Projects/ursa/exp/output-stationary/bitstreams/ursa_vanilla_8x8_acc20_hybrid_tmr.proj/ursa_vanilla_8x8_acc20_hybrid_tmr.gen/sources_1/bd/ursa_vanilla_tmr_hybrid/ip/ursa_vanilla_tmr_hybrid_processing_system7_0_0/ursa_vanilla_tmr_hybrid_processing_system7_0_0/ursa_vanilla_tmr_hybrid_processing_system7_0_0_in_context.xdc, line 149).
Applied set_property IO_BUFFER_TYPE = NONE for FIXED_IO_mio[10]. (constraint file  /home/ulisses/Projects/ursa/exp/output-stationary/bitstreams/ursa_vanilla_8x8_acc20_hybrid_tmr.proj/ursa_vanilla_8x8_acc20_hybrid_tmr.gen/sources_1/bd/ursa_vanilla_tmr_hybrid/ip/ursa_vanilla_tmr_hybrid_processing_system7_0_0/ursa_vanilla_tmr_hybrid_processing_system7_0_0/ursa_vanilla_tmr_hybrid_processing_system7_0_0_in_context.xdc, line 150).
Applied set_property CLOCK_BUFFER_TYPE = NONE for FIXED_IO_mio[10]. (constraint file  /home/ulisses/Projects/ursa/exp/output-stationary/bitstreams/ursa_vanilla_8x8_acc20_hybrid_tmr.proj/ursa_vanilla_8x8_acc20_hybrid_tmr.gen/sources_1/bd/ursa_vanilla_tmr_hybrid/ip/ursa_vanilla_tmr_hybrid_processing_system7_0_0/ursa_vanilla_tmr_hybrid_processing_system7_0_0/ursa_vanilla_tmr_hybrid_processing_system7_0_0_in_context.xdc, line 151).
Applied set_property IO_BUFFER_TYPE = NONE for FIXED_IO_mio[11]. (constraint file  /home/ulisses/Projects/ursa/exp/output-stationary/bitstreams/ursa_vanilla_8x8_acc20_hybrid_tmr.proj/ursa_vanilla_8x8_acc20_hybrid_tmr.gen/sources_1/bd/ursa_vanilla_tmr_hybrid/ip/ursa_vanilla_tmr_hybrid_processing_system7_0_0/ursa_vanilla_tmr_hybrid_processing_system7_0_0/ursa_vanilla_tmr_hybrid_processing_system7_0_0_in_context.xdc, line 152).
Applied set_property CLOCK_BUFFER_TYPE = NONE for FIXED_IO_mio[11]. (constraint file  /home/ulisses/Projects/ursa/exp/output-stationary/bitstreams/ursa_vanilla_8x8_acc20_hybrid_tmr.proj/ursa_vanilla_8x8_acc20_hybrid_tmr.gen/sources_1/bd/ursa_vanilla_tmr_hybrid/ip/ursa_vanilla_tmr_hybrid_processing_system7_0_0/ursa_vanilla_tmr_hybrid_processing_system7_0_0/ursa_vanilla_tmr_hybrid_processing_system7_0_0_in_context.xdc, line 153).
Applied set_property IO_BUFFER_TYPE = NONE for FIXED_IO_mio[12]. (constraint file  /home/ulisses/Projects/ursa/exp/output-stationary/bitstreams/ursa_vanilla_8x8_acc20_hybrid_tmr.proj/ursa_vanilla_8x8_acc20_hybrid_tmr.gen/sources_1/bd/ursa_vanilla_tmr_hybrid/ip/ursa_vanilla_tmr_hybrid_processing_system7_0_0/ursa_vanilla_tmr_hybrid_processing_system7_0_0/ursa_vanilla_tmr_hybrid_processing_system7_0_0_in_context.xdc, line 154).
Applied set_property CLOCK_BUFFER_TYPE = NONE for FIXED_IO_mio[12]. (constraint file  /home/ulisses/Projects/ursa/exp/output-stationary/bitstreams/ursa_vanilla_8x8_acc20_hybrid_tmr.proj/ursa_vanilla_8x8_acc20_hybrid_tmr.gen/sources_1/bd/ursa_vanilla_tmr_hybrid/ip/ursa_vanilla_tmr_hybrid_processing_system7_0_0/ursa_vanilla_tmr_hybrid_processing_system7_0_0/ursa_vanilla_tmr_hybrid_processing_system7_0_0_in_context.xdc, line 155).
Applied set_property IO_BUFFER_TYPE = NONE for FIXED_IO_mio[13]. (constraint file  /home/ulisses/Projects/ursa/exp/output-stationary/bitstreams/ursa_vanilla_8x8_acc20_hybrid_tmr.proj/ursa_vanilla_8x8_acc20_hybrid_tmr.gen/sources_1/bd/ursa_vanilla_tmr_hybrid/ip/ursa_vanilla_tmr_hybrid_processing_system7_0_0/ursa_vanilla_tmr_hybrid_processing_system7_0_0/ursa_vanilla_tmr_hybrid_processing_system7_0_0_in_context.xdc, line 156).
Applied set_property CLOCK_BUFFER_TYPE = NONE for FIXED_IO_mio[13]. (constraint file  /home/ulisses/Projects/ursa/exp/output-stationary/bitstreams/ursa_vanilla_8x8_acc20_hybrid_tmr.proj/ursa_vanilla_8x8_acc20_hybrid_tmr.gen/sources_1/bd/ursa_vanilla_tmr_hybrid/ip/ursa_vanilla_tmr_hybrid_processing_system7_0_0/ursa_vanilla_tmr_hybrid_processing_system7_0_0/ursa_vanilla_tmr_hybrid_processing_system7_0_0_in_context.xdc, line 157).
Applied set_property IO_BUFFER_TYPE = NONE for FIXED_IO_mio[14]. (constraint file  /home/ulisses/Projects/ursa/exp/output-stationary/bitstreams/ursa_vanilla_8x8_acc20_hybrid_tmr.proj/ursa_vanilla_8x8_acc20_hybrid_tmr.gen/sources_1/bd/ursa_vanilla_tmr_hybrid/ip/ursa_vanilla_tmr_hybrid_processing_system7_0_0/ursa_vanilla_tmr_hybrid_processing_system7_0_0/ursa_vanilla_tmr_hybrid_processing_system7_0_0_in_context.xdc, line 158).
Applied set_property CLOCK_BUFFER_TYPE = NONE for FIXED_IO_mio[14]. (constraint file  /home/ulisses/Projects/ursa/exp/output-stationary/bitstreams/ursa_vanilla_8x8_acc20_hybrid_tmr.proj/ursa_vanilla_8x8_acc20_hybrid_tmr.gen/sources_1/bd/ursa_vanilla_tmr_hybrid/ip/ursa_vanilla_tmr_hybrid_processing_system7_0_0/ursa_vanilla_tmr_hybrid_processing_system7_0_0/ursa_vanilla_tmr_hybrid_processing_system7_0_0_in_context.xdc, line 159).
Applied set_property IO_BUFFER_TYPE = NONE for FIXED_IO_mio[15]. (constraint file  /home/ulisses/Projects/ursa/exp/output-stationary/bitstreams/ursa_vanilla_8x8_acc20_hybrid_tmr.proj/ursa_vanilla_8x8_acc20_hybrid_tmr.gen/sources_1/bd/ursa_vanilla_tmr_hybrid/ip/ursa_vanilla_tmr_hybrid_processing_system7_0_0/ursa_vanilla_tmr_hybrid_processing_system7_0_0/ursa_vanilla_tmr_hybrid_processing_system7_0_0_in_context.xdc, line 160).
Applied set_property CLOCK_BUFFER_TYPE = NONE for FIXED_IO_mio[15]. (constraint file  /home/ulisses/Projects/ursa/exp/output-stationary/bitstreams/ursa_vanilla_8x8_acc20_hybrid_tmr.proj/ursa_vanilla_8x8_acc20_hybrid_tmr.gen/sources_1/bd/ursa_vanilla_tmr_hybrid/ip/ursa_vanilla_tmr_hybrid_processing_system7_0_0/ursa_vanilla_tmr_hybrid_processing_system7_0_0/ursa_vanilla_tmr_hybrid_processing_system7_0_0_in_context.xdc, line 161).
Applied set_property IO_BUFFER_TYPE = NONE for FIXED_IO_mio[16]. (constraint file  /home/ulisses/Projects/ursa/exp/output-stationary/bitstreams/ursa_vanilla_8x8_acc20_hybrid_tmr.proj/ursa_vanilla_8x8_acc20_hybrid_tmr.gen/sources_1/bd/ursa_vanilla_tmr_hybrid/ip/ursa_vanilla_tmr_hybrid_processing_system7_0_0/ursa_vanilla_tmr_hybrid_processing_system7_0_0/ursa_vanilla_tmr_hybrid_processing_system7_0_0_in_context.xdc, line 162).
Applied set_property CLOCK_BUFFER_TYPE = NONE for FIXED_IO_mio[16]. (constraint file  /home/ulisses/Projects/ursa/exp/output-stationary/bitstreams/ursa_vanilla_8x8_acc20_hybrid_tmr.proj/ursa_vanilla_8x8_acc20_hybrid_tmr.gen/sources_1/bd/ursa_vanilla_tmr_hybrid/ip/ursa_vanilla_tmr_hybrid_processing_system7_0_0/ursa_vanilla_tmr_hybrid_processing_system7_0_0/ursa_vanilla_tmr_hybrid_processing_system7_0_0_in_context.xdc, line 163).
Applied set_property IO_BUFFER_TYPE = NONE for FIXED_IO_mio[17]. (constraint file  /home/ulisses/Projects/ursa/exp/output-stationary/bitstreams/ursa_vanilla_8x8_acc20_hybrid_tmr.proj/ursa_vanilla_8x8_acc20_hybrid_tmr.gen/sources_1/bd/ursa_vanilla_tmr_hybrid/ip/ursa_vanilla_tmr_hybrid_processing_system7_0_0/ursa_vanilla_tmr_hybrid_processing_system7_0_0/ursa_vanilla_tmr_hybrid_processing_system7_0_0_in_context.xdc, line 164).
Applied set_property CLOCK_BUFFER_TYPE = NONE for FIXED_IO_mio[17]. (constraint file  /home/ulisses/Projects/ursa/exp/output-stationary/bitstreams/ursa_vanilla_8x8_acc20_hybrid_tmr.proj/ursa_vanilla_8x8_acc20_hybrid_tmr.gen/sources_1/bd/ursa_vanilla_tmr_hybrid/ip/ursa_vanilla_tmr_hybrid_processing_system7_0_0/ursa_vanilla_tmr_hybrid_processing_system7_0_0/ursa_vanilla_tmr_hybrid_processing_system7_0_0_in_context.xdc, line 165).
Applied set_property IO_BUFFER_TYPE = NONE for FIXED_IO_mio[18]. (constraint file  /home/ulisses/Projects/ursa/exp/output-stationary/bitstreams/ursa_vanilla_8x8_acc20_hybrid_tmr.proj/ursa_vanilla_8x8_acc20_hybrid_tmr.gen/sources_1/bd/ursa_vanilla_tmr_hybrid/ip/ursa_vanilla_tmr_hybrid_processing_system7_0_0/ursa_vanilla_tmr_hybrid_processing_system7_0_0/ursa_vanilla_tmr_hybrid_processing_system7_0_0_in_context.xdc, line 166).
Applied set_property CLOCK_BUFFER_TYPE = NONE for FIXED_IO_mio[18]. (constraint file  /home/ulisses/Projects/ursa/exp/output-stationary/bitstreams/ursa_vanilla_8x8_acc20_hybrid_tmr.proj/ursa_vanilla_8x8_acc20_hybrid_tmr.gen/sources_1/bd/ursa_vanilla_tmr_hybrid/ip/ursa_vanilla_tmr_hybrid_processing_system7_0_0/ursa_vanilla_tmr_hybrid_processing_system7_0_0/ursa_vanilla_tmr_hybrid_processing_system7_0_0_in_context.xdc, line 167).
Applied set_property IO_BUFFER_TYPE = NONE for FIXED_IO_mio[19]. (constraint file  /home/ulisses/Projects/ursa/exp/output-stationary/bitstreams/ursa_vanilla_8x8_acc20_hybrid_tmr.proj/ursa_vanilla_8x8_acc20_hybrid_tmr.gen/sources_1/bd/ursa_vanilla_tmr_hybrid/ip/ursa_vanilla_tmr_hybrid_processing_system7_0_0/ursa_vanilla_tmr_hybrid_processing_system7_0_0/ursa_vanilla_tmr_hybrid_processing_system7_0_0_in_context.xdc, line 168).
Applied set_property CLOCK_BUFFER_TYPE = NONE for FIXED_IO_mio[19]. (constraint file  /home/ulisses/Projects/ursa/exp/output-stationary/bitstreams/ursa_vanilla_8x8_acc20_hybrid_tmr.proj/ursa_vanilla_8x8_acc20_hybrid_tmr.gen/sources_1/bd/ursa_vanilla_tmr_hybrid/ip/ursa_vanilla_tmr_hybrid_processing_system7_0_0/ursa_vanilla_tmr_hybrid_processing_system7_0_0/ursa_vanilla_tmr_hybrid_processing_system7_0_0_in_context.xdc, line 169).
Applied set_property IO_BUFFER_TYPE = NONE for FIXED_IO_mio[1]. (constraint file  /home/ulisses/Projects/ursa/exp/output-stationary/bitstreams/ursa_vanilla_8x8_acc20_hybrid_tmr.proj/ursa_vanilla_8x8_acc20_hybrid_tmr.gen/sources_1/bd/ursa_vanilla_tmr_hybrid/ip/ursa_vanilla_tmr_hybrid_processing_system7_0_0/ursa_vanilla_tmr_hybrid_processing_system7_0_0/ursa_vanilla_tmr_hybrid_processing_system7_0_0_in_context.xdc, line 170).
Applied set_property CLOCK_BUFFER_TYPE = NONE for FIXED_IO_mio[1]. (constraint file  /home/ulisses/Projects/ursa/exp/output-stationary/bitstreams/ursa_vanilla_8x8_acc20_hybrid_tmr.proj/ursa_vanilla_8x8_acc20_hybrid_tmr.gen/sources_1/bd/ursa_vanilla_tmr_hybrid/ip/ursa_vanilla_tmr_hybrid_processing_system7_0_0/ursa_vanilla_tmr_hybrid_processing_system7_0_0/ursa_vanilla_tmr_hybrid_processing_system7_0_0_in_context.xdc, line 171).
Applied set_property IO_BUFFER_TYPE = NONE for FIXED_IO_mio[20]. (constraint file  /home/ulisses/Projects/ursa/exp/output-stationary/bitstreams/ursa_vanilla_8x8_acc20_hybrid_tmr.proj/ursa_vanilla_8x8_acc20_hybrid_tmr.gen/sources_1/bd/ursa_vanilla_tmr_hybrid/ip/ursa_vanilla_tmr_hybrid_processing_system7_0_0/ursa_vanilla_tmr_hybrid_processing_system7_0_0/ursa_vanilla_tmr_hybrid_processing_system7_0_0_in_context.xdc, line 172).
Applied set_property CLOCK_BUFFER_TYPE = NONE for FIXED_IO_mio[20]. (constraint file  /home/ulisses/Projects/ursa/exp/output-stationary/bitstreams/ursa_vanilla_8x8_acc20_hybrid_tmr.proj/ursa_vanilla_8x8_acc20_hybrid_tmr.gen/sources_1/bd/ursa_vanilla_tmr_hybrid/ip/ursa_vanilla_tmr_hybrid_processing_system7_0_0/ursa_vanilla_tmr_hybrid_processing_system7_0_0/ursa_vanilla_tmr_hybrid_processing_system7_0_0_in_context.xdc, line 173).
Applied set_property IO_BUFFER_TYPE = NONE for FIXED_IO_mio[21]. (constraint file  /home/ulisses/Projects/ursa/exp/output-stationary/bitstreams/ursa_vanilla_8x8_acc20_hybrid_tmr.proj/ursa_vanilla_8x8_acc20_hybrid_tmr.gen/sources_1/bd/ursa_vanilla_tmr_hybrid/ip/ursa_vanilla_tmr_hybrid_processing_system7_0_0/ursa_vanilla_tmr_hybrid_processing_system7_0_0/ursa_vanilla_tmr_hybrid_processing_system7_0_0_in_context.xdc, line 174).
Applied set_property CLOCK_BUFFER_TYPE = NONE for FIXED_IO_mio[21]. (constraint file  /home/ulisses/Projects/ursa/exp/output-stationary/bitstreams/ursa_vanilla_8x8_acc20_hybrid_tmr.proj/ursa_vanilla_8x8_acc20_hybrid_tmr.gen/sources_1/bd/ursa_vanilla_tmr_hybrid/ip/ursa_vanilla_tmr_hybrid_processing_system7_0_0/ursa_vanilla_tmr_hybrid_processing_system7_0_0/ursa_vanilla_tmr_hybrid_processing_system7_0_0_in_context.xdc, line 175).
Applied set_property IO_BUFFER_TYPE = NONE for FIXED_IO_mio[22]. (constraint file  /home/ulisses/Projects/ursa/exp/output-stationary/bitstreams/ursa_vanilla_8x8_acc20_hybrid_tmr.proj/ursa_vanilla_8x8_acc20_hybrid_tmr.gen/sources_1/bd/ursa_vanilla_tmr_hybrid/ip/ursa_vanilla_tmr_hybrid_processing_system7_0_0/ursa_vanilla_tmr_hybrid_processing_system7_0_0/ursa_vanilla_tmr_hybrid_processing_system7_0_0_in_context.xdc, line 176).
Applied set_property CLOCK_BUFFER_TYPE = NONE for FIXED_IO_mio[22]. (constraint file  /home/ulisses/Projects/ursa/exp/output-stationary/bitstreams/ursa_vanilla_8x8_acc20_hybrid_tmr.proj/ursa_vanilla_8x8_acc20_hybrid_tmr.gen/sources_1/bd/ursa_vanilla_tmr_hybrid/ip/ursa_vanilla_tmr_hybrid_processing_system7_0_0/ursa_vanilla_tmr_hybrid_processing_system7_0_0/ursa_vanilla_tmr_hybrid_processing_system7_0_0_in_context.xdc, line 177).
Applied set_property IO_BUFFER_TYPE = NONE for FIXED_IO_mio[23]. (constraint file  /home/ulisses/Projects/ursa/exp/output-stationary/bitstreams/ursa_vanilla_8x8_acc20_hybrid_tmr.proj/ursa_vanilla_8x8_acc20_hybrid_tmr.gen/sources_1/bd/ursa_vanilla_tmr_hybrid/ip/ursa_vanilla_tmr_hybrid_processing_system7_0_0/ursa_vanilla_tmr_hybrid_processing_system7_0_0/ursa_vanilla_tmr_hybrid_processing_system7_0_0_in_context.xdc, line 178).
Applied set_property CLOCK_BUFFER_TYPE = NONE for FIXED_IO_mio[23]. (constraint file  /home/ulisses/Projects/ursa/exp/output-stationary/bitstreams/ursa_vanilla_8x8_acc20_hybrid_tmr.proj/ursa_vanilla_8x8_acc20_hybrid_tmr.gen/sources_1/bd/ursa_vanilla_tmr_hybrid/ip/ursa_vanilla_tmr_hybrid_processing_system7_0_0/ursa_vanilla_tmr_hybrid_processing_system7_0_0/ursa_vanilla_tmr_hybrid_processing_system7_0_0_in_context.xdc, line 179).
Applied set_property IO_BUFFER_TYPE = NONE for FIXED_IO_mio[24]. (constraint file  /home/ulisses/Projects/ursa/exp/output-stationary/bitstreams/ursa_vanilla_8x8_acc20_hybrid_tmr.proj/ursa_vanilla_8x8_acc20_hybrid_tmr.gen/sources_1/bd/ursa_vanilla_tmr_hybrid/ip/ursa_vanilla_tmr_hybrid_processing_system7_0_0/ursa_vanilla_tmr_hybrid_processing_system7_0_0/ursa_vanilla_tmr_hybrid_processing_system7_0_0_in_context.xdc, line 180).
Applied set_property CLOCK_BUFFER_TYPE = NONE for FIXED_IO_mio[24]. (constraint file  /home/ulisses/Projects/ursa/exp/output-stationary/bitstreams/ursa_vanilla_8x8_acc20_hybrid_tmr.proj/ursa_vanilla_8x8_acc20_hybrid_tmr.gen/sources_1/bd/ursa_vanilla_tmr_hybrid/ip/ursa_vanilla_tmr_hybrid_processing_system7_0_0/ursa_vanilla_tmr_hybrid_processing_system7_0_0/ursa_vanilla_tmr_hybrid_processing_system7_0_0_in_context.xdc, line 181).
Applied set_property IO_BUFFER_TYPE = NONE for FIXED_IO_mio[25]. (constraint file  /home/ulisses/Projects/ursa/exp/output-stationary/bitstreams/ursa_vanilla_8x8_acc20_hybrid_tmr.proj/ursa_vanilla_8x8_acc20_hybrid_tmr.gen/sources_1/bd/ursa_vanilla_tmr_hybrid/ip/ursa_vanilla_tmr_hybrid_processing_system7_0_0/ursa_vanilla_tmr_hybrid_processing_system7_0_0/ursa_vanilla_tmr_hybrid_processing_system7_0_0_in_context.xdc, line 182).
Applied set_property CLOCK_BUFFER_TYPE = NONE for FIXED_IO_mio[25]. (constraint file  /home/ulisses/Projects/ursa/exp/output-stationary/bitstreams/ursa_vanilla_8x8_acc20_hybrid_tmr.proj/ursa_vanilla_8x8_acc20_hybrid_tmr.gen/sources_1/bd/ursa_vanilla_tmr_hybrid/ip/ursa_vanilla_tmr_hybrid_processing_system7_0_0/ursa_vanilla_tmr_hybrid_processing_system7_0_0/ursa_vanilla_tmr_hybrid_processing_system7_0_0_in_context.xdc, line 183).
Applied set_property IO_BUFFER_TYPE = NONE for FIXED_IO_mio[26]. (constraint file  /home/ulisses/Projects/ursa/exp/output-stationary/bitstreams/ursa_vanilla_8x8_acc20_hybrid_tmr.proj/ursa_vanilla_8x8_acc20_hybrid_tmr.gen/sources_1/bd/ursa_vanilla_tmr_hybrid/ip/ursa_vanilla_tmr_hybrid_processing_system7_0_0/ursa_vanilla_tmr_hybrid_processing_system7_0_0/ursa_vanilla_tmr_hybrid_processing_system7_0_0_in_context.xdc, line 184).
Applied set_property CLOCK_BUFFER_TYPE = NONE for FIXED_IO_mio[26]. (constraint file  /home/ulisses/Projects/ursa/exp/output-stationary/bitstreams/ursa_vanilla_8x8_acc20_hybrid_tmr.proj/ursa_vanilla_8x8_acc20_hybrid_tmr.gen/sources_1/bd/ursa_vanilla_tmr_hybrid/ip/ursa_vanilla_tmr_hybrid_processing_system7_0_0/ursa_vanilla_tmr_hybrid_processing_system7_0_0/ursa_vanilla_tmr_hybrid_processing_system7_0_0_in_context.xdc, line 185).
Applied set_property IO_BUFFER_TYPE = NONE for FIXED_IO_mio[27]. (constraint file  /home/ulisses/Projects/ursa/exp/output-stationary/bitstreams/ursa_vanilla_8x8_acc20_hybrid_tmr.proj/ursa_vanilla_8x8_acc20_hybrid_tmr.gen/sources_1/bd/ursa_vanilla_tmr_hybrid/ip/ursa_vanilla_tmr_hybrid_processing_system7_0_0/ursa_vanilla_tmr_hybrid_processing_system7_0_0/ursa_vanilla_tmr_hybrid_processing_system7_0_0_in_context.xdc, line 186).
Applied set_property CLOCK_BUFFER_TYPE = NONE for FIXED_IO_mio[27]. (constraint file  /home/ulisses/Projects/ursa/exp/output-stationary/bitstreams/ursa_vanilla_8x8_acc20_hybrid_tmr.proj/ursa_vanilla_8x8_acc20_hybrid_tmr.gen/sources_1/bd/ursa_vanilla_tmr_hybrid/ip/ursa_vanilla_tmr_hybrid_processing_system7_0_0/ursa_vanilla_tmr_hybrid_processing_system7_0_0/ursa_vanilla_tmr_hybrid_processing_system7_0_0_in_context.xdc, line 187).
Applied set_property IO_BUFFER_TYPE = NONE for FIXED_IO_mio[28]. (constraint file  /home/ulisses/Projects/ursa/exp/output-stationary/bitstreams/ursa_vanilla_8x8_acc20_hybrid_tmr.proj/ursa_vanilla_8x8_acc20_hybrid_tmr.gen/sources_1/bd/ursa_vanilla_tmr_hybrid/ip/ursa_vanilla_tmr_hybrid_processing_system7_0_0/ursa_vanilla_tmr_hybrid_processing_system7_0_0/ursa_vanilla_tmr_hybrid_processing_system7_0_0_in_context.xdc, line 188).
Applied set_property CLOCK_BUFFER_TYPE = NONE for FIXED_IO_mio[28]. (constraint file  /home/ulisses/Projects/ursa/exp/output-stationary/bitstreams/ursa_vanilla_8x8_acc20_hybrid_tmr.proj/ursa_vanilla_8x8_acc20_hybrid_tmr.gen/sources_1/bd/ursa_vanilla_tmr_hybrid/ip/ursa_vanilla_tmr_hybrid_processing_system7_0_0/ursa_vanilla_tmr_hybrid_processing_system7_0_0/ursa_vanilla_tmr_hybrid_processing_system7_0_0_in_context.xdc, line 189).
Applied set_property IO_BUFFER_TYPE = NONE for FIXED_IO_mio[29]. (constraint file  /home/ulisses/Projects/ursa/exp/output-stationary/bitstreams/ursa_vanilla_8x8_acc20_hybrid_tmr.proj/ursa_vanilla_8x8_acc20_hybrid_tmr.gen/sources_1/bd/ursa_vanilla_tmr_hybrid/ip/ursa_vanilla_tmr_hybrid_processing_system7_0_0/ursa_vanilla_tmr_hybrid_processing_system7_0_0/ursa_vanilla_tmr_hybrid_processing_system7_0_0_in_context.xdc, line 190).
Applied set_property CLOCK_BUFFER_TYPE = NONE for FIXED_IO_mio[29]. (constraint file  /home/ulisses/Projects/ursa/exp/output-stationary/bitstreams/ursa_vanilla_8x8_acc20_hybrid_tmr.proj/ursa_vanilla_8x8_acc20_hybrid_tmr.gen/sources_1/bd/ursa_vanilla_tmr_hybrid/ip/ursa_vanilla_tmr_hybrid_processing_system7_0_0/ursa_vanilla_tmr_hybrid_processing_system7_0_0/ursa_vanilla_tmr_hybrid_processing_system7_0_0_in_context.xdc, line 191).
Applied set_property IO_BUFFER_TYPE = NONE for FIXED_IO_mio[2]. (constraint file  /home/ulisses/Projects/ursa/exp/output-stationary/bitstreams/ursa_vanilla_8x8_acc20_hybrid_tmr.proj/ursa_vanilla_8x8_acc20_hybrid_tmr.gen/sources_1/bd/ursa_vanilla_tmr_hybrid/ip/ursa_vanilla_tmr_hybrid_processing_system7_0_0/ursa_vanilla_tmr_hybrid_processing_system7_0_0/ursa_vanilla_tmr_hybrid_processing_system7_0_0_in_context.xdc, line 192).
Applied set_property CLOCK_BUFFER_TYPE = NONE for FIXED_IO_mio[2]. (constraint file  /home/ulisses/Projects/ursa/exp/output-stationary/bitstreams/ursa_vanilla_8x8_acc20_hybrid_tmr.proj/ursa_vanilla_8x8_acc20_hybrid_tmr.gen/sources_1/bd/ursa_vanilla_tmr_hybrid/ip/ursa_vanilla_tmr_hybrid_processing_system7_0_0/ursa_vanilla_tmr_hybrid_processing_system7_0_0/ursa_vanilla_tmr_hybrid_processing_system7_0_0_in_context.xdc, line 193).
Applied set_property IO_BUFFER_TYPE = NONE for FIXED_IO_mio[30]. (constraint file  /home/ulisses/Projects/ursa/exp/output-stationary/bitstreams/ursa_vanilla_8x8_acc20_hybrid_tmr.proj/ursa_vanilla_8x8_acc20_hybrid_tmr.gen/sources_1/bd/ursa_vanilla_tmr_hybrid/ip/ursa_vanilla_tmr_hybrid_processing_system7_0_0/ursa_vanilla_tmr_hybrid_processing_system7_0_0/ursa_vanilla_tmr_hybrid_processing_system7_0_0_in_context.xdc, line 194).
Applied set_property CLOCK_BUFFER_TYPE = NONE for FIXED_IO_mio[30]. (constraint file  /home/ulisses/Projects/ursa/exp/output-stationary/bitstreams/ursa_vanilla_8x8_acc20_hybrid_tmr.proj/ursa_vanilla_8x8_acc20_hybrid_tmr.gen/sources_1/bd/ursa_vanilla_tmr_hybrid/ip/ursa_vanilla_tmr_hybrid_processing_system7_0_0/ursa_vanilla_tmr_hybrid_processing_system7_0_0/ursa_vanilla_tmr_hybrid_processing_system7_0_0_in_context.xdc, line 195).
Applied set_property IO_BUFFER_TYPE = NONE for FIXED_IO_mio[31]. (constraint file  /home/ulisses/Projects/ursa/exp/output-stationary/bitstreams/ursa_vanilla_8x8_acc20_hybrid_tmr.proj/ursa_vanilla_8x8_acc20_hybrid_tmr.gen/sources_1/bd/ursa_vanilla_tmr_hybrid/ip/ursa_vanilla_tmr_hybrid_processing_system7_0_0/ursa_vanilla_tmr_hybrid_processing_system7_0_0/ursa_vanilla_tmr_hybrid_processing_system7_0_0_in_context.xdc, line 196).
Applied set_property CLOCK_BUFFER_TYPE = NONE for FIXED_IO_mio[31]. (constraint file  /home/ulisses/Projects/ursa/exp/output-stationary/bitstreams/ursa_vanilla_8x8_acc20_hybrid_tmr.proj/ursa_vanilla_8x8_acc20_hybrid_tmr.gen/sources_1/bd/ursa_vanilla_tmr_hybrid/ip/ursa_vanilla_tmr_hybrid_processing_system7_0_0/ursa_vanilla_tmr_hybrid_processing_system7_0_0/ursa_vanilla_tmr_hybrid_processing_system7_0_0_in_context.xdc, line 197).
Applied set_property IO_BUFFER_TYPE = NONE for FIXED_IO_mio[32]. (constraint file  /home/ulisses/Projects/ursa/exp/output-stationary/bitstreams/ursa_vanilla_8x8_acc20_hybrid_tmr.proj/ursa_vanilla_8x8_acc20_hybrid_tmr.gen/sources_1/bd/ursa_vanilla_tmr_hybrid/ip/ursa_vanilla_tmr_hybrid_processing_system7_0_0/ursa_vanilla_tmr_hybrid_processing_system7_0_0/ursa_vanilla_tmr_hybrid_processing_system7_0_0_in_context.xdc, line 198).
Applied set_property CLOCK_BUFFER_TYPE = NONE for FIXED_IO_mio[32]. (constraint file  /home/ulisses/Projects/ursa/exp/output-stationary/bitstreams/ursa_vanilla_8x8_acc20_hybrid_tmr.proj/ursa_vanilla_8x8_acc20_hybrid_tmr.gen/sources_1/bd/ursa_vanilla_tmr_hybrid/ip/ursa_vanilla_tmr_hybrid_processing_system7_0_0/ursa_vanilla_tmr_hybrid_processing_system7_0_0/ursa_vanilla_tmr_hybrid_processing_system7_0_0_in_context.xdc, line 199).
Applied set_property IO_BUFFER_TYPE = NONE for FIXED_IO_mio[33]. (constraint file  /home/ulisses/Projects/ursa/exp/output-stationary/bitstreams/ursa_vanilla_8x8_acc20_hybrid_tmr.proj/ursa_vanilla_8x8_acc20_hybrid_tmr.gen/sources_1/bd/ursa_vanilla_tmr_hybrid/ip/ursa_vanilla_tmr_hybrid_processing_system7_0_0/ursa_vanilla_tmr_hybrid_processing_system7_0_0/ursa_vanilla_tmr_hybrid_processing_system7_0_0_in_context.xdc, line 200).
Applied set_property CLOCK_BUFFER_TYPE = NONE for FIXED_IO_mio[33]. (constraint file  /home/ulisses/Projects/ursa/exp/output-stationary/bitstreams/ursa_vanilla_8x8_acc20_hybrid_tmr.proj/ursa_vanilla_8x8_acc20_hybrid_tmr.gen/sources_1/bd/ursa_vanilla_tmr_hybrid/ip/ursa_vanilla_tmr_hybrid_processing_system7_0_0/ursa_vanilla_tmr_hybrid_processing_system7_0_0/ursa_vanilla_tmr_hybrid_processing_system7_0_0_in_context.xdc, line 201).
Applied set_property IO_BUFFER_TYPE = NONE for FIXED_IO_mio[34]. (constraint file  /home/ulisses/Projects/ursa/exp/output-stationary/bitstreams/ursa_vanilla_8x8_acc20_hybrid_tmr.proj/ursa_vanilla_8x8_acc20_hybrid_tmr.gen/sources_1/bd/ursa_vanilla_tmr_hybrid/ip/ursa_vanilla_tmr_hybrid_processing_system7_0_0/ursa_vanilla_tmr_hybrid_processing_system7_0_0/ursa_vanilla_tmr_hybrid_processing_system7_0_0_in_context.xdc, line 202).
Applied set_property CLOCK_BUFFER_TYPE = NONE for FIXED_IO_mio[34]. (constraint file  /home/ulisses/Projects/ursa/exp/output-stationary/bitstreams/ursa_vanilla_8x8_acc20_hybrid_tmr.proj/ursa_vanilla_8x8_acc20_hybrid_tmr.gen/sources_1/bd/ursa_vanilla_tmr_hybrid/ip/ursa_vanilla_tmr_hybrid_processing_system7_0_0/ursa_vanilla_tmr_hybrid_processing_system7_0_0/ursa_vanilla_tmr_hybrid_processing_system7_0_0_in_context.xdc, line 203).
Applied set_property IO_BUFFER_TYPE = NONE for FIXED_IO_mio[35]. (constraint file  /home/ulisses/Projects/ursa/exp/output-stationary/bitstreams/ursa_vanilla_8x8_acc20_hybrid_tmr.proj/ursa_vanilla_8x8_acc20_hybrid_tmr.gen/sources_1/bd/ursa_vanilla_tmr_hybrid/ip/ursa_vanilla_tmr_hybrid_processing_system7_0_0/ursa_vanilla_tmr_hybrid_processing_system7_0_0/ursa_vanilla_tmr_hybrid_processing_system7_0_0_in_context.xdc, line 204).
Applied set_property CLOCK_BUFFER_TYPE = NONE for FIXED_IO_mio[35]. (constraint file  /home/ulisses/Projects/ursa/exp/output-stationary/bitstreams/ursa_vanilla_8x8_acc20_hybrid_tmr.proj/ursa_vanilla_8x8_acc20_hybrid_tmr.gen/sources_1/bd/ursa_vanilla_tmr_hybrid/ip/ursa_vanilla_tmr_hybrid_processing_system7_0_0/ursa_vanilla_tmr_hybrid_processing_system7_0_0/ursa_vanilla_tmr_hybrid_processing_system7_0_0_in_context.xdc, line 205).
Applied set_property IO_BUFFER_TYPE = NONE for FIXED_IO_mio[36]. (constraint file  /home/ulisses/Projects/ursa/exp/output-stationary/bitstreams/ursa_vanilla_8x8_acc20_hybrid_tmr.proj/ursa_vanilla_8x8_acc20_hybrid_tmr.gen/sources_1/bd/ursa_vanilla_tmr_hybrid/ip/ursa_vanilla_tmr_hybrid_processing_system7_0_0/ursa_vanilla_tmr_hybrid_processing_system7_0_0/ursa_vanilla_tmr_hybrid_processing_system7_0_0_in_context.xdc, line 206).
Applied set_property CLOCK_BUFFER_TYPE = NONE for FIXED_IO_mio[36]. (constraint file  /home/ulisses/Projects/ursa/exp/output-stationary/bitstreams/ursa_vanilla_8x8_acc20_hybrid_tmr.proj/ursa_vanilla_8x8_acc20_hybrid_tmr.gen/sources_1/bd/ursa_vanilla_tmr_hybrid/ip/ursa_vanilla_tmr_hybrid_processing_system7_0_0/ursa_vanilla_tmr_hybrid_processing_system7_0_0/ursa_vanilla_tmr_hybrid_processing_system7_0_0_in_context.xdc, line 207).
Applied set_property IO_BUFFER_TYPE = NONE for FIXED_IO_mio[37]. (constraint file  /home/ulisses/Projects/ursa/exp/output-stationary/bitstreams/ursa_vanilla_8x8_acc20_hybrid_tmr.proj/ursa_vanilla_8x8_acc20_hybrid_tmr.gen/sources_1/bd/ursa_vanilla_tmr_hybrid/ip/ursa_vanilla_tmr_hybrid_processing_system7_0_0/ursa_vanilla_tmr_hybrid_processing_system7_0_0/ursa_vanilla_tmr_hybrid_processing_system7_0_0_in_context.xdc, line 208).
Applied set_property CLOCK_BUFFER_TYPE = NONE for FIXED_IO_mio[37]. (constraint file  /home/ulisses/Projects/ursa/exp/output-stationary/bitstreams/ursa_vanilla_8x8_acc20_hybrid_tmr.proj/ursa_vanilla_8x8_acc20_hybrid_tmr.gen/sources_1/bd/ursa_vanilla_tmr_hybrid/ip/ursa_vanilla_tmr_hybrid_processing_system7_0_0/ursa_vanilla_tmr_hybrid_processing_system7_0_0/ursa_vanilla_tmr_hybrid_processing_system7_0_0_in_context.xdc, line 209).
Applied set_property IO_BUFFER_TYPE = NONE for FIXED_IO_mio[38]. (constraint file  /home/ulisses/Projects/ursa/exp/output-stationary/bitstreams/ursa_vanilla_8x8_acc20_hybrid_tmr.proj/ursa_vanilla_8x8_acc20_hybrid_tmr.gen/sources_1/bd/ursa_vanilla_tmr_hybrid/ip/ursa_vanilla_tmr_hybrid_processing_system7_0_0/ursa_vanilla_tmr_hybrid_processing_system7_0_0/ursa_vanilla_tmr_hybrid_processing_system7_0_0_in_context.xdc, line 210).
Applied set_property CLOCK_BUFFER_TYPE = NONE for FIXED_IO_mio[38]. (constraint file  /home/ulisses/Projects/ursa/exp/output-stationary/bitstreams/ursa_vanilla_8x8_acc20_hybrid_tmr.proj/ursa_vanilla_8x8_acc20_hybrid_tmr.gen/sources_1/bd/ursa_vanilla_tmr_hybrid/ip/ursa_vanilla_tmr_hybrid_processing_system7_0_0/ursa_vanilla_tmr_hybrid_processing_system7_0_0/ursa_vanilla_tmr_hybrid_processing_system7_0_0_in_context.xdc, line 211).
Applied set_property IO_BUFFER_TYPE = NONE for FIXED_IO_mio[39]. (constraint file  /home/ulisses/Projects/ursa/exp/output-stationary/bitstreams/ursa_vanilla_8x8_acc20_hybrid_tmr.proj/ursa_vanilla_8x8_acc20_hybrid_tmr.gen/sources_1/bd/ursa_vanilla_tmr_hybrid/ip/ursa_vanilla_tmr_hybrid_processing_system7_0_0/ursa_vanilla_tmr_hybrid_processing_system7_0_0/ursa_vanilla_tmr_hybrid_processing_system7_0_0_in_context.xdc, line 212).
Applied set_property CLOCK_BUFFER_TYPE = NONE for FIXED_IO_mio[39]. (constraint file  /home/ulisses/Projects/ursa/exp/output-stationary/bitstreams/ursa_vanilla_8x8_acc20_hybrid_tmr.proj/ursa_vanilla_8x8_acc20_hybrid_tmr.gen/sources_1/bd/ursa_vanilla_tmr_hybrid/ip/ursa_vanilla_tmr_hybrid_processing_system7_0_0/ursa_vanilla_tmr_hybrid_processing_system7_0_0/ursa_vanilla_tmr_hybrid_processing_system7_0_0_in_context.xdc, line 213).
Applied set_property IO_BUFFER_TYPE = NONE for FIXED_IO_mio[3]. (constraint file  /home/ulisses/Projects/ursa/exp/output-stationary/bitstreams/ursa_vanilla_8x8_acc20_hybrid_tmr.proj/ursa_vanilla_8x8_acc20_hybrid_tmr.gen/sources_1/bd/ursa_vanilla_tmr_hybrid/ip/ursa_vanilla_tmr_hybrid_processing_system7_0_0/ursa_vanilla_tmr_hybrid_processing_system7_0_0/ursa_vanilla_tmr_hybrid_processing_system7_0_0_in_context.xdc, line 214).
Applied set_property CLOCK_BUFFER_TYPE = NONE for FIXED_IO_mio[3]. (constraint file  /home/ulisses/Projects/ursa/exp/output-stationary/bitstreams/ursa_vanilla_8x8_acc20_hybrid_tmr.proj/ursa_vanilla_8x8_acc20_hybrid_tmr.gen/sources_1/bd/ursa_vanilla_tmr_hybrid/ip/ursa_vanilla_tmr_hybrid_processing_system7_0_0/ursa_vanilla_tmr_hybrid_processing_system7_0_0/ursa_vanilla_tmr_hybrid_processing_system7_0_0_in_context.xdc, line 215).
Applied set_property IO_BUFFER_TYPE = NONE for FIXED_IO_mio[40]. (constraint file  /home/ulisses/Projects/ursa/exp/output-stationary/bitstreams/ursa_vanilla_8x8_acc20_hybrid_tmr.proj/ursa_vanilla_8x8_acc20_hybrid_tmr.gen/sources_1/bd/ursa_vanilla_tmr_hybrid/ip/ursa_vanilla_tmr_hybrid_processing_system7_0_0/ursa_vanilla_tmr_hybrid_processing_system7_0_0/ursa_vanilla_tmr_hybrid_processing_system7_0_0_in_context.xdc, line 216).
Applied set_property CLOCK_BUFFER_TYPE = NONE for FIXED_IO_mio[40]. (constraint file  /home/ulisses/Projects/ursa/exp/output-stationary/bitstreams/ursa_vanilla_8x8_acc20_hybrid_tmr.proj/ursa_vanilla_8x8_acc20_hybrid_tmr.gen/sources_1/bd/ursa_vanilla_tmr_hybrid/ip/ursa_vanilla_tmr_hybrid_processing_system7_0_0/ursa_vanilla_tmr_hybrid_processing_system7_0_0/ursa_vanilla_tmr_hybrid_processing_system7_0_0_in_context.xdc, line 217).
Applied set_property IO_BUFFER_TYPE = NONE for FIXED_IO_mio[41]. (constraint file  /home/ulisses/Projects/ursa/exp/output-stationary/bitstreams/ursa_vanilla_8x8_acc20_hybrid_tmr.proj/ursa_vanilla_8x8_acc20_hybrid_tmr.gen/sources_1/bd/ursa_vanilla_tmr_hybrid/ip/ursa_vanilla_tmr_hybrid_processing_system7_0_0/ursa_vanilla_tmr_hybrid_processing_system7_0_0/ursa_vanilla_tmr_hybrid_processing_system7_0_0_in_context.xdc, line 218).
Applied set_property CLOCK_BUFFER_TYPE = NONE for FIXED_IO_mio[41]. (constraint file  /home/ulisses/Projects/ursa/exp/output-stationary/bitstreams/ursa_vanilla_8x8_acc20_hybrid_tmr.proj/ursa_vanilla_8x8_acc20_hybrid_tmr.gen/sources_1/bd/ursa_vanilla_tmr_hybrid/ip/ursa_vanilla_tmr_hybrid_processing_system7_0_0/ursa_vanilla_tmr_hybrid_processing_system7_0_0/ursa_vanilla_tmr_hybrid_processing_system7_0_0_in_context.xdc, line 219).
Applied set_property IO_BUFFER_TYPE = NONE for FIXED_IO_mio[42]. (constraint file  /home/ulisses/Projects/ursa/exp/output-stationary/bitstreams/ursa_vanilla_8x8_acc20_hybrid_tmr.proj/ursa_vanilla_8x8_acc20_hybrid_tmr.gen/sources_1/bd/ursa_vanilla_tmr_hybrid/ip/ursa_vanilla_tmr_hybrid_processing_system7_0_0/ursa_vanilla_tmr_hybrid_processing_system7_0_0/ursa_vanilla_tmr_hybrid_processing_system7_0_0_in_context.xdc, line 220).
Applied set_property CLOCK_BUFFER_TYPE = NONE for FIXED_IO_mio[42]. (constraint file  /home/ulisses/Projects/ursa/exp/output-stationary/bitstreams/ursa_vanilla_8x8_acc20_hybrid_tmr.proj/ursa_vanilla_8x8_acc20_hybrid_tmr.gen/sources_1/bd/ursa_vanilla_tmr_hybrid/ip/ursa_vanilla_tmr_hybrid_processing_system7_0_0/ursa_vanilla_tmr_hybrid_processing_system7_0_0/ursa_vanilla_tmr_hybrid_processing_system7_0_0_in_context.xdc, line 221).
Applied set_property IO_BUFFER_TYPE = NONE for FIXED_IO_mio[43]. (constraint file  /home/ulisses/Projects/ursa/exp/output-stationary/bitstreams/ursa_vanilla_8x8_acc20_hybrid_tmr.proj/ursa_vanilla_8x8_acc20_hybrid_tmr.gen/sources_1/bd/ursa_vanilla_tmr_hybrid/ip/ursa_vanilla_tmr_hybrid_processing_system7_0_0/ursa_vanilla_tmr_hybrid_processing_system7_0_0/ursa_vanilla_tmr_hybrid_processing_system7_0_0_in_context.xdc, line 222).
Applied set_property CLOCK_BUFFER_TYPE = NONE for FIXED_IO_mio[43]. (constraint file  /home/ulisses/Projects/ursa/exp/output-stationary/bitstreams/ursa_vanilla_8x8_acc20_hybrid_tmr.proj/ursa_vanilla_8x8_acc20_hybrid_tmr.gen/sources_1/bd/ursa_vanilla_tmr_hybrid/ip/ursa_vanilla_tmr_hybrid_processing_system7_0_0/ursa_vanilla_tmr_hybrid_processing_system7_0_0/ursa_vanilla_tmr_hybrid_processing_system7_0_0_in_context.xdc, line 223).
Applied set_property IO_BUFFER_TYPE = NONE for FIXED_IO_mio[44]. (constraint file  /home/ulisses/Projects/ursa/exp/output-stationary/bitstreams/ursa_vanilla_8x8_acc20_hybrid_tmr.proj/ursa_vanilla_8x8_acc20_hybrid_tmr.gen/sources_1/bd/ursa_vanilla_tmr_hybrid/ip/ursa_vanilla_tmr_hybrid_processing_system7_0_0/ursa_vanilla_tmr_hybrid_processing_system7_0_0/ursa_vanilla_tmr_hybrid_processing_system7_0_0_in_context.xdc, line 224).
Applied set_property CLOCK_BUFFER_TYPE = NONE for FIXED_IO_mio[44]. (constraint file  /home/ulisses/Projects/ursa/exp/output-stationary/bitstreams/ursa_vanilla_8x8_acc20_hybrid_tmr.proj/ursa_vanilla_8x8_acc20_hybrid_tmr.gen/sources_1/bd/ursa_vanilla_tmr_hybrid/ip/ursa_vanilla_tmr_hybrid_processing_system7_0_0/ursa_vanilla_tmr_hybrid_processing_system7_0_0/ursa_vanilla_tmr_hybrid_processing_system7_0_0_in_context.xdc, line 225).
Applied set_property IO_BUFFER_TYPE = NONE for FIXED_IO_mio[45]. (constraint file  /home/ulisses/Projects/ursa/exp/output-stationary/bitstreams/ursa_vanilla_8x8_acc20_hybrid_tmr.proj/ursa_vanilla_8x8_acc20_hybrid_tmr.gen/sources_1/bd/ursa_vanilla_tmr_hybrid/ip/ursa_vanilla_tmr_hybrid_processing_system7_0_0/ursa_vanilla_tmr_hybrid_processing_system7_0_0/ursa_vanilla_tmr_hybrid_processing_system7_0_0_in_context.xdc, line 226).
Applied set_property CLOCK_BUFFER_TYPE = NONE for FIXED_IO_mio[45]. (constraint file  /home/ulisses/Projects/ursa/exp/output-stationary/bitstreams/ursa_vanilla_8x8_acc20_hybrid_tmr.proj/ursa_vanilla_8x8_acc20_hybrid_tmr.gen/sources_1/bd/ursa_vanilla_tmr_hybrid/ip/ursa_vanilla_tmr_hybrid_processing_system7_0_0/ursa_vanilla_tmr_hybrid_processing_system7_0_0/ursa_vanilla_tmr_hybrid_processing_system7_0_0_in_context.xdc, line 227).
Applied set_property IO_BUFFER_TYPE = NONE for FIXED_IO_mio[46]. (constraint file  /home/ulisses/Projects/ursa/exp/output-stationary/bitstreams/ursa_vanilla_8x8_acc20_hybrid_tmr.proj/ursa_vanilla_8x8_acc20_hybrid_tmr.gen/sources_1/bd/ursa_vanilla_tmr_hybrid/ip/ursa_vanilla_tmr_hybrid_processing_system7_0_0/ursa_vanilla_tmr_hybrid_processing_system7_0_0/ursa_vanilla_tmr_hybrid_processing_system7_0_0_in_context.xdc, line 228).
Applied set_property CLOCK_BUFFER_TYPE = NONE for FIXED_IO_mio[46]. (constraint file  /home/ulisses/Projects/ursa/exp/output-stationary/bitstreams/ursa_vanilla_8x8_acc20_hybrid_tmr.proj/ursa_vanilla_8x8_acc20_hybrid_tmr.gen/sources_1/bd/ursa_vanilla_tmr_hybrid/ip/ursa_vanilla_tmr_hybrid_processing_system7_0_0/ursa_vanilla_tmr_hybrid_processing_system7_0_0/ursa_vanilla_tmr_hybrid_processing_system7_0_0_in_context.xdc, line 229).
Applied set_property IO_BUFFER_TYPE = NONE for FIXED_IO_mio[47]. (constraint file  /home/ulisses/Projects/ursa/exp/output-stationary/bitstreams/ursa_vanilla_8x8_acc20_hybrid_tmr.proj/ursa_vanilla_8x8_acc20_hybrid_tmr.gen/sources_1/bd/ursa_vanilla_tmr_hybrid/ip/ursa_vanilla_tmr_hybrid_processing_system7_0_0/ursa_vanilla_tmr_hybrid_processing_system7_0_0/ursa_vanilla_tmr_hybrid_processing_system7_0_0_in_context.xdc, line 230).
Applied set_property CLOCK_BUFFER_TYPE = NONE for FIXED_IO_mio[47]. (constraint file  /home/ulisses/Projects/ursa/exp/output-stationary/bitstreams/ursa_vanilla_8x8_acc20_hybrid_tmr.proj/ursa_vanilla_8x8_acc20_hybrid_tmr.gen/sources_1/bd/ursa_vanilla_tmr_hybrid/ip/ursa_vanilla_tmr_hybrid_processing_system7_0_0/ursa_vanilla_tmr_hybrid_processing_system7_0_0/ursa_vanilla_tmr_hybrid_processing_system7_0_0_in_context.xdc, line 231).
Applied set_property IO_BUFFER_TYPE = NONE for FIXED_IO_mio[48]. (constraint file  /home/ulisses/Projects/ursa/exp/output-stationary/bitstreams/ursa_vanilla_8x8_acc20_hybrid_tmr.proj/ursa_vanilla_8x8_acc20_hybrid_tmr.gen/sources_1/bd/ursa_vanilla_tmr_hybrid/ip/ursa_vanilla_tmr_hybrid_processing_system7_0_0/ursa_vanilla_tmr_hybrid_processing_system7_0_0/ursa_vanilla_tmr_hybrid_processing_system7_0_0_in_context.xdc, line 232).
Applied set_property CLOCK_BUFFER_TYPE = NONE for FIXED_IO_mio[48]. (constraint file  /home/ulisses/Projects/ursa/exp/output-stationary/bitstreams/ursa_vanilla_8x8_acc20_hybrid_tmr.proj/ursa_vanilla_8x8_acc20_hybrid_tmr.gen/sources_1/bd/ursa_vanilla_tmr_hybrid/ip/ursa_vanilla_tmr_hybrid_processing_system7_0_0/ursa_vanilla_tmr_hybrid_processing_system7_0_0/ursa_vanilla_tmr_hybrid_processing_system7_0_0_in_context.xdc, line 233).
Applied set_property IO_BUFFER_TYPE = NONE for FIXED_IO_mio[49]. (constraint file  /home/ulisses/Projects/ursa/exp/output-stationary/bitstreams/ursa_vanilla_8x8_acc20_hybrid_tmr.proj/ursa_vanilla_8x8_acc20_hybrid_tmr.gen/sources_1/bd/ursa_vanilla_tmr_hybrid/ip/ursa_vanilla_tmr_hybrid_processing_system7_0_0/ursa_vanilla_tmr_hybrid_processing_system7_0_0/ursa_vanilla_tmr_hybrid_processing_system7_0_0_in_context.xdc, line 234).
Applied set_property CLOCK_BUFFER_TYPE = NONE for FIXED_IO_mio[49]. (constraint file  /home/ulisses/Projects/ursa/exp/output-stationary/bitstreams/ursa_vanilla_8x8_acc20_hybrid_tmr.proj/ursa_vanilla_8x8_acc20_hybrid_tmr.gen/sources_1/bd/ursa_vanilla_tmr_hybrid/ip/ursa_vanilla_tmr_hybrid_processing_system7_0_0/ursa_vanilla_tmr_hybrid_processing_system7_0_0/ursa_vanilla_tmr_hybrid_processing_system7_0_0_in_context.xdc, line 235).
Applied set_property IO_BUFFER_TYPE = NONE for FIXED_IO_mio[4]. (constraint file  /home/ulisses/Projects/ursa/exp/output-stationary/bitstreams/ursa_vanilla_8x8_acc20_hybrid_tmr.proj/ursa_vanilla_8x8_acc20_hybrid_tmr.gen/sources_1/bd/ursa_vanilla_tmr_hybrid/ip/ursa_vanilla_tmr_hybrid_processing_system7_0_0/ursa_vanilla_tmr_hybrid_processing_system7_0_0/ursa_vanilla_tmr_hybrid_processing_system7_0_0_in_context.xdc, line 236).
Applied set_property CLOCK_BUFFER_TYPE = NONE for FIXED_IO_mio[4]. (constraint file  /home/ulisses/Projects/ursa/exp/output-stationary/bitstreams/ursa_vanilla_8x8_acc20_hybrid_tmr.proj/ursa_vanilla_8x8_acc20_hybrid_tmr.gen/sources_1/bd/ursa_vanilla_tmr_hybrid/ip/ursa_vanilla_tmr_hybrid_processing_system7_0_0/ursa_vanilla_tmr_hybrid_processing_system7_0_0/ursa_vanilla_tmr_hybrid_processing_system7_0_0_in_context.xdc, line 237).
Applied set_property IO_BUFFER_TYPE = NONE for FIXED_IO_mio[50]. (constraint file  /home/ulisses/Projects/ursa/exp/output-stationary/bitstreams/ursa_vanilla_8x8_acc20_hybrid_tmr.proj/ursa_vanilla_8x8_acc20_hybrid_tmr.gen/sources_1/bd/ursa_vanilla_tmr_hybrid/ip/ursa_vanilla_tmr_hybrid_processing_system7_0_0/ursa_vanilla_tmr_hybrid_processing_system7_0_0/ursa_vanilla_tmr_hybrid_processing_system7_0_0_in_context.xdc, line 238).
Applied set_property CLOCK_BUFFER_TYPE = NONE for FIXED_IO_mio[50]. (constraint file  /home/ulisses/Projects/ursa/exp/output-stationary/bitstreams/ursa_vanilla_8x8_acc20_hybrid_tmr.proj/ursa_vanilla_8x8_acc20_hybrid_tmr.gen/sources_1/bd/ursa_vanilla_tmr_hybrid/ip/ursa_vanilla_tmr_hybrid_processing_system7_0_0/ursa_vanilla_tmr_hybrid_processing_system7_0_0/ursa_vanilla_tmr_hybrid_processing_system7_0_0_in_context.xdc, line 239).
Applied set_property IO_BUFFER_TYPE = NONE for FIXED_IO_mio[51]. (constraint file  /home/ulisses/Projects/ursa/exp/output-stationary/bitstreams/ursa_vanilla_8x8_acc20_hybrid_tmr.proj/ursa_vanilla_8x8_acc20_hybrid_tmr.gen/sources_1/bd/ursa_vanilla_tmr_hybrid/ip/ursa_vanilla_tmr_hybrid_processing_system7_0_0/ursa_vanilla_tmr_hybrid_processing_system7_0_0/ursa_vanilla_tmr_hybrid_processing_system7_0_0_in_context.xdc, line 240).
Applied set_property CLOCK_BUFFER_TYPE = NONE for FIXED_IO_mio[51]. (constraint file  /home/ulisses/Projects/ursa/exp/output-stationary/bitstreams/ursa_vanilla_8x8_acc20_hybrid_tmr.proj/ursa_vanilla_8x8_acc20_hybrid_tmr.gen/sources_1/bd/ursa_vanilla_tmr_hybrid/ip/ursa_vanilla_tmr_hybrid_processing_system7_0_0/ursa_vanilla_tmr_hybrid_processing_system7_0_0/ursa_vanilla_tmr_hybrid_processing_system7_0_0_in_context.xdc, line 241).
Applied set_property IO_BUFFER_TYPE = NONE for FIXED_IO_mio[52]. (constraint file  /home/ulisses/Projects/ursa/exp/output-stationary/bitstreams/ursa_vanilla_8x8_acc20_hybrid_tmr.proj/ursa_vanilla_8x8_acc20_hybrid_tmr.gen/sources_1/bd/ursa_vanilla_tmr_hybrid/ip/ursa_vanilla_tmr_hybrid_processing_system7_0_0/ursa_vanilla_tmr_hybrid_processing_system7_0_0/ursa_vanilla_tmr_hybrid_processing_system7_0_0_in_context.xdc, line 242).
Applied set_property CLOCK_BUFFER_TYPE = NONE for FIXED_IO_mio[52]. (constraint file  /home/ulisses/Projects/ursa/exp/output-stationary/bitstreams/ursa_vanilla_8x8_acc20_hybrid_tmr.proj/ursa_vanilla_8x8_acc20_hybrid_tmr.gen/sources_1/bd/ursa_vanilla_tmr_hybrid/ip/ursa_vanilla_tmr_hybrid_processing_system7_0_0/ursa_vanilla_tmr_hybrid_processing_system7_0_0/ursa_vanilla_tmr_hybrid_processing_system7_0_0_in_context.xdc, line 243).
Applied set_property IO_BUFFER_TYPE = NONE for FIXED_IO_mio[53]. (constraint file  /home/ulisses/Projects/ursa/exp/output-stationary/bitstreams/ursa_vanilla_8x8_acc20_hybrid_tmr.proj/ursa_vanilla_8x8_acc20_hybrid_tmr.gen/sources_1/bd/ursa_vanilla_tmr_hybrid/ip/ursa_vanilla_tmr_hybrid_processing_system7_0_0/ursa_vanilla_tmr_hybrid_processing_system7_0_0/ursa_vanilla_tmr_hybrid_processing_system7_0_0_in_context.xdc, line 244).
Applied set_property CLOCK_BUFFER_TYPE = NONE for FIXED_IO_mio[53]. (constraint file  /home/ulisses/Projects/ursa/exp/output-stationary/bitstreams/ursa_vanilla_8x8_acc20_hybrid_tmr.proj/ursa_vanilla_8x8_acc20_hybrid_tmr.gen/sources_1/bd/ursa_vanilla_tmr_hybrid/ip/ursa_vanilla_tmr_hybrid_processing_system7_0_0/ursa_vanilla_tmr_hybrid_processing_system7_0_0/ursa_vanilla_tmr_hybrid_processing_system7_0_0_in_context.xdc, line 245).
Applied set_property IO_BUFFER_TYPE = NONE for FIXED_IO_mio[5]. (constraint file  /home/ulisses/Projects/ursa/exp/output-stationary/bitstreams/ursa_vanilla_8x8_acc20_hybrid_tmr.proj/ursa_vanilla_8x8_acc20_hybrid_tmr.gen/sources_1/bd/ursa_vanilla_tmr_hybrid/ip/ursa_vanilla_tmr_hybrid_processing_system7_0_0/ursa_vanilla_tmr_hybrid_processing_system7_0_0/ursa_vanilla_tmr_hybrid_processing_system7_0_0_in_context.xdc, line 246).
Applied set_property CLOCK_BUFFER_TYPE = NONE for FIXED_IO_mio[5]. (constraint file  /home/ulisses/Projects/ursa/exp/output-stationary/bitstreams/ursa_vanilla_8x8_acc20_hybrid_tmr.proj/ursa_vanilla_8x8_acc20_hybrid_tmr.gen/sources_1/bd/ursa_vanilla_tmr_hybrid/ip/ursa_vanilla_tmr_hybrid_processing_system7_0_0/ursa_vanilla_tmr_hybrid_processing_system7_0_0/ursa_vanilla_tmr_hybrid_processing_system7_0_0_in_context.xdc, line 247).
Applied set_property IO_BUFFER_TYPE = NONE for FIXED_IO_mio[6]. (constraint file  /home/ulisses/Projects/ursa/exp/output-stationary/bitstreams/ursa_vanilla_8x8_acc20_hybrid_tmr.proj/ursa_vanilla_8x8_acc20_hybrid_tmr.gen/sources_1/bd/ursa_vanilla_tmr_hybrid/ip/ursa_vanilla_tmr_hybrid_processing_system7_0_0/ursa_vanilla_tmr_hybrid_processing_system7_0_0/ursa_vanilla_tmr_hybrid_processing_system7_0_0_in_context.xdc, line 248).
Applied set_property CLOCK_BUFFER_TYPE = NONE for FIXED_IO_mio[6]. (constraint file  /home/ulisses/Projects/ursa/exp/output-stationary/bitstreams/ursa_vanilla_8x8_acc20_hybrid_tmr.proj/ursa_vanilla_8x8_acc20_hybrid_tmr.gen/sources_1/bd/ursa_vanilla_tmr_hybrid/ip/ursa_vanilla_tmr_hybrid_processing_system7_0_0/ursa_vanilla_tmr_hybrid_processing_system7_0_0/ursa_vanilla_tmr_hybrid_processing_system7_0_0_in_context.xdc, line 249).
Applied set_property IO_BUFFER_TYPE = NONE for FIXED_IO_mio[7]. (constraint file  /home/ulisses/Projects/ursa/exp/output-stationary/bitstreams/ursa_vanilla_8x8_acc20_hybrid_tmr.proj/ursa_vanilla_8x8_acc20_hybrid_tmr.gen/sources_1/bd/ursa_vanilla_tmr_hybrid/ip/ursa_vanilla_tmr_hybrid_processing_system7_0_0/ursa_vanilla_tmr_hybrid_processing_system7_0_0/ursa_vanilla_tmr_hybrid_processing_system7_0_0_in_context.xdc, line 250).
Applied set_property CLOCK_BUFFER_TYPE = NONE for FIXED_IO_mio[7]. (constraint file  /home/ulisses/Projects/ursa/exp/output-stationary/bitstreams/ursa_vanilla_8x8_acc20_hybrid_tmr.proj/ursa_vanilla_8x8_acc20_hybrid_tmr.gen/sources_1/bd/ursa_vanilla_tmr_hybrid/ip/ursa_vanilla_tmr_hybrid_processing_system7_0_0/ursa_vanilla_tmr_hybrid_processing_system7_0_0/ursa_vanilla_tmr_hybrid_processing_system7_0_0_in_context.xdc, line 251).
Applied set_property IO_BUFFER_TYPE = NONE for FIXED_IO_mio[8]. (constraint file  /home/ulisses/Projects/ursa/exp/output-stationary/bitstreams/ursa_vanilla_8x8_acc20_hybrid_tmr.proj/ursa_vanilla_8x8_acc20_hybrid_tmr.gen/sources_1/bd/ursa_vanilla_tmr_hybrid/ip/ursa_vanilla_tmr_hybrid_processing_system7_0_0/ursa_vanilla_tmr_hybrid_processing_system7_0_0/ursa_vanilla_tmr_hybrid_processing_system7_0_0_in_context.xdc, line 252).
Applied set_property CLOCK_BUFFER_TYPE = NONE for FIXED_IO_mio[8]. (constraint file  /home/ulisses/Projects/ursa/exp/output-stationary/bitstreams/ursa_vanilla_8x8_acc20_hybrid_tmr.proj/ursa_vanilla_8x8_acc20_hybrid_tmr.gen/sources_1/bd/ursa_vanilla_tmr_hybrid/ip/ursa_vanilla_tmr_hybrid_processing_system7_0_0/ursa_vanilla_tmr_hybrid_processing_system7_0_0/ursa_vanilla_tmr_hybrid_processing_system7_0_0_in_context.xdc, line 253).
Applied set_property IO_BUFFER_TYPE = NONE for FIXED_IO_mio[9]. (constraint file  /home/ulisses/Projects/ursa/exp/output-stationary/bitstreams/ursa_vanilla_8x8_acc20_hybrid_tmr.proj/ursa_vanilla_8x8_acc20_hybrid_tmr.gen/sources_1/bd/ursa_vanilla_tmr_hybrid/ip/ursa_vanilla_tmr_hybrid_processing_system7_0_0/ursa_vanilla_tmr_hybrid_processing_system7_0_0/ursa_vanilla_tmr_hybrid_processing_system7_0_0_in_context.xdc, line 254).
Applied set_property CLOCK_BUFFER_TYPE = NONE for FIXED_IO_mio[9]. (constraint file  /home/ulisses/Projects/ursa/exp/output-stationary/bitstreams/ursa_vanilla_8x8_acc20_hybrid_tmr.proj/ursa_vanilla_8x8_acc20_hybrid_tmr.gen/sources_1/bd/ursa_vanilla_tmr_hybrid/ip/ursa_vanilla_tmr_hybrid_processing_system7_0_0/ursa_vanilla_tmr_hybrid_processing_system7_0_0/ursa_vanilla_tmr_hybrid_processing_system7_0_0_in_context.xdc, line 255).
Applied set_property IO_BUFFER_TYPE = NONE for FIXED_IO_ps_clk. (constraint file  /home/ulisses/Projects/ursa/exp/output-stationary/bitstreams/ursa_vanilla_8x8_acc20_hybrid_tmr.proj/ursa_vanilla_8x8_acc20_hybrid_tmr.gen/sources_1/bd/ursa_vanilla_tmr_hybrid/ip/ursa_vanilla_tmr_hybrid_processing_system7_0_0/ursa_vanilla_tmr_hybrid_processing_system7_0_0/ursa_vanilla_tmr_hybrid_processing_system7_0_0_in_context.xdc, line 256).
Applied set_property CLOCK_BUFFER_TYPE = NONE for FIXED_IO_ps_clk. (constraint file  /home/ulisses/Projects/ursa/exp/output-stationary/bitstreams/ursa_vanilla_8x8_acc20_hybrid_tmr.proj/ursa_vanilla_8x8_acc20_hybrid_tmr.gen/sources_1/bd/ursa_vanilla_tmr_hybrid/ip/ursa_vanilla_tmr_hybrid_processing_system7_0_0/ursa_vanilla_tmr_hybrid_processing_system7_0_0/ursa_vanilla_tmr_hybrid_processing_system7_0_0_in_context.xdc, line 257).
Applied set_property IO_BUFFER_TYPE = NONE for FIXED_IO_ps_porb. (constraint file  /home/ulisses/Projects/ursa/exp/output-stationary/bitstreams/ursa_vanilla_8x8_acc20_hybrid_tmr.proj/ursa_vanilla_8x8_acc20_hybrid_tmr.gen/sources_1/bd/ursa_vanilla_tmr_hybrid/ip/ursa_vanilla_tmr_hybrid_processing_system7_0_0/ursa_vanilla_tmr_hybrid_processing_system7_0_0/ursa_vanilla_tmr_hybrid_processing_system7_0_0_in_context.xdc, line 258).
Applied set_property CLOCK_BUFFER_TYPE = NONE for FIXED_IO_ps_porb. (constraint file  /home/ulisses/Projects/ursa/exp/output-stationary/bitstreams/ursa_vanilla_8x8_acc20_hybrid_tmr.proj/ursa_vanilla_8x8_acc20_hybrid_tmr.gen/sources_1/bd/ursa_vanilla_tmr_hybrid/ip/ursa_vanilla_tmr_hybrid_processing_system7_0_0/ursa_vanilla_tmr_hybrid_processing_system7_0_0/ursa_vanilla_tmr_hybrid_processing_system7_0_0_in_context.xdc, line 259).
Applied set_property IO_BUFFER_TYPE = NONE for FIXED_IO_ps_srstb. (constraint file  /home/ulisses/Projects/ursa/exp/output-stationary/bitstreams/ursa_vanilla_8x8_acc20_hybrid_tmr.proj/ursa_vanilla_8x8_acc20_hybrid_tmr.gen/sources_1/bd/ursa_vanilla_tmr_hybrid/ip/ursa_vanilla_tmr_hybrid_processing_system7_0_0/ursa_vanilla_tmr_hybrid_processing_system7_0_0/ursa_vanilla_tmr_hybrid_processing_system7_0_0_in_context.xdc, line 260).
Applied set_property CLOCK_BUFFER_TYPE = NONE for FIXED_IO_ps_srstb. (constraint file  /home/ulisses/Projects/ursa/exp/output-stationary/bitstreams/ursa_vanilla_8x8_acc20_hybrid_tmr.proj/ursa_vanilla_8x8_acc20_hybrid_tmr.gen/sources_1/bd/ursa_vanilla_tmr_hybrid/ip/ursa_vanilla_tmr_hybrid_processing_system7_0_0/ursa_vanilla_tmr_hybrid_processing_system7_0_0/ursa_vanilla_tmr_hybrid_processing_system7_0_0_in_context.xdc, line 261).
Applied set_property KEEP_HIERARCHY = SOFT for ursa_vanilla_tmr_hybrid_i. (constraint file  auto generated constraint).
Applied set_property KEEP_HIERARCHY = SOFT for ursa_vanilla_tmr_hybrid_i/processing_system7_0. (constraint file  auto generated constraint).
Applied set_property KEEP_HIERARCHY = SOFT for ursa_vanilla_tmr_hybrid_i/proc_sys_reset_0. (constraint file  auto generated constraint).
Applied set_property KEEP_HIERARCHY = SOFT for ursa_vanilla_tmr_hybrid_i/axi_interconnect_0/xbar. (constraint file  auto generated constraint).
Applied set_property KEEP_HIERARCHY = SOFT for ursa_vanilla_tmr_hybrid_i/axi_interconnect_0/s00_couplers/auto_pc. (constraint file  auto generated constraint).
Applied set_property KEEP_HIERARCHY = SOFT for ursa_vanilla_tmr_hybrid_i/axi_interconnect_0/m00_couplers/auto_pc. (constraint file  auto generated constraint).
Applied set_property KEEP_HIERARCHY = SOFT for ursa_vanilla_tmr_hybrid_i/axi_interconnect_0/m01_couplers/auto_pc. (constraint file  auto generated constraint).
Applied set_property KEEP_HIERARCHY = SOFT for ursa_vanilla_tmr_hybrid_i/axi_interconnect_0. (constraint file  auto generated constraint).
Applied set_property KEEP_HIERARCHY = SOFT for ursa_vanilla_tmr_hybrid_i/mxm_execute_ursa_0. (constraint file  auto generated constraint).
Applied set_property KEEP_HIERARCHY = SOFT for ursa_vanilla_tmr_hybrid_i/mxm_execute_ursa_1. (constraint file  auto generated constraint).
Applied set_property KEEP_HIERARCHY = SOFT for ursa_vanilla_tmr_hybrid_i/mxm_execute_ursa_2. (constraint file  auto generated constraint).
Applied set_property KEEP_HIERARCHY = SOFT for ursa_vanilla_tmr_hybrid_i/tmr_voter_0. (constraint file  auto generated constraint).
Applied set_property KEEP_HIERARCHY = SOFT for ursa_vanilla_tmr_hybrid_i/tmr_voter_1. (constraint file  auto generated constraint).
Applied set_property KEEP_HIERARCHY = SOFT for ursa_vanilla_tmr_hybrid_i/axi_bram_ctrl_0. (constraint file  auto generated constraint).
Applied set_property KEEP_HIERARCHY = SOFT for ursa_vanilla_tmr_hybrid_i/blk_mem_gen_0. (constraint file  auto generated constraint).
Applied set_property KEEP_HIERARCHY = SOFT for ursa_vanilla_tmr_hybrid_i/axi_interconnect_1/xbar. (constraint file  auto generated constraint).
Applied set_property KEEP_HIERARCHY = SOFT for ursa_vanilla_tmr_hybrid_i/axi_interconnect_1. (constraint file  auto generated constraint).
Applied set_property KEEP_HIERARCHY = SOFT for ursa_vanilla_tmr_hybrid_i/axi_interconnect_2/xbar. (constraint file  auto generated constraint).
Applied set_property KEEP_HIERARCHY = SOFT for ursa_vanilla_tmr_hybrid_i/axi_interconnect_2/s00_couplers/auto_us. (constraint file  auto generated constraint).
Applied set_property KEEP_HIERARCHY = SOFT for ursa_vanilla_tmr_hybrid_i/axi_interconnect_2/s01_couplers/auto_us. (constraint file  auto generated constraint).
Applied set_property KEEP_HIERARCHY = SOFT for ursa_vanilla_tmr_hybrid_i/axi_interconnect_2/m00_couplers/auto_pc. (constraint file  auto generated constraint).
Applied set_property KEEP_HIERARCHY = SOFT for ursa_vanilla_tmr_hybrid_i/axi_interconnect_2. (constraint file  auto generated constraint).
Applied set_property KEEP_HIERARCHY = SOFT for ursa_vanilla_tmr_hybrid_i/tmr_voter_2. (constraint file  auto generated constraint).
Applied set_property KEEP_HIERARCHY = SOFT for ursa_vanilla_tmr_hybrid_i/tmr_voter_3. (constraint file  auto generated constraint).
Applied set_property KEEP_HIERARCHY = SOFT for ursa_vanilla_tmr_hybrid_i/tmr_voter_4. (constraint file  auto generated constraint).
---------------------------------------------------------------------------------
Finished applying 'set_property' XDC Constraints : Time (s): cpu = 00:00:05 ; elapsed = 00:00:05 . Memory (MB): peak = 2314.633 ; gain = 626.484 ; free physical = 36872 ; free virtual = 72562
---------------------------------------------------------------------------------
---------------------------------------------------------------------------------
Finished RTL Optimization Phase 2 : Time (s): cpu = 00:00:05 ; elapsed = 00:00:05 . Memory (MB): peak = 2314.633 ; gain = 626.484 ; free physical = 36893 ; free virtual = 72585
---------------------------------------------------------------------------------
---------------------------------------------------------------------------------
Start RTL Component Statistics 
---------------------------------------------------------------------------------
Detailed RTL Component Info : 
---------------------------------------------------------------------------------
Finished RTL Component Statistics 
---------------------------------------------------------------------------------
---------------------------------------------------------------------------------
Start Part Resource Summary
---------------------------------------------------------------------------------
Part Resources:
DSPs: 220 (col length:60)
BRAMs: 280 (col length: RAMB18 60 RAMB36 30)
---------------------------------------------------------------------------------
Finished Part Resource Summary
---------------------------------------------------------------------------------
---------------------------------------------------------------------------------
Start Cross Boundary and Area Optimization
---------------------------------------------------------------------------------
WARNING: [Synth 8-7080] Parallel synthesis criteria is not met
WARNING: [Synth 8-7129] Port M00_ACLK in module ursa_vanilla_tmr_hybrid_axi_interconnect_2_0 is either unconnected or has no load
WARNING: [Synth 8-7129] Port M00_ARESETN in module ursa_vanilla_tmr_hybrid_axi_interconnect_2_0 is either unconnected or has no load
WARNING: [Synth 8-7129] Port M00_AXI_bid[2] in module ursa_vanilla_tmr_hybrid_axi_interconnect_2_0 is either unconnected or has no load
WARNING: [Synth 8-7129] Port M00_AXI_bid[1] in module ursa_vanilla_tmr_hybrid_axi_interconnect_2_0 is either unconnected or has no load
WARNING: [Synth 8-7129] Port M00_AXI_rid[2] in module ursa_vanilla_tmr_hybrid_axi_interconnect_2_0 is either unconnected or has no load
WARNING: [Synth 8-7129] Port M00_AXI_rid[1] in module ursa_vanilla_tmr_hybrid_axi_interconnect_2_0 is either unconnected or has no load
WARNING: [Synth 8-7129] Port S00_ACLK in module ursa_vanilla_tmr_hybrid_axi_interconnect_2_0 is either unconnected or has no load
WARNING: [Synth 8-7129] Port S00_ARESETN in module ursa_vanilla_tmr_hybrid_axi_interconnect_2_0 is either unconnected or has no load
WARNING: [Synth 8-7129] Port S01_ACLK in module ursa_vanilla_tmr_hybrid_axi_interconnect_2_0 is either unconnected or has no load
WARNING: [Synth 8-7129] Port S01_ARESETN in module ursa_vanilla_tmr_hybrid_axi_interconnect_2_0 is either unconnected or has no load
WARNING: [Synth 8-7129] Port M00_ACLK in module ursa_vanilla_tmr_hybrid_axi_interconnect_1_0 is either unconnected or has no load
WARNING: [Synth 8-7129] Port M00_ARESETN in module ursa_vanilla_tmr_hybrid_axi_interconnect_1_0 is either unconnected or has no load
WARNING: [Synth 8-7129] Port S00_ACLK in module ursa_vanilla_tmr_hybrid_axi_interconnect_1_0 is either unconnected or has no load
WARNING: [Synth 8-7129] Port S00_ARESETN in module ursa_vanilla_tmr_hybrid_axi_interconnect_1_0 is either unconnected or has no load
WARNING: [Synth 8-7129] Port S01_ACLK in module ursa_vanilla_tmr_hybrid_axi_interconnect_1_0 is either unconnected or has no load
WARNING: [Synth 8-7129] Port S01_ARESETN in module ursa_vanilla_tmr_hybrid_axi_interconnect_1_0 is either unconnected or has no load
WARNING: [Synth 8-7129] Port M00_ACLK in module ursa_vanilla_tmr_hybrid_axi_interconnect_0_0 is either unconnected or has no load
WARNING: [Synth 8-7129] Port M00_ARESETN in module ursa_vanilla_tmr_hybrid_axi_interconnect_0_0 is either unconnected or has no load
WARNING: [Synth 8-7129] Port M01_ACLK in module ursa_vanilla_tmr_hybrid_axi_interconnect_0_0 is either unconnected or has no load
WARNING: [Synth 8-7129] Port M01_ARESETN in module ursa_vanilla_tmr_hybrid_axi_interconnect_0_0 is either unconnected or has no load
WARNING: [Synth 8-7129] Port M02_ACLK in module ursa_vanilla_tmr_hybrid_axi_interconnect_0_0 is either unconnected or has no load
WARNING: [Synth 8-7129] Port M02_ARESETN in module ursa_vanilla_tmr_hybrid_axi_interconnect_0_0 is either unconnected or has no load
WARNING: [Synth 8-7129] Port M02_AXI_bid[12] in module ursa_vanilla_tmr_hybrid_axi_interconnect_0_0 is either unconnected or has no load
WARNING: [Synth 8-7129] Port M02_AXI_rid[12] in module ursa_vanilla_tmr_hybrid_axi_interconnect_0_0 is either unconnected or has no load
WARNING: [Synth 8-7129] Port S00_ACLK in module ursa_vanilla_tmr_hybrid_axi_interconnect_0_0 is either unconnected or has no load
WARNING: [Synth 8-7129] Port S00_ARESETN in module ursa_vanilla_tmr_hybrid_axi_interconnect_0_0 is either unconnected or has no load
---------------------------------------------------------------------------------
Finished Cross Boundary and Area Optimization : Time (s): cpu = 00:00:05 ; elapsed = 00:00:06 . Memory (MB): peak = 2314.633 ; gain = 626.484 ; free physical = 36892 ; free virtual = 72590
---------------------------------------------------------------------------------
---------------------------------------------------------------------------------
Start Applying XDC Timing Constraints
---------------------------------------------------------------------------------
---------------------------------------------------------------------------------
Finished Applying XDC Timing Constraints : Time (s): cpu = 00:00:07 ; elapsed = 00:00:07 . Memory (MB): peak = 2314.633 ; gain = 626.484 ; free physical = 36889 ; free virtual = 72587
---------------------------------------------------------------------------------
---------------------------------------------------------------------------------
Start Timing Optimization
---------------------------------------------------------------------------------
---------------------------------------------------------------------------------
Finished Timing Optimization : Time (s): cpu = 00:00:07 ; elapsed = 00:00:07 . Memory (MB): peak = 2314.633 ; gain = 626.484 ; free physical = 36889 ; free virtual = 72587
---------------------------------------------------------------------------------
---------------------------------------------------------------------------------
Start Technology Mapping
---------------------------------------------------------------------------------
---------------------------------------------------------------------------------
Finished Technology Mapping : Time (s): cpu = 00:00:07 ; elapsed = 00:00:07 . Memory (MB): peak = 2314.633 ; gain = 626.484 ; free physical = 36888 ; free virtual = 72586
---------------------------------------------------------------------------------
---------------------------------------------------------------------------------
Start IO Insertion
---------------------------------------------------------------------------------
---------------------------------------------------------------------------------
Start Flattening Before IO Insertion
---------------------------------------------------------------------------------
---------------------------------------------------------------------------------
Finished Flattening Before IO Insertion
---------------------------------------------------------------------------------
---------------------------------------------------------------------------------
Start Final Netlist Cleanup
---------------------------------------------------------------------------------
---------------------------------------------------------------------------------
Finished Final Netlist Cleanup
---------------------------------------------------------------------------------
---------------------------------------------------------------------------------
Finished IO Insertion : Time (s): cpu = 00:00:09 ; elapsed = 00:00:09 . Memory (MB): peak = 2314.633 ; gain = 626.484 ; free physical = 36887 ; free virtual = 72585
---------------------------------------------------------------------------------
---------------------------------------------------------------------------------
Start Renaming Generated Instances
---------------------------------------------------------------------------------
---------------------------------------------------------------------------------
Finished Renaming Generated Instances : Time (s): cpu = 00:00:09 ; elapsed = 00:00:09 . Memory (MB): peak = 2314.633 ; gain = 626.484 ; free physical = 36887 ; free virtual = 72585
---------------------------------------------------------------------------------
---------------------------------------------------------------------------------
Start Rebuilding User Hierarchy
---------------------------------------------------------------------------------
---------------------------------------------------------------------------------
Finished Rebuilding User Hierarchy : Time (s): cpu = 00:00:09 ; elapsed = 00:00:09 . Memory (MB): peak = 2314.633 ; gain = 626.484 ; free physical = 36887 ; free virtual = 72585
---------------------------------------------------------------------------------
---------------------------------------------------------------------------------
Start Renaming Generated Ports
---------------------------------------------------------------------------------
---------------------------------------------------------------------------------
Finished Renaming Generated Ports : Time (s): cpu = 00:00:09 ; elapsed = 00:00:09 . Memory (MB): peak = 2314.633 ; gain = 626.484 ; free physical = 36887 ; free virtual = 72585
---------------------------------------------------------------------------------
---------------------------------------------------------------------------------
Start Handling Custom Attributes
---------------------------------------------------------------------------------
---------------------------------------------------------------------------------
Finished Handling Custom Attributes : Time (s): cpu = 00:00:09 ; elapsed = 00:00:09 . Memory (MB): peak = 2314.633 ; gain = 626.484 ; free physical = 36887 ; free virtual = 72585
---------------------------------------------------------------------------------
---------------------------------------------------------------------------------
Start Renaming Generated Nets
---------------------------------------------------------------------------------
---------------------------------------------------------------------------------
Finished Renaming Generated Nets : Time (s): cpu = 00:00:09 ; elapsed = 00:00:09 . Memory (MB): peak = 2314.633 ; gain = 626.484 ; free physical = 36887 ; free virtual = 72585
---------------------------------------------------------------------------------
---------------------------------------------------------------------------------
Start Writing Synthesis Report
---------------------------------------------------------------------------------

Report BlackBoxes: 
+------+-----------------------------------------------+----------+
|      |BlackBox name                                  |Instances |
+------+-----------------------------------------------+----------+
|1     |ursa_vanilla_tmr_hybrid_xbar_0                 |         1|
|2     |ursa_vanilla_tmr_hybrid_auto_pc_0              |         1|
|3     |ursa_vanilla_tmr_hybrid_auto_pc_1              |         1|
|4     |ursa_vanilla_tmr_hybrid_auto_pc_2              |         1|
|5     |ursa_vanilla_tmr_hybrid_xbar_1                 |         1|
|6     |ursa_vanilla_tmr_hybrid_xbar_2                 |         1|
|7     |ursa_vanilla_tmr_hybrid_auto_pc_3              |         1|
|8     |ursa_vanilla_tmr_hybrid_auto_us_0              |         1|
|9     |ursa_vanilla_tmr_hybrid_auto_us_1              |         1|
|10    |ursa_vanilla_tmr_hybrid_axi_bram_ctrl_0_0      |         1|
|11    |ursa_vanilla_tmr_hybrid_blk_mem_gen_0_0        |         1|
|12    |ursa_vanilla_tmr_hybrid_mxm_execute_ursa_0_0   |         1|
|13    |ursa_vanilla_tmr_hybrid_mxm_execute_ursa_1_0   |         1|
|14    |ursa_vanilla_tmr_hybrid_mxm_execute_ursa_2_0   |         1|
|15    |ursa_vanilla_tmr_hybrid_proc_sys_reset_0_0     |         1|
|16    |ursa_vanilla_tmr_hybrid_processing_system7_0_0 |         1|
|17    |ursa_vanilla_tmr_hybrid_tmr_voter_0_0          |         1|
|18    |ursa_vanilla_tmr_hybrid_tmr_voter_1_0          |         1|
|19    |ursa_vanilla_tmr_hybrid_tmr_voter_2_0          |         1|
|20    |ursa_vanilla_tmr_hybrid_tmr_voter_3_0          |         1|
|21    |ursa_vanilla_tmr_hybrid_tmr_voter_4_0          |         1|
+------+-----------------------------------------------+----------+

Report Cell Usage: 
+------+---------------------------------------------+------+
|      |Cell                                         |Count |
+------+---------------------------------------------+------+
|1     |ursa_vanilla_tmr_hybrid_auto_pc              |     4|
|5     |ursa_vanilla_tmr_hybrid_auto_us              |     2|
|7     |ursa_vanilla_tmr_hybrid_axi_bram_ctrl_0      |     1|
|8     |ursa_vanilla_tmr_hybrid_blk_mem_gen_0        |     1|
|9     |ursa_vanilla_tmr_hybrid_mxm_execute_ursa_0   |     1|
|10    |ursa_vanilla_tmr_hybrid_mxm_execute_ursa_1   |     1|
|11    |ursa_vanilla_tmr_hybrid_mxm_execute_ursa_2   |     1|
|12    |ursa_vanilla_tmr_hybrid_proc_sys_reset_0     |     1|
|13    |ursa_vanilla_tmr_hybrid_processing_system7_0 |     1|
|14    |ursa_vanilla_tmr_hybrid_tmr_voter_0          |     1|
|15    |ursa_vanilla_tmr_hybrid_tmr_voter_1          |     1|
|16    |ursa_vanilla_tmr_hybrid_tmr_voter_2          |     1|
|17    |ursa_vanilla_tmr_hybrid_tmr_voter_3          |     1|
|18    |ursa_vanilla_tmr_hybrid_tmr_voter_4          |     1|
|19    |ursa_vanilla_tmr_hybrid_xbar                 |     3|
+------+---------------------------------------------+------+
---------------------------------------------------------------------------------
Finished Writing Synthesis Report : Time (s): cpu = 00:00:09 ; elapsed = 00:00:09 . Memory (MB): peak = 2314.633 ; gain = 626.484 ; free physical = 36887 ; free virtual = 72585
---------------------------------------------------------------------------------
Synthesis finished with 0 errors, 0 critical warnings and 27 warnings.
Synthesis Optimization Runtime : Time (s): cpu = 00:00:08 ; elapsed = 00:00:08 . Memory (MB): peak = 2314.633 ; gain = 521.496 ; free physical = 36887 ; free virtual = 72585
Synthesis Optimization Complete : Time (s): cpu = 00:00:09 ; elapsed = 00:00:09 . Memory (MB): peak = 2314.633 ; gain = 626.484 ; free physical = 36887 ; free virtual = 72585
INFO: [Project 1-571] Translating synthesized netlist
Netlist sorting complete. Time (s): cpu = 00:00:00.01 ; elapsed = 00:00:00.02 . Memory (MB): peak = 2314.633 ; gain = 0.000 ; free physical = 37061 ; free virtual = 72759
INFO: [Project 1-570] Preparing netlist for logic optimization
INFO: [Opt 31-138] Pushed 0 inverter(s) to 0 load pin(s).
Netlist sorting complete. Time (s): cpu = 00:00:00 ; elapsed = 00:00:00 . Memory (MB): peak = 2314.633 ; gain = 0.000 ; free physical = 37069 ; free virtual = 72767
INFO: [Project 1-111] Unisim Transformation Summary:
No Unisim elements were transformed.

Synth Design complete | Checksum: c598da5b
INFO: [Common 17-83] Releasing license: Synthesis
87 Infos, 180 Warnings, 0 Critical Warnings and 0 Errors encountered.
synth_design completed successfully
synth_design: Time (s): cpu = 00:00:11 ; elapsed = 00:00:10 . Memory (MB): peak = 2314.633 ; gain = 997.035 ; free physical = 37077 ; free virtual = 72775
INFO: [Common 17-2834] synth_design peak Physical Memory [PSS] (MB): overall = 1554.202; main = 1554.202; forked = 0.000
INFO: [Common 17-2834] synth_design peak Virtual Memory [VSS] (MB): overall = 2250.570; main = 2250.570; forked = 0.000
INFO: [Common 17-1381] The checkpoint '/home/ulisses/Projects/ursa/exp/output-stationary/bitstreams/ursa_vanilla_8x8_acc20_hybrid_tmr.proj/ursa_vanilla_8x8_acc20_hybrid_tmr.runs/synth_1/ursa_vanilla_tmr_hybrid_wrapper.dcp' has been generated.
INFO: [runtcl-4] Executing : report_utilization -file ursa_vanilla_tmr_hybrid_wrapper_utilization_synth.rpt -pb ursa_vanilla_tmr_hybrid_wrapper_utilization_synth.pb
INFO: [Common 17-206] Exiting Vivado at Tue Sep 15 18:45:31 2026...
[Tue Sep 15 18:45:41 2026] synth_1 finished
wait_on_runs: Time (s): cpu = 00:07:33 ; elapsed = 00:01:46 . Memory (MB): peak = 2231.254 ; gain = 0.000 ; free physical = 38529 ; free virtual = 74220
Synthesis done.
[Tue Sep 15 18:45:42 2026] Launched impl_1...
Run output will be captured here: /home/ulisses/Projects/ursa/exp/output-stationary/bitstreams/ursa_vanilla_8x8_acc20_hybrid_tmr.proj/ursa_vanilla_8x8_acc20_hybrid_tmr.runs/impl_1/runme.log
[Tue Sep 15 18:45:42 2026] Waiting for impl_1 to finish...

*** Running vivado
    with args -log ursa_vanilla_tmr_hybrid_wrapper.vdi -applog -m64 -product Vivado -messageDb vivado.pb -mode batch -source ursa_vanilla_tmr_hybrid_wrapper.tcl -notrace


****** Vivado v2023.2 (64-bit)
  **** SW Build 4029153 on Fri Oct 13 20:13:54 MDT 2023
  **** IP Build 4028589 on Sat Oct 14 00:45:43 MDT 2023
  **** SharedData Build 4025554 on Tue Oct 10 17:18:54 MDT 2023
    ** Copyright 1986-2022 Xilinx, Inc. All Rights Reserved.
    ** Copyright 2022-2023 Advanced Micro Devices, Inc. All Rights Reserved.

Sourcing tcl script '/opt/Xilinx/Vivado/2023.2/scripts/Vivado_init.tcl'
source ursa_vanilla_tmr_hybrid_wrapper.tcl -notrace
INFO: [IP_Flow 19-234] Refreshing IP repositories
INFO: [IP_Flow 19-1700] Loaded user IP repository '/home/ulisses/Projects/ursa/exp/output-stationary/ip_ursa/ursa_vanilla_8x8_acc20'.
INFO: [IP_Flow 19-2313] Loaded Vivado IP repository '/opt/Xilinx/Vivado/2023.2/data/ip'.
Command: link_design -top ursa_vanilla_tmr_hybrid_wrapper -part xc7z020clg484-1
Design is defaulting to srcset: sources_1
Design is defaulting to constrset: constrs_1
INFO: [Device 21-403] Loading part xc7z020clg484-1
INFO: [Project 1-454] Reading design checkpoint '/home/ulisses/Projects/ursa/exp/output-stationary/bitstreams/ursa_vanilla_8x8_acc20_hybrid_tmr.proj/ursa_vanilla_8x8_acc20_hybrid_tmr.gen/sources_1/bd/ursa_vanilla_tmr_hybrid/ip/ursa_vanilla_tmr_hybrid_axi_bram_ctrl_0_0/ursa_vanilla_tmr_hybrid_axi_bram_ctrl_0_0.dcp' for cell 'ursa_vanilla_tmr_hybrid_i/axi_bram_ctrl_0'
INFO: [Project 1-454] Reading design checkpoint '/home/ulisses/Projects/ursa/exp/output-stationary/bitstreams/ursa_vanilla_8x8_acc20_hybrid_tmr.proj/ursa_vanilla_8x8_acc20_hybrid_tmr.gen/sources_1/bd/ursa_vanilla_tmr_hybrid/ip/ursa_vanilla_tmr_hybrid_blk_mem_gen_0_0/ursa_vanilla_tmr_hybrid_blk_mem_gen_0_0.dcp' for cell 'ursa_vanilla_tmr_hybrid_i/blk_mem_gen_0'
INFO: [Project 1-454] Reading design checkpoint '/home/ulisses/Projects/ursa/exp/output-stationary/bitstreams/ursa_vanilla_8x8_acc20_hybrid_tmr.proj/ursa_vanilla_8x8_acc20_hybrid_tmr.gen/sources_1/bd/ursa_vanilla_tmr_hybrid/ip/ursa_vanilla_tmr_hybrid_mxm_execute_ursa_0_0/ursa_vanilla_tmr_hybrid_mxm_execute_ursa_0_0.dcp' for cell 'ursa_vanilla_tmr_hybrid_i/mxm_execute_ursa_0'
INFO: [Project 1-454] Reading design checkpoint '/home/ulisses/Projects/ursa/exp/output-stationary/bitstreams/ursa_vanilla_8x8_acc20_hybrid_tmr.proj/ursa_vanilla_8x8_acc20_hybrid_tmr.gen/sources_1/bd/ursa_vanilla_tmr_hybrid/ip/ursa_vanilla_tmr_hybrid_mxm_execute_ursa_1_0/ursa_vanilla_tmr_hybrid_mxm_execute_ursa_1_0.dcp' for cell 'ursa_vanilla_tmr_hybrid_i/mxm_execute_ursa_1'
INFO: [Project 1-454] Reading design checkpoint '/home/ulisses/Projects/ursa/exp/output-stationary/bitstreams/ursa_vanilla_8x8_acc20_hybrid_tmr.proj/ursa_vanilla_8x8_acc20_hybrid_tmr.gen/sources_1/bd/ursa_vanilla_tmr_hybrid/ip/ursa_vanilla_tmr_hybrid_mxm_execute_ursa_2_0/ursa_vanilla_tmr_hybrid_mxm_execute_ursa_2_0.dcp' for cell 'ursa_vanilla_tmr_hybrid_i/mxm_execute_ursa_2'
INFO: [Project 1-454] Reading design checkpoint '/home/ulisses/Projects/ursa/exp/output-stationary/bitstreams/ursa_vanilla_8x8_acc20_hybrid_tmr.proj/ursa_vanilla_8x8_acc20_hybrid_tmr.gen/sources_1/bd/ursa_vanilla_tmr_hybrid/ip/ursa_vanilla_tmr_hybrid_proc_sys_reset_0_0/ursa_vanilla_tmr_hybrid_proc_sys_reset_0_0.dcp' for cell 'ursa_vanilla_tmr_hybrid_i/proc_sys_reset_0'
INFO: [Project 1-454] Reading design checkpoint '/home/ulisses/Projects/ursa/exp/output-stationary/bitstreams/ursa_vanilla_8x8_acc20_hybrid_tmr.proj/ursa_vanilla_8x8_acc20_hybrid_tmr.gen/sources_1/bd/ursa_vanilla_tmr_hybrid/ip/ursa_vanilla_tmr_hybrid_processing_system7_0_0/ursa_vanilla_tmr_hybrid_processing_system7_0_0.dcp' for cell 'ursa_vanilla_tmr_hybrid_i/processing_system7_0'
INFO: [Project 1-454] Reading design checkpoint '/home/ulisses/Projects/ursa/exp/output-stationary/bitstreams/ursa_vanilla_8x8_acc20_hybrid_tmr.proj/ursa_vanilla_8x8_acc20_hybrid_tmr.gen/sources_1/bd/ursa_vanilla_tmr_hybrid/ip/ursa_vanilla_tmr_hybrid_tmr_voter_0_0/ursa_vanilla_tmr_hybrid_tmr_voter_0_0.dcp' for cell 'ursa_vanilla_tmr_hybrid_i/tmr_voter_0'
INFO: [Project 1-454] Reading design checkpoint '/home/ulisses/Projects/ursa/exp/output-stationary/bitstreams/ursa_vanilla_8x8_acc20_hybrid_tmr.proj/ursa_vanilla_8x8_acc20_hybrid_tmr.gen/sources_1/bd/ursa_vanilla_tmr_hybrid/ip/ursa_vanilla_tmr_hybrid_tmr_voter_1_0/ursa_vanilla_tmr_hybrid_tmr_voter_1_0.dcp' for cell 'ursa_vanilla_tmr_hybrid_i/tmr_voter_1'
INFO: [Project 1-454] Reading design checkpoint '/home/ulisses/Projects/ursa/exp/output-stationary/bitstreams/ursa_vanilla_8x8_acc20_hybrid_tmr.proj/ursa_vanilla_8x8_acc20_hybrid_tmr.gen/sources_1/bd/ursa_vanilla_tmr_hybrid/ip/ursa_vanilla_tmr_hybrid_tmr_voter_2_0/ursa_vanilla_tmr_hybrid_tmr_voter_2_0.dcp' for cell 'ursa_vanilla_tmr_hybrid_i/tmr_voter_2'
INFO: [Project 1-454] Reading design checkpoint '/home/ulisses/Projects/ursa/exp/output-stationary/bitstreams/ursa_vanilla_8x8_acc20_hybrid_tmr.proj/ursa_vanilla_8x8_acc20_hybrid_tmr.gen/sources_1/bd/ursa_vanilla_tmr_hybrid/ip/ursa_vanilla_tmr_hybrid_tmr_voter_3_0/ursa_vanilla_tmr_hybrid_tmr_voter_3_0.dcp' for cell 'ursa_vanilla_tmr_hybrid_i/tmr_voter_3'
INFO: [Project 1-454] Reading design checkpoint '/home/ulisses/Projects/ursa/exp/output-stationary/bitstreams/ursa_vanilla_8x8_acc20_hybrid_tmr.proj/ursa_vanilla_8x8_acc20_hybrid_tmr.gen/sources_1/bd/ursa_vanilla_tmr_hybrid/ip/ursa_vanilla_tmr_hybrid_tmr_voter_4_0/ursa_vanilla_tmr_hybrid_tmr_voter_4_0.dcp' for cell 'ursa_vanilla_tmr_hybrid_i/tmr_voter_4'
INFO: [Project 1-454] Reading design checkpoint '/home/ulisses/Projects/ursa/exp/output-stationary/bitstreams/ursa_vanilla_8x8_acc20_hybrid_tmr.proj/ursa_vanilla_8x8_acc20_hybrid_tmr.gen/sources_1/bd/ursa_vanilla_tmr_hybrid/ip/ursa_vanilla_tmr_hybrid_xbar_0/ursa_vanilla_tmr_hybrid_xbar_0.dcp' for cell 'ursa_vanilla_tmr_hybrid_i/axi_interconnect_0/xbar'
INFO: [Project 1-454] Reading design checkpoint '/home/ulisses/Projects/ursa/exp/output-stationary/bitstreams/ursa_vanilla_8x8_acc20_hybrid_tmr.proj/ursa_vanilla_8x8_acc20_hybrid_tmr.gen/sources_1/bd/ursa_vanilla_tmr_hybrid/ip/ursa_vanilla_tmr_hybrid_auto_pc_0/ursa_vanilla_tmr_hybrid_auto_pc_0.dcp' for cell 'ursa_vanilla_tmr_hybrid_i/axi_interconnect_0/m00_couplers/auto_pc'
INFO: [Project 1-454] Reading design checkpoint '/home/ulisses/Projects/ursa/exp/output-stationary/bitstreams/ursa_vanilla_8x8_acc20_hybrid_tmr.proj/ursa_vanilla_8x8_acc20_hybrid_tmr.gen/sources_1/bd/ursa_vanilla_tmr_hybrid/ip/ursa_vanilla_tmr_hybrid_auto_pc_1/ursa_vanilla_tmr_hybrid_auto_pc_1.dcp' for cell 'ursa_vanilla_tmr_hybrid_i/axi_interconnect_0/m01_couplers/auto_pc'
INFO: [Project 1-454] Reading design checkpoint '/home/ulisses/Projects/ursa/exp/output-stationary/bitstreams/ursa_vanilla_8x8_acc20_hybrid_tmr.proj/ursa_vanilla_8x8_acc20_hybrid_tmr.gen/sources_1/bd/ursa_vanilla_tmr_hybrid/ip/ursa_vanilla_tmr_hybrid_auto_pc_2/ursa_vanilla_tmr_hybrid_auto_pc_2.dcp' for cell 'ursa_vanilla_tmr_hybrid_i/axi_interconnect_0/s00_couplers/auto_pc'
INFO: [Project 1-454] Reading design checkpoint '/home/ulisses/Projects/ursa/exp/output-stationary/bitstreams/ursa_vanilla_8x8_acc20_hybrid_tmr.proj/ursa_vanilla_8x8_acc20_hybrid_tmr.gen/sources_1/bd/ursa_vanilla_tmr_hybrid/ip/ursa_vanilla_tmr_hybrid_xbar_1/ursa_vanilla_tmr_hybrid_xbar_1.dcp' for cell 'ursa_vanilla_tmr_hybrid_i/axi_interconnect_1/xbar'
INFO: [Project 1-454] Reading design checkpoint '/home/ulisses/Projects/ursa/exp/output-stationary/bitstreams/ursa_vanilla_8x8_acc20_hybrid_tmr.proj/ursa_vanilla_8x8_acc20_hybrid_tmr.gen/sources_1/bd/ursa_vanilla_tmr_hybrid/ip/ursa_vanilla_tmr_hybrid_xbar_2/ursa_vanilla_tmr_hybrid_xbar_2.dcp' for cell 'ursa_vanilla_tmr_hybrid_i/axi_interconnect_2/xbar'
INFO: [Project 1-454] Reading design checkpoint '/home/ulisses/Projects/ursa/exp/output-stationary/bitstreams/ursa_vanilla_8x8_acc20_hybrid_tmr.proj/ursa_vanilla_8x8_acc20_hybrid_tmr.gen/sources_1/bd/ursa_vanilla_tmr_hybrid/ip/ursa_vanilla_tmr_hybrid_auto_pc_3/ursa_vanilla_tmr_hybrid_auto_pc_3.dcp' for cell 'ursa_vanilla_tmr_hybrid_i/axi_interconnect_2/m00_couplers/auto_pc'
INFO: [Project 1-454] Reading design checkpoint '/home/ulisses/Projects/ursa/exp/output-stationary/bitstreams/ursa_vanilla_8x8_acc20_hybrid_tmr.proj/ursa_vanilla_8x8_acc20_hybrid_tmr.gen/sources_1/bd/ursa_vanilla_tmr_hybrid/ip/ursa_vanilla_tmr_hybrid_auto_us_0/ursa_vanilla_tmr_hybrid_auto_us_0.dcp' for cell 'ursa_vanilla_tmr_hybrid_i/axi_interconnect_2/s00_couplers/auto_us'
INFO: [Project 1-454] Reading design checkpoint '/home/ulisses/Projects/ursa/exp/output-stationary/bitstreams/ursa_vanilla_8x8_acc20_hybrid_tmr.proj/ursa_vanilla_8x8_acc20_hybrid_tmr.gen/sources_1/bd/ursa_vanilla_tmr_hybrid/ip/ursa_vanilla_tmr_hybrid_auto_us_1/ursa_vanilla_tmr_hybrid_auto_us_1.dcp' for cell 'ursa_vanilla_tmr_hybrid_i/axi_interconnect_2/s01_couplers/auto_us'
Netlist sorting complete. Time (s): cpu = 00:00:00.22 ; elapsed = 00:00:00.22 . Memory (MB): peak = 1812.164 ; gain = 0.000 ; free physical = 37629 ; free virtual = 73320
INFO: [Netlist 29-17] Analyzing 1898 Unisim elements for replacement
INFO: [Netlist 29-28] Unisim Transformation completed in 0 CPU seconds
INFO: [Project 1-479] Netlist was created with Vivado 2023.2
INFO: [Project 1-570] Preparing netlist for logic optimization
Parsing XDC File [/home/ulisses/Projects/ursa/exp/output-stationary/bitstreams/ursa_vanilla_8x8_acc20_hybrid_tmr.proj/ursa_vanilla_8x8_acc20_hybrid_tmr.gen/sources_1/bd/ursa_vanilla_tmr_hybrid/ip/ursa_vanilla_tmr_hybrid_processing_system7_0_0/ursa_vanilla_tmr_hybrid_processing_system7_0_0.xdc] for cell 'ursa_vanilla_tmr_hybrid_i/processing_system7_0/inst'
Finished Parsing XDC File [/home/ulisses/Projects/ursa/exp/output-stationary/bitstreams/ursa_vanilla_8x8_acc20_hybrid_tmr.proj/ursa_vanilla_8x8_acc20_hybrid_tmr.gen/sources_1/bd/ursa_vanilla_tmr_hybrid/ip/ursa_vanilla_tmr_hybrid_processing_system7_0_0/ursa_vanilla_tmr_hybrid_processing_system7_0_0.xdc] for cell 'ursa_vanilla_tmr_hybrid_i/processing_system7_0/inst'
Parsing XDC File [/home/ulisses/Projects/ursa/exp/output-stationary/bitstreams/ursa_vanilla_8x8_acc20_hybrid_tmr.proj/ursa_vanilla_8x8_acc20_hybrid_tmr.gen/sources_1/bd/ursa_vanilla_tmr_hybrid/ip/ursa_vanilla_tmr_hybrid_proc_sys_reset_0_0/ursa_vanilla_tmr_hybrid_proc_sys_reset_0_0_board.xdc] for cell 'ursa_vanilla_tmr_hybrid_i/proc_sys_reset_0/U0'
Finished Parsing XDC File [/home/ulisses/Projects/ursa/exp/output-stationary/bitstreams/ursa_vanilla_8x8_acc20_hybrid_tmr.proj/ursa_vanilla_8x8_acc20_hybrid_tmr.gen/sources_1/bd/ursa_vanilla_tmr_hybrid/ip/ursa_vanilla_tmr_hybrid_proc_sys_reset_0_0/ursa_vanilla_tmr_hybrid_proc_sys_reset_0_0_board.xdc] for cell 'ursa_vanilla_tmr_hybrid_i/proc_sys_reset_0/U0'
Parsing XDC File [/home/ulisses/Projects/ursa/exp/output-stationary/bitstreams/ursa_vanilla_8x8_acc20_hybrid_tmr.proj/ursa_vanilla_8x8_acc20_hybrid_tmr.gen/sources_1/bd/ursa_vanilla_tmr_hybrid/ip/ursa_vanilla_tmr_hybrid_proc_sys_reset_0_0/ursa_vanilla_tmr_hybrid_proc_sys_reset_0_0.xdc] for cell 'ursa_vanilla_tmr_hybrid_i/proc_sys_reset_0/U0'
Finished Parsing XDC File [/home/ulisses/Projects/ursa/exp/output-stationary/bitstreams/ursa_vanilla_8x8_acc20_hybrid_tmr.proj/ursa_vanilla_8x8_acc20_hybrid_tmr.gen/sources_1/bd/ursa_vanilla_tmr_hybrid/ip/ursa_vanilla_tmr_hybrid_proc_sys_reset_0_0/ursa_vanilla_tmr_hybrid_proc_sys_reset_0_0.xdc] for cell 'ursa_vanilla_tmr_hybrid_i/proc_sys_reset_0/U0'
Parsing XDC File [/home/ulisses/Projects/ursa/exp/output-stationary/bitstreams/ursa_vanilla_8x8_acc20_hybrid_tmr.proj/ursa_vanilla_8x8_acc20_hybrid_tmr.gen/sources_1/bd/ursa_vanilla_tmr_hybrid/ip/ursa_vanilla_tmr_hybrid_tmr_voter_0_0/ursa_vanilla_tmr_hybrid_tmr_voter_0_0_board.xdc] for cell 'ursa_vanilla_tmr_hybrid_i/tmr_voter_0/U0'
Finished Parsing XDC File [/home/ulisses/Projects/ursa/exp/output-stationary/bitstreams/ursa_vanilla_8x8_acc20_hybrid_tmr.proj/ursa_vanilla_8x8_acc20_hybrid_tmr.gen/sources_1/bd/ursa_vanilla_tmr_hybrid/ip/ursa_vanilla_tmr_hybrid_tmr_voter_0_0/ursa_vanilla_tmr_hybrid_tmr_voter_0_0_board.xdc] for cell 'ursa_vanilla_tmr_hybrid_i/tmr_voter_0/U0'
Parsing XDC File [/home/ulisses/Projects/ursa/exp/output-stationary/bitstreams/ursa_vanilla_8x8_acc20_hybrid_tmr.proj/ursa_vanilla_8x8_acc20_hybrid_tmr.gen/sources_1/bd/ursa_vanilla_tmr_hybrid/ip/ursa_vanilla_tmr_hybrid_tmr_voter_1_0/ursa_vanilla_tmr_hybrid_tmr_voter_1_0_board.xdc] for cell 'ursa_vanilla_tmr_hybrid_i/tmr_voter_1/U0'
Finished Parsing XDC File [/home/ulisses/Projects/ursa/exp/output-stationary/bitstreams/ursa_vanilla_8x8_acc20_hybrid_tmr.proj/ursa_vanilla_8x8_acc20_hybrid_tmr.gen/sources_1/bd/ursa_vanilla_tmr_hybrid/ip/ursa_vanilla_tmr_hybrid_tmr_voter_1_0/ursa_vanilla_tmr_hybrid_tmr_voter_1_0_board.xdc] for cell 'ursa_vanilla_tmr_hybrid_i/tmr_voter_1/U0'
Parsing XDC File [/home/ulisses/Projects/ursa/exp/output-stationary/bitstreams/ursa_vanilla_8x8_acc20_hybrid_tmr.proj/ursa_vanilla_8x8_acc20_hybrid_tmr.gen/sources_1/bd/ursa_vanilla_tmr_hybrid/ip/ursa_vanilla_tmr_hybrid_tmr_voter_2_0/ursa_vanilla_tmr_hybrid_tmr_voter_2_0_board.xdc] for cell 'ursa_vanilla_tmr_hybrid_i/tmr_voter_2/U0'
Finished Parsing XDC File [/home/ulisses/Projects/ursa/exp/output-stationary/bitstreams/ursa_vanilla_8x8_acc20_hybrid_tmr.proj/ursa_vanilla_8x8_acc20_hybrid_tmr.gen/sources_1/bd/ursa_vanilla_tmr_hybrid/ip/ursa_vanilla_tmr_hybrid_tmr_voter_2_0/ursa_vanilla_tmr_hybrid_tmr_voter_2_0_board.xdc] for cell 'ursa_vanilla_tmr_hybrid_i/tmr_voter_2/U0'
Parsing XDC File [/home/ulisses/Projects/ursa/exp/output-stationary/bitstreams/ursa_vanilla_8x8_acc20_hybrid_tmr.proj/ursa_vanilla_8x8_acc20_hybrid_tmr.gen/sources_1/bd/ursa_vanilla_tmr_hybrid/ip/ursa_vanilla_tmr_hybrid_tmr_voter_3_0/ursa_vanilla_tmr_hybrid_tmr_voter_3_0_board.xdc] for cell 'ursa_vanilla_tmr_hybrid_i/tmr_voter_3/U0'
Finished Parsing XDC File [/home/ulisses/Projects/ursa/exp/output-stationary/bitstreams/ursa_vanilla_8x8_acc20_hybrid_tmr.proj/ursa_vanilla_8x8_acc20_hybrid_tmr.gen/sources_1/bd/ursa_vanilla_tmr_hybrid/ip/ursa_vanilla_tmr_hybrid_tmr_voter_3_0/ursa_vanilla_tmr_hybrid_tmr_voter_3_0_board.xdc] for cell 'ursa_vanilla_tmr_hybrid_i/tmr_voter_3/U0'
Parsing XDC File [/home/ulisses/Projects/ursa/exp/output-stationary/bitstreams/ursa_vanilla_8x8_acc20_hybrid_tmr.proj/ursa_vanilla_8x8_acc20_hybrid_tmr.gen/sources_1/bd/ursa_vanilla_tmr_hybrid/ip/ursa_vanilla_tmr_hybrid_tmr_voter_4_0/ursa_vanilla_tmr_hybrid_tmr_voter_4_0_board.xdc] for cell 'ursa_vanilla_tmr_hybrid_i/tmr_voter_4/U0'
Finished Parsing XDC File [/home/ulisses/Projects/ursa/exp/output-stationary/bitstreams/ursa_vanilla_8x8_acc20_hybrid_tmr.proj/ursa_vanilla_8x8_acc20_hybrid_tmr.gen/sources_1/bd/ursa_vanilla_tmr_hybrid/ip/ursa_vanilla_tmr_hybrid_tmr_voter_4_0/ursa_vanilla_tmr_hybrid_tmr_voter_4_0_board.xdc] for cell 'ursa_vanilla_tmr_hybrid_i/tmr_voter_4/U0'
Parsing XDC File [/home/ulisses/Projects/ursa/exp/output-stationary/bitstreams/ursa_vanilla_8x8_acc20_hybrid_tmr.proj/ursa_vanilla_8x8_acc20_hybrid_tmr.gen/sources_1/bd/ursa_vanilla_tmr_hybrid/ip/ursa_vanilla_tmr_hybrid_auto_us_0/ursa_vanilla_tmr_hybrid_auto_us_0_clocks.xdc] for cell 'ursa_vanilla_tmr_hybrid_i/axi_interconnect_2/s00_couplers/auto_us/inst'
WARNING: [Vivado_Tcl 4-921] Waiver ID 'CDC-1' -to list should not be empty. [/home/ulisses/Projects/ursa/exp/output-stationary/bitstreams/ursa_vanilla_8x8_acc20_hybrid_tmr.proj/ursa_vanilla_8x8_acc20_hybrid_tmr.gen/sources_1/bd/ursa_vanilla_tmr_hybrid/ip/ursa_vanilla_tmr_hybrid_auto_us_0/ursa_vanilla_tmr_hybrid_auto_us_0_clocks.xdc:9]
WARNING: [Vivado_Tcl 4-921] Waiver ID 'CDC-1' -to list should not be empty. [/home/ulisses/Projects/ursa/exp/output-stationary/bitstreams/ursa_vanilla_8x8_acc20_hybrid_tmr.proj/ursa_vanilla_8x8_acc20_hybrid_tmr.gen/sources_1/bd/ursa_vanilla_tmr_hybrid/ip/ursa_vanilla_tmr_hybrid_auto_us_0/ursa_vanilla_tmr_hybrid_auto_us_0_clocks.xdc:12]
WARNING: [Vivado_Tcl 4-921] Waiver ID 'CDC-1' -to list should not be empty. [/home/ulisses/Projects/ursa/exp/output-stationary/bitstreams/ursa_vanilla_8x8_acc20_hybrid_tmr.proj/ursa_vanilla_8x8_acc20_hybrid_tmr.gen/sources_1/bd/ursa_vanilla_tmr_hybrid/ip/ursa_vanilla_tmr_hybrid_auto_us_0/ursa_vanilla_tmr_hybrid_auto_us_0_clocks.xdc:15]
WARNING: [Vivado_Tcl 4-921] Waiver ID 'CDC-1' -to list should not be empty. [/home/ulisses/Projects/ursa/exp/output-stationary/bitstreams/ursa_vanilla_8x8_acc20_hybrid_tmr.proj/ursa_vanilla_8x8_acc20_hybrid_tmr.gen/sources_1/bd/ursa_vanilla_tmr_hybrid/ip/ursa_vanilla_tmr_hybrid_auto_us_0/ursa_vanilla_tmr_hybrid_auto_us_0_clocks.xdc:18]
WARNING: [Vivado_Tcl 4-921] Waiver ID 'CDC-1' -to list should not be empty. [/home/ulisses/Projects/ursa/exp/output-stationary/bitstreams/ursa_vanilla_8x8_acc20_hybrid_tmr.proj/ursa_vanilla_8x8_acc20_hybrid_tmr.gen/sources_1/bd/ursa_vanilla_tmr_hybrid/ip/ursa_vanilla_tmr_hybrid_auto_us_0/ursa_vanilla_tmr_hybrid_auto_us_0_clocks.xdc:21]
WARNING: [Vivado_Tcl 4-921] Waiver ID 'CDC-1' -to list should not be empty. [/home/ulisses/Projects/ursa/exp/output-stationary/bitstreams/ursa_vanilla_8x8_acc20_hybrid_tmr.proj/ursa_vanilla_8x8_acc20_hybrid_tmr.gen/sources_1/bd/ursa_vanilla_tmr_hybrid/ip/ursa_vanilla_tmr_hybrid_auto_us_0/ursa_vanilla_tmr_hybrid_auto_us_0_clocks.xdc:24]
WARNING: [Vivado_Tcl 4-921] Waiver ID 'CDC-1' -to list should not be empty. [/home/ulisses/Projects/ursa/exp/output-stationary/bitstreams/ursa_vanilla_8x8_acc20_hybrid_tmr.proj/ursa_vanilla_8x8_acc20_hybrid_tmr.gen/sources_1/bd/ursa_vanilla_tmr_hybrid/ip/ursa_vanilla_tmr_hybrid_auto_us_0/ursa_vanilla_tmr_hybrid_auto_us_0_clocks.xdc:27]
WARNING: [Vivado_Tcl 4-921] Waiver ID 'CDC-1' -to list should not be empty. [/home/ulisses/Projects/ursa/exp/output-stationary/bitstreams/ursa_vanilla_8x8_acc20_hybrid_tmr.proj/ursa_vanilla_8x8_acc20_hybrid_tmr.gen/sources_1/bd/ursa_vanilla_tmr_hybrid/ip/ursa_vanilla_tmr_hybrid_auto_us_0/ursa_vanilla_tmr_hybrid_auto_us_0_clocks.xdc:33]
WARNING: [Vivado_Tcl 4-921] Waiver ID 'CDC-1' -to list should not be empty. [/home/ulisses/Projects/ursa/exp/output-stationary/bitstreams/ursa_vanilla_8x8_acc20_hybrid_tmr.proj/ursa_vanilla_8x8_acc20_hybrid_tmr.gen/sources_1/bd/ursa_vanilla_tmr_hybrid/ip/ursa_vanilla_tmr_hybrid_auto_us_0/ursa_vanilla_tmr_hybrid_auto_us_0_clocks.xdc:36]
WARNING: [Vivado_Tcl 4-921] Waiver ID 'CDC-10' -to list should not be empty. [/home/ulisses/Projects/ursa/exp/output-stationary/bitstreams/ursa_vanilla_8x8_acc20_hybrid_tmr.proj/ursa_vanilla_8x8_acc20_hybrid_tmr.gen/sources_1/bd/ursa_vanilla_tmr_hybrid/ip/ursa_vanilla_tmr_hybrid_auto_us_0/ursa_vanilla_tmr_hybrid_auto_us_0_clocks.xdc:39]
WARNING: [Vivado_Tcl 4-921] Waiver ID 'CDC-10' -to list should not be empty. [/home/ulisses/Projects/ursa/exp/output-stationary/bitstreams/ursa_vanilla_8x8_acc20_hybrid_tmr.proj/ursa_vanilla_8x8_acc20_hybrid_tmr.gen/sources_1/bd/ursa_vanilla_tmr_hybrid/ip/ursa_vanilla_tmr_hybrid_auto_us_0/ursa_vanilla_tmr_hybrid_auto_us_0_clocks.xdc:42]
WARNING: [Vivado_Tcl 4-921] Waiver ID 'CDC-10' -to list should not be empty. [/home/ulisses/Projects/ursa/exp/output-stationary/bitstreams/ursa_vanilla_8x8_acc20_hybrid_tmr.proj/ursa_vanilla_8x8_acc20_hybrid_tmr.gen/sources_1/bd/ursa_vanilla_tmr_hybrid/ip/ursa_vanilla_tmr_hybrid_auto_us_0/ursa_vanilla_tmr_hybrid_auto_us_0_clocks.xdc:45]
WARNING: [Vivado_Tcl 4-921] Waiver ID 'CDC-2' -to list should not be empty. [/home/ulisses/Projects/ursa/exp/output-stationary/bitstreams/ursa_vanilla_8x8_acc20_hybrid_tmr.proj/ursa_vanilla_8x8_acc20_hybrid_tmr.gen/sources_1/bd/ursa_vanilla_tmr_hybrid/ip/ursa_vanilla_tmr_hybrid_auto_us_0/ursa_vanilla_tmr_hybrid_auto_us_0_clocks.xdc:48]
WARNING: [Vivado_Tcl 4-921] Waiver ID 'CDC-11' -to list should not be empty. [/home/ulisses/Projects/ursa/exp/output-stationary/bitstreams/ursa_vanilla_8x8_acc20_hybrid_tmr.proj/ursa_vanilla_8x8_acc20_hybrid_tmr.gen/sources_1/bd/ursa_vanilla_tmr_hybrid/ip/ursa_vanilla_tmr_hybrid_auto_us_0/ursa_vanilla_tmr_hybrid_auto_us_0_clocks.xdc:51]
WARNING: [Vivado_Tcl 4-921] Waiver ID 'CDC-11' -to list should not be empty. [/home/ulisses/Projects/ursa/exp/output-stationary/bitstreams/ursa_vanilla_8x8_acc20_hybrid_tmr.proj/ursa_vanilla_8x8_acc20_hybrid_tmr.gen/sources_1/bd/ursa_vanilla_tmr_hybrid/ip/ursa_vanilla_tmr_hybrid_auto_us_0/ursa_vanilla_tmr_hybrid_auto_us_0_clocks.xdc:54]
Finished Parsing XDC File [/home/ulisses/Projects/ursa/exp/output-stationary/bitstreams/ursa_vanilla_8x8_acc20_hybrid_tmr.proj/ursa_vanilla_8x8_acc20_hybrid_tmr.gen/sources_1/bd/ursa_vanilla_tmr_hybrid/ip/ursa_vanilla_tmr_hybrid_auto_us_0/ursa_vanilla_tmr_hybrid_auto_us_0_clocks.xdc] for cell 'ursa_vanilla_tmr_hybrid_i/axi_interconnect_2/s00_couplers/auto_us/inst'
Parsing XDC File [/home/ulisses/Projects/ursa/exp/output-stationary/bitstreams/ursa_vanilla_8x8_acc20_hybrid_tmr.proj/ursa_vanilla_8x8_acc20_hybrid_tmr.gen/sources_1/bd/ursa_vanilla_tmr_hybrid/ip/ursa_vanilla_tmr_hybrid_auto_us_1/ursa_vanilla_tmr_hybrid_auto_us_1_clocks.xdc] for cell 'ursa_vanilla_tmr_hybrid_i/axi_interconnect_2/s01_couplers/auto_us/inst'
WARNING: [Vivado_Tcl 4-921] Waiver ID 'CDC-1' -to list should not be empty. [/home/ulisses/Projects/ursa/exp/output-stationary/bitstreams/ursa_vanilla_8x8_acc20_hybrid_tmr.proj/ursa_vanilla_8x8_acc20_hybrid_tmr.gen/sources_1/bd/ursa_vanilla_tmr_hybrid/ip/ursa_vanilla_tmr_hybrid_auto_us_1/ursa_vanilla_tmr_hybrid_auto_us_1_clocks.xdc:9]
WARNING: [Vivado_Tcl 4-921] Waiver ID 'CDC-1' -to list should not be empty. [/home/ulisses/Projects/ursa/exp/output-stationary/bitstreams/ursa_vanilla_8x8_acc20_hybrid_tmr.proj/ursa_vanilla_8x8_acc20_hybrid_tmr.gen/sources_1/bd/ursa_vanilla_tmr_hybrid/ip/ursa_vanilla_tmr_hybrid_auto_us_1/ursa_vanilla_tmr_hybrid_auto_us_1_clocks.xdc:12]
WARNING: [Vivado_Tcl 4-921] Waiver ID 'CDC-1' -to list should not be empty. [/home/ulisses/Projects/ursa/exp/output-stationary/bitstreams/ursa_vanilla_8x8_acc20_hybrid_tmr.proj/ursa_vanilla_8x8_acc20_hybrid_tmr.gen/sources_1/bd/ursa_vanilla_tmr_hybrid/ip/ursa_vanilla_tmr_hybrid_auto_us_1/ursa_vanilla_tmr_hybrid_auto_us_1_clocks.xdc:15]
WARNING: [Vivado_Tcl 4-921] Waiver ID 'CDC-1' -to list should not be empty. [/home/ulisses/Projects/ursa/exp/output-stationary/bitstreams/ursa_vanilla_8x8_acc20_hybrid_tmr.proj/ursa_vanilla_8x8_acc20_hybrid_tmr.gen/sources_1/bd/ursa_vanilla_tmr_hybrid/ip/ursa_vanilla_tmr_hybrid_auto_us_1/ursa_vanilla_tmr_hybrid_auto_us_1_clocks.xdc:18]
WARNING: [Vivado_Tcl 4-921] Waiver ID 'CDC-1' -to list should not be empty. [/home/ulisses/Projects/ursa/exp/output-stationary/bitstreams/ursa_vanilla_8x8_acc20_hybrid_tmr.proj/ursa_vanilla_8x8_acc20_hybrid_tmr.gen/sources_1/bd/ursa_vanilla_tmr_hybrid/ip/ursa_vanilla_tmr_hybrid_auto_us_1/ursa_vanilla_tmr_hybrid_auto_us_1_clocks.xdc:21]
WARNING: [Vivado_Tcl 4-921] Waiver ID 'CDC-1' -to list should not be empty. [/home/ulisses/Projects/ursa/exp/output-stationary/bitstreams/ursa_vanilla_8x8_acc20_hybrid_tmr.proj/ursa_vanilla_8x8_acc20_hybrid_tmr.gen/sources_1/bd/ursa_vanilla_tmr_hybrid/ip/ursa_vanilla_tmr_hybrid_auto_us_1/ursa_vanilla_tmr_hybrid_auto_us_1_clocks.xdc:24]
WARNING: [Vivado_Tcl 4-921] Waiver ID 'CDC-1' -to list should not be empty. [/home/ulisses/Projects/ursa/exp/output-stationary/bitstreams/ursa_vanilla_8x8_acc20_hybrid_tmr.proj/ursa_vanilla_8x8_acc20_hybrid_tmr.gen/sources_1/bd/ursa_vanilla_tmr_hybrid/ip/ursa_vanilla_tmr_hybrid_auto_us_1/ursa_vanilla_tmr_hybrid_auto_us_1_clocks.xdc:27]
WARNING: [Vivado_Tcl 4-921] Waiver ID 'CDC-1' -to list should not be empty. [/home/ulisses/Projects/ursa/exp/output-stationary/bitstreams/ursa_vanilla_8x8_acc20_hybrid_tmr.proj/ursa_vanilla_8x8_acc20_hybrid_tmr.gen/sources_1/bd/ursa_vanilla_tmr_hybrid/ip/ursa_vanilla_tmr_hybrid_auto_us_1/ursa_vanilla_tmr_hybrid_auto_us_1_clocks.xdc:33]
WARNING: [Vivado_Tcl 4-921] Waiver ID 'CDC-1' -to list should not be empty. [/home/ulisses/Projects/ursa/exp/output-stationary/bitstreams/ursa_vanilla_8x8_acc20_hybrid_tmr.proj/ursa_vanilla_8x8_acc20_hybrid_tmr.gen/sources_1/bd/ursa_vanilla_tmr_hybrid/ip/ursa_vanilla_tmr_hybrid_auto_us_1/ursa_vanilla_tmr_hybrid_auto_us_1_clocks.xdc:36]
WARNING: [Vivado_Tcl 4-921] Waiver ID 'CDC-10' -to list should not be empty. [/home/ulisses/Projects/ursa/exp/output-stationary/bitstreams/ursa_vanilla_8x8_acc20_hybrid_tmr.proj/ursa_vanilla_8x8_acc20_hybrid_tmr.gen/sources_1/bd/ursa_vanilla_tmr_hybrid/ip/ursa_vanilla_tmr_hybrid_auto_us_1/ursa_vanilla_tmr_hybrid_auto_us_1_clocks.xdc:39]
WARNING: [Vivado_Tcl 4-921] Waiver ID 'CDC-10' -to list should not be empty. [/home/ulisses/Projects/ursa/exp/output-stationary/bitstreams/ursa_vanilla_8x8_acc20_hybrid_tmr.proj/ursa_vanilla_8x8_acc20_hybrid_tmr.gen/sources_1/bd/ursa_vanilla_tmr_hybrid/ip/ursa_vanilla_tmr_hybrid_auto_us_1/ursa_vanilla_tmr_hybrid_auto_us_1_clocks.xdc:42]
WARNING: [Vivado_Tcl 4-921] Waiver ID 'CDC-10' -to list should not be empty. [/home/ulisses/Projects/ursa/exp/output-stationary/bitstreams/ursa_vanilla_8x8_acc20_hybrid_tmr.proj/ursa_vanilla_8x8_acc20_hybrid_tmr.gen/sources_1/bd/ursa_vanilla_tmr_hybrid/ip/ursa_vanilla_tmr_hybrid_auto_us_1/ursa_vanilla_tmr_hybrid_auto_us_1_clocks.xdc:45]
WARNING: [Vivado_Tcl 4-921] Waiver ID 'CDC-2' -to list should not be empty. [/home/ulisses/Projects/ursa/exp/output-stationary/bitstreams/ursa_vanilla_8x8_acc20_hybrid_tmr.proj/ursa_vanilla_8x8_acc20_hybrid_tmr.gen/sources_1/bd/ursa_vanilla_tmr_hybrid/ip/ursa_vanilla_tmr_hybrid_auto_us_1/ursa_vanilla_tmr_hybrid_auto_us_1_clocks.xdc:48]
WARNING: [Vivado_Tcl 4-921] Waiver ID 'CDC-11' -to list should not be empty. [/home/ulisses/Projects/ursa/exp/output-stationary/bitstreams/ursa_vanilla_8x8_acc20_hybrid_tmr.proj/ursa_vanilla_8x8_acc20_hybrid_tmr.gen/sources_1/bd/ursa_vanilla_tmr_hybrid/ip/ursa_vanilla_tmr_hybrid_auto_us_1/ursa_vanilla_tmr_hybrid_auto_us_1_clocks.xdc:51]
WARNING: [Vivado_Tcl 4-921] Waiver ID 'CDC-11' -to list should not be empty. [/home/ulisses/Projects/ursa/exp/output-stationary/bitstreams/ursa_vanilla_8x8_acc20_hybrid_tmr.proj/ursa_vanilla_8x8_acc20_hybrid_tmr.gen/sources_1/bd/ursa_vanilla_tmr_hybrid/ip/ursa_vanilla_tmr_hybrid_auto_us_1/ursa_vanilla_tmr_hybrid_auto_us_1_clocks.xdc:54]
Finished Parsing XDC File [/home/ulisses/Projects/ursa/exp/output-stationary/bitstreams/ursa_vanilla_8x8_acc20_hybrid_tmr.proj/ursa_vanilla_8x8_acc20_hybrid_tmr.gen/sources_1/bd/ursa_vanilla_tmr_hybrid/ip/ursa_vanilla_tmr_hybrid_auto_us_1/ursa_vanilla_tmr_hybrid_auto_us_1_clocks.xdc] for cell 'ursa_vanilla_tmr_hybrid_i/axi_interconnect_2/s01_couplers/auto_us/inst'
INFO: [Project 1-1714] 3 XPM XDC files have been applied to the design.
INFO: [Opt 31-138] Pushed 0 inverter(s) to 0 load pin(s).
Generating merged BMM file for the design top 'ursa_vanilla_tmr_hybrid_wrapper'...
INFO: [Project 1-1687] 30 scoped IP constraints or related sub-commands were skipped due to synthesis logic optimizations usually triggered by constant connectivity or unconnected output pins. To review the skipped constraints and messages, run the command 'set_param netlist.IPMsgFiltering false' before opening the design.
Netlist sorting complete. Time (s): cpu = 00:00:00.01 ; elapsed = 00:00:00.01 . Memory (MB): peak = 2400.008 ; gain = 0.000 ; free physical = 37428 ; free virtual = 73119
INFO: [Project 1-111] Unisim Transformation Summary:
  A total of 3 instances were transformed.
  RAM32M => RAM32M (RAMD32(x6), RAMS32(x2)): 2 instances
  RAM32X1D => RAM32X1D (RAMD32(x2)): 1 instance 

33 Infos, 30 Warnings, 0 Critical Warnings and 0 Errors encountered.
link_design completed successfully
link_design: Time (s): cpu = 00:00:07 ; elapsed = 00:00:07 . Memory (MB): peak = 2400.008 ; gain = 1062.980 ; free physical = 37428 ; free virtual = 73119
Command: opt_design
Attempting to get a license for feature 'Implementation' and/or device 'xc7z020'
INFO: [Common 17-349] Got license for feature 'Implementation' and/or device 'xc7z020'
Running DRC as a precondition to command opt_design

Starting DRC Task
INFO: [DRC 23-27] Running DRC with 12 threads
INFO: [Project 1-461] DRC finished with 0 Errors
INFO: [Project 1-462] Please refer to the DRC report (report_drc) for more information.

Time (s): cpu = 00:00:00.55 ; elapsed = 00:00:00.23 . Memory (MB): peak = 2400.008 ; gain = 0.000 ; free physical = 37405 ; free virtual = 73096

Starting Cache Timing Information Task
INFO: [Timing 38-35] Done setting XDC timing constraints.
Ending Cache Timing Information Task | Checksum: 148ff62da

Time (s): cpu = 00:00:04 ; elapsed = 00:00:03 . Memory (MB): peak = 2794.402 ; gain = 394.395 ; free physical = 36978 ; free virtual = 72669

Starting Logic Optimization Task

Phase 1 Initialization

Phase 1.1 Core Generation And Design Setup
Phase 1.1 Core Generation And Design Setup | Checksum: 148ff62da

Time (s): cpu = 00:00:00 ; elapsed = 00:00:00 . Memory (MB): peak = 3106.176 ; gain = 0.000 ; free physical = 36671 ; free virtual = 72362

Phase 1.2 Setup Constraints And Sort Netlist
Phase 1.2 Setup Constraints And Sort Netlist | Checksum: 148ff62da

Time (s): cpu = 00:00:00.01 ; elapsed = 00:00:00.01 . Memory (MB): peak = 3106.176 ; gain = 0.000 ; free physical = 36671 ; free virtual = 72362
Phase 1 Initialization | Checksum: 148ff62da

Time (s): cpu = 00:00:00.01 ; elapsed = 00:00:00.01 . Memory (MB): peak = 3106.176 ; gain = 0.000 ; free physical = 36671 ; free virtual = 72362

Phase 2 Timer Update And Timing Data Collection

Phase 2.1 Timer Update
Phase 2.1 Timer Update | Checksum: 148ff62da

Time (s): cpu = 00:00:00.97 ; elapsed = 00:00:00.22 . Memory (MB): peak = 3106.176 ; gain = 0.000 ; free physical = 36667 ; free virtual = 72358

Phase 2.2 Timing Data Collection
Phase 2.2 Timing Data Collection | Checksum: 148ff62da

Time (s): cpu = 00:00:01 ; elapsed = 00:00:00.26 . Memory (MB): peak = 3106.176 ; gain = 0.000 ; free physical = 36667 ; free virtual = 72358
Phase 2 Timer Update And Timing Data Collection | Checksum: 148ff62da

Time (s): cpu = 00:00:01 ; elapsed = 00:00:00.26 . Memory (MB): peak = 3106.176 ; gain = 0.000 ; free physical = 36667 ; free virtual = 72358

Phase 3 Retarget
INFO: [Opt 31-1566] Pulled 36 inverters resulting in an inversion of 278 pins
INFO: [Opt 31-138] Pushed 4 inverter(s) to 11 load pin(s).
INFO: [Opt 31-49] Retargeted 0 cell(s).
Phase 3 Retarget | Checksum: a24a9f24

Time (s): cpu = 00:00:01 ; elapsed = 00:00:00.52 . Memory (MB): peak = 3106.176 ; gain = 0.000 ; free physical = 36667 ; free virtual = 72358
Retarget | Checksum: a24a9f24
INFO: [Opt 31-389] Phase Retarget created 46 cells and removed 116 cells
INFO: [Opt 31-1021] In phase Retarget, 27 netlist objects are constrained preventing optimization. Please run opt_design with -debug_log to get more detail. 

Phase 4 Constant propagation
INFO: [Opt 31-138] Pushed 4 inverter(s) to 9 load pin(s).
Phase 4 Constant propagation | Checksum: f5b9ffbf

Time (s): cpu = 00:00:02 ; elapsed = 00:00:00.76 . Memory (MB): peak = 3106.176 ; gain = 0.000 ; free physical = 36667 ; free virtual = 72358
Constant propagation | Checksum: f5b9ffbf
INFO: [Opt 31-389] Phase Constant propagation created 368 cells and removed 1405 cells
INFO: [Opt 31-1021] In phase Constant propagation, 27 netlist objects are constrained preventing optimization. Please run opt_design with -debug_log to get more detail. 

Phase 5 Sweep
Phase 5 Sweep | Checksum: e28506d2

Time (s): cpu = 00:00:02 ; elapsed = 00:00:01 . Memory (MB): peak = 3106.176 ; gain = 0.000 ; free physical = 36670 ; free virtual = 72361
Sweep | Checksum: e28506d2
INFO: [Opt 31-389] Phase Sweep created 0 cells and removed 884 cells
INFO: [Opt 31-1021] In phase Sweep, 96 netlist objects are constrained preventing optimization. Please run opt_design with -debug_log to get more detail. 

Phase 6 BUFG optimization
Phase 6 BUFG optimization | Checksum: e28506d2

Time (s): cpu = 00:00:02 ; elapsed = 00:00:01 . Memory (MB): peak = 3138.191 ; gain = 32.016 ; free physical = 36670 ; free virtual = 72361
BUFG optimization | Checksum: e28506d2
INFO: [Opt 31-662] Phase BUFG optimization created 0 cells of which 0 are BUFGs and removed 0 cells.

Phase 7 Shift Register Optimization
WARNING: [Opt 31-1131] Can not pull register out from ursa_vanilla_tmr_hybrid_i/mxm_execute_ursa_0/inst/fifo_burst/U_fifo_srl/mem_reg[6][0]_srl7 due to none static srl address bits
WARNING: [Opt 31-1131] Can not pull register out from ursa_vanilla_tmr_hybrid_i/mxm_execute_ursa_0/inst/fifo_burst/U_fifo_srl/mem_reg[6][0]_srl7__0 due to none static srl address bits
WARNING: [Opt 31-1131] Can not pull register out from ursa_vanilla_tmr_hybrid_i/mxm_execute_ursa_1/inst/fifo_burst/U_fifo_srl/mem_reg[6][0]_srl7 due to none static srl address bits
WARNING: [Opt 31-1131] Can not pull register out from ursa_vanilla_tmr_hybrid_i/mxm_execute_ursa_1/inst/fifo_burst/U_fifo_srl/mem_reg[6][0]_srl7__0 due to none static srl address bits
WARNING: [Opt 31-1131] Can not pull register out from ursa_vanilla_tmr_hybrid_i/mxm_execute_ursa_2/inst/fifo_burst/U_fifo_srl/mem_reg[6][0]_srl7 due to none static srl address bits
WARNING: [Opt 31-1131] Can not pull register out from ursa_vanilla_tmr_hybrid_i/mxm_execute_ursa_2/inst/fifo_burst/U_fifo_srl/mem_reg[6][0]_srl7__0 due to none static srl address bits
WARNING: [Opt 31-1131] Can not pull register out from ursa_vanilla_tmr_hybrid_i/axi_bram_ctrl_0/U0/gext_inst.abcv4_0_ext_inst/GEN_AXI4.I_FULL_AXI/I_WR_CHNL/BID_FIFO/FIFO_RAM[0].SRL16E_I due to none static srl address bits
WARNING: [Opt 31-1131] Can not pull register out from ursa_vanilla_tmr_hybrid_i/axi_bram_ctrl_0/U0/gext_inst.abcv4_0_ext_inst/GEN_AXI4.I_FULL_AXI/I_WR_CHNL/BID_FIFO/FIFO_RAM[10].SRL16E_I due to none static srl address bits
WARNING: [Opt 31-1131] Can not pull register out from ursa_vanilla_tmr_hybrid_i/axi_bram_ctrl_0/U0/gext_inst.abcv4_0_ext_inst/GEN_AXI4.I_FULL_AXI/I_WR_CHNL/BID_FIFO/FIFO_RAM[11].SRL16E_I due to none static srl address bits
WARNING: [Opt 31-1131] Can not pull register out from ursa_vanilla_tmr_hybrid_i/axi_bram_ctrl_0/U0/gext_inst.abcv4_0_ext_inst/GEN_AXI4.I_FULL_AXI/I_WR_CHNL/BID_FIFO/FIFO_RAM[12].SRL16E_I due to none static srl address bits
WARNING: [Opt 31-1131] Can not pull register out from ursa_vanilla_tmr_hybrid_i/axi_bram_ctrl_0/U0/gext_inst.abcv4_0_ext_inst/GEN_AXI4.I_FULL_AXI/I_WR_CHNL/BID_FIFO/FIFO_RAM[1].SRL16E_I due to none static srl address bits
WARNING: [Opt 31-1131] Can not pull register out from ursa_vanilla_tmr_hybrid_i/axi_bram_ctrl_0/U0/gext_inst.abcv4_0_ext_inst/GEN_AXI4.I_FULL_AXI/I_WR_CHNL/BID_FIFO/FIFO_RAM[2].SRL16E_I due to none static srl address bits
WARNING: [Opt 31-1131] Can not pull register out from ursa_vanilla_tmr_hybrid_i/axi_bram_ctrl_0/U0/gext_inst.abcv4_0_ext_inst/GEN_AXI4.I_FULL_AXI/I_WR_CHNL/BID_FIFO/FIFO_RAM[3].SRL16E_I due to none static srl address bits
WARNING: [Opt 31-1131] Can not pull register out from ursa_vanilla_tmr_hybrid_i/axi_bram_ctrl_0/U0/gext_inst.abcv4_0_ext_inst/GEN_AXI4.I_FULL_AXI/I_WR_CHNL/BID_FIFO/FIFO_RAM[4].SRL16E_I due to none static srl address bits
WARNING: [Opt 31-1131] Can not pull register out from ursa_vanilla_tmr_hybrid_i/axi_bram_ctrl_0/U0/gext_inst.abcv4_0_ext_inst/GEN_AXI4.I_FULL_AXI/I_WR_CHNL/BID_FIFO/FIFO_RAM[5].SRL16E_I due to none static srl address bits
WARNING: [Opt 31-1131] Can not pull register out from ursa_vanilla_tmr_hybrid_i/axi_bram_ctrl_0/U0/gext_inst.abcv4_0_ext_inst/GEN_AXI4.I_FULL_AXI/I_WR_CHNL/BID_FIFO/FIFO_RAM[6].SRL16E_I due to none static srl address bits
WARNING: [Opt 31-1131] Can not pull register out from ursa_vanilla_tmr_hybrid_i/axi_bram_ctrl_0/U0/gext_inst.abcv4_0_ext_inst/GEN_AXI4.I_FULL_AXI/I_WR_CHNL/BID_FIFO/FIFO_RAM[7].SRL16E_I due to none static srl address bits
WARNING: [Opt 31-1131] Can not pull register out from ursa_vanilla_tmr_hybrid_i/axi_bram_ctrl_0/U0/gext_inst.abcv4_0_ext_inst/GEN_AXI4.I_FULL_AXI/I_WR_CHNL/BID_FIFO/FIFO_RAM[8].SRL16E_I due to none static srl address bits
WARNING: [Opt 31-1131] Can not pull register out from ursa_vanilla_tmr_hybrid_i/axi_bram_ctrl_0/U0/gext_inst.abcv4_0_ext_inst/GEN_AXI4.I_FULL_AXI/I_WR_CHNL/BID_FIFO/FIFO_RAM[9].SRL16E_I due to none static srl address bits
WARNING: [Opt 31-1131] Can not pull register out from ursa_vanilla_tmr_hybrid_i/mxm_execute_ursa_0/inst/aw_m_axi_U/load_unit/bus_wide_gen.rreq_offset/U_fifo_srl/mem_reg[6][0]_srl7 due to none static srl address bits
WARNING: [Opt 31-1131] Can not pull register out from ursa_vanilla_tmr_hybrid_i/mxm_execute_ursa_0/inst/aw_m_axi_U/load_unit/bus_wide_gen.rreq_offset/U_fifo_srl/mem_reg[6][1]_srl7 due to none static srl address bits
WARNING: [Opt 31-1131] Can not pull register out from ursa_vanilla_tmr_hybrid_i/mxm_execute_ursa_0/inst/aw_m_axi_U/load_unit/bus_wide_gen.rreq_offset/U_fifo_srl/mem_reg[6][2]_srl7 due to none static srl address bits
WARNING: [Opt 31-1131] Can not pull register out from ursa_vanilla_tmr_hybrid_i/mxm_execute_ursa_0/inst/aw_m_axi_U/load_unit/bus_wide_gen.rreq_offset/U_fifo_srl/mem_reg[6][3]_srl7 due to none static srl address bits
WARNING: [Opt 31-1131] Can not pull register out from ursa_vanilla_tmr_hybrid_i/mxm_execute_ursa_0/inst/aw_m_axi_U/load_unit/fifo_rreq/U_fifo_srl/mem_reg[5][0]_srl6 due to none static srl address bits
WARNING: [Opt 31-1131] Can not pull register out from ursa_vanilla_tmr_hybrid_i/mxm_execute_ursa_0/inst/aw_m_axi_U/load_unit/fifo_rreq/U_fifo_srl/mem_reg[5][10]_srl6 due to none static srl address bits
WARNING: [Opt 31-1131] Can not pull register out from ursa_vanilla_tmr_hybrid_i/mxm_execute_ursa_0/inst/aw_m_axi_U/load_unit/fifo_rreq/U_fifo_srl/mem_reg[5][11]_srl6 due to none static srl address bits
WARNING: [Opt 31-1131] Can not pull register out from ursa_vanilla_tmr_hybrid_i/mxm_execute_ursa_0/inst/aw_m_axi_U/load_unit/fifo_rreq/U_fifo_srl/mem_reg[5][12]_srl6 due to none static srl address bits
WARNING: [Opt 31-1131] Can not pull register out from ursa_vanilla_tmr_hybrid_i/mxm_execute_ursa_0/inst/aw_m_axi_U/load_unit/fifo_rreq/U_fifo_srl/mem_reg[5][13]_srl6 due to none static srl address bits
WARNING: [Opt 31-1131] Can not pull register out from ursa_vanilla_tmr_hybrid_i/mxm_execute_ursa_0/inst/aw_m_axi_U/load_unit/fifo_rreq/U_fifo_srl/mem_reg[5][14]_srl6 due to none static srl address bits
WARNING: [Opt 31-1131] Can not pull register out from ursa_vanilla_tmr_hybrid_i/mxm_execute_ursa_0/inst/aw_m_axi_U/load_unit/fifo_rreq/U_fifo_srl/mem_reg[5][15]_srl6 due to none static srl address bits
WARNING: [Opt 31-1131] Can not pull register out from ursa_vanilla_tmr_hybrid_i/mxm_execute_ursa_0/inst/aw_m_axi_U/load_unit/fifo_rreq/U_fifo_srl/mem_reg[5][16]_srl6 due to none static srl address bits
WARNING: [Opt 31-1131] Can not pull register out from ursa_vanilla_tmr_hybrid_i/mxm_execute_ursa_0/inst/aw_m_axi_U/load_unit/fifo_rreq/U_fifo_srl/mem_reg[5][17]_srl6 due to none static srl address bits
WARNING: [Opt 31-1131] Can not pull register out from ursa_vanilla_tmr_hybrid_i/mxm_execute_ursa_0/inst/aw_m_axi_U/load_unit/fifo_rreq/U_fifo_srl/mem_reg[5][18]_srl6 due to none static srl address bits
WARNING: [Opt 31-1131] Can not pull register out from ursa_vanilla_tmr_hybrid_i/mxm_execute_ursa_0/inst/aw_m_axi_U/load_unit/fifo_rreq/U_fifo_srl/mem_reg[5][19]_srl6 due to none static srl address bits
WARNING: [Opt 31-1131] Can not pull register out from ursa_vanilla_tmr_hybrid_i/mxm_execute_ursa_0/inst/aw_m_axi_U/load_unit/fifo_rreq/U_fifo_srl/mem_reg[5][1]_srl6 due to none static srl address bits
WARNING: [Opt 31-1131] Can not pull register out from ursa_vanilla_tmr_hybrid_i/mxm_execute_ursa_0/inst/aw_m_axi_U/load_unit/fifo_rreq/U_fifo_srl/mem_reg[5][20]_srl6 due to none static srl address bits
WARNING: [Opt 31-1131] Can not pull register out from ursa_vanilla_tmr_hybrid_i/mxm_execute_ursa_0/inst/aw_m_axi_U/load_unit/fifo_rreq/U_fifo_srl/mem_reg[5][21]_srl6 due to none static srl address bits
WARNING: [Opt 31-1131] Can not pull register out from ursa_vanilla_tmr_hybrid_i/mxm_execute_ursa_0/inst/aw_m_axi_U/load_unit/fifo_rreq/U_fifo_srl/mem_reg[5][22]_srl6 due to none static srl address bits
WARNING: [Opt 31-1131] Can not pull register out from ursa_vanilla_tmr_hybrid_i/mxm_execute_ursa_0/inst/aw_m_axi_U/load_unit/fifo_rreq/U_fifo_srl/mem_reg[5][23]_srl6 due to none static srl address bits
WARNING: [Opt 31-1131] Can not pull register out from ursa_vanilla_tmr_hybrid_i/mxm_execute_ursa_0/inst/aw_m_axi_U/load_unit/fifo_rreq/U_fifo_srl/mem_reg[5][24]_srl6 due to none static srl address bits
WARNING: [Opt 31-1131] Can not pull register out from ursa_vanilla_tmr_hybrid_i/mxm_execute_ursa_0/inst/aw_m_axi_U/load_unit/fifo_rreq/U_fifo_srl/mem_reg[5][25]_srl6 due to none static srl address bits
WARNING: [Opt 31-1131] Can not pull register out from ursa_vanilla_tmr_hybrid_i/mxm_execute_ursa_0/inst/aw_m_axi_U/load_unit/fifo_rreq/U_fifo_srl/mem_reg[5][26]_srl6 due to none static srl address bits
WARNING: [Opt 31-1131] Can not pull register out from ursa_vanilla_tmr_hybrid_i/mxm_execute_ursa_0/inst/aw_m_axi_U/load_unit/fifo_rreq/U_fifo_srl/mem_reg[5][27]_srl6 due to none static srl address bits
WARNING: [Opt 31-1131] Can not pull register out from ursa_vanilla_tmr_hybrid_i/mxm_execute_ursa_0/inst/aw_m_axi_U/load_unit/fifo_rreq/U_fifo_srl/mem_reg[5][28]_srl6 due to none static srl address bits
WARNING: [Opt 31-1131] Can not pull register out from ursa_vanilla_tmr_hybrid_i/mxm_execute_ursa_0/inst/aw_m_axi_U/load_unit/fifo_rreq/U_fifo_srl/mem_reg[5][29]_srl6 due to none static srl address bits
WARNING: [Opt 31-1131] Can not pull register out from ursa_vanilla_tmr_hybrid_i/mxm_execute_ursa_0/inst/aw_m_axi_U/load_unit/fifo_rreq/U_fifo_srl/mem_reg[5][2]_srl6 due to none static srl address bits
WARNING: [Opt 31-1131] Can not pull register out from ursa_vanilla_tmr_hybrid_i/mxm_execute_ursa_0/inst/aw_m_axi_U/load_unit/fifo_rreq/U_fifo_srl/mem_reg[5][30]_srl6 due to none static srl address bits
WARNING: [Opt 31-1131] Can not pull register out from ursa_vanilla_tmr_hybrid_i/mxm_execute_ursa_0/inst/aw_m_axi_U/load_unit/fifo_rreq/U_fifo_srl/mem_reg[5][31]_srl6 due to none static srl address bits
WARNING: [Opt 31-1131] Can not pull register out from ursa_vanilla_tmr_hybrid_i/mxm_execute_ursa_0/inst/aw_m_axi_U/load_unit/fifo_rreq/U_fifo_srl/mem_reg[5][32]_srl6 due to none static srl address bits
WARNING: [Opt 31-1131] Can not pull register out from ursa_vanilla_tmr_hybrid_i/mxm_execute_ursa_0/inst/aw_m_axi_U/load_unit/fifo_rreq/U_fifo_srl/mem_reg[5][3]_srl6 due to none static srl address bits
WARNING: [Opt 31-1131] Can not pull register out from ursa_vanilla_tmr_hybrid_i/mxm_execute_ursa_0/inst/aw_m_axi_U/load_unit/fifo_rreq/U_fifo_srl/mem_reg[5][4]_srl6 due to none static srl address bits
WARNING: [Opt 31-1131] Can not pull register out from ursa_vanilla_tmr_hybrid_i/mxm_execute_ursa_0/inst/aw_m_axi_U/load_unit/fifo_rreq/U_fifo_srl/mem_reg[5][5]_srl6 due to none static srl address bits
WARNING: [Opt 31-1131] Can not pull register out from ursa_vanilla_tmr_hybrid_i/mxm_execute_ursa_0/inst/aw_m_axi_U/load_unit/fifo_rreq/U_fifo_srl/mem_reg[5][6]_srl6 due to none static srl address bits
WARNING: [Opt 31-1131] Can not pull register out from ursa_vanilla_tmr_hybrid_i/mxm_execute_ursa_0/inst/aw_m_axi_U/load_unit/fifo_rreq/U_fifo_srl/mem_reg[5][7]_srl6 due to none static srl address bits
WARNING: [Opt 31-1131] Can not pull register out from ursa_vanilla_tmr_hybrid_i/mxm_execute_ursa_0/inst/aw_m_axi_U/load_unit/fifo_rreq/U_fifo_srl/mem_reg[5][8]_srl6 due to none static srl address bits
WARNING: [Opt 31-1131] Can not pull register out from ursa_vanilla_tmr_hybrid_i/mxm_execute_ursa_0/inst/aw_m_axi_U/load_unit/fifo_rreq/U_fifo_srl/mem_reg[5][9]_srl6 due to none static srl address bits
WARNING: [Opt 31-1131] Can not pull register out from ursa_vanilla_tmr_hybrid_i/mxm_execute_ursa_0/inst/bi_m_axi_U/load_unit/bus_wide_gen.rreq_offset/U_fifo_srl/mem_reg[6][0]_srl7 due to none static srl address bits
WARNING: [Opt 31-1131] Can not pull register out from ursa_vanilla_tmr_hybrid_i/mxm_execute_ursa_0/inst/bi_m_axi_U/load_unit/bus_wide_gen.rreq_offset/U_fifo_srl/mem_reg[6][1]_srl7 due to none static srl address bits
WARNING: [Opt 31-1131] Can not pull register out from ursa_vanilla_tmr_hybrid_i/mxm_execute_ursa_0/inst/bi_m_axi_U/load_unit/bus_wide_gen.rreq_offset/U_fifo_srl/mem_reg[6][2]_srl7 due to none static srl address bits
WARNING: [Opt 31-1131] Can not pull register out from ursa_vanilla_tmr_hybrid_i/mxm_execute_ursa_0/inst/bi_m_axi_U/load_unit/bus_wide_gen.rreq_offset/U_fifo_srl/mem_reg[6][3]_srl7 due to none static srl address bits
WARNING: [Opt 31-1131] Can not pull register out from ursa_vanilla_tmr_hybrid_i/mxm_execute_ursa_0/inst/bi_m_axi_U/load_unit/fifo_rreq/U_fifo_srl/mem_reg[5][0]_srl6 due to none static srl address bits
WARNING: [Opt 31-1131] Can not pull register out from ursa_vanilla_tmr_hybrid_i/mxm_execute_ursa_0/inst/bi_m_axi_U/load_unit/fifo_rreq/U_fifo_srl/mem_reg[5][10]_srl6 due to none static srl address bits
WARNING: [Opt 31-1131] Can not pull register out from ursa_vanilla_tmr_hybrid_i/mxm_execute_ursa_0/inst/bi_m_axi_U/load_unit/fifo_rreq/U_fifo_srl/mem_reg[5][11]_srl6 due to none static srl address bits
WARNING: [Opt 31-1131] Can not pull register out from ursa_vanilla_tmr_hybrid_i/mxm_execute_ursa_0/inst/bi_m_axi_U/load_unit/fifo_rreq/U_fifo_srl/mem_reg[5][12]_srl6 due to none static srl address bits
WARNING: [Opt 31-1131] Can not pull register out from ursa_vanilla_tmr_hybrid_i/mxm_execute_ursa_0/inst/bi_m_axi_U/load_unit/fifo_rreq/U_fifo_srl/mem_reg[5][13]_srl6 due to none static srl address bits
WARNING: [Opt 31-1131] Can not pull register out from ursa_vanilla_tmr_hybrid_i/mxm_execute_ursa_0/inst/bi_m_axi_U/load_unit/fifo_rreq/U_fifo_srl/mem_reg[5][14]_srl6 due to none static srl address bits
WARNING: [Opt 31-1131] Can not pull register out from ursa_vanilla_tmr_hybrid_i/mxm_execute_ursa_0/inst/bi_m_axi_U/load_unit/fifo_rreq/U_fifo_srl/mem_reg[5][15]_srl6 due to none static srl address bits
WARNING: [Opt 31-1131] Can not pull register out from ursa_vanilla_tmr_hybrid_i/mxm_execute_ursa_0/inst/bi_m_axi_U/load_unit/fifo_rreq/U_fifo_srl/mem_reg[5][16]_srl6 due to none static srl address bits
WARNING: [Opt 31-1131] Can not pull register out from ursa_vanilla_tmr_hybrid_i/mxm_execute_ursa_0/inst/bi_m_axi_U/load_unit/fifo_rreq/U_fifo_srl/mem_reg[5][17]_srl6 due to none static srl address bits
WARNING: [Opt 31-1131] Can not pull register out from ursa_vanilla_tmr_hybrid_i/mxm_execute_ursa_0/inst/bi_m_axi_U/load_unit/fifo_rreq/U_fifo_srl/mem_reg[5][18]_srl6 due to none static srl address bits
WARNING: [Opt 31-1131] Can not pull register out from ursa_vanilla_tmr_hybrid_i/mxm_execute_ursa_0/inst/bi_m_axi_U/load_unit/fifo_rreq/U_fifo_srl/mem_reg[5][19]_srl6 due to none static srl address bits
WARNING: [Opt 31-1131] Can not pull register out from ursa_vanilla_tmr_hybrid_i/mxm_execute_ursa_0/inst/bi_m_axi_U/load_unit/fifo_rreq/U_fifo_srl/mem_reg[5][1]_srl6 due to none static srl address bits
WARNING: [Opt 31-1131] Can not pull register out from ursa_vanilla_tmr_hybrid_i/mxm_execute_ursa_0/inst/bi_m_axi_U/load_unit/fifo_rreq/U_fifo_srl/mem_reg[5][20]_srl6 due to none static srl address bits
WARNING: [Opt 31-1131] Can not pull register out from ursa_vanilla_tmr_hybrid_i/mxm_execute_ursa_0/inst/bi_m_axi_U/load_unit/fifo_rreq/U_fifo_srl/mem_reg[5][21]_srl6 due to none static srl address bits
WARNING: [Opt 31-1131] Can not pull register out from ursa_vanilla_tmr_hybrid_i/mxm_execute_ursa_0/inst/bi_m_axi_U/load_unit/fifo_rreq/U_fifo_srl/mem_reg[5][22]_srl6 due to none static srl address bits
WARNING: [Opt 31-1131] Can not pull register out from ursa_vanilla_tmr_hybrid_i/mxm_execute_ursa_0/inst/bi_m_axi_U/load_unit/fifo_rreq/U_fifo_srl/mem_reg[5][23]_srl6 due to none static srl address bits
WARNING: [Opt 31-1131] Can not pull register out from ursa_vanilla_tmr_hybrid_i/mxm_execute_ursa_0/inst/bi_m_axi_U/load_unit/fifo_rreq/U_fifo_srl/mem_reg[5][24]_srl6 due to none static srl address bits
WARNING: [Opt 31-1131] Can not pull register out from ursa_vanilla_tmr_hybrid_i/mxm_execute_ursa_0/inst/bi_m_axi_U/load_unit/fifo_rreq/U_fifo_srl/mem_reg[5][25]_srl6 due to none static srl address bits
WARNING: [Opt 31-1131] Can not pull register out from ursa_vanilla_tmr_hybrid_i/mxm_execute_ursa_0/inst/bi_m_axi_U/load_unit/fifo_rreq/U_fifo_srl/mem_reg[5][26]_srl6 due to none static srl address bits
WARNING: [Opt 31-1131] Can not pull register out from ursa_vanilla_tmr_hybrid_i/mxm_execute_ursa_0/inst/bi_m_axi_U/load_unit/fifo_rreq/U_fifo_srl/mem_reg[5][27]_srl6 due to none static srl address bits
WARNING: [Opt 31-1131] Can not pull register out from ursa_vanilla_tmr_hybrid_i/mxm_execute_ursa_0/inst/bi_m_axi_U/load_unit/fifo_rreq/U_fifo_srl/mem_reg[5][28]_srl6 due to none static srl address bits
WARNING: [Opt 31-1131] Can not pull register out from ursa_vanilla_tmr_hybrid_i/mxm_execute_ursa_0/inst/bi_m_axi_U/load_unit/fifo_rreq/U_fifo_srl/mem_reg[5][29]_srl6 due to none static srl address bits
WARNING: [Opt 31-1131] Can not pull register out from ursa_vanilla_tmr_hybrid_i/mxm_execute_ursa_0/inst/bi_m_axi_U/load_unit/fifo_rreq/U_fifo_srl/mem_reg[5][2]_srl6 due to none static srl address bits
WARNING: [Opt 31-1131] Can not pull register out from ursa_vanilla_tmr_hybrid_i/mxm_execute_ursa_0/inst/bi_m_axi_U/load_unit/fifo_rreq/U_fifo_srl/mem_reg[5][30]_srl6 due to none static srl address bits
WARNING: [Opt 31-1131] Can not pull register out from ursa_vanilla_tmr_hybrid_i/mxm_execute_ursa_0/inst/bi_m_axi_U/load_unit/fifo_rreq/U_fifo_srl/mem_reg[5][31]_srl6 due to none static srl address bits
WARNING: [Opt 31-1131] Can not pull register out from ursa_vanilla_tmr_hybrid_i/mxm_execute_ursa_0/inst/bi_m_axi_U/load_unit/fifo_rreq/U_fifo_srl/mem_reg[5][32]_srl6 due to none static srl address bits
WARNING: [Opt 31-1131] Can not pull register out from ursa_vanilla_tmr_hybrid_i/mxm_execute_ursa_0/inst/bi_m_axi_U/load_unit/fifo_rreq/U_fifo_srl/mem_reg[5][3]_srl6 due to none static srl address bits
WARNING: [Opt 31-1131] Can not pull register out from ursa_vanilla_tmr_hybrid_i/mxm_execute_ursa_0/inst/bi_m_axi_U/load_unit/fifo_rreq/U_fifo_srl/mem_reg[5][4]_srl6 due to none static srl address bits
WARNING: [Opt 31-1131] Can not pull register out from ursa_vanilla_tmr_hybrid_i/mxm_execute_ursa_0/inst/bi_m_axi_U/load_unit/fifo_rreq/U_fifo_srl/mem_reg[5][5]_srl6 due to none static srl address bits
WARNING: [Opt 31-1131] Can not pull register out from ursa_vanilla_tmr_hybrid_i/mxm_execute_ursa_0/inst/bi_m_axi_U/load_unit/fifo_rreq/U_fifo_srl/mem_reg[5][6]_srl6 due to none static srl address bits
WARNING: [Opt 31-1131] Can not pull register out from ursa_vanilla_tmr_hybrid_i/mxm_execute_ursa_0/inst/bi_m_axi_U/load_unit/fifo_rreq/U_fifo_srl/mem_reg[5][7]_srl6 due to none static srl address bits
WARNING: [Opt 31-1131] Can not pull register out from ursa_vanilla_tmr_hybrid_i/mxm_execute_ursa_0/inst/bi_m_axi_U/load_unit/fifo_rreq/U_fifo_srl/mem_reg[5][8]_srl6 due to none static srl address bits
WARNING: [Opt 31-1131] Can not pull register out from ursa_vanilla_tmr_hybrid_i/mxm_execute_ursa_0/inst/bi_m_axi_U/load_unit/fifo_rreq/U_fifo_srl/mem_reg[5][9]_srl6 due to none static srl address bits
WARNING: [Opt 31-1131] Can not pull register out from ursa_vanilla_tmr_hybrid_i/mxm_execute_ursa_0/inst/ca_m_axi_U/store_unit/fifo_wreq/U_fifo_srl/mem_reg[2][0]_srl3 due to none static srl address bits
WARNING: [Opt 31-1131] Can not pull register out from ursa_vanilla_tmr_hybrid_i/mxm_execute_ursa_0/inst/ca_m_axi_U/store_unit/fifo_wreq/U_fifo_srl/mem_reg[2][10]_srl3 due to none static srl address bits
WARNING: [Opt 31-1131] Can not pull register out from ursa_vanilla_tmr_hybrid_i/mxm_execute_ursa_0/inst/ca_m_axi_U/store_unit/fifo_wreq/U_fifo_srl/mem_reg[2][11]_srl3 due to none static srl address bits
WARNING: [Opt 31-1131] Can not pull register out from ursa_vanilla_tmr_hybrid_i/mxm_execute_ursa_0/inst/ca_m_axi_U/store_unit/fifo_wreq/U_fifo_srl/mem_reg[2][12]_srl3 due to none static srl address bits
WARNING: [Opt 31-1131] Can not pull register out from ursa_vanilla_tmr_hybrid_i/mxm_execute_ursa_0/inst/ca_m_axi_U/store_unit/fifo_wreq/U_fifo_srl/mem_reg[2][13]_srl3 due to none static srl address bits
WARNING: [Opt 31-1131] Can not pull register out from ursa_vanilla_tmr_hybrid_i/mxm_execute_ursa_0/inst/ca_m_axi_U/store_unit/fifo_wreq/U_fifo_srl/mem_reg[2][14]_srl3 due to none static srl address bits
WARNING: [Opt 31-1131] Can not pull register out from ursa_vanilla_tmr_hybrid_i/mxm_execute_ursa_0/inst/ca_m_axi_U/store_unit/fifo_wreq/U_fifo_srl/mem_reg[2][15]_srl3 due to none static srl address bits
INFO: [Common 17-14] Message 'Opt 31-1131' appears 100 times and further instances of the messages will be disabled. Use the Tcl command set_msg_config to change the current settings.
INFO: [Opt 31-1064] SRL Remap converted 0 SRLs to 0 registers and converted 0 registers of register chains to 0 SRLs
Phase 7 Shift Register Optimization | Checksum: e28506d2

Time (s): cpu = 00:00:02 ; elapsed = 00:00:01 . Memory (MB): peak = 3138.191 ; gain = 32.016 ; free physical = 36670 ; free virtual = 72361
Shift Register Optimization | Checksum: e28506d2
INFO: [Opt 31-389] Phase Shift Register Optimization created 0 cells and removed 0 cells

Phase 8 Post Processing Netlist
Phase 8 Post Processing Netlist | Checksum: 1491d213a

Time (s): cpu = 00:00:02 ; elapsed = 00:00:01 . Memory (MB): peak = 3138.191 ; gain = 32.016 ; free physical = 36670 ; free virtual = 72361
Post Processing Netlist | Checksum: 1491d213a
INFO: [Opt 31-389] Phase Post Processing Netlist created 0 cells and removed 0 cells
INFO: [Opt 31-1021] In phase Post Processing Netlist, 33 netlist objects are constrained preventing optimization. Please run opt_design with -debug_log to get more detail. 

Phase 9 Finalization

Phase 9.1 Finalizing Design Cores and Updating Shapes
Phase 9.1 Finalizing Design Cores and Updating Shapes | Checksum: 1132bbbb0

Time (s): cpu = 00:00:03 ; elapsed = 00:00:02 . Memory (MB): peak = 3138.191 ; gain = 32.016 ; free physical = 36670 ; free virtual = 72361

Phase 9.2 Verifying Netlist Connectivity

Starting Connectivity Check Task

Time (s): cpu = 00:00:00.02 ; elapsed = 00:00:00.02 . Memory (MB): peak = 3138.191 ; gain = 0.000 ; free physical = 36670 ; free virtual = 72361
Phase 9.2 Verifying Netlist Connectivity | Checksum: 1132bbbb0

Time (s): cpu = 00:00:03 ; elapsed = 00:00:02 . Memory (MB): peak = 3138.191 ; gain = 32.016 ; free physical = 36670 ; free virtual = 72361
Phase 9 Finalization | Checksum: 1132bbbb0

Time (s): cpu = 00:00:03 ; elapsed = 00:00:02 . Memory (MB): peak = 3138.191 ; gain = 32.016 ; free physical = 36670 ; free virtual = 72361
Opt_design Change Summary
=========================


-------------------------------------------------------------------------------------------------------------------------
|  Phase                        |  #Cells created  |  #Cells Removed  |  #Constrained objects preventing optimizations  |
-------------------------------------------------------------------------------------------------------------------------
|  Retarget                     |              46  |             116  |                                             27  |
|  Constant propagation         |             368  |            1405  |                                             27  |
|  Sweep                        |               0  |             884  |                                             96  |
|  BUFG optimization            |               0  |               0  |                                              0  |
|  Shift Register Optimization  |               0  |               0  |                                              0  |
|  Post Processing Netlist      |               0  |               0  |                                             33  |
-------------------------------------------------------------------------------------------------------------------------


Ending Logic Optimization Task | Checksum: 1132bbbb0

Time (s): cpu = 00:00:03 ; elapsed = 00:00:02 . Memory (MB): peak = 3138.191 ; gain = 32.016 ; free physical = 36670 ; free virtual = 72361
INFO: [Constraints 18-11670] Building netlist checker database with flags, 0x8
Done building netlist checker database: Time (s): cpu = 00:00:00 ; elapsed = 00:00:00 . Memory (MB): peak = 3138.191 ; gain = 0.000 ; free physical = 36670 ; free virtual = 72361

Starting Power Optimization Task
INFO: [Pwropt 34-132] Skipping clock gating for clocks with a period < 2.00 ns.
INFO: [Pwropt 34-9] Applying IDT optimizations ...
INFO: [Pwropt 34-10] Applying ODC optimizations ...
INFO: [Timing 38-35] Done setting XDC timing constraints.
Running Vector-less Activity Propagation...

Finished Running Vector-less Activity Propagation


Starting PowerOpt Patch Enables Task
INFO: [Pwropt 34-162] WRITE_MODE attribute of 0 BRAM(s) out of a total of 10 has been updated to save power. Run report_power_opt to get a complete listing of the BRAMs updated.
INFO: [Pwropt 34-201] Structural ODC has moved 0 WE to EN ports
Number of BRAM Ports augmented: 3 newly gated: 6 Total Ports: 20
Ending PowerOpt Patch Enables Task | Checksum: 12f9c3f75

Time (s): cpu = 00:00:00.1 ; elapsed = 00:00:00.1 . Memory (MB): peak = 3600.957 ; gain = 0.000 ; free physical = 36359 ; free virtual = 72050
Ending Power Optimization Task | Checksum: 12f9c3f75

Time (s): cpu = 00:00:06 ; elapsed = 00:00:02 . Memory (MB): peak = 3600.957 ; gain = 462.766 ; free physical = 36359 ; free virtual = 72050

Starting Final Cleanup Task
Ending Final Cleanup Task | Checksum: 12f9c3f75

Time (s): cpu = 00:00:00 ; elapsed = 00:00:00 . Memory (MB): peak = 3600.957 ; gain = 0.000 ; free physical = 36359 ; free virtual = 72050

Starting Netlist Obfuscation Task
Netlist sorting complete. Time (s): cpu = 00:00:00 ; elapsed = 00:00:00.01 . Memory (MB): peak = 3600.957 ; gain = 0.000 ; free physical = 36359 ; free virtual = 72050
Ending Netlist Obfuscation Task | Checksum: 9698e79f

Time (s): cpu = 00:00:00.01 ; elapsed = 00:00:00.01 . Memory (MB): peak = 3600.957 ; gain = 0.000 ; free physical = 36359 ; free virtual = 72050
INFO: [Common 17-83] Releasing license: Implementation
62 Infos, 130 Warnings, 0 Critical Warnings and 0 Errors encountered.
opt_design completed successfully
opt_design: Time (s): cpu = 00:00:14 ; elapsed = 00:00:08 . Memory (MB): peak = 3600.957 ; gain = 1200.949 ; free physical = 36359 ; free virtual = 72050
INFO: [runtcl-4] Executing : report_drc -file ursa_vanilla_tmr_hybrid_wrapper_drc_opted.rpt -pb ursa_vanilla_tmr_hybrid_wrapper_drc_opted.pb -rpx ursa_vanilla_tmr_hybrid_wrapper_drc_opted.rpx
Command: report_drc -file ursa_vanilla_tmr_hybrid_wrapper_drc_opted.rpt -pb ursa_vanilla_tmr_hybrid_wrapper_drc_opted.pb -rpx ursa_vanilla_tmr_hybrid_wrapper_drc_opted.rpx
INFO: [IP_Flow 19-1839] IP Catalog is up to date.
INFO: [DRC 23-27] Running DRC with 12 threads
INFO: [Vivado_Tcl 2-168] The results of DRC are in file /home/ulisses/Projects/ursa/exp/output-stationary/bitstreams/ursa_vanilla_8x8_acc20_hybrid_tmr.proj/ursa_vanilla_8x8_acc20_hybrid_tmr.runs/impl_1/ursa_vanilla_tmr_hybrid_wrapper_drc_opted.rpt.
report_drc completed successfully
INFO: [Timing 38-480] Writing timing data to binary archive.
Wrote PlaceDB: Time (s): cpu = 00:00:00.02 ; elapsed = 00:00:00 . Memory (MB): peak = 3600.957 ; gain = 0.000 ; free physical = 36350 ; free virtual = 72043
Wrote PulsedLatchDB: Time (s): cpu = 00:00:00 ; elapsed = 00:00:00 . Memory (MB): peak = 3600.957 ; gain = 0.000 ; free physical = 36350 ; free virtual = 72043
Writing XDEF routing.
Writing XDEF routing logical nets.
Write ShapeDB Complete: Time (s): cpu = 00:00:00.11 ; elapsed = 00:00:00.02 . Memory (MB): peak = 3600.957 ; gain = 0.000 ; free physical = 36350 ; free virtual = 72046
Writing XDEF routing special nets.
Wrote RouteStorage: Time (s): cpu = 00:00:00.19 ; elapsed = 00:00:00.04 . Memory (MB): peak = 3600.957 ; gain = 0.000 ; free physical = 36350 ; free virtual = 72046
Wrote Netlist Cache: Time (s): cpu = 00:00:00 ; elapsed = 00:00:00 . Memory (MB): peak = 3600.957 ; gain = 0.000 ; free physical = 36350 ; free virtual = 72046
Wrote Device Cache: Time (s): cpu = 00:00:00.01 ; elapsed = 00:00:00.01 . Memory (MB): peak = 3600.957 ; gain = 0.000 ; free physical = 36349 ; free virtual = 72046
Write Physdb Complete: Time (s): cpu = 00:00:00.24 ; elapsed = 00:00:00.06 . Memory (MB): peak = 3600.957 ; gain = 0.000 ; free physical = 36349 ; free virtual = 72046
INFO: [Common 17-1381] The checkpoint '/home/ulisses/Projects/ursa/exp/output-stationary/bitstreams/ursa_vanilla_8x8_acc20_hybrid_tmr.proj/ursa_vanilla_8x8_acc20_hybrid_tmr.runs/impl_1/ursa_vanilla_tmr_hybrid_wrapper_opt.dcp' has been generated.
Command: place_design
Attempting to get a license for feature 'Implementation' and/or device 'xc7z020'
INFO: [Common 17-349] Got license for feature 'Implementation' and/or device 'xc7z020'
INFO: [Common 17-83] Releasing license: Implementation
INFO: [DRC 23-27] Running DRC with 12 threads
INFO: [Vivado_Tcl 4-198] DRC finished with 0 Errors
INFO: [Vivado_Tcl 4-199] Please refer to the DRC report (report_drc) for more information.
Running DRC as a precondition to command place_design
INFO: [DRC 23-27] Running DRC with 12 threads
INFO: [Vivado_Tcl 4-198] DRC finished with 0 Errors
INFO: [Vivado_Tcl 4-199] Please refer to the DRC report (report_drc) for more information.
INFO: [Place 30-611] Multithreading enabled for place_design using a maximum of 12 CPUs

Starting Placer Task

Phase 1 Placer Initialization

Phase 1.1 Placer Initialization Netlist Sorting
Netlist sorting complete. Time (s): cpu = 00:00:00 ; elapsed = 00:00:00 . Memory (MB): peak = 3600.957 ; gain = 0.000 ; free physical = 36338 ; free virtual = 72040
Phase 1.1 Placer Initialization Netlist Sorting | Checksum: 49e7e638

Time (s): cpu = 00:00:00.01 ; elapsed = 00:00:00.01 . Memory (MB): peak = 3600.957 ; gain = 0.000 ; free physical = 36338 ; free virtual = 72040
Netlist sorting complete. Time (s): cpu = 00:00:00 ; elapsed = 00:00:00.01 . Memory (MB): peak = 3600.957 ; gain = 0.000 ; free physical = 36338 ; free virtual = 72040

Phase 1.2 IO Placement/ Clock Placement/ Build Placer Device
INFO: [Timing 38-35] Done setting XDC timing constraints.
Phase 1.2 IO Placement/ Clock Placement/ Build Placer Device | Checksum: e6a94c1f

Time (s): cpu = 00:00:03 ; elapsed = 00:00:00.98 . Memory (MB): peak = 3600.957 ; gain = 0.000 ; free physical = 36330 ; free virtual = 72032

Phase 1.3 Build Placer Netlist Model
Phase 1.3 Build Placer Netlist Model | Checksum: 17392c60a

Time (s): cpu = 00:00:08 ; elapsed = 00:00:03 . Memory (MB): peak = 3600.957 ; gain = 0.000 ; free physical = 36321 ; free virtual = 72023

Phase 1.4 Constrain Clocks/Macros
Phase 1.4 Constrain Clocks/Macros | Checksum: 17392c60a

Time (s): cpu = 00:00:08 ; elapsed = 00:00:03 . Memory (MB): peak = 3600.957 ; gain = 0.000 ; free physical = 36321 ; free virtual = 72023
Phase 1 Placer Initialization | Checksum: 17392c60a

Time (s): cpu = 00:00:08 ; elapsed = 00:00:03 . Memory (MB): peak = 3600.957 ; gain = 0.000 ; free physical = 36321 ; free virtual = 72023

Phase 2 Global Placement

Phase 2.1 Floorplanning
Phase 2.1 Floorplanning | Checksum: 15cf85cd0

Time (s): cpu = 00:00:10 ; elapsed = 00:00:04 . Memory (MB): peak = 3600.957 ; gain = 0.000 ; free physical = 36338 ; free virtual = 72040

Phase 2.2 Update Timing before SLR Path Opt
Phase 2.2 Update Timing before SLR Path Opt | Checksum: 13c9d36ad

Time (s): cpu = 00:00:11 ; elapsed = 00:00:04 . Memory (MB): peak = 3600.957 ; gain = 0.000 ; free physical = 36339 ; free virtual = 72041

Phase 2.3 Post-Processing in Floorplanning
Phase 2.3 Post-Processing in Floorplanning | Checksum: 13c9d36ad

Time (s): cpu = 00:00:12 ; elapsed = 00:00:04 . Memory (MB): peak = 3600.957 ; gain = 0.000 ; free physical = 36339 ; free virtual = 72041

Phase 2.4 Global Placement Core

Phase 2.4.1 UpdateTiming Before Physical Synthesis
Phase 2.4.1 UpdateTiming Before Physical Synthesis | Checksum: 19dc486a6

Time (s): cpu = 00:00:30 ; elapsed = 00:00:11 . Memory (MB): peak = 3600.957 ; gain = 0.000 ; free physical = 36396 ; free virtual = 72098

Phase 2.4.2 Physical Synthesis In Placer
INFO: [Physopt 32-1035] Found 0 LUTNM shape to break, 4281 LUT instances to create LUTNM shape
INFO: [Physopt 32-1044] Break lutnm for timing: one critical 0, two critical 0, total 0, new lutff created 0
INFO: [Physopt 32-1138] End 1 Pass. Optimized 1871 nets or LUTs. Breaked 0 LUT, combined 1871 existing LUTs and moved 0 existing LUT
INFO: [Physopt 32-65] No nets found for high-fanout optimization.
INFO: [Physopt 32-232] Optimized 0 net. Created 0 new instance.
INFO: [Physopt 32-775] End 1 Pass. Optimized 0 net or cell. Created 0 new cell, deleted 0 existing cell and moved 0 existing cell
INFO: [Physopt 32-670] No setup violation found.  DSP Register Optimization was not performed.
INFO: [Physopt 32-670] No setup violation found.  Shift Register to Pipeline Optimization was not performed.
INFO: [Physopt 32-670] No setup violation found.  Shift Register Optimization was not performed.
INFO: [Physopt 32-670] No setup violation found.  BRAM Register Optimization was not performed.
INFO: [Physopt 32-670] No setup violation found.  URAM Register Optimization was not performed.
INFO: [Physopt 32-949] No candidate nets found for dynamic/static region interface net replication
INFO: [Physopt 32-775] End 1 Pass. Optimized 0 net or cell. Created 0 new cell, deleted 0 existing cell and moved 0 existing cell
Netlist sorting complete. Time (s): cpu = 00:00:00 ; elapsed = 00:00:00.01 . Memory (MB): peak = 3600.957 ; gain = 0.000 ; free physical = 36396 ; free virtual = 72098

Summary of Physical Synthesis Optimizations
============================================


-----------------------------------------------------------------------------------------------------------------------------------------------------------
|  Optimization                                     |  Added Cells  |  Removed Cells  |  Optimized Cells/Nets  |  Dont Touch  |  Iterations  |  Elapsed   |
-----------------------------------------------------------------------------------------------------------------------------------------------------------
|  LUT Combining                                    |            0  |           1871  |                  1871  |           0  |           1  |  00:00:01  |
|  Retime                                           |            0  |              0  |                     0  |           0  |           1  |  00:00:00  |
|  Very High Fanout                                 |            0  |              0  |                     0  |           0  |           1  |  00:00:00  |
|  DSP Register                                     |            0  |              0  |                     0  |           0  |           0  |  00:00:00  |
|  Shift Register to Pipeline                       |            0  |              0  |                     0  |           0  |           0  |  00:00:00  |
|  Shift Register                                   |            0  |              0  |                     0  |           0  |           0  |  00:00:00  |
|  BRAM Register                                    |            0  |              0  |                     0  |           0  |           0  |  00:00:00  |
|  URAM Register                                    |            0  |              0  |                     0  |           0  |           0  |  00:00:00  |
|  Dynamic/Static Region Interface Net Replication  |            0  |              0  |                     0  |           0  |           1  |  00:00:00  |
|  Total                                            |            0  |           1871  |                  1871  |           0  |           4  |  00:00:01  |
-----------------------------------------------------------------------------------------------------------------------------------------------------------


Phase 2.4.2 Physical Synthesis In Placer | Checksum: 1a9cfbadf

Time (s): cpu = 00:00:33 ; elapsed = 00:00:13 . Memory (MB): peak = 3600.957 ; gain = 0.000 ; free physical = 36396 ; free virtual = 72098
Phase 2.4 Global Placement Core | Checksum: 14e6f93a2

Time (s): cpu = 00:00:34 ; elapsed = 00:00:13 . Memory (MB): peak = 3600.957 ; gain = 0.000 ; free physical = 36395 ; free virtual = 72096
Phase 2 Global Placement | Checksum: 14e6f93a2

Time (s): cpu = 00:00:34 ; elapsed = 00:00:13 . Memory (MB): peak = 3600.957 ; gain = 0.000 ; free physical = 36395 ; free virtual = 72096

Phase 3 Detail Placement

Phase 3.1 Commit Multi Column Macros
Phase 3.1 Commit Multi Column Macros | Checksum: 1c686c64f

Time (s): cpu = 00:00:36 ; elapsed = 00:00:14 . Memory (MB): peak = 3600.957 ; gain = 0.000 ; free physical = 36395 ; free virtual = 72096

Phase 3.2 Commit Most Macros & LUTRAMs
Phase 3.2 Commit Most Macros & LUTRAMs | Checksum: 152e44c4d

Time (s): cpu = 00:00:39 ; elapsed = 00:00:15 . Memory (MB): peak = 3600.957 ; gain = 0.000 ; free physical = 36393 ; free virtual = 72095

Phase 3.3 Area Swap Optimization
Phase 3.3 Area Swap Optimization | Checksum: 1f55d437f

Time (s): cpu = 00:00:39 ; elapsed = 00:00:15 . Memory (MB): peak = 3600.957 ; gain = 0.000 ; free physical = 36392 ; free virtual = 72093

Phase 3.4 Pipeline Register Optimization
Phase 3.4 Pipeline Register Optimization | Checksum: 15860853b

Time (s): cpu = 00:00:39 ; elapsed = 00:00:15 . Memory (MB): peak = 3600.957 ; gain = 0.000 ; free physical = 36392 ; free virtual = 72093

Phase 3.5 Fast Optimization
Phase 3.5 Fast Optimization | Checksum: 16d53fe8b

Time (s): cpu = 00:00:44 ; elapsed = 00:00:16 . Memory (MB): peak = 3600.957 ; gain = 0.000 ; free physical = 36406 ; free virtual = 72108

Phase 3.6 Small Shape Detail Placement
Phase 3.6 Small Shape Detail Placement | Checksum: 157d2b9c4

Time (s): cpu = 00:00:47 ; elapsed = 00:00:19 . Memory (MB): peak = 3600.957 ; gain = 0.000 ; free physical = 36406 ; free virtual = 72108

Phase 3.7 Re-assign LUT pins
Phase 3.7 Re-assign LUT pins | Checksum: 21c6b3a6f

Time (s): cpu = 00:00:47 ; elapsed = 00:00:19 . Memory (MB): peak = 3600.957 ; gain = 0.000 ; free physical = 36406 ; free virtual = 72108

Phase 3.8 Pipeline Register Optimization
Phase 3.8 Pipeline Register Optimization | Checksum: 1d98472fa

Time (s): cpu = 00:00:47 ; elapsed = 00:00:19 . Memory (MB): peak = 3600.957 ; gain = 0.000 ; free physical = 36406 ; free virtual = 72108
Phase 3 Detail Placement | Checksum: 1d98472fa

Time (s): cpu = 00:00:47 ; elapsed = 00:00:19 . Memory (MB): peak = 3600.957 ; gain = 0.000 ; free physical = 36406 ; free virtual = 72108

Phase 4 Post Placement Optimization and Clean-Up

Phase 4.1 Post Commit Optimization
INFO: [Timing 38-35] Done setting XDC timing constraints.

Phase 4.1.1 Post Placement Optimization
Post Placement Optimization Initialization | Checksum: 1e85bba3b

Phase 4.1.1.1 BUFG Insertion

Starting Physical Synthesis Task

Phase 1 Physical Synthesis Initialization
INFO: [Physopt 32-721] Multithreading enabled for phys_opt_design using a maximum of 12 CPUs
INFO: [Physopt 32-619] Estimated Timing Summary | WNS=-1.120 | TNS=-24.035 |
Phase 1 Physical Synthesis Initialization | Checksum: 1dfdf936a

Time (s): cpu = 00:00:01 ; elapsed = 00:00:00.47 . Memory (MB): peak = 3600.957 ; gain = 0.000 ; free physical = 36375 ; free virtual = 72077
INFO: [Place 46-33] Processed net ursa_vanilla_tmr_hybrid_i/mxm_execute_ursa_0/inst/ca_m_axi_U/bus_write/wreq_burst_conv/rs_req/SR[0], BUFG insertion was skipped due to placement/routing conflicts.
INFO: [Place 46-33] Processed net ursa_vanilla_tmr_hybrid_i/mxm_execute_ursa_1/inst/ca_m_axi_U/bus_write/wreq_burst_conv/rs_req/SR[0], BUFG insertion was skipped due to placement/routing conflicts.
INFO: [Place 46-33] Processed net ursa_vanilla_tmr_hybrid_i/mxm_execute_ursa_2/inst/ca_m_axi_U/bus_write/wreq_burst_conv/rs_req/SR[0], BUFG insertion was skipped due to placement/routing conflicts.
INFO: [Place 46-33] Processed net ursa_vanilla_tmr_hybrid_i/mxm_execute_ursa_0/inst/ap_CS_fsm_state135, BUFG insertion was skipped due to placement/routing conflicts.
INFO: [Place 46-33] Processed net ursa_vanilla_tmr_hybrid_i/mxm_execute_ursa_1/inst/ap_CS_fsm_state135, BUFG insertion was skipped due to placement/routing conflicts.
INFO: [Place 46-33] Processed net ursa_vanilla_tmr_hybrid_i/mxm_execute_ursa_2/inst/ap_CS_fsm_state135, BUFG insertion was skipped due to placement/routing conflicts.
INFO: [Place 46-56] BUFG insertion identified 6 candidate nets. Inserted BUFG: 0, Replicated BUFG Driver: 0, Skipped due to Placement/Routing Conflicts: 6, Skipped due to Timing Degradation: 0, Skipped due to netlist editing failed: 0.
Ending Physical Synthesis Task | Checksum: 1dfdf936a

Time (s): cpu = 00:00:02 ; elapsed = 00:00:00.89 . Memory (MB): peak = 3600.957 ; gain = 0.000 ; free physical = 36375 ; free virtual = 72077
Phase 4.1.1.1 BUFG Insertion | Checksum: 1e85bba3b

Time (s): cpu = 00:00:56 ; elapsed = 00:00:22 . Memory (MB): peak = 3600.957 ; gain = 0.000 ; free physical = 36375 ; free virtual = 72077

Phase 4.1.1.2 Post Placement Timing Optimization
INFO: [Place 30-746] Post Placement Timing Summary WNS=0.518. For the most accurate timing information please run report_timing.
Phase 4.1.1.2 Post Placement Timing Optimization | Checksum: 1c668dfe9

Time (s): cpu = 00:00:57 ; elapsed = 00:00:23 . Memory (MB): peak = 3600.957 ; gain = 0.000 ; free physical = 36375 ; free virtual = 72077

Time (s): cpu = 00:00:57 ; elapsed = 00:00:23 . Memory (MB): peak = 3600.957 ; gain = 0.000 ; free physical = 36375 ; free virtual = 72077
Phase 4.1 Post Commit Optimization | Checksum: 1c668dfe9

Time (s): cpu = 00:00:57 ; elapsed = 00:00:24 . Memory (MB): peak = 3600.957 ; gain = 0.000 ; free physical = 36375 ; free virtual = 72077

Phase 4.2 Post Placement Cleanup
Phase 4.2 Post Placement Cleanup | Checksum: 1c668dfe9

Time (s): cpu = 00:00:57 ; elapsed = 00:00:24 . Memory (MB): peak = 3600.957 ; gain = 0.000 ; free physical = 36375 ; free virtual = 72077

Phase 4.3 Placer Reporting

Phase 4.3.1 Print Estimated Congestion
INFO: [Place 30-612] Post-Placement Estimated Congestion 
 ____________________________________________________
|           | Global Congestion | Short Congestion  |
| Direction | Region Size       | Region Size       |
|___________|___________________|___________________|
|      North|                1x1|                8x8|
|___________|___________________|___________________|
|      South|                1x1|                4x4|
|___________|___________________|___________________|
|       East|                1x1|                4x4|
|___________|___________________|___________________|
|       West|                1x1|                4x4|
|___________|___________________|___________________|

Phase 4.3.1 Print Estimated Congestion | Checksum: 1c668dfe9

Time (s): cpu = 00:00:58 ; elapsed = 00:00:24 . Memory (MB): peak = 3600.957 ; gain = 0.000 ; free physical = 36375 ; free virtual = 72077
Phase 4.3 Placer Reporting | Checksum: 1c668dfe9

Time (s): cpu = 00:00:58 ; elapsed = 00:00:24 . Memory (MB): peak = 3600.957 ; gain = 0.000 ; free physical = 36375 ; free virtual = 72077

Phase 4.4 Final Placement Cleanup
Netlist sorting complete. Time (s): cpu = 00:00:00.01 ; elapsed = 00:00:00.01 . Memory (MB): peak = 3600.957 ; gain = 0.000 ; free physical = 36375 ; free virtual = 72077

Time (s): cpu = 00:00:58 ; elapsed = 00:00:24 . Memory (MB): peak = 3600.957 ; gain = 0.000 ; free physical = 36375 ; free virtual = 72077
Phase 4 Post Placement Optimization and Clean-Up | Checksum: 1c1ef91cd

Time (s): cpu = 00:00:58 ; elapsed = 00:00:24 . Memory (MB): peak = 3600.957 ; gain = 0.000 ; free physical = 36375 ; free virtual = 72077
Ending Placer Task | Checksum: 134549d8f

Time (s): cpu = 00:00:58 ; elapsed = 00:00:24 . Memory (MB): peak = 3600.957 ; gain = 0.000 ; free physical = 36375 ; free virtual = 72077
103 Infos, 130 Warnings, 0 Critical Warnings and 0 Errors encountered.
place_design completed successfully
place_design: Time (s): cpu = 00:00:59 ; elapsed = 00:00:25 . Memory (MB): peak = 3600.957 ; gain = 0.000 ; free physical = 36375 ; free virtual = 72077
INFO: [runtcl-4] Executing : report_io -file ursa_vanilla_tmr_hybrid_wrapper_io_placed.rpt
report_io: Time (s): cpu = 00:00:00.04 ; elapsed = 00:00:00.08 . Memory (MB): peak = 3600.957 ; gain = 0.000 ; free physical = 36361 ; free virtual = 72063
INFO: [runtcl-4] Executing : report_utilization -file ursa_vanilla_tmr_hybrid_wrapper_utilization_placed.rpt -pb ursa_vanilla_tmr_hybrid_wrapper_utilization_placed.pb
INFO: [runtcl-4] Executing : report_control_sets -verbose -file ursa_vanilla_tmr_hybrid_wrapper_control_sets_placed.rpt
report_control_sets: Time (s): cpu = 00:00:00.07 ; elapsed = 00:00:00.09 . Memory (MB): peak = 3600.957 ; gain = 0.000 ; free physical = 36324 ; free virtual = 72026
INFO: [Timing 38-480] Writing timing data to binary archive.
Write ShapeDB Complete: Time (s): cpu = 00:00:00.18 ; elapsed = 00:00:00.03 . Memory (MB): peak = 3600.957 ; gain = 0.000 ; free physical = 36318 ; free virtual = 72029
Wrote PlaceDB: Time (s): cpu = 00:00:02 ; elapsed = 00:00:00.74 . Memory (MB): peak = 3600.957 ; gain = 0.000 ; free physical = 36268 ; free virtual = 72025
Wrote PulsedLatchDB: Time (s): cpu = 00:00:00 ; elapsed = 00:00:00 . Memory (MB): peak = 3600.957 ; gain = 0.000 ; free physical = 36267 ; free virtual = 72024
Writing XDEF routing.
Writing XDEF routing logical nets.
Writing XDEF routing special nets.
Wrote RouteStorage: Time (s): cpu = 00:00:00.07 ; elapsed = 00:00:00.04 . Memory (MB): peak = 3600.957 ; gain = 0.000 ; free physical = 36267 ; free virtual = 72024
Wrote Netlist Cache: Time (s): cpu = 00:00:00.03 ; elapsed = 00:00:00.02 . Memory (MB): peak = 3600.957 ; gain = 0.000 ; free physical = 36267 ; free virtual = 72027
Wrote Device Cache: Time (s): cpu = 00:00:00.01 ; elapsed = 00:00:00 . Memory (MB): peak = 3600.957 ; gain = 0.000 ; free physical = 36267 ; free virtual = 72028
Write Physdb Complete: Time (s): cpu = 00:00:02 ; elapsed = 00:00:00.81 . Memory (MB): peak = 3600.957 ; gain = 0.000 ; free physical = 36267 ; free virtual = 72028
INFO: [Common 17-1381] The checkpoint '/home/ulisses/Projects/ursa/exp/output-stationary/bitstreams/ursa_vanilla_8x8_acc20_hybrid_tmr.proj/ursa_vanilla_8x8_acc20_hybrid_tmr.runs/impl_1/ursa_vanilla_tmr_hybrid_wrapper_placed.dcp' has been generated.
Command: phys_opt_design
Attempting to get a license for feature 'Implementation' and/or device 'xc7z020'
INFO: [Common 17-349] Got license for feature 'Implementation' and/or device 'xc7z020'

Starting Initial Update Timing Task

Time (s): cpu = 00:00:04 ; elapsed = 00:00:01 . Memory (MB): peak = 3600.957 ; gain = 0.000 ; free physical = 36258 ; free virtual = 71977
INFO: [Vivado_Tcl 4-383] Design worst setup slack (WNS) is greater than or equal to 0.000 ns. Skipping all physical synthesis optimizations.
INFO: [Vivado_Tcl 4-232] No setup violation found. The netlist was not modified.
INFO: [Common 17-83] Releasing license: Implementation
112 Infos, 130 Warnings, 0 Critical Warnings and 0 Errors encountered.
phys_opt_design completed successfully
INFO: [Timing 38-480] Writing timing data to binary archive.
Write ShapeDB Complete: Time (s): cpu = 00:00:00.16 ; elapsed = 00:00:00.03 . Memory (MB): peak = 3600.957 ; gain = 0.000 ; free physical = 36253 ; free virtual = 71979
Wrote PlaceDB: Time (s): cpu = 00:00:02 ; elapsed = 00:00:00.74 . Memory (MB): peak = 3600.957 ; gain = 0.000 ; free physical = 36243 ; free virtual = 72016
Wrote PulsedLatchDB: Time (s): cpu = 00:00:00 ; elapsed = 00:00:00 . Memory (MB): peak = 3600.957 ; gain = 0.000 ; free physical = 36243 ; free virtual = 72016
Writing XDEF routing.
Writing XDEF routing logical nets.
Writing XDEF routing special nets.
Wrote RouteStorage: Time (s): cpu = 00:00:00.07 ; elapsed = 00:00:00.03 . Memory (MB): peak = 3600.957 ; gain = 0.000 ; free physical = 36243 ; free virtual = 72017
Wrote Netlist Cache: Time (s): cpu = 00:00:00.03 ; elapsed = 00:00:00.02 . Memory (MB): peak = 3600.957 ; gain = 0.000 ; free physical = 36243 ; free virtual = 72020
Wrote Device Cache: Time (s): cpu = 00:00:00.01 ; elapsed = 00:00:00 . Memory (MB): peak = 3600.957 ; gain = 0.000 ; free physical = 36243 ; free virtual = 72020
Write Physdb Complete: Time (s): cpu = 00:00:02 ; elapsed = 00:00:00.8 . Memory (MB): peak = 3600.957 ; gain = 0.000 ; free physical = 36243 ; free virtual = 72020
INFO: [Common 17-1381] The checkpoint '/home/ulisses/Projects/ursa/exp/output-stationary/bitstreams/ursa_vanilla_8x8_acc20_hybrid_tmr.proj/ursa_vanilla_8x8_acc20_hybrid_tmr.runs/impl_1/ursa_vanilla_tmr_hybrid_wrapper_physopt.dcp' has been generated.
Command: route_design
Attempting to get a license for feature 'Implementation' and/or device 'xc7z020'
INFO: [Common 17-349] Got license for feature 'Implementation' and/or device 'xc7z020'
Running DRC as a precondition to command route_design
INFO: [DRC 23-27] Running DRC with 12 threads
INFO: [Vivado_Tcl 4-198] DRC finished with 0 Errors
INFO: [Vivado_Tcl 4-199] Please refer to the DRC report (report_drc) for more information.


Starting Routing Task
INFO: [Route 35-254] Multithreading enabled for route_design using a maximum of 12 CPUs

Phase 1 Build RT Design
Checksum: PlaceDB: 970db31a ConstDB: 0 ShapeSum: 9d46ea75 RouteDB: 0
Post Restoration Checksum: NetGraph: ac1f6d41 | NumContArr: aa235fcb | Constraints: c2a8fa9d | Timing: c2a8fa9d
Phase 1 Build RT Design | Checksum: 2db94c246

Time (s): cpu = 00:00:12 ; elapsed = 00:00:07 . Memory (MB): peak = 3600.957 ; gain = 0.000 ; free physical = 36276 ; free virtual = 72011

Phase 2 Router Initialization

Phase 2.1 Fix Topology Constraints
Phase 2.1 Fix Topology Constraints | Checksum: 2db94c246

Time (s): cpu = 00:00:12 ; elapsed = 00:00:07 . Memory (MB): peak = 3600.957 ; gain = 0.000 ; free physical = 36278 ; free virtual = 72013

Phase 2.2 Pre Route Cleanup
Phase 2.2 Pre Route Cleanup | Checksum: 2db94c246

Time (s): cpu = 00:00:12 ; elapsed = 00:00:07 . Memory (MB): peak = 3600.957 ; gain = 0.000 ; free physical = 36278 ; free virtual = 72013
 Number of Nodes with overlaps = 0

Phase 2.3 Update Timing
Phase 2.3 Update Timing | Checksum: 2b716035e

Time (s): cpu = 00:00:20 ; elapsed = 00:00:10 . Memory (MB): peak = 3600.957 ; gain = 0.000 ; free physical = 36238 ; free virtual = 71973
INFO: [Route 35-416] Intermediate Timing Summary | WNS=0.724  | TNS=0.000  | WHS=-0.355 | THS=-403.303|


Router Utilization Summary
  Global Vertical Routing Utilization    = 0 %
  Global Horizontal Routing Utilization  = 0 %
  Routable Net Status*
  *Does not include unroutable nets such as driverless and loadless.
  Run report_route_status for detailed report.
  Number of Failed Nets               = 42553
    (Failed Nets is the sum of unrouted and partially routed nets)
  Number of Unrouted Nets             = 42553
  Number of Partially Routed Nets     = 0
  Number of Node Overlaps             = 0

Phase 2 Router Initialization | Checksum: 30ff9ca0a

Time (s): cpu = 00:00:25 ; elapsed = 00:00:11 . Memory (MB): peak = 3600.957 ; gain = 0.000 ; free physical = 36219 ; free virtual = 71954

Phase 3 Initial Routing

Phase 3.1 Global Routing
Phase 3.1 Global Routing | Checksum: 30ff9ca0a

Time (s): cpu = 00:00:25 ; elapsed = 00:00:11 . Memory (MB): peak = 3600.957 ; gain = 0.000 ; free physical = 36219 ; free virtual = 71954

Phase 3.2 Initial Net Routing
Phase 3.2 Initial Net Routing | Checksum: 2cf4d8cd7

Time (s): cpu = 00:00:30 ; elapsed = 00:00:12 . Memory (MB): peak = 3600.957 ; gain = 0.000 ; free physical = 36219 ; free virtual = 71954
Phase 3 Initial Routing | Checksum: 2cf4d8cd7

Time (s): cpu = 00:00:30 ; elapsed = 00:00:12 . Memory (MB): peak = 3600.957 ; gain = 0.000 ; free physical = 36219 ; free virtual = 71954

Phase 4 Rip-up And Reroute

Phase 4.1 Global Iteration 0
 Number of Nodes with overlaps = 5805
 Number of Nodes with overlaps = 1359
 Number of Nodes with overlaps = 447
 Number of Nodes with overlaps = 146
 Number of Nodes with overlaps = 69
 Number of Nodes with overlaps = 31
 Number of Nodes with overlaps = 7
 Number of Nodes with overlaps = 3
 Number of Nodes with overlaps = 1
 Number of Nodes with overlaps = 0
INFO: [Route 35-416] Intermediate Timing Summary | WNS=0.115  | TNS=0.000  | WHS=N/A    | THS=N/A    |

Phase 4.1 Global Iteration 0 | Checksum: 16c80b2f9

Time (s): cpu = 00:00:54 ; elapsed = 00:00:27 . Memory (MB): peak = 3600.957 ; gain = 0.000 ; free physical = 36221 ; free virtual = 71957

Phase 4.2 Global Iteration 1
 Number of Nodes with overlaps = 27
 Number of Nodes with overlaps = 1
 Number of Nodes with overlaps = 1
 Number of Nodes with overlaps = 0
INFO: [Route 35-416] Intermediate Timing Summary | WNS=0.115  | TNS=0.000  | WHS=N/A    | THS=N/A    |

Phase 4.2 Global Iteration 1 | Checksum: 2da399853

Time (s): cpu = 00:00:55 ; elapsed = 00:00:28 . Memory (MB): peak = 3600.957 ; gain = 0.000 ; free physical = 36221 ; free virtual = 71957

Phase 4.3 Global Iteration 2
 Number of Nodes with overlaps = 2
 Number of Nodes with overlaps = 0
INFO: [Route 35-416] Intermediate Timing Summary | WNS=0.115  | TNS=0.000  | WHS=N/A    | THS=N/A    |

Phase 4.3 Global Iteration 2 | Checksum: 267c4a118

Time (s): cpu = 00:00:56 ; elapsed = 00:00:28 . Memory (MB): peak = 3600.957 ; gain = 0.000 ; free physical = 36221 ; free virtual = 71957
Phase 4 Rip-up And Reroute | Checksum: 267c4a118

Time (s): cpu = 00:00:56 ; elapsed = 00:00:28 . Memory (MB): peak = 3600.957 ; gain = 0.000 ; free physical = 36221 ; free virtual = 71957

Phase 5 Delay and Skew Optimization

Phase 5.1 Delay CleanUp
Phase 5.1 Delay CleanUp | Checksum: 267c4a118

Time (s): cpu = 00:00:56 ; elapsed = 00:00:28 . Memory (MB): peak = 3600.957 ; gain = 0.000 ; free physical = 36221 ; free virtual = 71957

Phase 5.2 Clock Skew Optimization
Phase 5.2 Clock Skew Optimization | Checksum: 267c4a118

Time (s): cpu = 00:00:56 ; elapsed = 00:00:28 . Memory (MB): peak = 3600.957 ; gain = 0.000 ; free physical = 36221 ; free virtual = 71957
Phase 5 Delay and Skew Optimization | Checksum: 267c4a118

Time (s): cpu = 00:00:56 ; elapsed = 00:00:28 . Memory (MB): peak = 3600.957 ; gain = 0.000 ; free physical = 36221 ; free virtual = 71957

Phase 6 Post Hold Fix

Phase 6.1 Hold Fix Iter

Phase 6.1.1 Update Timing
Phase 6.1.1 Update Timing | Checksum: 2181573da

Time (s): cpu = 00:00:58 ; elapsed = 00:00:29 . Memory (MB): peak = 3600.957 ; gain = 0.000 ; free physical = 36223 ; free virtual = 71958
INFO: [Route 35-416] Intermediate Timing Summary | WNS=0.129  | TNS=0.000  | WHS=0.015  | THS=0.000  |

Phase 6.1 Hold Fix Iter | Checksum: 22624c0fa

Time (s): cpu = 00:00:58 ; elapsed = 00:00:29 . Memory (MB): peak = 3600.957 ; gain = 0.000 ; free physical = 36223 ; free virtual = 71958
Phase 6 Post Hold Fix | Checksum: 22624c0fa

Time (s): cpu = 00:00:58 ; elapsed = 00:00:29 . Memory (MB): peak = 3600.957 ; gain = 0.000 ; free physical = 36223 ; free virtual = 71958

Phase 7 Route finalize

Router Utilization Summary
  Global Vertical Routing Utilization    = 11.4399 %
  Global Horizontal Routing Utilization  = 16.2431 %
  Routable Net Status*
  *Does not include unroutable nets such as driverless and loadless.
  Run report_route_status for detailed report.
  Number of Failed Nets               = 0
    (Failed Nets is the sum of unrouted and partially routed nets)
  Number of Unrouted Nets             = 0
  Number of Partially Routed Nets     = 0
  Number of Node Overlaps             = 0

Phase 7 Route finalize | Checksum: 22624c0fa

Time (s): cpu = 00:00:59 ; elapsed = 00:00:29 . Memory (MB): peak = 3600.957 ; gain = 0.000 ; free physical = 36223 ; free virtual = 71958

Phase 8 Verifying routed nets

 Verification completed successfully
Phase 8 Verifying routed nets | Checksum: 22624c0fa

Time (s): cpu = 00:00:59 ; elapsed = 00:00:29 . Memory (MB): peak = 3600.957 ; gain = 0.000 ; free physical = 36223 ; free virtual = 71958

Phase 9 Depositing Routes
Phase 9 Depositing Routes | Checksum: 21a3a93fb

Time (s): cpu = 00:01:00 ; elapsed = 00:00:30 . Memory (MB): peak = 3600.957 ; gain = 0.000 ; free physical = 36222 ; free virtual = 71957

Phase 10 Post Router Timing
INFO: [Route 35-57] Estimated Timing Summary | WNS=0.129  | TNS=0.000  | WHS=0.015  | THS=0.000  |

INFO: [Route 35-327] The final timing numbers are based on the router estimated timing analysis. For a complete and accurate timing signoff, please run report_timing_summary.
Phase 10 Post Router Timing | Checksum: 21a3a93fb

Time (s): cpu = 00:01:02 ; elapsed = 00:00:30 . Memory (MB): peak = 3600.957 ; gain = 0.000 ; free physical = 36222 ; free virtual = 71957
INFO: [Route 35-16] Router Completed Successfully

Phase 11 Post-Route Event Processing
Phase 11 Post-Route Event Processing | Checksum: 1b8bf80e2

Time (s): cpu = 00:01:03 ; elapsed = 00:00:30 . Memory (MB): peak = 3600.957 ; gain = 0.000 ; free physical = 36222 ; free virtual = 71957
Ending Routing Task | Checksum: 1b8bf80e2

Time (s): cpu = 00:01:03 ; elapsed = 00:00:31 . Memory (MB): peak = 3600.957 ; gain = 0.000 ; free physical = 36222 ; free virtual = 71957

Routing Is Done.
INFO: [Common 17-83] Releasing license: Implementation
128 Infos, 130 Warnings, 0 Critical Warnings and 0 Errors encountered.
route_design completed successfully
route_design: Time (s): cpu = 00:01:05 ; elapsed = 00:00:31 . Memory (MB): peak = 3600.957 ; gain = 0.000 ; free physical = 36222 ; free virtual = 71957
INFO: [runtcl-4] Executing : report_drc -file ursa_vanilla_tmr_hybrid_wrapper_drc_routed.rpt -pb ursa_vanilla_tmr_hybrid_wrapper_drc_routed.pb -rpx ursa_vanilla_tmr_hybrid_wrapper_drc_routed.rpx
Command: report_drc -file ursa_vanilla_tmr_hybrid_wrapper_drc_routed.rpt -pb ursa_vanilla_tmr_hybrid_wrapper_drc_routed.pb -rpx ursa_vanilla_tmr_hybrid_wrapper_drc_routed.rpx
INFO: [IP_Flow 19-1839] IP Catalog is up to date.
INFO: [DRC 23-27] Running DRC with 12 threads
INFO: [Vivado_Tcl 2-168] The results of DRC are in file /home/ulisses/Projects/ursa/exp/output-stationary/bitstreams/ursa_vanilla_8x8_acc20_hybrid_tmr.proj/ursa_vanilla_8x8_acc20_hybrid_tmr.runs/impl_1/ursa_vanilla_tmr_hybrid_wrapper_drc_routed.rpt.
report_drc completed successfully
INFO: [runtcl-4] Executing : report_methodology -file ursa_vanilla_tmr_hybrid_wrapper_methodology_drc_routed.rpt -pb ursa_vanilla_tmr_hybrid_wrapper_methodology_drc_routed.pb -rpx ursa_vanilla_tmr_hybrid_wrapper_methodology_drc_routed.rpx
Command: report_methodology -file ursa_vanilla_tmr_hybrid_wrapper_methodology_drc_routed.rpt -pb ursa_vanilla_tmr_hybrid_wrapper_methodology_drc_routed.pb -rpx ursa_vanilla_tmr_hybrid_wrapper_methodology_drc_routed.rpx
INFO: [Timing 38-35] Done setting XDC timing constraints.
INFO: [DRC 23-133] Running Methodology with 12 threads
INFO: [Vivado_Tcl 2-1520] The results of Report Methodology are in file /home/ulisses/Projects/ursa/exp/output-stationary/bitstreams/ursa_vanilla_8x8_acc20_hybrid_tmr.proj/ursa_vanilla_8x8_acc20_hybrid_tmr.runs/impl_1/ursa_vanilla_tmr_hybrid_wrapper_methodology_drc_routed.rpt.
report_methodology completed successfully
INFO: [runtcl-4] Executing : report_power -file ursa_vanilla_tmr_hybrid_wrapper_power_routed.rpt -pb ursa_vanilla_tmr_hybrid_wrapper_power_summary_routed.pb -rpx ursa_vanilla_tmr_hybrid_wrapper_power_routed.rpx
Command: report_power -file ursa_vanilla_tmr_hybrid_wrapper_power_routed.rpt -pb ursa_vanilla_tmr_hybrid_wrapper_power_summary_routed.pb -rpx ursa_vanilla_tmr_hybrid_wrapper_power_routed.rpx
INFO: [Timing 38-35] Done setting XDC timing constraints.
Running Vector-less Activity Propagation...

Finished Running Vector-less Activity Propagation
138 Infos, 130 Warnings, 0 Critical Warnings and 0 Errors encountered.
report_power completed successfully
INFO: [runtcl-4] Executing : report_route_status -file ursa_vanilla_tmr_hybrid_wrapper_route_status.rpt -pb ursa_vanilla_tmr_hybrid_wrapper_route_status.pb
INFO: [runtcl-4] Executing : report_timing_summary -max_paths 10 -report_unconstrained -file ursa_vanilla_tmr_hybrid_wrapper_timing_summary_routed.rpt -pb ursa_vanilla_tmr_hybrid_wrapper_timing_summary_routed.pb -rpx ursa_vanilla_tmr_hybrid_wrapper_timing_summary_routed.rpx -warn_on_violation 
INFO: [Timing 38-91] UpdateTimingParams: Speed grade: -1, Delay Type: min_max.
INFO: [Timing 38-191] Multithreading enabled for timing update using a maximum of 12 CPUs
INFO: [runtcl-4] Executing : report_incremental_reuse -file ursa_vanilla_tmr_hybrid_wrapper_incremental_reuse_routed.rpt
INFO: [Vivado_Tcl 4-1062] Incremental flow is disabled. No incremental reuse Info to report.
INFO: [runtcl-4] Executing : report_clock_utilization -file ursa_vanilla_tmr_hybrid_wrapper_clock_utilization_routed.rpt
INFO: [runtcl-4] Executing : report_bus_skew -warn_on_violation -file ursa_vanilla_tmr_hybrid_wrapper_bus_skew_routed.rpt -pb ursa_vanilla_tmr_hybrid_wrapper_bus_skew_routed.pb -rpx ursa_vanilla_tmr_hybrid_wrapper_bus_skew_routed.rpx
INFO: [Timing 38-91] UpdateTimingParams: Speed grade: -1, Delay Type: min_max.
INFO: [Timing 38-191] Multithreading enabled for timing update using a maximum of 12 CPUs
INFO: [Timing 38-480] Writing timing data to binary archive.
Write ShapeDB Complete: Time (s): cpu = 00:00:00.16 ; elapsed = 00:00:00.03 . Memory (MB): peak = 3713.184 ; gain = 0.000 ; free physical = 36091 ; free virtual = 71849
Wrote PlaceDB: Time (s): cpu = 00:00:02 ; elapsed = 00:00:00.73 . Memory (MB): peak = 3713.184 ; gain = 0.000 ; free physical = 36042 ; free virtual = 71844
Wrote PulsedLatchDB: Time (s): cpu = 00:00:00 ; elapsed = 00:00:00 . Memory (MB): peak = 3713.184 ; gain = 0.000 ; free physical = 36042 ; free virtual = 71845
Writing XDEF routing.
Writing XDEF routing logical nets.
Writing XDEF routing special nets.
Wrote RouteStorage: Time (s): cpu = 00:00:00.32 ; elapsed = 00:00:00.17 . Memory (MB): peak = 3713.184 ; gain = 0.000 ; free physical = 36029 ; free virtual = 71840
Wrote Netlist Cache: Time (s): cpu = 00:00:00.04 ; elapsed = 00:00:00.01 . Memory (MB): peak = 3713.184 ; gain = 0.000 ; free physical = 36029 ; free virtual = 71843
Wrote Device Cache: Time (s): cpu = 00:00:00 ; elapsed = 00:00:00.01 . Memory (MB): peak = 3713.184 ; gain = 0.000 ; free physical = 36029 ; free virtual = 71844
Write Physdb Complete: Time (s): cpu = 00:00:03 ; elapsed = 00:00:00.92 . Memory (MB): peak = 3713.184 ; gain = 0.000 ; free physical = 36029 ; free virtual = 71844
INFO: [Common 17-1381] The checkpoint '/home/ulisses/Projects/ursa/exp/output-stationary/bitstreams/ursa_vanilla_8x8_acc20_hybrid_tmr.proj/ursa_vanilla_8x8_acc20_hybrid_tmr.runs/impl_1/ursa_vanilla_tmr_hybrid_wrapper_routed.dcp' has been generated.
Command: write_bitstream -force ursa_vanilla_tmr_hybrid_wrapper.bit
Attempting to get a license for feature 'Implementation' and/or device 'xc7z020'
INFO: [Common 17-349] Got license for feature 'Implementation' and/or device 'xc7z020'
Running DRC as a precondition to command write_bitstream
INFO: [IP_Flow 19-1839] IP Catalog is up to date.
INFO: [DRC 23-27] Running DRC with 12 threads
WARNING: [DRC DPOP-2] MREG Output pipelining: DSP ursa_vanilla_tmr_hybrid_i/mxm_execute_ursa_0/inst/bound_reg_1524_reg multiplier stage ursa_vanilla_tmr_hybrid_i/mxm_execute_ursa_0/inst/bound_reg_1524_reg/P[47:0] is not pipelined (MREG=0). Pipelining the multiplier function will improve performance and will save significant power so it is suggested whenever possible to fully pipeline this function.  If this multiplier was inferred, it is suggested to describe an additional register stage after this function.  If there is no registered adder/accumulator following the multiply function, two pipeline stages are suggested to allow both the MREG and PREG registers to be used.  If the DSP48 was instantiated in the design, it is suggested to set both the MREG and PREG attributes to 1 when performing multiply functions.
WARNING: [DRC DPOP-2] MREG Output pipelining: DSP ursa_vanilla_tmr_hybrid_i/mxm_execute_ursa_0/inst/grp_mxm_execute_ursa_Pipeline_STREAM_K_fu_532/row_off_reg_4987_reg multiplier stage ursa_vanilla_tmr_hybrid_i/mxm_execute_ursa_0/inst/grp_mxm_execute_ursa_Pipeline_STREAM_K_fu_532/row_off_reg_4987_reg/P[47:0] is not pipelined (MREG=0). Pipelining the multiplier function will improve performance and will save significant power so it is suggested whenever possible to fully pipeline this function.  If this multiplier was inferred, it is suggested to describe an additional register stage after this function.  If there is no registered adder/accumulator following the multiply function, two pipeline stages are suggested to allow both the MREG and PREG registers to be used.  If the DSP48 was instantiated in the design, it is suggested to set both the MREG and PREG attributes to 1 when performing multiply functions.
WARNING: [DRC DPOP-2] MREG Output pipelining: DSP ursa_vanilla_tmr_hybrid_i/mxm_execute_ursa_1/inst/bound_reg_1524_reg multiplier stage ursa_vanilla_tmr_hybrid_i/mxm_execute_ursa_1/inst/bound_reg_1524_reg/P[47:0] is not pipelined (MREG=0). Pipelining the multiplier function will improve performance and will save significant power so it is suggested whenever possible to fully pipeline this function.  If this multiplier was inferred, it is suggested to describe an additional register stage after this function.  If there is no registered adder/accumulator following the multiply function, two pipeline stages are suggested to allow both the MREG and PREG registers to be used.  If the DSP48 was instantiated in the design, it is suggested to set both the MREG and PREG attributes to 1 when performing multiply functions.
WARNING: [DRC DPOP-2] MREG Output pipelining: DSP ursa_vanilla_tmr_hybrid_i/mxm_execute_ursa_1/inst/grp_mxm_execute_ursa_Pipeline_STREAM_K_fu_532/row_off_reg_4987_reg multiplier stage ursa_vanilla_tmr_hybrid_i/mxm_execute_ursa_1/inst/grp_mxm_execute_ursa_Pipeline_STREAM_K_fu_532/row_off_reg_4987_reg/P[47:0] is not pipelined (MREG=0). Pipelining the multiplier function will improve performance and will save significant power so it is suggested whenever possible to fully pipeline this function.  If this multiplier was inferred, it is suggested to describe an additional register stage after this function.  If there is no registered adder/accumulator following the multiply function, two pipeline stages are suggested to allow both the MREG and PREG registers to be used.  If the DSP48 was instantiated in the design, it is suggested to set both the MREG and PREG attributes to 1 when performing multiply functions.
WARNING: [DRC DPOP-2] MREG Output pipelining: DSP ursa_vanilla_tmr_hybrid_i/mxm_execute_ursa_2/inst/bound_reg_1524_reg multiplier stage ursa_vanilla_tmr_hybrid_i/mxm_execute_ursa_2/inst/bound_reg_1524_reg/P[47:0] is not pipelined (MREG=0). Pipelining the multiplier function will improve performance and will save significant power so it is suggested whenever possible to fully pipeline this function.  If this multiplier was inferred, it is suggested to describe an additional register stage after this function.  If there is no registered adder/accumulator following the multiply function, two pipeline stages are suggested to allow both the MREG and PREG registers to be used.  If the DSP48 was instantiated in the design, it is suggested to set both the MREG and PREG attributes to 1 when performing multiply functions.
WARNING: [DRC DPOP-2] MREG Output pipelining: DSP ursa_vanilla_tmr_hybrid_i/mxm_execute_ursa_2/inst/grp_mxm_execute_ursa_Pipeline_STREAM_K_fu_532/row_off_reg_4987_reg multiplier stage ursa_vanilla_tmr_hybrid_i/mxm_execute_ursa_2/inst/grp_mxm_execute_ursa_Pipeline_STREAM_K_fu_532/row_off_reg_4987_reg/P[47:0] is not pipelined (MREG=0). Pipelining the multiplier function will improve performance and will save significant power so it is suggested whenever possible to fully pipeline this function.  If this multiplier was inferred, it is suggested to describe an additional register stage after this function.  If there is no registered adder/accumulator following the multiply function, two pipeline stages are suggested to allow both the MREG and PREG registers to be used.  If the DSP48 was instantiated in the design, it is suggested to set both the MREG and PREG attributes to 1 when performing multiply functions.
WARNING: [DRC PDCN-1569] LUT equation term check: Used physical LUT pin 'A1' of cell ursa_vanilla_tmr_hybrid_i/axi_interconnect_2/m00_couplers/auto_pc/inst/gen_axi4_axi3.axi3_conv_inst/USE_READ.USE_SPLIT_R.read_addr_inst/USE_R_CHANNEL.cmd_queue/inst/fifo_gen_inst/inst_fifo_gen/gconvfifo.rf/grf.rf/gntv_or_sync_fifo.gl0.rd/gr1.gr1_int.rfwft/gpregsm1.user_valid_i_1 (pin ursa_vanilla_tmr_hybrid_i/axi_interconnect_2/m00_couplers/auto_pc/inst/gen_axi4_axi3.axi3_conv_inst/USE_READ.USE_SPLIT_R.read_addr_inst/USE_R_CHANNEL.cmd_queue/inst/fifo_gen_inst/inst_fifo_gen/gconvfifo.rf/grf.rf/gntv_or_sync_fifo.gl0.rd/gr1.gr1_int.rfwft/gpregsm1.user_valid_i_1/I1) is not included in the LUT equation: 'O6=(A5)+((~A5)*(~A4)*A3)'. If this cell is a user instantiated LUT in the design, please remove connectivity to the pin or change the equation and/or INIT string of the LUT to prevent this issue. If the cell is inferred or IP created LUT, please regenerate the IP and/or resynthesize the design to attempt to correct the issue.
WARNING: [DRC PDCN-1569] LUT equation term check: Used physical LUT pin 'A1' of cell ursa_vanilla_tmr_hybrid_i/axi_interconnect_2/m00_couplers/auto_pc/inst/gen_axi4_axi3.axi3_conv_inst/USE_WRITE.write_addr_inst/USE_BURSTS.cmd_queue/inst/fifo_gen_inst/inst_fifo_gen/gconvfifo.rf/grf.rf/gntv_or_sync_fifo.gl0.rd/gr1.gr1_int.rfwft/gpregsm1.user_valid_i_1 (pin ursa_vanilla_tmr_hybrid_i/axi_interconnect_2/m00_couplers/auto_pc/inst/gen_axi4_axi3.axi3_conv_inst/USE_WRITE.write_addr_inst/USE_BURSTS.cmd_queue/inst/fifo_gen_inst/inst_fifo_gen/gconvfifo.rf/grf.rf/gntv_or_sync_fifo.gl0.rd/gr1.gr1_int.rfwft/gpregsm1.user_valid_i_1/I1) is not included in the LUT equation: 'O6=(A5)+((~A5)*(~A6)*A4)'. If this cell is a user instantiated LUT in the design, please remove connectivity to the pin or change the equation and/or INIT string of the LUT to prevent this issue. If the cell is inferred or IP created LUT, please regenerate the IP and/or resynthesize the design to attempt to correct the issue.
WARNING: [DRC PDCN-1569] LUT equation term check: Used physical LUT pin 'A1' of cell ursa_vanilla_tmr_hybrid_i/axi_interconnect_2/m00_couplers/auto_pc/inst/gen_axi4_axi3.axi3_conv_inst/USE_WRITE.write_addr_inst/USE_B_CHANNEL.cmd_b_queue/inst/fifo_gen_inst/inst_fifo_gen/gconvfifo.rf/grf.rf/gntv_or_sync_fifo.gl0.rd/gr1.gr1_int.rfwft/gpregsm1.user_valid_i_1 (pin ursa_vanilla_tmr_hybrid_i/axi_interconnect_2/m00_couplers/auto_pc/inst/gen_axi4_axi3.axi3_conv_inst/USE_WRITE.write_addr_inst/USE_B_CHANNEL.cmd_b_queue/inst/fifo_gen_inst/inst_fifo_gen/gconvfifo.rf/grf.rf/gntv_or_sync_fifo.gl0.rd/gr1.gr1_int.rfwft/gpregsm1.user_valid_i_1/I1) is not included in the LUT equation: 'O6=(A5)+((~A5)*(~A4)*A3)'. If this cell is a user instantiated LUT in the design, please remove connectivity to the pin or change the equation and/or INIT string of the LUT to prevent this issue. If the cell is inferred or IP created LUT, please regenerate the IP and/or resynthesize the design to attempt to correct the issue.
WARNING: [DRC RTSTAT-10] No routable loads: 33 net(s) have no routable loads. The problem bus(es) and/or net(s) are ursa_vanilla_tmr_hybrid_i/axi_interconnect_2/m00_couplers/auto_pc/inst/gen_axi4_axi3.axi3_conv_inst/USE_WRITE.write_addr_inst/USE_B_CHANNEL.cmd_b_queue/inst/fifo_gen_inst/inst_fifo_gen/gconvfifo.rf/grf.rf/gntv_or_sync_fifo.gl0.rd/gr1.gr1_int.rfwft/aempty_fwft_i, ursa_vanilla_tmr_hybrid_i/axi_interconnect_2/m00_couplers/auto_pc/inst/gen_axi4_axi3.axi3_conv_inst/USE_READ.USE_SPLIT_R.read_addr_inst/USE_R_CHANNEL.cmd_queue/inst/fifo_gen_inst/inst_fifo_gen/gconvfifo.rf/grf.rf/gntv_or_sync_fifo.gl0.rd/gr1.gr1_int.rfwft/aempty_fwft_i, ursa_vanilla_tmr_hybrid_i/axi_interconnect_2/m00_couplers/auto_pc/inst/gen_axi4_axi3.axi3_conv_inst/USE_WRITE.write_addr_inst/USE_BURSTS.cmd_queue/inst/fifo_gen_inst/inst_fifo_gen/gconvfifo.rf/grf.rf/gntv_or_sync_fifo.gl0.rd/gr1.gr1_int.rfwft/aempty_fwft_i, ursa_vanilla_tmr_hybrid_i/axi_interconnect_2/m00_couplers/auto_pc/inst/gen_axi4_axi3.axi3_conv_inst/USE_READ.USE_SPLIT_R.read_addr_inst/USE_R_CHANNEL.cmd_queue/inst/fifo_gen_inst/inst_fifo_gen/gconvfifo.rf/grf.rf/rstblk/ngwrdrst.grst.rd_rst_reg[2:0], ursa_vanilla_tmr_hybrid_i/axi_interconnect_2/m00_couplers/auto_pc/inst/gen_axi4_axi3.axi3_conv_inst/USE_WRITE.write_addr_inst/USE_B_CHANNEL.cmd_b_queue/inst/fifo_gen_inst/inst_fifo_gen/gconvfifo.rf/grf.rf/rstblk/ngwrdrst.grst.rd_rst_reg[2:0], ursa_vanilla_tmr_hybrid_i/axi_interconnect_2/m00_couplers/auto_pc/inst/gen_axi4_axi3.axi3_conv_inst/USE_WRITE.write_addr_inst/USE_BURSTS.cmd_queue/inst/fifo_gen_inst/inst_fifo_gen/gconvfifo.rf/grf.rf/rstblk/ngwrdrst.grst.rd_rst_reg[2:0], ursa_vanilla_tmr_hybrid_i/axi_interconnect_2/m00_couplers/auto_pc/inst/gen_axi4_axi3.axi3_conv_inst/USE_WRITE.write_addr_inst/USE_B_CHANNEL.cmd_b_queue/inst/fifo_gen_inst/inst_fifo_gen/gconvfifo.rf/grf.rf/rstblk/ngwrdrst.grst.wr_rst_reg[2:0], ursa_vanilla_tmr_hybrid_i/axi_interconnect_2/m00_couplers/auto_pc/inst/gen_axi4_axi3.axi3_conv_inst/USE_WRITE.write_addr_inst/USE_BURSTS.cmd_queue/inst/fifo_gen_inst/inst_fifo_gen/gconvfifo.rf/grf.rf/rstblk/ngwrdrst.grst.wr_rst_reg[2:0], ursa_vanilla_tmr_hybrid_i/axi_interconnect_2/m00_couplers/auto_pc/inst/gen_axi4_axi3.axi3_conv_inst/USE_READ.USE_SPLIT_R.read_addr_inst/USE_R_CHANNEL.cmd_queue/inst/fifo_gen_inst/inst_fifo_gen/gconvfifo.rf/grf.rf/rstblk/ngwrdrst.grst.wr_rst_reg[2:0], ursa_vanilla_tmr_hybrid_i/axi_interconnect_2/m00_couplers/auto_pc/inst/gen_axi4_axi3.axi3_conv_inst/USE_WRITE.write_addr_inst/USE_BURSTS.cmd_queue/inst/fifo_gen_inst/inst_fifo_gen/gconvfifo.rf/grf.rf/gntv_or_sync_fifo.gl0.wr/gwss.wsts/ram_afull_fb, ursa_vanilla_tmr_hybrid_i/axi_interconnect_2/m00_couplers/auto_pc/inst/gen_axi4_axi3.axi3_conv_inst/USE_WRITE.write_addr_inst/USE_B_CHANNEL.cmd_b_queue/inst/fifo_gen_inst/inst_fifo_gen/gconvfifo.rf/grf.rf/gntv_or_sync_fifo.gl0.wr/gwss.wsts/ram_afull_fb, ursa_vanilla_tmr_hybrid_i/axi_interconnect_2/m00_couplers/auto_pc/inst/gen_axi4_axi3.axi3_conv_inst/USE_READ.USE_SPLIT_R.read_addr_inst/USE_R_CHANNEL.cmd_queue/inst/fifo_gen_inst/inst_fifo_gen/gconvfifo.rf/grf.rf/gntv_or_sync_fifo.gl0.wr/gwss.wsts/ram_afull_fb, ursa_vanilla_tmr_hybrid_i/axi_interconnect_2/m00_couplers/auto_pc/inst/gen_axi4_axi3.axi3_conv_inst/USE_WRITE.write_addr_inst/USE_B_CHANNEL.cmd_b_queue/inst/fifo_gen_inst/inst_fifo_gen/gconvfifo.rf/grf.rf/gntv_or_sync_fifo.gl0.wr/gwss.wsts/ram_afull_i, ursa_vanilla_tmr_hybrid_i/axi_interconnect_2/m00_couplers/auto_pc/inst/gen_axi4_axi3.axi3_conv_inst/USE_WRITE.write_addr_inst/USE_BURSTS.cmd_queue/inst/fifo_gen_inst/inst_fifo_gen/gconvfifo.rf/grf.rf/gntv_or_sync_fifo.gl0.wr/gwss.wsts/ram_afull_i, ursa_vanilla_tmr_hybrid_i/axi_interconnect_2/m00_couplers/auto_pc/inst/gen_axi4_axi3.axi3_conv_inst/USE_READ.USE_SPLIT_R.read_addr_inst/USE_R_CHANNEL.cmd_queue/inst/fifo_gen_inst/inst_fifo_gen/gconvfifo.rf/grf.rf/gntv_or_sync_fifo.gl0.wr/gwss.wsts/ram_afull_i... and (the first 15 of 21 listed).
INFO: [Vivado 12-3199] DRC finished with 0 Errors, 10 Warnings
INFO: [Vivado 12-3200] Please refer to the DRC report (report_drc) for more information.
INFO: [Designutils 20-2272] Running write_bitstream with 8 threads.
Loading data files...
Loading site data...
Loading route data...
Processing options...
Creating bitmap...
Creating bitstream...
Writing bitstream ./ursa_vanilla_tmr_hybrid_wrapper.bit...
INFO: [Vivado 12-1842] Bitgen Completed Successfully.
INFO: [Common 17-83] Releasing license: Implementation
13 Infos, 10 Warnings, 0 Critical Warnings and 0 Errors encountered.
write_bitstream completed successfully
write_bitstream: Time (s): cpu = 00:00:16 ; elapsed = 00:00:16 . Memory (MB): peak = 3959.281 ; gain = 246.098 ; free physical = 35694 ; free virtual = 71466
INFO: [Common 17-206] Exiting Vivado at Tue Sep 15 18:47:30 2026...
[Tue Sep 15 18:47:31 2026] impl_1 finished
wait_on_runs: Time (s): cpu = 00:03:32 ; elapsed = 00:01:49 . Memory (MB): peak = 2231.254 ; gain = 0.000 ; free physical = 38316 ; free virtual = 74087
Implementation done.
INFO: [Device 21-403] Loading part xc7z020clg484-1
Netlist sorting complete. Time (s): cpu = 00:00:00.21 ; elapsed = 00:00:00.2 . Memory (MB): peak = 2231.254 ; gain = 0.000 ; free physical = 38104 ; free virtual = 73875
INFO: [Netlist 29-17] Analyzing 1886 Unisim elements for replacement
INFO: [Netlist 29-28] Unisim Transformation completed in 0 CPU seconds
INFO: [Project 1-479] Netlist was created with Vivado 2023.2
INFO: [Project 1-570] Preparing netlist for logic optimization
Read ShapeDB Complete: Time (s): cpu = 00:00:00.03 ; elapsed = 00:00:00.04 . Memory (MB): peak = 2231.254 ; gain = 0.000 ; free physical = 38095 ; free virtual = 73866
INFO: [Timing 38-478] Restoring timing data from binary archive.
INFO: [Timing 38-479] Binary timing data restore complete.
INFO: [Project 1-856] Restoring constraints from binary archive.
INFO: [Project 1-853] Binary constraint restore complete.
INFO: [Designutils 20-5722] Start Reading Physical Databases.
Reading placement.
Read Netlist Cache: Time (s): cpu = 00:00:00.01 ; elapsed = 00:00:00.02 . Memory (MB): peak = 2840.172 ; gain = 0.000 ; free physical = 37527 ; free virtual = 73299
Reading placer database...
Read Device Cache: Time (s): cpu = 00:00:00.01 ; elapsed = 00:00:00 . Memory (MB): peak = 2840.172 ; gain = 0.000 ; free physical = 37527 ; free virtual = 73299
Read PlaceDB: Time (s): cpu = 00:00:00.55 ; elapsed = 00:00:00.55 . Memory (MB): peak = 2863.242 ; gain = 23.070 ; free physical = 37504 ; free virtual = 73275
Read PulsedLatchDB: Time (s): cpu = 00:00:00 ; elapsed = 00:00:00 . Memory (MB): peak = 2863.242 ; gain = 0.000 ; free physical = 37504 ; free virtual = 73275
Reading routing.
Read RouteStorage: Time (s): cpu = 00:00:00.27 ; elapsed = 00:00:00.26 . Memory (MB): peak = 2875.242 ; gain = 12.000 ; free physical = 37488 ; free virtual = 73259
Read Physdb Files: Time (s): cpu = 00:00:00.84 ; elapsed = 00:00:00.85 . Memory (MB): peak = 2876.242 ; gain = 36.070 ; free physical = 37488 ; free virtual = 73259
Restored from archive | CPU: 0.860000 secs | Memory: 52.607376 MB |
Finished XDEF File Restore: Time (s): cpu = 00:00:00.86 ; elapsed = 00:00:00.86 . Memory (MB): peak = 2876.242 ; gain = 39.039 ; free physical = 37488 ; free virtual = 73259
Generating merged BMM file for the design top 'ursa_vanilla_tmr_hybrid_wrapper'...
Netlist sorting complete. Time (s): cpu = 00:00:00 ; elapsed = 00:00:00.01 . Memory (MB): peak = 2894.086 ; gain = 0.000 ; free physical = 37488 ; free virtual = 73260
INFO: [Project 1-111] Unisim Transformation Summary:
  A total of 11 instances were transformed.
  RAM32M => RAM32M (RAMD32(x6), RAMS32(x2)): 2 instances
  RAM32X1D => RAM32X1D (RAMD32(x2)): 1 instance 
  SRLC32E => SRL16E: 8 instances

open_run: Time (s): cpu = 00:00:06 ; elapsed = 00:00:06 . Memory (MB): peak = 2894.121 ; gain = 662.867 ; free physical = 37488 ; free virtual = 73260
INFO: [Timing 38-91] UpdateTimingParams: Speed grade: -1, Delay Type: min_max.
INFO: [Timing 38-191] Multithreading enabled for timing update using a maximum of 12 CPUs
INFO: [Project 1-1918] Creating Hardware Platform: /home/ulisses/Projects/ursa/exp/output-stationary/bitstreams/ursa_vanilla_8x8_acc20_hybrid_tmr.xsa ...
INFO: [Project 1-1943] The Hardware Platform can be used for Hardware
INFO: [Project 1-1941] Successfully created Hardware Platform: /home/ulisses/Projects/ursa/exp/output-stationary/bitstreams/ursa_vanilla_8x8_acc20_hybrid_tmr.xsa
INFO: [Hsi 55-2053] elapsed time for repository (/opt/Xilinx/Vivado/2023.2/data/embeddedsw) loading 0 seconds
Command: write_bitstream -force /home/ulisses/Projects/ursa/exp/output-stationary/bitstreams/ursa_vanilla_8x8_acc20_hybrid_tmr.bit
Attempting to get a license for feature 'Implementation' and/or device 'xc7z020'
INFO: [Common 17-349] Got license for feature 'Implementation' and/or device 'xc7z020'
Running DRC as a precondition to command write_bitstream
INFO: [IP_Flow 19-1839] IP Catalog is up to date.
INFO: [DRC 23-27] Running DRC with 12 threads
WARNING: [DRC DPOP-2] MREG Output pipelining: DSP ursa_vanilla_tmr_hybrid_i/mxm_execute_ursa_0/inst/bound_reg_1524_reg multiplier stage ursa_vanilla_tmr_hybrid_i/mxm_execute_ursa_0/inst/bound_reg_1524_reg/P[47:0] is not pipelined (MREG=0). Pipelining the multiplier function will improve performance and will save significant power so it is suggested whenever possible to fully pipeline this function.  If this multiplier was inferred, it is suggested to describe an additional register stage after this function.  If there is no registered adder/accumulator following the multiply function, two pipeline stages are suggested to allow both the MREG and PREG registers to be used.  If the DSP48 was instantiated in the design, it is suggested to set both the MREG and PREG attributes to 1 when performing multiply functions.
WARNING: [DRC DPOP-2] MREG Output pipelining: DSP ursa_vanilla_tmr_hybrid_i/mxm_execute_ursa_0/inst/grp_mxm_execute_ursa_Pipeline_STREAM_K_fu_532/row_off_reg_4987_reg multiplier stage ursa_vanilla_tmr_hybrid_i/mxm_execute_ursa_0/inst/grp_mxm_execute_ursa_Pipeline_STREAM_K_fu_532/row_off_reg_4987_reg/P[47:0] is not pipelined (MREG=0). Pipelining the multiplier function will improve performance and will save significant power so it is suggested whenever possible to fully pipeline this function.  If this multiplier was inferred, it is suggested to describe an additional register stage after this function.  If there is no registered adder/accumulator following the multiply function, two pipeline stages are suggested to allow both the MREG and PREG registers to be used.  If the DSP48 was instantiated in the design, it is suggested to set both the MREG and PREG attributes to 1 when performing multiply functions.
WARNING: [DRC DPOP-2] MREG Output pipelining: DSP ursa_vanilla_tmr_hybrid_i/mxm_execute_ursa_1/inst/bound_reg_1524_reg multiplier stage ursa_vanilla_tmr_hybrid_i/mxm_execute_ursa_1/inst/bound_reg_1524_reg/P[47:0] is not pipelined (MREG=0). Pipelining the multiplier function will improve performance and will save significant power so it is suggested whenever possible to fully pipeline this function.  If this multiplier was inferred, it is suggested to describe an additional register stage after this function.  If there is no registered adder/accumulator following the multiply function, two pipeline stages are suggested to allow both the MREG and PREG registers to be used.  If the DSP48 was instantiated in the design, it is suggested to set both the MREG and PREG attributes to 1 when performing multiply functions.
WARNING: [DRC DPOP-2] MREG Output pipelining: DSP ursa_vanilla_tmr_hybrid_i/mxm_execute_ursa_1/inst/grp_mxm_execute_ursa_Pipeline_STREAM_K_fu_532/row_off_reg_4987_reg multiplier stage ursa_vanilla_tmr_hybrid_i/mxm_execute_ursa_1/inst/grp_mxm_execute_ursa_Pipeline_STREAM_K_fu_532/row_off_reg_4987_reg/P[47:0] is not pipelined (MREG=0). Pipelining the multiplier function will improve performance and will save significant power so it is suggested whenever possible to fully pipeline this function.  If this multiplier was inferred, it is suggested to describe an additional register stage after this function.  If there is no registered adder/accumulator following the multiply function, two pipeline stages are suggested to allow both the MREG and PREG registers to be used.  If the DSP48 was instantiated in the design, it is suggested to set both the MREG and PREG attributes to 1 when performing multiply functions.
WARNING: [DRC DPOP-2] MREG Output pipelining: DSP ursa_vanilla_tmr_hybrid_i/mxm_execute_ursa_2/inst/bound_reg_1524_reg multiplier stage ursa_vanilla_tmr_hybrid_i/mxm_execute_ursa_2/inst/bound_reg_1524_reg/P[47:0] is not pipelined (MREG=0). Pipelining the multiplier function will improve performance and will save significant power so it is suggested whenever possible to fully pipeline this function.  If this multiplier was inferred, it is suggested to describe an additional register stage after this function.  If there is no registered adder/accumulator following the multiply function, two pipeline stages are suggested to allow both the MREG and PREG registers to be used.  If the DSP48 was instantiated in the design, it is suggested to set both the MREG and PREG attributes to 1 when performing multiply functions.
WARNING: [DRC DPOP-2] MREG Output pipelining: DSP ursa_vanilla_tmr_hybrid_i/mxm_execute_ursa_2/inst/grp_mxm_execute_ursa_Pipeline_STREAM_K_fu_532/row_off_reg_4987_reg multiplier stage ursa_vanilla_tmr_hybrid_i/mxm_execute_ursa_2/inst/grp_mxm_execute_ursa_Pipeline_STREAM_K_fu_532/row_off_reg_4987_reg/P[47:0] is not pipelined (MREG=0). Pipelining the multiplier function will improve performance and will save significant power so it is suggested whenever possible to fully pipeline this function.  If this multiplier was inferred, it is suggested to describe an additional register stage after this function.  If there is no registered adder/accumulator following the multiply function, two pipeline stages are suggested to allow both the MREG and PREG registers to be used.  If the DSP48 was instantiated in the design, it is suggested to set both the MREG and PREG attributes to 1 when performing multiply functions.
WARNING: [DRC PDCN-1569] LUT equation term check: Used physical LUT pin 'A1' of cell ursa_vanilla_tmr_hybrid_i/axi_interconnect_2/m00_couplers/auto_pc/inst/gen_axi4_axi3.axi3_conv_inst/USE_READ.USE_SPLIT_R.read_addr_inst/USE_R_CHANNEL.cmd_queue/inst/fifo_gen_inst/inst_fifo_gen/gconvfifo.rf/grf.rf/gntv_or_sync_fifo.gl0.rd/gr1.gr1_int.rfwft/gpregsm1.user_valid_i_1 (pin ursa_vanilla_tmr_hybrid_i/axi_interconnect_2/m00_couplers/auto_pc/inst/gen_axi4_axi3.axi3_conv_inst/USE_READ.USE_SPLIT_R.read_addr_inst/USE_R_CHANNEL.cmd_queue/inst/fifo_gen_inst/inst_fifo_gen/gconvfifo.rf/grf.rf/gntv_or_sync_fifo.gl0.rd/gr1.gr1_int.rfwft/gpregsm1.user_valid_i_1/I1) is not included in the LUT equation: 'O6=(A5)+((~A5)*(~A4)*A3)'. If this cell is a user instantiated LUT in the design, please remove connectivity to the pin or change the equation and/or INIT string of the LUT to prevent this issue. If the cell is inferred or IP created LUT, please regenerate the IP and/or resynthesize the design to attempt to correct the issue.
WARNING: [DRC PDCN-1569] LUT equation term check: Used physical LUT pin 'A1' of cell ursa_vanilla_tmr_hybrid_i/axi_interconnect_2/m00_couplers/auto_pc/inst/gen_axi4_axi3.axi3_conv_inst/USE_WRITE.write_addr_inst/USE_BURSTS.cmd_queue/inst/fifo_gen_inst/inst_fifo_gen/gconvfifo.rf/grf.rf/gntv_or_sync_fifo.gl0.rd/gr1.gr1_int.rfwft/gpregsm1.user_valid_i_1 (pin ursa_vanilla_tmr_hybrid_i/axi_interconnect_2/m00_couplers/auto_pc/inst/gen_axi4_axi3.axi3_conv_inst/USE_WRITE.write_addr_inst/USE_BURSTS.cmd_queue/inst/fifo_gen_inst/inst_fifo_gen/gconvfifo.rf/grf.rf/gntv_or_sync_fifo.gl0.rd/gr1.gr1_int.rfwft/gpregsm1.user_valid_i_1/I1) is not included in the LUT equation: 'O6=(A5)+((~A5)*(~A6)*A4)'. If this cell is a user instantiated LUT in the design, please remove connectivity to the pin or change the equation and/or INIT string of the LUT to prevent this issue. If the cell is inferred or IP created LUT, please regenerate the IP and/or resynthesize the design to attempt to correct the issue.
WARNING: [DRC PDCN-1569] LUT equation term check: Used physical LUT pin 'A1' of cell ursa_vanilla_tmr_hybrid_i/axi_interconnect_2/m00_couplers/auto_pc/inst/gen_axi4_axi3.axi3_conv_inst/USE_WRITE.write_addr_inst/USE_B_CHANNEL.cmd_b_queue/inst/fifo_gen_inst/inst_fifo_gen/gconvfifo.rf/grf.rf/gntv_or_sync_fifo.gl0.rd/gr1.gr1_int.rfwft/gpregsm1.user_valid_i_1 (pin ursa_vanilla_tmr_hybrid_i/axi_interconnect_2/m00_couplers/auto_pc/inst/gen_axi4_axi3.axi3_conv_inst/USE_WRITE.write_addr_inst/USE_B_CHANNEL.cmd_b_queue/inst/fifo_gen_inst/inst_fifo_gen/gconvfifo.rf/grf.rf/gntv_or_sync_fifo.gl0.rd/gr1.gr1_int.rfwft/gpregsm1.user_valid_i_1/I1) is not included in the LUT equation: 'O6=(A5)+((~A5)*(~A4)*A3)'. If this cell is a user instantiated LUT in the design, please remove connectivity to the pin or change the equation and/or INIT string of the LUT to prevent this issue. If the cell is inferred or IP created LUT, please regenerate the IP and/or resynthesize the design to attempt to correct the issue.
WARNING: [DRC RTSTAT-10] No routable loads: 33 net(s) have no routable loads. The problem bus(es) and/or net(s) are ursa_vanilla_tmr_hybrid_i/axi_interconnect_2/m00_couplers/auto_pc/inst/gen_axi4_axi3.axi3_conv_inst/USE_READ.USE_SPLIT_R.read_addr_inst/USE_R_CHANNEL.cmd_queue/inst/fifo_gen_inst/inst_fifo_gen/gconvfifo.rf/grf.rf/gntv_or_sync_fifo.gl0.rd/gr1.gr1_int.rfwft/aempty_fwft_i, ursa_vanilla_tmr_hybrid_i/axi_interconnect_2/m00_couplers/auto_pc/inst/gen_axi4_axi3.axi3_conv_inst/USE_WRITE.write_addr_inst/USE_B_CHANNEL.cmd_b_queue/inst/fifo_gen_inst/inst_fifo_gen/gconvfifo.rf/grf.rf/gntv_or_sync_fifo.gl0.rd/gr1.gr1_int.rfwft/aempty_fwft_i, ursa_vanilla_tmr_hybrid_i/axi_interconnect_2/m00_couplers/auto_pc/inst/gen_axi4_axi3.axi3_conv_inst/USE_WRITE.write_addr_inst/USE_BURSTS.cmd_queue/inst/fifo_gen_inst/inst_fifo_gen/gconvfifo.rf/grf.rf/gntv_or_sync_fifo.gl0.rd/gr1.gr1_int.rfwft/aempty_fwft_i, ursa_vanilla_tmr_hybrid_i/axi_interconnect_2/m00_couplers/auto_pc/inst/gen_axi4_axi3.axi3_conv_inst/USE_READ.USE_SPLIT_R.read_addr_inst/USE_R_CHANNEL.cmd_queue/inst/fifo_gen_inst/inst_fifo_gen/gconvfifo.rf/grf.rf/rstblk/ngwrdrst.grst.rd_rst_reg[2:0], ursa_vanilla_tmr_hybrid_i/axi_interconnect_2/m00_couplers/auto_pc/inst/gen_axi4_axi3.axi3_conv_inst/USE_WRITE.write_addr_inst/USE_BURSTS.cmd_queue/inst/fifo_gen_inst/inst_fifo_gen/gconvfifo.rf/grf.rf/rstblk/ngwrdrst.grst.rd_rst_reg[2:0], ursa_vanilla_tmr_hybrid_i/axi_interconnect_2/m00_couplers/auto_pc/inst/gen_axi4_axi3.axi3_conv_inst/USE_WRITE.write_addr_inst/USE_B_CHANNEL.cmd_b_queue/inst/fifo_gen_inst/inst_fifo_gen/gconvfifo.rf/grf.rf/rstblk/ngwrdrst.grst.rd_rst_reg[2:0], ursa_vanilla_tmr_hybrid_i/axi_interconnect_2/m00_couplers/auto_pc/inst/gen_axi4_axi3.axi3_conv_inst/USE_READ.USE_SPLIT_R.read_addr_inst/USE_R_CHANNEL.cmd_queue/inst/fifo_gen_inst/inst_fifo_gen/gconvfifo.rf/grf.rf/rstblk/ngwrdrst.grst.wr_rst_reg[2:0], ursa_vanilla_tmr_hybrid_i/axi_interconnect_2/m00_couplers/auto_pc/inst/gen_axi4_axi3.axi3_conv_inst/USE_WRITE.write_addr_inst/USE_BURSTS.cmd_queue/inst/fifo_gen_inst/inst_fifo_gen/gconvfifo.rf/grf.rf/rstblk/ngwrdrst.grst.wr_rst_reg[2:0], ursa_vanilla_tmr_hybrid_i/axi_interconnect_2/m00_couplers/auto_pc/inst/gen_axi4_axi3.axi3_conv_inst/USE_WRITE.write_addr_inst/USE_B_CHANNEL.cmd_b_queue/inst/fifo_gen_inst/inst_fifo_gen/gconvfifo.rf/grf.rf/rstblk/ngwrdrst.grst.wr_rst_reg[2:0], ursa_vanilla_tmr_hybrid_i/axi_interconnect_2/m00_couplers/auto_pc/inst/gen_axi4_axi3.axi3_conv_inst/USE_READ.USE_SPLIT_R.read_addr_inst/USE_R_CHANNEL.cmd_queue/inst/fifo_gen_inst/inst_fifo_gen/gconvfifo.rf/grf.rf/gntv_or_sync_fifo.gl0.wr/gwss.wsts/ram_afull_fb, ursa_vanilla_tmr_hybrid_i/axi_interconnect_2/m00_couplers/auto_pc/inst/gen_axi4_axi3.axi3_conv_inst/USE_WRITE.write_addr_inst/USE_B_CHANNEL.cmd_b_queue/inst/fifo_gen_inst/inst_fifo_gen/gconvfifo.rf/grf.rf/gntv_or_sync_fifo.gl0.wr/gwss.wsts/ram_afull_fb, ursa_vanilla_tmr_hybrid_i/axi_interconnect_2/m00_couplers/auto_pc/inst/gen_axi4_axi3.axi3_conv_inst/USE_WRITE.write_addr_inst/USE_BURSTS.cmd_queue/inst/fifo_gen_inst/inst_fifo_gen/gconvfifo.rf/grf.rf/gntv_or_sync_fifo.gl0.wr/gwss.wsts/ram_afull_fb, ursa_vanilla_tmr_hybrid_i/axi_interconnect_2/m00_couplers/auto_pc/inst/gen_axi4_axi3.axi3_conv_inst/USE_WRITE.write_addr_inst/USE_BURSTS.cmd_queue/inst/fifo_gen_inst/inst_fifo_gen/gconvfifo.rf/grf.rf/gntv_or_sync_fifo.gl0.wr/gwss.wsts/ram_afull_i, ursa_vanilla_tmr_hybrid_i/axi_interconnect_2/m00_couplers/auto_pc/inst/gen_axi4_axi3.axi3_conv_inst/USE_WRITE.write_addr_inst/USE_B_CHANNEL.cmd_b_queue/inst/fifo_gen_inst/inst_fifo_gen/gconvfifo.rf/grf.rf/gntv_or_sync_fifo.gl0.wr/gwss.wsts/ram_afull_i, ursa_vanilla_tmr_hybrid_i/axi_interconnect_2/m00_couplers/auto_pc/inst/gen_axi4_axi3.axi3_conv_inst/USE_READ.USE_SPLIT_R.read_addr_inst/USE_R_CHANNEL.cmd_queue/inst/fifo_gen_inst/inst_fifo_gen/gconvfifo.rf/grf.rf/gntv_or_sync_fifo.gl0.wr/gwss.wsts/ram_afull_i... and (the first 15 of 21 listed).
INFO: [Vivado 12-3199] DRC finished with 0 Errors, 10 Warnings
INFO: [Vivado 12-3200] Please refer to the DRC report (report_drc) for more information.
INFO: [Designutils 20-2272] Running write_bitstream with 8 threads.
Loading data files...
Loading site data...
Loading route data...
Processing options...
Creating bitmap...
Creating bitstream...
Writing bitstream /home/ulisses/Projects/ursa/exp/output-stationary/bitstreams/ursa_vanilla_8x8_acc20_hybrid_tmr.bit...
Creating bitstream...
Writing bitstream /home/ulisses/Projects/ursa/exp/output-stationary/bitstreams/ursa_vanilla_8x8_acc20_hybrid_tmr.ebc...
Creating essential bits data...
This design has 5065457 essential bits out of 25697632 total (19.71%).
Creating bitstream...
Writing bitstream /home/ulisses/Projects/ursa/exp/output-stationary/bitstreams/ursa_vanilla_8x8_acc20_hybrid_tmr.ebd...
INFO: [Vivado 12-1842] Bitgen Completed Successfully.
INFO: [Common 17-83] Releasing license: Implementation
105 Infos, 86 Warnings, 0 Critical Warnings and 0 Errors encountered.
write_bitstream completed successfully
write_bitstream: Time (s): cpu = 00:00:32 ; elapsed = 00:00:30 . Memory (MB): peak = 4077.844 ; gain = 923.402 ; free physical = 36446 ; free virtual = 72273
==============================================================
 ursa_vanilla_8x8_acc20_hybrid_tmr OK. WNS = 0.129 ns, WHS = 0.015 ns
 LUT 18822  FF 22260  DSP 198  BRAM 5.5
==============================================================
INFO: [Common 17-206] Exiting Vivado at Tue Sep 15 18:48:11 2026...
